source,id,url,event_url,title,outcome_label,event_id,event_title,series_id,series_title,category,tags,status,market_type,yes_bid,yes_ask,last_price,yes_price,no_price,implied_probability,spread,volume,volume_24h,open_interest,liquidity,open_time,close_time,expiration_time,settled_time,result,settlement_value,strike_type,floor_strike,cap_strike,settlement_station,can_close_early,fetched_at
kalshi,KXNFLGAME-26SEP14DENKC-DEN,https://kalshi.com/markets/kxnflgame/professional-football-game,https://kalshi.com/markets/kxnflgame/professional-football-game/kxnflgame-26sep14denkc,Denver vs Kansas City Pro Football game: Denver wins?,Denver,KXNFLGAME-26SEP14DENKC,Denver vs Kansas City,KXNFLGAME,Professional Football Game,Sports,"[""Football""]",settled,binary,0,1,0.01,0.01,0.99,0.01,1,26328492.77,23115481.19,19174976.93,0,2026-05-15T17:04:00Z,2026-09-15T03:15:19Z,2026-09-17T00:15:00Z,,no,winner,structured,,,,True,2026-09-15T17:18:35+00:00
kalshi,KXNFLGAME-26SEP14DENKC-KC,https://kalshi.com/markets/kxnflgame/professional-football-game,https://kalshi.com/markets/kxnflgame/professional-football-game/kxnflgame-26sep14denkc,Denver vs Kansas City Pro Football game: Kansas City wins?,Kansas City,KXNFLGAME-26SEP14DENKC,Denver vs Kansas City,KXNFLGAME,Professional Football Game,Sports,"[""Football""]",settled,binary,0,1,0.99,0.99,0.01,0.99,1,21755136.78,20202141.59,13810685.72,0,2026-05-15T17:04:00Z,2026-09-15T03:15:19Z,2026-09-17T00:15:00Z,,yes,winner,structured,,,,True,2026-09-15T17:18:35+00:00
kalshi,KXATPCHALLENGERMATCH-26SEP14GRAMAL-GRA,https://kalshi.com/markets/kxatpchallengermatch/challenger-atp,https://kalshi.com/markets/kxatpchallengermatch/challenger-atp/kxatpchallengermatch-26sep14gramal,Alastair Gray wins,Alastair Gray,KXATPCHALLENGERMATCH-26SEP14GRAMAL,Gray vs Maloney,KXATPCHALLENGERMATCH,Challenger ATP ,Sports,"[""Tennis""]",settled,binary,0,1,0.01,0.01,0.99,0.01,1,4595545.39,4590529.55,1091686.96,0,2026-09-14T07:30:00Z,2026-09-15T00:00:55Z,2026-09-28T19:20:00Z,,no,Patrick Maloney,structured,,,,True,2026-09-15T17:18:45+00:00
kalshi,KXMLBGAME-26SEP142140MIAAZ-AZ,https://kalshi.com/markets/kxmlbgame/professional-baseball-game,https://kalshi.com/markets/kxmlbgame/professional-baseball-game/kxmlbgame-26sep142140miaaz,Arizona wins,Arizona,KXMLBGAME-26SEP142140MIAAZ,Miami vs Arizona,KXMLBGAME,Professional Baseball Game,Sports,"[""Baseball""]",settled,binary,0,1,0.99,0.99,0.01,0.99,1,4540733.68,4523646.94,2541026.6,0,2026-09-12T01:55:00Z,2026-09-15T04:49:37Z,2026-09-18T01:40:00Z,,yes,Arizona,structured,,,,True,2026-09-15T17:18:32+00:00
kalshi,KXBTC15M-26SEP142130-30,https://kalshi.com/markets/kxbtc15m/bitcoin-price-up-down,https://kalshi.com/markets/kxbtc15m/bitcoin-price-up-down/kxbtc15m-26sep142130,BTC price up in next 15 mins?,"Target Price: $77,808.74",KXBTC15M-26SEP142130,"BTC 15 min · $77,808.74 target",KXBTC15M,Bitcoin price up down,Crypto,"[""BTC"", ""15 min"", ""15 Min Markets""]",settled,binary,0,1,0.999,0.999,0.001,0.999,1,4036377.23,4036377.23,690518.15,0,2026-09-15T01:15:00Z,2026-09-15T01:30:00Z,2026-09-22T01:30:00Z,,yes,77832.42,greater_or_equal,77808.74,,,True,2026-09-15T17:18:42+00:00
kalshi,KXBTC15M-26SEP151100-00,https://kalshi.com/markets/kxbtc15m/bitcoin-price-up-down,https://kalshi.com/markets/kxbtc15m/bitcoin-price-up-down/kxbtc15m-26sep151100,BTC price up in next 15 mins?,"Target Price: $75,883.08",KXBTC15M-26SEP151100,"BTC 15 min · $75,883.08 target",KXBTC15M,Bitcoin price up down,Crypto,"[""BTC"", ""15 min"", ""15 Min Markets""]",settled,binary,0,1,0.999,0.999,0.001,0.999,1,3725956.87,3725956.87,586708.35,0,2026-09-15T14:45:00Z,2026-09-15T15:00:00Z,2026-09-22T15:00:00Z,,yes,75894.71,greater_or_equal,75883.08,,,True,2026-09-15T17:18:18+00:00
kalshi,KXATPCHALLENGERMATCH-26SEP14GRAMAL-MAL,https://kalshi.com/markets/kxatpchallengermatch/challenger-atp,https://kalshi.com/markets/kxatpchallengermatch/challenger-atp/kxatpchallengermatch-26sep14gramal,Patrick Maloney wins,Patrick Maloney,KXATPCHALLENGERMATCH-26SEP14GRAMAL,Gray vs Maloney,KXATPCHALLENGERMATCH,Challenger ATP ,Sports,"[""Tennis""]",settled,binary,0,1,0.99,0.99,0.01,0.99,1,3652266.82,3652266.82,1046328.16,0,2026-09-14T07:30:00Z,2026-09-15T00:00:55Z,2026-09-28T19:20:00Z,,yes,Patrick Maloney,structured,,,,True,2026-09-15T17:18:45+00:00
kalshi,KXBTC15M-26SEP150015-15,https://kalshi.com/markets/kxbtc15m/bitcoin-price-up-down,https://kalshi.com/markets/kxbtc15m/bitcoin-price-up-down/kxbtc15m-26sep150015,BTC price up in next 15 mins?,"Target Price: $77,644.17",KXBTC15M-26SEP150015,"BTC 15 min · $77,644.17 target",KXBTC15M,Bitcoin price up down,Crypto,"[""BTC"", ""15 min"", ""15 Min Markets""]",settled,binary,0,1,0.001,0.001,0.999,0.001,1,3632067.73,3632067.73,544969.45,0,2026-09-15T04:00:00Z,2026-09-15T04:15:00Z,2026-09-22T04:15:00Z,,no,77640.62,greater_or_equal,77644.17,,,True,2026-09-15T17:18:32+00:00
kalshi,KXBTC15M-26SEP141445-45,https://kalshi.com/markets/kxbtc15m/bitcoin-price-up-down,https://kalshi.com/markets/kxbtc15m/bitcoin-price-up-down/kxbtc15m-26sep141445,BTC price up in next 15 mins?,"Target Price: $79,149.69",KXBTC15M-26SEP141445,"BTC 15 min · $79,149.69 target",KXBTC15M,Bitcoin price up down,Crypto,"[""BTC"", ""15 min"", ""15 Min Markets""]",settled,binary,0,1,0.999,0.999,0.001,0.999,1,3584075.18,3584075.18,933732.06,0,2026-09-14T18:30:00Z,2026-09-14T18:45:00Z,2026-09-21T18:45:00Z,,yes,79198.85,greater_or_equal,79149.69,,,True,2026-09-15T17:18:57+00:00
kalshi,KXBTC15M-26SEP141930-30,https://kalshi.com/markets/kxbtc15m/bitcoin-price-up-down,https://kalshi.com/markets/kxbtc15m/bitcoin-price-up-down/kxbtc15m-26sep141930,BTC price up in next 15 mins?,"Target Price: $78,428.40",KXBTC15M-26SEP141930,"BTC 15 min · $78,428.40 target",KXBTC15M,Bitcoin price up down,Crypto,"[""BTC"", ""15 min"", ""15 Min Markets""]",settled,binary,0,1,0.001,0.001,0.999,0.001,1,3495254.8,3495254.8,637086.8,0,2026-09-14T23:15:00Z,2026-09-14T23:30:00Z,2026-09-21T23:30:00Z,,no,78414.23,greater_or_equal,78428.4,,,True,2026-09-15T17:18:46+00:00
kalshi,KXBTC15M-26SEP142015-15,https://kalshi.com/markets/kxbtc15m/bitcoin-price-up-down,https://kalshi.com/markets/kxbtc15m/bitcoin-price-up-down/kxbtc15m-26sep142015,BTC price up in next 15 mins?,"Target Price: $78,179.05",KXBTC15M-26SEP142015,"BTC 15 min · $78,179.05 target",KXBTC15M,Bitcoin price up down,Crypto,"[""BTC"", ""15 min"", ""15 Min Markets""]",settled,binary,0,1,0.001,0.001,0.999,0.001,1,3393977.09,3393977.09,804556.88,0,2026-09-15T00:00:00Z,2026-09-15T00:15:00Z,2026-09-22T00:15:00Z,,no,78123.69,greater_or_equal,78179.05,,,True,2026-09-15T17:18:45+00:00
kalshi,KXBTC15M-26SEP141815-15,https://kalshi.com/markets/kxbtc15m/bitcoin-price-up-down,https://kalshi.com/markets/kxbtc15m/bitcoin-price-up-down/kxbtc15m-26sep141815,BTC price up in next 15 mins?,"Target Price: $78,746.62",KXBTC15M-26SEP141815,"BTC 15 min · $78,746.62 target",KXBTC15M,Bitcoin price up down,Crypto,"[""BTC"", ""15 min"", ""15 Min Markets""]",settled,binary,0,1,0.999,0.999,0.001,0.999,1,3365348.35,3365348.35,742476.92,0,2026-09-14T22:00:00Z,2026-09-14T22:15:00Z,2026-09-21T22:15:00Z,,yes,78823.71,greater_or_equal,78746.62,,,True,2026-09-15T17:18:48+00:00
kalshi,KXLALIGAGAME-26SEP13VILRBB-RBB,https://kalshi.com/markets/kxlaligagame/la-liga-game,https://kalshi.com/markets/kxlaligagame/la-liga-game/kxlaligagame-26sep13vilrbb,Real Betis wins,Real Betis,KXLALIGAGAME-26SEP13VILRBB,Villarreal vs Real Betis,KXLALIGAGAME,La Liga Game,Sports,"[""Soccer""]",settled,binary,0,1,0.99,0.99,0.01,0.99,1,3982698.44,3342553.29,2090294.14,0,2026-08-30T00:48:00Z,2026-09-14T21:02:19Z,2026-09-16T01:00:00Z,,yes,Real Betis,structured,,,,True,2026-09-15T17:18:50+00:00
kalshi,KXBTC15M-26SEP142045-45,https://kalshi.com/markets/kxbtc15m/bitcoin-price-up-down,https://kalshi.com/markets/kxbtc15m/bitcoin-price-up-down/kxbtc15m-26sep142045,BTC price up in next 15 mins?,"Target Price: $77,994.81",KXBTC15M-26SEP142045,"BTC 15 min · $77,994.81 target",KXBTC15M,Bitcoin price up down,Crypto,"[""BTC"", ""15 min"", ""15 Min Markets""]",settled,binary,0,1,0.001,0.001,0.999,0.001,1,3338418.4,3338418.4,668605.03,0,2026-09-15T00:30:00Z,2026-09-15T00:45:00Z,2026-09-22T00:45:00Z,,no,77964.78,greater_or_equal,77994.81,,,True,2026-09-15T17:18:44+00:00
kalshi,KXBTC15M-26SEP142230-30,https://kalshi.com/markets/kxbtc15m/bitcoin-price-up-down,https://kalshi.com/markets/kxbtc15m/bitcoin-price-up-down/kxbtc15m-26sep142230,BTC price up in next 15 mins?,"Target Price: $77,975.81",KXBTC15M-26SEP142230,"BTC 15 min · $77,975.81 target",KXBTC15M,Bitcoin price up down,Crypto,"[""BTC"", ""15 min"", ""15 Min Markets""]",settled,binary,0,1,0.001,0.001,0.999,0.001,1,3329612.27,3329612.27,933254.79,0,2026-09-15T02:15:00Z,2026-09-15T02:30:00Z,2026-09-22T02:30:00Z,,no,77944.09,greater_or_equal,77975.81,,,True,2026-09-15T17:18:38+00:00
kalshi,KXBTC15M-26SEP142115-15,https://kalshi.com/markets/kxbtc15m/bitcoin-price-up-down,https://kalshi.com/markets/kxbtc15m/bitcoin-price-up-down/kxbtc15m-26sep142115,BTC price up in next 15 mins?,"Target Price: $77,944.70",KXBTC15M-26SEP142115,"BTC 15 min · $77,944.70 target",KXBTC15M,Bitcoin price up down,Crypto,"[""BTC"", ""15 min"", ""15 Min Markets""]",settled,binary,0,1,0.001,0.001,0.999,0.001,1,3262874.64,3262874.64,1193900.58,0,2026-09-15T01:00:00Z,2026-09-15T01:15:00Z,2026-09-22T01:15:00Z,,no,77808.74,greater_or_equal,77944.7,,,True,2026-09-15T17:18:42+00:00
kalshi,KXBTC15M-26SEP151030-30,https://kalshi.com/markets/kxbtc15m/bitcoin-price-up-down,https://kalshi.com/markets/kxbtc15m/bitcoin-price-up-down/kxbtc15m-26sep151030,BTC price up in next 15 mins?,"Target Price: $76,381.97",KXBTC15M-26SEP151030,"BTC 15 min · $76,381.97 target",KXBTC15M,Bitcoin price up down,Crypto,"[""BTC"", ""15 min"", ""15 Min Markets""]",settled,binary,0,1,0.001,0.001,0.999,0.001,1,3197703.54,3197703.54,759025.23,0,2026-09-15T14:15:00Z,2026-09-15T14:30:00Z,2026-09-22T14:30:00Z,,no,76344.86,greater_or_equal,76381.97,,,True,2026-09-15T17:18:19+00:00
kalshi,KXBTC15M-26SEP151045-45,https://kalshi.com/markets/kxbtc15m/bitcoin-price-up-down,https://kalshi.com/markets/kxbtc15m/bitcoin-price-up-down/kxbtc15m-26sep151045,BTC price up in next 15 mins?,"Target Price: $76,344.86",KXBTC15M-26SEP151045,"BTC 15 min · $76,344.86 target",KXBTC15M,Bitcoin price up down,Crypto,"[""BTC"", ""15 min"", ""15 Min Markets""]",settled,binary,0,1,0.001,0.001,0.999,0.001,1,3184064.77,3184064.77,1403576.05,0,2026-09-15T14:30:00Z,2026-09-15T14:45:00Z,2026-09-22T14:45:00Z,,no,75883.08,greater_or_equal,76344.86,,,True,2026-09-15T17:18:18+00:00
kalshi,KXBTC15M-26SEP150145-45,https://kalshi.com/markets/kxbtc15m/bitcoin-price-up-down,https://kalshi.com/markets/kxbtc15m/bitcoin-price-up-down/kxbtc15m-26sep150145,BTC price up in next 15 mins?,"Target Price: $77,445.61",KXBTC15M-26SEP150145,"BTC 15 min · $77,445.61 target",KXBTC15M,Bitcoin price up down,Crypto,"[""BTC"", ""15 min"", ""15 Min Markets""]",settled,binary,0,1,0.999,0.999,0.001,0.999,1,3173833.11,3173833.11,456560.04,0,2026-09-15T05:30:00Z,2026-09-15T05:45:00Z,2026-09-22T05:45:00Z,,yes,77452.05,greater_or_equal,77445.61,,,True,2026-09-15T17:18:29+00:00
kalshi,KXBTC15M-26SEP150045-45,https://kalshi.com/markets/kxbtc15m/bitcoin-price-up-down,https://kalshi.com/markets/kxbtc15m/bitcoin-price-up-down/kxbtc15m-26sep150045,BTC price up in next 15 mins?,"Target Price: $77,610.39",KXBTC15M-26SEP150045,"BTC 15 min · $77,610.39 target",KXBTC15M,Bitcoin price up down,Crypto,"[""BTC"", ""15 min"", ""15 Min Markets""]",settled,binary,0,1,0.999,0.999,0.001,0.999,1,3141447.56,3141447.56,531012.28,0,2026-09-15T04:30:00Z,2026-09-15T04:45:00Z,2026-09-22T04:45:00Z,,yes,77616.38,greater_or_equal,77610.39,,,True,2026-09-15T17:18:32+00:00
kalshi,KXBTC15M-26SEP141430-30,https://kalshi.com/markets/kxbtc15m/bitcoin-price-up-down,https://kalshi.com/markets/kxbtc15m/bitcoin-price-up-down/kxbtc15m-26sep141430,BTC price up in next 15 mins?,"Target Price: $78,865.29",KXBTC15M-26SEP141430,"BTC 15 min · $78,865.29 target",KXBTC15M,Bitcoin price up down,Crypto,"[""BTC"", ""15 min"", ""15 Min Markets""]",settled,binary,0,1,0.999,0.999,0.001,0.999,1,3127855.91,3127855.91,1301633.51,0,2026-09-14T18:15:00Z,2026-09-14T18:30:00Z,2026-09-21T18:30:00Z,,yes,79149.69,greater_or_equal,78865.29,,,True,2026-09-15T17:18:57+00:00
kalshi,KXBTC15M-26SEP151000-00,https://kalshi.com/markets/kxbtc15m/bitcoin-price-up-down,https://kalshi.com/markets/kxbtc15m/bitcoin-price-up-down/kxbtc15m-26sep151000,BTC price up in next 15 mins?,"Target Price: $76,386.13",KXBTC15M-26SEP151000,"BTC 15 min · $76,386.13 target",KXBTC15M,Bitcoin price up down,Crypto,"[""BTC"", ""15 min"", ""15 Min Markets""]",settled,binary,0,1,0.999,0.999,0.001,0.999,1,3114582.43,3114582.43,604930.34,0,2026-09-15T13:45:00Z,2026-09-15T14:00:00Z,2026-09-22T14:00:00Z,,yes,76500.68,greater_or_equal,76386.13,,,True,2026-09-15T17:18:19+00:00
kalshi,KXBTC15M-26SEP142315-15,https://kalshi.com/markets/kxbtc15m/bitcoin-price-up-down,https://kalshi.com/markets/kxbtc15m/bitcoin-price-up-down/kxbtc15m-26sep142315,BTC price up in next 15 mins?,"Target Price: $77,892.00",KXBTC15M-26SEP142315,"BTC 15 min · $77,892.00 target",KXBTC15M,Bitcoin price up down,Crypto,"[""BTC"", ""15 min"", ""15 Min Markets""]",settled,binary,0,1,0.001,0.001,0.999,0.001,1,3093373.44,3093373.44,1088820.21,0,2026-09-15T03:00:00Z,2026-09-15T03:15:00Z,2026-09-22T03:15:00Z,,no,77704.27,greater_or_equal,77892,,,True,2026-09-15T17:18:35+00:00
kalshi,KXBTC15M-26SEP142200-00,https://kalshi.com/markets/kxbtc15m/bitcoin-price-up-down,https://kalshi.com/markets/kxbtc15m/bitcoin-price-up-down/kxbtc15m-26sep142200,BTC price up in next 15 mins?,"Target Price: $77,991.72",KXBTC15M-26SEP142200,"BTC 15 min · $77,991.72 target",KXBTC15M,Bitcoin price up down,Crypto,"[""BTC"", ""15 min"", ""15 Min Markets""]",settled,binary,0,1,0.001,0.001,0.999,0.001,1,3082268.64,3082268.64,772745.77,0,2026-09-15T01:45:00Z,2026-09-15T02:00:00Z,2026-09-22T02:00:00Z,,no,77907.82,greater_or_equal,77991.72,,,True,2026-09-15T17:18:42+00:00
kalshi,KXBTC15M-26SEP151115-15,https://kalshi.com/markets/kxbtc15m/bitcoin-price-up-down,https://kalshi.com/markets/kxbtc15m/bitcoin-price-up-down/kxbtc15m-26sep151115,BTC price up in next 15 mins?,"Target Price: $75,894.71",KXBTC15M-26SEP151115,"BTC 15 min · $75,894.71 target",KXBTC15M,Bitcoin price up down,Crypto,"[""BTC"", ""15 min"", ""15 Min Markets""]",settled,binary,0,1,0.999,0.999,0.001,0.999,1,3075458.49,3075458.49,1074798.17,0,2026-09-15T15:00:00Z,2026-09-15T15:15:00Z,2026-09-22T15:15:00Z,,yes,75969.52,greater_or_equal,75894.71,,,True,2026-09-15T17:18:18+00:00
kalshi,KXBTC15M-26SEP142300-00,https://kalshi.com/markets/kxbtc15m/bitcoin-price-up-down,https://kalshi.com/markets/kxbtc15m/bitcoin-price-up-down/kxbtc15m-26sep142300,BTC price up in next 15 mins?,"Target Price: $77,867.90",KXBTC15M-26SEP142300,"BTC 15 min · $77,867.90 target",KXBTC15M,Bitcoin price up down,Crypto,"[""BTC"", ""15 min"", ""15 Min Markets""]",settled,binary,0,1,0.999,0.999,0.001,0.999,1,3060619.38,3060619.38,624755.13,0,2026-09-15T02:45:00Z,2026-09-15T03:00:00Z,2026-09-22T03:00:00Z,,yes,77892.00,greater_or_equal,77867.9,,,True,2026-09-15T17:18:37+00:00
kalshi,KXBTC15M-26SEP150945-45,https://kalshi.com/markets/kxbtc15m/bitcoin-price-up-down,https://kalshi.com/markets/kxbtc15m/bitcoin-price-up-down/kxbtc15m-26sep150945,BTC price up in next 15 mins?,"Target Price: $76,941.80",KXBTC15M-26SEP150945,"BTC 15 min · $76,941.80 target",KXBTC15M,Bitcoin price up down,Crypto,"[""BTC"", ""15 min"", ""15 Min Markets""]",settled,binary,0,1,0.001,0.001,0.999,0.001,1,3043363.03,3043363.03,1174433.46,0,2026-09-15T13:30:00Z,2026-09-15T13:45:00Z,2026-09-22T13:45:00Z,,no,76386.13,greater_or_equal,76941.8,,,True,2026-09-15T17:18:19+00:00
kalshi,KXBTC15M-26SEP151015-15,https://kalshi.com/markets/kxbtc15m/bitcoin-price-up-down,https://kalshi.com/markets/kxbtc15m/bitcoin-price-up-down/kxbtc15m-26sep151015,BTC price up in next 15 mins?,"Target Price: $76,500.68",KXBTC15M-26SEP151015,"BTC 15 min · $76,500.68 target",KXBTC15M,Bitcoin price up down,Crypto,"[""BTC"", ""15 min"", ""15 Min Markets""]",settled,binary,0,1,0.001,0.001,0.999,0.001,1,3023984.48,3023984.48,835260.49,0,2026-09-15T14:00:00Z,2026-09-15T14:15:00Z,2026-09-22T14:15:00Z,,no,76381.97,greater_or_equal,76500.68,,,True,2026-09-15T17:18:19+00:00
kalshi,KXBTC15M-26SEP141330-30,https://kalshi.com/markets/kxbtc15m/bitcoin-price-up-down,https://kalshi.com/markets/kxbtc15m/bitcoin-price-up-down/kxbtc15m-26sep141330,BTC price up in next 15 mins?,"Target Price: $78,823.35",KXBTC15M-26SEP141330,"BTC 15 min · $78,823.35 target",KXBTC15M,Bitcoin price up down,Crypto,"[""BTC"", ""15 min"", ""15 Min Markets""]",settled,binary,0,1,0.999,0.999,0.001,0.999,1,3016426.08,3016426.08,655933.9,0,2026-09-14T17:15:00Z,2026-09-14T17:30:00Z,2026-09-21T17:30:00Z,,yes,78858.70,greater_or_equal,78823.35,,,True,2026-09-15T17:18:59+00:00
kalshi,KXBTC15M-26SEP151200-00,https://kalshi.com/markets/kxbtc15m/bitcoin-price-up-down,https://kalshi.com/markets/kxbtc15m/bitcoin-price-up-down/kxbtc15m-26sep151200,BTC price up in next 15 mins?,"Target Price: $76,395.36",KXBTC15M-26SEP151200,"BTC 15 min · $76,395.36 target",KXBTC15M,Bitcoin price up down,Crypto,"[""BTC"", ""15 min"", ""15 Min Markets""]",settled,binary,0,1,0.999,0.999,0.001,0.999,1,3014768.73,3014768.73,952443.13,0,2026-09-15T15:45:00Z,2026-09-15T16:00:00Z,2026-09-22T16:00:00Z,,yes,76482.37,greater_or_equal,76395.36,,,True,2026-09-15T17:18:18+00:00
kalshi,KXMLBGAME-26SEP142140MIAAZ-MIA,https://kalshi.com/markets/kxmlbgame/professional-baseball-game,https://kalshi.com/markets/kxmlbgame/professional-baseball-game/kxmlbgame-26sep142140miaaz,Miami wins,Miami,KXMLBGAME-26SEP142140MIAAZ,Miami vs Arizona,KXMLBGAME,Professional Baseball Game,Sports,"[""Baseball""]",settled,binary,0,1,0.01,0.01,0.99,0.01,1,2978601.18,2969896.39,1739788.53,0,2026-09-12T01:55:00Z,2026-09-15T04:49:37Z,2026-09-18T01:40:00Z,,no,Arizona,structured,,,,True,2026-09-15T17:18:32+00:00
kalshi,KXBTC15M-26SEP142100-00,https://kalshi.com/markets/kxbtc15m/bitcoin-price-up-down,https://kalshi.com/markets/kxbtc15m/bitcoin-price-up-down/kxbtc15m-26sep142100,BTC price up in next 15 mins?,"Target Price: $77,964.78",KXBTC15M-26SEP142100,"BTC 15 min · $77,964.78 target",KXBTC15M,Bitcoin price up down,Crypto,"[""BTC"", ""15 min"", ""15 Min Markets""]",settled,binary,0,1,0.001,0.001,0.999,0.001,1,2956736.25,2956736.25,604197.43,0,2026-09-15T00:45:00Z,2026-09-15T01:00:00Z,2026-09-22T01:00:00Z,,no,77944.70,greater_or_equal,77964.78,,,True,2026-09-15T17:18:44+00:00
kalshi,KXBTC15M-26SEP150115-15,https://kalshi.com/markets/kxbtc15m/bitcoin-price-up-down,https://kalshi.com/markets/kxbtc15m/bitcoin-price-up-down/kxbtc15m-26sep150115,BTC price up in next 15 mins?,"Target Price: $77,557.97",KXBTC15M-26SEP150115,"BTC 15 min · $77,557.97 target",KXBTC15M,Bitcoin price up down,Crypto,"[""BTC"", ""15 min"", ""15 Min Markets""]",settled,binary,0,1,0.001,0.001,0.999,0.001,1,2953543.32,2953543.32,780592.58,0,2026-09-15T05:00:00Z,2026-09-15T05:15:00Z,2026-09-22T05:15:00Z,,no,77359.77,greater_or_equal,77557.97,,,True,2026-09-15T17:18:30+00:00
kalshi,KXBTC15M-26SEP141730-30,https://kalshi.com/markets/kxbtc15m/bitcoin-price-up-down,https://kalshi.com/markets/kxbtc15m/bitcoin-price-up-down/kxbtc15m-26sep141730,BTC price up in next 15 mins?,"Target Price: $78,878.65",KXBTC15M-26SEP141730,"BTC 15 min · $78,878.65 target",KXBTC15M,Bitcoin price up down,Crypto,"[""BTC"", ""15 min"", ""15 Min Markets""]",settled,binary,0,1,0.999,0.999,0.001,0.999,1,2949938.88,2949938.88,796973.86,0,2026-09-14T21:15:00Z,2026-09-14T21:30:00Z,2026-09-21T21:30:00Z,,yes,78913.18,greater_or_equal,78878.65,,,True,2026-09-15T17:18:50+00:00
kalshi,KXWTAMATCH-26SEP13MARTOW-TOW,https://kalshi.com/markets/kxwtamatch/wta-tennis-match,https://kalshi.com/markets/kxwtamatch/wta-tennis-match/kxwtamatch-26sep13martow,Taylor Townsend wins,Taylor Townsend,KXWTAMATCH-26SEP13MARTOW,Maria vs Townsend,KXWTAMATCH,WTA Tennis Match,Sports,"[""Tennis""]",settled,binary,0,1,0.99,0.99,0.01,0.99,1,2983489.36,2940712.94,1428189.3,0,2026-09-12T16:06:00Z,2026-09-14T23:30:14Z,2026-09-27T16:00:00Z,,yes,Taylor Townsend,structured,,,,True,2026-09-15T17:18:46+00:00
kalshi,KXBTC15M-26SEP141500-00,https://kalshi.com/markets/kxbtc15m/bitcoin-price-up-down,https://kalshi.com/markets/kxbtc15m/bitcoin-price-up-down/kxbtc15m-26sep141500,BTC price up in next 15 mins?,"Target Price: $79,198.85",KXBTC15M-26SEP141500,"BTC 15 min · $79,198.85 target",KXBTC15M,Bitcoin price up down,Crypto,"[""BTC"", ""15 min"", ""15 Min Markets""]",settled,binary,0,1,0.999,0.999,0.001,0.999,1,2917127.48,2917127.48,658161.01,0,2026-09-14T18:45:00Z,2026-09-14T19:00:00Z,2026-09-21T19:00:00Z,,yes,79225.54,greater_or_equal,79198.85,,,True,2026-09-15T17:18:57+00:00
kalshi,KXBTC15M-26SEP151215-15,https://kalshi.com/markets/kxbtc15m/bitcoin-price-up-down,https://kalshi.com/markets/kxbtc15m/bitcoin-price-up-down/kxbtc15m-26sep151215,BTC price up in next 15 mins?,"Target Price: $76,482.37",KXBTC15M-26SEP151215,"BTC 15 min · $76,482.37 target",KXBTC15M,Bitcoin price up down,Crypto,"[""BTC"", ""15 min"", ""15 Min Markets""]",settled,binary,0,1,0.001,0.001,0.999,0.001,1,2908447.26,2908447.26,1081490.95,0,2026-09-15T16:00:00Z,2026-09-15T16:15:00Z,2026-09-22T16:15:00Z,,no,76242.78,greater_or_equal,76482.37,,,True,2026-09-15T17:18:17+00:00
kalshi,KXBTC15M-26SEP150030-30,https://kalshi.com/markets/kxbtc15m/bitcoin-price-up-down,https://kalshi.com/markets/kxbtc15m/bitcoin-price-up-down/kxbtc15m-26sep150030,BTC price up in next 15 mins?,"Target Price: $77,640.62",KXBTC15M-26SEP150030,"BTC 15 min · $77,640.62 target",KXBTC15M,Bitcoin price up down,Crypto,"[""BTC"", ""15 min"", ""15 Min Markets""]",settled,binary,0,1,0.001,0.001,0.999,0.001,1,2894520.85,2894520.85,766481.01,0,2026-09-15T04:15:00Z,2026-09-15T04:30:00Z,2026-09-22T04:30:00Z,,no,77610.39,greater_or_equal,77640.62,,,True,2026-09-15T17:18:32+00:00
kalshi,KXBTC15M-26SEP141415-15,https://kalshi.com/markets/kxbtc15m/bitcoin-price-up-down,https://kalshi.com/markets/kxbtc15m/bitcoin-price-up-down/kxbtc15m-26sep141415,BTC price up in next 15 mins?,"Target Price: $78,923.79",KXBTC15M-26SEP141415,"BTC 15 min · $78,923.79 target",KXBTC15M,Bitcoin price up down,Crypto,"[""BTC"", ""15 min"", ""15 Min Markets""]",settled,binary,0,1,0.001,0.001,0.999,0.001,1,2883256.85,2883256.85,925987.86,0,2026-09-14T18:00:00Z,2026-09-14T18:15:00Z,2026-09-21T18:15:00Z,,no,78865.29,greater_or_equal,78923.79,,,True,2026-09-15T17:18:57+00:00
kalshi,KXBTC15M-26SEP141845-45,https://kalshi.com/markets/kxbtc15m/bitcoin-price-up-down,https://kalshi.com/markets/kxbtc15m/bitcoin-price-up-down/kxbtc15m-26sep141845,BTC price up in next 15 mins?,"Target Price: $78,540.81",KXBTC15M-26SEP141845,"BTC 15 min · $78,540.81 target",KXBTC15M,Bitcoin price up down,Crypto,"[""BTC"", ""15 min"", ""15 Min Markets""]",settled,binary,0,1,0.999,0.999,0.001,0.999,1,2879484.22,2879484.22,792882.53,0,2026-09-14T22:30:00Z,2026-09-14T22:45:00Z,2026-09-21T22:45:00Z,,yes,78638.67,greater_or_equal,78540.81,,,True,2026-09-15T17:18:48+00:00
kalshi,KXBTC15M-26SEP150130-30,https://kalshi.com/markets/kxbtc15m/bitcoin-price-up-down,https://kalshi.com/markets/kxbtc15m/bitcoin-price-up-down/kxbtc15m-26sep150130,BTC price up in next 15 mins?,"Target Price: $77,359.77",KXBTC15M-26SEP150130,"BTC 15 min · $77,359.77 target",KXBTC15M,Bitcoin price up down,Crypto,"[""BTC"", ""15 min"", ""15 Min Markets""]",settled,binary,0,1,0.999,0.999,0.001,0.999,1,2878871.47,2878871.47,755291.75,0,2026-09-15T05:15:00Z,2026-09-15T05:30:00Z,2026-09-22T05:30:00Z,,yes,77445.61,greater_or_equal,77359.77,,,True,2026-09-15T17:18:30+00:00
kalshi,KXBTC15M-26SEP142245-45,https://kalshi.com/markets/kxbtc15m/bitcoin-price-up-down,https://kalshi.com/markets/kxbtc15m/bitcoin-price-up-down/kxbtc15m-26sep142245,BTC price up in next 15 mins?,"Target Price: $77,944.09",KXBTC15M-26SEP142245,"BTC 15 min · $77,944.09 target",KXBTC15M,Bitcoin price up down,Crypto,"[""BTC"", ""15 min"", ""15 Min Markets""]",settled,binary,0,1,0.001,0.001,0.999,0.001,1,2870900.37,2870900.37,1058187.24,0,2026-09-15T02:30:00Z,2026-09-15T02:45:00Z,2026-09-22T02:45:00Z,,no,77867.90,greater_or_equal,77944.09,,,True,2026-09-15T17:18:38+00:00
kalshi,KXBTC15M-26SEP142215-15,https://kalshi.com/markets/kxbtc15m/bitcoin-price-up-down,https://kalshi.com/markets/kxbtc15m/bitcoin-price-up-down/kxbtc15m-26sep142215,BTC price up in next 15 mins?,"Target Price: $77,907.82",KXBTC15M-26SEP142215,"BTC 15 min · $77,907.82 target",KXBTC15M,Bitcoin price up down,Crypto,"[""BTC"", ""15 min"", ""15 Min Markets""]",settled,binary,0,1,0.999,0.999,0.001,0.999,1,2861203.7,2861203.7,791263.69,0,2026-09-15T02:00:00Z,2026-09-15T02:15:00Z,2026-09-22T02:15:00Z,,yes,77975.81,greater_or_equal,77907.82,,,True,2026-09-15T17:18:40+00:00
kalshi,KXSERIEAGAME-26SEP14INTUDI-INT,https://kalshi.com/markets/kxserieagame/serie-a-game,https://kalshi.com/markets/kxserieagame/serie-a-game/kxserieagame-26sep14intudi,Inter wins,Inter,KXSERIEAGAME-26SEP14INTUDI,Inter vs Udinese,KXSERIEAGAME,Serie A Game,Sports,"[""Soccer""]",settled,binary,0,1,0.99,0.99,0.01,0.99,1,3015774.33,2859834.82,2004574.05,0,2026-08-31T00:41:00Z,2026-09-14T21:02:20Z,2026-09-17T00:45:00Z,,yes,Inter,structured,,,,True,2026-09-15T17:18:50+00:00
kalshi,KXBTC15M-26SEP150900-00,https://kalshi.com/markets/kxbtc15m/bitcoin-price-up-down,https://kalshi.com/markets/kxbtc15m/bitcoin-price-up-down/kxbtc15m-26sep150900,BTC price up in next 15 mins?,"Target Price: $76,908.62",KXBTC15M-26SEP150900,"BTC 15 min · $76,908.62 target",KXBTC15M,Bitcoin price up down,Crypto,"[""BTC"", ""15 min"", ""15 Min Markets""]",settled,binary,0,1,0.999,0.999,0.001,0.999,1,2859328.06,2859328.06,421063.48,0,2026-09-15T12:45:00Z,2026-09-15T13:00:00Z,2026-09-22T13:00:00Z,,yes,76910.95,greater_or_equal,76908.62,,,True,2026-09-15T17:18:20+00:00
kalshi,KXBTC15M-26SEP141515-15,https://kalshi.com/markets/kxbtc15m/bitcoin-price-up-down,https://kalshi.com/markets/kxbtc15m/bitcoin-price-up-down/kxbtc15m-26sep141515,BTC price up in next 15 mins?,"Target Price: $79,225.54",KXBTC15M-26SEP141515,"BTC 15 min · $79,225.54 target",KXBTC15M,Bitcoin price up down,Crypto,"[""BTC"", ""15 min"", ""15 Min Markets""]",settled,binary,0,1,0.001,0.001,0.999,0.001,1,2838208.57,2838208.57,1350411.94,0,2026-09-14T19:00:00Z,2026-09-14T19:15:00Z,2026-09-21T19:15:00Z,,no,79091.39,greater_or_equal,79225.54,,,True,2026-09-15T17:18:55+00:00
kalshi,KXBTC15M-26SEP150930-30,https://kalshi.com/markets/kxbtc15m/bitcoin-price-up-down,https://kalshi.com/markets/kxbtc15m/bitcoin-price-up-down/kxbtc15m-26sep150930,BTC price up in next 15 mins?,"Target Price: $76,947.16",KXBTC15M-26SEP150930,"BTC 15 min · $76,947.16 target",KXBTC15M,Bitcoin price up down,Crypto,"[""BTC"", ""15 min"", ""15 Min Markets""]",settled,binary,0,1,0.001,0.001,0.999,0.001,1,2836260,2836260,402783.33,0,2026-09-15T13:15:00Z,2026-09-15T13:30:00Z,2026-09-22T13:30:00Z,,no,76941.80,greater_or_equal,76947.16,,,True,2026-09-15T17:18:19+00:00
kalshi,KXBTC15M-26SEP141615-15,https://kalshi.com/markets/kxbtc15m/bitcoin-price-up-down,https://kalshi.com/markets/kxbtc15m/bitcoin-price-up-down/kxbtc15m-26sep141615,BTC price up in next 15 mins?,"Target Price: $78,999.88",KXBTC15M-26SEP141615,"BTC 15 min · $78,999.88 target",KXBTC15M,Bitcoin price up down,Crypto,"[""BTC"", ""15 min"", ""15 Min Markets""]",settled,binary,0,1,0.999,0.999,0.001,0.999,1,2789628.82,2789628.82,890328.17,0,2026-09-14T20:00:00Z,2026-09-14T20:15:00Z,2026-09-21T20:15:00Z,,yes,79161.49,greater_or_equal,78999.88,,,True,2026-09-15T17:18:52+00:00
kalshi,KXBTC15M-26SEP150100-00,https://kalshi.com/markets/kxbtc15m/bitcoin-price-up-down,https://kalshi.com/markets/kxbtc15m/bitcoin-price-up-down/kxbtc15m-26sep150100,BTC price up in next 15 mins?,"Target Price: $77,616.38",KXBTC15M-26SEP150100,"BTC 15 min · $77,616.38 target",KXBTC15M,Bitcoin price up down,Crypto,"[""BTC"", ""15 min"", ""15 Min Markets""]",settled,binary,0,1,0.001,0.001,0.999,0.001,1,2776208.46,2776208.46,913183.57,0,2026-09-15T04:45:00Z,2026-09-15T05:00:00Z,2026-09-22T05:00:00Z,,no,77557.97,greater_or_equal,77616.38,,,True,2026-09-15T17:18:32+00:00
kalshi,KXBTC15M-26SEP142345-45,https://kalshi.com/markets/kxbtc15m/bitcoin-price-up-down,https://kalshi.com/markets/kxbtc15m/bitcoin-price-up-down/kxbtc15m-26sep142345,BTC price up in next 15 mins?,"Target Price: $77,822.41",KXBTC15M-26SEP142345,"BTC 15 min · $77,822.41 target",KXBTC15M,Bitcoin price up down,Crypto,"[""BTC"", ""15 min"", ""15 Min Markets""]",settled,binary,0,1,0.001,0.001,0.999,0.001,1,2738567.54,2738567.54,811953.65,0,2026-09-15T03:30:00Z,2026-09-15T03:45:00Z,2026-09-22T03:45:00Z,,no,77781.34,greater_or_equal,77822.41,,,True,2026-09-15T17:18:35+00:00
kalshi,KXBTC15M-26SEP141715-15,https://kalshi.com/markets/kxbtc15m/bitcoin-price-up-down,https://kalshi.com/markets/kxbtc15m/bitcoin-price-up-down/kxbtc15m-26sep141715,BTC price up in next 15 mins?,"Target Price: $79,093.33",KXBTC15M-26SEP141715,"BTC 15 min · $79,093.33 target",KXBTC15M,Bitcoin price up down,Crypto,"[""BTC"", ""15 min"", ""15 Min Markets""]",settled,binary,0,1,0.001,0.001,0.999,0.001,1,2672266.33,2672266.33,1055259.52,0,2026-09-14T21:00:00Z,2026-09-14T21:15:00Z,2026-09-21T21:15:00Z,,no,78878.65,greater_or_equal,79093.33,,,True,2026-09-15T17:18:50+00:00
kalshi,KXBTC15M-26SEP141645-45,https://kalshi.com/markets/kxbtc15m/bitcoin-price-up-down,https://kalshi.com/markets/kxbtc15m/bitcoin-price-up-down/kxbtc15m-26sep141645,BTC price up in next 15 mins?,"Target Price: $79,441.33",KXBTC15M-26SEP141645,"BTC 15 min · $79,441.33 target",KXBTC15M,Bitcoin price up down,Crypto,"[""BTC"", ""15 min"", ""15 Min Markets""]",settled,binary,0,1,0.001,0.001,0.999,0.001,1,2653613.36,2653613.36,696598.81,0,2026-09-14T20:30:00Z,2026-09-14T20:45:00Z,2026-09-21T20:45:00Z,,no,79349.58,greater_or_equal,79441.33,,,True,2026-09-15T17:18:52+00:00
kalshi,KXBTC15M-26SEP141545-45,https://kalshi.com/markets/kxbtc15m/bitcoin-price-up-down,https://kalshi.com/markets/kxbtc15m/bitcoin-price-up-down/kxbtc15m-26sep141545,BTC price up in next 15 mins?,"Target Price: $79,153.51",KXBTC15M-26SEP141545,"BTC 15 min · $79,153.51 target",KXBTC15M,Bitcoin price up down,Crypto,"[""BTC"", ""15 min"", ""15 Min Markets""]",settled,binary,0,1,0.001,0.001,0.999,0.001,1,2604603.77,2604603.77,883078.97,0,2026-09-14T19:30:00Z,2026-09-14T19:45:00Z,2026-09-21T19:45:00Z,,no,79118.17,greater_or_equal,79153.51,,,True,2026-09-15T17:18:54+00:00
kalshi,KXBTC15M-26SEP141345-45,https://kalshi.com/markets/kxbtc15m/bitcoin-price-up-down,https://kalshi.com/markets/kxbtc15m/bitcoin-price-up-down/kxbtc15m-26sep141345,BTC price up in next 15 mins?,"Target Price: $78,858.70",KXBTC15M-26SEP141345,"BTC 15 min · $78,858.70 target",KXBTC15M,Bitcoin price up down,Crypto,"[""BTC"", ""15 min"", ""15 Min Markets""]",settled,binary,0,1,0.001,0.001,0.999,0.001,1,2603749.44,2603749.44,739040.93,0,2026-09-14T17:30:00Z,2026-09-14T17:45:00Z,2026-09-21T17:45:00Z,,no,78839.40,greater_or_equal,78858.7,,,True,2026-09-15T17:18:59+00:00
kalshi,KXBTC15M-26SEP151145-45,https://kalshi.com/markets/kxbtc15m/bitcoin-price-up-down,https://kalshi.com/markets/kxbtc15m/bitcoin-price-up-down/kxbtc15m-26sep151145,BTC price up in next 15 mins?,"Target Price: $76,370.53",KXBTC15M-26SEP151145,"BTC 15 min · $76,370.53 target",KXBTC15M,Bitcoin price up down,Crypto,"[""BTC"", ""15 min"", ""15 Min Markets""]",settled,binary,0,1,0.999,0.999,0.001,0.999,1,2580776.55,2580776.55,451433.92,0,2026-09-15T15:30:00Z,2026-09-15T15:45:00Z,2026-09-22T15:45:00Z,,yes,76395.36,greater_or_equal,76370.53,,,True,2026-09-15T17:18:18+00:00
kalshi,KXBTC15M-26SEP150215-15,https://kalshi.com/markets/kxbtc15m/bitcoin-price-up-down,https://kalshi.com/markets/kxbtc15m/bitcoin-price-up-down/kxbtc15m-26sep150215,BTC price up in next 15 mins?,"Target Price: $77,619.00",KXBTC15M-26SEP150215,"BTC 15 min · $77,619.00 target",KXBTC15M,Bitcoin price up down,Crypto,"[""BTC"", ""15 min"", ""15 Min Markets""]",settled,binary,0,1,0.001,0.001,0.999,0.001,1,2574261,2574261,546173.12,0,2026-09-15T06:00:00Z,2026-09-15T06:15:00Z,2026-09-22T06:15:00Z,,no,77566.25,greater_or_equal,77619,,,True,2026-09-15T17:18:28+00:00
kalshi,KXBTC15M-26SEP142145-45,https://kalshi.com/markets/kxbtc15m/bitcoin-price-up-down,https://kalshi.com/markets/kxbtc15m/bitcoin-price-up-down/kxbtc15m-26sep142145,BTC price up in next 15 mins?,"Target Price: $77,832.42",KXBTC15M-26SEP142145,"BTC 15 min · $77,832.42 target",KXBTC15M,Bitcoin price up down,Crypto,"[""BTC"", ""15 min"", ""15 Min Markets""]",settled,binary,0,1,0.999,0.999,0.001,0.999,1,2573922.18,2573922.18,916491.73,0,2026-09-15T01:30:00Z,2026-09-15T01:45:00Z,2026-09-22T01:45:00Z,,yes,77991.72,greater_or_equal,77832.42,,,True,2026-09-15T17:18:42+00:00
kalshi,KXATPCHALLENGERMATCH-26SEP14MATHAR-HAR,https://kalshi.com/markets/kxatpchallengermatch/challenger-atp,https://kalshi.com/markets/kxatpchallengermatch/challenger-atp/kxatpchallengermatch-26sep14mathar,Lloyd Harris wins,Lloyd Harris,KXATPCHALLENGERMATCH-26SEP14MATHAR,Matsuoka vs Harris,KXATPCHALLENGERMATCH,Challenger ATP ,Sports,"[""Tennis""]",settled,binary,0,1,0.99,0.99,0.01,0.99,1,2594842.55,2569651.61,1139120.1,0,2026-09-13T22:50:00Z,2026-09-15T16:00:35Z,2026-09-28T10:40:00Z,,yes,Lloyd Harris,structured,,,,True,2026-09-15T17:18:17+00:00
kalshi,KXATPCHALLENGERMATCH-26SEP14MATHAR-MAT,https://kalshi.com/markets/kxatpchallengermatch/challenger-atp,https://kalshi.com/markets/kxatpchallengermatch/challenger-atp/kxatpchallengermatch-26sep14mathar,Hayato Matsuoka wins,Hayato Matsuoka,KXATPCHALLENGERMATCH-26SEP14MATHAR,Matsuoka vs Harris,KXATPCHALLENGERMATCH,Challenger ATP ,Sports,"[""Tennis""]",settled,binary,0,1,0.01,0.01,0.99,0.01,1,2578059.44,2565318.84,1119218.8,0,2026-09-13T22:50:00Z,2026-09-15T16:00:35Z,2026-09-28T10:40:00Z,,no,Lloyd Harris,structured,,,,True,2026-09-15T17:18:17+00:00
kalshi,KXBTC15M-26SEP150000-00,https://kalshi.com/markets/kxbtc15m/bitcoin-price-up-down,https://kalshi.com/markets/kxbtc15m/bitcoin-price-up-down/kxbtc15m-26sep150000,BTC price up in next 15 mins?,"Target Price: $77,781.34",KXBTC15M-26SEP150000,"BTC 15 min · $77,781.34 target",KXBTC15M,Bitcoin price up down,Crypto,"[""BTC"", ""15 min"", ""15 Min Markets""]",settled,binary,0,1,0.001,0.001,0.999,0.001,1,2562331.92,2562331.92,926329.73,0,2026-09-15T03:45:00Z,2026-09-15T04:00:00Z,2026-09-22T04:00:00Z,,no,77644.17,greater_or_equal,77781.34,,,True,2026-09-15T17:18:33+00:00
kalshi,KXBTC15M-26SEP151130-30,https://kalshi.com/markets/kxbtc15m/bitcoin-price-up-down,https://kalshi.com/markets/kxbtc15m/bitcoin-price-up-down/kxbtc15m-26sep151130,BTC price up in next 15 mins?,"Target Price: $75,969.52",KXBTC15M-26SEP151130,"BTC 15 min · $75,969.52 target",KXBTC15M,Bitcoin price up down,Crypto,"[""BTC"", ""15 min"", ""15 Min Markets""]",settled,binary,0,1,0.999,0.999,0.001,0.999,1,2529454.97,2529454.97,976519.86,0,2026-09-15T15:15:00Z,2026-09-15T15:30:00Z,2026-09-22T15:30:00Z,,yes,76370.53,greater_or_equal,75969.52,,,True,2026-09-15T17:18:18+00:00
kalshi,KXBTC15M-26SEP150200-00,https://kalshi.com/markets/kxbtc15m/bitcoin-price-up-down,https://kalshi.com/markets/kxbtc15m/bitcoin-price-up-down/kxbtc15m-26sep150200,BTC price up in next 15 mins?,"Target Price: $77,452.05",KXBTC15M-26SEP150200,"BTC 15 min · $77,452.05 target",KXBTC15M,Bitcoin price up down,Crypto,"[""BTC"", ""15 min"", ""15 Min Markets""]",settled,binary,0,1,0.999,0.999,0.001,0.999,1,2516561.95,2516561.95,850017.39,0,2026-09-15T05:45:00Z,2026-09-15T06:00:00Z,2026-09-22T06:00:00Z,,yes,77619.00,greater_or_equal,77452.05,,,True,2026-09-15T17:18:29+00:00
kalshi,KXBTC15M-26SEP141745-45,https://kalshi.com/markets/kxbtc15m/bitcoin-price-up-down,https://kalshi.com/markets/kxbtc15m/bitcoin-price-up-down/kxbtc15m-26sep141745,BTC price up in next 15 mins?,"Target Price: $78,913.18",KXBTC15M-26SEP141745,"BTC 15 min · $78,913.18 target",KXBTC15M,Bitcoin price up down,Crypto,"[""BTC"", ""15 min"", ""15 Min Markets""]",settled,binary,0,1,0.001,0.001,0.999,0.001,1,2512750.14,2512750.14,741099.36,0,2026-09-14T21:30:00Z,2026-09-14T21:45:00Z,2026-09-21T21:45:00Z,,no,78819.34,greater_or_equal,78913.18,,,True,2026-09-15T17:18:50+00:00
kalshi,KXBTC15M-26SEP142330-30,https://kalshi.com/markets/kxbtc15m/bitcoin-price-up-down,https://kalshi.com/markets/kxbtc15m/bitcoin-price-up-down/kxbtc15m-26sep142330,BTC price up in next 15 mins?,"Target Price: $77,704.27",KXBTC15M-26SEP142330,"BTC 15 min · $77,704.27 target",KXBTC15M,Bitcoin price up down,Crypto,"[""BTC"", ""15 min"", ""15 Min Markets""]",settled,binary,0,1,0.999,0.999,0.001,0.999,1,2511900.19,2511900.19,905580.31,0,2026-09-15T03:15:00Z,2026-09-15T03:30:00Z,2026-09-22T03:30:00Z,,yes,77822.41,greater_or_equal,77704.27,,,True,2026-09-15T17:18:35+00:00
kalshi,KXBTC15M-26SEP142030-30,https://kalshi.com/markets/kxbtc15m/bitcoin-price-up-down,https://kalshi.com/markets/kxbtc15m/bitcoin-price-up-down/kxbtc15m-26sep142030,BTC price up in next 15 mins?,"Target Price: $78,123.69",KXBTC15M-26SEP142030,"BTC 15 min · $78,123.69 target",KXBTC15M,Bitcoin price up down,Crypto,"[""BTC"", ""15 min"", ""15 Min Markets""]",settled,binary,0,1,0.001,0.001,0.999,0.001,1,2464062.53,2464062.53,764913.49,0,2026-09-15T00:15:00Z,2026-09-15T00:30:00Z,2026-09-22T00:30:00Z,,no,77994.81,greater_or_equal,78123.69,,,True,2026-09-15T17:18:44+00:00
kalshi,KXMLBGAME-26SEP142138SEALAA-SEA,https://kalshi.com/markets/kxmlbgame/professional-baseball-game,https://kalshi.com/markets/kxmlbgame/professional-baseball-game/kxmlbgame-26sep142138sealaa,Seattle wins,Seattle,KXMLBGAME-26SEP142138SEALAA,Seattle vs Los Angeles A,KXMLBGAME,Professional Baseball Game,Sports,"[""Baseball""]",settled,binary,0,1,0.01,0.01,0.99,0.01,1,2463356.63,2448602.21,1413477.17,0,2026-09-12T01:55:00Z,2026-09-15T04:10:08Z,2026-09-18T01:38:00Z,,no,Los Angeles A,structured,,,,True,2026-09-15T17:18:32+00:00
kalshi,KXBTC15M-26SEP141630-30,https://kalshi.com/markets/kxbtc15m/bitcoin-price-up-down,https://kalshi.com/markets/kxbtc15m/bitcoin-price-up-down/kxbtc15m-26sep141630,BTC price up in next 15 mins?,"Target Price: $79,161.49",KXBTC15M-26SEP141630,"BTC 15 min · $79,161.49 target",KXBTC15M,Bitcoin price up down,Crypto,"[""BTC"", ""15 min"", ""15 Min Markets""]",settled,binary,0,1,0.999,0.999,0.001,0.999,1,2445780.26,2445780.26,798888.44,0,2026-09-14T20:15:00Z,2026-09-14T20:30:00Z,2026-09-21T20:30:00Z,,yes,79441.33,greater_or_equal,79161.49,,,True,2026-09-15T17:18:52+00:00
kalshi,KXBTC15M-26SEP141600-00,https://kalshi.com/markets/kxbtc15m/bitcoin-price-up-down,https://kalshi.com/markets/kxbtc15m/bitcoin-price-up-down/kxbtc15m-26sep141600,BTC price up in next 15 mins?,"Target Price: $79,118.17",KXBTC15M-26SEP141600,"BTC 15 min · $79,118.17 target",KXBTC15M,Bitcoin price up down,Crypto,"[""BTC"", ""15 min"", ""15 Min Markets""]",settled,binary,0,1,0.001,0.001,0.999,0.001,1,2422328.17,2422328.17,874459.67,0,2026-09-14T19:45:00Z,2026-09-14T20:00:00Z,2026-09-21T20:00:00Z,,no,78999.88,greater_or_equal,79118.17,,,True,2026-09-15T17:18:54+00:00
kalshi,KXATPCHALLENGERMATCH-26SEP14DELLOM-LOM,https://kalshi.com/markets/kxatpchallengermatch/challenger-atp,https://kalshi.com/markets/kxatpchallengermatch/challenger-atp/kxatpchallengermatch-26sep14dellom,Grigoriy Lomakin wins,Grigoriy Lomakin,KXATPCHALLENGERMATCH-26SEP14DELLOM,Dellavedova vs Lomakin,KXATPCHALLENGERMATCH,Challenger ATP ,Sports,"[""Tennis""]",settled,binary,0,1,0.01,0.01,0.99,0.01,1,2421948.53,2421829.16,1418593.81,0,2026-09-14T15:11:00Z,2026-09-15T05:40:28Z,2026-09-29T03:00:00Z,,no,Matthew Dellavedova,structured,,,,True,2026-09-15T17:18:29+00:00
kalshi,KXBTC15M-26SEP141915-15,https://kalshi.com/markets/kxbtc15m/bitcoin-price-up-down,https://kalshi.com/markets/kxbtc15m/bitcoin-price-up-down/kxbtc15m-26sep141915,BTC price up in next 15 mins?,"Target Price: $78,548.70",KXBTC15M-26SEP141915,"BTC 15 min · $78,548.70 target",KXBTC15M,Bitcoin price up down,Crypto,"[""BTC"", ""15 min"", ""15 Min Markets""]",settled,binary,0,1,0.001,0.001,0.999,0.001,1,2412925.84,2412925.84,789995.15,0,2026-09-14T23:00:00Z,2026-09-14T23:15:00Z,2026-09-21T23:15:00Z,,no,78428.40,greater_or_equal,78548.7,,,True,2026-09-15T17:18:46+00:00
kalshi,KXBTC15M-26SEP141830-30,https://kalshi.com/markets/kxbtc15m/bitcoin-price-up-down,https://kalshi.com/markets/kxbtc15m/bitcoin-price-up-down/kxbtc15m-26sep141830,BTC price up in next 15 mins?,"Target Price: $78,823.71",KXBTC15M-26SEP141830,"BTC 15 min · $78,823.71 target",KXBTC15M,Bitcoin price up down,Crypto,"[""BTC"", ""15 min"", ""15 Min Markets""]",settled,binary,0,1,0.001,0.001,0.999,0.001,1,2406981.66,2406981.66,1109850.49,0,2026-09-14T22:15:00Z,2026-09-14T22:30:00Z,2026-09-21T22:30:00Z,,no,78540.81,greater_or_equal,78823.71,,,True,2026-09-15T17:18:48+00:00
kalshi,KXBTC15M-26SEP141530-30,https://kalshi.com/markets/kxbtc15m/bitcoin-price-up-down,https://kalshi.com/markets/kxbtc15m/bitcoin-price-up-down/kxbtc15m-26sep141530,BTC price up in next 15 mins?,"Target Price: $79,091.39",KXBTC15M-26SEP141530,"BTC 15 min · $79,091.39 target",KXBTC15M,Bitcoin price up down,Crypto,"[""BTC"", ""15 min"", ""15 Min Markets""]",settled,binary,0,1,0.999,0.999,0.001,0.999,1,2400781.98,2400781.98,700843.79,0,2026-09-14T19:15:00Z,2026-09-14T19:30:00Z,2026-09-21T19:30:00Z,,yes,79153.51,greater_or_equal,79091.39,,,True,2026-09-15T17:18:55+00:00
kalshi,KXBTC15M-26SEP141400-00,https://kalshi.com/markets/kxbtc15m/bitcoin-price-up-down,https://kalshi.com/markets/kxbtc15m/bitcoin-price-up-down/kxbtc15m-26sep141400,BTC price up in next 15 mins?,"Target Price: $78,839.40",KXBTC15M-26SEP141400,"BTC 15 min · $78,839.40 target",KXBTC15M,Bitcoin price up down,Crypto,"[""BTC"", ""15 min"", ""15 Min Markets""]",settled,binary,0,1,0.999,0.999,0.001,0.999,1,2358415.47,2358415.47,888435.76,0,2026-09-14T17:45:00Z,2026-09-14T18:00:00Z,2026-09-21T18:00:00Z,,yes,78923.79,greater_or_equal,78839.4,,,True,2026-09-15T17:18:59+00:00
kalshi,KXBTC15M-26SEP142000-00,https://kalshi.com/markets/kxbtc15m/bitcoin-price-up-down,https://kalshi.com/markets/kxbtc15m/bitcoin-price-up-down/kxbtc15m-26sep142000,BTC price up in next 15 mins?,"Target Price: $78,316.89",KXBTC15M-26SEP142000,"BTC 15 min · $78,316.89 target",KXBTC15M,Bitcoin price up down,Crypto,"[""BTC"", ""15 min"", ""15 Min Markets""]",settled,binary,0,1,0.001,0.001,0.999,0.001,1,2328002.46,2328002.46,827749.72,0,2026-09-14T23:45:00Z,2026-09-15T00:00:00Z,2026-09-22T00:00:00Z,,no,78179.05,greater_or_equal,78316.89,,,True,2026-09-15T17:18:46+00:00
kalshi,KXBTC15M-26SEP150315-15,https://kalshi.com/markets/kxbtc15m/bitcoin-price-up-down,https://kalshi.com/markets/kxbtc15m/bitcoin-price-up-down/kxbtc15m-26sep150315,BTC price up in next 15 mins?,"Target Price: $77,250.27",KXBTC15M-26SEP150315,"BTC 15 min · $77,250.27 target",KXBTC15M,Bitcoin price up down,Crypto,"[""BTC"", ""15 min"", ""15 Min Markets""]",settled,binary,0,1,0.001,0.001,0.999,0.001,1,2309749.78,2309749.78,482386.34,0,2026-09-15T07:00:00Z,2026-09-15T07:15:00Z,2026-09-22T07:15:00Z,,no,77180.48,greater_or_equal,77250.27,,,True,2026-09-15T17:18:26+00:00
kalshi,KXMLBGAME-26SEP142040SDCOL-COL,https://kalshi.com/markets/kxmlbgame/professional-baseball-game,https://kalshi.com/markets/kxmlbgame/professional-baseball-game/kxmlbgame-26sep142040sdcol,Colorado wins,Colorado,KXMLBGAME-26SEP142040SDCOL,San Diego vs Colorado,KXMLBGAME,Professional Baseball Game,Sports,"[""Baseball""]",settled,binary,0,1,0.01,0.01,0.99,0.01,1,2394927.42,2306918.19,1379788.96,0,2026-09-12T00:55:00Z,2026-09-15T03:49:34Z,2026-09-18T00:40:00Z,,no,San Diego,structured,,,,True,2026-09-15T17:18:34+00:00
kalshi,KXBTC15M-26SEP151245-45,https://kalshi.com/markets/kxbtc15m/bitcoin-price-up-down,https://kalshi.com/markets/kxbtc15m/bitcoin-price-up-down/kxbtc15m-26sep151245,BTC price up in next 15 mins?,"Target Price: $76,437.58",KXBTC15M-26SEP151245,"BTC 15 min · $76,437.58 target",KXBTC15M,Bitcoin price up down,Crypto,"[""BTC"", ""15 min"", ""15 Min Markets""]",settled,binary,0,1,0.001,0.001,0.999,0.001,1,2278959.78,2278959.78,987167.19,0,2026-09-15T16:30:00Z,2026-09-15T16:45:00Z,2026-09-22T16:45:00Z,,no,76315.78,greater_or_equal,76437.58,,,True,2026-09-15T17:18:17+00:00
kalshi,KXSERIEAGAME-26SEP14INTUDI-UDI,https://kalshi.com/markets/kxserieagame/serie-a-game,https://kalshi.com/markets/kxserieagame/serie-a-game/kxserieagame-26sep14intudi,Udinese wins,Udinese,KXSERIEAGAME-26SEP14INTUDI,Inter vs Udinese,KXSERIEAGAME,Serie A Game,Sports,"[""Soccer""]",settled,binary,0,1,0.01,0.01,0.99,0.01,1,2337481.14,2262430.87,1381945.42,0,2026-08-31T00:41:00Z,2026-09-14T21:02:20Z,2026-09-17T00:45:00Z,,no,Inter,structured,,,,True,2026-09-15T17:18:50+00:00
kalshi,KXBTC15M-26SEP151300-00,https://kalshi.com/markets/kxbtc15m/bitcoin-price-up-down,https://kalshi.com/markets/kxbtc15m/bitcoin-price-up-down/kxbtc15m-26sep151300,BTC price up in next 15 mins?,"Target Price: $76,315.78",KXBTC15M-26SEP151300,"BTC 15 min · $76,315.78 target",KXBTC15M,Bitcoin price up down,Crypto,"[""BTC"", ""15 min"", ""15 Min Markets""]",settled,binary,0,1,0.999,0.999,0.001,0.999,1,2251923.15,2251923.15,740197.85,0,2026-09-15T16:45:00Z,2026-09-15T17:00:00Z,2026-09-22T17:00:00Z,,yes,76366.59,greater_or_equal,76315.78,,,True,2026-09-15T17:18:17+00:00
kalshi,KXMLBGAME-26SEP141940NYYMIN-NYY,https://kalshi.com/markets/kxmlbgame/professional-baseball-game,https://kalshi.com/markets/kxmlbgame/professional-baseball-game/kxmlbgame-26sep141940nyymin,New York Y wins,New York Y,KXMLBGAME-26SEP141940NYYMIN,New York Y vs Minnesota,KXMLBGAME,Professional Baseball Game,Sports,"[""Baseball""]",settled,binary,0,1,0.99,0.99,0.01,0.99,1,2365261.85,2248832.74,1099006.2,0,2026-09-11T23:55:00Z,2026-09-15T02:45:10Z,2026-09-17T23:40:00Z,,yes,New York Y,structured,,,,True,2026-09-15T17:18:38+00:00
kalshi,KXBTC15M-26SEP151230-30,https://kalshi.com/markets/kxbtc15m/bitcoin-price-up-down,https://kalshi.com/markets/kxbtc15m/bitcoin-price-up-down/kxbtc15m-26sep151230,BTC price up in next 15 mins?,"Target Price: $76,242.78",KXBTC15M-26SEP151230,"BTC 15 min · $76,242.78 target",KXBTC15M,Bitcoin price up down,Crypto,"[""BTC"", ""15 min"", ""15 Min Markets""]",settled,binary,0,1,0.999,0.999,0.001,0.999,1,2185612.46,2185612.46,924063.03,0,2026-09-15T16:15:00Z,2026-09-15T16:30:00Z,2026-09-22T16:30:00Z,,yes,76437.58,greater_or_equal,76242.78,,,True,2026-09-15T17:18:17+00:00
kalshi,KXNFLTOTAL-26SEP14DENKC-43,https://kalshi.com/markets/kxnfltotal/pro-football-total-points,https://kalshi.com/markets/kxnfltotal/pro-football-total-points/kxnfltotal-26sep14denkc,Will there be over 42.5 points scored?,Over 42.5 points scored,KXNFLTOTAL-26SEP14DENKC,Denver vs Kansas City: Total Points,KXNFLTOTAL,Pro Football Total Points,Sports,"[""Football""]",settled,binary,0,1,0.01,0.01,0.99,0.01,1,2197612.63,2181815.11,985482.93,0,2026-08-03T23:13:00Z,2026-09-15T03:29:48Z,2026-09-17T00:15:00Z,,no,41,greater,42.5,,,True,2026-09-15T17:18:35+00:00
kalshi,KXBTC15M-26SEP150915-15,https://kalshi.com/markets/kxbtc15m/bitcoin-price-up-down,https://kalshi.com/markets/kxbtc15m/bitcoin-price-up-down/kxbtc15m-26sep150915,BTC price up in next 15 mins?,"Target Price: $76,910.95",KXBTC15M-26SEP150915,"BTC 15 min · $76,910.95 target",KXBTC15M,Bitcoin price up down,Crypto,"[""BTC"", ""15 min"", ""15 Min Markets""]",settled,binary,0,1,0.999,0.999,0.001,0.999,1,2159493.72,2159493.72,823757.42,0,2026-09-15T13:00:00Z,2026-09-15T13:15:00Z,2026-09-22T13:15:00Z,,yes,76947.16,greater_or_equal,76910.95,,,True,2026-09-15T17:18:19+00:00
kalshi,KXBTC15M-26SEP141945-45,https://kalshi.com/markets/kxbtc15m/bitcoin-price-up-down,https://kalshi.com/markets/kxbtc15m/bitcoin-price-up-down/kxbtc15m-26sep141945,BTC price up in next 15 mins?,"Target Price: $78,414.23",KXBTC15M-26SEP141945,"BTC 15 min · $78,414.23 target",KXBTC15M,Bitcoin price up down,Crypto,"[""BTC"", ""15 min"", ""15 Min Markets""]",settled,binary,0,1,0.001,0.001,0.999,0.001,1,2156670.42,2156670.42,750155.28,0,2026-09-14T23:30:00Z,2026-09-14T23:45:00Z,2026-09-21T23:45:00Z,,no,78316.89,greater_or_equal,78414.23,,,True,2026-09-15T17:18:46+00:00
kalshi,KXBTC15M-26SEP150230-30,https://kalshi.com/markets/kxbtc15m/bitcoin-price-up-down,https://kalshi.com/markets/kxbtc15m/bitcoin-price-up-down/kxbtc15m-26sep150230,BTC price up in next 15 mins?,"Target Price: $77,566.25",KXBTC15M-26SEP150230,"BTC 15 min · $77,566.25 target",KXBTC15M,Bitcoin price up down,Crypto,"[""BTC"", ""15 min"", ""15 Min Markets""]",settled,binary,0,1,0.001,0.001,0.999,0.001,1,2152817.51,2152817.51,731197.65,0,2026-09-15T06:15:00Z,2026-09-15T06:30:00Z,2026-09-22T06:30:00Z,,no,77395.24,greater_or_equal,77566.25,,,True,2026-09-15T17:18:28+00:00
kalshi,KXATPCHALLENGERMATCH-26SEP15PALBOR-BOR,https://kalshi.com/markets/kxatpchallengermatch/challenger-atp,https://kalshi.com/markets/kxatpchallengermatch/challenger-atp/kxatpchallengermatch-26sep15palbor,Martin Borisiouk wins,Martin Borisiouk,KXATPCHALLENGERMATCH-26SEP15PALBOR,Palan vs Borisiouk,KXATPCHALLENGERMATCH,Challenger ATP ,Sports,"[""Tennis""]",settled,binary,0,1,0.99,0.99,0.01,0.99,1,2150815.43,2150815.43,1100275.33,0,2026-09-14T16:20:00Z,2026-09-15T07:00:40Z,2026-09-29T04:10:00Z,,yes,Martin Borisiouk,structured,,,,True,2026-09-15T17:18:26+00:00
kalshi,KXBTC15M-26SEP141700-00,https://kalshi.com/markets/kxbtc15m/bitcoin-price-up-down,https://kalshi.com/markets/kxbtc15m/bitcoin-price-up-down/kxbtc15m-26sep141700,BTC price up in next 15 mins?,"Target Price: $79,349.58",KXBTC15M-26SEP141700,"BTC 15 min · $79,349.58 target",KXBTC15M,Bitcoin price up down,Crypto,"[""BTC"", ""15 min"", ""15 Min Markets""]",settled,binary,0,1,0.001,0.001,0.999,0.001,1,2118237.66,2118237.66,801669.1,0,2026-09-14T20:45:00Z,2026-09-14T21:00:00Z,2026-09-21T21:00:00Z,,no,79093.33,greater_or_equal,79349.58,,,True,2026-09-15T17:18:52+00:00
kalshi,KXBTC15M-26SEP141900-00,https://kalshi.com/markets/kxbtc15m/bitcoin-price-up-down,https://kalshi.com/markets/kxbtc15m/bitcoin-price-up-down/kxbtc15m-26sep141900,BTC price up in next 15 mins?,"Target Price: $78,638.67",KXBTC15M-26SEP141900,"BTC 15 min · $78,638.67 target",KXBTC15M,Bitcoin price up down,Crypto,"[""BTC"", ""15 min"", ""15 Min Markets""]",settled,binary,0,1,0.001,0.001,0.999,0.001,1,2099746.46,2099746.46,741775.72,0,2026-09-14T22:45:00Z,2026-09-14T23:00:00Z,2026-09-21T23:00:00Z,,no,78548.70,greater_or_equal,78638.67,,,True,2026-09-15T17:18:47+00:00
kalshi,KXMLBGAME-26SEP142040SDCOL-SD,https://kalshi.com/markets/kxmlbgame/professional-baseball-game,https://kalshi.com/markets/kxmlbgame/professional-baseball-game/kxmlbgame-26sep142040sdcol,San Diego wins,San Diego,KXMLBGAME-26SEP142040SDCOL,San Diego vs Colorado,KXMLBGAME,Professional Baseball Game,Sports,"[""Baseball""]",settled,binary,0,1,0.99,0.99,0.01,0.99,1,2215898.72,2057126.71,1148805,0,2026-09-12T00:55:00Z,2026-09-15T03:49:34Z,2026-09-18T00:40:00Z,,yes,San Diego,structured,,,,True,2026-09-15T17:18:34+00:00
kalshi,KXBTC15M-26SEP141800-00,https://kalshi.com/markets/kxbtc15m/bitcoin-price-up-down,https://kalshi.com/markets/kxbtc15m/bitcoin-price-up-down/kxbtc15m-26sep141800,BTC price up in next 15 mins?,"Target Price: $78,819.34",KXBTC15M-26SEP141800,"BTC 15 min · $78,819.34 target",KXBTC15M,Bitcoin price up down,Crypto,"[""BTC"", ""15 min"", ""15 Min Markets""]",settled,binary,0,1,0.001,0.001,0.999,0.001,1,2053345.25,2053345.25,546980.89,0,2026-09-14T21:45:00Z,2026-09-14T22:00:00Z,2026-09-21T22:00:00Z,,no,78746.62,greater_or_equal,78819.34,,,True,2026-09-15T17:18:50+00:00
kalshi,KXODIMATCH-26SEP150330AUSZIM-ZIM,https://kalshi.com/markets/kxodimatch/men-s-odi-cricket-match,https://kalshi.com/markets/kxodimatch/men-s-odi-cricket-match/kxodimatch-26sep150330auszim,Zimbabwe wins,Zimbabwe,KXODIMATCH-26SEP150330AUSZIM,Zimbabwe vs Australia,KXODIMATCH,Men's ODI Cricket Match,Sports,"[""Cricket""]",settled,binary,0,1,0.01,0.01,0.99,0.01,1,2051948.36,2043342.79,1054458.66,0,2026-09-13T00:11:00Z,2026-09-15T15:40:43Z,2026-09-17T15:30:00Z,,no,Australia,structured,,,,True,2026-09-15T17:18:18+00:00
kalshi,KXBTC15M-26SEP150300-00,https://kalshi.com/markets/kxbtc15m/bitcoin-price-up-down,https://kalshi.com/markets/kxbtc15m/bitcoin-price-up-down/kxbtc15m-26sep150300,BTC price up in next 15 mins?,"Target Price: $77,411.81",KXBTC15M-26SEP150300,"BTC 15 min · $77,411.81 target",KXBTC15M,Bitcoin price up down,Crypto,"[""BTC"", ""15 min"", ""15 Min Markets""]",settled,binary,0,1,0.001,0.001,0.999,0.001,1,2019925.36,2019925.36,680552.41,0,2026-09-15T06:45:00Z,2026-09-15T07:00:00Z,2026-09-22T07:00:00Z,,no,77250.27,greater_or_equal,77411.81,,,True,2026-09-15T17:18:28+00:00
kalshi,KXATPCHALLENGERMATCH-26SEP14JOHARU-JOH,https://kalshi.com/markets/kxatpchallengermatch/challenger-atp,https://kalshi.com/markets/kxatpchallengermatch/challenger-atp/kxatpchallengermatch-26sep14joharu,Spencer Johnson wins,Spencer Johnson,KXATPCHALLENGERMATCH-26SEP14JOHARU,Johnson vs Arutiunian,KXATPCHALLENGERMATCH,Challenger ATP ,Sports,"[""Tennis""]",settled,binary,0,1,0.01,0.01,0.99,0.01,1,2019206.22,2018796.96,1097523.54,0,2026-09-14T06:20:00Z,2026-09-14T21:30:34Z,2026-09-28T18:10:00Z,,no,Erik Arutiunian,structured,,,,True,2026-09-15T17:18:50+00:00
kalshi,KXBTC15M-26SEP150830-30,https://kalshi.com/markets/kxbtc15m/bitcoin-price-up-down,https://kalshi.com/markets/kxbtc15m/bitcoin-price-up-down/kxbtc15m-26sep150830,BTC price up in next 15 mins?,"Target Price: $76,900.82",KXBTC15M-26SEP150830,"BTC 15 min · $76,900.82 target",KXBTC15M,Bitcoin price up down,Crypto,"[""BTC"", ""15 min"", ""15 Min Markets""]",settled,binary,0,1,0.001,0.001,0.999,0.001,1,1997794.68,1997794.68,435199.18,0,2026-09-15T12:15:00Z,2026-09-15T12:30:00Z,2026-09-22T12:30:00Z,,no,76889.13,greater_or_equal,76900.82,,,True,2026-09-15T17:18:20+00:00
kalshi,KXBTC15M-26SEP150530-30,https://kalshi.com/markets/kxbtc15m/bitcoin-price-up-down,https://kalshi.com/markets/kxbtc15m/bitcoin-price-up-down/kxbtc15m-26sep150530,BTC price up in next 15 mins?,"Target Price: $76,870.64",KXBTC15M-26SEP150530,"BTC 15 min · $76,870.64 target",KXBTC15M,Bitcoin price up down,Crypto,"[""BTC"", ""15 min"", ""15 Min Markets""]",settled,binary,0,1,0.999,0.999,0.001,0.999,1,1985126.18,1985126.18,309069.58,0,2026-09-15T09:15:00Z,2026-09-15T09:30:00Z,2026-09-22T09:30:00Z,,yes,76874.36,greater_or_equal,76870.64,,,True,2026-09-15T17:18:23+00:00
kalshi,KXBTC15M-26SEP150430-30,https://kalshi.com/markets/kxbtc15m/bitcoin-price-up-down,https://kalshi.com/markets/kxbtc15m/bitcoin-price-up-down/kxbtc15m-26sep150430,BTC price up in next 15 mins?,"Target Price: $76,756.40",KXBTC15M-26SEP150430,"BTC 15 min · $76,756.40 target",KXBTC15M,Bitcoin price up down,Crypto,"[""BTC"", ""15 min"", ""15 Min Markets""]",settled,binary,0,1,0.999,0.999,0.001,0.999,1,1980714.92,1980714.92,429617.36,0,2026-09-15T08:15:00Z,2026-09-15T08:30:00Z,2026-09-22T08:30:00Z,,yes,76830.08,greater_or_equal,76756.4,,,True,2026-09-15T17:18:24+00:00
kalshi,KXWTACHALLENGERMATCH-26SEP14ANDHRU-HRU,https://kalshi.com/markets/kxwtachallengermatch/challenger-wta,https://kalshi.com/markets/kxwtachallengermatch/challenger-wta/kxwtachallengermatch-26sep14andhru,Viktoria Hruncakova wins,Viktoria Hruncakova,KXWTACHALLENGERMATCH-26SEP14ANDHRU,Andreeva vs Hruncakova,KXWTACHALLENGERMATCH,Challenger WTA,Sports,"[""Tennis""]",settled,binary,0,1,0.99,0.99,0.01,0.99,1,2247711.46,1896480.61,971844.32,0,2026-09-14T04:10:00Z,2026-09-14T18:48:06Z,2026-09-28T16:00:00Z,,yes,Viktoria Hruncakova,structured,,,,True,2026-09-15T17:18:57+00:00
kalshi,KXBTC15M-26SEP150845-45,https://kalshi.com/markets/kxbtc15m/bitcoin-price-up-down,https://kalshi.com/markets/kxbtc15m/bitcoin-price-up-down/kxbtc15m-26sep150845,BTC price up in next 15 mins?,"Target Price: $76,889.13",KXBTC15M-26SEP150845,"BTC 15 min · $76,889.13 target",KXBTC15M,Bitcoin price up down,Crypto,"[""BTC"", ""15 min"", ""15 Min Markets""]",settled,binary,0,1,0.999,0.999,0.001,0.999,1,1889815.34,1889815.34,356752.81,0,2026-09-15T12:30:00Z,2026-09-15T12:45:00Z,2026-09-22T12:45:00Z,,yes,76908.62,greater_or_equal,76889.13,,,True,2026-09-15T17:18:20+00:00
kalshi,KXBTC15M-26SEP150245-45,https://kalshi.com/markets/kxbtc15m/bitcoin-price-up-down,https://kalshi.com/markets/kxbtc15m/bitcoin-price-up-down/kxbtc15m-26sep150245,BTC price up in next 15 mins?,"Target Price: $77,395.24",KXBTC15M-26SEP150245,"BTC 15 min · $77,395.24 target",KXBTC15M,Bitcoin price up down,Crypto,"[""BTC"", ""15 min"", ""15 Min Markets""]",settled,binary,0,1,0.999,0.999,0.001,0.999,1,1889290.96,1889290.96,399819.57,0,2026-09-15T06:30:00Z,2026-09-15T06:45:00Z,2026-09-22T06:45:00Z,,yes,77411.81,greater_or_equal,77395.24,,,True,2026-09-15T17:18:28+00:00
kalshi,KXBTC15M-26SEP150815-15,https://kalshi.com/markets/kxbtc15m/bitcoin-price-up-down,https://kalshi.com/markets/kxbtc15m/bitcoin-price-up-down/kxbtc15m-26sep150815,BTC price up in next 15 mins?,"Target Price: $76,910.41",KXBTC15M-26SEP150815,"BTC 15 min · $76,910.41 target",KXBTC15M,Bitcoin price up down,Crypto,"[""BTC"", ""15 min"", ""15 Min Markets""]",settled,binary,0,1,0.001,0.001,0.999,0.001,1,1869815.91,1869815.91,343907.67,0,2026-09-15T12:00:00Z,2026-09-15T12:15:00Z,2026-09-22T12:15:00Z,,no,76900.82,greater_or_equal,76910.41,,,True,2026-09-15T17:18:20+00:00
kalshi,KXBTC15M-26SEP150330-30,https://kalshi.com/markets/kxbtc15m/bitcoin-price-up-down,https://kalshi.com/markets/kxbtc15m/bitcoin-price-up-down/kxbtc15m-26sep150330,BTC price up in next 15 mins?,"Target Price: $77,180.48",KXBTC15M-26SEP150330,"BTC 15 min · $77,180.48 target",KXBTC15M,Bitcoin price up down,Crypto,"[""BTC"", ""15 min"", ""15 Min Markets""]",settled,binary,0,1,0.999,0.999,0.001,0.999,1,1814726.96,1814726.96,544785.88,0,2026-09-15T07:15:00Z,2026-09-15T07:30:00Z,2026-09-22T07:30:00Z,,yes,77258.81,greater_or_equal,77180.48,,,True,2026-09-15T17:18:26+00:00
kalshi,KXATPCHALLENGERMATCH-26SEP14DELLOM-DEL,https://kalshi.com/markets/kxatpchallengermatch/challenger-atp,https://kalshi.com/markets/kxatpchallengermatch/challenger-atp/kxatpchallengermatch-26sep14dellom,Matthew Dellavedova wins,Matthew Dellavedova,KXATPCHALLENGERMATCH-26SEP14DELLOM,Dellavedova vs Lomakin,KXATPCHALLENGERMATCH,Challenger ATP ,Sports,"[""Tennis""]",settled,binary,0,1,0.99,0.99,0.01,0.99,1,1813943.51,1813869.65,1151517.01,0,2026-09-14T15:11:00Z,2026-09-15T05:40:28Z,2026-09-29T03:00:00Z,,yes,Matthew Dellavedova,structured,,,,True,2026-09-15T17:18:29+00:00
kalshi,KXBTC15M-26SEP150345-45,https://kalshi.com/markets/kxbtc15m/bitcoin-price-up-down,https://kalshi.com/markets/kxbtc15m/bitcoin-price-up-down/kxbtc15m-26sep150345,BTC price up in next 15 mins?,"Target Price: $77,258.81",KXBTC15M-26SEP150345,"BTC 15 min · $77,258.81 target",KXBTC15M,Bitcoin price up down,Crypto,"[""BTC"", ""15 min"", ""15 Min Markets""]",settled,binary,0,1,0.001,0.001,0.999,0.001,1,1782222.2,1782222.2,634712.62,0,2026-09-15T07:30:00Z,2026-09-15T07:45:00Z,2026-09-22T07:45:00Z,,no,77016.75,greater_or_equal,77258.81,,,True,2026-09-15T17:18:26+00:00
kalshi,KXNFLSPREAD-26SEP14DENKC-KC3,https://kalshi.com/markets/kxnflspread/pro-football-spread,https://kalshi.com/markets/kxnflspread/pro-football-spread/kxnflspread-26sep14denkc,Kansas City wins by over 2.5 points?,Kansas City wins by over 2.5 points,KXNFLSPREAD-26SEP14DENKC,Denver vs Kansas City: Spread,KXNFLSPREAD,Pro Football Spread,Sports,"[""Football""]",settled,binary,0,1,0.99,0.99,0.01,0.99,1,2284922.23,1770422.1,1544284.42,0,2026-08-03T23:13:00Z,2026-09-15T03:19:44Z,2026-09-17T00:15:00Z,,yes,spread,greater,2.5,,,True,2026-09-15T17:18:35+00:00
kalshi,KXODIMATCH-26SEP150330AUSZIM-AUS,https://kalshi.com/markets/kxodimatch/men-s-odi-cricket-match,https://kalshi.com/markets/kxodimatch/men-s-odi-cricket-match/kxodimatch-26sep150330auszim,Australia wins,Australia,KXODIMATCH-26SEP150330AUSZIM,Zimbabwe vs Australia,KXODIMATCH,Men's ODI Cricket Match,Sports,"[""Cricket""]",settled,binary,0,1,0.99,0.99,0.01,0.99,1,1767487.25,1734529.73,701633.11,0,2026-09-13T00:11:00Z,2026-09-15T15:40:43Z,2026-09-17T15:30:00Z,,yes,Australia,structured,,,,True,2026-09-15T17:18:18+00:00
kalshi,KXWTAMATCH-26SEP13MARTOW-MAR,https://kalshi.com/markets/kxwtamatch/wta-tennis-match,https://kalshi.com/markets/kxwtamatch/wta-tennis-match/kxwtamatch-26sep13martow,Tatjana Maria wins,Tatjana Maria,KXWTAMATCH-26SEP13MARTOW,Maria vs Townsend,KXWTAMATCH,WTA Tennis Match,Sports,"[""Tennis""]",settled,binary,0,1,0.01,0.01,0.99,0.01,1,1746824.56,1734211.31,688808.83,0,2026-09-12T16:06:00Z,2026-09-14T23:30:14Z,2026-09-27T16:00:00Z,,no,Taylor Townsend,structured,,,,True,2026-09-15T17:18:46+00:00
kalshi,KXATPCHALLENGERMATCH-26SEP14SHISEK-SEK,https://kalshi.com/markets/kxatpchallengermatch/challenger-atp,https://kalshi.com/markets/kxatpchallengermatch/challenger-atp/kxatpchallengermatch-26sep14shisek,Philip Sekulic wins,Philip Sekulic,KXATPCHALLENGERMATCH-26SEP14SHISEK,Shimizu vs Sekulic,KXATPCHALLENGERMATCH,Challenger ATP ,Sports,"[""Tennis""]",settled,binary,0,1,0.99,0.99,0.01,0.99,1,1716623.56,1716581.56,830853.72,0,2026-09-14T15:10:00Z,2026-09-15T05:10:33Z,2026-09-29T03:00:00Z,,yes,Philip Sekulic,structured,,,,True,2026-09-15T17:18:30+00:00
kalshi,KXBTC15M-26SEP150800-00,https://kalshi.com/markets/kxbtc15m/bitcoin-price-up-down,https://kalshi.com/markets/kxbtc15m/bitcoin-price-up-down/kxbtc15m-26sep150800,BTC price up in next 15 mins?,"Target Price: $76,888.08",KXBTC15M-26SEP150800,"BTC 15 min · $76,888.08 target",KXBTC15M,Bitcoin price up down,Crypto,"[""BTC"", ""15 min"", ""15 Min Markets""]",settled,binary,0,1,0.999,0.999,0.001,0.999,1,1709034.2,1709034.2,404333.65,0,2026-09-15T11:45:00Z,2026-09-15T12:00:00Z,2026-09-22T12:00:00Z,,yes,76910.41,greater_or_equal,76888.08,,,True,2026-09-15T17:18:21+00:00
kalshi,KXBTC15M-26SEP150700-00,https://kalshi.com/markets/kxbtc15m/bitcoin-price-up-down,https://kalshi.com/markets/kxbtc15m/bitcoin-price-up-down/kxbtc15m-26sep150700,BTC price up in next 15 mins?,"Target Price: $76,989.88",KXBTC15M-26SEP150700,"BTC 15 min · $76,989.88 target",KXBTC15M,Bitcoin price up down,Crypto,"[""BTC"", ""15 min"", ""15 Min Markets""]",settled,binary,0,1,0.999,0.999,0.001,0.999,1,1679880.83,1679880.83,343033.72,0,2026-09-15T10:45:00Z,2026-09-15T11:00:00Z,2026-09-22T11:00:00Z,,yes,77026.52,greater_or_equal,76989.88,,,True,2026-09-15T17:18:22+00:00
kalshi,KXWTAMATCH-26SEP13KALDAY-KAL,https://kalshi.com/markets/kxwtamatch/wta-tennis-match,https://kalshi.com/markets/kxwtamatch/wta-tennis-match/kxwtamatch-26sep13kalday,Elvina Kalieva wins,Elvina Kalieva,KXWTAMATCH-26SEP13KALDAY,Kalieva vs Day,KXWTAMATCH,WTA Tennis Match,Sports,"[""Tennis""]",settled,binary,0,1,0.01,0.01,0.99,0.01,1,1650181.64,1634415.79,708547.01,0,2026-09-12T16:06:00Z,2026-09-14T21:00:31Z,2026-09-27T16:00:00Z,,no,Kayla Day,structured,,,,True,2026-09-15T17:18:50+00:00
kalshi,KXBTC15M-26SEP150600-00,https://kalshi.com/markets/kxbtc15m/bitcoin-price-up-down,https://kalshi.com/markets/kxbtc15m/bitcoin-price-up-down/kxbtc15m-26sep150600,BTC price up in next 15 mins?,"Target Price: $76,941.92",KXBTC15M-26SEP150600,"BTC 15 min · $76,941.92 target",KXBTC15M,Bitcoin price up down,Crypto,"[""BTC"", ""15 min"", ""15 Min Markets""]",settled,binary,0,1,0.999,0.999,0.001,0.999,1,1631188.99,1631188.99,257980.23,0,2026-09-15T09:45:00Z,2026-09-15T10:00:00Z,2026-09-22T10:00:00Z,,yes,76942.41,greater_or_equal,76941.92,,,True,2026-09-15T17:18:22+00:00
kalshi,KXNFLTD-26SEP14DENKC-KCKWALKER9-1,https://kalshi.com/markets/kxnfltd/pro-football-touchdowns,https://kalshi.com/markets/kxnfltd/pro-football-touchdowns/kxnfltd-26sep14denkc,Kenneth Walker III: 1+ touchdowns,Kenneth Walker III: 1+,KXNFLTD-26SEP14DENKC,Denver vs Kansas City: Touchdowns,KXNFLTD,Pro Football Touchdowns,Sports,"[""Football""]",settled,binary,0,1,0.99,0.99,0.01,0.99,1,1704920.03,1627652.9,1408734.36,0,2026-09-04T21:04:00Z,2026-09-15T02:03:32Z,2026-09-17T00:15:00Z,,yes,anytime_td,greater,0.5,,,True,2026-09-15T17:18:40+00:00
kalshi,KXWTACHALLENGERMATCH-26SEP14ANDHRU-AND,https://kalshi.com/markets/kxwtachallengermatch/challenger-wta,https://kalshi.com/markets/kxwtachallengermatch/challenger-wta/kxwtachallengermatch-26sep14andhru,Erika Andreeva wins,Erika Andreeva,KXWTACHALLENGERMATCH-26SEP14ANDHRU,Andreeva vs Hruncakova,KXWTACHALLENGERMATCH,Challenger WTA,Sports,"[""Tennis""]",settled,binary,0,1,0.01,0.01,0.99,0.01,1,2031208.32,1622158.11,910865.2,0,2026-09-14T04:10:00Z,2026-09-14T18:48:06Z,2026-09-28T16:00:00Z,,no,Viktoria Hruncakova,structured,,,,True,2026-09-15T17:18:57+00:00
kalshi,KXBTC15M-26SEP150400-00,https://kalshi.com/markets/kxbtc15m/bitcoin-price-up-down,https://kalshi.com/markets/kxbtc15m/bitcoin-price-up-down/kxbtc15m-26sep150400,BTC price up in next 15 mins?,"Target Price: $77,016.75",KXBTC15M-26SEP150400,"BTC 15 min · $77,016.75 target",KXBTC15M,Bitcoin price up down,Crypto,"[""BTC"", ""15 min"", ""15 Min Markets""]",settled,binary,0,1,0.001,0.001,0.999,0.001,1,1611805.06,1611805.06,468085.5,0,2026-09-15T07:45:00Z,2026-09-15T08:00:00Z,2026-09-22T08:00:00Z,,no,76884.37,greater_or_equal,77016.75,,,True,2026-09-15T17:18:26+00:00
kalshi,KXBTC15M-26SEP150630-30,https://kalshi.com/markets/kxbtc15m/bitcoin-price-up-down,https://kalshi.com/markets/kxbtc15m/bitcoin-price-up-down/kxbtc15m-26sep150630,BTC price up in next 15 mins?,"Target Price: $76,968.39",KXBTC15M-26SEP150630,"BTC 15 min · $76,968.39 target",KXBTC15M,Bitcoin price up down,Crypto,"[""BTC"", ""15 min"", ""15 Min Markets""]",settled,binary,0,1,0.001,0.001,0.999,0.001,1,1592813.85,1592813.85,332474.84,0,2026-09-15T10:15:00Z,2026-09-15T10:30:00Z,2026-09-22T10:30:00Z,,no,76874.27,greater_or_equal,76968.39,,,True,2026-09-15T17:18:22+00:00
kalshi,KXBTC15M-26SEP150745-45,https://kalshi.com/markets/kxbtc15m/bitcoin-price-up-down,https://kalshi.com/markets/kxbtc15m/bitcoin-price-up-down/kxbtc15m-26sep150745,BTC price up in next 15 mins?,"Target Price: $76,972.00",KXBTC15M-26SEP150745,"BTC 15 min · $76,972.00 target",KXBTC15M,Bitcoin price up down,Crypto,"[""BTC"", ""15 min"", ""15 Min Markets""]",settled,binary,0,1,0.001,0.001,0.999,0.001,1,1576123.35,1576123.35,522784.84,0,2026-09-15T11:30:00Z,2026-09-15T11:45:00Z,2026-09-22T11:45:00Z,,no,76888.08,greater_or_equal,76972,,,True,2026-09-15T17:18:21+00:00
kalshi,KXBTC15M-26SEP150445-45,https://kalshi.com/markets/kxbtc15m/bitcoin-price-up-down,https://kalshi.com/markets/kxbtc15m/bitcoin-price-up-down/kxbtc15m-26sep150445,BTC price up in next 15 mins?,"Target Price: $76,830.08",KXBTC15M-26SEP150445,"BTC 15 min · $76,830.08 target",KXBTC15M,Bitcoin price up down,Crypto,"[""BTC"", ""15 min"", ""15 Min Markets""]",settled,binary,0,1,0.001,0.001,0.999,0.001,1,1545530.78,1545530.78,338176.29,0,2026-09-15T08:30:00Z,2026-09-15T08:45:00Z,2026-09-22T08:45:00Z,,no,76814.53,greater_or_equal,76830.08,,,True,2026-09-15T17:18:24+00:00
kalshi,KXBTC15M-26SEP151315-15,https://kalshi.com/markets/kxbtc15m/bitcoin-price-up-down,https://kalshi.com/markets/kxbtc15m/bitcoin-price-up-down/kxbtc15m-26sep151315,BTC price up in next 15 mins?,"Target Price: $76,366.59",KXBTC15M-26SEP151315,"BTC 15 min · $76,366.59 target",KXBTC15M,Bitcoin price up down,Crypto,"[""BTC"", ""15 min"", ""15 Min Markets""]",settled,binary,0,1,0.001,0.001,0.999,0.001,1,2658689.84,1526844.24,1172152.73,0,2026-09-15T17:00:00Z,2026-09-15T17:15:00Z,2026-09-22T17:15:00Z,,no,76209.42,greater_or_equal,76366.59,,,True,2026-09-15T17:18:16+00:00
kalshi,KXATPCHALLENGERMATCH-26SEP14SHISEK-SHI,https://kalshi.com/markets/kxatpchallengermatch/challenger-atp,https://kalshi.com/markets/kxatpchallengermatch/challenger-atp/kxatpchallengermatch-26sep14shisek,Yuta Shimizu wins,Yuta Shimizu,KXATPCHALLENGERMATCH-26SEP14SHISEK,Shimizu vs Sekulic,KXATPCHALLENGERMATCH,Challenger ATP ,Sports,"[""Tennis""]",settled,binary,0,1,0.01,0.01,0.99,0.01,1,1517654.01,1517654.01,787233.6,0,2026-09-14T15:10:00Z,2026-09-15T05:10:33Z,2026-09-29T03:00:00Z,,no,Philip Sekulic,structured,,,,True,2026-09-15T17:18:30+00:00
kalshi,KXWTACHALLENGERMATCH-26SEP15FALNOV-NOV,https://kalshi.com/markets/kxwtachallengermatch/challenger-wta,https://kalshi.com/markets/kxwtachallengermatch/challenger-wta/kxwtachallengermatch-26sep15falnov,Kristina Novak wins,Kristina Novak,KXWTACHALLENGERMATCH-26SEP15FALNOV,Falkowska vs Novak,KXWTACHALLENGERMATCH,Challenger WTA,Sports,"[""Tennis""]",settled,binary,0,1,0.01,0.01,0.99,0.01,1,1511545.83,1511545.83,495856.2,0,2026-09-14T22:30:00Z,2026-09-15T16:00:40Z,2026-09-29T10:20:00Z,,no,Weronika Falkowska,structured,,,,True,2026-09-15T17:18:17+00:00
kalshi,KXBTC15M-26SEP150500-00,https://kalshi.com/markets/kxbtc15m/bitcoin-price-up-down,https://kalshi.com/markets/kxbtc15m/bitcoin-price-up-down/kxbtc15m-26sep150500,BTC price up in next 15 mins?,"Target Price: $76,814.53",KXBTC15M-26SEP150500,"BTC 15 min · $76,814.53 target",KXBTC15M,Bitcoin price up down,Crypto,"[""BTC"", ""15 min"", ""15 Min Markets""]",settled,binary,0,1,0.999,0.999,0.001,0.999,1,1498807.46,1498807.46,417180.29,0,2026-09-15T08:45:00Z,2026-09-15T09:00:00Z,2026-09-22T09:00:00Z,,yes,76952.10,greater_or_equal,76814.53,,,True,2026-09-15T17:18:24+00:00
kalshi,KXBTC15M-26SEP150715-15,https://kalshi.com/markets/kxbtc15m/bitcoin-price-up-down,https://kalshi.com/markets/kxbtc15m/bitcoin-price-up-down/kxbtc15m-26sep150715,BTC price up in next 15 mins?,"Target Price: $77,026.52",KXBTC15M-26SEP150715,"BTC 15 min · $77,026.52 target",KXBTC15M,Bitcoin price up down,Crypto,"[""BTC"", ""15 min"", ""15 Min Markets""]",settled,binary,0,1,0.001,0.001,0.999,0.001,1,1488750.03,1488750.03,279489.51,0,2026-09-15T11:00:00Z,2026-09-15T11:15:00Z,2026-09-22T11:15:00Z,,no,76996.80,greater_or_equal,77026.52,,,True,2026-09-15T17:18:21+00:00
kalshi,KXATPCHALLENGERMATCH-26SEP15PELSAT-PEL,https://kalshi.com/markets/kxatpchallengermatch/challenger-atp,https://kalshi.com/markets/kxatpchallengermatch/challenger-atp/kxatpchallengermatch-26sep15pelsat,Filip Peliwo wins,Filip Peliwo,KXATPCHALLENGERMATCH-26SEP15PELSAT,Peliwo vs Sach,KXATPCHALLENGERMATCH,Challenger ATP ,Sports,"[""Tennis""]",settled,binary,0,1,0.99,0.99,0.01,0.99,1,1488345.24,1488345.24,486218,0,2026-09-14T16:20:00Z,2026-09-15T08:20:27Z,2026-09-29T04:10:00Z,,yes,Filip Peliwo,structured,,,,True,2026-09-15T17:18:24+00:00
kalshi,KXBTC15M-26SEP150515-15,https://kalshi.com/markets/kxbtc15m/bitcoin-price-up-down,https://kalshi.com/markets/kxbtc15m/bitcoin-price-up-down/kxbtc15m-26sep150515,BTC price up in next 15 mins?,"Target Price: $76,952.10",KXBTC15M-26SEP150515,"BTC 15 min · $76,952.10 target",KXBTC15M,Bitcoin price up down,Crypto,"[""BTC"", ""15 min"", ""15 Min Markets""]",settled,binary,0,1,0.001,0.001,0.999,0.001,1,1487883.68,1487883.68,436223.41,0,2026-09-15T09:00:00Z,2026-09-15T09:15:00Z,2026-09-22T09:15:00Z,,no,76870.64,greater_or_equal,76952.1,,,True,2026-09-15T17:18:23+00:00
kalshi,KXATPCHALLENGERMATCH-26SEP14BLAHAR-BLA,https://kalshi.com/markets/kxatpchallengermatch/challenger-atp,https://kalshi.com/markets/kxatpchallengermatch/challenger-atp/kxatpchallengermatch-26sep14blahar,Ugo Blanchet wins,Ugo Blanchet,KXATPCHALLENGERMATCH-26SEP14BLAHAR,Blanchet vs Harris,KXATPCHALLENGERMATCH,Challenger ATP ,Sports,"[""Tennis""]",settled,binary,0,1,0.99,0.99,0.01,0.99,1,1514517.84,1484497.98,880601.03,0,2026-09-14T05:10:00Z,2026-09-14T19:50:20Z,2026-09-28T17:00:00Z,,yes,Ugo Blanchet,structured,,,,True,2026-09-15T17:18:54+00:00
kalshi,KXITFWMATCH-26SEP14ZHASAI-SAI,https://kalshi.com/markets/kxitfwmatch/itf-women-s-match,https://kalshi.com/markets/kxitfwmatch/itf-women-s-match/kxitfwmatch-26sep14zhasai,Rina Saigo wins,Rina Saigo,KXITFWMATCH-26SEP14ZHASAI,Zhang vs Saigo,KXITFWMATCH,ITF Women's Match,Sports,"[""Tennis""]",settled,binary,0,1,0.01,0.01,0.99,0.01,1,1454293.11,1454293.11,485376.8,0,2026-09-14T10:13:00Z,2026-09-15T04:56:13Z,2026-09-29T02:00:00Z,,no,Ruien Zhang,structured,,,,True,2026-09-15T17:18:32+00:00
kalshi,KXATPCHALLENGERMATCH-26SEP15PALBOR-PAL,https://kalshi.com/markets/kxatpchallengermatch/challenger-atp,https://kalshi.com/markets/kxatpchallengermatch/challenger-atp/kxatpchallengermatch-26sep15palbor,Dominik Palan wins,Dominik Palan,KXATPCHALLENGERMATCH-26SEP15PALBOR,Palan vs Borisiouk,KXATPCHALLENGERMATCH,Challenger ATP ,Sports,"[""Tennis""]",settled,binary,0,1,0.01,0.01,0.99,0.01,1,1446913.17,1446913.17,630581.98,0,2026-09-14T16:20:00Z,2026-09-15T07:00:40Z,2026-09-29T04:10:00Z,,no,Martin Borisiouk,structured,,,,True,2026-09-15T17:18:26+00:00
kalshi,KXITFWMATCH-26SEP14ZHASAI-ZHA,https://kalshi.com/markets/kxitfwmatch/itf-women-s-match,https://kalshi.com/markets/kxitfwmatch/itf-women-s-match/kxitfwmatch-26sep14zhasai,Ruien Zhang wins,Ruien Zhang,KXITFWMATCH-26SEP14ZHASAI,Zhang vs Saigo,KXITFWMATCH,ITF Women's Match,Sports,"[""Tennis""]",settled,binary,0,1,0.99,0.99,0.01,0.99,1,1444701.2,1444701.2,651032.89,0,2026-09-14T10:13:00Z,2026-09-15T04:56:13Z,2026-09-29T02:00:00Z,,yes,Ruien Zhang,structured,,,,True,2026-09-15T17:18:32+00:00
kalshi,KXATPCHALLENGERMATCH-26SEP14BLAHAR-HAR,https://kalshi.com/markets/kxatpchallengermatch/challenger-atp,https://kalshi.com/markets/kxatpchallengermatch/challenger-atp/kxatpchallengermatch-26sep14blahar,Billy Harris wins,Billy Harris,KXATPCHALLENGERMATCH-26SEP14BLAHAR,Blanchet vs Harris,KXATPCHALLENGERMATCH,Challenger ATP ,Sports,"[""Tennis""]",settled,binary,0,1,0.01,0.01,0.99,0.01,1,1447045.64,1440614.27,756438.38,0,2026-09-14T05:10:00Z,2026-09-14T19:50:20Z,2026-09-28T17:00:00Z,,no,Ugo Blanchet,structured,,,,True,2026-09-15T17:18:54+00:00
kalshi,KXBTC15M-26SEP150615-15,https://kalshi.com/markets/kxbtc15m/bitcoin-price-up-down,https://kalshi.com/markets/kxbtc15m/bitcoin-price-up-down/kxbtc15m-26sep150615,BTC price up in next 15 mins?,"Target Price: $76,942.41",KXBTC15M-26SEP150615,"BTC 15 min · $76,942.41 target",KXBTC15M,Bitcoin price up down,Crypto,"[""BTC"", ""15 min"", ""15 Min Markets""]",settled,binary,0,1,0.999,0.999,0.001,0.999,1,1440101.62,1440101.62,314720.19,0,2026-09-15T10:00:00Z,2026-09-15T10:15:00Z,2026-09-22T10:15:00Z,,yes,76968.39,greater_or_equal,76942.41,,,True,2026-09-15T17:18:22+00:00
kalshi,KXBTC15M-26SEP150730-30,https://kalshi.com/markets/kxbtc15m/bitcoin-price-up-down,https://kalshi.com/markets/kxbtc15m/bitcoin-price-up-down/kxbtc15m-26sep150730,BTC price up in next 15 mins?,"Target Price: $76,996.80",KXBTC15M-26SEP150730,"BTC 15 min · $76,996.80 target",KXBTC15M,Bitcoin price up down,Crypto,"[""BTC"", ""15 min"", ""15 Min Markets""]",settled,binary,0,1,0.001,0.001,0.999,0.001,1,1439157.84,1439157.84,374214.16,0,2026-09-15T11:15:00Z,2026-09-15T11:30:00Z,2026-09-22T11:30:00Z,,no,76972.00,greater_or_equal,76996.8,,,True,2026-09-15T17:18:21+00:00
kalshi,KXATPCHALLENGERMATCH-26SEP14GENWAZ-GEN,https://kalshi.com/markets/kxatpchallengermatch/challenger-atp,https://kalshi.com/markets/kxatpchallengermatch/challenger-atp/kxatpchallengermatch-26sep14genwaz,Tom Gentzsch wins,Tom Gentzsch,KXATPCHALLENGERMATCH-26SEP14GENWAZ,Gentzsch vs Wazny,KXATPCHALLENGERMATCH,Challenger ATP ,Sports,"[""Tennis""]",settled,binary,0,1,0.99,0.99,0.01,0.99,1,1451773.22,1432005.35,514988.89,0,2026-09-14T05:10:00Z,2026-09-14T19:30:19Z,2026-09-28T17:00:00Z,,yes,Tom Gentzsch,structured,,,,True,2026-09-15T17:18:54+00:00
kalshi,KXWTACHALLENGERMATCH-26SEP14CURERJ-ERJ,https://kalshi.com/markets/kxwtachallengermatch/challenger-wta,https://kalshi.com/markets/kxwtachallengermatch/challenger-wta/kxwtachallengermatch-26sep14curerj,Veronika Erjavec wins,Veronika Erjavec,KXWTACHALLENGERMATCH-26SEP14CURERJ,Curmi vs Erjavec,KXWTACHALLENGERMATCH,Challenger WTA,Sports,"[""Tennis""]",settled,binary,0,1,0.01,0.01,0.99,0.01,1,1671252.42,1412118.02,713638.63,0,2026-09-14T04:10:00Z,2026-09-14T18:10:47Z,2026-09-28T16:00:00Z,,no,Francesca Curmi,structured,,,,True,2026-09-15T17:18:57+00:00
kalshi,KXWTAMATCH-26SEP14MONSTE-STE,https://kalshi.com/markets/kxwtamatch/wta-tennis-match,https://kalshi.com/markets/kxwtamatch/wta-tennis-match/kxwtamatch-26sep14monste,Sloane Stephens wins,Sloane Stephens,KXWTAMATCH-26SEP14MONSTE,Monnet vs Stephens,KXWTAMATCH,WTA Tennis Match,Sports,"[""Tennis""]",settled,binary,0,1,0.99,0.99,0.01,0.99,1,1414257.67,1411429.86,861981.52,0,2026-09-14T00:25:00Z,2026-09-14T21:04:56Z,2026-09-28T19:00:00Z,,yes,Sloane Stephens,structured,,,,True,2026-09-15T17:18:50+00:00
kalshi,KXMLBGAME-26SEP141940ATLCHC-ATL,https://kalshi.com/markets/kxmlbgame/professional-baseball-game,https://kalshi.com/markets/kxmlbgame/professional-baseball-game/kxmlbgame-26sep141940atlchc,Atlanta wins,Atlanta,KXMLBGAME-26SEP141940ATLCHC,Atlanta vs Chicago C,KXMLBGAME,Professional Baseball Game,Sports,"[""Baseball""]",settled,binary,0,1,0.01,0.01,0.99,0.01,1,1446944.07,1407203.02,838483.03,0,2026-09-11T23:55:00Z,2026-09-15T02:24:26Z,2026-09-17T23:40:00Z,,no,Chicago C,structured,,,,True,2026-09-15T17:18:38+00:00
kalshi,KXWTAMATCH-26SEP13JACSAM-JAC,https://kalshi.com/markets/kxwtamatch/wta-tennis-match,https://kalshi.com/markets/kxwtamatch/wta-tennis-match/kxwtamatch-26sep13jacsam,Elsa Jacquemot wins,Elsa Jacquemot,KXWTAMATCH-26SEP13JACSAM,Jacquemot vs Samsonova,KXWTAMATCH,WTA Tennis Match,Sports,"[""Tennis""]",settled,binary,0,1,0.01,0.01,0.99,0.01,1,1404221.43,1400796.22,671632.24,0,2026-09-12T16:06:00Z,2026-09-15T02:40:04Z,2026-09-27T16:00:00Z,,no,Liudmila Samsonova,structured,,,,True,2026-09-15T17:18:38+00:00
kalshi,KXNFLTOTAL-26SEP14DENKC-44,https://kalshi.com/markets/kxnfltotal/pro-football-total-points,https://kalshi.com/markets/kxnfltotal/pro-football-total-points/kxnfltotal-26sep14denkc,Will there be over 43.5 points scored?,Over 43.5 points scored,KXNFLTOTAL-26SEP14DENKC,Denver vs Kansas City: Total Points,KXNFLTOTAL,Pro Football Total Points,Sports,"[""Football""]",settled,binary,0,1,0.01,0.01,0.99,0.01,1,2072594.77,1393405.41,1247637.87,0,2026-08-03T23:13:00Z,2026-09-15T03:29:48Z,2026-09-17T00:15:00Z,,no,41,greater,43.5,,,True,2026-09-15T17:18:35+00:00
kalshi,KXMLBGAME-26SEP141840LADCIN-LAD,https://kalshi.com/markets/kxmlbgame/professional-baseball-game,https://kalshi.com/markets/kxmlbgame/professional-baseball-game/kxmlbgame-26sep141840ladcin,Los Angeles D wins,Los Angeles D,KXMLBGAME-26SEP141840LADCIN,Los Angeles D vs Cincinnati,KXMLBGAME,Professional Baseball Game,Sports,"[""Baseball""]",settled,binary,0,1,0.99,0.99,0.01,0.99,1,1589937.06,1391388.17,1053560.94,0,2026-09-11T22:55:00Z,2026-09-15T00:59:50Z,2026-09-17T22:40:00Z,,yes,Los Angeles D,structured,,,,True,2026-09-15T17:18:44+00:00
kalshi,KXBTC15M-26SEP150415-15,https://kalshi.com/markets/kxbtc15m/bitcoin-price-up-down,https://kalshi.com/markets/kxbtc15m/bitcoin-price-up-down/kxbtc15m-26sep150415,BTC price up in next 15 mins?,"Target Price: $76,884.37",KXBTC15M-26SEP150415,"BTC 15 min · $76,884.37 target",KXBTC15M,Bitcoin price up down,Crypto,"[""BTC"", ""15 min"", ""15 Min Markets""]",settled,binary,0,1,0.001,0.001,0.999,0.001,1,1379138.85,1379138.85,447946.68,0,2026-09-15T08:00:00Z,2026-09-15T08:15:00Z,2026-09-22T08:15:00Z,,no,76756.40,greater_or_equal,76884.37,,,True,2026-09-15T17:18:24+00:00
kalshi,KXT20MATCH-26SEP151000INDAFG-AFG,https://kalshi.com/markets/kxt20match/men-s-t20-cricket-match,https://kalshi.com/markets/kxt20match/men-s-t20-cricket-match/kxt20match-26sep151000indafg,Afghanistan wins,Afghanistan,KXT20MATCH-26SEP151000INDAFG,Afghanistan vs India,KXT20MATCH,Men's T20 Cricket Match,Sports,"[""Cricket""]",settled,binary,0,1,0.01,0.01,0.99,0.01,1,1405789.67,1377171.75,1058609.15,0,2026-09-13T00:11:00Z,2026-09-15T17:00:55Z,2026-09-17T18:00:00Z,,no,India,structured,,,,True,2026-09-15T17:18:16+00:00
kalshi,KXATPCHALLENGERMATCH-26SEP14HAPAV-HA,https://kalshi.com/markets/kxatpchallengermatch/challenger-atp,https://kalshi.com/markets/kxatpchallengermatch/challenger-atp/kxatpchallengermatch-26sep14hapav,Ha Minh Duc Vu wins,Ha Minh Duc Vu,KXATPCHALLENGERMATCH-26SEP14HAPAV,Vu vs Pavlovic,KXATPCHALLENGERMATCH,Challenger ATP ,Sports,"[""Tennis""]",settled,binary,0,1,0.01,0.01,0.99,0.01,1,1363066.95,1362738.55,650455.72,0,2026-09-14T15:10:00Z,2026-09-15T04:40:35Z,2026-09-29T03:00:00Z,,no,Luka Pavlovic,structured,,,,True,2026-09-15T17:18:32+00:00
kalshi,KXMLBGAME-26SEP141907DETTOR-DET,https://kalshi.com/markets/kxmlbgame/professional-baseball-game,https://kalshi.com/markets/kxmlbgame/professional-baseball-game/kxmlbgame-26sep141907dettor,Detroit wins,Detroit,KXMLBGAME-26SEP141907DETTOR,Detroit vs Toronto,KXMLBGAME,Professional Baseball Game,Sports,"[""Baseball""]",settled,binary,0,1,0.99,0.99,0.01,0.99,1,1367054.74,1353436.15,507488.4,0,2026-09-11T23:25:00Z,2026-09-15T02:19:37Z,2026-09-17T23:07:00Z,,yes,Detroit,structured,,,,True,2026-09-15T17:18:38+00:00
kalshi,KXITFWMATCH-26SEP14DENHAY-DEN,https://kalshi.com/markets/kxitfwmatch/itf-women-s-match,https://kalshi.com/markets/kxitfwmatch/itf-women-s-match/kxitfwmatch-26sep14denhay,Tiana Tian Deng wins,Tiana Tian Deng,KXITFWMATCH-26SEP14DENHAY,Deng vs Hayasaka,KXITFWMATCH,ITF Women's Match,Sports,"[""Tennis""]",settled,binary,0,1,0.99,0.99,0.01,0.99,1,1352380.78,1352299.63,542643.73,0,2026-09-14T09:13:00Z,2026-09-15T03:21:55Z,2026-09-29T01:00:00Z,,yes,Tiana Tian Deng,structured,,,,True,2026-09-15T17:18:35+00:00
kalshi,KXATPCHALLENGERMATCH-26SEP14JOHARU-ARU,https://kalshi.com/markets/kxatpchallengermatch/challenger-atp,https://kalshi.com/markets/kxatpchallengermatch/challenger-atp/kxatpchallengermatch-26sep14joharu,Erik Arutiunian wins,Erik Arutiunian,KXATPCHALLENGERMATCH-26SEP14JOHARU,Johnson vs Arutiunian,KXATPCHALLENGERMATCH,Challenger ATP ,Sports,"[""Tennis""]",settled,binary,0,1,0.99,0.99,0.01,0.99,1,1349511.08,1349507.28,634773.14,0,2026-09-14T06:20:00Z,2026-09-14T21:30:34Z,2026-09-28T18:10:00Z,,yes,Erik Arutiunian,structured,,,,True,2026-09-15T17:18:50+00:00
kalshi,KXWTAMATCH-26SEP13KALDAY-DAY,https://kalshi.com/markets/kxwtamatch/wta-tennis-match,https://kalshi.com/markets/kxwtamatch/wta-tennis-match/kxwtamatch-26sep13kalday,Kayla Day wins,Kayla Day,KXWTAMATCH-26SEP13KALDAY,Kalieva vs Day,KXWTAMATCH,WTA Tennis Match,Sports,"[""Tennis""]",settled,binary,0,1,0.99,0.99,0.01,0.99,1,1333979.2,1324566.74,508166.88,0,2026-09-12T16:06:00Z,2026-09-14T21:00:31Z,2026-09-27T16:00:00Z,,yes,Kayla Day,structured,,,,True,2026-09-15T17:18:50+00:00
kalshi,KXBTC15M-26SEP150645-45,https://kalshi.com/markets/kxbtc15m/bitcoin-price-up-down,https://kalshi.com/markets/kxbtc15m/bitcoin-price-up-down/kxbtc15m-26sep150645,BTC price up in next 15 mins?,"Target Price: $76,874.27",KXBTC15M-26SEP150645,"BTC 15 min · $76,874.27 target",KXBTC15M,Bitcoin price up down,Crypto,"[""BTC"", ""15 min"", ""15 Min Markets""]",settled,binary,0,1,0.999,0.999,0.001,0.999,1,1318618.19,1318618.19,389356.11,0,2026-09-15T10:30:00Z,2026-09-15T10:45:00Z,2026-09-22T10:45:00Z,,yes,76989.88,greater_or_equal,76874.27,,,True,2026-09-15T17:18:22+00:00
kalshi,KXITFMATCH-26SEP15KUKOSM-KUK,https://kalshi.com/markets/kxitfmatch/itf-men-s-match,https://kalshi.com/markets/kxitfmatch/itf-men-s-match/kxitfmatch-26sep15kukosm,Artur Kukasian wins,Artur Kukasian,KXITFMATCH-26SEP15KUKOSM,Kukasian vs Osminkin,KXITFMATCH,ITF Men's Match,Sports,"[""Tennis""]",settled,binary,0,1,0.99,0.99,0.01,0.99,1,1298368.78,1298368.78,519372.55,0,2026-09-14T14:42:00Z,2026-09-15T09:05:40Z,2026-09-29T06:30:00Z,,yes,Artur Kukasian,structured,,,,True,2026-09-15T17:18:23+00:00
kalshi,KXWTACHALLENGERMATCH-26SEP15ROMTRE-ROM,https://kalshi.com/markets/kxwtachallengermatch/challenger-wta,https://kalshi.com/markets/kxwtachallengermatch/challenger-wta/kxwtachallengermatch-26sep15romtre,Leyre Romero Gormaz wins,Leyre Romero Gormaz,KXWTACHALLENGERMATCH-26SEP15ROMTRE,Romero Gormaz vs Trevisan,KXWTACHALLENGERMATCH,Challenger WTA,Sports,"[""Tennis""]",settled,binary,0,1,0.01,0.01,0.99,0.01,1,1237950.71,1237950.71,554481.23,0,2026-09-14T23:40:00Z,2026-09-15T17:10:56Z,2026-09-29T11:30:00Z,,no,Martina Trevisan,structured,,,,True,2026-09-15T17:18:16+00:00
kalshi,KXMLBGAME-26SEP141840CWSCLE-CWS,https://kalshi.com/markets/kxmlbgame/professional-baseball-game,https://kalshi.com/markets/kxmlbgame/professional-baseball-game/kxmlbgame-26sep141840cwscle,Chicago WS wins,Chicago WS,KXMLBGAME-26SEP141840CWSCLE,Chicago WS vs Cleveland,KXMLBGAME,Professional Baseball Game,Sports,"[""Baseball""]",settled,binary,0,1,0.99,0.99,0.01,0.99,1,1248472.01,1216511.13,570393.28,0,2026-09-11T22:55:00Z,2026-09-15T01:55:02Z,2026-09-17T22:40:00Z,,yes,Chicago WS,structured,,,,True,2026-09-15T17:18:42+00:00
kalshi,KXLIGAMXGAME-26SEP14LEOASL-LEO,https://kalshi.com/markets/kxligamxgame/liga-mx-game,https://kalshi.com/markets/kxligamxgame/liga-mx-game/kxligamxgame-26sep14leoasl,Leon wins,Leon,KXLIGAMXGAME-26SEP14LEOASL,Leon vs San Luis,KXLIGAMXGAME,Liga MX Game,Sports,"[""Soccer""]",settled,binary,0,1,0.99,0.99,0.01,0.99,1,1256048.86,1181480.42,708350.28,0,2026-09-08T05:35:00Z,2026-09-15T03:02:12Z,2026-09-17T01:00:00Z,,yes,Leon,structured,,,,True,2026-09-15T17:18:35+00:00
kalshi,KXITFWMATCH-26SEP14DENHAY-HAY,https://kalshi.com/markets/kxitfwmatch/itf-women-s-match,https://kalshi.com/markets/kxitfwmatch/itf-women-s-match/kxitfwmatch-26sep14denhay,Kurea Hayasaka wins,Kurea Hayasaka,KXITFWMATCH-26SEP14DENHAY,Deng vs Hayasaka,KXITFWMATCH,ITF Women's Match,Sports,"[""Tennis""]",settled,binary,0,1,0.01,0.01,0.99,0.01,1,1178288.83,1178288.83,470895.45,0,2026-09-14T09:13:00Z,2026-09-15T03:21:55Z,2026-09-29T01:00:00Z,,no,Tiana Tian Deng,structured,,,,True,2026-09-15T17:18:35+00:00
kalshi,KXWTACHALLENGERMATCH-26SEP14KRAPOH-KRA,https://kalshi.com/markets/kxwtachallengermatch/challenger-wta,https://kalshi.com/markets/kxwtachallengermatch/challenger-wta/kxwtachallengermatch-26sep14krapoh,Sinja Kraus wins,Sinja Kraus,KXWTACHALLENGERMATCH-26SEP14KRAPOH,Kraus vs Pohankova,KXWTACHALLENGERMATCH,Challenger WTA,Sports,"[""Tennis""]",settled,binary,0,1,0.01,0.01,0.99,0.01,1,1188838.94,1176118.18,609506.32,0,2026-09-14T06:10:00Z,2026-09-14T20:05:10Z,2026-09-28T18:00:00Z,,no,Mia Pohankova,structured,,,,True,2026-09-15T17:18:52+00:00
kalshi,KXMLBGAME-26SEP141840CWSCLE-CLE,https://kalshi.com/markets/kxmlbgame/professional-baseball-game,https://kalshi.com/markets/kxmlbgame/professional-baseball-game/kxmlbgame-26sep141840cwscle,Cleveland wins,Cleveland,KXMLBGAME-26SEP141840CWSCLE,Chicago WS vs Cleveland,KXMLBGAME,Professional Baseball Game,Sports,"[""Baseball""]",settled,binary,0,1,0.01,0.01,0.99,0.01,1,1214885.98,1163293.07,625292.13,0,2026-09-11T22:55:00Z,2026-09-15T01:55:02Z,2026-09-17T22:40:00Z,,no,Chicago WS,structured,,,,True,2026-09-15T17:18:42+00:00
kalshi,KXWTACHALLENGERMATCH-26SEP15FALNOV-FAL,https://kalshi.com/markets/kxwtachallengermatch/challenger-wta,https://kalshi.com/markets/kxwtachallengermatch/challenger-wta/kxwtachallengermatch-26sep15falnov,Weronika Falkowska wins,Weronika Falkowska,KXWTACHALLENGERMATCH-26SEP15FALNOV,Falkowska vs Novak,KXWTACHALLENGERMATCH,Challenger WTA,Sports,"[""Tennis""]",settled,binary,0,1,0.99,0.99,0.01,0.99,1,1163094.51,1163094.51,414561.65,0,2026-09-14T22:30:00Z,2026-09-15T16:00:40Z,2026-09-29T10:20:00Z,,yes,Weronika Falkowska,structured,,,,True,2026-09-15T17:18:17+00:00
kalshi,KXNFLSPREAD-26SEP14DENKC-KC2,https://kalshi.com/markets/kxnflspread/pro-football-spread,https://kalshi.com/markets/kxnflspread/pro-football-spread/kxnflspread-26sep14denkc,Kansas City wins by over 1.5 points?,Kansas City wins by over 1.5 points,KXNFLSPREAD-26SEP14DENKC,Denver vs Kansas City: Spread,KXNFLSPREAD,Pro Football Spread,Sports,"[""Football""]",settled,binary,0,1,0.99,0.99,0.01,0.99,1,1200130.35,1156530.79,845103.3,0,2026-08-03T23:13:00Z,2026-09-15T03:19:44Z,2026-09-17T00:15:00Z,,yes,spread,greater,1.5,,,True,2026-09-15T17:18:35+00:00
kalshi,KXATPCHALLENGERMATCH-26SEP14SHEZIN-SHE,https://kalshi.com/markets/kxatpchallengermatch/challenger-atp,https://kalshi.com/markets/kxatpchallengermatch/challenger-atp/kxatpchallengermatch-26sep14shezin,Abdullah Shelbayh wins,Abdullah Shelbayh,KXATPCHALLENGERMATCH-26SEP14SHEZIN,Shelbayh vs Zink,KXATPCHALLENGERMATCH,Challenger ATP ,Sports,"[""Tennis""]",settled,binary,0,1,0.99,0.99,0.01,0.99,1,1153231.8,1152899.12,540611.78,0,2026-09-14T07:30:00Z,2026-09-15T00:20:26Z,2026-09-28T19:20:00Z,,yes,Abdullah Shelbayh,structured,,,,True,2026-09-15T17:18:44+00:00
kalshi,KXWTACHALLENGERMATCH-26SEP14CURERJ-CUR,https://kalshi.com/markets/kxwtachallengermatch/challenger-wta,https://kalshi.com/markets/kxwtachallengermatch/challenger-wta/kxwtachallengermatch-26sep14curerj,Francesca Curmi wins,Francesca Curmi,KXWTACHALLENGERMATCH-26SEP14CURERJ,Curmi vs Erjavec,KXWTACHALLENGERMATCH,Challenger WTA,Sports,"[""Tennis""]",settled,binary,0,1,0.99,0.99,0.01,0.99,1,1302581.15,1143755.58,691551.47,0,2026-09-14T04:10:00Z,2026-09-14T18:10:47Z,2026-09-28T16:00:00Z,,yes,Francesca Curmi,structured,,,,True,2026-09-15T17:18:57+00:00
kalshi,KXMLBGAME-26SEP142138SEALAA-LAA,https://kalshi.com/markets/kxmlbgame/professional-baseball-game,https://kalshi.com/markets/kxmlbgame/professional-baseball-game/kxmlbgame-26sep142138sealaa,Los Angeles A wins,Los Angeles A,KXMLBGAME-26SEP142138SEALAA,Seattle vs Los Angeles A,KXMLBGAME,Professional Baseball Game,Sports,"[""Baseball""]",settled,binary,0,1,0.99,0.99,0.01,0.99,1,1151347.94,1141862.24,644215.78,0,2026-09-12T01:55:00Z,2026-09-15T04:10:08Z,2026-09-18T01:38:00Z,,yes,Los Angeles A,structured,,,,True,2026-09-15T17:18:32+00:00
kalshi,KXMLBGAME-26SEP141907DETTOR-TOR,https://kalshi.com/markets/kxmlbgame/professional-baseball-game,https://kalshi.com/markets/kxmlbgame/professional-baseball-game/kxmlbgame-26sep141907dettor,Toronto wins,Toronto,KXMLBGAME-26SEP141907DETTOR,Detroit vs Toronto,KXMLBGAME,Professional Baseball Game,Sports,"[""Baseball""]",settled,binary,0,1,0.01,0.01,0.99,0.01,1,1211289.83,1139037.34,588830.21,0,2026-09-11T23:25:00Z,2026-09-15T02:19:37Z,2026-09-17T23:07:00Z,,no,Detroit,structured,,,,True,2026-09-15T17:18:38+00:00
kalshi,KXBTC15M-26SEP150545-45,https://kalshi.com/markets/kxbtc15m/bitcoin-price-up-down,https://kalshi.com/markets/kxbtc15m/bitcoin-price-up-down/kxbtc15m-26sep150545,BTC price up in next 15 mins?,"Target Price: $76,874.36",KXBTC15M-26SEP150545,"BTC 15 min · $76,874.36 target",KXBTC15M,Bitcoin price up down,Crypto,"[""BTC"", ""15 min"", ""15 Min Markets""]",settled,binary,0,1,0.999,0.999,0.001,0.999,1,1123896.66,1123896.66,370381.9,0,2026-09-15T09:30:00Z,2026-09-15T09:45:00Z,2026-09-22T09:45:00Z,,yes,76941.92,greater_or_equal,76874.36,,,True,2026-09-15T17:18:23+00:00
kalshi,KXATPCHALLENGERMATCH-26SEP14GENWAZ-WAZ,https://kalshi.com/markets/kxatpchallengermatch/challenger-atp,https://kalshi.com/markets/kxatpchallengermatch/challenger-atp/kxatpchallengermatch-26sep14genwaz,Alan Wazny wins,Alan Wazny,KXATPCHALLENGERMATCH-26SEP14GENWAZ,Gentzsch vs Wazny,KXATPCHALLENGERMATCH,Challenger ATP ,Sports,"[""Tennis""]",settled,binary,0,1,0.01,0.01,0.99,0.01,1,1130038.22,1120057.82,497150.95,0,2026-09-14T05:10:00Z,2026-09-14T19:30:19Z,2026-09-28T17:00:00Z,,no,Tom Gentzsch,structured,,,,True,2026-09-15T17:18:54+00:00
kalshi,KXATPCHALLENGERMATCH-26SEP15PELSAT-SAT,https://kalshi.com/markets/kxatpchallengermatch/challenger-atp,https://kalshi.com/markets/kxatpchallengermatch/challenger-atp/kxatpchallengermatch-26sep15pelsat,Tai Leonard Sach wins,Tai Leonard Sach,KXATPCHALLENGERMATCH-26SEP15PELSAT,Peliwo vs Sach,KXATPCHALLENGERMATCH,Challenger ATP ,Sports,"[""Tennis""]",settled,binary,0,1,0.01,0.01,0.99,0.01,1,1112222.09,1112222.09,517507.96,0,2026-09-14T16:20:00Z,2026-09-15T08:20:27Z,2026-09-29T04:10:00Z,,no,Filip Peliwo,structured,,,,True,2026-09-15T17:18:24+00:00
kalshi,KXATPCHALLENGERMATCH-26SEP15GAKKOL-KOL,https://kalshi.com/markets/kxatpchallengermatch/challenger-atp,https://kalshi.com/markets/kxatpchallengermatch/challenger-atp/kxatpchallengermatch-26sep15gakkol,Zdenek Kolar wins,Zdenek Kolar,KXATPCHALLENGERMATCH-26SEP15GAKKOL,Gakhov vs Kolar,KXATPCHALLENGERMATCH,Challenger ATP ,Sports,"[""Tennis""]",settled,binary,0,1,0.99,0.99,0.01,0.99,1,1093761.43,1093761.43,576141.9,0,2026-09-14T23:00:00Z,2026-09-15T14:35:18Z,2026-09-29T10:50:00Z,,yes,Zdenek Kolar,structured,,,,True,2026-09-15T17:18:18+00:00
kalshi,KXT20MATCH-26SEP151000INDAFG-IND,https://kalshi.com/markets/kxt20match/men-s-t20-cricket-match,https://kalshi.com/markets/kxt20match/men-s-t20-cricket-match/kxt20match-26sep151000indafg,India wins,India,KXT20MATCH-26SEP151000INDAFG,Afghanistan vs India,KXT20MATCH,Men's T20 Cricket Match,Sports,"[""Cricket""]",settled,binary,0,1,0.99,0.99,0.01,0.99,1,1107718.28,1070524.59,727700,0,2026-09-13T00:11:00Z,2026-09-15T17:00:55Z,2026-09-17T18:00:00Z,,yes,India,structured,,,,True,2026-09-15T17:18:16+00:00
kalshi,KXMLBGAME-26SEP141945SFSTL-STL,https://kalshi.com/markets/kxmlbgame/professional-baseball-game,https://kalshi.com/markets/kxmlbgame/professional-baseball-game/kxmlbgame-26sep141945sfstl,St. Louis wins,St. Louis,KXMLBGAME-26SEP141945SFSTL,San Francisco vs St. Louis,KXMLBGAME,Professional Baseball Game,Sports,"[""Baseball""]",settled,binary,0,1,0.99,0.99,0.01,0.99,1,1110111.33,1067634.72,477986.79,0,2026-09-11T23:55:00Z,2026-09-15T02:34:30Z,2026-09-17T23:45:00Z,,yes,St. Louis,structured,,,,True,2026-09-15T17:18:38+00:00
kalshi,KXNFLTOTAL-26SEP14DENKC-42,https://kalshi.com/markets/kxnfltotal/pro-football-total-points,https://kalshi.com/markets/kxnfltotal/pro-football-total-points/kxnfltotal-26sep14denkc,Will there be over 41.5 points scored?,Over 41.5 points scored,KXNFLTOTAL-26SEP14DENKC,Denver vs Kansas City: Total Points,KXNFLTOTAL,Pro Football Total Points,Sports,"[""Football""]",settled,binary,0,1,0.01,0.01,0.99,0.01,1,1084638.27,1067441.26,542328.01,0,2026-08-03T23:13:00Z,2026-09-15T03:29:48Z,2026-09-17T00:15:00Z,,no,41,greater,41.5,,,True,2026-09-15T17:18:35+00:00
kalshi,KXWTAMATCH-26SEP14ZARDOL-DOL,https://kalshi.com/markets/kxwtamatch/wta-tennis-match,https://kalshi.com/markets/kxwtamatch/wta-tennis-match/kxwtamatch-26sep14zardol,Caroline Dolehide wins,Caroline Dolehide,KXWTAMATCH-26SEP14ZARDOL,Zarazua vs Dolehide,KXWTAMATCH,WTA Tennis Match,Sports,"[""Tennis""]",settled,binary,0,1,0.99,0.99,0.01,0.99,1,1072252.01,1066370.39,611757.9,0,2026-09-14T00:25:00Z,2026-09-14T23:10:16Z,2026-09-28T20:10:00Z,,yes,Caroline Dolehide,structured,,,,True,2026-09-15T17:18:46+00:00
kalshi,KXWTACHALLENGERMATCH-26SEP15CARGOR-GOR,https://kalshi.com/markets/kxwtachallengermatch/challenger-wta,https://kalshi.com/markets/kxwtachallengermatch/challenger-wta/kxwtachallengermatch-26sep15cargor,Ekaterine Gorgodze wins,Ekaterine Gorgodze,KXWTACHALLENGERMATCH-26SEP15CARGOR,Carle vs Gorgodze,KXWTACHALLENGERMATCH,Challenger WTA,Sports,"[""Tennis""]",settled,binary,0,1,0.99,0.99,0.01,0.99,1,1053076.61,1053076.61,400427.43,0,2026-09-14T20:10:00Z,2026-09-15T13:50:29Z,2026-09-29T08:00:00Z,,yes,Ekaterine Gorgodze,structured,,,,True,2026-09-15T17:18:19+00:00
kalshi,KXATPCHALLENGERMATCH-26SEP14SHEZIN-ZIN,https://kalshi.com/markets/kxatpchallengermatch/challenger-atp,https://kalshi.com/markets/kxatpchallengermatch/challenger-atp/kxatpchallengermatch-26sep14shezin,Tyler Zink wins,Tyler Zink,KXATPCHALLENGERMATCH-26SEP14SHEZIN,Shelbayh vs Zink,KXATPCHALLENGERMATCH,Challenger ATP ,Sports,"[""Tennis""]",settled,binary,0,1,0.01,0.01,0.99,0.01,1,1048991.53,1047367.03,480231.64,0,2026-09-14T07:30:00Z,2026-09-15T00:20:26Z,2026-09-28T19:20:00Z,,no,Abdullah Shelbayh,structured,,,,True,2026-09-15T17:18:44+00:00
kalshi,KXWTAMATCH-26SEP13JACSAM-SAM,https://kalshi.com/markets/kxwtamatch/wta-tennis-match,https://kalshi.com/markets/kxwtamatch/wta-tennis-match/kxwtamatch-26sep13jacsam,Liudmila Samsonova wins,Liudmila Samsonova,KXWTAMATCH-26SEP13JACSAM,Jacquemot vs Samsonova,KXWTAMATCH,WTA Tennis Match,Sports,"[""Tennis""]",settled,binary,0,1,0.99,0.99,0.01,0.99,1,1028911.61,1020769.74,488448.51,0,2026-09-12T16:06:00Z,2026-09-15T02:40:04Z,2026-09-27T16:00:00Z,,yes,Liudmila Samsonova,structured,,,,True,2026-09-15T17:18:38+00:00
kalshi,KXNFLSPREAD-26SEP14DENKC-KC21,https://kalshi.com/markets/kxnflspread/pro-football-spread,https://kalshi.com/markets/kxnflspread/pro-football-spread/kxnflspread-26sep14denkc,Kansas City wins by over 20.5 points?,Kansas City wins by over 20.5 points,KXNFLSPREAD-26SEP14DENKC,Denver vs Kansas City: Spread,KXNFLSPREAD,Pro Football Spread,Sports,"[""Football""]",settled,binary,0,1,0.99,0.99,0.01,0.99,1,1021320.36,1016283.32,501049.78,0,2026-08-03T23:13:00Z,2026-09-15T03:19:43Z,2026-09-17T00:15:00Z,,yes,spread,greater,20.5,,,True,2026-09-15T17:18:35+00:00
kalshi,KXLALIGAGAME-26SEP13VILRBB-VIL,https://kalshi.com/markets/kxlaligagame/la-liga-game,https://kalshi.com/markets/kxlaligagame/la-liga-game/kxlaligagame-26sep13vilrbb,Villarreal wins,Villarreal,KXLALIGAGAME-26SEP13VILRBB,Villarreal vs Real Betis,KXLALIGAGAME,La Liga Game,Sports,"[""Soccer""]",settled,binary,0,1,0.01,0.01,0.99,0.01,1,1060465.1,982915.95,577327.32,0,2026-08-30T00:48:00Z,2026-09-14T21:02:19Z,2026-09-16T01:00:00Z,,no,Real Betis,structured,,,,True,2026-09-15T17:18:50+00:00
kalshi,KXNFLTOTAL-26SEP14DENKC-49,https://kalshi.com/markets/kxnfltotal/pro-football-total-points,https://kalshi.com/markets/kxnfltotal/pro-football-total-points/kxnfltotal-26sep14denkc,Will there be over 48.5 points scored?,Over 48.5 points scored,KXNFLTOTAL-26SEP14DENKC,Denver vs Kansas City: Total Points,KXNFLTOTAL,Pro Football Total Points,Sports,"[""Football""]",settled,binary,0,1,0.01,0.01,0.99,0.01,1,995356.97,981229.05,484143.96,0,2026-08-03T23:13:00Z,2026-09-15T03:29:49Z,2026-09-17T00:15:00Z,,no,41,greater,48.5,,,True,2026-09-15T17:18:35+00:00
kalshi,KXITFMATCH-26SEP15KUKOSM-OSM,https://kalshi.com/markets/kxitfmatch/itf-men-s-match,https://kalshi.com/markets/kxitfmatch/itf-men-s-match/kxitfmatch-26sep15kukosm,Vladimir Osminkin wins,Vladimir Osminkin,KXITFMATCH-26SEP15KUKOSM,Kukasian vs Osminkin,KXITFMATCH,ITF Men's Match,Sports,"[""Tennis""]",settled,binary,0,1,0.01,0.01,0.99,0.01,1,967374.1,967374.1,475526.65,0,2026-09-14T14:42:00Z,2026-09-15T09:05:40Z,2026-09-29T06:30:00Z,,no,Artur Kukasian,structured,,,,True,2026-09-15T17:18:23+00:00
kalshi,KXWTAMATCH-26SEP14FREHIB-HIB,https://kalshi.com/markets/kxwtamatch/wta-tennis-match,https://kalshi.com/markets/kxwtamatch/wta-tennis-match/kxwtamatch-26sep14frehib,Nao Hibino wins,Nao Hibino,KXWTAMATCH-26SEP14FREHIB,Frech vs Hibino,KXWTAMATCH,WTA Tennis Match,Sports,"[""Tennis""]",settled,binary,0,1,0.01,0.01,0.99,0.01,1,957849.17,957751.06,553389.37,0,2026-09-14T00:25:00Z,2026-09-15T01:10:13Z,2026-09-28T21:00:00Z,,no,Magdalena Frech,structured,,,,True,2026-09-15T17:18:42+00:00
kalshi,KXSERIEAGAME-26SEP14INTUDI-TIE,https://kalshi.com/markets/kxserieagame/serie-a-game,https://kalshi.com/markets/kxserieagame/serie-a-game/kxserieagame-26sep14intudi,Tie is the result,Tie,KXSERIEAGAME-26SEP14INTUDI,Inter vs Udinese,KXSERIEAGAME,Serie A Game,Sports,"[""Soccer""]",settled,binary,0,1,0.01,0.01,0.99,0.01,1,976592.41,955276.19,560960.91,0,2026-08-31T00:41:00Z,2026-09-14T21:02:20Z,2026-09-17T00:45:00Z,,no,Inter,structured,,,,True,2026-09-15T17:18:50+00:00
kalshi,KXWTACHALLENGERMATCH-26SEP15ROMTRE-TRE,https://kalshi.com/markets/kxwtachallengermatch/challenger-wta,https://kalshi.com/markets/kxwtachallengermatch/challenger-wta/kxwtachallengermatch-26sep15romtre,Martina Trevisan wins,Martina Trevisan,KXWTACHALLENGERMATCH-26SEP15ROMTRE,Romero Gormaz vs Trevisan,KXWTACHALLENGERMATCH,Challenger WTA,Sports,"[""Tennis""]",settled,binary,0,1,0.99,0.99,0.01,0.99,1,953857.73,952798.84,432992.67,0,2026-09-14T23:40:00Z,2026-09-15T17:10:56Z,2026-09-29T11:30:00Z,,yes,Martina Trevisan,structured,,,,True,2026-09-15T17:18:16+00:00
kalshi,KXNFLTD-26SEP14DENKC-KCTKELCE87-1,https://kalshi.com/markets/kxnfltd/pro-football-touchdowns,https://kalshi.com/markets/kxnfltd/pro-football-touchdowns/kxnfltd-26sep14denkc,Travis Kelce: 1+ touchdowns,Travis Kelce: 1+,KXNFLTD-26SEP14DENKC,Denver vs Kansas City: Touchdowns,KXNFLTD,Pro Football Touchdowns,Sports,"[""Football""]",settled,binary,0,1,0.01,0.01,0.99,0.01,1,980744.95,951278.79,795741.53,0,2026-09-04T21:04:00Z,2026-09-15T03:51:24Z,2026-09-17T00:15:00Z,,no,anytime_td,greater,0.5,,,True,2026-09-15T17:18:34+00:00
kalshi,KXNFLTOTAL-26SEP14DENKC-46,https://kalshi.com/markets/kxnfltotal/pro-football-total-points,https://kalshi.com/markets/kxnfltotal/pro-football-total-points/kxnfltotal-26sep14denkc,Will there be over 45.5 points scored?,Over 45.5 points scored,KXNFLTOTAL-26SEP14DENKC,Denver vs Kansas City: Total Points,KXNFLTOTAL,Pro Football Total Points,Sports,"[""Football""]",settled,binary,0,1,0.01,0.01,0.99,0.01,1,989488.66,950587.81,437594.88,0,2026-08-03T23:13:00Z,2026-09-15T03:29:49Z,2026-09-17T00:15:00Z,,no,41,greater,45.5,,,True,2026-09-15T17:18:35+00:00
kalshi,KXNFLTD-26SEP14DENKC-DENEENGRAM1-2,https://kalshi.com/markets/kxnfltd/pro-football-touchdowns,https://kalshi.com/markets/kxnfltd/pro-football-touchdowns/kxnfltd-26sep14denkc,Evan Engram: 2+ touchdowns,Evan Engram: 2+,KXNFLTD-26SEP14DENKC,Denver vs Kansas City: Touchdowns,KXNFLTD,Pro Football Touchdowns,Sports,"[""Football""]",settled,binary,0,1,0.01,0.01,0.99,0.01,1,980694.9,949062.28,858062.33,0,2026-09-04T21:04:00Z,2026-09-15T03:51:25Z,2026-09-17T00:15:00Z,,no,anytime_td,greater,1.5,,,True,2026-09-15T17:18:34+00:00
kalshi,KXATPCHALLENGERMATCH-26SEP14CASMON-CAS,https://kalshi.com/markets/kxatpchallengermatch/challenger-atp,https://kalshi.com/markets/kxatpchallengermatch/challenger-atp/kxatpchallengermatch-26sep14casmon,Murphy Cassone wins,Murphy Cassone,KXATPCHALLENGERMATCH-26SEP14CASMON,Cassone vs Montes-de la Torre,KXATPCHALLENGERMATCH,Challenger ATP ,Sports,"[""Tennis""]",settled,binary,0,1,0.99,0.99,0.01,0.99,1,938047.7,937068.86,531667.37,0,2026-09-14T06:20:00Z,2026-09-14T21:45:18Z,2026-09-28T18:10:00Z,,yes,Murphy Cassone,structured,,,,True,2026-09-15T17:18:50+00:00
kalshi,KXATPCHALLENGERMATCH-26SEP14STAPAS-STA,https://kalshi.com/markets/kxatpchallengermatch/challenger-atp,https://kalshi.com/markets/kxatpchallengermatch/challenger-atp/kxatpchallengermatch-26sep14stapas,Luca Staeheli wins,Luca Staeheli,KXATPCHALLENGERMATCH-26SEP14STAPAS,Staeheli vs Pascual Ferra,KXATPCHALLENGERMATCH,Challenger ATP ,Sports,"[""Tennis""]",settled,binary,0,1,0.99,0.99,0.01,0.99,1,935556.91,932265.63,454810.11,0,2026-09-14T05:10:00Z,2026-09-14T19:36:06Z,2026-09-28T17:00:00Z,,yes,Luca Staeheli,structured,,,,True,2026-09-15T17:18:54+00:00
kalshi,KXATPCHALLENGERMATCH-26SEP14BOYWIN-BOY,https://kalshi.com/markets/kxatpchallengermatch/challenger-atp,https://kalshi.com/markets/kxatpchallengermatch/challenger-atp/kxatpchallengermatch-26sep14boywin,Tristan Boyer wins,Tristan Boyer,KXATPCHALLENGERMATCH-26SEP14BOYWIN,Boyer vs Winter,KXATPCHALLENGERMATCH,Challenger ATP ,Sports,"[""Tennis""]",settled,binary,0,1,0.99,0.99,0.01,0.99,1,932508.62,932124.22,566042.53,0,2026-09-14T08:40:00Z,2026-09-15T02:15:20Z,2026-09-28T20:30:00Z,,yes,Tristan Boyer,structured,,,,True,2026-09-15T17:18:38+00:00
kalshi,KXNFLTOTAL-26SEP14DENKC-45,https://kalshi.com/markets/kxnfltotal/pro-football-total-points,https://kalshi.com/markets/kxnfltotal/pro-football-total-points/kxnfltotal-26sep14denkc,Will there be over 44.5 points scored?,Over 44.5 points scored,KXNFLTOTAL-26SEP14DENKC,Denver vs Kansas City: Total Points,KXNFLTOTAL,Pro Football Total Points,Sports,"[""Football""]",settled,binary,0,1,0.01,0.01,0.99,0.01,1,1020420.5,924449.39,510036.06,0,2026-08-03T23:13:00Z,2026-09-15T03:29:48Z,2026-09-17T00:15:00Z,,no,41,greater,44.5,,,True,2026-09-15T17:18:35+00:00
kalshi,KXATPCHALLENGERMATCH-26SEP14BARZHU-BAR,https://kalshi.com/markets/kxatpchallengermatch/challenger-atp,https://kalshi.com/markets/kxatpchallengermatch/challenger-atp/kxatpchallengermatch-26sep14barzhu,Ozan Baris wins,Ozan Baris,KXATPCHALLENGERMATCH-26SEP14BARZHU,Baris vs Zhu,KXATPCHALLENGERMATCH,Challenger ATP ,Sports,"[""Tennis""]",settled,binary,0,1,0.01,0.01,0.99,0.01,1,944875.63,923206.13,426145.93,0,2026-09-14T05:10:00Z,2026-09-14T19:25:03Z,2026-09-28T17:00:00Z,,no,Evan Zhu,structured,,,,True,2026-09-15T17:18:55+00:00
kalshi,KXNFLSPREAD-26SEP14DENKC-KC4,https://kalshi.com/markets/kxnflspread/pro-football-spread,https://kalshi.com/markets/kxnflspread/pro-football-spread/kxnflspread-26sep14denkc,Kansas City wins by over 3.5 points?,Kansas City wins by over 3.5 points,KXNFLSPREAD-26SEP14DENKC,Denver vs Kansas City: Spread,KXNFLSPREAD,Pro Football Spread,Sports,"[""Football""]",settled,binary,0,1,0.99,0.99,0.01,0.99,1,1020249.91,920932.22,641081.27,0,2026-08-03T23:13:00Z,2026-09-15T03:19:44Z,2026-09-17T00:15:00Z,,yes,spread,greater,3.5,,,True,2026-09-15T17:18:35+00:00
kalshi,KXWTACHALLENGERMATCH-26SEP15SELSCH-SEL,https://kalshi.com/markets/kxwtachallengermatch/challenger-wta,https://kalshi.com/markets/kxwtachallengermatch/challenger-wta/kxwtachallengermatch-26sep15selsch,Oksana Selekhmeteva wins,Oksana Selekhmeteva,KXWTACHALLENGERMATCH-26SEP15SELSCH,Selekhmeteva vs Schunk,KXWTACHALLENGERMATCH,Challenger WTA,Sports,"[""Tennis""]",settled,binary,0,1,0.01,0.01,0.99,0.01,1,914478.52,914478.52,410042.34,0,2026-09-14T22:30:00Z,2026-09-15T14:55:25Z,2026-09-29T10:20:00Z,,no,Nastasja Schunk,structured,,,,True,2026-09-15T17:18:18+00:00
kalshi,KXATPCHALLENGERMATCH-26SEP14BOYWIN-WIN,https://kalshi.com/markets/kxatpchallengermatch/challenger-atp,https://kalshi.com/markets/kxatpchallengermatch/challenger-atp/kxatpchallengermatch-26sep14boywin,Edward Winter wins,Edward Winter,KXATPCHALLENGERMATCH-26SEP14BOYWIN,Boyer vs Winter,KXATPCHALLENGERMATCH,Challenger ATP ,Sports,"[""Tennis""]",settled,binary,0,1,0.01,0.01,0.99,0.01,1,913011.04,912908.93,531866.14,0,2026-09-14T08:40:00Z,2026-09-15T02:15:20Z,2026-09-28T20:30:00Z,,no,Tristan Boyer,structured,,,,True,2026-09-15T17:18:38+00:00
kalshi,KXBTCD-26SEP1417-T79249.99,https://kalshi.com/markets/kxbtcd/bitcoin-price-above-below,https://kalshi.com/markets/kxbtcd/bitcoin-price-above-below/kxbtcd-26sep1417,"Bitcoin price on Sep 14, 2026?","$79,250 or above",KXBTCD-26SEP1417,"BTC price on Sep 14, 2026 at 5pm EDT?",KXBTCD,Bitcoin price Above/below,Crypto,"[""Hourly"", ""BTC""]",settled,binary,0,1,0.01,0.01,0.99,0.01,1,919802.77,901535.08,154455.89,0,2026-09-13T20:00:00Z,2026-09-14T21:00:00Z,2026-09-21T21:00:00Z,,no,79093.33,greater,79249.99,,BRTI,True,2026-09-15T17:18:52+00:00
kalshi,KXMLBGAME-26SEP141945SFSTL-SF,https://kalshi.com/markets/kxmlbgame/professional-baseball-game,https://kalshi.com/markets/kxmlbgame/professional-baseball-game/kxmlbgame-26sep141945sfstl,San Francisco wins,San Francisco,KXMLBGAME-26SEP141945SFSTL,San Francisco vs St. Louis,KXMLBGAME,Professional Baseball Game,Sports,"[""Baseball""]",settled,binary,0,1,0.01,0.01,0.99,0.01,1,903745.12,887610.57,532315.5,0,2026-09-11T23:55:00Z,2026-09-15T02:34:30Z,2026-09-17T23:45:00Z,,no,St. Louis,structured,,,,True,2026-09-15T17:18:38+00:00
kalshi,KXMLBGAME-26SEP141840LADCIN-CIN,https://kalshi.com/markets/kxmlbgame/professional-baseball-game,https://kalshi.com/markets/kxmlbgame/professional-baseball-game/kxmlbgame-26sep141840ladcin,Cincinnati wins,Cincinnati,KXMLBGAME-26SEP141840LADCIN,Los Angeles D vs Cincinnati,KXMLBGAME,Professional Baseball Game,Sports,"[""Baseball""]",settled,binary,0,1,0.01,0.01,0.99,0.01,1,914100,885203.68,681164.73,0,2026-09-11T22:55:00Z,2026-09-15T00:59:50Z,2026-09-17T22:40:00Z,,no,Los Angeles D,structured,,,,True,2026-09-15T17:18:44+00:00
kalshi,KXWTAMATCH-26SEP14MONSTE-MON,https://kalshi.com/markets/kxwtamatch/wta-tennis-match,https://kalshi.com/markets/kxwtamatch/wta-tennis-match/kxwtamatch-26sep14monste,Carole Monnet wins,Carole Monnet,KXWTAMATCH-26SEP14MONSTE,Monnet vs Stephens,KXWTAMATCH,WTA Tennis Match,Sports,"[""Tennis""]",settled,binary,0,1,0.01,0.01,0.99,0.01,1,887797.67,880018.1,436547.51,0,2026-09-14T00:25:00Z,2026-09-14T21:04:56Z,2026-09-28T19:00:00Z,,no,Sloane Stephens,structured,,,,True,2026-09-15T17:18:50+00:00
kalshi,KXATPCHALLENGERMATCH-26SEP14BARZHU-ZHU,https://kalshi.com/markets/kxatpchallengermatch/challenger-atp,https://kalshi.com/markets/kxatpchallengermatch/challenger-atp/kxatpchallengermatch-26sep14barzhu,Evan Zhu wins,Evan Zhu,KXATPCHALLENGERMATCH-26SEP14BARZHU,Baris vs Zhu,KXATPCHALLENGERMATCH,Challenger ATP ,Sports,"[""Tennis""]",settled,binary,0,1,0.99,0.99,0.01,0.99,1,888733.11,875124.01,454547.72,0,2026-09-14T05:10:00Z,2026-09-14T19:25:03Z,2026-09-28T17:00:00Z,,yes,Evan Zhu,structured,,,,True,2026-09-15T17:18:55+00:00
kalshi,KXITFWMATCH-26SEP14SAGARY-ARY,https://kalshi.com/markets/kxitfwmatch/itf-women-s-match,https://kalshi.com/markets/kxitfwmatch/itf-women-s-match/kxitfwmatch-26sep14sagary,Asylzhan Arystanbekova wins,Asylzhan Arystanbekova,KXITFWMATCH-26SEP14SAGARY,Sagandykova vs Arystanbekova,KXITFWMATCH,ITF Women's Match,Sports,"[""Tennis""]",settled,binary,0,1,0.01,0.01,0.99,0.01,1,874977.72,874977.72,406957.17,0,2026-09-14T10:13:00Z,2026-09-15T04:02:18Z,2026-09-29T02:00:00Z,,no,Aruzhan Sagandykova,structured,,,,True,2026-09-15T17:18:32+00:00
kalshi,KXITFWMATCH-26SEP14SAGARY-SAG,https://kalshi.com/markets/kxitfwmatch/itf-women-s-match,https://kalshi.com/markets/kxitfwmatch/itf-women-s-match/kxitfwmatch-26sep14sagary,Aruzhan Sagandykova wins,Aruzhan Sagandykova,KXITFWMATCH-26SEP14SAGARY,Sagandykova vs Arystanbekova,KXITFWMATCH,ITF Women's Match,Sports,"[""Tennis""]",settled,binary,0,1,0.99,0.99,0.01,0.99,1,867449.85,867443.71,436094.75,0,2026-09-14T10:13:00Z,2026-09-15T04:02:18Z,2026-09-29T02:00:00Z,,yes,Aruzhan Sagandykova,structured,,,,True,2026-09-15T17:18:32+00:00
kalshi,KXLIGAPORTUGALGAME-26SEP14BRAEST-BRA,https://kalshi.com/markets/kxligaportugalgame/liga-portugal-game,https://kalshi.com/markets/kxligaportugalgame/liga-portugal-game/kxligaportugalgame-26sep14braest,Braga wins,Braga,KXLIGAPORTUGALGAME-26SEP14BRAEST,Braga vs Estoril,KXLIGAPORTUGALGAME,Liga Portugal Game,Sports,"[""Soccer""]",settled,binary,0,1,0.99,0.99,0.01,0.99,1,858086.11,852468.26,421014.79,0,2026-09-07T00:36:00Z,2026-09-14T22:02:45Z,2026-09-17T01:45:00Z,,yes,Braga,structured,,,,True,2026-09-15T17:18:48+00:00
kalshi,KXWTAMATCH-26SEP14STEPOD-STE,https://kalshi.com/markets/kxwtamatch/wta-tennis-match,https://kalshi.com/markets/kxwtamatch/wta-tennis-match/kxwtamatch-26sep14stepod,Lucrezia Stefanini wins,Lucrezia Stefanini,KXWTAMATCH-26SEP14STEPOD,Stefanini vs Podoroska,KXWTAMATCH,WTA Tennis Match,Sports,"[""Tennis""]",settled,binary,0,1,0.01,0.01,0.99,0.01,1,845832.94,845476.62,451048.67,0,2026-09-13T13:05:00Z,2026-09-15T15:34:51Z,2026-09-28T13:00:00Z,,no,Nadia Podoroska,structured,,,,True,2026-09-15T17:18:18+00:00
kalshi,KXNFLTD-26SEP14DENKC-KCPMAHOMES15-2,https://kalshi.com/markets/kxnfltd/pro-football-touchdowns,https://kalshi.com/markets/kxnfltd/pro-football-touchdowns/kxnfltd-26sep14denkc,Patrick Mahomes: 2+ touchdowns,Patrick Mahomes: 2+,KXNFLTD-26SEP14DENKC,Denver vs Kansas City: Touchdowns,KXNFLTD,Pro Football Touchdowns,Sports,"[""Football""]",settled,binary,0,1,0.01,0.01,0.99,0.01,1,946460.81,844680.84,769482.61,0,2026-09-10T23:28:00Z,2026-09-15T03:51:26Z,2026-09-17T00:15:00Z,,no,anytime_td,greater,1.5,,,True,2026-09-15T17:18:34+00:00
kalshi,KXWTAMATCH-26SEP14FREHIB-FRE,https://kalshi.com/markets/kxwtamatch/wta-tennis-match,https://kalshi.com/markets/kxwtamatch/wta-tennis-match/kxwtamatch-26sep14frehib,Magdalena Frech wins,Magdalena Frech,KXWTAMATCH-26SEP14FREHIB,Frech vs Hibino,KXWTAMATCH,WTA Tennis Match,Sports,"[""Tennis""]",settled,binary,0,1,0.99,0.99,0.01,0.99,1,832917.72,829186.61,434960.79,0,2026-09-14T00:25:00Z,2026-09-15T01:10:13Z,2026-09-28T21:00:00Z,,yes,Magdalena Frech,structured,,,,True,2026-09-15T17:18:42+00:00
kalshi,KXITFMATCH-26SEP15KACLIU-LIU,https://kalshi.com/markets/kxitfmatch/itf-men-s-match,https://kalshi.com/markets/kxitfmatch/itf-men-s-match/kxitfmatch-26sep15kacliu,Shaoyun Liu wins,Shaoyun Liu,KXITFMATCH-26SEP15KACLIU,Kachmazov vs Liu,KXITFMATCH,ITF Men's Match,Sports,"[""Tennis""]",settled,binary,0,1,0.01,0.01,0.99,0.01,1,822693.27,822693.27,339207.71,0,2026-09-14T13:12:00Z,2026-09-15T07:25:53Z,2026-09-29T05:00:00Z,,no,Alibek Kachmazov,structured,,,,True,2026-09-15T17:18:26+00:00
kalshi,KXNFLSPREAD-26SEP14DENKC-KC24,https://kalshi.com/markets/kxnflspread/pro-football-spread,https://kalshi.com/markets/kxnflspread/pro-football-spread/kxnflspread-26sep14denkc,Kansas City wins by over 23.5 points?,Kansas City wins by over 23.5 points,KXNFLSPREAD-26SEP14DENKC,Denver vs Kansas City: Spread,KXNFLSPREAD,Pro Football Spread,Sports,"[""Football""]",settled,binary,0,1,0.01,0.01,0.99,0.01,1,822341.57,822341.57,490668.63,0,2026-09-15T02:37:00Z,2026-09-15T03:19:42Z,2026-09-17T00:15:00Z,,no,spread,greater,23.5,,,True,2026-09-15T17:18:35+00:00
kalshi,KXWTACHALLENGERMATCH-26SEP15SELSCH-SCH,https://kalshi.com/markets/kxwtachallengermatch/challenger-wta,https://kalshi.com/markets/kxwtachallengermatch/challenger-wta/kxwtachallengermatch-26sep15selsch,Nastasja Schunk wins,Nastasja Schunk,KXWTACHALLENGERMATCH-26SEP15SELSCH,Selekhmeteva vs Schunk,KXWTACHALLENGERMATCH,Challenger WTA,Sports,"[""Tennis""]",settled,binary,0,1,0.99,0.99,0.01,0.99,1,790944.24,790944.24,231195.39,0,2026-09-14T22:30:00Z,2026-09-15T14:55:25Z,2026-09-29T10:20:00Z,,yes,Nastasja Schunk,structured,,,,True,2026-09-15T17:18:18+00:00
kalshi,KXATPCHALLENGERMATCH-26SEP14SELMMO-SEL,https://kalshi.com/markets/kxatpchallengermatch/challenger-atp,https://kalshi.com/markets/kxatpchallengermatch/challenger-atp/kxatpchallengermatch-26sep14selmmo,Karue Sell wins,Karue Sell,KXATPCHALLENGERMATCH-26SEP14SELMMO,Sell vs Mmoh,KXATPCHALLENGERMATCH,Challenger ATP ,Sports,"[""Tennis""]",settled,binary,0,1,0.01,0.01,0.99,0.01,1,805547.05,790421.15,511861.81,0,2026-09-14T11:10:00Z,2026-09-15T00:40:34Z,2026-09-28T23:00:00Z,,no,Michael Mmoh,structured,,,,True,2026-09-15T17:18:44+00:00
kalshi,KXWTAMATCH-26SEP14ZARDOL-ZAR,https://kalshi.com/markets/kxwtamatch/wta-tennis-match,https://kalshi.com/markets/kxwtamatch/wta-tennis-match/kxwtamatch-26sep14zardol,Renata Zarazua wins,Renata Zarazua,KXWTAMATCH-26SEP14ZARDOL,Zarazua vs Dolehide,KXWTAMATCH,WTA Tennis Match,Sports,"[""Tennis""]",settled,binary,0,1,0.01,0.01,0.99,0.01,1,802283.09,789849.06,334977.84,0,2026-09-14T00:25:00Z,2026-09-14T23:10:16Z,2026-09-28T20:10:00Z,,no,Caroline Dolehide,structured,,,,True,2026-09-15T17:18:46+00:00
kalshi,KXLALIGAGAME-26SEP13VILRBB-TIE,https://kalshi.com/markets/kxlaligagame/la-liga-game,https://kalshi.com/markets/kxlaligagame/la-liga-game/kxlaligagame-26sep13vilrbb,Tie is the result,Tie,KXLALIGAGAME-26SEP13VILRBB,Villarreal vs Real Betis,KXLALIGAGAME,La Liga Game,Sports,"[""Soccer""]",settled,binary,0,1,0.01,0.01,0.99,0.01,1,817866.89,789033.89,485435,0,2026-08-30T00:48:00Z,2026-09-14T21:02:19Z,2026-09-16T01:00:00Z,,no,Real Betis,structured,,,,True,2026-09-15T17:18:50+00:00
kalshi,KXEPLGAME-26SEP14LEENEW-NEW,https://kalshi.com/markets/kxeplgame/english-premier-league-game,https://kalshi.com/markets/kxeplgame/english-premier-league-game/kxeplgame-26sep14leenew,Newcastle wins,Newcastle,KXEPLGAME-26SEP14LEENEW,Leeds United vs Newcastle,KXEPLGAME,English Premier League Game,Sports,"[""Soccer""]",settled,binary,0,1,0.01,0.01,0.99,0.01,1,1015182.66,786971.44,854361.91,0,2026-08-31T00:37:00Z,2026-09-14T21:02:19Z,2026-09-17T01:00:00Z,,no,Leeds United,structured,,,,True,2026-09-15T17:18:50+00:00
kalshi,KXATPCHALLENGERMATCH-26SEP14CASMON-MON,https://kalshi.com/markets/kxatpchallengermatch/challenger-atp,https://kalshi.com/markets/kxatpchallengermatch/challenger-atp/kxatpchallengermatch-26sep14casmon,Inaki Montes-de la Torre wins,Inaki Montes-de la Torre,KXATPCHALLENGERMATCH-26SEP14CASMON,Cassone vs Montes-de la Torre,KXATPCHALLENGERMATCH,Challenger ATP ,Sports,"[""Tennis""]",settled,binary,0,1,0.01,0.01,0.99,0.01,1,783062.31,780120.88,404493.22,0,2026-09-14T06:20:00Z,2026-09-14T21:45:18Z,2026-09-28T18:10:00Z,,no,Murphy Cassone,structured,,,,True,2026-09-15T17:18:50+00:00
kalshi,KXITFWMATCH-26SEP15JANGRA-JAN,https://kalshi.com/markets/kxitfwmatch/itf-women-s-match,https://kalshi.com/markets/kxitfwmatch/itf-women-s-match/kxitfwmatch-26sep15jangra,Selena Janicijevic wins,Selena Janicijevic,KXITFWMATCH-26SEP15JANGRA,Janicijevic vs Grammatikopoulou,KXITFWMATCH,ITF Women's Match,Sports,"[""Tennis""]",settled,binary,0,1,0.01,0.01,0.99,0.01,1,779335.92,779335.92,383943.53,0,2026-09-14T18:42:00Z,2026-09-15T16:38:40Z,2026-09-29T10:30:00Z,,no,Valentini Grammatikopoulou,structured,,,,True,2026-09-15T17:18:17+00:00
kalshi,KXATPCHALLENGERMATCH-26SEP15BARCHA-BAR,https://kalshi.com/markets/kxatpchallengermatch/challenger-atp,https://kalshi.com/markets/kxatpchallengermatch/challenger-atp/kxatpchallengermatch-26sep15barcha,Alex Barrena wins,Alex Barrena,KXATPCHALLENGERMATCH-26SEP15BARCHA,Barrena vs Chazal,KXATPCHALLENGERMATCH,Challenger ATP ,Sports,"[""Tennis""]",settled,binary,0,1,0.99,0.99,0.01,0.99,1,778805.27,778805.27,415358.08,0,2026-09-14T21:20:00Z,2026-09-15T13:50:23Z,2026-09-29T09:10:00Z,,yes,Alex Barrena,structured,,,,True,2026-09-15T17:18:19+00:00
kalshi,KXITFWMATCH-26SEP15JANGRA-GRA,https://kalshi.com/markets/kxitfwmatch/itf-women-s-match,https://kalshi.com/markets/kxitfwmatch/itf-women-s-match/kxitfwmatch-26sep15jangra,Valentini Grammatikopoulou wins,Valentini Grammatikopoulou,KXITFWMATCH-26SEP15JANGRA,Janicijevic vs Grammatikopoulou,KXITFWMATCH,ITF Women's Match,Sports,"[""Tennis""]",settled,binary,0,1,0.99,0.99,0.01,0.99,1,769208.83,769208.83,361394.14,0,2026-09-14T18:42:00Z,2026-09-15T16:38:40Z,2026-09-29T10:30:00Z,,yes,Valentini Grammatikopoulou,structured,,,,True,2026-09-15T17:18:17+00:00
kalshi,KXWTACHALLENGERMATCH-26SEP14KRAPOH-POH,https://kalshi.com/markets/kxwtachallengermatch/challenger-wta,https://kalshi.com/markets/kxwtachallengermatch/challenger-wta/kxwtachallengermatch-26sep14krapoh,Mia Pohankova wins,Mia Pohankova,KXWTACHALLENGERMATCH-26SEP14KRAPOH,Kraus vs Pohankova,KXWTACHALLENGERMATCH,Challenger WTA,Sports,"[""Tennis""]",settled,binary,0,1,0.99,0.99,0.01,0.99,1,770493.38,761269.16,514412.53,0,2026-09-14T06:10:00Z,2026-09-14T20:05:10Z,2026-09-28T18:00:00Z,,yes,Mia Pohankova,structured,,,,True,2026-09-15T17:18:52+00:00
kalshi,KXATPCHALLENGERMATCH-26SEP15HEWSIN-SIN,https://kalshi.com/markets/kxatpchallengermatch/challenger-atp,https://kalshi.com/markets/kxatpchallengermatch/challenger-atp/kxatpchallengermatch-26sep15hewsin,Digvijay Pratap Singh wins,Digvijay Pratap Singh,KXATPCHALLENGERMATCH-26SEP15HEWSIN,Hewitt vs Singh,KXATPCHALLENGERMATCH,Challenger ATP ,Sports,"[""Tennis""]",settled,binary,0,1,0.01,0.01,0.99,0.01,1,760239.45,760239.45,447439.55,0,2026-09-14T16:20:00Z,2026-09-15T06:30:51Z,2026-09-29T04:10:00Z,,no,Cruz Hewitt,structured,,,,True,2026-09-15T17:18:28+00:00
kalshi,KXNFLTD-26SEP14DENKC-DENBNIX10-1,https://kalshi.com/markets/kxnfltd/pro-football-touchdowns,https://kalshi.com/markets/kxnfltd/pro-football-touchdowns/kxnfltd-26sep14denkc,Bo Nix: 1+ touchdowns,Bo Nix: 1+,KXNFLTD-26SEP14DENKC,Denver vs Kansas City: Touchdowns,KXNFLTD,Pro Football Touchdowns,Sports,"[""Football""]",settled,binary,0,1,0.01,0.01,0.99,0.01,1,895785.05,759374.52,789336.64,0,2026-09-04T21:04:00Z,2026-09-15T03:51:26Z,2026-09-17T00:15:00Z,,no,anytime_td,greater,0.5,,,True,2026-09-15T17:18:34+00:00
kalshi,KXNFLFIRSTTD-26SEP14DENKC-KCNGRAY83,https://kalshi.com/markets/kxnflfirsttd/pro-football-first-touchdown,https://kalshi.com/markets/kxnflfirsttd/pro-football-first-touchdown/kxnflfirsttd-26sep14denkc,Noah Gray: 1st Touchdown,Noah Gray,KXNFLFIRSTTD-26SEP14DENKC,Denver vs Kansas City: 1st Touchdown,KXNFLFIRSTTD,Pro Football First Touchdown,Sports,"[""Football""]",settled,binary,0,1,0.01,0.01,0.99,0.01,1,797141.74,746190.77,643869.42,0,2026-09-04T21:04:00Z,2026-09-15T01:54:05Z,2026-09-17T00:15:00Z,,no,No,structured,,,,True,2026-09-15T17:18:42+00:00
kalshi,KXATPCHALLENGERMATCH-26SEP15SUNGAL-GAL,https://kalshi.com/markets/kxatpchallengermatch/challenger-atp,https://kalshi.com/markets/kxatpchallengermatch/challenger-atp/kxatpchallengermatch-26sep15sungal,Alexis Galarneau wins,Alexis Galarneau,KXATPCHALLENGERMATCH-26SEP15SUNGAL,Sun vs Galarneau,KXATPCHALLENGERMATCH,Challenger ATP ,Sports,"[""Tennis""]",settled,binary,0,1,0.01,0.01,0.99,0.01,1,744164.42,744164.42,332977.56,0,2026-09-14T19:40:00Z,2026-09-15T10:20:29Z,2026-09-29T07:30:00Z,,no,Fajing Sun,structured,,,,True,2026-09-15T17:18:22+00:00
kalshi,KXWTACHALLENGERMATCH-26SEP15CARGOR-CAR,https://kalshi.com/markets/kxwtachallengermatch/challenger-wta,https://kalshi.com/markets/kxwtachallengermatch/challenger-wta/kxwtachallengermatch-26sep15cargor,Maria Carle wins,Maria Carle,KXWTACHALLENGERMATCH-26SEP15CARGOR,Carle vs Gorgodze,KXWTACHALLENGERMATCH,Challenger WTA,Sports,"[""Tennis""]",settled,binary,0,1,0.01,0.01,0.99,0.01,1,732882.96,732882.96,291914.82,0,2026-09-14T20:10:00Z,2026-09-15T13:50:29Z,2026-09-29T08:00:00Z,,no,Ekaterine Gorgodze,structured,,,,True,2026-09-15T17:18:19+00:00
kalshi,KXNFLFIRSTTD-26SEP14DENKC-KCPMAHOMES15,https://kalshi.com/markets/kxnflfirsttd/pro-football-first-touchdown,https://kalshi.com/markets/kxnflfirsttd/pro-football-first-touchdown/kxnflfirsttd-26sep14denkc,Patrick Mahomes: 1st Touchdown,Patrick Mahomes,KXNFLFIRSTTD-26SEP14DENKC,Denver vs Kansas City: 1st Touchdown,KXNFLFIRSTTD,Pro Football First Touchdown,Sports,"[""Football""]",settled,binary,0,1,0.99,0.99,0.01,0.99,1,784847.31,729393.41,675187.24,0,2026-09-10T23:28:00Z,2026-09-15T00:34:52Z,2026-09-17T00:15:00Z,,yes,Patrick Mahomes,structured,,,,True,2026-09-15T17:18:44+00:00
kalshi,KXNFLSPREAD-26SEP14DENKC-KC11,https://kalshi.com/markets/kxnflspread/pro-football-spread,https://kalshi.com/markets/kxnflspread/pro-football-spread/kxnflspread-26sep14denkc,Kansas City wins by over 10.5 points?,Kansas City wins by over 10.5 points,KXNFLSPREAD-26SEP14DENKC,Denver vs Kansas City: Spread,KXNFLSPREAD,Pro Football Spread,Sports,"[""Football""]",settled,binary,0,1,0.99,0.99,0.01,0.99,1,745737.59,724285.96,361380.32,0,2026-08-03T23:13:00Z,2026-09-15T03:19:43Z,2026-09-17T00:15:00Z,,yes,spread,greater,10.5,,,True,2026-09-15T17:18:35+00:00
kalshi,KXATPCHALLENGERMATCH-26SEP15CAMTAB-TAB,https://kalshi.com/markets/kxatpchallengermatch/challenger-atp,https://kalshi.com/markets/kxatpchallengermatch/challenger-atp/kxatpchallengermatch-26sep15camtab,Carlos Taberner wins,Carlos Taberner,KXATPCHALLENGERMATCH-26SEP15CAMTAB,Campana Lee vs Taberner,KXATPCHALLENGERMATCH,Challenger ATP ,Sports,"[""Tennis""]",settled,binary,0,1,0.01,0.01,0.99,0.01,1,724141.26,724141.26,301175.14,0,2026-09-14T20:10:00Z,2026-09-15T12:00:45Z,2026-09-29T08:00:00Z,,no,Gerard Campana Lee,structured,,,,True,2026-09-15T17:18:20+00:00
kalshi,KXATPCHALLENGERMATCH-26SEP15DELSHI-DEL,https://kalshi.com/markets/kxatpchallengermatch/challenger-atp,https://kalshi.com/markets/kxatpchallengermatch/challenger-atp/kxatpchallengermatch-26sep15delshi,Jake Delaney wins,Jake Delaney,KXATPCHALLENGERMATCH-26SEP15DELSHI,Delaney vs Shiraishi,KXATPCHALLENGERMATCH,Challenger ATP ,Sports,"[""Tennis""]",settled,binary,0,1,0.99,0.99,0.01,0.99,1,714455.51,714455.51,325347.35,0,2026-09-14T19:40:00Z,2026-09-15T10:00:50Z,2026-09-29T07:30:00Z,,yes,Jake Delaney,structured,,,,True,2026-09-15T17:18:22+00:00
kalshi,KXMLBGAME-26SEP141910BALNYM-NYM,https://kalshi.com/markets/kxmlbgame/professional-baseball-game,https://kalshi.com/markets/kxmlbgame/professional-baseball-game/kxmlbgame-26sep141910balnym,New York M wins,New York M,KXMLBGAME-26SEP141910BALNYM,Baltimore vs New York M,KXMLBGAME,Professional Baseball Game,Sports,"[""Baseball""]",settled,binary,0,1,0.01,0.01,0.99,0.01,1,735786.06,714077.93,418301.92,0,2026-09-11T23:25:00Z,2026-09-15T02:00:23Z,2026-09-17T23:10:00Z,,no,Baltimore,structured,,,,True,2026-09-15T17:18:40+00:00
kalshi,KXWTAMATCH-26SEP14STEPOD-POD,https://kalshi.com/markets/kxwtamatch/wta-tennis-match,https://kalshi.com/markets/kxwtamatch/wta-tennis-match/kxwtamatch-26sep14stepod,Nadia Podoroska wins,Nadia Podoroska,KXWTAMATCH-26SEP14STEPOD,Stefanini vs Podoroska,KXWTAMATCH,WTA Tennis Match,Sports,"[""Tennis""]",settled,binary,0,1,0.99,0.99,0.01,0.99,1,714333.72,713987.44,318923.75,0,2026-09-13T13:05:00Z,2026-09-15T15:34:51Z,2026-09-28T13:00:00Z,,yes,Nadia Podoroska,structured,,,,True,2026-09-15T17:18:18+00:00
kalshi,KXATPCHALLENGERMATCH-26SEP15NIKDJE-NIK,https://kalshi.com/markets/kxatpchallengermatch/challenger-atp,https://kalshi.com/markets/kxatpchallengermatch/challenger-atp/kxatpchallengermatch-26sep15nikdje,Johan Nikles wins,Johan Nikles,KXATPCHALLENGERMATCH-26SEP15NIKDJE,Nikles vs Djere,KXATPCHALLENGERMATCH,Challenger ATP ,Sports,"[""Tennis""]",settled,binary,0,1,0.01,0.01,0.99,0.01,1,712281.5,712281.5,323082.7,0,2026-09-14T23:00:00Z,2026-09-15T14:40:21Z,2026-09-29T10:50:00Z,,no,Laslo Djere,structured,,,,True,2026-09-15T17:18:18+00:00
kalshi,KXATPCHALLENGERMATCH-26SEP15DERSIM-DER,https://kalshi.com/markets/kxatpchallengermatch/challenger-atp,https://kalshi.com/markets/kxatpchallengermatch/challenger-atp/kxatpchallengermatch-26sep15dersim,Timofei Derepasko wins,Timofei Derepasko,KXATPCHALLENGERMATCH-26SEP15DERSIM,Derepasko vs Simakin,KXATPCHALLENGERMATCH,Challenger ATP ,Sports,"[""Tennis""]",settled,binary,0,1,0.01,0.01,0.99,0.01,1,711852.3,711852.3,498350.78,0,2026-09-14T17:31:00Z,2026-09-15T07:50:43Z,2026-09-29T05:20:00Z,,no,Ilia Simakin,structured,,,,True,2026-09-15T17:18:26+00:00
kalshi,KXATPCHALLENGERMATCH-26SEP15LAGDAL-LAG,https://kalshi.com/markets/kxatpchallengermatch/challenger-atp,https://kalshi.com/markets/kxatpchallengermatch/challenger-atp/kxatpchallengermatch-26sep15lagdal,Pavel Lagutin wins,Pavel Lagutin,KXATPCHALLENGERMATCH-26SEP15LAGDAL,Lagutin vs Dalla Valle,KXATPCHALLENGERMATCH,Challenger ATP ,Sports,"[""Tennis""]",settled,binary,0,1,0.99,0.99,0.01,0.99,1,704792.18,704792.18,371401.75,0,2026-09-14T21:20:00Z,2026-09-15T12:30:37Z,2026-09-29T09:10:00Z,,yes,Pavel Lagutin,structured,,,,True,2026-09-15T17:18:20+00:00
kalshi,KXEPLGAME-26SEP14LEENEW-LEE,https://kalshi.com/markets/kxeplgame/english-premier-league-game,https://kalshi.com/markets/kxeplgame/english-premier-league-game/kxeplgame-26sep14leenew,Leeds United wins,Leeds United,KXEPLGAME-26SEP14LEENEW,Leeds United vs Newcastle,KXEPLGAME,English Premier League Game,Sports,"[""Soccer""]",settled,binary,0,1,0.99,0.99,0.01,0.99,1,774710.54,704691.51,499523.44,0,2026-08-31T00:37:00Z,2026-09-14T21:02:19Z,2026-09-17T01:00:00Z,,yes,Leeds United,structured,,,,True,2026-09-15T17:18:50+00:00
kalshi,KXATPCHALLENGERMATCH-26SEP15DELSHI-SHI,https://kalshi.com/markets/kxatpchallengermatch/challenger-atp,https://kalshi.com/markets/kxatpchallengermatch/challenger-atp/kxatpchallengermatch-26sep15delshi,Hikaru Shiraishi wins,Hikaru Shiraishi,KXATPCHALLENGERMATCH-26SEP15DELSHI,Delaney vs Shiraishi,KXATPCHALLENGERMATCH,Challenger ATP ,Sports,"[""Tennis""]",settled,binary,0,1,0.01,0.01,0.99,0.01,1,704491.98,704491.98,357817.73,0,2026-09-14T19:40:00Z,2026-09-15T10:00:50Z,2026-09-29T07:30:00Z,,no,Jake Delaney,structured,,,,True,2026-09-15T17:18:22+00:00
kalshi,KXMLBGAME-26SEP141940ATLCHC-CHC,https://kalshi.com/markets/kxmlbgame/professional-baseball-game,https://kalshi.com/markets/kxmlbgame/professional-baseball-game/kxmlbgame-26sep141940atlchc,Chicago C wins,Chicago C,KXMLBGAME-26SEP141940ATLCHC,Atlanta vs Chicago C,KXMLBGAME,Professional Baseball Game,Sports,"[""Baseball""]",settled,binary,0,1,0.99,0.99,0.01,0.99,1,710950.12,698741.62,485355.06,0,2026-09-11T23:55:00Z,2026-09-15T02:24:26Z,2026-09-17T23:40:00Z,,yes,Chicago C,structured,,,,True,2026-09-15T17:18:38+00:00
kalshi,KXATPCHALLENGERMATCH-26SEP15SULHEC-HEC,https://kalshi.com/markets/kxatpchallengermatch/challenger-atp,https://kalshi.com/markets/kxatpchallengermatch/challenger-atp/kxatpchallengermatch-26sep15sulhec,Hunter Heck wins,Hunter Heck,KXATPCHALLENGERMATCH-26SEP15SULHEC,Sultanov vs Heck,KXATPCHALLENGERMATCH,Challenger ATP ,Sports,"[""Tennis""]",settled,binary,0,1,0.99,0.99,0.01,0.99,1,692170.22,692170.22,425958.36,0,2026-09-14T16:20:00Z,2026-09-15T06:25:25Z,2026-09-29T04:10:00Z,,yes,Hunter Heck,structured,,,,True,2026-09-15T17:18:28+00:00
kalshi,KXMLBGAME-26SEP141940NYYMIN-MIN,https://kalshi.com/markets/kxmlbgame/professional-baseball-game,https://kalshi.com/markets/kxmlbgame/professional-baseball-game/kxmlbgame-26sep141940nyymin,Minnesota wins,Minnesota,KXMLBGAME-26SEP141940NYYMIN,New York Y vs Minnesota,KXMLBGAME,Professional Baseball Game,Sports,"[""Baseball""]",settled,binary,0,1,0.01,0.01,0.99,0.01,1,728968.37,683715.44,404571.43,0,2026-09-11T23:55:00Z,2026-09-15T02:45:10Z,2026-09-17T23:40:00Z,,no,New York Y,structured,,,,True,2026-09-15T17:18:38+00:00
kalshi,KXNFLSPREAD-26SEP14DENKC-KC7,https://kalshi.com/markets/kxnflspread/pro-football-spread,https://kalshi.com/markets/kxnflspread/pro-football-spread/kxnflspread-26sep14denkc,Kansas City wins by over 6.5 points?,Kansas City wins by over 6.5 points,KXNFLSPREAD-26SEP14DENKC,Denver vs Kansas City: Spread,KXNFLSPREAD,Pro Football Spread,Sports,"[""Football""]",settled,binary,0,1,0.99,0.99,0.01,0.99,1,692961.98,677458.55,360453.6,0,2026-08-03T23:13:00Z,2026-09-15T03:19:44Z,2026-09-17T00:15:00Z,,yes,spread,greater,6.5,,,True,2026-09-15T17:18:35+00:00
kalshi,KXATPCHALLENGERMATCH-26SEP15HEWSIN-HEW,https://kalshi.com/markets/kxatpchallengermatch/challenger-atp,https://kalshi.com/markets/kxatpchallengermatch/challenger-atp/kxatpchallengermatch-26sep15hewsin,Cruz Hewitt wins,Cruz Hewitt,KXATPCHALLENGERMATCH-26SEP15HEWSIN,Hewitt vs Singh,KXATPCHALLENGERMATCH,Challenger ATP ,Sports,"[""Tennis""]",settled,binary,0,1,0.99,0.99,0.01,0.99,1,674333.67,674327.67,365094.4,0,2026-09-14T16:20:00Z,2026-09-15T06:30:51Z,2026-09-29T04:10:00Z,,yes,Cruz Hewitt,structured,,,,True,2026-09-15T17:18:28+00:00
kalshi,KXNFLSPREAD-26SEP14DENKC-KC15,https://kalshi.com/markets/kxnflspread/pro-football-spread,https://kalshi.com/markets/kxnflspread/pro-football-spread/kxnflspread-26sep14denkc,Kansas City wins by over 14.5 points?,Kansas City wins by over 14.5 points,KXNFLSPREAD-26SEP14DENKC,Denver vs Kansas City: Spread,KXNFLSPREAD,Pro Football Spread,Sports,"[""Football""]",settled,binary,0,1,0.99,0.99,0.01,0.99,1,673110.14,669717.95,236790.76,0,2026-08-03T23:13:00Z,2026-09-15T03:19:43Z,2026-09-17T00:15:00Z,,yes,spread,greater,14.5,,,True,2026-09-15T17:18:35+00:00
kalshi,KXWTACHALLENGERMATCH-26SEP15JONSEN-JON,https://kalshi.com/markets/kxwtachallengermatch/challenger-wta,https://kalshi.com/markets/kxwtachallengermatch/challenger-wta/kxwtachallengermatch-26sep15jonsen,Francesca Jones wins,Francesca Jones,KXWTACHALLENGERMATCH-26SEP15JONSEN,Jones vs Senica,KXWTACHALLENGERMATCH,Challenger WTA,Sports,"[""Tennis""]",settled,binary,0,1,0.99,0.99,0.01,0.99,1,667418.52,667418.52,331848.64,0,2026-09-14T21:20:00Z,2026-09-15T13:01:12Z,2026-09-29T09:10:00Z,,yes,Francesca Jones,structured,,,,True,2026-09-15T17:18:19+00:00
kalshi,KXITFWMATCH-26SEP15TRAVIC-TRA,https://kalshi.com/markets/kxitfwmatch/itf-women-s-match,https://kalshi.com/markets/kxitfwmatch/itf-women-s-match/kxitfwmatch-26sep15travic,Demi Tran wins,Demi Tran,KXITFWMATCH-26SEP15TRAVIC,Tran vs Vickery,KXITFWMATCH,ITF Women's Match,Sports,"[""Tennis""]",settled,binary,0,1,0.99,0.99,0.01,0.99,1,665081.5,665081.5,427276.8,0,2026-09-14T19:12:00Z,2026-09-15T14:20:40Z,2026-09-29T11:00:00Z,,yes,Demi Tran,structured,,,,True,2026-09-15T17:18:19+00:00
kalshi,KXBTCD-26SEP1417-T79499.99,https://kalshi.com/markets/kxbtcd/bitcoin-price-above-below,https://kalshi.com/markets/kxbtcd/bitcoin-price-above-below/kxbtcd-26sep1417,"Bitcoin price on Sep 14, 2026?","$79,500 or above",KXBTCD-26SEP1417,"BTC price on Sep 14, 2026 at 5pm EDT?",KXBTCD,Bitcoin price Above/below,Crypto,"[""Hourly"", ""BTC""]",settled,binary,0,1,0.01,0.01,0.99,0.01,1,683782.99,662123.39,202642.15,0,2026-09-13T20:00:00Z,2026-09-14T21:00:00Z,2026-09-21T21:00:00Z,,no,79093.33,greater,79499.99,,BRTI,True,2026-09-15T17:18:52+00:00
kalshi,KXNFL1H-26SEP14DENKC-KC,https://kalshi.com/markets/kxnfl1h/pro-football-1st-half-winner,https://kalshi.com/markets/kxnfl1h/pro-football-1st-half-winner/kxnfl1h-26sep14denkc,Will Kansas City win the 1st Half?,Kansas City wins 1st Half,KXNFL1H-26SEP14DENKC,DEN Broncos vs KC Chiefs: 1st Half Winner,KXNFL1H,Pro Football 1st Half Winner,Sports,"[""Football""]",settled,binary,0,1,0.99,0.99,0.01,0.99,1,672743.73,661038.7,374721.4,0,2026-09-02T18:37:00Z,2026-09-15T02:00:04Z,2026-09-17T00:15:00Z,,yes,KC Chiefs wins 1st Half,structured,,,,True,2026-09-15T17:18:40+00:00
kalshi,KXATPCHALLENGERMATCH-26SEP14SEGRYB-RYB,https://kalshi.com/markets/kxatpchallengermatch/challenger-atp,https://kalshi.com/markets/kxatpchallengermatch/challenger-atp/kxatpchallengermatch-26sep14segryb,Alex Rybakov wins,Alex Rybakov,KXATPCHALLENGERMATCH-26SEP14SEGRYB,Seggerman vs Rybakov,KXATPCHALLENGERMATCH,Challenger ATP ,Sports,"[""Tennis""]",settled,binary,0,1,0.01,0.01,0.99,0.01,1,658011.66,658003.95,362174.69,0,2026-09-14T06:20:00Z,2026-09-14T20:30:30Z,2026-09-28T18:10:00Z,,no,Ryan Seggerman,structured,,,,True,2026-09-15T17:18:52+00:00
kalshi,KXITFMATCH-26SEP15COCWES-WES,https://kalshi.com/markets/kxitfmatch/itf-men-s-match,https://kalshi.com/markets/kxitfmatch/itf-men-s-match/kxitfmatch-26sep15cocwes,Louis Wessels wins,Louis Wessels,KXITFMATCH-26SEP15COCWES,Cocola vs Wessels,KXITFMATCH,ITF Men's Match,Sports,"[""Tennis""]",settled,binary,0,1,0.01,0.01,0.99,0.01,1,654692.7,654692.7,286899.02,0,2026-09-14T16:42:00Z,2026-09-15T13:05:34Z,2026-09-29T08:30:00Z,,no,Sebastiano Cocola,structured,,,,True,2026-09-15T17:18:19+00:00
kalshi,KXNFLFIRSTTD-26SEP14DENKC-DENPBRYANT13,https://kalshi.com/markets/kxnflfirsttd/pro-football-first-touchdown,https://kalshi.com/markets/kxnflfirsttd/pro-football-first-touchdown/kxnflfirsttd-26sep14denkc,Pat Bryant: 1st Touchdown,Pat Bryant,KXNFLFIRSTTD-26SEP14DENKC,Denver vs Kansas City: 1st Touchdown,KXNFLFIRSTTD,Pro Football First Touchdown,Sports,"[""Football""]",settled,binary,0,1,0.01,0.01,0.99,0.01,1,660344.07,652830.87,509795.29,0,2026-09-04T21:04:00Z,2026-09-15T01:15:05Z,2026-09-17T00:15:00Z,,no,No,structured,,,,True,2026-09-15T17:18:42+00:00
kalshi,KXWTACHALLENGERMATCH-26SEP15COLARS-COL,https://kalshi.com/markets/kxwtachallengermatch/challenger-wta,https://kalshi.com/markets/kxwtachallengermatch/challenger-wta/kxwtachallengermatch-26sep15colars,Kylie Collins wins,Kylie Collins,KXWTACHALLENGERMATCH-26SEP15COLARS,Collins vs Arseneault,KXWTACHALLENGERMATCH,Challenger WTA,Sports,"[""Tennis""]",settled,binary,0,1,0.99,0.99,0.01,0.99,1,650436,650436,324967.24,0,2026-09-15T10:10:00Z,2026-09-15T13:30:27Z,2026-09-29T10:10:00Z,,yes,Kylie Collins,structured,,,,True,2026-09-15T17:18:19+00:00
kalshi,KXITFWMATCH-26SEP14WONBAI-WON,https://kalshi.com/markets/kxitfwmatch/itf-women-s-match,https://kalshi.com/markets/kxitfwmatch/itf-women-s-match/kxitfwmatch-26sep14wonbai,Hong Yi Cody Wong wins,Hong Yi Cody Wong,KXITFWMATCH-26SEP14WONBAI,Wong vs Bai,KXITFWMATCH,ITF Women's Match,Sports,"[""Tennis""]",settled,binary,0,1,0.01,0.01,0.99,0.01,1,646737.33,646510.17,300234.38,0,2026-09-14T11:12:00Z,2026-09-15T06:11:24Z,2026-09-29T03:00:00Z,,no,Zhuoxuan Bai,structured,,,,True,2026-09-15T17:18:28+00:00
kalshi,KXATPCHALLENGERMATCH-26SEP15NIKDJE-DJE,https://kalshi.com/markets/kxatpchallengermatch/challenger-atp,https://kalshi.com/markets/kxatpchallengermatch/challenger-atp/kxatpchallengermatch-26sep15nikdje,Laslo Djere wins,Laslo Djere,KXATPCHALLENGERMATCH-26SEP15NIKDJE,Nikles vs Djere,KXATPCHALLENGERMATCH,Challenger ATP ,Sports,"[""Tennis""]",settled,binary,0,1,0.99,0.99,0.01,0.99,1,631935.96,631935.96,367853.73,0,2026-09-14T23:00:00Z,2026-09-15T14:40:21Z,2026-09-29T10:50:00Z,,yes,Laslo Djere,structured,,,,True,2026-09-15T17:18:18+00:00
kalshi,KXATPCHALLENGERMATCH-26SEP15LAGDAL-DAL,https://kalshi.com/markets/kxatpchallengermatch/challenger-atp,https://kalshi.com/markets/kxatpchallengermatch/challenger-atp/kxatpchallengermatch-26sep15lagdal,Enrico Dalla Valle wins,Enrico Dalla Valle,KXATPCHALLENGERMATCH-26SEP15LAGDAL,Lagutin vs Dalla Valle,KXATPCHALLENGERMATCH,Challenger ATP ,Sports,"[""Tennis""]",settled,binary,0,1,0.01,0.01,0.99,0.01,1,630293.81,630293.81,349749.41,0,2026-09-14T21:20:00Z,2026-09-15T12:30:37Z,2026-09-29T09:10:00Z,,no,Pavel Lagutin,structured,,,,True,2026-09-15T17:18:20+00:00
kalshi,KXATPCHALLENGERMATCH-26SEP15PIRPIE-PIE,https://kalshi.com/markets/kxatpchallengermatch/challenger-atp,https://kalshi.com/markets/kxatpchallengermatch/challenger-atp/kxatpchallengermatch-26sep15pirpie,Samuele Pieri wins,Samuele Pieri,KXATPCHALLENGERMATCH-26SEP15PIRPIE,Piraino vs Pieri,KXATPCHALLENGERMATCH,Challenger ATP ,Sports,"[""Tennis""]",settled,binary,0,1,0.99,0.99,0.01,0.99,1,630050.77,630050.77,351948.92,0,2026-09-14T20:10:00Z,2026-09-15T11:25:27Z,2026-09-29T08:00:00Z,,yes,Samuele Pieri,structured,,,,True,2026-09-15T17:18:21+00:00
kalshi,KXITFMATCH-26SEP15COCWES-COC,https://kalshi.com/markets/kxitfmatch/itf-men-s-match,https://kalshi.com/markets/kxitfmatch/itf-men-s-match/kxitfmatch-26sep15cocwes,Sebastiano Cocola wins,Sebastiano Cocola,KXITFMATCH-26SEP15COCWES,Cocola vs Wessels,KXITFMATCH,ITF Men's Match,Sports,"[""Tennis""]",settled,binary,0,1,0.99,0.99,0.01,0.99,1,629443.33,629443.33,275016.95,0,2026-09-14T16:42:00Z,2026-09-15T13:05:34Z,2026-09-29T08:30:00Z,,yes,Sebastiano Cocola,structured,,,,True,2026-09-15T17:18:19+00:00
kalshi,KXMLBSPREAD-26SEP142040SDCOL-SD2,https://kalshi.com/markets/kxmlbspread/pro-baseball-spread,https://kalshi.com/markets/kxmlbspread/pro-baseball-spread/kxmlbspread-26sep142040sdcol,San Diego wins by over 1.5 runs?,San Diego wins by over 1.5 runs,KXMLBSPREAD-26SEP142040SDCOL,San Diego vs Colorado: Spread,KXMLBSPREAD,Pro Baseball Spread,Sports,"[""Baseball""]",settled,binary,0,1,0.01,0.01,0.99,0.01,1,625302.61,614060.77,336026.47,0,2026-09-13T20:00:00Z,2026-09-15T03:49:33Z,2026-09-18T00:40:00Z,,no,1,greater,1.5,,,True,2026-09-15T17:18:34+00:00
kalshi,KXATPCHALLENGERMATCH-26SEP14VANNAK-VAN,https://kalshi.com/markets/kxatpchallengermatch/challenger-atp,https://kalshi.com/markets/kxatpchallengermatch/challenger-atp/kxatpchallengermatch-26sep14vannak,Quinn Vandecasteele wins,Quinn Vandecasteele,KXATPCHALLENGERMATCH-26SEP14VANNAK,Vandecasteele vs Nakashima,KXATPCHALLENGERMATCH,Challenger ATP ,Sports,"[""Tennis""]",settled,binary,0,1,0.01,0.01,0.99,0.01,1,626850.96,612676.66,335725.74,0,2026-09-14T05:10:00Z,2026-09-14T18:40:08Z,2026-09-28T17:00:00Z,,no,Bryce Nakashima Nakashima,structured,,,,True,2026-09-15T17:18:57+00:00
kalshi,KXSERIEAGAME-26SEP13TORROM-ROM,https://kalshi.com/markets/kxserieagame/serie-a-game,https://kalshi.com/markets/kxserieagame/serie-a-game/kxserieagame-26sep13torrom,Roma wins,Roma,KXSERIEAGAME-26SEP13TORROM,Torino vs Roma,KXSERIEAGAME,Serie A Game,Sports,"[""Soccer""]",settled,binary,0,1,0.99,0.99,0.01,0.99,1,1123529.19,610609.1,710805.29,0,2026-08-30T00:49:00Z,2026-09-14T18:32:50Z,2026-09-15T16:30:00Z,,yes,Roma,structured,,,,True,2026-09-15T17:18:57+00:00
kalshi,KXITFWMATCH-26SEP14YAOZHE-YAO,https://kalshi.com/markets/kxitfwmatch/itf-women-s-match,https://kalshi.com/markets/kxitfwmatch/itf-women-s-match/kxitfwmatch-26sep14yaozhe,Xinxin Yao wins,Xinxin Yao,KXITFWMATCH-26SEP14YAOZHE,Yao vs Zheng,KXITFWMATCH,ITF Women's Match,Sports,"[""Tennis""]",settled,binary,0,1,0.01,0.01,0.99,0.01,1,602809.13,602809.13,255450.15,0,2026-09-14T10:13:00Z,2026-09-15T05:01:38Z,2026-09-29T02:00:00Z,,no,Wushuang Zheng,structured,,,,True,2026-09-15T17:18:30+00:00
kalshi,KXBTCD-26SEP1416-T78999.99,https://kalshi.com/markets/kxbtcd/bitcoin-price-above-below,https://kalshi.com/markets/kxbtcd/bitcoin-price-above-below/kxbtcd-26sep1416,"Bitcoin price on Sep 14, 2026?","$79,000 or above",KXBTCD-26SEP1416,"BTC price on Sep 14, 2026 at 4pm EDT?",KXBTCD,Bitcoin price Above/below,Crypto,"[""Hourly"", ""BTC""]",settled,binary,0,1,0.01,0.01,0.99,0.01,1,602120.07,602120.07,119162.49,0,2026-09-14T19:00:00Z,2026-09-14T20:00:00Z,2026-09-21T20:00:00Z,,no,78999.88,greater,78999.99,,BRTI,True,2026-09-15T17:18:54+00:00
kalshi,KXNFLTD-26SEP14DENKC-KCKWALKER9-2,https://kalshi.com/markets/kxnfltd/pro-football-touchdowns,https://kalshi.com/markets/kxnfltd/pro-football-touchdowns/kxnfltd-26sep14denkc,Kenneth Walker III: 2+ touchdowns,Kenneth Walker III: 2+,KXNFLTD-26SEP14DENKC,Denver vs Kansas City: Touchdowns,KXNFLTD,Pro Football Touchdowns,Sports,"[""Football""]",settled,binary,0,1,0.99,0.99,0.01,0.99,1,634891.84,601972.38,386553,0,2026-09-04T21:04:00Z,2026-09-15T02:45:29Z,2026-09-17T00:15:00Z,,yes,anytime_td,greater,1.5,,,True,2026-09-15T17:18:37+00:00
kalshi,KXITFWMATCH-26SEP14YAOZHE-ZHE,https://kalshi.com/markets/kxitfwmatch/itf-women-s-match,https://kalshi.com/markets/kxitfwmatch/itf-women-s-match/kxitfwmatch-26sep14yaozhe,Wushuang Zheng wins,Wushuang Zheng,KXITFWMATCH-26SEP14YAOZHE,Yao vs Zheng,KXITFWMATCH,ITF Women's Match,Sports,"[""Tennis""]",settled,binary,0,1,0.99,0.99,0.01,0.99,1,599115.96,599115.96,327051.28,0,2026-09-14T10:13:00Z,2026-09-15T05:01:38Z,2026-09-29T02:00:00Z,,yes,Wushuang Zheng,structured,,,,True,2026-09-15T17:18:30+00:00
kalshi,KXMLBTOTAL-26SEP142140MIAAZ-14,https://kalshi.com/markets/kxmlbtotal/pro-baseball-total-points,https://kalshi.com/markets/kxmlbtotal/pro-baseball-total-points/kxmlbtotal-26sep142140miaaz,Over 13.5 runs scored,Over 13.5 runs scored,KXMLBTOTAL-26SEP142140MIAAZ,Miami vs Arizona: Total Runs,KXMLBTOTAL,Pro Baseball Total Points,Sports,"[""Baseball""]",settled,binary,0,1,0.99,0.99,0.01,0.99,1,597065.71,597065.71,288265.54,0,2026-09-15T02:26:17Z,2026-09-15T04:49:32Z,2026-09-18T01:40:00Z,,yes,15,greater,13.5,,,True,2026-09-15T17:18:32+00:00
kalshi,KXATPCHALLENGERMATCH-26SEP15PIRPIE-PIR,https://kalshi.com/markets/kxatpchallengermatch/challenger-atp,https://kalshi.com/markets/kxatpchallengermatch/challenger-atp/kxatpchallengermatch-26sep15pirpie,Gabriele Piraino wins,Gabriele Piraino,KXATPCHALLENGERMATCH-26SEP15PIRPIE,Piraino vs Pieri,KXATPCHALLENGERMATCH,Challenger ATP ,Sports,"[""Tennis""]",settled,binary,0,1,0.01,0.01,0.99,0.01,1,595729.4,595729.4,311976.18,0,2026-09-14T20:10:00Z,2026-09-15T11:25:27Z,2026-09-29T08:00:00Z,,no,Samuele Pieri,structured,,,,True,2026-09-15T17:18:21+00:00
kalshi,KXBTCD-26SEP1420-T78199.99,https://kalshi.com/markets/kxbtcd/bitcoin-price-above-below,https://kalshi.com/markets/kxbtcd/bitcoin-price-above-below/kxbtcd-26sep1420,"Bitcoin price on Sep 14, 2026?","$78,200 or above",KXBTCD-26SEP1420,"BTC price on Sep 14, 2026 at 8pm EDT?",KXBTCD,Bitcoin price Above/below,Crypto,"[""Hourly"", ""BTC""]",settled,binary,0,1,0.01,0.01,0.99,0.01,1,589284.92,589284.92,139169.23,0,2026-09-14T23:00:00Z,2026-09-15T00:00:00Z,2026-09-22T00:00:00Z,,no,78179.05,greater,78199.99,,BRTI,True,2026-09-15T17:18:46+00:00
kalshi,KXBTCD-26SEP1420-T78299.99,https://kalshi.com/markets/kxbtcd/bitcoin-price-above-below,https://kalshi.com/markets/kxbtcd/bitcoin-price-above-below/kxbtcd-26sep1420,"Bitcoin price on Sep 14, 2026?","$78,300 or above",KXBTCD-26SEP1420,"BTC price on Sep 14, 2026 at 8pm EDT?",KXBTCD,Bitcoin price Above/below,Crypto,"[""Hourly"", ""BTC""]",settled,binary,0,1,0.01,0.01,0.99,0.01,1,580232.93,580232.93,145079.16,0,2026-09-14T23:00:00Z,2026-09-15T00:00:00Z,2026-09-22T00:00:00Z,,no,78179.05,greater,78299.99,,BRTI,True,2026-09-15T17:18:46+00:00
kalshi,KXWTACHALLENGERMATCH-26SEP15HERCOR-HER,https://kalshi.com/markets/kxwtachallengermatch/challenger-wta,https://kalshi.com/markets/kxwtachallengermatch/challenger-wta/kxwtachallengermatch-26sep15hercor,Alicia Herrero Linana wins,Alicia Herrero Linana,KXWTACHALLENGERMATCH-26SEP15HERCOR,Herrero Linana vs Cortez Llorca,KXWTACHALLENGERMATCH,Challenger WTA,Sports,"[""Tennis""]",settled,binary,0,1,0.99,0.99,0.01,0.99,1,575608.7,575608.7,266496.06,0,2026-09-14T21:20:00Z,2026-09-15T12:40:37Z,2026-09-29T09:10:00Z,,yes,Alicia Herrero Linana,structured,,,,True,2026-09-15T17:18:20+00:00
kalshi,KXWTACHALLENGERMATCH-26SEP15MICKOE-KOE,https://kalshi.com/markets/kxwtachallengermatch/challenger-wta,https://kalshi.com/markets/kxwtachallengermatch/challenger-wta/kxwtachallengermatch-26sep15mickoe,Anouk Koevermans wins,Anouk Koevermans,KXWTACHALLENGERMATCH-26SEP15MICKOE,Micic vs Koevermans,KXWTACHALLENGERMATCH,Challenger WTA,Sports,"[""Tennis""]",settled,binary,0,1,0.99,0.99,0.01,0.99,1,575476.68,575476.68,302244.92,0,2026-09-15T01:10:00Z,2026-09-15T16:00:39Z,2026-09-29T13:00:00Z,,yes,Anouk Koevermans,structured,,,,True,2026-09-15T17:18:17+00:00
kalshi,KXBTCD-26SEP1417-T78999.99,https://kalshi.com/markets/kxbtcd/bitcoin-price-above-below,https://kalshi.com/markets/kxbtcd/bitcoin-price-above-below/kxbtcd-26sep1417,"Bitcoin price on Sep 14, 2026?","$79,000 or above",KXBTCD-26SEP1417,"BTC price on Sep 14, 2026 at 5pm EDT?",KXBTCD,Bitcoin price Above/below,Crypto,"[""Hourly"", ""BTC""]",settled,binary,0,1,0.99,0.99,0.01,0.99,1,615602.06,565508.96,242852.7,0,2026-09-13T20:00:00Z,2026-09-14T21:00:00Z,2026-09-21T21:00:00Z,,yes,79093.33,greater,78999.99,,BRTI,True,2026-09-15T17:18:52+00:00
kalshi,KXATPCHALLENGERMATCH-26SEP14VANNAK-NAK,https://kalshi.com/markets/kxatpchallengermatch/challenger-atp,https://kalshi.com/markets/kxatpchallengermatch/challenger-atp/kxatpchallengermatch-26sep14vannak,Bryce Nakashima Nakashima wins,Bryce Nakashima Nakashima,KXATPCHALLENGERMATCH-26SEP14VANNAK,Vandecasteele vs Nakashima,KXATPCHALLENGERMATCH,Challenger ATP ,Sports,"[""Tennis""]",settled,binary,0,1,0.99,0.99,0.01,0.99,1,585604.63,564149.38,394609.62,0,2026-09-14T05:10:00Z,2026-09-14T18:40:08Z,2026-09-28T17:00:00Z,,yes,Bryce Nakashima Nakashima,structured,,,,True,2026-09-15T17:18:57+00:00
kalshi,KXMLBTOTAL-26SEP142140MIAAZ-13,https://kalshi.com/markets/kxmlbtotal/pro-baseball-total-points,https://kalshi.com/markets/kxmlbtotal/pro-baseball-total-points/kxmlbtotal-26sep142140miaaz,Over 12.5 runs scored,Over 12.5 runs scored,KXMLBTOTAL-26SEP142140MIAAZ,Miami vs Arizona: Total Runs,KXMLBTOTAL,Pro Baseball Total Points,Sports,"[""Baseball""]",settled,binary,0,1,0.99,0.99,0.01,0.99,1,563211.29,563193.29,270892.55,0,2026-09-13T20:00:00Z,2026-09-15T04:19:31Z,2026-09-18T01:40:00Z,,yes,13,greater,12.5,,,True,2026-09-15T17:18:32+00:00
kalshi,KXNFLTD-26SEP14DENKC-KCXWORTHY1-1,https://kalshi.com/markets/kxnfltd/pro-football-touchdowns,https://kalshi.com/markets/kxnfltd/pro-football-touchdowns/kxnfltd-26sep14denkc,Xavier Worthy: 1+ touchdowns,Xavier Worthy: 1+,KXNFLTD-26SEP14DENKC,Denver vs Kansas City: Touchdowns,KXNFLTD,Pro Football Touchdowns,Sports,"[""Football""]",settled,binary,0,1,0.01,0.01,0.99,0.01,1,595992.05,563067.79,495689.92,0,2026-09-04T21:04:00Z,2026-09-15T03:51:23Z,2026-09-17T00:15:00Z,,no,anytime_td,greater,0.5,,,True,2026-09-15T17:18:34+00:00
kalshi,KXBTCD-26SEP1416-T79099.99,https://kalshi.com/markets/kxbtcd/bitcoin-price-above-below,https://kalshi.com/markets/kxbtcd/bitcoin-price-above-below/kxbtcd-26sep1416,"Bitcoin price on Sep 14, 2026?","$79,100 or above",KXBTCD-26SEP1416,"BTC price on Sep 14, 2026 at 4pm EDT?",KXBTCD,Bitcoin price Above/below,Crypto,"[""Hourly"", ""BTC""]",settled,binary,0,1,0.01,0.01,0.99,0.01,1,560558.36,560558.36,105245.05,0,2026-09-14T19:00:00Z,2026-09-14T20:00:00Z,2026-09-21T20:00:00Z,,no,78999.88,greater,79099.99,,BRTI,True,2026-09-15T17:18:54+00:00
kalshi,KXATPCHALLENGERMATCH-26SEP14SEGRYB-SEG,https://kalshi.com/markets/kxatpchallengermatch/challenger-atp,https://kalshi.com/markets/kxatpchallengermatch/challenger-atp/kxatpchallengermatch-26sep14segryb,Ryan Seggerman wins,Ryan Seggerman,KXATPCHALLENGERMATCH-26SEP14SEGRYB,Seggerman vs Rybakov,KXATPCHALLENGERMATCH,Challenger ATP ,Sports,"[""Tennis""]",settled,binary,0,1,0.99,0.99,0.01,0.99,1,567808.77,559972.3,300276.63,0,2026-09-14T06:20:00Z,2026-09-14T20:30:30Z,2026-09-28T18:10:00Z,,yes,Ryan Seggerman,structured,,,,True,2026-09-15T17:18:52+00:00
kalshi,KXATPCHALLENGERMATCH-26SEP15MOCKOT-KOT,https://kalshi.com/markets/kxatpchallengermatch/challenger-atp,https://kalshi.com/markets/kxatpchallengermatch/challenger-atp/kxatpchallengermatch-26sep15mockot,Pavel Kotov wins,Pavel Kotov,KXATPCHALLENGERMATCH-26SEP15MOCKOT,Mochizuki vs Kotov,KXATPCHALLENGERMATCH,Challenger ATP ,Sports,"[""Tennis""]",settled,binary,0,1,0.99,0.99,0.01,0.99,1,555227.16,555227.16,348264.11,0,2026-09-14T19:40:00Z,2026-09-15T09:30:43Z,2026-09-29T07:30:00Z,,yes,Pavel Kotov,structured,,,,True,2026-09-15T17:18:23+00:00
kalshi,KXATPCHALLENGERMATCH-26SEP15MOCKOT-MOC,https://kalshi.com/markets/kxatpchallengermatch/challenger-atp,https://kalshi.com/markets/kxatpchallengermatch/challenger-atp/kxatpchallengermatch-26sep15mockot,Shintaro Mochizuki wins,Shintaro Mochizuki,KXATPCHALLENGERMATCH-26SEP15MOCKOT,Mochizuki vs Kotov,KXATPCHALLENGERMATCH,Challenger ATP ,Sports,"[""Tennis""]",settled,binary,0,1,0.01,0.01,0.99,0.01,1,553721.66,553721.66,317948.21,0,2026-09-14T19:40:00Z,2026-09-15T09:30:43Z,2026-09-29T07:30:00Z,,no,Pavel Kotov,structured,,,,True,2026-09-15T17:18:23+00:00
kalshi,KXATPCHALLENGERMATCH-26SEP15SUNGAL-SUN,https://kalshi.com/markets/kxatpchallengermatch/challenger-atp,https://kalshi.com/markets/kxatpchallengermatch/challenger-atp/kxatpchallengermatch-26sep15sungal,Fajing Sun wins,Fajing Sun,KXATPCHALLENGERMATCH-26SEP15SUNGAL,Sun vs Galarneau,KXATPCHALLENGERMATCH,Challenger ATP ,Sports,"[""Tennis""]",settled,binary,0,1,0.99,0.99,0.01,0.99,1,551810.63,551810.63,263079.83,0,2026-09-14T19:40:00Z,2026-09-15T10:20:29Z,2026-09-29T07:30:00Z,,yes,Fajing Sun,structured,,,,True,2026-09-15T17:18:22+00:00
kalshi,KXATPCHALLENGERMATCH-26SEP15LAJDED-LAJ,https://kalshi.com/markets/kxatpchallengermatch/challenger-atp,https://kalshi.com/markets/kxatpchallengermatch/challenger-atp/kxatpchallengermatch-26sep15lajded,Dusan Lajovic wins,Dusan Lajovic,KXATPCHALLENGERMATCH-26SEP15LAJDED,Lajovic vs Dedura-Palomero,KXATPCHALLENGERMATCH,Challenger ATP ,Sports,"[""Tennis""]",settled,binary,0,1,0.01,0.01,0.99,0.01,1,546904.97,546904.97,406102.92,0,2026-09-15T00:10:00Z,2026-09-15T15:30:16Z,2026-09-29T12:00:00Z,,no,Diego Dedura-Palomero,structured,,,,True,2026-09-15T17:18:18+00:00
kalshi,KXBTCD-26SEP1415-T79199.99,https://kalshi.com/markets/kxbtcd/bitcoin-price-above-below,https://kalshi.com/markets/kxbtcd/bitcoin-price-above-below/kxbtcd-26sep1415,"Bitcoin price on Sep 14, 2026?","$79,200 or above",KXBTCD-26SEP1415,"BTC price on Sep 14, 2026 at 3pm EDT?",KXBTCD,Bitcoin price Above/below,Crypto,"[""Hourly"", ""BTC""]",settled,binary,0,1,0.99,0.99,0.01,0.99,1,545424.84,545424.84,149641.16,0,2026-09-14T18:00:00Z,2026-09-14T19:00:00Z,2026-09-21T19:00:00Z,,yes,79225.54,greater,79199.99,,BRTI,True,2026-09-15T17:18:56+00:00
kalshi,KXBTCD-26SEP1501-T77599.99,https://kalshi.com/markets/kxbtcd/bitcoin-price-above-below,https://kalshi.com/markets/kxbtcd/bitcoin-price-above-below/kxbtcd-26sep1501,"Bitcoin price on Sep 15, 2026?","$77,600 or above",KXBTCD-26SEP1501,"BTC price on Sep 15, 2026 at 1am EDT?",KXBTCD,Bitcoin price Above/below,Crypto,"[""Hourly"", ""BTC""]",settled,binary,0,1,0.01,0.01,0.99,0.01,1,542581.78,542581.78,82981.84,0,2026-09-15T04:00:00Z,2026-09-15T05:00:00Z,2026-09-22T05:00:00Z,,no,77557.97,greater,77599.99,,BRTI,True,2026-09-15T17:18:30+00:00
kalshi,KXWTACHALLENGERMATCH-26SEP14BENBAS-BEN,https://kalshi.com/markets/kxwtachallengermatch/challenger-wta,https://kalshi.com/markets/kxwtachallengermatch/challenger-wta/kxwtachallengermatch-26sep14benbas,Eva Bennemann wins,Eva Bennemann,KXWTACHALLENGERMATCH-26SEP14BENBAS,Bennemann vs Bassols Ribera,KXWTACHALLENGERMATCH,Challenger WTA,Sports,"[""Tennis""]",settled,binary,0,1,0.01,0.01,0.99,0.01,1,844427.95,542460.07,475136.29,0,2026-09-14T04:10:00Z,2026-09-14T18:20:12Z,2026-09-28T16:00:00Z,,no,Marina Bassols Ribera,structured,,,,True,2026-09-15T17:18:57+00:00
kalshi,KXATPCHALLENGERMATCH-26SEP15GAKKOL-GAK,https://kalshi.com/markets/kxatpchallengermatch/challenger-atp,https://kalshi.com/markets/kxatpchallengermatch/challenger-atp/kxatpchallengermatch-26sep15gakkol,Ivan Gakhov wins,Ivan Gakhov,KXATPCHALLENGERMATCH-26SEP15GAKKOL,Gakhov vs Kolar,KXATPCHALLENGERMATCH,Challenger ATP ,Sports,"[""Tennis""]",settled,binary,0,1,0.01,0.01,0.99,0.01,1,538669.22,538669.22,294767.12,0,2026-09-14T23:00:00Z,2026-09-15T14:35:18Z,2026-09-29T10:50:00Z,,no,Zdenek Kolar,structured,,,,True,2026-09-15T17:18:18+00:00
kalshi,KXMLBGAME-26SEP141910BALNYM-BAL,https://kalshi.com/markets/kxmlbgame/professional-baseball-game,https://kalshi.com/markets/kxmlbgame/professional-baseball-game/kxmlbgame-26sep141910balnym,Baltimore wins,Baltimore,KXMLBGAME-26SEP141910BALNYM,Baltimore vs New York M,KXMLBGAME,Professional Baseball Game,Sports,"[""Baseball""]",settled,binary,0,1,0.99,0.99,0.01,0.99,1,567021.3,537037.37,306240.14,0,2026-09-11T23:25:00Z,2026-09-15T02:00:23Z,2026-09-17T23:10:00Z,,yes,Baltimore,structured,,,,True,2026-09-15T17:18:40+00:00
kalshi,KXBTCD-26SEP1422-T77899.99,https://kalshi.com/markets/kxbtcd/bitcoin-price-above-below,https://kalshi.com/markets/kxbtcd/bitcoin-price-above-below/kxbtcd-26sep1422,"Bitcoin price on Sep 14, 2026?","$77,900 or above",KXBTCD-26SEP1422,"BTC price on Sep 14, 2026 at 10pm EDT?",KXBTCD,Bitcoin price Above/below,Crypto,"[""Hourly"", ""BTC""]",settled,binary,0,1,0.99,0.99,0.01,0.99,1,535634.84,535634.84,110867.66,0,2026-09-15T01:00:00Z,2026-09-15T02:00:00Z,2026-09-22T02:00:00Z,,yes,77907.82,greater,77899.99,,BRTI,True,2026-09-15T17:18:41+00:00
kalshi,KXBTCD-26SEP1423-T77899.99,https://kalshi.com/markets/kxbtcd/bitcoin-price-above-below,https://kalshi.com/markets/kxbtcd/bitcoin-price-above-below/kxbtcd-26sep1423,"Bitcoin price on Sep 14, 2026?","$77,900 or above",KXBTCD-26SEP1423,"BTC price on Sep 14, 2026 at 11pm EDT?",KXBTCD,Bitcoin price Above/below,Crypto,"[""Hourly"", ""BTC""]",settled,binary,0,1,0.01,0.01,0.99,0.01,1,533634.5,533634.5,110283.93,0,2026-09-15T02:00:00Z,2026-09-15T03:00:00Z,2026-09-22T03:00:00Z,,no,77892.00,greater,77899.99,,BRTI,True,2026-09-15T17:18:37+00:00
kalshi,KXATPCHALLENGERMATCH-26SEP15CAMTAB-CAM,https://kalshi.com/markets/kxatpchallengermatch/challenger-atp,https://kalshi.com/markets/kxatpchallengermatch/challenger-atp/kxatpchallengermatch-26sep15camtab,Gerard Campana Lee wins,Gerard Campana Lee,KXATPCHALLENGERMATCH-26SEP15CAMTAB,Campana Lee vs Taberner,KXATPCHALLENGERMATCH,Challenger ATP ,Sports,"[""Tennis""]",settled,binary,0,1,0.99,0.99,0.01,0.99,1,531824.62,531824.62,244746.38,0,2026-09-14T20:10:00Z,2026-09-15T12:00:45Z,2026-09-29T08:00:00Z,,yes,Gerard Campana Lee,structured,,,,True,2026-09-15T17:18:20+00:00
kalshi,KXATPCHALLENGERMATCH-26SEP15CASJAS-CAS,https://kalshi.com/markets/kxatpchallengermatch/challenger-atp,https://kalshi.com/markets/kxatpchallengermatch/challenger-atp/kxatpchallengermatch-26sep15casjas,Luca Castelnuovo wins,Luca Castelnuovo,KXATPCHALLENGERMATCH-26SEP15CASJAS,Castelnuovo vs Jasika,KXATPCHALLENGERMATCH,Challenger ATP ,Sports,"[""Tennis""]",settled,binary,0,1,0.99,0.99,0.01,0.99,1,530612.47,530612.47,372262.92,0,2026-09-14T19:40:00Z,2026-09-15T09:40:27Z,2026-09-29T07:30:00Z,,yes,Luca Castelnuovo,structured,,,,True,2026-09-15T17:18:23+00:00
kalshi,KXBTCD-26SEP1414-T78899.99,https://kalshi.com/markets/kxbtcd/bitcoin-price-above-below,https://kalshi.com/markets/kxbtcd/bitcoin-price-above-below/kxbtcd-26sep1414,"Bitcoin price on Sep 14, 2026?","$78,900 or above",KXBTCD-26SEP1414,"BTC price on Sep 14, 2026 at 2pm EDT?",KXBTCD,Bitcoin price Above/below,Crypto,"[""Hourly"", ""BTC""]",settled,binary,0,1,0.99,0.99,0.01,0.99,1,547949.64,528227.32,174841.65,0,2026-09-14T17:00:00Z,2026-09-14T18:00:00Z,2026-09-21T18:00:00Z,,yes,78923.79,greater,78899.99,,BRTI,True,2026-09-15T17:18:59+00:00
kalshi,KXATPCHALLENGERMATCH-26SEP14SELMMO-MMO,https://kalshi.com/markets/kxatpchallengermatch/challenger-atp,https://kalshi.com/markets/kxatpchallengermatch/challenger-atp/kxatpchallengermatch-26sep14selmmo,Michael Mmoh wins,Michael Mmoh,KXATPCHALLENGERMATCH-26SEP14SELMMO,Sell vs Mmoh,KXATPCHALLENGERMATCH,Challenger ATP ,Sports,"[""Tennis""]",settled,binary,0,1,0.99,0.99,0.01,0.99,1,524988.56,524566.85,392848.79,0,2026-09-14T11:10:00Z,2026-09-15T00:40:34Z,2026-09-28T23:00:00Z,,yes,Michael Mmoh,structured,,,,True,2026-09-15T17:18:44+00:00
kalshi,KXATPCHALLENGERMATCH-26SEP14HAPAV-PAV,https://kalshi.com/markets/kxatpchallengermatch/challenger-atp,https://kalshi.com/markets/kxatpchallengermatch/challenger-atp/kxatpchallengermatch-26sep14hapav,Luka Pavlovic wins,Luka Pavlovic,KXATPCHALLENGERMATCH-26SEP14HAPAV,Vu vs Pavlovic,KXATPCHALLENGERMATCH,Challenger ATP ,Sports,"[""Tennis""]",settled,binary,0,1,0.99,0.99,0.01,0.99,1,516707.82,516659.41,307392.4,0,2026-09-14T15:10:00Z,2026-09-15T04:40:35Z,2026-09-29T03:00:00Z,,yes,Luka Pavlovic,structured,,,,True,2026-09-15T17:18:32+00:00
kalshi,KXNFL1H-26SEP14DENKC-TIE,https://kalshi.com/markets/kxnfl1h/pro-football-1st-half-winner,https://kalshi.com/markets/kxnfl1h/pro-football-1st-half-winner/kxnfl1h-26sep14denkc,Will neither team win the 1st Half?,Tie 1st Half,KXNFL1H-26SEP14DENKC,DEN Broncos vs KC Chiefs: 1st Half Winner,KXNFL1H,Pro Football 1st Half Winner,Sports,"[""Football""]",settled,binary,0,1,0.01,0.01,0.99,0.01,1,535707.36,504607.3,353427.85,0,2026-09-02T18:37:00Z,2026-09-15T02:00:04Z,2026-09-17T00:15:00Z,,no,KC Chiefs wins 1st Half,structured,,,,True,2026-09-15T17:18:40+00:00
kalshi,KXNFL1HTOTAL-26SEP14DENKC-21,https://kalshi.com/markets/kxnfl1htotal/pro-football-1st-half-total-points,https://kalshi.com/markets/kxnfl1htotal/pro-football-1st-half-total-points/kxnfl1htotal-26sep14denkc,Will there be over 20.5 1H points scored?,Over 20.5 1H points scored,KXNFL1HTOTAL-26SEP14DENKC,DEN Broncos vs KC Chiefs: 1st Half Total,KXNFL1HTOTAL,Pro Football 1st  Half Total Points,Sports,"[""Football""]",settled,binary,0,1,0.99,0.99,0.01,0.99,1,560505.79,500818.8,344257.68,0,2026-09-02T18:37:00Z,2026-09-15T02:00:07Z,2026-09-17T00:15:00Z,,yes,21,greater,20.5,,,True,2026-09-15T17:18:40+00:00
kalshi,KXWTACHALLENGERMATCH-26SEP15JONSEN-SEN,https://kalshi.com/markets/kxwtachallengermatch/challenger-wta,https://kalshi.com/markets/kxwtachallengermatch/challenger-wta/kxwtachallengermatch-26sep15jonsen,Alja Senica wins,Alja Senica,KXWTACHALLENGERMATCH-26SEP15JONSEN,Jones vs Senica,KXWTACHALLENGERMATCH,Challenger WTA,Sports,"[""Tennis""]",settled,binary,0,1,0.01,0.01,0.99,0.01,1,500661.09,500661.09,266136.6,0,2026-09-14T21:20:00Z,2026-09-15T13:01:12Z,2026-09-29T09:10:00Z,,no,Francesca Jones,structured,,,,True,2026-09-15T17:18:19+00:00
kalshi,KXBTCD-26SEP1502-T77599.99,https://kalshi.com/markets/kxbtcd/bitcoin-price-above-below,https://kalshi.com/markets/kxbtcd/bitcoin-price-above-below/kxbtcd-26sep1502,"Bitcoin price on Sep 15, 2026?","$77,600 or above",KXBTCD-26SEP1502,"BTC price on Sep 15, 2026 at 2am EDT?",KXBTCD,Bitcoin price Above/below,Crypto,"[""Hourly"", ""BTC""]",settled,binary,0,1,0.99,0.99,0.01,0.99,1,498306.72,498306.72,61894.81,0,2026-09-15T05:00:00Z,2026-09-15T06:00:00Z,2026-09-22T06:00:00Z,,yes,77619.00,greater,77599.99,,BRTI,True,2026-09-15T17:18:29+00:00
kalshi,KXITFWMATCH-26SEP15TRAVIC-VIC,https://kalshi.com/markets/kxitfwmatch/itf-women-s-match,https://kalshi.com/markets/kxitfwmatch/itf-women-s-match/kxitfwmatch-26sep15travic,Sachia Vickery wins,Sachia Vickery,KXITFWMATCH-26SEP15TRAVIC,Tran vs Vickery,KXITFWMATCH,ITF Women's Match,Sports,"[""Tennis""]",settled,binary,0,1,0.01,0.01,0.99,0.01,1,492075.11,492075.11,391515.89,0,2026-09-14T19:12:00Z,2026-09-15T14:20:40Z,2026-09-29T11:00:00Z,,no,Demi Tran,structured,,,,True,2026-09-15T17:18:19+00:00
kalshi,KXBTCD-26SEP1421-T77999.99,https://kalshi.com/markets/kxbtcd/bitcoin-price-above-below,https://kalshi.com/markets/kxbtcd/bitcoin-price-above-below/kxbtcd-26sep1421,"Bitcoin price on Sep 14, 2026?","$78,000 or above",KXBTCD-26SEP1421,"BTC price on Sep 14, 2026 at 9pm EDT?",KXBTCD,Bitcoin price Above/below,Crypto,"[""Hourly"", ""BTC""]",settled,binary,0,1,0.01,0.01,0.99,0.01,1,485386.05,485386.05,156431.53,0,2026-09-15T00:00:00Z,2026-09-15T01:00:00Z,2026-09-22T01:00:00Z,,no,77944.70,greater,77999.99,,BRTI,True,2026-09-15T17:18:44+00:00
kalshi,KXBTCD-26SEP1418-T78799.99,https://kalshi.com/markets/kxbtcd/bitcoin-price-above-below,https://kalshi.com/markets/kxbtcd/bitcoin-price-above-below/kxbtcd-26sep1418,"Bitcoin price on Sep 14, 2026?","$78,800 or above",KXBTCD-26SEP1418,"BTC price on Sep 14, 2026 at 6pm EDT?",KXBTCD,Bitcoin price Above/below,Crypto,"[""Hourly"", ""BTC""]",settled,binary,0,1,0.01,0.01,0.99,0.01,1,485300.14,485300.14,101147.28,0,2026-09-14T21:00:00Z,2026-09-14T22:00:00Z,2026-09-21T22:00:00Z,,no,78746.62,greater,78799.99,,BRTI,True,2026-09-15T17:18:50+00:00
kalshi,KXNFLTD-26SEP14DENKC-DENPBRYANT13-1,https://kalshi.com/markets/kxnfltd/pro-football-touchdowns,https://kalshi.com/markets/kxnfltd/pro-football-touchdowns/kxnfltd-26sep14denkc,Pat Bryant: 1+ touchdowns,Pat Bryant: 1+,KXNFLTD-26SEP14DENKC,Denver vs Kansas City: Touchdowns,KXNFLTD,Pro Football Touchdowns,Sports,"[""Football""]",settled,binary,0,1,0.01,0.01,0.99,0.01,1,495103.98,483306.47,462804.42,0,2026-09-04T21:04:00Z,2026-09-15T03:51:25Z,2026-09-17T00:15:00Z,,no,anytime_td,greater,0.5,,,True,2026-09-15T17:18:34+00:00
kalshi,KXDIMAYORGAME-26SEP14AMEPAS-PAS,https://kalshi.com/markets/kxdimayorgame/liga-dimayor-game,https://kalshi.com/markets/kxdimayorgame/liga-dimayor-game/kxdimayorgame-26sep14amepas,Pasto wins,Pasto,KXDIMAYORGAME-26SEP14AMEPAS,America Cali vs Pasto,KXDIMAYORGAME,Liga DIMAYOR Game,Sports,"[""Soccer""]",settled,binary,0,1,0.99,0.99,0.01,0.99,1,488476.96,479939.83,188242.17,0,2026-09-11T00:35:00Z,2026-09-15T03:31:36Z,2026-09-17T01:00:00Z,,yes,Pasto,structured,,,,True,2026-09-15T17:18:35+00:00
kalshi,KXATPCHALLENGERMATCH-26SEP15BITOC-OC,https://kalshi.com/markets/kxatpchallengermatch/challenger-atp,https://kalshi.com/markets/kxatpchallengermatch/challenger-atp/kxatpchallengermatch-26sep15bitoc,Benjamin O'Connell wins,Benjamin O'Connell,KXATPCHALLENGERMATCH-26SEP15BITOC,Bittoun Kouzmine vs O'Connell,KXATPCHALLENGERMATCH,Challenger ATP ,Sports,"[""Tennis""]",settled,binary,0,1,0.01,0.01,0.99,0.01,1,477309.7,477309.7,293232.17,0,2026-09-14T17:31:00Z,2026-09-15T08:51:04Z,2026-09-29T05:20:00Z,,no,Constantin Bittoun Kouzmine,structured,,,,True,2026-09-15T17:18:24+00:00
kalshi,KXMLBTOTAL-26SEP142040SDCOL-16,https://kalshi.com/markets/kxmlbtotal/pro-baseball-total-points,https://kalshi.com/markets/kxmlbtotal/pro-baseball-total-points/kxmlbtotal-26sep142040sdcol,Over 15.5 runs scored,Over 15.5 runs scored,KXMLBTOTAL-26SEP142040SDCOL,San Diego vs Colorado: Total Runs,KXMLBTOTAL,Pro Baseball Total Points,Sports,"[""Baseball""]",settled,binary,0,1,0.01,0.01,0.99,0.01,1,482090.67,476155.98,181682.4,0,2026-09-13T20:00:00Z,2026-09-15T03:45:01Z,2026-09-18T00:40:00Z,,no,15,greater,15.5,,,True,2026-09-15T17:18:34+00:00
kalshi,KXURYPDGAME-26SEP14TORLIV-TOR,https://kalshi.com/markets/kxurypdgame/uruguay-primera-division-game,https://kalshi.com/markets/kxurypdgame/uruguay-primera-division-game/kxurypdgame-26sep14torliv,Montevideo City wins,Montevideo City,KXURYPDGAME-26SEP14TORLIV,Montevideo City vs Liverpool M,KXURYPDGAME,Uruguay Primera Division Game,Sports,"[""Soccer""]",settled,binary,0,1,0.99,0.99,0.01,0.99,1,474147.03,473991.22,315907.29,0,2026-09-10T00:37:00Z,2026-09-15T00:02:38Z,2026-09-16T22:00:00Z,,yes,Montevideo City,structured,,,,True,2026-09-15T17:18:45+00:00
kalshi,KXBTCD-26SEP1419-T78599.99,https://kalshi.com/markets/kxbtcd/bitcoin-price-above-below,https://kalshi.com/markets/kxbtcd/bitcoin-price-above-below/kxbtcd-26sep1419,"Bitcoin price on Sep 14, 2026?","$78,600 or above",KXBTCD-26SEP1419,"BTC price on Sep 14, 2026 at 7pm EDT?",KXBTCD,Bitcoin price Above/below,Crypto,"[""Hourly"", ""BTC""]",settled,binary,0,1,0.01,0.01,0.99,0.01,1,470382.6,470382.6,87624.87,0,2026-09-14T22:00:00Z,2026-09-14T23:00:00Z,2026-09-21T23:00:00Z,,no,78548.70,greater,78599.99,,BRTI,True,2026-09-15T17:18:47+00:00
kalshi,KXNFLSPREAD-26SEP14DENKC-KC8,https://kalshi.com/markets/kxnflspread/pro-football-spread,https://kalshi.com/markets/kxnflspread/pro-football-spread/kxnflspread-26sep14denkc,Kansas City wins by over 7.5 points?,Kansas City wins by over 7.5 points,KXNFLSPREAD-26SEP14DENKC,Denver vs Kansas City: Spread,KXNFLSPREAD,Pro Football Spread,Sports,"[""Football""]",settled,binary,0,1,0.99,0.99,0.01,0.99,1,479251.57,466984.92,212762.36,0,2026-08-03T23:13:00Z,2026-09-15T03:19:43Z,2026-09-17T00:15:00Z,,yes,spread,greater,7.5,,,True,2026-09-15T17:18:35+00:00
kalshi,KXBTCD-26SEP1513-T76399.99,https://kalshi.com/markets/kxbtcd/bitcoin-price-above-below,https://kalshi.com/markets/kxbtcd/bitcoin-price-above-below/kxbtcd-26sep1513,"Bitcoin price on Sep 15, 2026?","$76,400 or above",KXBTCD-26SEP1513,"BTC price on Sep 15, 2026 at 1pm EDT?",KXBTCD,Bitcoin price Above/below,Crypto,"[""Hourly"", ""BTC""]",settled,binary,0,1,0.01,0.01,0.99,0.01,1,461761.68,461761.68,86787.52,0,2026-09-15T16:00:00Z,2026-09-15T17:00:00Z,2026-09-22T17:00:00Z,,no,76366.59,greater,76399.99,,BRTI,True,2026-09-15T17:18:17+00:00
kalshi,KXBTCD-26SEP1500-T77699.99,https://kalshi.com/markets/kxbtcd/bitcoin-price-above-below,https://kalshi.com/markets/kxbtcd/bitcoin-price-above-below/kxbtcd-26sep1500,"Bitcoin price on Sep 15, 2026?","$77,700 or above",KXBTCD-26SEP1500,"BTC price on Sep 15, 2026 at 12am EDT?",KXBTCD,Bitcoin price Above/below,Crypto,"[""Hourly"", ""BTC""]",settled,binary,0,1,0.01,0.01,0.99,0.01,1,459004.74,459004.74,100253.42,0,2026-09-15T03:00:00Z,2026-09-15T04:00:00Z,2026-09-22T04:00:00Z,,no,77644.17,greater,77699.99,,BRTI,True,2026-09-15T17:18:33+00:00
kalshi,KXDIMAYORGAME-26SEP14AMEPAS-AME,https://kalshi.com/markets/kxdimayorgame/liga-dimayor-game,https://kalshi.com/markets/kxdimayorgame/liga-dimayor-game/kxdimayorgame-26sep14amepas,America Cali wins,America Cali,KXDIMAYORGAME-26SEP14AMEPAS,America Cali vs Pasto,KXDIMAYORGAME,Liga DIMAYOR Game,Sports,"[""Soccer""]",settled,binary,0,1,0.01,0.01,0.99,0.01,1,474145.48,453989.42,277113.07,0,2026-09-11T00:35:00Z,2026-09-15T03:31:36Z,2026-09-17T01:00:00Z,,no,Pasto,structured,,,,True,2026-09-15T17:18:35+00:00
kalshi,KXWTACHALLENGERMATCH-26SEP14BENBAS-BAS,https://kalshi.com/markets/kxwtachallengermatch/challenger-wta,https://kalshi.com/markets/kxwtachallengermatch/challenger-wta/kxwtachallengermatch-26sep14benbas,Marina Bassols Ribera wins,Marina Bassols Ribera,KXWTACHALLENGERMATCH-26SEP14BENBAS,Bennemann vs Bassols Ribera,KXWTACHALLENGERMATCH,Challenger WTA,Sports,"[""Tennis""]",settled,binary,0,1,0.99,0.99,0.01,0.99,1,766736.91,453116.94,461263.03,0,2026-09-14T04:10:00Z,2026-09-14T18:20:12Z,2026-09-28T16:00:00Z,,yes,Marina Bassols Ribera,structured,,,,True,2026-09-15T17:18:57+00:00
kalshi,KXBTCD-26SEP1422-T77999.99,https://kalshi.com/markets/kxbtcd/bitcoin-price-above-below,https://kalshi.com/markets/kxbtcd/bitcoin-price-above-below/kxbtcd-26sep1422,"Bitcoin price on Sep 14, 2026?","$78,000 or above",KXBTCD-26SEP1422,"BTC price on Sep 14, 2026 at 10pm EDT?",KXBTCD,Bitcoin price Above/below,Crypto,"[""Hourly"", ""BTC""]",settled,binary,0,1,0.01,0.01,0.99,0.01,1,452887.29,452887.29,69588.71,0,2026-09-15T01:00:00Z,2026-09-15T02:00:00Z,2026-09-22T02:00:00Z,,no,77907.82,greater,77999.99,,BRTI,True,2026-09-15T17:18:41+00:00
kalshi,KXNFLTD-26SEP14DENKC-KCPMAHOMES15-1,https://kalshi.com/markets/kxnfltd/pro-football-touchdowns,https://kalshi.com/markets/kxnfltd/pro-football-touchdowns/kxnfltd-26sep14denkc,Patrick Mahomes: 1+ touchdowns,Patrick Mahomes: 1+,KXNFLTD-26SEP14DENKC,Denver vs Kansas City: Touchdowns,KXNFLTD,Pro Football Touchdowns,Sports,"[""Football""]",settled,binary,0,1,0.99,0.99,0.01,0.99,1,536609.3,448558.2,430863.64,0,2026-09-10T23:27:00Z,2026-09-15T00:31:37Z,2026-09-17T00:15:00Z,,yes,anytime_td,greater,0.5,,,True,2026-09-15T17:18:44+00:00
kalshi,KXLALIGATOTAL-26SEP14VILRBB-4,https://kalshi.com/markets/kxlaligatotal/la-liga-total,https://kalshi.com/markets/kxlaligatotal/la-liga-total/kxlaligatotal-26sep14vilrbb,Will over 3.5 goals be scored?,Over 3.5 goals scored,KXLALIGATOTAL-26SEP14VILRBB,Villarreal vs Real Betis: Total Goals,KXLALIGATOTAL,La Liga Total,Sports,"[""Soccer""]",settled,binary,0,1,0.01,0.01,0.99,0.01,1,454231.44,446918.94,202616.45,0,2026-09-07T19:06:00Z,2026-09-14T21:05:16Z,2026-09-17T01:00:00Z,,no,3,greater,3.5,,,True,2026-09-15T17:18:50+00:00
kalshi,KXLIGAPORTUGALGAME-26SEP14BRAEST-TIE,https://kalshi.com/markets/kxligaportugalgame/liga-portugal-game,https://kalshi.com/markets/kxligaportugalgame/liga-portugal-game/kxligaportugalgame-26sep14braest,Tie is the result,Tie,KXLIGAPORTUGALGAME-26SEP14BRAEST,Braga vs Estoril,KXLIGAPORTUGALGAME,Liga Portugal Game,Sports,"[""Soccer""]",settled,binary,0,1,0.01,0.01,0.99,0.01,1,445538.8,444419.31,176302.81,0,2026-09-07T00:36:00Z,2026-09-14T22:02:45Z,2026-09-17T01:45:00Z,,no,Braga,structured,,,,True,2026-09-15T17:18:48+00:00
kalshi,KXNFL1HSPREAD-26SEP14DENKC-KC2,https://kalshi.com/markets/kxnfl1hspread/pro-football-1st-half-spread,https://kalshi.com/markets/kxnfl1hspread/pro-football-1st-half-spread/kxnfl1hspread-26sep14denkc,KC Chiefs wins 1H by over 1.5 points?,KC Chiefs wins 1H by over 1.5 points,KXNFL1HSPREAD-26SEP14DENKC,DEN Broncos vs KC Chiefs: 1st Half Spread,KXNFL1HSPREAD,Pro Football 1st Half Spread,Sports,"[""Football""]",settled,binary,0,1,0.99,0.99,0.01,0.99,1,455642.35,443323.54,291317.02,0,2026-09-02T18:37:00Z,2026-09-15T02:00:05Z,2026-09-17T00:15:00Z,,yes,7,greater,1.5,,,True,2026-09-15T17:18:40+00:00
kalshi,KXEPLGAME-26SEP14LEENEW-TIE,https://kalshi.com/markets/kxeplgame/english-premier-league-game,https://kalshi.com/markets/kxeplgame/english-premier-league-game/kxeplgame-26sep14leenew,Tie is the result,Tie,KXEPLGAME-26SEP14LEENEW,Leeds United vs Newcastle,KXEPLGAME,English Premier League Game,Sports,"[""Soccer""]",settled,binary,0,1,0.01,0.01,0.99,0.01,1,475790.97,429327.89,327353.5,0,2026-08-31T00:37:00Z,2026-09-14T21:02:19Z,2026-09-17T01:00:00Z,,no,Leeds United,structured,,,,True,2026-09-15T17:18:50+00:00
kalshi,KXATPCHALLENGERMATCH-26SEP15BARCHA-CHA,https://kalshi.com/markets/kxatpchallengermatch/challenger-atp,https://kalshi.com/markets/kxatpchallengermatch/challenger-atp/kxatpchallengermatch-26sep15barcha,Maxime Chazal wins,Maxime Chazal,KXATPCHALLENGERMATCH-26SEP15BARCHA,Barrena vs Chazal,KXATPCHALLENGERMATCH,Challenger ATP ,Sports,"[""Tennis""]",settled,binary,0,1,0.01,0.01,0.99,0.01,1,427746.86,427746.86,270338.01,0,2026-09-14T21:20:00Z,2026-09-15T13:50:23Z,2026-09-29T09:10:00Z,,no,Alex Barrena,structured,,,,True,2026-09-15T17:18:19+00:00
kalshi,KXBTCD-26SEP1415-T79099.99,https://kalshi.com/markets/kxbtcd/bitcoin-price-above-below,https://kalshi.com/markets/kxbtcd/bitcoin-price-above-below/kxbtcd-26sep1415,"Bitcoin price on Sep 14, 2026?","$79,100 or above",KXBTCD-26SEP1415,"BTC price on Sep 14, 2026 at 3pm EDT?",KXBTCD,Bitcoin price Above/below,Crypto,"[""Hourly"", ""BTC""]",settled,binary,0,1,0.99,0.99,0.01,0.99,1,427157.71,427157.71,119121.81,0,2026-09-14T18:00:00Z,2026-09-14T19:00:00Z,2026-09-21T19:00:00Z,,yes,79225.54,greater,79099.99,,BRTI,True,2026-09-15T17:18:56+00:00
kalshi,KXWTAMATCH-26SEP14SONSHY-SON,https://kalshi.com/markets/kxwtamatch/wta-tennis-match,https://kalshi.com/markets/kxwtamatch/wta-tennis-match/kxwtamatch-26sep14sonshy,Zeynep Sonmez wins,Zeynep Sonmez,KXWTAMATCH-26SEP14SONSHY,Sonmez vs Shymanovich,KXWTAMATCH,WTA Tennis Match,Sports,"[""Tennis""]",settled,binary,0,1,0.99,0.99,0.01,0.99,1,430587.11,426831.02,269448.9,0,2026-09-14T00:25:00Z,2026-09-15T00:24:48Z,2026-09-28T23:00:00Z,,yes,Zeynep Sonmez,structured,,,,True,2026-09-15T17:18:44+00:00
kalshi,KXITFWMATCH-26SEP14WONBAI-BAI,https://kalshi.com/markets/kxitfwmatch/itf-women-s-match,https://kalshi.com/markets/kxitfwmatch/itf-women-s-match/kxitfwmatch-26sep14wonbai,Zhuoxuan Bai wins,Zhuoxuan Bai,KXITFWMATCH-26SEP14WONBAI,Wong vs Bai,KXITFWMATCH,ITF Women's Match,Sports,"[""Tennis""]",settled,binary,0,1,0.99,0.99,0.01,0.99,1,425942.77,425906.26,269019.91,0,2026-09-14T11:12:00Z,2026-09-15T06:11:24Z,2026-09-29T03:00:00Z,,yes,Zhuoxuan Bai,structured,,,,True,2026-09-15T17:18:28+00:00
kalshi,KXITFWMATCH-26SEP14ARAOHA-OHA,https://kalshi.com/markets/kxitfwmatch/itf-women-s-match,https://kalshi.com/markets/kxitfwmatch/itf-women-s-match/kxitfwmatch-26sep14araoha,Remika Ohashi wins,Remika Ohashi,KXITFWMATCH-26SEP14ARAOHA,Arakawa vs Ohashi,KXITFWMATCH,ITF Women's Match,Sports,"[""Tennis""]",settled,binary,0,1,0.99,0.99,0.01,0.99,1,418444.88,418444.88,194856.37,0,2026-09-14T10:13:00Z,2026-09-15T05:16:22Z,2026-09-29T02:00:00Z,,yes,Remika Ohashi,structured,,,,True,2026-09-15T17:18:30+00:00
kalshi,KXNFLFIRSTTD-26SEP14DENKC-DENBNIX10,https://kalshi.com/markets/kxnflfirsttd/pro-football-first-touchdown,https://kalshi.com/markets/kxnflfirsttd/pro-football-first-touchdown/kxnflfirsttd-26sep14denkc,Bo Nix: 1st Touchdown,Bo Nix,KXNFLFIRSTTD-26SEP14DENKC,Denver vs Kansas City: 1st Touchdown,KXNFLFIRSTTD,Pro Football First Touchdown,Sports,"[""Football""]",settled,binary,0,1,0.01,0.01,0.99,0.01,1,467767.28,417024.98,461687.36,0,2026-09-04T21:04:00Z,2026-09-15T01:15:05Z,2026-09-17T00:15:00Z,,no,No,structured,,,,True,2026-09-15T17:18:42+00:00
kalshi,KXBTCD-26SEP1419-T78499.99,https://kalshi.com/markets/kxbtcd/bitcoin-price-above-below,https://kalshi.com/markets/kxbtcd/bitcoin-price-above-below/kxbtcd-26sep1419,"Bitcoin price on Sep 14, 2026?","$78,500 or above",KXBTCD-26SEP1419,"BTC price on Sep 14, 2026 at 7pm EDT?",KXBTCD,Bitcoin price Above/below,Crypto,"[""Hourly"", ""BTC""]",settled,binary,0,1,0.99,0.99,0.01,0.99,1,412497.63,412497.63,120850.81,0,2026-09-14T22:00:00Z,2026-09-14T23:00:00Z,2026-09-21T23:00:00Z,,yes,78548.70,greater,78499.99,,BRTI,True,2026-09-15T17:18:47+00:00
kalshi,KXBTCD-26SEP1416-T79199.99,https://kalshi.com/markets/kxbtcd/bitcoin-price-above-below,https://kalshi.com/markets/kxbtcd/bitcoin-price-above-below/kxbtcd-26sep1416,"Bitcoin price on Sep 14, 2026?","$79,200 or above",KXBTCD-26SEP1416,"BTC price on Sep 14, 2026 at 4pm EDT?",KXBTCD,Bitcoin price Above/below,Crypto,"[""Hourly"", ""BTC""]",settled,binary,0,1,0.01,0.01,0.99,0.01,1,408407.17,408407.17,93387.84,0,2026-09-14T19:00:00Z,2026-09-14T20:00:00Z,2026-09-21T20:00:00Z,,no,78999.88,greater,79199.99,,BRTI,True,2026-09-15T17:18:54+00:00
kalshi,KXWTACHALLENGERMATCH-26SEP15RUGVED-VED,https://kalshi.com/markets/kxwtachallengermatch/challenger-wta,https://kalshi.com/markets/kxwtachallengermatch/challenger-wta/kxwtachallengermatch-26sep15rugved,Eva Vedder wins,Eva Vedder,KXWTACHALLENGERMATCH-26SEP15RUGVED,Ruggeri vs Vedder,KXWTACHALLENGERMATCH,Challenger WTA,Sports,"[""Tennis""]",settled,binary,0,1,0.01,0.01,0.99,0.01,1,407874.32,407874.32,183323.81,0,2026-09-14T21:20:00Z,2026-09-15T12:55:34Z,2026-09-29T09:10:00Z,,no,Jennifer Ruggeri,structured,,,,True,2026-09-15T17:18:20+00:00
kalshi,KXWTACHALLENGERMATCH-26SEP15MICKOE-MIC,https://kalshi.com/markets/kxwtachallengermatch/challenger-wta,https://kalshi.com/markets/kxwtachallengermatch/challenger-wta/kxwtachallengermatch-26sep15mickoe,Elena Micic wins,Elena Micic,KXWTACHALLENGERMATCH-26SEP15MICKOE,Micic vs Koevermans,KXWTACHALLENGERMATCH,Challenger WTA,Sports,"[""Tennis""]",settled,binary,0,1,0.01,0.01,0.99,0.01,1,407836.89,407836.89,129431.09,0,2026-09-15T01:10:00Z,2026-09-15T16:00:39Z,2026-09-29T13:00:00Z,,no,Anouk Koevermans,structured,,,,True,2026-09-15T17:18:17+00:00
kalshi,KXBTCD-26SEP1420-T78399.99,https://kalshi.com/markets/kxbtcd/bitcoin-price-above-below,https://kalshi.com/markets/kxbtcd/bitcoin-price-above-below/kxbtcd-26sep1420,"Bitcoin price on Sep 14, 2026?","$78,400 or above",KXBTCD-26SEP1420,"BTC price on Sep 14, 2026 at 8pm EDT?",KXBTCD,Bitcoin price Above/below,Crypto,"[""Hourly"", ""BTC""]",settled,binary,0,1,0.01,0.01,0.99,0.01,1,403670.77,403670.77,126707.6,0,2026-09-14T23:00:00Z,2026-09-15T00:00:00Z,2026-09-22T00:00:00Z,,no,78179.05,greater,78399.99,,BRTI,True,2026-09-15T17:18:46+00:00
kalshi,KXMLBSPREAD-26SEP142140MIAAZ-MIA2,https://kalshi.com/markets/kxmlbspread/pro-baseball-spread,https://kalshi.com/markets/kxmlbspread/pro-baseball-spread/kxmlbspread-26sep142140miaaz,Miami wins by over 1.5 runs?,Miami wins by over 1.5 runs,KXMLBSPREAD-26SEP142140MIAAZ,Miami vs Arizona: Spread,KXMLBSPREAD,Pro Baseball Spread,Sports,"[""Baseball""]",settled,binary,0,1,0.01,0.01,0.99,0.01,1,401262.25,400845.2,143248.02,0,2026-09-13T20:00:00Z,2026-09-15T04:49:32Z,2026-09-18T01:40:00Z,,no,1,greater,1.5,,,True,2026-09-15T17:18:32+00:00
kalshi,KXATPCHALLENGERMATCH-26SEP15BITOC-BIT,https://kalshi.com/markets/kxatpchallengermatch/challenger-atp,https://kalshi.com/markets/kxatpchallengermatch/challenger-atp/kxatpchallengermatch-26sep15bitoc,Constantin Bittoun Kouzmine wins,Constantin Bittoun Kouzmine,KXATPCHALLENGERMATCH-26SEP15BITOC,Bittoun Kouzmine vs O'Connell,KXATPCHALLENGERMATCH,Challenger ATP ,Sports,"[""Tennis""]",settled,binary,0,1,0.99,0.99,0.01,0.99,1,400192.67,400192.67,235125.52,0,2026-09-14T17:31:00Z,2026-09-15T08:51:04Z,2026-09-29T05:20:00Z,,yes,Constantin Bittoun Kouzmine,structured,,,,True,2026-09-15T17:18:24+00:00
kalshi,KXMLBTOTAL-26SEP142138SEALAA-11,https://kalshi.com/markets/kxmlbtotal/pro-baseball-total-points,https://kalshi.com/markets/kxmlbtotal/pro-baseball-total-points/kxmlbtotal-26sep142138sealaa,Over 10.5 runs scored,Over 10.5 runs scored,KXMLBTOTAL-26SEP142138SEALAA,Seattle vs Los Angeles A: Total Runs,KXMLBTOTAL,Pro Baseball Total Points,Sports,"[""Baseball""]",settled,binary,0,1,0.01,0.01,0.99,0.01,1,396817.68,396813.01,243829.64,0,2026-09-13T20:50:00Z,2026-09-15T04:10:07Z,2026-09-18T01:38:00Z,,no,10,greater,10.5,,,True,2026-09-15T17:18:32+00:00
kalshi,KXBTCD-26SEP1512-T76499.99,https://kalshi.com/markets/kxbtcd/bitcoin-price-above-below,https://kalshi.com/markets/kxbtcd/bitcoin-price-above-below/kxbtcd-26sep1512,"Bitcoin price on Sep 15, 2026?","$76,500 or above",KXBTCD-26SEP1512,"BTC price on Sep 15, 2026 at 12pm EDT?",KXBTCD,Bitcoin price Above/below,Crypto,"[""Hourly"", ""BTC""]",settled,binary,0,1,0.01,0.01,0.99,0.01,1,395696.58,395696.58,106498.56,0,2026-09-15T15:00:00Z,2026-09-15T16:00:00Z,2026-09-22T16:00:00Z,,no,76482.37,greater,76499.99,,BRTI,True,2026-09-15T17:18:18+00:00
kalshi,KXMLBRFI-26SEP141840CWSCLE,https://kalshi.com/markets/kxmlbrfi/pro-baseball-run-in-first-inning,https://kalshi.com/markets/kxmlbrfi/pro-baseball-run-in-first-inning/kxmlbrfi-26sep141840cwscle,1st inning: Over 0.5 runs,Over 0.5 runs in the 1st inning,KXMLBRFI-26SEP141840CWSCLE,Chicago WS vs Cleveland: First Inning Run,KXMLBRFI,Pro Baseball Run in First Inning,Sports,"[""Baseball""]",settled,binary,0,1,0.01,0.01,0.99,0.01,1,402584.87,390598.33,326576.72,0,2026-09-11T23:10:00Z,2026-09-14T22:59:50Z,2026-09-17T22:40:00Z,,no,No,greater_or_equal,1,,,True,2026-09-15T17:18:48+00:00
kalshi,KXBTCD-26SEP1500-T77799.99,https://kalshi.com/markets/kxbtcd/bitcoin-price-above-below,https://kalshi.com/markets/kxbtcd/bitcoin-price-above-below/kxbtcd-26sep1500,"Bitcoin price on Sep 15, 2026?","$77,800 or above",KXBTCD-26SEP1500,"BTC price on Sep 15, 2026 at 12am EDT?",KXBTCD,Bitcoin price Above/below,Crypto,"[""Hourly"", ""BTC""]",settled,binary,0,1,0.01,0.01,0.99,0.01,1,390109.7,390109.7,73711.76,0,2026-09-15T03:00:00Z,2026-09-15T04:00:00Z,2026-09-22T04:00:00Z,,no,77644.17,greater,77799.99,,BRTI,True,2026-09-15T17:18:33+00:00
kalshi,KXBTCD-26SEP1418-T78899.99,https://kalshi.com/markets/kxbtcd/bitcoin-price-above-below,https://kalshi.com/markets/kxbtcd/bitcoin-price-above-below/kxbtcd-26sep1418,"Bitcoin price on Sep 14, 2026?","$78,900 or above",KXBTCD-26SEP1418,"BTC price on Sep 14, 2026 at 6pm EDT?",KXBTCD,Bitcoin price Above/below,Crypto,"[""Hourly"", ""BTC""]",settled,binary,0,1,0.01,0.01,0.99,0.01,1,389820.18,389820.18,134280.55,0,2026-09-14T21:00:00Z,2026-09-14T22:00:00Z,2026-09-21T22:00:00Z,,no,78746.62,greater,78899.99,,BRTI,True,2026-09-15T17:18:50+00:00
kalshi,KXWTAMATCH-26SEP15SEMKIN-SEM,https://kalshi.com/markets/kxwtamatch/wta-tennis-match,https://kalshi.com/markets/kxwtamatch/wta-tennis-match/kxwtamatch-26sep15semkin,Darja Semenistaja wins,Darja Semenistaja,KXWTAMATCH-26SEP15SEMKIN,Semenistaja vs Kinoshita,KXWTAMATCH,WTA Tennis Match,Sports,"[""Tennis""]",settled,binary,0,1,0.99,0.99,0.01,0.99,1,389385.21,389365.21,275736.55,0,2026-09-14T16:47:00Z,2026-09-15T15:34:52Z,2026-09-29T13:00:00Z,,yes,Darja Semenistaja,structured,,,,True,2026-09-15T17:18:18+00:00
kalshi,KXATPCHALLENGERMATCH-26SEP15SULHEC-SUL,https://kalshi.com/markets/kxatpchallengermatch/challenger-atp,https://kalshi.com/markets/kxatpchallengermatch/challenger-atp/kxatpchallengermatch-26sep15sulhec,Khumoyun Sultanov wins,Khumoyun Sultanov,KXATPCHALLENGERMATCH-26SEP15SULHEC,Sultanov vs Heck,KXATPCHALLENGERMATCH,Challenger ATP ,Sports,"[""Tennis""]",settled,binary,0,1,0.01,0.01,0.99,0.01,1,389138.68,389138.68,212983.1,0,2026-09-14T16:20:00Z,2026-09-15T06:25:25Z,2026-09-29T04:10:00Z,,no,Hunter Heck,structured,,,,True,2026-09-15T17:18:28+00:00
kalshi,KXNFLFIRSTTD-26SEP14DENKC-KCKWALKER9,https://kalshi.com/markets/kxnflfirsttd/pro-football-first-touchdown,https://kalshi.com/markets/kxnflfirsttd/pro-football-first-touchdown/kxnflfirsttd-26sep14denkc,Kenneth Walker III: 1st Touchdown,Kenneth Walker III,KXNFLFIRSTTD-26SEP14DENKC,Denver vs Kansas City: 1st Touchdown,KXNFLFIRSTTD,Pro Football First Touchdown,Sports,"[""Football""]",settled,binary,0,1,0.01,0.01,0.99,0.01,1,431114.98,388793.52,412119.36,0,2026-09-04T21:04:00Z,2026-09-15T01:15:05Z,2026-09-17T00:15:00Z,,no,No,structured,,,,True,2026-09-15T17:18:42+00:00
kalshi,KXATPCHALLENGERMATCH-26SEP14WEBMAT-WEB,https://kalshi.com/markets/kxatpchallengermatch/challenger-atp,https://kalshi.com/markets/kxatpchallengermatch/challenger-atp/kxatpchallengermatch-26sep14webmat,Arthur Weber wins,Arthur Weber,KXATPCHALLENGERMATCH-26SEP14WEBMAT,Weber vs Matsuda,KXATPCHALLENGERMATCH,Challenger ATP ,Sports,"[""Tennis""]",settled,binary,0,1,0.99,0.99,0.01,0.99,1,388409.14,388387.16,161601.11,0,2026-09-14T15:11:00Z,2026-09-15T04:20:43Z,2026-09-29T03:00:00Z,,yes,Arthur Weber,structured,,,,True,2026-09-15T17:18:32+00:00
kalshi,KXBTCD-26SEP1421-T78099.99,https://kalshi.com/markets/kxbtcd/bitcoin-price-above-below,https://kalshi.com/markets/kxbtcd/bitcoin-price-above-below/kxbtcd-26sep1421,"Bitcoin price on Sep 14, 2026?","$78,100 or above",KXBTCD-26SEP1421,"BTC price on Sep 14, 2026 at 9pm EDT?",KXBTCD,Bitcoin price Above/below,Crypto,"[""Hourly"", ""BTC""]",settled,binary,0,1,0.01,0.01,0.99,0.01,1,388190.58,388190.58,140534.05,0,2026-09-15T00:00:00Z,2026-09-15T01:00:00Z,2026-09-22T01:00:00Z,,no,77944.70,greater,78099.99,,BRTI,True,2026-09-15T17:18:44+00:00
kalshi,KXNFL1HTOTAL-26SEP14DENKC-22,https://kalshi.com/markets/kxnfl1htotal/pro-football-1st-half-total-points,https://kalshi.com/markets/kxnfl1htotal/pro-football-1st-half-total-points/kxnfl1htotal-26sep14denkc,Will there be over 21.5 1H points scored?,Over 21.5 1H points scored,KXNFL1HTOTAL-26SEP14DENKC,DEN Broncos vs KC Chiefs: 1st Half Total,KXNFL1HTOTAL,Pro Football 1st  Half Total Points,Sports,"[""Football""]",settled,binary,0,1,0.01,0.01,0.99,0.01,1,418037.52,388112.61,238723.38,0,2026-09-02T18:37:00Z,2026-09-15T02:00:07Z,2026-09-17T00:15:00Z,,no,21,greater,21.5,,,True,2026-09-15T17:18:40+00:00
kalshi,KXBTCD-26SEP1502-T77499.99,https://kalshi.com/markets/kxbtcd/bitcoin-price-above-below,https://kalshi.com/markets/kxbtcd/bitcoin-price-above-below/kxbtcd-26sep1502,"Bitcoin price on Sep 15, 2026?","$77,500 or above",KXBTCD-26SEP1502,"BTC price on Sep 15, 2026 at 2am EDT?",KXBTCD,Bitcoin price Above/below,Crypto,"[""Hourly"", ""BTC""]",settled,binary,0,1,0.99,0.99,0.01,0.99,1,386577.41,386577.41,49840.06,0,2026-09-15T05:00:00Z,2026-09-15T06:00:00Z,2026-09-22T06:00:00Z,,yes,77619.00,greater,77499.99,,BRTI,True,2026-09-15T17:18:29+00:00
kalshi,KXBTCD-26SEP1509-T76899.99,https://kalshi.com/markets/kxbtcd/bitcoin-price-above-below,https://kalshi.com/markets/kxbtcd/bitcoin-price-above-below/kxbtcd-26sep1509,"Bitcoin price on Sep 15, 2026?","$76,900 or above",KXBTCD-26SEP1509,"BTC price on Sep 15, 2026 at 9am EDT?",KXBTCD,Bitcoin price Above/below,Crypto,"[""Hourly"", ""BTC""]",settled,binary,0,1,0.99,0.99,0.01,0.99,1,386461.12,386461.12,51458.93,0,2026-09-15T12:00:00Z,2026-09-15T13:00:00Z,2026-09-22T13:00:00Z,,yes,76910.95,greater,76899.99,,BRTI,True,2026-09-15T17:18:20+00:00
kalshi,KXNFLSPREAD-26SEP14DENKC-KC10,https://kalshi.com/markets/kxnflspread/pro-football-spread,https://kalshi.com/markets/kxnflspread/pro-football-spread/kxnflspread-26sep14denkc,Kansas City wins by over 9.5 points?,Kansas City wins by over 9.5 points,KXNFLSPREAD-26SEP14DENKC,Denver vs Kansas City: Spread,KXNFLSPREAD,Pro Football Spread,Sports,"[""Football""]",settled,binary,0,1,0.99,0.99,0.01,0.99,1,395361.47,386144.61,187254.18,0,2026-08-03T23:13:00Z,2026-09-15T03:19:43Z,2026-09-17T00:15:00Z,,yes,spread,greater,9.5,,,True,2026-09-15T17:18:35+00:00
kalshi,KXNFL1H-26SEP14DENKC-DEN,https://kalshi.com/markets/kxnfl1h/pro-football-1st-half-winner,https://kalshi.com/markets/kxnfl1h/pro-football-1st-half-winner/kxnfl1h-26sep14denkc,Will Denver win the 1st Half?,Denver wins 1st Half,KXNFL1H-26SEP14DENKC,DEN Broncos vs KC Chiefs: 1st Half Winner,KXNFL1H,Pro Football 1st Half Winner,Sports,"[""Football""]",settled,binary,0,1,0.01,0.01,0.99,0.01,1,401941.77,384341.65,268712.24,0,2026-09-02T18:37:00Z,2026-09-15T02:00:04Z,2026-09-17T00:15:00Z,,no,KC Chiefs wins 1st Half,structured,,,,True,2026-09-15T17:18:40+00:00
kalshi,KXBTCD-26SEP1511-T75899.99,https://kalshi.com/markets/kxbtcd/bitcoin-price-above-below,https://kalshi.com/markets/kxbtcd/bitcoin-price-above-below/kxbtcd-26sep1511,"Bitcoin price on Sep 15, 2026?","$75,900 or above",KXBTCD-26SEP1511,"BTC price on Sep 15, 2026 at 11am EDT?",KXBTCD,Bitcoin price Above/below,Crypto,"[""Hourly"", ""BTC""]",settled,binary,0,1,0.01,0.01,0.99,0.01,1,383490.14,383490.14,51283.57,0,2026-09-15T14:00:00Z,2026-09-15T15:00:00Z,2026-09-22T15:00:00Z,,no,75894.71,greater,75899.99,,BRTI,True,2026-09-15T17:18:18+00:00
kalshi,KXWTAMATCH-26SEP14SONSHY-SHY,https://kalshi.com/markets/kxwtamatch/wta-tennis-match,https://kalshi.com/markets/kxwtamatch/wta-tennis-match/kxwtamatch-26sep14sonshy,Iryna Shymanovich wins,Iryna Shymanovich,KXWTAMATCH-26SEP14SONSHY,Sonmez vs Shymanovich,KXWTAMATCH,WTA Tennis Match,Sports,"[""Tennis""]",settled,binary,0,1,0.01,0.01,0.99,0.01,1,385752.28,381470.75,236826.82,0,2026-09-14T00:25:00Z,2026-09-15T00:24:48Z,2026-09-28T23:00:00Z,,no,Zeynep Sonmez,structured,,,,True,2026-09-15T17:18:44+00:00
kalshi,KXGOLD15M-26SEP141630-30,https://kalshi.com/markets/kxgold15m/gold-15-minute,https://kalshi.com/markets/kxgold15m/gold-15-minute/kxgold15m-26sep141630,Gold price up in next 15 mins?,"Target Price: $4,287.88",KXGOLD15M-26SEP141630,"Gold 15 min · $4,287.88 target",KXGOLD15M,Gold 15-minute,Commodities,"[""Metals""]",settled,binary,0,1,0.999,0.999,0.001,0.999,1,380215.77,380215.77,267453.47,0,2026-09-14T20:15:00Z,2026-09-14T20:30:00Z,2026-09-21T20:30:00Z,,yes,4296.75,greater_or_equal,4287.88,,,True,2026-09-15T17:18:52+00:00
kalshi,KXNFL1Q-26SEP14DENKC-DEN,https://kalshi.com/markets/kxnfl1q/pro-football-1st-quarter-winner,https://kalshi.com/markets/kxnfl1q/pro-football-1st-quarter-winner/kxnfl1q-26sep14denkc,Will Denver win the 1st Quarter?,Denver wins 1st Quarter,KXNFL1Q-26SEP14DENKC,DEN Broncos vs KC Chiefs: 1st Quarter Winner,KXNFL1Q,Pro Football 1st Quarter Winner,Sports,"[""Football""]",settled,binary,0,1,0.01,0.01,0.99,0.01,1,555305.4,379452.81,479936.55,0,2026-09-02T18:39:00Z,2026-09-15T01:07:32Z,2026-09-17T00:15:00Z,,no,Tie 1st Quarter,structured,,,,True,2026-09-15T17:18:43+00:00
kalshi,KXATPCHALLENGERMATCH-26SEP14WOLAMB-AMB,https://kalshi.com/markets/kxatpchallengermatch/challenger-atp,https://kalshi.com/markets/kxatpchallengermatch/challenger-atp/kxatpchallengermatch-26sep14wolamb,Luciano Emanuel Ambrogi wins,Luciano Emanuel Ambrogi,KXATPCHALLENGERMATCH-26SEP14WOLAMB,Wolf vs Ambrogi,KXATPCHALLENGERMATCH,Challenger ATP ,Sports,"[""Tennis""]",settled,binary,0,1,0.01,0.01,0.99,0.01,1,379155.53,378196.25,288199.16,0,2026-09-14T07:30:00Z,2026-09-14T21:40:20Z,2026-09-28T19:20:00Z,,no,Jeffrey John Wolf,structured,,,,True,2026-09-15T17:18:50+00:00
kalshi,KXMLBSPREAD-26SEP142140MIAAZ-MIA3,https://kalshi.com/markets/kxmlbspread/pro-baseball-spread,https://kalshi.com/markets/kxmlbspread/pro-baseball-spread/kxmlbspread-26sep142140miaaz,Miami wins by over 2.5 runs?,Miami wins by over 2.5 runs,KXMLBSPREAD-26SEP142140MIAAZ,Miami vs Arizona: Spread,KXMLBSPREAD,Pro Baseball Spread,Sports,"[""Baseball""]",settled,binary,0,1,0.01,0.01,0.99,0.01,1,375604.09,375604.08,156726.11,0,2026-09-13T20:00:00Z,2026-09-15T04:49:33Z,2026-09-18T01:40:00Z,,no,1,greater,2.5,,,True,2026-09-15T17:18:32+00:00
kalshi,KXITFWMATCH-26SEP15PASMAD-MAD,https://kalshi.com/markets/kxitfwmatch/itf-women-s-match,https://kalshi.com/markets/kxitfwmatch/itf-women-s-match/kxitfwmatch-26sep15pasmad,Gaia Maduzzi wins,Gaia Maduzzi,KXITFWMATCH-26SEP15PASMAD,Paszun vs Maduzzi,KXITFWMATCH,ITF Women's Match,Sports,"[""Tennis""]",settled,binary,0,1,0.99,0.99,0.01,0.99,1,371780.95,371780.95,189123.08,0,2026-09-14T17:12:00Z,2026-09-15T13:05:43Z,2026-09-29T09:00:00Z,,yes,Gaia Maduzzi,structured,,,,True,2026-09-15T17:18:19+00:00
kalshi,KXATPCHALLENGERMATCH-26SEP15GOJMAS-GOJ,https://kalshi.com/markets/kxatpchallengermatch/challenger-atp,https://kalshi.com/markets/kxatpchallengermatch/challenger-atp/kxatpchallengermatch-26sep15gojmas,Borna Gojo wins,Borna Gojo,KXATPCHALLENGERMATCH-26SEP15GOJMAS,Gojo vs Masur,KXATPCHALLENGERMATCH,Challenger ATP ,Sports,"[""Tennis""]",settled,binary,0,1,0.99,0.99,0.01,0.99,1,371128.42,371128.42,220165.02,0,2026-09-14T23:30:00Z,2026-09-15T14:30:52Z,2026-09-29T11:20:00Z,,yes,Borna Gojo,structured,,,,True,2026-09-15T17:18:18+00:00
kalshi,KXEPLTOTAL-26SEP14LEENEW-3,https://kalshi.com/markets/kxepltotal/english-premier-league-total-goals,https://kalshi.com/markets/kxepltotal/english-premier-league-total-goals/kxepltotal-26sep14leenew,Will over 2.5 goals be scored?,Over 2.5 goals scored,KXEPLTOTAL-26SEP14LEENEW,Leeds United vs Newcastle: Total Goals,KXEPLTOTAL,English Premier League Total Goals,Sports,"[""Soccer""]",settled,binary,0,1,0.99,0.99,0.01,0.99,1,410481.86,362491.87,275846.2,0,2026-09-07T19:06:00Z,2026-09-14T20:20:09Z,2026-09-17T01:00:00Z,,yes,4,greater,2.5,,,True,2026-09-15T17:18:52+00:00
kalshi,KXNFLTD-26SEP14DENKC-KCEJOHNSON10-1,https://kalshi.com/markets/kxnfltd/pro-football-touchdowns,https://kalshi.com/markets/kxnfltd/pro-football-touchdowns/kxnfltd-26sep14denkc,Emmett Johnson: 1+ touchdowns,Emmett Johnson: 1+,KXNFLTD-26SEP14DENKC,Denver vs Kansas City: Touchdowns,KXNFLTD,Pro Football Touchdowns,Sports,"[""Football""]",settled,binary,0,1,0.01,0.01,0.99,0.01,1,376953.41,361909.02,274745.04,0,2026-09-04T21:04:00Z,2026-09-15T03:51:24Z,2026-09-17T00:15:00Z,,no,anytime_td,greater,0.5,,,True,2026-09-15T17:18:34+00:00
kalshi,KXGOLD15M-26SEP142330-30,https://kalshi.com/markets/kxgold15m/gold-15-minute,https://kalshi.com/markets/kxgold15m/gold-15-minute/kxgold15m-26sep142330,Gold price up in next 15 mins?,"Target Price: $4,310.90",KXGOLD15M-26SEP142330,"Gold 15 min · $4,310.90 target",KXGOLD15M,Gold 15-minute,Commodities,"[""Metals""]",settled,binary,0,1,0.006,0.006,0.994,0.006,1,361804.19,361804.19,88618.82,0,2026-09-15T03:15:00Z,2026-09-15T03:30:00Z,2026-09-22T03:30:00Z,,no,4310.81,greater_or_equal,4310.9,,,True,2026-09-15T17:18:35+00:00
kalshi,KXATPCHALLENGERMATCH-26SEP14STAPAS-PAS,https://kalshi.com/markets/kxatpchallengermatch/challenger-atp,https://kalshi.com/markets/kxatpchallengermatch/challenger-atp/kxatpchallengermatch-26sep14stapas,Roger Pascual Ferra wins,Roger Pascual Ferra,KXATPCHALLENGERMATCH-26SEP14STAPAS,Staeheli vs Pascual Ferra,KXATPCHALLENGERMATCH,Challenger ATP ,Sports,"[""Tennis""]",settled,binary,0,1,0.01,0.01,0.99,0.01,1,372595.97,355886.2,237056.98,0,2026-09-14T05:10:00Z,2026-09-14T19:36:06Z,2026-09-28T17:00:00Z,,no,Luca Staeheli,structured,,,,True,2026-09-15T17:18:54+00:00
kalshi,KXITFMATCH-26SEP15BIERIS-RIS,https://kalshi.com/markets/kxitfmatch/itf-men-s-match,https://kalshi.com/markets/kxitfmatch/itf-men-s-match/kxitfmatch-26sep15bieris,Nicola Rispoli wins,Nicola Rispoli,KXITFMATCH-26SEP15BIERIS,Bieldiugin vs Rispoli,KXITFMATCH,ITF Men's Match,Sports,"[""Tennis""]",settled,binary,0,1,0.01,0.01,0.99,0.01,1,355242.72,355242.72,151160.59,0,2026-09-14T18:12:00Z,2026-09-15T14:25:16Z,2026-09-29T10:00:00Z,,no,Tymur Bieldiugin,structured,,,,True,2026-09-15T17:18:19+00:00
kalshi,KXNFLTD-26SEP14DENKC-DENBNIX10-2,https://kalshi.com/markets/kxnfltd/pro-football-touchdowns,https://kalshi.com/markets/kxnfltd/pro-football-touchdowns/kxnfltd-26sep14denkc,Bo Nix: 2+ touchdowns,Bo Nix: 2+,KXNFLTD-26SEP14DENKC,Denver vs Kansas City: Touchdowns,KXNFLTD,Pro Football Touchdowns,Sports,"[""Football""]",settled,binary,0,1,0.01,0.01,0.99,0.01,1,658998.76,354104.65,604203.41,0,2026-09-04T21:04:00Z,2026-09-15T03:51:26Z,2026-09-17T00:15:00Z,,no,anytime_td,greater,1.5,,,True,2026-09-15T17:18:34+00:00
kalshi,KXMLBSPREAD-26SEP141840LADCIN-LAD2,https://kalshi.com/markets/kxmlbspread/pro-baseball-spread,https://kalshi.com/markets/kxmlbspread/pro-baseball-spread/kxmlbspread-26sep141840ladcin,Los Angeles D wins by over 1.5 runs?,Los Angeles D wins by over 1.5 runs,KXMLBSPREAD-26SEP141840LADCIN,Los Angeles D vs Cincinnati: Spread,KXMLBSPREAD,Pro Baseball Spread,Sports,"[""Baseball""]",settled,binary,0,1,0.99,0.99,0.01,0.99,1,428526.05,353339.53,297916.67,0,2026-09-13T20:00:00Z,2026-09-15T00:59:47Z,2026-09-17T22:40:00Z,,yes,3,greater,1.5,,,True,2026-09-15T17:18:44+00:00
kalshi,KXBTCD-26SEP1509-T76999.99,https://kalshi.com/markets/kxbtcd/bitcoin-price-above-below,https://kalshi.com/markets/kxbtcd/bitcoin-price-above-below/kxbtcd-26sep1509,"Bitcoin price on Sep 15, 2026?","$77,000 or above",KXBTCD-26SEP1509,"BTC price on Sep 15, 2026 at 9am EDT?",KXBTCD,Bitcoin price Above/below,Crypto,"[""Hourly"", ""BTC""]",settled,binary,0,1,0.01,0.01,0.99,0.01,1,351837.23,351837.23,55752.12,0,2026-09-15T12:00:00Z,2026-09-15T13:00:00Z,2026-09-22T13:00:00Z,,no,76910.95,greater,76999.99,,BRTI,True,2026-09-15T17:18:20+00:00
kalshi,KXSUPERLIGGAME-26SEP14GAZFEN-FEN,https://kalshi.com/markets/kxsuperliggame/turkish-super-lig-game,https://kalshi.com/markets/kxsuperliggame/turkish-super-lig-game/kxsuperliggame-26sep14gazfen,Fenerbahce wins,Fenerbahce,KXSUPERLIGGAME-26SEP14GAZFEN,Gaziantep vs Fenerbahce,KXSUPERLIGGAME,Turkish Super Lig Game,Sports,"[""Soccer""]",settled,binary,0,1,0.01,0.01,0.99,0.01,1,438728.3,349865.2,292273.37,0,2026-09-10T00:37:00Z,2026-09-14T19:03:27Z,2026-09-16T17:00:00Z,,no,Tie,structured,,,,True,2026-09-15T17:18:55+00:00
kalshi,KXBTCD-26SEP1415-T79299.99,https://kalshi.com/markets/kxbtcd/bitcoin-price-above-below,https://kalshi.com/markets/kxbtcd/bitcoin-price-above-below/kxbtcd-26sep1415,"Bitcoin price on Sep 14, 2026?","$79,300 or above",KXBTCD-26SEP1415,"BTC price on Sep 14, 2026 at 3pm EDT?",KXBTCD,Bitcoin price Above/below,Crypto,"[""Hourly"", ""BTC""]",settled,binary,0,1,0.01,0.01,0.99,0.01,1,348942.34,348942.34,101014.08,0,2026-09-14T18:00:00Z,2026-09-14T19:00:00Z,2026-09-21T19:00:00Z,,no,79225.54,greater,79299.99,,BRTI,True,2026-09-15T17:18:56+00:00
kalshi,KXBTCD-26SEP1419-T78699.99,https://kalshi.com/markets/kxbtcd/bitcoin-price-above-below,https://kalshi.com/markets/kxbtcd/bitcoin-price-above-below/kxbtcd-26sep1419,"Bitcoin price on Sep 14, 2026?","$78,700 or above",KXBTCD-26SEP1419,"BTC price on Sep 14, 2026 at 7pm EDT?",KXBTCD,Bitcoin price Above/below,Crypto,"[""Hourly"", ""BTC""]",settled,binary,0,1,0.01,0.01,0.99,0.01,1,346259.14,346259.14,100121.04,0,2026-09-14T22:00:00Z,2026-09-14T23:00:00Z,2026-09-21T23:00:00Z,,no,78548.70,greater,78699.99,,BRTI,True,2026-09-15T17:18:47+00:00
kalshi,KXMLBRFI-26SEP142040SDCOL,https://kalshi.com/markets/kxmlbrfi/pro-baseball-run-in-first-inning,https://kalshi.com/markets/kxmlbrfi/pro-baseball-run-in-first-inning/kxmlbrfi-26sep142040sdcol,1st inning: Over 0.5 runs,Over 0.5 runs in the 1st inning,KXMLBRFI-26SEP142040SDCOL,San Diego vs Colorado: First Inning Run,KXMLBRFI,Pro Baseball Run in First Inning,Sports,"[""Baseball""]",settled,binary,0,1,0.99,0.99,0.01,0.99,1,350994.91,342455.38,262917.38,0,2026-09-12T01:11:00Z,2026-09-15T00:59:44Z,2026-09-18T00:40:00Z,,yes,Yes,greater_or_equal,1,,,True,2026-09-15T17:18:44+00:00
kalshi,KXLIGAMXGAME-26SEP14LEOASL-ASL,https://kalshi.com/markets/kxligamxgame/liga-mx-game,https://kalshi.com/markets/kxligamxgame/liga-mx-game/kxligamxgame-26sep14leoasl,San Luis wins,San Luis,KXLIGAMXGAME-26SEP14LEOASL,Leon vs San Luis,KXLIGAMXGAME,Liga MX Game,Sports,"[""Soccer""]",settled,binary,0,1,0.01,0.01,0.99,0.01,1,356736.01,341709.79,230859.3,0,2026-09-08T05:35:00Z,2026-09-15T03:02:12Z,2026-09-17T01:00:00Z,,no,Leon,structured,,,,True,2026-09-15T17:18:35+00:00
kalshi,KXGOLD15M-26SEP150000-00,https://kalshi.com/markets/kxgold15m/gold-15-minute,https://kalshi.com/markets/kxgold15m/gold-15-minute/kxgold15m-26sep150000,Gold price up in next 15 mins?,"Target Price: $4,308.74",KXGOLD15M-26SEP150000,"Gold 15 min · $4,308.74 target",KXGOLD15M,Gold 15-minute,Commodities,"[""Metals""]",settled,binary,0,1,0.001,0.001,0.999,0.001,1,341227.68,341227.68,159681.26,0,2026-09-15T03:45:00Z,2026-09-15T04:00:00Z,2026-09-22T04:00:00Z,,no,4303.73,greater_or_equal,4308.74,,,True,2026-09-15T17:18:33+00:00
kalshi,KXNFLTOTAL-26SEP14DENKC-41,https://kalshi.com/markets/kxnfltotal/pro-football-total-points,https://kalshi.com/markets/kxnfltotal/pro-football-total-points/kxnfltotal-26sep14denkc,Will there be over 40.5 points scored?,Over 40.5 points scored,KXNFLTOTAL-26SEP14DENKC,Denver vs Kansas City: Total Points,KXNFLTOTAL,Pro Football Total Points,Sports,"[""Football""]",settled,binary,0,1,0.99,0.99,0.01,0.99,1,353083.12,339240.32,218327.82,0,2026-08-03T23:13:00Z,2026-09-15T02:46:35Z,2026-09-17T00:15:00Z,,yes,41,greater,40.5,,,True,2026-09-15T17:18:37+00:00
kalshi,KXGOLD15M-26SEP151300-00,https://kalshi.com/markets/kxgold15m/gold-15-minute,https://kalshi.com/markets/kxgold15m/gold-15-minute/kxgold15m-26sep151300,Gold price up in next 15 mins?,"Target Price: $4,296.68",KXGOLD15M-26SEP151300,"Gold 15 min · $4,296.68 target",KXGOLD15M,Gold 15-minute,Commodities,"[""Metals""]",settled,binary,0,1,0.001,0.001,0.999,0.001,1,339068.67,339068.67,83581.19,0,2026-09-15T16:45:00Z,2026-09-15T17:00:00Z,2026-09-22T17:00:00Z,,no,4295.82,greater_or_equal,4296.68,,,True,2026-09-15T17:18:17+00:00
kalshi,KXITFMATCH-26SEP15KACLIU-KAC,https://kalshi.com/markets/kxitfmatch/itf-men-s-match,https://kalshi.com/markets/kxitfmatch/itf-men-s-match/kxitfmatch-26sep15kacliu,Alibek Kachmazov wins,Alibek Kachmazov,KXITFMATCH-26SEP15KACLIU,Kachmazov vs Liu,KXITFMATCH,ITF Men's Match,Sports,"[""Tennis""]",settled,binary,0,1,0.99,0.99,0.01,0.99,1,337335.46,337335.46,153900.17,0,2026-09-14T13:12:00Z,2026-09-15T07:25:53Z,2026-09-29T05:00:00Z,,yes,Alibek Kachmazov,structured,,,,True,2026-09-15T17:18:26+00:00
kalshi,KXBTCD-26SEP1414-T78999.99,https://kalshi.com/markets/kxbtcd/bitcoin-price-above-below,https://kalshi.com/markets/kxbtcd/bitcoin-price-above-below/kxbtcd-26sep1414,"Bitcoin price on Sep 14, 2026?","$79,000 or above",KXBTCD-26SEP1414,"BTC price on Sep 14, 2026 at 2pm EDT?",KXBTCD,Bitcoin price Above/below,Crypto,"[""Hourly"", ""BTC""]",settled,binary,0,1,0.01,0.01,0.99,0.01,1,351683.53,336739.19,105868.12,0,2026-09-14T17:00:00Z,2026-09-14T18:00:00Z,2026-09-21T18:00:00Z,,no,78923.79,greater,78999.99,,BRTI,True,2026-09-15T17:18:59+00:00
kalshi,KXGOLD15M-26SEP150100-00,https://kalshi.com/markets/kxgold15m/gold-15-minute,https://kalshi.com/markets/kxgold15m/gold-15-minute/kxgold15m-26sep150100,Gold price up in next 15 mins?,"Target Price: $4,305.01",KXGOLD15M-26SEP150100,"Gold 15 min · $4,305.01 target",KXGOLD15M,Gold 15-minute,Commodities,"[""Metals""]",settled,binary,0,1,0.001,0.001,0.999,0.001,1,331521.72,331521.72,82413.51,0,2026-09-15T04:45:00Z,2026-09-15T05:00:00Z,2026-09-22T05:00:00Z,,no,4304.91,greater_or_equal,4305.01,,,True,2026-09-15T17:18:30+00:00
kalshi,KXAFCCLGAME-26SEP14SHMITJ-ITJ,https://kalshi.com/markets/kxafcclgame/afc-champions-league-game,https://kalshi.com/markets/kxafcclgame/afc-champions-league-game/kxafcclgame-26sep14shmitj,Al-Ittihad wins,Al-Ittihad,KXAFCCLGAME-26SEP14SHMITJ,Al-Shamal vs Al-Ittihad,KXAFCCLGAME,AFC Champions League Game,Sports,"[""Soccer""]",settled,binary,0,1,0.01,0.01,0.99,0.01,1,625986.91,327439.65,375545.22,0,2026-08-31T00:34:00Z,2026-09-14T18:03:51Z,2026-09-16T22:00:00Z,,no,Tie,structured,,,,True,2026-09-15T17:18:57+00:00
kalshi,KXWTACHALLENGERMATCH-26SEP15HERCOR-COR,https://kalshi.com/markets/kxwtachallengermatch/challenger-wta,https://kalshi.com/markets/kxwtachallengermatch/challenger-wta/kxwtachallengermatch-26sep15hercor,Lucia Cortez Llorca wins,Lucia Cortez Llorca,KXWTACHALLENGERMATCH-26SEP15HERCOR,Herrero Linana vs Cortez Llorca,KXWTACHALLENGERMATCH,Challenger WTA,Sports,"[""Tennis""]",settled,binary,0,1,0.01,0.01,0.99,0.01,1,325823.76,325823.76,144264.86,0,2026-09-14T21:20:00Z,2026-09-15T12:40:37Z,2026-09-29T09:10:00Z,,no,Alicia Herrero Linana,structured,,,,True,2026-09-15T17:18:20+00:00
kalshi,KXITFWMATCH-26SEP15MIYMAT-MAT,https://kalshi.com/markets/kxitfwmatch/itf-women-s-match,https://kalshi.com/markets/kxitfwmatch/itf-women-s-match/kxitfwmatch-26sep15miymat,Rinko Matsuda wins,Rinko Matsuda,KXITFWMATCH-26SEP15MIYMAT,Miyamoto vs Matsuda,KXITFWMATCH,ITF Women's Match,Sports,"[""Tennis""]",settled,binary,0,1,0.99,0.99,0.01,0.99,1,324613.8,324613.8,186603.01,0,2026-09-14T12:12:00Z,2026-09-15T07:16:13Z,2026-09-29T04:00:00Z,,yes,Rinko Matsuda,structured,,,,True,2026-09-15T17:18:26+00:00
kalshi,KXBTCD-26SEP1508-T76899.99,https://kalshi.com/markets/kxbtcd/bitcoin-price-above-below,https://kalshi.com/markets/kxbtcd/bitcoin-price-above-below/kxbtcd-26sep1508,"Bitcoin price on Sep 15, 2026?","$76,900 or above",KXBTCD-26SEP1508,"BTC price on Sep 15, 2026 at 8am EDT?",KXBTCD,Bitcoin price Above/below,Crypto,"[""Hourly"", ""BTC""]",settled,binary,0,1,0.99,0.99,0.01,0.99,1,323063.19,323063.19,49280.55,0,2026-09-15T11:00:00Z,2026-09-15T12:00:00Z,2026-09-22T12:00:00Z,,yes,76910.41,greater,76899.99,,BRTI,True,2026-09-15T17:18:21+00:00
kalshi,KXITFMATCH-26SEP15CIANOC-NOC,https://kalshi.com/markets/kxitfmatch/itf-men-s-match,https://kalshi.com/markets/kxitfmatch/itf-men-s-match/kxitfmatch-26sep15cianoc,Gabriele Maria Noce wins,Gabriele Maria Noce,KXITFMATCH-26SEP15CIANOC,Ciavarella vs Noce,KXITFMATCH,ITF Men's Match,Sports,"[""Tennis""]",settled,binary,0,1,0.99,0.99,0.01,0.99,1,321642.23,321642.23,158056.05,0,2026-09-14T16:42:00Z,2026-09-15T13:15:46Z,2026-09-29T08:30:00Z,,yes,Gabriele Maria Noce,structured,,,,True,2026-09-15T17:18:19+00:00
kalshi,KXMLBTOTAL-26SEP142140MIAAZ-12,https://kalshi.com/markets/kxmlbtotal/pro-baseball-total-points,https://kalshi.com/markets/kxmlbtotal/pro-baseball-total-points/kxmlbtotal-26sep142140miaaz,Over 11.5 runs scored,Over 11.5 runs scored,KXMLBTOTAL-26SEP142140MIAAZ,Miami vs Arizona: Total Runs,KXMLBTOTAL,Pro Baseball Total Points,Sports,"[""Baseball""]",settled,binary,0,1,0.99,0.99,0.01,0.99,1,319184.46,318866.4,135756.45,0,2026-09-13T20:00:00Z,2026-09-15T04:19:31Z,2026-09-18T01:40:00Z,,yes,13,greater,11.5,,,True,2026-09-15T17:18:32+00:00
kalshi,KXATPCHALLENGERMATCH-26SEP15TRUBAX-TRU,https://kalshi.com/markets/kxatpchallengermatch/challenger-atp,https://kalshi.com/markets/kxatpchallengermatch/challenger-atp/kxatpchallengermatch-26sep15trubax,Thanh Minh Truong wins,Thanh Minh Truong,KXATPCHALLENGERMATCH-26SEP15TRUBAX,Truong vs Bax,KXATPCHALLENGERMATCH,Challenger ATP ,Sports,"[""Tennis""]",settled,binary,0,1,0.01,0.01,0.99,0.01,1,317686.32,317686.32,178276.56,0,2026-09-14T17:31:00Z,2026-09-15T08:30:40Z,2026-09-29T05:20:00Z,,no,Florent Bax,structured,,,,True,2026-09-15T17:18:24+00:00
kalshi,KXGOLD15M-26SEP150015-15,https://kalshi.com/markets/kxgold15m/gold-15-minute,https://kalshi.com/markets/kxgold15m/gold-15-minute/kxgold15m-26sep150015,Gold price up in next 15 mins?,"Target Price: $4,303.73",KXGOLD15M-26SEP150015,"Gold 15 min · $4,303.73 target",KXGOLD15M,Gold 15-minute,Commodities,"[""Metals""]",settled,binary,0,1,0.999,0.999,0.001,0.999,1,317478.62,317478.62,117264.32,0,2026-09-15T04:00:00Z,2026-09-15T04:15:00Z,2026-09-22T04:15:00Z,,yes,4307.42,greater_or_equal,4303.73,,,True,2026-09-15T17:18:32+00:00
kalshi,KXWTACHALLENGERMATCH-26SEP15RUGVED-RUG,https://kalshi.com/markets/kxwtachallengermatch/challenger-wta,https://kalshi.com/markets/kxwtachallengermatch/challenger-wta/kxwtachallengermatch-26sep15rugved,Jennifer Ruggeri wins,Jennifer Ruggeri,KXWTACHALLENGERMATCH-26SEP15RUGVED,Ruggeri vs Vedder,KXWTACHALLENGERMATCH,Challenger WTA,Sports,"[""Tennis""]",settled,binary,0,1,0.99,0.99,0.01,0.99,1,316307.25,316307.25,147712.69,0,2026-09-14T21:20:00Z,2026-09-15T12:55:34Z,2026-09-29T09:10:00Z,,yes,Jennifer Ruggeri,structured,,,,True,2026-09-15T17:18:20+00:00
kalshi,KXMLBRFI-26SEP142138SEALAA,https://kalshi.com/markets/kxmlbrfi/pro-baseball-run-in-first-inning,https://kalshi.com/markets/kxmlbrfi/pro-baseball-run-in-first-inning/kxmlbrfi-26sep142138sealaa,1st inning: Over 0.5 runs,Over 0.5 runs in the 1st inning,KXMLBRFI-26SEP142138SEALAA,Seattle vs Los Angeles A: First Inning Run,KXMLBRFI,Pro Baseball Run in First Inning,Sports,"[""Baseball""]",settled,binary,0,1,0.99,0.99,0.01,0.99,1,318140.97,313437.87,260744.7,0,2026-09-12T02:10:00Z,2026-09-15T01:59:45Z,2026-09-18T01:38:00Z,,yes,Yes,greater_or_equal,1,,,True,2026-09-15T17:18:42+00:00
kalshi,KXNFL1Q-26SEP14DENKC-KC,https://kalshi.com/markets/kxnfl1q/pro-football-1st-quarter-winner,https://kalshi.com/markets/kxnfl1q/pro-football-1st-quarter-winner/kxnfl1q-26sep14denkc,Will Kansas City win the 1st Quarter?,Kansas City wins 1st Quarter,KXNFL1Q-26SEP14DENKC,DEN Broncos vs KC Chiefs: 1st Quarter Winner,KXNFL1Q,Pro Football 1st Quarter Winner,Sports,"[""Football""]",settled,binary,0,1,0.01,0.01,0.99,0.01,1,445668.13,313410.26,373826.25,0,2026-09-02T18:39:00Z,2026-09-15T01:07:32Z,2026-09-17T00:15:00Z,,no,Tie 1st Quarter,structured,,,,True,2026-09-15T17:18:43+00:00
kalshi,KXITFWMATCH-26SEP15BARKEL-KEL,https://kalshi.com/markets/kxitfwmatch/itf-women-s-match,https://kalshi.com/markets/kxitfwmatch/itf-women-s-match/kxitfwmatch-26sep15barkel,Kelly Keller wins,Kelly Keller,KXITFWMATCH-26SEP15BARKEL,Bartone vs Keller,KXITFWMATCH,ITF Women's Match,Sports,"[""Tennis""]",settled,binary,0,1,0.99,0.99,0.01,0.99,1,312639.48,312639.48,119337.78,0,2026-09-14T14:42:00Z,2026-09-15T08:35:57Z,2026-09-29T06:00:00Z,,yes,Kelly Keller,structured,,,,True,2026-09-15T17:18:24+00:00
kalshi,KXGOLD15M-26SEP150200-00,https://kalshi.com/markets/kxgold15m/gold-15-minute,https://kalshi.com/markets/kxgold15m/gold-15-minute/kxgold15m-26sep150200,Gold price up in next 15 mins?,"Target Price: $4,296.05",KXGOLD15M-26SEP150200,"Gold 15 min · $4,296.05 target",KXGOLD15M,Gold 15-minute,Commodities,"[""Metals""]",settled,binary,0,1,0.001,0.001,0.999,0.001,1,312568.21,312568.21,90173.2,0,2026-09-15T05:45:00Z,2026-09-15T06:00:00Z,2026-09-22T06:00:00Z,,no,4291.29,greater_or_equal,4296.05,,,True,2026-09-15T17:18:28+00:00
kalshi,KXNFLFIRSTTD-26SEP14DENKC-KCTKELCE87,https://kalshi.com/markets/kxnflfirsttd/pro-football-first-touchdown,https://kalshi.com/markets/kxnflfirsttd/pro-football-first-touchdown/kxnflfirsttd-26sep14denkc,Travis Kelce: 1st Touchdown,Travis Kelce,KXNFLFIRSTTD-26SEP14DENKC,Denver vs Kansas City: 1st Touchdown,KXNFLFIRSTTD,Pro Football First Touchdown,Sports,"[""Football""]",settled,binary,0,1,0.01,0.01,0.99,0.01,1,371074.97,312372.95,352785.12,0,2026-09-04T21:04:00Z,2026-09-15T01:54:04Z,2026-09-17T00:15:00Z,,no,No,structured,,,,True,2026-09-15T17:18:42+00:00
kalshi,KXNFLSPREAD-26SEP14DENKC-KC14,https://kalshi.com/markets/kxnflspread/pro-football-spread,https://kalshi.com/markets/kxnflspread/pro-football-spread/kxnflspread-26sep14denkc,Kansas City wins by over 13.5 points?,Kansas City wins by over 13.5 points,KXNFLSPREAD-26SEP14DENKC,Denver vs Kansas City: Spread,KXNFLSPREAD,Pro Football Spread,Sports,"[""Football""]",settled,binary,0,1,0.99,0.99,0.01,0.99,1,314428.76,312155.22,158184.76,0,2026-08-03T23:13:00Z,2026-09-15T03:19:43Z,2026-09-17T00:15:00Z,,yes,spread,greater,13.5,,,True,2026-09-15T17:18:35+00:00
kalshi,KXBTCD-26SEP1511-T75799.99,https://kalshi.com/markets/kxbtcd/bitcoin-price-above-below,https://kalshi.com/markets/kxbtcd/bitcoin-price-above-below/kxbtcd-26sep1511,"Bitcoin price on Sep 15, 2026?","$75,800 or above",KXBTCD-26SEP1511,"BTC price on Sep 15, 2026 at 11am EDT?",KXBTCD,Bitcoin price Above/below,Crypto,"[""Hourly"", ""BTC""]",settled,binary,0,1,0.99,0.99,0.01,0.99,1,309231.24,309231.24,60520.07,0,2026-09-15T14:00:00Z,2026-09-15T15:00:00Z,2026-09-22T15:00:00Z,,yes,75894.71,greater,75799.99,,BRTI,True,2026-09-15T17:18:18+00:00
kalshi,KXITFWMATCH-26SEP15SOASAN-SOA,https://kalshi.com/markets/kxitfwmatch/itf-women-s-match,https://kalshi.com/markets/kxitfwmatch/itf-women-s-match/kxitfwmatch-26sep15soasan,Mariana Soares wins,Mariana Soares,KXITFWMATCH-26SEP15SOASAN,Soares vs Santos,KXITFWMATCH,ITF Women's Match,Sports,"[""Tennis""]",settled,binary,0,1,0.99,0.99,0.01,0.99,1,309174.48,309174.48,205333.52,0,2026-09-14T21:12:00Z,2026-09-15T14:55:25Z,2026-09-29T13:00:00Z,,yes,Mariana Soares,structured,,,,True,2026-09-15T17:18:18+00:00
kalshi,KXGOLD15M-26SEP141530-30,https://kalshi.com/markets/kxgold15m/gold-15-minute,https://kalshi.com/markets/kxgold15m/gold-15-minute/kxgold15m-26sep141530,Gold price up in next 15 mins?,"Target Price: $4,306.26",KXGOLD15M-26SEP141530,"Gold 15 min · $4,306.26 target",KXGOLD15M,Gold 15-minute,Commodities,"[""Metals""]",settled,binary,0,1,0.001,0.001,0.999,0.001,1,308867.63,308867.63,192397.34,0,2026-09-14T19:15:00Z,2026-09-14T19:30:00Z,2026-09-21T19:30:00Z,,no,4296.44,greater_or_equal,4306.26,,,True,2026-09-15T17:18:55+00:00
kalshi,KXLIGAPORTUGALGAME-26SEP14BRAEST-EST,https://kalshi.com/markets/kxligaportugalgame/liga-portugal-game,https://kalshi.com/markets/kxligaportugalgame/liga-portugal-game/kxligaportugalgame-26sep14braest,Estoril wins,Estoril,KXLIGAPORTUGALGAME-26SEP14BRAEST,Braga vs Estoril,KXLIGAPORTUGALGAME,Liga Portugal Game,Sports,"[""Soccer""]",settled,binary,0,1,0.01,0.01,0.99,0.01,1,309315.96,308640.89,236022.6,0,2026-09-07T00:36:00Z,2026-09-14T22:02:45Z,2026-09-17T01:45:00Z,,no,Braga,structured,,,,True,2026-09-15T17:18:48+00:00
kalshi,KXITFWMATCH-26SEP14ISHSHE-SHE,https://kalshi.com/markets/kxitfwmatch/itf-women-s-match,https://kalshi.com/markets/kxitfwmatch/itf-women-s-match/kxitfwmatch-26sep14ishshe,Cheuk Ying Shek wins,Cheuk Ying Shek,KXITFWMATCH-26SEP14ISHSHE,Ishii vs Shek,KXITFWMATCH,ITF Women's Match,Sports,"[""Tennis""]",settled,binary,0,1,0.01,0.01,0.99,0.01,1,307600.26,307600.26,140318.25,0,2026-09-14T11:12:00Z,2026-09-15T06:11:17Z,2026-09-29T03:00:00Z,,no,Sayaka Ishii,structured,,,,True,2026-09-15T17:18:28+00:00
kalshi,KXITFWMATCH-26SEP14YANLEY-LEY,https://kalshi.com/markets/kxitfwmatch/itf-women-s-match,https://kalshi.com/markets/kxitfwmatch/itf-women-s-match/kxitfwmatch-26sep14yanley,Polina Leykina wins,Polina Leykina,KXITFWMATCH-26SEP14YANLEY,Yang vs Leykina,KXITFWMATCH,ITF Women's Match,Sports,"[""Tennis""]",settled,binary,0,1,0.01,0.01,0.99,0.01,1,307078.64,306948.69,184644.64,0,2026-09-14T11:12:00Z,2026-09-15T06:46:05Z,2026-09-29T03:00:00Z,,no,Yidi Yang,structured,,,,True,2026-09-15T17:18:28+00:00
kalshi,KXATPCHALLENGERMATCH-26SEP15CADFOR-CAD,https://kalshi.com/markets/kxatpchallengermatch/challenger-atp,https://kalshi.com/markets/kxatpchallengermatch/challenger-atp/kxatpchallengermatch-26sep15cadfor,Gianluca Cadenasso wins,Gianluca Cadenasso,KXATPCHALLENGERMATCH-26SEP15CADFOR,Cadenasso vs Forti,KXATPCHALLENGERMATCH,Challenger ATP ,Sports,"[""Tennis""]",settled,binary,0,1,0.01,0.01,0.99,0.01,1,306899.36,306899.36,185148.54,0,2026-09-15T01:50:00Z,2026-09-15T17:01:15Z,2026-09-29T13:40:00Z,,no,Francesco Forti,structured,,,,True,2026-09-15T17:18:16+00:00
kalshi,KXBTCD-26SEP1507-T76999.99,https://kalshi.com/markets/kxbtcd/bitcoin-price-above-below,https://kalshi.com/markets/kxbtcd/bitcoin-price-above-below/kxbtcd-26sep1507,"Bitcoin price on Sep 15, 2026?","$77,000 or above",KXBTCD-26SEP1507,"BTC price on Sep 15, 2026 at 7am EDT?",KXBTCD,Bitcoin price Above/below,Crypto,"[""Hourly"", ""BTC""]",settled,binary,0,1,0.99,0.99,0.01,0.99,1,306510.18,306510.18,34583.19,0,2026-09-15T10:00:00Z,2026-09-15T11:00:00Z,2026-09-22T11:00:00Z,,yes,77026.52,greater,76999.99,,BRTI,True,2026-09-15T17:18:21+00:00
kalshi,KXITFWMATCH-26SEP15VLARYS-VLA,https://kalshi.com/markets/kxitfwmatch/itf-women-s-match,https://kalshi.com/markets/kxitfwmatch/itf-women-s-match/kxitfwmatch-26sep15vlarys,Clara Vlasselaer wins,Clara Vlasselaer,KXITFWMATCH-26SEP15VLARYS,Vlasselaer vs Ryser,KXITFWMATCH,ITF Women's Match,Sports,"[""Tennis""]",settled,binary,0,1,0.99,0.99,0.01,0.99,1,305904.81,305904.81,168502.45,0,2026-09-14T17:22:00Z,2026-09-15T11:01:07Z,2026-09-29T08:30:00Z,,yes,Clara Vlasselaer,structured,,,,True,2026-09-15T17:18:21+00:00
kalshi,KXBTCD-26SEP1501-T77499.99,https://kalshi.com/markets/kxbtcd/bitcoin-price-above-below,https://kalshi.com/markets/kxbtcd/bitcoin-price-above-below/kxbtcd-26sep1501,"Bitcoin price on Sep 15, 2026?","$77,500 or above",KXBTCD-26SEP1501,"BTC price on Sep 15, 2026 at 1am EDT?",KXBTCD,Bitcoin price Above/below,Crypto,"[""Hourly"", ""BTC""]",settled,binary,0,1,0.99,0.99,0.01,0.99,1,305153.66,305153.66,77006.03,0,2026-09-15T04:00:00Z,2026-09-15T05:00:00Z,2026-09-22T05:00:00Z,,yes,77557.97,greater,77499.99,,BRTI,True,2026-09-15T17:18:30+00:00
kalshi,KXBTCD-26SEP1423-T77799.99,https://kalshi.com/markets/kxbtcd/bitcoin-price-above-below,https://kalshi.com/markets/kxbtcd/bitcoin-price-above-below/kxbtcd-26sep1423,"Bitcoin price on Sep 14, 2026?","$77,800 or above",KXBTCD-26SEP1423,"BTC price on Sep 14, 2026 at 11pm EDT?",KXBTCD,Bitcoin price Above/below,Crypto,"[""Hourly"", ""BTC""]",settled,binary,0,1,0.99,0.99,0.01,0.99,1,303997.88,303997.88,82259.45,0,2026-09-15T02:00:00Z,2026-09-15T03:00:00Z,2026-09-22T03:00:00Z,,yes,77892.00,greater,77799.99,,BRTI,True,2026-09-15T17:18:37+00:00
kalshi,KXBTCD-26SEP1422-T77799.99,https://kalshi.com/markets/kxbtcd/bitcoin-price-above-below,https://kalshi.com/markets/kxbtcd/bitcoin-price-above-below/kxbtcd-26sep1422,"Bitcoin price on Sep 14, 2026?","$77,800 or above",KXBTCD-26SEP1422,"BTC price on Sep 14, 2026 at 10pm EDT?",KXBTCD,Bitcoin price Above/below,Crypto,"[""Hourly"", ""BTC""]",settled,binary,0,1,0.99,0.99,0.01,0.99,1,303279.31,303279.31,84186.34,0,2026-09-15T01:00:00Z,2026-09-15T02:00:00Z,2026-09-22T02:00:00Z,,yes,77907.82,greater,77799.99,,BRTI,True,2026-09-15T17:18:41+00:00
kalshi,KXGOLD15M-26SEP150145-45,https://kalshi.com/markets/kxgold15m/gold-15-minute,https://kalshi.com/markets/kxgold15m/gold-15-minute/kxgold15m-26sep150145,Gold price up in next 15 mins?,"Target Price: $4,298.15",KXGOLD15M-26SEP150145,"Gold 15 min · $4,298.15 target",KXGOLD15M,Gold 15-minute,Commodities,"[""Metals""]",settled,binary,0,1,0.001,0.001,0.999,0.001,1,303056.27,303056.27,106689.74,0,2026-09-15T05:30:00Z,2026-09-15T05:45:00Z,2026-09-22T05:45:00Z,,no,4296.05,greater_or_equal,4298.15,,,True,2026-09-15T17:18:29+00:00
kalshi,KXGOLD15M-26SEP151245-45,https://kalshi.com/markets/kxgold15m/gold-15-minute,https://kalshi.com/markets/kxgold15m/gold-15-minute/kxgold15m-26sep151245,Gold price up in next 15 mins?,"Target Price: $4,295.58",KXGOLD15M-26SEP151245,"Gold 15 min · $4,295.58 target",KXGOLD15M,Gold 15-minute,Commodities,"[""Metals""]",settled,binary,0,1,0.999,0.999,0.001,0.999,1,302706.86,302706.86,63065.62,0,2026-09-15T16:30:00Z,2026-09-15T16:45:00Z,2026-09-22T16:45:00Z,,yes,4296.68,greater_or_equal,4295.58,,,True,2026-09-15T17:18:17+00:00
kalshi,KXAFCCLGAME-26SEP15JOHBUR-JOH,https://kalshi.com/markets/kxafcclgame/afc-champions-league-game,https://kalshi.com/markets/kxafcclgame/afc-champions-league-game/kxafcclgame-26sep15johbur,Johor Darul Ta'zim wins,Johor Darul Ta'zim,KXAFCCLGAME-26SEP15JOHBUR,Johor Darul Ta'zim vs Buriram,KXAFCCLGAME,AFC Champions League Game,Sports,"[""Soccer""]",settled,binary,0,1,0.01,0.01,0.99,0.01,1,301154.3,301039.35,124796.47,0,2026-09-01T00:34:00Z,2026-09-15T14:32:33Z,2026-09-17T18:15:00Z,,no,Tie,structured,,,,True,2026-09-15T17:18:18+00:00
kalshi,KXEPLBTTS-26SEP14LEENEW-BTTS,https://kalshi.com/markets/kxeplbtts/epl-both-teams-to-score,https://kalshi.com/markets/kxeplbtts/epl-both-teams-to-score/kxeplbtts-26sep14leenew,Both Teams To Score,Both Teams To Score,KXEPLBTTS-26SEP14LEENEW,Leeds United vs Newcastle: BTTS,KXEPLBTTS,EPL Both Teams to Score,Sports,"[""Soccer""]",settled,binary,0,1,0.99,0.99,0.01,0.99,1,346696.04,300842.45,201178.42,0,2026-09-07T19:06:00Z,2026-09-14T21:05:33Z,2026-09-17T01:00:00Z,,yes,YES,,,,,True,2026-09-15T17:18:50+00:00
kalshi,KXBTCD-26SEP1512-T76399.99,https://kalshi.com/markets/kxbtcd/bitcoin-price-above-below,https://kalshi.com/markets/kxbtcd/bitcoin-price-above-below/kxbtcd-26sep1512,"Bitcoin price on Sep 15, 2026?","$76,400 or above",KXBTCD-26SEP1512,"BTC price on Sep 15, 2026 at 12pm EDT?",KXBTCD,Bitcoin price Above/below,Crypto,"[""Hourly"", ""BTC""]",settled,binary,0,1,0.99,0.99,0.01,0.99,1,299579.94,299579.94,70453.74,0,2026-09-15T15:00:00Z,2026-09-15T16:00:00Z,2026-09-22T16:00:00Z,,yes,76482.37,greater,76399.99,,BRTI,True,2026-09-15T17:18:18+00:00
kalshi,KXBTCD-26SEP1511-T75699.99,https://kalshi.com/markets/kxbtcd/bitcoin-price-above-below,https://kalshi.com/markets/kxbtcd/bitcoin-price-above-below/kxbtcd-26sep1511,"Bitcoin price on Sep 15, 2026?","$75,700 or above",KXBTCD-26SEP1511,"BTC price on Sep 15, 2026 at 11am EDT?",KXBTCD,Bitcoin price Above/below,Crypto,"[""Hourly"", ""BTC""]",settled,binary,0,1,0.99,0.99,0.01,0.99,1,299443.28,299443.28,60054.38,0,2026-09-15T14:00:00Z,2026-09-15T15:00:00Z,2026-09-22T15:00:00Z,,yes,75894.71,greater,75699.99,,BRTI,True,2026-09-15T17:18:18+00:00
kalshi,KXWTACHALLENGERMATCH-26SEP15SIEBUR-SIE,https://kalshi.com/markets/kxwtachallengermatch/challenger-wta,https://kalshi.com/markets/kxwtachallengermatch/challenger-wta/kxwtachallengermatch-26sep15siebur,Madison Sieg wins,Madison Sieg,KXWTACHALLENGERMATCH-26SEP15SIEBUR,Sieg vs Burillo Escorihuela,KXWTACHALLENGERMATCH,Challenger WTA,Sports,"[""Tennis""]",settled,binary,0,1,0.01,0.01,0.99,0.01,1,299242.94,299242.94,191326.34,0,2026-09-14T22:30:00Z,2026-09-15T15:20:32Z,2026-09-29T10:20:00Z,,no,Irene Burillo Escorihuela,structured,,,,True,2026-09-15T17:18:18+00:00
kalshi,KXGOLD15M-26SEP142345-45,https://kalshi.com/markets/kxgold15m/gold-15-minute,https://kalshi.com/markets/kxgold15m/gold-15-minute/kxgold15m-26sep142345,Gold price up in next 15 mins?,"Target Price: $4,310.81",KXGOLD15M-26SEP142345,"Gold 15 min · $4,310.81 target",KXGOLD15M,Gold 15-minute,Commodities,"[""Metals""]",settled,binary,0,1,0.001,0.001,0.999,0.001,1,298866.65,298866.65,87245.56,0,2026-09-15T03:30:00Z,2026-09-15T03:45:00Z,2026-09-22T03:45:00Z,,no,4308.74,greater_or_equal,4310.81,,,True,2026-09-15T17:18:35+00:00
kalshi,KXITFMATCH-26SEP15SILAGW-AGW,https://kalshi.com/markets/kxitfmatch/itf-men-s-match,https://kalshi.com/markets/kxitfmatch/itf-men-s-match/kxitfmatch-26sep15silagw,Michael Agwi wins,Michael Agwi,KXITFMATCH-26SEP15SILAGW,Silva vs Agwi,KXITFMATCH,ITF Men's Match,Sports,"[""Tennis""]",settled,binary,0,1,0.99,0.99,0.01,0.99,1,298704.15,298704.15,159337.23,0,2026-09-14T17:12:00Z,2026-09-15T11:40:43Z,2026-09-29T09:00:00Z,,yes,Michael Agwi,structured,,,,True,2026-09-15T17:18:21+00:00
kalshi,KXBTCD-26SEP1421-T77899.99,https://kalshi.com/markets/kxbtcd/bitcoin-price-above-below,https://kalshi.com/markets/kxbtcd/bitcoin-price-above-below/kxbtcd-26sep1421,"Bitcoin price on Sep 14, 2026?","$77,900 or above",KXBTCD-26SEP1421,"BTC price on Sep 14, 2026 at 9pm EDT?",KXBTCD,Bitcoin price Above/below,Crypto,"[""Hourly"", ""BTC""]",settled,binary,0,1,0.99,0.99,0.01,0.99,1,298608.85,298608.85,88640.29,0,2026-09-15T00:00:00Z,2026-09-15T01:00:00Z,2026-09-22T01:00:00Z,,yes,77944.70,greater,77899.99,,BRTI,True,2026-09-15T17:18:44+00:00
kalshi,KXBTCD-26SEP1503-T77399.99,https://kalshi.com/markets/kxbtcd/bitcoin-price-above-below,https://kalshi.com/markets/kxbtcd/bitcoin-price-above-below/kxbtcd-26sep1503,"Bitcoin price on Sep 15, 2026?","$77,400 or above",KXBTCD-26SEP1503,"BTC price on Sep 15, 2026 at 3am EDT?",KXBTCD,Bitcoin price Above/below,Crypto,"[""Hourly"", ""BTC""]",settled,binary,0,1,0.01,0.01,0.99,0.01,1,298318.97,298318.97,61187.81,0,2026-09-15T06:00:00Z,2026-09-15T07:00:00Z,2026-09-22T07:00:00Z,,no,77250.27,greater,77399.99,,BRTI,True,2026-09-15T17:18:28+00:00
kalshi,KXGOLD15M-26SEP151200-00,https://kalshi.com/markets/kxgold15m/gold-15-minute,https://kalshi.com/markets/kxgold15m/gold-15-minute/kxgold15m-26sep151200,Gold price up in next 15 mins?,"Target Price: $4,287.92",KXGOLD15M-26SEP151200,"Gold 15 min · $4,287.92 target",KXGOLD15M,Gold 15-minute,Commodities,"[""Metals""]",settled,binary,0,1,0.999,0.999,0.001,0.999,1,296796.77,296796.77,96933.79,0,2026-09-15T15:45:00Z,2026-09-15T16:00:00Z,2026-09-22T16:00:00Z,,yes,4289.40,greater_or_equal,4287.92,,,True,2026-09-15T17:18:17+00:00
kalshi,KXBTCD-26SEP1513-T76299.99,https://kalshi.com/markets/kxbtcd/bitcoin-price-above-below,https://kalshi.com/markets/kxbtcd/bitcoin-price-above-below/kxbtcd-26sep1513,"Bitcoin price on Sep 15, 2026?","$76,300 or above",KXBTCD-26SEP1513,"BTC price on Sep 15, 2026 at 1pm EDT?",KXBTCD,Bitcoin price Above/below,Crypto,"[""Hourly"", ""BTC""]",settled,binary,0,1,0.99,0.99,0.01,0.99,1,296770.11,296770.11,69257.79,0,2026-09-15T16:00:00Z,2026-09-15T17:00:00Z,2026-09-22T17:00:00Z,,yes,76366.59,greater,76299.99,,BRTI,True,2026-09-15T17:18:17+00:00
kalshi,KXGOLD15M-26SEP150230-30,https://kalshi.com/markets/kxgold15m/gold-15-minute,https://kalshi.com/markets/kxgold15m/gold-15-minute/kxgold15m-26sep150230,Gold price up in next 15 mins?,"Target Price: $4,289.96",KXGOLD15M-26SEP150230,"Gold 15 min · $4,289.96 target",KXGOLD15M,Gold 15-minute,Commodities,"[""Metals""]",settled,binary,0,1,0.001,0.001,0.999,0.001,1,296006.56,296006.56,101230.37,0,2026-09-15T06:15:00Z,2026-09-15T06:30:00Z,2026-09-22T06:30:00Z,,no,4289.68,greater_or_equal,4289.96,,,True,2026-09-15T17:18:28+00:00
kalshi,KXGOLD15M-26SEP151130-30,https://kalshi.com/markets/kxgold15m/gold-15-minute,https://kalshi.com/markets/kxgold15m/gold-15-minute/kxgold15m-26sep151130,Gold price up in next 15 mins?,"Target Price: $4,285.46",KXGOLD15M-26SEP151130,"Gold 15 min · $4,285.46 target",KXGOLD15M,Gold 15-minute,Commodities,"[""Metals""]",settled,binary,0,1,0.001,0.001,0.999,0.001,1,293088,293088,81006.43,0,2026-09-15T15:15:00Z,2026-09-15T15:30:00Z,2026-09-22T15:30:00Z,,no,4283.86,greater_or_equal,4285.46,,,True,2026-09-15T17:18:18+00:00
kalshi,KXITFWMATCH-26SEP14KURNUG-NUG,https://kalshi.com/markets/kxitfwmatch/itf-women-s-match,https://kalshi.com/markets/kxitfwmatch/itf-women-s-match/kxitfwmatch-26sep14kurnug,Priska Madelyn Nugroho wins,Priska Madelyn Nugroho,KXITFWMATCH-26SEP14KURNUG,Kuramochi vs Nugroho,KXITFWMATCH,ITF Women's Match,Sports,"[""Tennis""]",settled,binary,0,1,0.99,0.99,0.01,0.99,1,292855.46,292855.46,197061.27,0,2026-09-14T10:13:00Z,2026-09-15T03:51:44Z,2026-09-29T02:00:00Z,,yes,Priska Madelyn Nugroho,structured,,,,True,2026-09-15T17:18:34+00:00
kalshi,KXBTCD-26SEP1503-T77299.99,https://kalshi.com/markets/kxbtcd/bitcoin-price-above-below,https://kalshi.com/markets/kxbtcd/bitcoin-price-above-below/kxbtcd-26sep1503,"Bitcoin price on Sep 15, 2026?","$77,300 or above",KXBTCD-26SEP1503,"BTC price on Sep 15, 2026 at 3am EDT?",KXBTCD,Bitcoin price Above/below,Crypto,"[""Hourly"", ""BTC""]",settled,binary,0,1,0.01,0.01,0.99,0.01,1,290500.94,290500.94,56447.85,0,2026-09-15T06:00:00Z,2026-09-15T07:00:00Z,2026-09-22T07:00:00Z,,no,77250.27,greater,77299.99,,BRTI,True,2026-09-15T17:18:28+00:00
kalshi,KXBTCD-26SEP1510-T76399.99,https://kalshi.com/markets/kxbtcd/bitcoin-price-above-below,https://kalshi.com/markets/kxbtcd/bitcoin-price-above-below/kxbtcd-26sep1510,"Bitcoin price on Sep 15, 2026?","$76,400 or above",KXBTCD-26SEP1510,"BTC price on Sep 15, 2026 at 10am EDT?",KXBTCD,Bitcoin price Above/below,Crypto,"[""Hourly"", ""BTC""]",settled,binary,0,1,0.98,0.98,0.02,0.98,1,290467.18,290467.18,48024.1,0,2026-09-15T13:00:00Z,2026-09-15T14:00:00Z,2026-09-22T14:00:00Z,,yes,76500.68,greater,76399.99,,BRTI,True,2026-09-15T17:18:19+00:00
kalshi,KXBTCD-26SEP1415-T78999.99,https://kalshi.com/markets/kxbtcd/bitcoin-price-above-below,https://kalshi.com/markets/kxbtcd/bitcoin-price-above-below/kxbtcd-26sep1415,"Bitcoin price on Sep 14, 2026?","$79,000 or above",KXBTCD-26SEP1415,"BTC price on Sep 14, 2026 at 3pm EDT?",KXBTCD,Bitcoin price Above/below,Crypto,"[""Hourly"", ""BTC""]",settled,binary,0,1,0.99,0.99,0.01,0.99,1,290348.63,290348.63,79494.64,0,2026-09-14T18:00:00Z,2026-09-14T19:00:00Z,2026-09-21T19:00:00Z,,yes,79225.54,greater,78999.99,,BRTI,True,2026-09-15T17:18:56+00:00
kalshi,KXNFLTOTAL-26SEP14DENKC-52,https://kalshi.com/markets/kxnfltotal/pro-football-total-points,https://kalshi.com/markets/kxnfltotal/pro-football-total-points/kxnfltotal-26sep14denkc,Will there be over 51.5 points scored?,Over 51.5 points scored,KXNFLTOTAL-26SEP14DENKC,Denver vs Kansas City: Total Points,KXNFLTOTAL,Pro Football Total Points,Sports,"[""Football""]",settled,binary,0,1,0.01,0.01,0.99,0.01,1,297350,289729.36,152966.18,0,2026-08-03T23:13:00Z,2026-09-15T03:29:49Z,2026-09-17T00:15:00Z,,no,41,greater,51.5,,,True,2026-09-15T17:18:35+00:00
kalshi,KXSERIEATOTAL-26SEP14INTUDI-6,https://kalshi.com/markets/kxserieatotal/serie-a-total,https://kalshi.com/markets/kxserieatotal/serie-a-total/kxserieatotal-26sep14intudi,Will over 5.5 goals be scored?,Over 5.5 goals scored,KXSERIEATOTAL-26SEP14INTUDI,Inter vs Udinese: Total Goals,KXSERIEATOTAL,Serie A Total,Sports,"[""Soccer""]",settled,binary,0,1,0.99,0.99,0.01,0.99,1,288967.32,288794.12,116955.99,0,2026-09-07T19:07:00Z,2026-09-14T20:29:48Z,2026-09-17T00:45:00Z,,yes,7,greater,5.5,,,True,2026-09-15T17:18:52+00:00
kalshi,KXMLBTOTAL-26SEP142138SEALAA-12,https://kalshi.com/markets/kxmlbtotal/pro-baseball-total-points,https://kalshi.com/markets/kxmlbtotal/pro-baseball-total-points/kxmlbtotal-26sep142138sealaa,Over 11.5 runs scored,Over 11.5 runs scored,KXMLBTOTAL-26SEP142138SEALAA,Seattle vs Los Angeles A: Total Runs,KXMLBTOTAL,Pro Baseball Total Points,Sports,"[""Baseball""]",settled,binary,0,1,0.01,0.01,0.99,0.01,1,288496.59,288493.97,147806.14,0,2026-09-13T20:50:00Z,2026-09-15T04:10:07Z,2026-09-18T01:38:00Z,,no,10,greater,11.5,,,True,2026-09-15T17:18:32+00:00
kalshi,KXITFMATCH-26SEP15FOMBAT-FOM,https://kalshi.com/markets/kxitfmatch/itf-men-s-match,https://kalshi.com/markets/kxitfmatch/itf-men-s-match/kxitfmatch-26sep15fombat,Luc Fomba wins,Luc Fomba,KXITFMATCH-26SEP15FOMBAT,Fomba vs Batsabaken,KXITFMATCH,ITF Men's Match,Sports,"[""Tennis""]",settled,binary,0,1,0.01,0.01,0.99,0.01,1,287400.94,287400.94,163319.32,0,2026-09-14T20:12:00Z,2026-09-15T15:45:24Z,2026-09-29T12:00:00Z,,no,Yannis Batsabaken,structured,,,,True,2026-09-15T17:18:18+00:00
kalshi,KXGOLD15M-26SEP151215-15,https://kalshi.com/markets/kxgold15m/gold-15-minute,https://kalshi.com/markets/kxgold15m/gold-15-minute/kxgold15m-26sep151215,Gold price up in next 15 mins?,"Target Price: $4,289.40",KXGOLD15M-26SEP151215,"Gold 15 min · $4,289.40 target",KXGOLD15M,Gold 15-minute,Commodities,"[""Metals""]",settled,binary,0,1,0.003,0.003,0.997,0.003,1,287267.94,287267.94,102837.02,0,2026-09-15T16:00:00Z,2026-09-15T16:15:00Z,2026-09-22T16:15:00Z,,no,4286.35,greater_or_equal,4289.4,,,True,2026-09-15T17:18:17+00:00
kalshi,KXNFLTD-26SEP14DENKC-DENJWADDLE17-1,https://kalshi.com/markets/kxnfltd/pro-football-touchdowns,https://kalshi.com/markets/kxnfltd/pro-football-touchdowns/kxnfltd-26sep14denkc,Jaylen Waddle: 1+ touchdowns,Jaylen Waddle: 1+,KXNFLTD-26SEP14DENKC,Denver vs Kansas City: Touchdowns,KXNFLTD,Pro Football Touchdowns,Sports,"[""Football""]",settled,binary,0,1,0.01,0.01,0.99,0.01,1,334359.45,286682.95,267471.64,0,2026-09-04T21:04:00Z,2026-09-15T03:51:25Z,2026-09-17T00:15:00Z,,no,anytime_td,greater,0.5,,,True,2026-09-15T17:18:34+00:00
kalshi,KXGOLD15M-26SEP142115-15,https://kalshi.com/markets/kxgold15m/gold-15-minute,https://kalshi.com/markets/kxgold15m/gold-15-minute/kxgold15m-26sep142115,Gold price up in next 15 mins?,"Target Price: $4,293.11",KXGOLD15M-26SEP142115,"Gold 15 min · $4,293.11 target",KXGOLD15M,Gold 15-minute,Commodities,"[""Metals""]",settled,binary,0,1,0.999,0.999,0.001,0.999,1,285478.97,285478.97,110360.88,0,2026-09-15T01:00:00Z,2026-09-15T01:15:00Z,2026-09-22T01:15:00Z,,yes,4299.83,greater_or_equal,4293.11,,,True,2026-09-15T17:18:42+00:00
kalshi,KXBTCD-26SEP1510-T76499.99,https://kalshi.com/markets/kxbtcd/bitcoin-price-above-below,https://kalshi.com/markets/kxbtcd/bitcoin-price-above-below/kxbtcd-26sep1510,"Bitcoin price on Sep 15, 2026?","$76,500 or above",KXBTCD-26SEP1510,"BTC price on Sep 15, 2026 at 10am EDT?",KXBTCD,Bitcoin price Above/below,Crypto,"[""Hourly"", ""BTC""]",settled,binary,0,1,0.99,0.99,0.01,0.99,1,284876.49,284876.49,57804.33,0,2026-09-15T13:00:00Z,2026-09-15T14:00:00Z,2026-09-22T14:00:00Z,,yes,76500.68,greater,76499.99,,BRTI,True,2026-09-15T17:18:19+00:00
kalshi,KXAFCCLGAME-26SEP15JOHBUR-BUR,https://kalshi.com/markets/kxafcclgame/afc-champions-league-game,https://kalshi.com/markets/kxafcclgame/afc-champions-league-game/kxafcclgame-26sep15johbur,Buriram wins,Buriram,KXAFCCLGAME-26SEP15JOHBUR,Johor Darul Ta'zim vs Buriram,KXAFCCLGAME,AFC Champions League Game,Sports,"[""Soccer""]",settled,binary,0,1,0.01,0.01,0.99,0.01,1,284161.6,284161.58,162869.6,0,2026-09-01T00:34:00Z,2026-09-15T14:32:33Z,2026-09-17T18:15:00Z,,no,Tie,structured,,,,True,2026-09-15T17:18:18+00:00
kalshi,KXWTACHALLENGERMATCH-26SEP15COLARS-ARS,https://kalshi.com/markets/kxwtachallengermatch/challenger-wta,https://kalshi.com/markets/kxwtachallengermatch/challenger-wta/kxwtachallengermatch-26sep15colars,Ariana Arseneault wins,Ariana Arseneault,KXWTACHALLENGERMATCH-26SEP15COLARS,Collins vs Arseneault,KXWTACHALLENGERMATCH,Challenger WTA,Sports,"[""Tennis""]",settled,binary,0,1,0.01,0.01,0.99,0.01,1,284042.23,284042.23,121237.05,0,2026-09-15T10:10:00Z,2026-09-15T13:30:27Z,2026-09-29T10:10:00Z,,no,Kylie Collins,structured,,,,True,2026-09-15T17:18:19+00:00
kalshi,KXITFMATCH-26SEP15FOMBAT-BAT,https://kalshi.com/markets/kxitfmatch/itf-men-s-match,https://kalshi.com/markets/kxitfmatch/itf-men-s-match/kxitfmatch-26sep15fombat,Yannis Batsabaken wins,Yannis Batsabaken,KXITFMATCH-26SEP15FOMBAT,Fomba vs Batsabaken,KXITFMATCH,ITF Men's Match,Sports,"[""Tennis""]",settled,binary,0,1,0.99,0.99,0.01,0.99,1,282704.22,282704.22,106736.4,0,2026-09-14T20:12:00Z,2026-09-15T15:45:24Z,2026-09-29T12:00:00Z,,yes,Yannis Batsabaken,structured,,,,True,2026-09-15T17:18:18+00:00
kalshi,KXGOLD15M-26SEP150215-15,https://kalshi.com/markets/kxgold15m/gold-15-minute,https://kalshi.com/markets/kxgold15m/gold-15-minute/kxgold15m-26sep150215,Gold price up in next 15 mins?,"Target Price: $4,291.29",KXGOLD15M-26SEP150215,"Gold 15 min · $4,291.29 target",KXGOLD15M,Gold 15-minute,Commodities,"[""Metals""]",settled,binary,0,1,0.001,0.001,0.999,0.001,1,281716.3,281716.3,67162.92,0,2026-09-15T06:00:00Z,2026-09-15T06:15:00Z,2026-09-22T06:15:00Z,,no,4289.96,greater_or_equal,4291.29,,,True,2026-09-15T17:18:28+00:00
kalshi,KXGOLD15M-26SEP151100-00,https://kalshi.com/markets/kxgold15m/gold-15-minute,https://kalshi.com/markets/kxgold15m/gold-15-minute/kxgold15m-26sep151100,Gold price up in next 15 mins?,"Target Price: $4,278.03",KXGOLD15M-26SEP151100,"Gold 15 min · $4,278.03 target",KXGOLD15M,Gold 15-minute,Commodities,"[""Metals""]",settled,binary,0,1,0.002,0.002,0.998,0.002,1,280628.79,280628.79,44647.59,0,2026-09-15T14:45:00Z,2026-09-15T15:00:00Z,2026-09-22T15:00:00Z,,no,4277.95,greater_or_equal,4278.03,,,True,2026-09-15T17:18:18+00:00
kalshi,KXGOLD15M-26SEP141830-30,https://kalshi.com/markets/kxgold15m/gold-15-minute,https://kalshi.com/markets/kxgold15m/gold-15-minute/kxgold15m-26sep141830,Gold price up in next 15 mins?,"Target Price: $4,297.25",KXGOLD15M-26SEP141830,"Gold 15 min · $4,297.25 target",KXGOLD15M,Gold 15-minute,Commodities,"[""Metals""]",settled,binary,0,1,0.005,0.005,0.995,0.005,1,279751.83,279751.83,85281.1,0,2026-09-14T22:15:00Z,2026-09-14T22:30:00Z,2026-09-21T22:30:00Z,,no,4295.41,greater_or_equal,4297.25,,,True,2026-09-15T17:18:48+00:00
kalshi,KXITFWMATCH-26SEP14ISHSHE-ISH,https://kalshi.com/markets/kxitfwmatch/itf-women-s-match,https://kalshi.com/markets/kxitfwmatch/itf-women-s-match/kxitfwmatch-26sep14ishshe,Sayaka Ishii wins,Sayaka Ishii,KXITFWMATCH-26SEP14ISHSHE,Ishii vs Shek,KXITFWMATCH,ITF Women's Match,Sports,"[""Tennis""]",settled,binary,0,1,0.99,0.99,0.01,0.99,1,278690.01,278690.01,125894.83,0,2026-09-14T11:12:00Z,2026-09-15T06:11:17Z,2026-09-29T03:00:00Z,,yes,Sayaka Ishii,structured,,,,True,2026-09-15T17:18:28+00:00
kalshi,KXBTCD-26SEP1414-T78799.99,https://kalshi.com/markets/kxbtcd/bitcoin-price-above-below,https://kalshi.com/markets/kxbtcd/bitcoin-price-above-below/kxbtcd-26sep1414,"Bitcoin price on Sep 14, 2026?","$78,800 or above",KXBTCD-26SEP1414,"BTC price on Sep 14, 2026 at 2pm EDT?",KXBTCD,Bitcoin price Above/below,Crypto,"[""Hourly"", ""BTC""]",settled,binary,0,1,0.99,0.99,0.01,0.99,1,311575.78,278316.32,86944.26,0,2026-09-14T17:00:00Z,2026-09-14T18:00:00Z,2026-09-21T18:00:00Z,,yes,78923.79,greater,78799.99,,BRTI,True,2026-09-15T17:18:59+00:00
kalshi,KXGOLD15M-26SEP141845-45,https://kalshi.com/markets/kxgold15m/gold-15-minute,https://kalshi.com/markets/kxgold15m/gold-15-minute/kxgold15m-26sep141845,Gold price up in next 15 mins?,"Target Price: $4,295.41",KXGOLD15M-26SEP141845,"Gold 15 min · $4,295.41 target",KXGOLD15M,Gold 15-minute,Commodities,"[""Metals""]",settled,binary,0,1,0.991,0.991,0.009,0.991,1,278153.36,278153.36,41255.56,0,2026-09-14T22:30:00Z,2026-09-14T22:45:00Z,2026-09-21T22:45:00Z,,yes,4295.72,greater_or_equal,4295.41,,,True,2026-09-15T17:18:48+00:00
kalshi,KXGOLD15M-26SEP150030-30,https://kalshi.com/markets/kxgold15m/gold-15-minute,https://kalshi.com/markets/kxgold15m/gold-15-minute/kxgold15m-26sep150030,Gold price up in next 15 mins?,"Target Price: $4,307.42",KXGOLD15M-26SEP150030,"Gold 15 min · $4,307.42 target",KXGOLD15M,Gold 15-minute,Commodities,"[""Metals""]",settled,binary,0,1,0.001,0.001,0.999,0.001,1,277909.49,277909.49,123939.74,0,2026-09-15T04:15:00Z,2026-09-15T04:30:00Z,2026-09-22T04:30:00Z,,no,4303.63,greater_or_equal,4307.42,,,True,2026-09-15T17:18:32+00:00
kalshi,KXBTCD-26SEP1501-T77699.99,https://kalshi.com/markets/kxbtcd/bitcoin-price-above-below,https://kalshi.com/markets/kxbtcd/bitcoin-price-above-below/kxbtcd-26sep1501,"Bitcoin price on Sep 15, 2026?","$77,700 or above",KXBTCD-26SEP1501,"BTC price on Sep 15, 2026 at 1am EDT?",KXBTCD,Bitcoin price Above/below,Crypto,"[""Hourly"", ""BTC""]",settled,binary,0,1,0.01,0.01,0.99,0.01,1,276356.48,276356.48,82226.77,0,2026-09-15T04:00:00Z,2026-09-15T05:00:00Z,2026-09-22T05:00:00Z,,no,77557.97,greater,77699.99,,BRTI,True,2026-09-15T17:18:30+00:00
kalshi,KXNFLFIRSTTD-26SEP14DENKC-KCXWORTHY1,https://kalshi.com/markets/kxnflfirsttd/pro-football-first-touchdown,https://kalshi.com/markets/kxnflfirsttd/pro-football-first-touchdown/kxnflfirsttd-26sep14denkc,Xavier Worthy: 1st Touchdown,Xavier Worthy,KXNFLFIRSTTD-26SEP14DENKC,Denver vs Kansas City: 1st Touchdown,KXNFLFIRSTTD,Pro Football First Touchdown,Sports,"[""Football""]",settled,binary,0,1,0.01,0.01,0.99,0.01,1,302559.18,275942.4,298957.57,0,2026-09-04T21:04:00Z,2026-09-15T01:54:04Z,2026-09-17T00:15:00Z,,no,No,structured,,,,True,2026-09-15T17:18:42+00:00
kalshi,KXNFLSPREAD-26SEP14DENKC-KC6,https://kalshi.com/markets/kxnflspread/pro-football-spread,https://kalshi.com/markets/kxnflspread/pro-football-spread/kxnflspread-26sep14denkc,Kansas City wins by over 5.5 points?,Kansas City wins by over 5.5 points,KXNFLSPREAD-26SEP14DENKC,Denver vs Kansas City: Spread,KXNFLSPREAD,Pro Football Spread,Sports,"[""Football""]",settled,binary,0,1,0.99,0.99,0.01,0.99,1,279026.46,275469.21,166589.38,0,2026-08-03T23:13:00Z,2026-09-15T03:19:44Z,2026-09-17T00:15:00Z,,yes,spread,greater,5.5,,,True,2026-09-15T17:18:35+00:00
kalshi,KXMLBTOTAL-26SEP141940ATLCHC-10,https://kalshi.com/markets/kxmlbtotal/pro-baseball-total-points,https://kalshi.com/markets/kxmlbtotal/pro-baseball-total-points/kxmlbtotal-26sep141940atlchc,Over 9.5 runs scored,Over 9.5 runs scored,KXMLBTOTAL-26SEP141940ATLCHC,Atlanta vs Chicago C: Total Runs,KXMLBTOTAL,Pro Baseball Total Points,Sports,"[""Baseball""]",settled,binary,0,1,0.99,0.99,0.01,0.99,1,326110.84,275301.91,229549.4,0,2026-09-14T00:40:00Z,2026-09-15T01:54:34Z,2026-09-17T23:40:00Z,,yes,10,greater,9.5,,,True,2026-09-15T17:18:42+00:00
kalshi,KXGOLD15M-26SEP150115-15,https://kalshi.com/markets/kxgold15m/gold-15-minute,https://kalshi.com/markets/kxgold15m/gold-15-minute/kxgold15m-26sep150115,Gold price up in next 15 mins?,"Target Price: $4,304.91",KXGOLD15M-26SEP150115,"Gold 15 min · $4,304.91 target",KXGOLD15M,Gold 15-minute,Commodities,"[""Metals""]",settled,binary,0,1,0.001,0.001,0.999,0.001,1,275296.9,275296.9,129683.63,0,2026-09-15T05:00:00Z,2026-09-15T05:15:00Z,2026-09-22T05:15:00Z,,no,4301.71,greater_or_equal,4304.91,,,True,2026-09-15T17:18:30+00:00
kalshi,KXNFLTD-26SEP14DENKC-DENJDOBBINS27-1,https://kalshi.com/markets/kxnfltd/pro-football-touchdowns,https://kalshi.com/markets/kxnfltd/pro-football-touchdowns/kxnfltd-26sep14denkc,J.K. Dobbins: 1+ touchdowns,J.K. Dobbins: 1+,KXNFLTD-26SEP14DENKC,Denver vs Kansas City: Touchdowns,KXNFLTD,Pro Football Touchdowns,Sports,"[""Football""]",settled,binary,0,1,0.01,0.01,0.99,0.01,1,305401.1,274989.62,249690.78,0,2026-09-04T21:04:00Z,2026-09-15T03:51:25Z,2026-09-17T00:15:00Z,,no,anytime_td,greater,0.5,,,True,2026-09-15T17:18:34+00:00
kalshi,KXEPLTOTAL-26SEP14LEENEW-5,https://kalshi.com/markets/kxepltotal/english-premier-league-total-goals,https://kalshi.com/markets/kxepltotal/english-premier-league-total-goals/kxepltotal-26sep14leenew,Will over 4.5 goals be scored?,Over 4.5 goals scored,KXEPLTOTAL-26SEP14LEENEW,Leeds United vs Newcastle: Total Goals,KXEPLTOTAL,English Premier League Total Goals,Sports,"[""Soccer""]",settled,binary,0,1,0.99,0.99,0.01,0.99,1,276920.29,274686.78,133323.88,0,2026-09-07T19:06:00Z,2026-09-14T21:05:15Z,2026-09-17T01:00:00Z,,yes,5,greater,4.5,,,True,2026-09-15T17:18:50+00:00
kalshi,KXBTCD-26SEP1502-T77399.99,https://kalshi.com/markets/kxbtcd/bitcoin-price-above-below,https://kalshi.com/markets/kxbtcd/bitcoin-price-above-below/kxbtcd-26sep1502,"Bitcoin price on Sep 15, 2026?","$77,400 or above",KXBTCD-26SEP1502,"BTC price on Sep 15, 2026 at 2am EDT?",KXBTCD,Bitcoin price Above/below,Crypto,"[""Hourly"", ""BTC""]",settled,binary,0,1,0.99,0.99,0.01,0.99,1,274643.01,274643.01,42285.13,0,2026-09-15T05:00:00Z,2026-09-15T06:00:00Z,2026-09-22T06:00:00Z,,yes,77619.00,greater,77399.99,,BRTI,True,2026-09-15T17:18:29+00:00
kalshi,KXHIGHLAX-26SEP14-T82,https://kalshi.com/markets/kxhighlax/highest-temperature-in-los-angeles,https://kalshi.com/markets/kxhighlax/highest-temperature-in-los-angeles/kxhighlax-26sep14,"Will the maximum temperature be >82° on Sep 14, 2026?",83° or above,KXHIGHLAX-26SEP14,"Highest temperature in Los Angeles on Sep 14, 2026?",KXHIGHLAX,Highest temperature in Los Angeles,Climate and Weather,"[""Daily temperature""]",settled,binary,0,1,0.01,0.01,0.99,0.01,1,327794.51,274534.19,294357.56,0,2026-09-13T14:00:00Z,2026-09-15T08:00:00Z,2026-09-21T14:00:00Z,,no,80.00,greater,82,,CLILAX,True,2026-09-15T17:18:25+00:00
kalshi,KXGOLD15M-26SEP151230-30,https://kalshi.com/markets/kxgold15m/gold-15-minute,https://kalshi.com/markets/kxgold15m/gold-15-minute/kxgold15m-26sep151230,Gold price up in next 15 mins?,"Target Price: $4,286.35",KXGOLD15M-26SEP151230,"Gold 15 min · $4,286.35 target",KXGOLD15M,Gold 15-minute,Commodities,"[""Metals""]",settled,binary,0,1,0.999,0.999,0.001,0.999,1,273522.82,273522.82,139655.51,0,2026-09-15T16:15:00Z,2026-09-15T16:30:00Z,2026-09-22T16:30:00Z,,yes,4295.58,greater_or_equal,4286.35,,,True,2026-09-15T17:18:17+00:00
kalshi,KXSERIEASPREAD-26SEP14INTUDI-INT2,https://kalshi.com/markets/kxserieaspread/serie-a-spread,https://kalshi.com/markets/kxserieaspread/serie-a-spread/kxserieaspread-26sep14intudi,Inter wins by more than 1.5 goals?,Inter wins by more than 1.5 goals,KXSERIEASPREAD-26SEP14INTUDI,Inter vs Udinese: Spread,KXSERIEASPREAD,Serie A Spread,Sports,"[""Soccer""]",settled,binary,0,1,0.99,0.99,0.01,0.99,1,291752.05,272834.02,122219.83,0,2026-09-07T19:07:00Z,2026-09-14T21:05:46Z,2026-09-17T00:45:00Z,,yes,2,greater,1.5,,,True,2026-09-15T17:18:50+00:00
kalshi,KXBTCD-26SEP1418-T78999.99,https://kalshi.com/markets/kxbtcd/bitcoin-price-above-below,https://kalshi.com/markets/kxbtcd/bitcoin-price-above-below/kxbtcd-26sep1418,"Bitcoin price on Sep 14, 2026?","$79,000 or above",KXBTCD-26SEP1418,"BTC price on Sep 14, 2026 at 6pm EDT?",KXBTCD,Bitcoin price Above/below,Crypto,"[""Hourly"", ""BTC""]",settled,binary,0,1,0.01,0.01,0.99,0.01,1,272751.6,272751.6,105746.92,0,2026-09-14T21:00:00Z,2026-09-14T22:00:00Z,2026-09-21T22:00:00Z,,no,78746.62,greater,78999.99,,BRTI,True,2026-09-15T17:18:50+00:00
kalshi,KXT20MATCH-26SEP150530DUBAMS-AMS,https://kalshi.com/markets/kxt20match/men-s-t20-cricket-match,https://kalshi.com/markets/kxt20match/men-s-t20-cricket-match/kxt20match-26sep150530dubams,Amsterdam Flames wins,Amsterdam Flames,KXT20MATCH-26SEP150530DUBAMS,Amsterdam Flames vs Dublin Guardians,KXT20MATCH,Men's T20 Cricket Match,Sports,"[""Cricket""]",settled,binary,0,1,0.99,0.99,0.01,0.99,1,275734.13,271568.72,143020.78,0,2026-09-08T00:10:00Z,2026-09-15T13:30:39Z,2026-09-17T13:30:00Z,,yes,Amsterdam Flames,structured,,,,True,2026-09-15T17:18:19+00:00
kalshi,KXBTCD-26SEP1504-T76999.99,https://kalshi.com/markets/kxbtcd/bitcoin-price-above-below,https://kalshi.com/markets/kxbtcd/bitcoin-price-above-below/kxbtcd-26sep1504,"Bitcoin price on Sep 15, 2026?","$77,000 or above",KXBTCD-26SEP1504,"BTC price on Sep 15, 2026 at 4am EDT?",KXBTCD,Bitcoin price Above/below,Crypto,"[""Hourly"", ""BTC""]",settled,binary,0,1,0.01,0.01,0.99,0.01,1,271199.15,271199.15,62803.44,0,2026-09-15T07:00:00Z,2026-09-15T08:00:00Z,2026-09-22T08:00:00Z,,no,76884.37,greater,76999.99,,BRTI,True,2026-09-15T17:18:25+00:00
kalshi,KXGOLD15M-26SEP150045-45,https://kalshi.com/markets/kxgold15m/gold-15-minute,https://kalshi.com/markets/kxgold15m/gold-15-minute/kxgold15m-26sep150045,Gold price up in next 15 mins?,"Target Price: $4,303.63",KXGOLD15M-26SEP150045,"Gold 15 min · $4,303.63 target",KXGOLD15M,Gold 15-minute,Commodities,"[""Metals""]",settled,binary,0,1,0.992,0.992,0.008,0.992,1,271157.78,271157.78,65281.47,0,2026-09-15T04:30:00Z,2026-09-15T04:45:00Z,2026-09-22T04:45:00Z,,yes,4305.01,greater_or_equal,4303.63,,,True,2026-09-15T17:18:32+00:00
kalshi,KXBTCD-26SEP1418-T78699.99,https://kalshi.com/markets/kxbtcd/bitcoin-price-above-below,https://kalshi.com/markets/kxbtcd/bitcoin-price-above-below/kxbtcd-26sep1418,"Bitcoin price on Sep 14, 2026?","$78,700 or above",KXBTCD-26SEP1418,"BTC price on Sep 14, 2026 at 6pm EDT?",KXBTCD,Bitcoin price Above/below,Crypto,"[""Hourly"", ""BTC""]",settled,binary,0,1,0.99,0.99,0.01,0.99,1,270849.04,270849.04,91173.93,0,2026-09-14T21:00:00Z,2026-09-14T22:00:00Z,2026-09-21T22:00:00Z,,yes,78746.62,greater,78699.99,,BRTI,True,2026-09-15T17:18:50+00:00
kalshi,KXGOLD15M-26SEP141445-45,https://kalshi.com/markets/kxgold15m/gold-15-minute,https://kalshi.com/markets/kxgold15m/gold-15-minute/kxgold15m-26sep141445,Gold price up in next 15 mins?,"Target Price: $4,309.43",KXGOLD15M-26SEP141445,"Gold 15 min · $4,309.43 target",KXGOLD15M,Gold 15-minute,Commodities,"[""Metals""]",settled,binary,0,1,0.998,0.998,0.002,0.998,1,270163.32,270163.32,79833.34,0,2026-09-14T18:30:00Z,2026-09-14T18:45:00Z,2026-09-21T18:45:00Z,,yes,4309.66,greater_or_equal,4309.43,,,True,2026-09-15T17:18:57+00:00
kalshi,KXGOLD15M-26SEP142030-30,https://kalshi.com/markets/kxgold15m/gold-15-minute,https://kalshi.com/markets/kxgold15m/gold-15-minute/kxgold15m-26sep142030,Gold price up in next 15 mins?,"Target Price: $4,287.02",KXGOLD15M-26SEP142030,"Gold 15 min · $4,287.02 target",KXGOLD15M,Gold 15-minute,Commodities,"[""Metals""]",settled,binary,0,1,0.996,0.996,0.004,0.996,1,269944.54,269944.54,69243.12,0,2026-09-15T00:15:00Z,2026-09-15T00:30:00Z,2026-09-22T00:30:00Z,,yes,4288.30,greater_or_equal,4287.02,,,True,2026-09-15T17:18:44+00:00
kalshi,KXGOLD15M-26SEP142245-45,https://kalshi.com/markets/kxgold15m/gold-15-minute,https://kalshi.com/markets/kxgold15m/gold-15-minute/kxgold15m-26sep142245,Gold price up in next 15 mins?,"Target Price: $4,309.41",KXGOLD15M-26SEP142245,"Gold 15 min · $4,309.41 target",KXGOLD15M,Gold 15-minute,Commodities,"[""Metals""]",settled,binary,0,1,0.999,0.999,0.001,0.999,1,269243.2,269243.2,90728.53,0,2026-09-15T02:30:00Z,2026-09-15T02:45:00Z,2026-09-22T02:45:00Z,,yes,4311.63,greater_or_equal,4309.41,,,True,2026-09-15T17:18:38+00:00
kalshi,KXSERIEATOTAL-26SEP14INTUDI-7,https://kalshi.com/markets/kxserieatotal/serie-a-total,https://kalshi.com/markets/kxserieatotal/serie-a-total/kxserieatotal-26sep14intudi,Will over 6.5 goals be scored?,Over 6.5 goals scored,KXSERIEATOTAL-26SEP14INTUDI,Inter vs Udinese: Total Goals,KXSERIEATOTAL,Serie A Total,Sports,"[""Soccer""]",settled,binary,0,1,0.99,0.99,0.01,0.99,1,267048.4,267048.4,107792.28,0,2026-09-14T18:49:32Z,2026-09-14T20:39:52Z,2026-09-16T18:45:00Z,,yes,8,greater,6.5,,,True,2026-09-15T17:18:52+00:00
kalshi,KXITFWMATCH-26SEP14SIDYAN-SID,https://kalshi.com/markets/kxitfwmatch/itf-women-s-match,https://kalshi.com/markets/kxitfwmatch/itf-women-s-match/kxitfwmatch-26sep14sidyan,Kristiana Sidorova wins,Kristiana Sidorova,KXITFWMATCH-26SEP14SIDYAN,Sidorova vs Yang,KXITFWMATCH,ITF Women's Match,Sports,"[""Tennis""]",settled,binary,0,1,0.99,0.99,0.01,0.99,1,266917.64,266819.28,108365.65,0,2026-09-14T11:12:00Z,2026-09-15T07:01:45Z,2026-09-29T03:00:00Z,,yes,Kristiana Sidorova,structured,,,,True,2026-09-15T17:18:26+00:00
kalshi,KXITFWMATCH-26SEP14SIDYAN-YAN,https://kalshi.com/markets/kxitfwmatch/itf-women-s-match,https://kalshi.com/markets/kxitfwmatch/itf-women-s-match/kxitfwmatch-26sep14sidyan,Ya Yi Yang wins,Ya Yi Yang,KXITFWMATCH-26SEP14SIDYAN,Sidorova vs Yang,KXITFWMATCH,ITF Women's Match,Sports,"[""Tennis""]",settled,binary,0,1,0.01,0.01,0.99,0.01,1,266754.85,266754.85,82009.74,0,2026-09-14T11:12:00Z,2026-09-15T07:01:45Z,2026-09-29T03:00:00Z,,no,Kristiana Sidorova,structured,,,,True,2026-09-15T17:18:26+00:00
kalshi,KXITFWMATCH-26SEP14HANNAG-HAN,https://kalshi.com/markets/kxitfwmatch/itf-women-s-match,https://kalshi.com/markets/kxitfwmatch/itf-women-s-match/kxitfwmatch-26sep14hannag,Nagi Hanatani wins,Nagi Hanatani,KXITFWMATCH-26SEP14HANNAG,Hanatani vs Nagata,KXITFWMATCH,ITF Women's Match,Sports,"[""Tennis""]",settled,binary,0,1,0.99,0.99,0.01,0.99,1,266389.79,266332.9,148892.5,0,2026-09-14T09:13:00Z,2026-09-15T02:36:54Z,2026-09-29T01:00:00Z,,yes,Nagi Hanatani,structured,,,,True,2026-09-15T17:18:38+00:00
kalshi,KXGOLD15M-26SEP141900-00,https://kalshi.com/markets/kxgold15m/gold-15-minute,https://kalshi.com/markets/kxgold15m/gold-15-minute/kxgold15m-26sep141900,Gold price up in next 15 mins?,"Target Price: $4,295.72",KXGOLD15M-26SEP141900,"Gold 15 min · $4,295.72 target",KXGOLD15M,Gold 15-minute,Commodities,"[""Metals""]",settled,binary,0,1,0.018,0.018,0.982,0.018,1,264931.14,264931.14,56088.95,0,2026-09-14T22:45:00Z,2026-09-14T23:00:00Z,2026-09-21T23:00:00Z,,no,4295.53,greater_or_equal,4295.72,,,True,2026-09-15T17:18:47+00:00
kalshi,KXBTCD-26SEP1510-T76299.99,https://kalshi.com/markets/kxbtcd/bitcoin-price-above-below,https://kalshi.com/markets/kxbtcd/bitcoin-price-above-below/kxbtcd-26sep1510,"Bitcoin price on Sep 15, 2026?","$76,300 or above",KXBTCD-26SEP1510,"BTC price on Sep 15, 2026 at 10am EDT?",KXBTCD,Bitcoin price Above/below,Crypto,"[""Hourly"", ""BTC""]",settled,binary,0,1,0.99,0.99,0.01,0.99,1,264117.07,264117.07,51512.16,0,2026-09-15T13:00:00Z,2026-09-15T14:00:00Z,2026-09-22T14:00:00Z,,yes,76500.68,greater,76299.99,,BRTI,True,2026-09-15T17:18:19+00:00
kalshi,KXGOLD15M-26SEP150130-30,https://kalshi.com/markets/kxgold15m/gold-15-minute,https://kalshi.com/markets/kxgold15m/gold-15-minute/kxgold15m-26sep150130,Gold price up in next 15 mins?,"Target Price: $4,301.71",KXGOLD15M-26SEP150130,"Gold 15 min · $4,301.71 target",KXGOLD15M,Gold 15-minute,Commodities,"[""Metals""]",settled,binary,0,1,0.001,0.001,0.999,0.001,1,263328.18,263328.18,142882.6,0,2026-09-15T05:15:00Z,2026-09-15T05:30:00Z,2026-09-22T05:30:00Z,,no,4298.15,greater_or_equal,4301.71,,,True,2026-09-15T17:18:29+00:00
kalshi,KXGOLD15M-26SEP142145-45,https://kalshi.com/markets/kxgold15m/gold-15-minute,https://kalshi.com/markets/kxgold15m/gold-15-minute/kxgold15m-26sep142145,Gold price up in next 15 mins?,"Target Price: $4,301.94",KXGOLD15M-26SEP142145,"Gold 15 min · $4,301.94 target",KXGOLD15M,Gold 15-minute,Commodities,"[""Metals""]",settled,binary,0,1,0.001,0.001,0.999,0.001,1,262846.02,262846.02,77237.16,0,2026-09-15T01:30:00Z,2026-09-15T01:45:00Z,2026-09-22T01:45:00Z,,no,4298.86,greater_or_equal,4301.94,,,True,2026-09-15T17:18:42+00:00
kalshi,KXMLBRFI-26SEP141907DETTOR,https://kalshi.com/markets/kxmlbrfi/pro-baseball-run-in-first-inning,https://kalshi.com/markets/kxmlbrfi/pro-baseball-run-in-first-inning/kxmlbrfi-26sep141907dettor,1st inning: Over 0.5 runs,Over 0.5 runs in the 1st inning,KXMLBRFI-26SEP141907DETTOR,Detroit vs Toronto: First Inning Run,KXMLBRFI,Pro Baseball Run in First Inning,Sports,"[""Baseball""]",settled,binary,0,1,0.99,0.99,0.01,0.99,1,297353.53,261807.91,191485.59,0,2026-09-11T23:40:00Z,2026-09-14T23:29:44Z,2026-09-17T23:07:00Z,,yes,Yes,greater_or_equal,1,,,True,2026-09-15T17:18:46+00:00
kalshi,KXITFMATCH-26SEP15BIERIS-BIE,https://kalshi.com/markets/kxitfmatch/itf-men-s-match,https://kalshi.com/markets/kxitfmatch/itf-men-s-match/kxitfmatch-26sep15bieris,Tymur Bieldiugin wins,Tymur Bieldiugin,KXITFMATCH-26SEP15BIERIS,Bieldiugin vs Rispoli,KXITFMATCH,ITF Men's Match,Sports,"[""Tennis""]",settled,binary,0,1,0.99,0.99,0.01,0.99,1,261433.53,261433.53,130314.01,0,2026-09-14T18:12:00Z,2026-09-15T14:25:16Z,2026-09-29T10:00:00Z,,yes,Tymur Bieldiugin,structured,,,,True,2026-09-15T17:18:19+00:00
kalshi,KXBRASILEIROGAME-26SEP13BAHCR-BAH,https://kalshi.com/markets/kxbrasileirogame/brasileiro-serie-a-game,https://kalshi.com/markets/kxbrasileirogame/brasileiro-serie-a-game/kxbrasileirogame-26sep13bahcr,Bahia wins,Bahia,KXBRASILEIROGAME-26SEP13BAHCR,Bahia vs Remo,KXBRASILEIROGAME,Brasileiro Serie A Game,Sports,"[""Soccer""]",settled,binary,0,1,0.99,0.99,0.01,0.99,1,262859.68,261056.43,122803.76,0,2026-08-30T00:45:00Z,2026-09-15T01:32:09Z,2026-09-16T00:00:00Z,,yes,Bahia,structured,,,,True,2026-09-15T17:18:42+00:00
kalshi,KXMLBTOTAL-26SEP141840LADCIN-8,https://kalshi.com/markets/kxmlbtotal/pro-baseball-total-points,https://kalshi.com/markets/kxmlbtotal/pro-baseball-total-points/kxmlbtotal-26sep141840ladcin,Over 7.5 runs scored,Over 7.5 runs scored,KXMLBTOTAL-26SEP141840LADCIN,Los Angeles D vs Cincinnati: Total Runs,KXMLBTOTAL,Pro Baseball Total Points,Sports,"[""Baseball""]",settled,binary,0,1,0.01,0.01,0.99,0.01,1,330967.47,260634.9,185500.99,0,2026-09-13T20:00:00Z,2026-09-15T00:59:48Z,2026-09-17T22:40:00Z,,no,5,greater,7.5,,,True,2026-09-15T17:18:44+00:00
kalshi,KXLIGAPORTUGALTOTAL-26SEP14BRAEST-2,https://kalshi.com/markets/kxligaportugaltotal/point-total,https://kalshi.com/markets/kxligaportugaltotal/point-total/kxligaportugaltotal-26sep14braest,Will over 1.5 goals be scored?,Over 1.5 goals scored,KXLIGAPORTUGALTOTAL-26SEP14BRAEST,Braga vs Estoril: Total Goals,KXLIGAPORTUGALTOTAL,Point Total,Sports,"[""Soccer""]",settled,binary,0,1,0.01,0.01,0.99,0.01,1,260582.2,260458.62,114856.82,0,2026-09-11T20:06:00Z,2026-09-14T22:04:55Z,2026-09-16T19:45:00Z,,no,1,greater,1.5,,,True,2026-09-15T17:18:48+00:00
kalshi,KXSERIEAGAME-26SEP13COMPAR-TIE,https://kalshi.com/markets/kxserieagame/serie-a-game,https://kalshi.com/markets/kxserieagame/serie-a-game/kxserieagame-26sep13compar,Tie is the result,Tie,KXSERIEAGAME-26SEP13COMPAR,Como vs Parma Calcio,KXSERIEAGAME,Serie A Game,Sports,"[""Soccer""]",settled,binary,0,1,0.01,0.01,0.99,0.01,1,364188.79,259252.6,280461.24,0,2026-08-30T00:49:00Z,2026-09-14T18:32:49Z,2026-09-15T19:00:00Z,,no,Como,structured,,,,True,2026-09-15T17:18:57+00:00
kalshi,KXGOLD15M-26SEP141415-15,https://kalshi.com/markets/kxgold15m/gold-15-minute,https://kalshi.com/markets/kxgold15m/gold-15-minute/kxgold15m-26sep141415,Gold price up in next 15 mins?,"Target Price: $4,311.17",KXGOLD15M-26SEP141415,"Gold 15 min · $4,311.17 target",KXGOLD15M,Gold 15-minute,Commodities,"[""Metals""]",settled,binary,0,1,0.999,0.999,0.001,0.999,1,257581.51,257581.51,54774.68,0,2026-09-14T18:00:00Z,2026-09-14T18:15:00Z,2026-09-21T18:15:00Z,,yes,4312.87,greater_or_equal,4311.17,,,True,2026-09-15T17:18:57+00:00
kalshi,KXLALIGATOTAL-26SEP14VILRBB-5,https://kalshi.com/markets/kxlaligatotal/la-liga-total,https://kalshi.com/markets/kxlaligatotal/la-liga-total/kxlaligatotal-26sep14vilrbb,Will over 4.5 goals be scored?,Over 4.5 goals scored,KXLALIGATOTAL-26SEP14VILRBB,Villarreal vs Real Betis: Total Goals,KXLALIGATOTAL,La Liga Total,Sports,"[""Soccer""]",settled,binary,0,1,0.01,0.01,0.99,0.01,1,257840.75,257108.69,128357.67,0,2026-09-07T19:06:00Z,2026-09-14T21:05:16Z,2026-09-17T01:00:00Z,,no,3,greater,4.5,,,True,2026-09-15T17:18:50+00:00
kalshi,KXATPCHALLENGERMATCH-26SEP15GOJMAS-MAS,https://kalshi.com/markets/kxatpchallengermatch/challenger-atp,https://kalshi.com/markets/kxatpchallengermatch/challenger-atp/kxatpchallengermatch-26sep15gojmas,Daniel Masur wins,Daniel Masur,KXATPCHALLENGERMATCH-26SEP15GOJMAS,Gojo vs Masur,KXATPCHALLENGERMATCH,Challenger ATP ,Sports,"[""Tennis""]",settled,binary,0,1,0.01,0.01,0.99,0.01,1,256813.7,256813.7,119837.4,0,2026-09-14T23:30:00Z,2026-09-15T14:30:52Z,2026-09-29T11:20:00Z,,no,Borna Gojo,structured,,,,True,2026-09-15T17:18:18+00:00
kalshi,KXBTCD-26SEP1504-T77299.99,https://kalshi.com/markets/kxbtcd/bitcoin-price-above-below,https://kalshi.com/markets/kxbtcd/bitcoin-price-above-below/kxbtcd-26sep1504,"Bitcoin price on Sep 15, 2026?","$77,300 or above",KXBTCD-26SEP1504,"BTC price on Sep 15, 2026 at 4am EDT?",KXBTCD,Bitcoin price Above/below,Crypto,"[""Hourly"", ""BTC""]",settled,binary,0,1,0.01,0.01,0.99,0.01,1,253495.53,253495.53,89633.28,0,2026-09-15T07:00:00Z,2026-09-15T08:00:00Z,2026-09-22T08:00:00Z,,no,76884.37,greater,77299.99,,BRTI,True,2026-09-15T17:18:25+00:00
kalshi,KXGOLD15M-26SEP142315-15,https://kalshi.com/markets/kxgold15m/gold-15-minute,https://kalshi.com/markets/kxgold15m/gold-15-minute/kxgold15m-26sep142315,Gold price up in next 15 mins?,"Target Price: $4,314.13",KXGOLD15M-26SEP142315,"Gold 15 min · $4,314.13 target",KXGOLD15M,Gold 15-minute,Commodities,"[""Metals""]",settled,binary,0,1,0.001,0.001,0.999,0.001,1,253470.22,253470.22,93696.75,0,2026-09-15T03:00:00Z,2026-09-15T03:15:00Z,2026-09-22T03:15:00Z,,no,4310.90,greater_or_equal,4314.13,,,True,2026-09-15T17:18:35+00:00
kalshi,KXARGPREMDIVGAME-26SEP14IACCRCU-IACC,https://kalshi.com/markets/kxargpremdivgame/argentina-primera-division-game,https://kalshi.com/markets/kxargpremdivgame/argentina-primera-division-game/kxargpremdivgame-26sep14iaccrcu,Instituto Cordoba wins,Instituto Cordoba,KXARGPREMDIVGAME-26SEP14IACCRCU,Instituto Cordoba vs Rio Cuarto,KXARGPREMDIVGAME,Argentina Primera Division Game,Sports,"[""Soccer""]",settled,binary,0,1,0.99,0.99,0.01,0.99,1,253014.84,252590.35,111744.89,0,2026-09-11T00:34:00Z,2026-09-15T02:32:09Z,2026-09-17T00:15:00Z,,yes,Instituto Cordoba,structured,,,,True,2026-09-15T17:18:38+00:00
kalshi,KXGOLD15M-26SEP150945-45,https://kalshi.com/markets/kxgold15m/gold-15-minute,https://kalshi.com/markets/kxgold15m/gold-15-minute/kxgold15m-26sep150945,Gold price up in next 15 mins?,"Target Price: $4,287.41",KXGOLD15M-26SEP150945,"Gold 15 min · $4,287.41 target",KXGOLD15M,Gold 15-minute,Commodities,"[""Metals""]",settled,binary,0,1,0.989,0.989,0.011,0.989,1,252540.03,252540.03,78354.61,0,2026-09-15T13:30:00Z,2026-09-15T13:45:00Z,2026-09-22T13:45:00Z,,yes,4289.88,greater_or_equal,4287.41,,,True,2026-09-15T17:18:19+00:00
kalshi,KXNFLTD-26SEP14DENKC-DENCSUTTON14-1,https://kalshi.com/markets/kxnfltd/pro-football-touchdowns,https://kalshi.com/markets/kxnfltd/pro-football-touchdowns/kxnfltd-26sep14denkc,Courtland Sutton: 1+ touchdowns,Courtland Sutton: 1+,KXNFLTD-26SEP14DENKC,Denver vs Kansas City: Touchdowns,KXNFLTD,Pro Football Touchdowns,Sports,"[""Football""]",settled,binary,0,1,0.01,0.01,0.99,0.01,1,295400.88,248974.04,257567.86,0,2026-09-04T21:04:00Z,2026-09-15T03:51:25Z,2026-09-17T00:15:00Z,,no,anytime_td,greater,0.5,,,True,2026-09-15T17:18:34+00:00
kalshi,KXGOLD15M-26SEP142015-15,https://kalshi.com/markets/kxgold15m/gold-15-minute,https://kalshi.com/markets/kxgold15m/gold-15-minute/kxgold15m-26sep142015,Gold price up in next 15 mins?,"Target Price: $4,288.35",KXGOLD15M-26SEP142015,"Gold 15 min · $4,288.35 target",KXGOLD15M,Gold 15-minute,Commodities,"[""Metals""]",settled,binary,0,1,0.004,0.004,0.996,0.004,1,247996.7,247996.7,80940.8,0,2026-09-15T00:00:00Z,2026-09-15T00:15:00Z,2026-09-22T00:15:00Z,,no,4287.02,greater_or_equal,4288.35,,,True,2026-09-15T17:18:45+00:00
kalshi,KXNFL1Q-26SEP14DENKC-TIE,https://kalshi.com/markets/kxnfl1q/pro-football-1st-quarter-winner,https://kalshi.com/markets/kxnfl1q/pro-football-1st-quarter-winner/kxnfl1q-26sep14denkc,Will neither team win the 1st Quarter?,Tie 1st Quarter,KXNFL1Q-26SEP14DENKC,DEN Broncos vs KC Chiefs: 1st Quarter Winner,KXNFL1Q,Pro Football 1st Quarter Winner,Sports,"[""Football""]",settled,binary,0,1,0.99,0.99,0.01,0.99,1,338012.33,247990.05,270193.45,0,2026-09-02T18:39:00Z,2026-09-15T01:07:32Z,2026-09-17T00:15:00Z,,yes,Tie 1st Quarter,structured,,,,True,2026-09-15T17:18:43+00:00
kalshi,KXGOLD15M-26SEP142200-00,https://kalshi.com/markets/kxgold15m/gold-15-minute,https://kalshi.com/markets/kxgold15m/gold-15-minute/kxgold15m-26sep142200,Gold price up in next 15 mins?,"Target Price: $4,298.86",KXGOLD15M-26SEP142200,"Gold 15 min · $4,298.86 target",KXGOLD15M,Gold 15-minute,Commodities,"[""Metals""]",settled,binary,0,1,0.999,0.999,0.001,0.999,1,246019.05,246019.05,77954.31,0,2026-09-15T01:45:00Z,2026-09-15T02:00:00Z,2026-09-22T02:00:00Z,,yes,4304.51,greater_or_equal,4298.86,,,True,2026-09-15T17:18:40+00:00
kalshi,KXGOLD15M-26SEP142300-00,https://kalshi.com/markets/kxgold15m/gold-15-minute,https://kalshi.com/markets/kxgold15m/gold-15-minute/kxgold15m-26sep142300,Gold price up in next 15 mins?,"Target Price: $4,311.63",KXGOLD15M-26SEP142300,"Gold 15 min · $4,311.63 target",KXGOLD15M,Gold 15-minute,Commodities,"[""Metals""]",settled,binary,0,1,0.999,0.999,0.001,0.999,1,245723.24,245723.24,79681.25,0,2026-09-15T02:45:00Z,2026-09-15T03:00:00Z,2026-09-22T03:00:00Z,,yes,4314.13,greater_or_equal,4311.63,,,True,2026-09-15T17:18:36+00:00
kalshi,KXITFMATCH-26SEP14PHAHAO-HAO,https://kalshi.com/markets/kxitfmatch/itf-men-s-match,https://kalshi.com/markets/kxitfmatch/itf-men-s-match/kxitfmatch-26sep14phahao,Lin Hao-Yu wins,Lin Hao-Yu,KXITFMATCH-26SEP14PHAHAO,Pham vs Hao-Yu,KXITFMATCH,ITF Men's Match,Sports,"[""Tennis""]",settled,binary,0,1,0.99,0.99,0.01,0.99,1,245562.98,245562.98,127605.18,0,2026-09-14T10:13:00Z,2026-09-15T04:21:12Z,2026-09-29T02:00:00Z,,yes,Lin Hao-Yu,structured,,,,True,2026-09-15T17:18:32+00:00
kalshi,KXBTCD-26SEP1505-T76899.99,https://kalshi.com/markets/kxbtcd/bitcoin-price-above-below,https://kalshi.com/markets/kxbtcd/bitcoin-price-above-below/kxbtcd-26sep1505,"Bitcoin price on Sep 15, 2026?","$76,900 or above",KXBTCD-26SEP1505,"BTC price on Sep 15, 2026 at 5am EDT?",KXBTCD,Bitcoin price Above/below,Crypto,"[""Hourly"", ""BTC""]",settled,binary,0,1,0.99,0.99,0.01,0.99,1,245160.04,245160.04,49579.72,0,2026-09-15T08:00:00Z,2026-09-15T09:00:00Z,2026-09-22T09:00:00Z,,yes,76952.10,greater,76899.99,,BRTI,True,2026-09-15T17:18:24+00:00
kalshi,KXEGYPLGAME-26SEP15DEGMOK-MOK,https://kalshi.com/markets/kxegyplgame/egyptian-premier-league-game,https://kalshi.com/markets/kxegyplgame/egyptian-premier-league-game/kxegyplgame-26sep15degmok,Al Mokawloon wins,Al Mokawloon,KXEGYPLGAME-26SEP15DEGMOK,Wadi Degla SC vs Al Mokawloon,KXEGYPLGAME,Egyptian Premier League Game,Sports,"[""Soccer""]",settled,binary,0,1,0.99,0.99,0.01,0.99,1,244296.26,244296.24,112668.48,0,2026-09-11T00:35:00Z,2026-09-15T16:32:53Z,2026-09-17T14:00:00Z,,yes,Al Mokawloon,structured,,,,True,2026-09-15T17:18:17+00:00
kalshi,KXITFWMATCH-26SEP15BARKEL-BAR,https://kalshi.com/markets/kxitfwmatch/itf-women-s-match,https://kalshi.com/markets/kxitfwmatch/itf-women-s-match/kxitfwmatch-26sep15barkel,Kamilla Bartone wins,Kamilla Bartone,KXITFWMATCH-26SEP15BARKEL,Bartone vs Keller,KXITFWMATCH,ITF Women's Match,Sports,"[""Tennis""]",settled,binary,0,1,0.01,0.01,0.99,0.01,1,244105.44,244105.44,111786.53,0,2026-09-14T14:42:00Z,2026-09-15T08:35:57Z,2026-09-29T06:00:00Z,,no,Kelly Keller,structured,,,,True,2026-09-15T17:18:24+00:00
kalshi,KXNFLTD-26SEP14DENKC-KCKWALKER9-3,https://kalshi.com/markets/kxnfltd/pro-football-touchdowns,https://kalshi.com/markets/kxnfltd/pro-football-touchdowns/kxnfltd-26sep14denkc,Kenneth Walker: 3+ touchdowns,Kenneth Walker: 3+,KXNFLTD-26SEP14DENKC,Denver vs Kansas City: Touchdowns,KXNFLTD,Pro Football Touchdowns,Sports,"[""Football""]",settled,binary,0,1,0.01,0.01,0.99,0.01,1,244046.42,244046.42,156646.4,0,2026-09-15T02:04:00Z,2026-09-15T03:51:23Z,2026-09-17T00:15:00Z,,no,anytime_td,greater,2.5,,,True,2026-09-15T17:18:34+00:00
kalshi,KXWTACHALLENGERMATCH-26SEP15WERRAP-RAP,https://kalshi.com/markets/kxwtachallengermatch/challenger-wta,https://kalshi.com/markets/kxwtachallengermatch/challenger-wta/kxwtachallengermatch-26sep15werrap,Malaika Rapolu wins,Malaika Rapolu,KXWTACHALLENGERMATCH-26SEP15WERRAP,Werner vs Rapolu,KXWTACHALLENGERMATCH,Challenger WTA,Sports,"[""Tennis""]",settled,binary,0,1,0.99,0.99,0.01,0.99,1,243995.92,243995.92,110633.15,0,2026-09-14T21:10:00Z,2026-09-15T13:50:30Z,2026-09-29T09:00:00Z,,yes,Malaika Rapolu,structured,,,,True,2026-09-15T17:18:19+00:00
kalshi,KXGOLD15M-26SEP141915-15,https://kalshi.com/markets/kxgold15m/gold-15-minute,https://kalshi.com/markets/kxgold15m/gold-15-minute/kxgold15m-26sep141915,Gold price up in next 15 mins?,"Target Price: $4,295.53",KXGOLD15M-26SEP141915,"Gold 15 min · $4,295.53 target",KXGOLD15M,Gold 15-minute,Commodities,"[""Metals""]",settled,binary,0,1,0.003,0.003,0.997,0.003,1,243352.82,243352.82,88032.28,0,2026-09-14T23:00:00Z,2026-09-14T23:15:00Z,2026-09-21T23:15:00Z,,no,4292.26,greater_or_equal,4295.53,,,True,2026-09-15T17:18:46+00:00
kalshi,KXGOLD15M-26SEP141330-30,https://kalshi.com/markets/kxgold15m/gold-15-minute,https://kalshi.com/markets/kxgold15m/gold-15-minute/kxgold15m-26sep141330,Gold price up in next 15 mins?,"Target Price: $4,311.54",KXGOLD15M-26SEP141330,"Gold 15 min · $4,311.54 target",KXGOLD15M,Gold 15-minute,Commodities,"[""Metals""]",settled,binary,0,1,0.98,0.98,0.02,0.98,1,243232.31,243232.31,51490.29,0,2026-09-14T17:15:00Z,2026-09-14T17:30:00Z,2026-09-21T17:30:00Z,,yes,4311.92,greater_or_equal,4311.54,,,True,2026-09-15T17:18:59+00:00
kalshi,KXMLBTOTAL-26SEP141840CWSCLE-7,https://kalshi.com/markets/kxmlbtotal/pro-baseball-total-points,https://kalshi.com/markets/kxmlbtotal/pro-baseball-total-points/kxmlbtotal-26sep141840cwscle,Over 6.5 runs scored,Over 6.5 runs scored,KXMLBTOTAL-26SEP141840CWSCLE,Chicago WS vs Cleveland: Total Runs,KXMLBTOTAL,Pro Baseball Total Points,Sports,"[""Baseball""]",settled,binary,0,1,0.99,0.99,0.01,0.99,1,272371.33,242874.01,166743.84,0,2026-09-13T20:00:00Z,2026-09-15T00:59:46Z,2026-09-17T22:40:00Z,,yes,7,greater,6.5,,,True,2026-09-15T17:18:44+00:00
kalshi,KXATPCHALLENGERMATCH-26SEP15CECSQU-CEC,https://kalshi.com/markets/kxatpchallengermatch/challenger-atp,https://kalshi.com/markets/kxatpchallengermatch/challenger-atp/kxatpchallengermatch-26sep15cecsqu,Marco Cecchinato wins,Marco Cecchinato,KXATPCHALLENGERMATCH-26SEP15CECSQU,Cecchinato vs Squire,KXATPCHALLENGERMATCH,Challenger ATP ,Sports,"[""Tennis""]",settled,binary,0,1,0.99,0.99,0.01,0.99,1,242070.2,242070.2,143957.22,0,2026-09-15T00:20:00Z,2026-09-15T14:55:20Z,2026-09-29T12:10:00Z,,yes,Marco Cecchinato,structured,,,,True,2026-09-15T17:18:18+00:00
kalshi,KXNFLTD-26SEP14DENKC-KCRRICE4-2,https://kalshi.com/markets/kxnfltd/pro-football-touchdowns,https://kalshi.com/markets/kxnfltd/pro-football-touchdowns/kxnfltd-26sep14denkc,Rashee Rice: 2+ touchdowns,Rashee Rice: 2+,KXNFLTD-26SEP14DENKC,Denver vs Kansas City: Touchdowns,KXNFLTD,Pro Football Touchdowns,Sports,"[""Football""]",settled,binary,0,1,0.01,0.01,0.99,0.01,1,261560.63,241042.38,200612.03,0,2026-09-04T21:04:00Z,2026-09-15T03:51:24Z,2026-09-17T00:15:00Z,,no,anytime_td,greater,1.5,,,True,2026-09-15T17:18:34+00:00
kalshi,KXNFLTD-26SEP14DENKC-DENRHARVEY12-1,https://kalshi.com/markets/kxnfltd/pro-football-touchdowns,https://kalshi.com/markets/kxnfltd/pro-football-touchdowns/kxnfltd-26sep14denkc,RJ Harvey: 1+ touchdowns,RJ Harvey: 1+,KXNFLTD-26SEP14DENKC,Denver vs Kansas City: Touchdowns,KXNFLTD,Pro Football Touchdowns,Sports,"[""Football""]",settled,binary,0,1,0.01,0.01,0.99,0.01,1,264994.23,240310.4,224918.44,0,2026-09-04T21:04:00Z,2026-09-15T03:51:26Z,2026-09-17T00:15:00Z,,no,anytime_td,greater,0.5,,,True,2026-09-15T17:18:34+00:00
kalshi,KXBTCD-26SEP1513-T76499.99,https://kalshi.com/markets/kxbtcd/bitcoin-price-above-below,https://kalshi.com/markets/kxbtcd/bitcoin-price-above-below/kxbtcd-26sep1513,"Bitcoin price on Sep 15, 2026?","$76,500 or above",KXBTCD-26SEP1513,"BTC price on Sep 15, 2026 at 1pm EDT?",KXBTCD,Bitcoin price Above/below,Crypto,"[""Hourly"", ""BTC""]",settled,binary,0,1,0.01,0.01,0.99,0.01,1,238974.57,238974.57,88383.44,0,2026-09-15T16:00:00Z,2026-09-15T17:00:00Z,2026-09-22T17:00:00Z,,no,76366.59,greater,76499.99,,BRTI,True,2026-09-15T17:18:17+00:00
kalshi,KXWTACHALLENGERMATCH-26SEP15SIEBUR-BUR,https://kalshi.com/markets/kxwtachallengermatch/challenger-wta,https://kalshi.com/markets/kxwtachallengermatch/challenger-wta/kxwtachallengermatch-26sep15siebur,Irene Burillo Escorihuela wins,Irene Burillo Escorihuela,KXWTACHALLENGERMATCH-26SEP15SIEBUR,Sieg vs Burillo Escorihuela,KXWTACHALLENGERMATCH,Challenger WTA,Sports,"[""Tennis""]",settled,binary,0,1,0.99,0.99,0.01,0.99,1,238767.1,238767.1,168885.07,0,2026-09-14T22:30:00Z,2026-09-15T15:20:32Z,2026-09-29T10:20:00Z,,yes,Irene Burillo Escorihuela,structured,,,,True,2026-09-15T17:18:18+00:00
kalshi,KXATPCHALLENGERMATCH-26SEP15STRMIK-MIK,https://kalshi.com/markets/kxatpchallengermatch/challenger-atp,https://kalshi.com/markets/kxatpchallengermatch/challenger-atp/kxatpchallengermatch-26sep15strmik,Luka Mikrut wins,Luka Mikrut,KXATPCHALLENGERMATCH-26SEP15STRMIK,Strombachs vs Mikrut,KXATPCHALLENGERMATCH,Challenger ATP ,Sports,"[""Tennis""]",settled,binary,0,1,0.99,0.99,0.01,0.99,1,238539.85,238539.85,113394.9,0,2026-09-14T21:50:00Z,2026-09-15T12:05:31Z,2026-09-29T09:40:00Z,,yes,Luka Mikrut,structured,,,,True,2026-09-15T17:18:20+00:00
kalshi,KXWTAMATCH-26SEP15SEMKIN-KIN,https://kalshi.com/markets/kxwtamatch/wta-tennis-match,https://kalshi.com/markets/kxwtamatch/wta-tennis-match/kxwtamatch-26sep15semkin,Hayu Kinoshita wins,Hayu Kinoshita,KXWTAMATCH-26SEP15SEMKIN,Semenistaja vs Kinoshita,KXWTAMATCH,WTA Tennis Match,Sports,"[""Tennis""]",settled,binary,0,1,0.01,0.01,0.99,0.01,1,238186.08,238185.08,142729.4,0,2026-09-14T16:47:00Z,2026-09-15T15:34:52Z,2026-09-29T13:00:00Z,,no,Darja Semenistaja,structured,,,,True,2026-09-15T17:18:18+00:00
kalshi,KXNFLTOTAL-26SEP14DENKC-55,https://kalshi.com/markets/kxnfltotal/pro-football-total-points,https://kalshi.com/markets/kxnfltotal/pro-football-total-points/kxnfltotal-26sep14denkc,Will there be over 54.5 points scored?,Over 54.5 points scored,KXNFLTOTAL-26SEP14DENKC,Denver vs Kansas City: Total Points,KXNFLTOTAL,Pro Football Total Points,Sports,"[""Football""]",settled,binary,0,1,0.01,0.01,0.99,0.01,1,250065.71,237767.3,182008.89,0,2026-08-03T23:13:00Z,2026-09-15T03:29:49Z,2026-09-17T00:15:00Z,,no,41,greater,54.5,,,True,2026-09-15T17:18:35+00:00
kalshi,KXBTCD-26SEP1503-T77199.99,https://kalshi.com/markets/kxbtcd/bitcoin-price-above-below,https://kalshi.com/markets/kxbtcd/bitcoin-price-above-below/kxbtcd-26sep1503,"Bitcoin price on Sep 15, 2026?","$77,200 or above",KXBTCD-26SEP1503,"BTC price on Sep 15, 2026 at 3am EDT?",KXBTCD,Bitcoin price Above/below,Crypto,"[""Hourly"", ""BTC""]",settled,binary,0,1,0.99,0.99,0.01,0.99,1,237606.68,237606.68,43190.92,0,2026-09-15T06:00:00Z,2026-09-15T07:00:00Z,2026-09-22T07:00:00Z,,yes,77250.27,greater,77199.99,,BRTI,True,2026-09-15T17:18:28+00:00
kalshi,KXITFMATCH-26SEP15MENREN-MEN,https://kalshi.com/markets/kxitfmatch/itf-men-s-match,https://kalshi.com/markets/kxitfmatch/itf-men-s-match/kxitfmatch-26sep15menren,Thomas Enrique Menzel Piccioli wins,Thomas Enrique Menzel Piccioli,KXITFMATCH-26SEP15MENREN,Menzel Piccioli vs Renner,KXITFMATCH,ITF Men's Match,Sports,"[""Tennis""]",settled,binary,0,1,0.99,0.99,0.01,0.99,1,237353.7,237353.7,135966.75,0,2026-09-14T21:12:00Z,2026-09-15T16:15:48Z,2026-09-29T13:00:00Z,,yes,Thomas Enrique Menzel Piccioli,structured,,,,True,2026-09-15T17:18:17+00:00
kalshi,KXITFWMATCH-26SEP14HANSUZ-HAN,https://kalshi.com/markets/kxitfwmatch/itf-women-s-match,https://kalshi.com/markets/kxitfwmatch/itf-women-s-match/kxitfwmatch-26sep14hansuz,Jiangxue HAN wins,Jiangxue HAN,KXITFWMATCH-26SEP14HANSUZ,HAN vs Suzuki,KXITFWMATCH,ITF Women's Match,Sports,"[""Tennis""]",settled,binary,0,1,0.99,0.99,0.01,0.99,1,235738.13,235738.13,112788.96,0,2026-09-14T10:13:00Z,2026-09-15T04:31:33Z,2026-09-29T02:00:00Z,,yes,Jiangxue HAN,structured,,,,True,2026-09-15T17:18:32+00:00
kalshi,KXBTCD-26SEP1415-T78899.99,https://kalshi.com/markets/kxbtcd/bitcoin-price-above-below,https://kalshi.com/markets/kxbtcd/bitcoin-price-above-below/kxbtcd-26sep1415,"Bitcoin price on Sep 14, 2026?","$78,900 or above",KXBTCD-26SEP1415,"BTC price on Sep 14, 2026 at 3pm EDT?",KXBTCD,Bitcoin price Above/below,Crypto,"[""Hourly"", ""BTC""]",settled,binary,0,1,0.99,0.99,0.01,0.99,1,235542.13,235542.13,80704.37,0,2026-09-14T18:00:00Z,2026-09-14T19:00:00Z,2026-09-21T19:00:00Z,,yes,79225.54,greater,78899.99,,BRTI,True,2026-09-15T17:18:56+00:00
kalshi,KXITFMATCH-26SEP15CIANOC-CIA,https://kalshi.com/markets/kxitfmatch/itf-men-s-match,https://kalshi.com/markets/kxitfmatch/itf-men-s-match/kxitfmatch-26sep15cianoc,Niccolo Ciavarella wins,Niccolo Ciavarella,KXITFMATCH-26SEP15CIANOC,Ciavarella vs Noce,KXITFMATCH,ITF Men's Match,Sports,"[""Tennis""]",settled,binary,0,1,0.01,0.01,0.99,0.01,1,234723.11,234723.11,125290.81,0,2026-09-14T16:42:00Z,2026-09-15T13:15:46Z,2026-09-29T08:30:00Z,,no,Gabriele Maria Noce,structured,,,,True,2026-09-15T17:18:19+00:00
kalshi,KXNFLSPREAD-26SEP14DENKC-KC5,https://kalshi.com/markets/kxnflspread/pro-football-spread,https://kalshi.com/markets/kxnflspread/pro-football-spread/kxnflspread-26sep14denkc,Kansas City wins by over 4.5 points?,Kansas City wins by over 4.5 points,KXNFLSPREAD-26SEP14DENKC,Denver vs Kansas City: Spread,KXNFLSPREAD,Pro Football Spread,Sports,"[""Football""]",settled,binary,0,1,0.99,0.99,0.01,0.99,1,250645.46,234341.45,147889.91,0,2026-08-03T23:13:00Z,2026-09-15T03:19:44Z,2026-09-17T00:15:00Z,,yes,spread,greater,4.5,,,True,2026-09-15T17:18:35+00:00
kalshi,KXNFLSPREAD-26SEP14DENKC-DEN3,https://kalshi.com/markets/kxnflspread/pro-football-spread,https://kalshi.com/markets/kxnflspread/pro-football-spread/kxnflspread-26sep14denkc,Denver wins by over 2.5 points?,Denver wins by over 2.5 points,KXNFLSPREAD-26SEP14DENKC,Denver vs Kansas City: Spread,KXNFLSPREAD,Pro Football Spread,Sports,"[""Football""]",settled,binary,0,1,0.01,0.01,0.99,0.01,1,271677.18,233348.11,193476.49,0,2026-08-03T23:13:00Z,2026-09-15T03:19:45Z,2026-09-17T00:15:00Z,,no,spread,greater,2.5,,,True,2026-09-15T17:18:35+00:00
kalshi,KXAFCCLGAME-26SEP15JOHBUR-TIE,https://kalshi.com/markets/kxafcclgame/afc-champions-league-game,https://kalshi.com/markets/kxafcclgame/afc-champions-league-game/kxafcclgame-26sep15johbur,Tie is the result,Tie,KXAFCCLGAME-26SEP15JOHBUR,Johor Darul Ta'zim vs Buriram,KXAFCCLGAME,AFC Champions League Game,Sports,"[""Soccer""]",settled,binary,0,1,0.99,0.99,0.01,0.99,1,233134.49,233134.46,128259.4,0,2026-09-01T00:34:00Z,2026-09-15T14:32:33Z,2026-09-17T18:15:00Z,,yes,Tie,structured,,,,True,2026-09-15T17:18:18+00:00
kalshi,KXGOLD15M-26SEP151030-30,https://kalshi.com/markets/kxgold15m/gold-15-minute,https://kalshi.com/markets/kxgold15m/gold-15-minute/kxgold15m-26sep151030,Gold price up in next 15 mins?,"Target Price: $4,293.73",KXGOLD15M-26SEP151030,"Gold 15 min · $4,293.73 target",KXGOLD15M,Gold 15-minute,Commodities,"[""Metals""]",settled,binary,0,1,0.001,0.001,0.999,0.001,1,232645.89,232645.89,106156.01,0,2026-09-15T14:15:00Z,2026-09-15T14:30:00Z,2026-09-22T14:30:00Z,,no,4284.66,greater_or_equal,4293.73,,,True,2026-09-15T17:18:19+00:00
kalshi,KXBTCD-26SEP1511-T75999.99,https://kalshi.com/markets/kxbtcd/bitcoin-price-above-below,https://kalshi.com/markets/kxbtcd/bitcoin-price-above-below/kxbtcd-26sep1511,"Bitcoin price on Sep 15, 2026?","$76,000 or above",KXBTCD-26SEP1511,"BTC price on Sep 15, 2026 at 11am EDT?",KXBTCD,Bitcoin price Above/below,Crypto,"[""Hourly"", ""BTC""]",settled,binary,0,1,0.01,0.01,0.99,0.01,1,232246.71,232246.71,60681.96,0,2026-09-15T14:00:00Z,2026-09-15T15:00:00Z,2026-09-22T15:00:00Z,,no,75894.71,greater,75999.99,,BRTI,True,2026-09-15T17:18:18+00:00
kalshi,KXDIMAYORGAME-26SEP14AMEPAS-TIE,https://kalshi.com/markets/kxdimayorgame/liga-dimayor-game,https://kalshi.com/markets/kxdimayorgame/liga-dimayor-game/kxdimayorgame-26sep14amepas,Tie is the result,Tie,KXDIMAYORGAME-26SEP14AMEPAS,America Cali vs Pasto,KXDIMAYORGAME,Liga DIMAYOR Game,Sports,"[""Soccer""]",settled,binary,0,1,0.01,0.01,0.99,0.01,1,232283.56,231692.73,144822.11,0,2026-09-11T00:35:00Z,2026-09-15T03:31:36Z,2026-09-17T01:00:00Z,,no,Pasto,structured,,,,True,2026-09-15T17:18:35+00:00
kalshi,KXBTCD-26SEP1504-T76899.99,https://kalshi.com/markets/kxbtcd/bitcoin-price-above-below,https://kalshi.com/markets/kxbtcd/bitcoin-price-above-below/kxbtcd-26sep1504,"Bitcoin price on Sep 15, 2026?","$76,900 or above",KXBTCD-26SEP1504,"BTC price on Sep 15, 2026 at 4am EDT?",KXBTCD,Bitcoin price Above/below,Crypto,"[""Hourly"", ""BTC""]",settled,binary,0,1,0.01,0.01,0.99,0.01,1,230130.33,230130.33,39612.12,0,2026-09-15T07:00:00Z,2026-09-15T08:00:00Z,2026-09-22T08:00:00Z,,no,76884.37,greater,76899.99,,BRTI,True,2026-09-15T17:18:25+00:00
kalshi,KXATPCHALLENGERMATCH-26SEP15CECSQU-SQU,https://kalshi.com/markets/kxatpchallengermatch/challenger-atp,https://kalshi.com/markets/kxatpchallengermatch/challenger-atp/kxatpchallengermatch-26sep15cecsqu,Henri Squire wins,Henri Squire,KXATPCHALLENGERMATCH-26SEP15CECSQU,Cecchinato vs Squire,KXATPCHALLENGERMATCH,Challenger ATP ,Sports,"[""Tennis""]",settled,binary,0,1,0.01,0.01,0.99,0.01,1,229066.81,229066.81,143857.98,0,2026-09-15T00:20:00Z,2026-09-15T14:55:20Z,2026-09-29T12:10:00Z,,no,Marco Cecchinato,structured,,,,True,2026-09-15T17:18:18+00:00
kalshi,KXATPCHALLENGERMATCH-26SEP15KOUMAT-MAT,https://kalshi.com/markets/kxatpchallengermatch/challenger-atp,https://kalshi.com/markets/kxatpchallengermatch/challenger-atp/kxatpchallengermatch-26sep15koumat,Ryuki Matsuda wins,Ryuki Matsuda,KXATPCHALLENGERMATCH-26SEP15KOUMAT,Kouame vs Matsuda,KXATPCHALLENGERMATCH,Challenger ATP ,Sports,"[""Tennis""]",settled,binary,0,1,0.01,0.01,0.99,0.01,1,228819.72,228819.72,144865.66,0,2026-09-14T17:31:00Z,2026-09-15T09:50:51Z,2026-09-29T05:20:00Z,,no,Moise Kouame,structured,,,,True,2026-09-15T17:18:23+00:00
kalshi,KXCHLLDPGAME-26SEP14ULCDEP-ULC,https://kalshi.com/markets/kxchlldpgame/chile-liga-de-primera-game,https://kalshi.com/markets/kxchlldpgame/chile-liga-de-primera-game/kxchlldpgame-26sep14ulcdep,Union La Calera wins,Union La Calera,KXCHLLDPGAME-26SEP14ULCDEP,Union La Calera vs Deportes Limache,KXCHLLDPGAME,Chile Liga de Primera Game,Sports,"[""Soccer""]",settled,binary,0,1,0.99,0.99,0.01,0.99,1,228435.86,228282.33,118955.35,0,2026-09-10T00:34:00Z,2026-09-15T02:02:06Z,2026-09-16T23:30:00Z,,yes,Union La Calera,structured,,,,True,2026-09-15T17:18:40+00:00
kalshi,KXITFWMATCH-26SEP15PASMAD-PAS,https://kalshi.com/markets/kxitfwmatch/itf-women-s-match,https://kalshi.com/markets/kxitfwmatch/itf-women-s-match/kxitfwmatch-26sep15pasmad,Amelia Paszun wins,Amelia Paszun,KXITFWMATCH-26SEP15PASMAD,Paszun vs Maduzzi,KXITFWMATCH,ITF Women's Match,Sports,"[""Tennis""]",settled,binary,0,1,0.01,0.01,0.99,0.01,1,227473.68,227473.68,93986.19,0,2026-09-14T17:12:00Z,2026-09-15T13:05:43Z,2026-09-29T09:00:00Z,,no,Gaia Maduzzi,structured,,,,True,2026-09-15T17:18:19+00:00
kalshi,KXGOLD15M-26SEP141945-45,https://kalshi.com/markets/kxgold15m/gold-15-minute,https://kalshi.com/markets/kxgold15m/gold-15-minute/kxgold15m-26sep141945,Gold price up in next 15 mins?,"Target Price: $4,290.10",KXGOLD15M-26SEP141945,"Gold 15 min · $4,290.10 target",KXGOLD15M,Gold 15-minute,Commodities,"[""Metals""]",settled,binary,0,1,0.004,0.004,0.996,0.004,1,226121.64,226121.64,64599.65,0,2026-09-14T23:30:00Z,2026-09-14T23:45:00Z,2026-09-21T23:45:00Z,,no,4289.60,greater_or_equal,4290.1,,,True,2026-09-15T17:18:46+00:00
kalshi,KXBTCD-26SEP1500-T77899.99,https://kalshi.com/markets/kxbtcd/bitcoin-price-above-below,https://kalshi.com/markets/kxbtcd/bitcoin-price-above-below/kxbtcd-26sep1500,"Bitcoin price on Sep 15, 2026?","$77,900 or above",KXBTCD-26SEP1500,"BTC price on Sep 15, 2026 at 12am EDT?",KXBTCD,Bitcoin price Above/below,Crypto,"[""Hourly"", ""BTC""]",settled,binary,0,1,0.01,0.01,0.99,0.01,1,225809.37,225809.37,69608.68,0,2026-09-15T03:00:00Z,2026-09-15T04:00:00Z,2026-09-22T04:00:00Z,,no,77644.17,greater,77899.99,,BRTI,True,2026-09-15T17:18:33+00:00
kalshi,KXITFMATCH-26SEP15CONYAZ-CON,https://kalshi.com/markets/kxitfmatch/itf-men-s-match,https://kalshi.com/markets/kxitfmatch/itf-men-s-match/kxitfmatch-26sep15conyaz,James Connel wins,James Connel,KXITFMATCH-26SEP15CONYAZ,Connel vs Yazdani,KXITFMATCH,ITF Men's Match,Sports,"[""Tennis""]",settled,binary,0,1,0.99,0.99,0.01,0.99,1,225543.55,225543.55,114022.19,0,2026-09-14T18:42:00Z,2026-09-15T15:35:14Z,2026-09-29T10:30:00Z,,yes,James Connel,structured,,,,True,2026-09-15T17:18:18+00:00
kalshi,KXNFLTD-26SEP14DENKC-KCJFIELDS6-1,https://kalshi.com/markets/kxnfltd/pro-football-touchdowns,https://kalshi.com/markets/kxnfltd/pro-football-touchdowns/kxnfltd-26sep14denkc,Justin Fields: 1+ touchdowns,Justin Fields: 1+,KXNFLTD-26SEP14DENKC,Denver vs Kansas City: Touchdowns,KXNFLTD,Pro Football Touchdowns,Sports,"[""Football""]",settled,binary,0,1,0.01,0.01,0.99,0.01,1,225147.08,225147.08,176760.77,0,2026-09-14T19:16:00Z,2026-09-15T03:51:27Z,2026-09-17T00:15:00Z,,no,anytime_td,greater,0.5,,,True,2026-09-15T17:18:34+00:00
kalshi,KXBRASILEIROGAME-26SEP13BAHCR-CR,https://kalshi.com/markets/kxbrasileirogame/brasileiro-serie-a-game,https://kalshi.com/markets/kxbrasileirogame/brasileiro-serie-a-game/kxbrasileirogame-26sep13bahcr,Remo wins,Remo,KXBRASILEIROGAME-26SEP13BAHCR,Bahia vs Remo,KXBRASILEIROGAME,Brasileiro Serie A Game,Sports,"[""Soccer""]",settled,binary,0,1,0.01,0.01,0.99,0.01,1,227767.5,224893.96,130589.29,0,2026-08-30T00:45:00Z,2026-09-15T01:32:09Z,2026-09-16T00:00:00Z,,no,Bahia,structured,,,,True,2026-09-15T17:18:42+00:00
kalshi,KXGOLD15M-26SEP142000-00,https://kalshi.com/markets/kxgold15m/gold-15-minute,https://kalshi.com/markets/kxgold15m/gold-15-minute/kxgold15m-26sep142000,Gold price up in next 15 mins?,"Target Price: $4,289.60",KXGOLD15M-26SEP142000,"Gold 15 min · $4,289.60 target",KXGOLD15M,Gold 15-minute,Commodities,"[""Metals""]",settled,binary,0,1,0.001,0.001,0.999,0.001,1,224353.98,224353.98,99656.8,0,2026-09-14T23:45:00Z,2026-09-15T00:00:00Z,2026-09-22T00:00:00Z,,no,4288.35,greater_or_equal,4289.6,,,True,2026-09-15T17:18:45+00:00
kalshi,KXSERIEAGAME-26SEP13COMPAR-COM,https://kalshi.com/markets/kxserieagame/serie-a-game,https://kalshi.com/markets/kxserieagame/serie-a-game/kxserieagame-26sep13compar,Como wins,Como,KXSERIEAGAME-26SEP13COMPAR,Como vs Parma Calcio,KXSERIEAGAME,Serie A Game,Sports,"[""Soccer""]",settled,binary,0,1,0.99,0.99,0.01,0.99,1,685051.58,224082.41,440042.34,0,2026-08-30T00:49:00Z,2026-09-14T18:32:49Z,2026-09-15T19:00:00Z,,yes,Como,structured,,,,True,2026-09-15T17:18:57+00:00
kalshi,KXARGPREMDIVGAME-26SEP14BANBAR-BAN,https://kalshi.com/markets/kxargpremdivgame/argentina-primera-division-game,https://kalshi.com/markets/kxargpremdivgame/argentina-primera-division-game/kxargpremdivgame-26sep14banbar,Banfield wins,Banfield,KXARGPREMDIVGAME-26SEP14BANBAR,Banfield vs Barracas,KXARGPREMDIVGAME,Argentina Primera Division Game,Sports,"[""Soccer""]",settled,binary,0,1,0.01,0.01,0.99,0.01,1,222866.08,221186.52,119293.19,0,2026-09-10T00:34:00Z,2026-09-15T00:02:37Z,2026-09-16T22:00:00Z,,no,Tie,structured,,,,True,2026-09-15T17:18:45+00:00
kalshi,KXNFLFIRSTTD-26SEP14DENKC-DENJDOBBINS27,https://kalshi.com/markets/kxnflfirsttd/pro-football-first-touchdown,https://kalshi.com/markets/kxnflfirsttd/pro-football-first-touchdown/kxnflfirsttd-26sep14denkc,J.K. Dobbins: 1st Touchdown,J.K. Dobbins,KXNFLFIRSTTD-26SEP14DENKC,Denver vs Kansas City: 1st Touchdown,KXNFLFIRSTTD,Pro Football First Touchdown,Sports,"[""Football""]",settled,binary,0,1,0.01,0.01,0.99,0.01,1,251022.08,221046.27,246721.92,0,2026-09-04T21:04:00Z,2026-09-15T01:15:05Z,2026-09-17T00:15:00Z,,no,No,structured,,,,True,2026-09-15T17:18:42+00:00
kalshi,KXGOLD15M-26SEP142215-15,https://kalshi.com/markets/kxgold15m/gold-15-minute,https://kalshi.com/markets/kxgold15m/gold-15-minute/kxgold15m-26sep142215,Gold price up in next 15 mins?,"Target Price: $4,304.51",KXGOLD15M-26SEP142215,"Gold 15 min · $4,304.51 target",KXGOLD15M,Gold 15-minute,Commodities,"[""Metals""]",settled,binary,0,1,0.999,0.999,0.001,0.999,1,220364.59,220364.59,91677.95,0,2026-09-15T02:00:00Z,2026-09-15T02:15:00Z,2026-09-22T02:15:00Z,,yes,4307.16,greater_or_equal,4304.51,,,True,2026-09-15T17:18:40+00:00
kalshi,KXBTCD-26SEP1420-T78499.99,https://kalshi.com/markets/kxbtcd/bitcoin-price-above-below,https://kalshi.com/markets/kxbtcd/bitcoin-price-above-below/kxbtcd-26sep1420,"Bitcoin price on Sep 14, 2026?","$78,500 or above",KXBTCD-26SEP1420,"BTC price on Sep 14, 2026 at 8pm EDT?",KXBTCD,Bitcoin price Above/below,Crypto,"[""Hourly"", ""BTC""]",settled,binary,0,1,0.01,0.01,0.99,0.01,1,219447.74,219447.74,72801.72,0,2026-09-14T23:00:00Z,2026-09-15T00:00:00Z,2026-09-22T00:00:00Z,,no,78179.05,greater,78499.99,,BRTI,True,2026-09-15T17:18:46+00:00
kalshi,KXNFLFIRSTTD-26SEP14DENKC-DENJWADDLE17,https://kalshi.com/markets/kxnflfirsttd/pro-football-first-touchdown,https://kalshi.com/markets/kxnflfirsttd/pro-football-first-touchdown/kxnflfirsttd-26sep14denkc,Jaylen Waddle: 1st Touchdown,Jaylen Waddle,KXNFLFIRSTTD-26SEP14DENKC,Denver vs Kansas City: 1st Touchdown,KXNFLFIRSTTD,Pro Football First Touchdown,Sports,"[""Football""]",settled,binary,0,1,0.01,0.01,0.99,0.01,1,260223.28,219354.83,256089.2,0,2026-09-04T21:04:00Z,2026-09-15T01:15:05Z,2026-09-17T00:15:00Z,,no,No,structured,,,,True,2026-09-15T17:18:42+00:00
kalshi,KXGOLD15M-26SEP141930-30,https://kalshi.com/markets/kxgold15m/gold-15-minute,https://kalshi.com/markets/kxgold15m/gold-15-minute/kxgold15m-26sep141930,Gold price up in next 15 mins?,"Target Price: $4,292.26",KXGOLD15M-26SEP141930,"Gold 15 min · $4,292.26 target",KXGOLD15M,Gold 15-minute,Commodities,"[""Metals""]",settled,binary,0,1,0.001,0.001,0.999,0.001,1,218031.8,218031.8,80656.09,0,2026-09-14T23:15:00Z,2026-09-14T23:30:00Z,2026-09-21T23:30:00Z,,no,4290.10,greater_or_equal,4292.26,,,True,2026-09-15T17:18:46+00:00
kalshi,KXLIGAMXGAME-26SEP14LEOASL-TIE,https://kalshi.com/markets/kxligamxgame/liga-mx-game,https://kalshi.com/markets/kxligamxgame/liga-mx-game/kxligamxgame-26sep14leoasl,Tie is the result,Tie,KXLIGAMXGAME-26SEP14LEOASL,Leon vs San Luis,KXLIGAMXGAME,Liga MX Game,Sports,"[""Soccer""]",settled,binary,0,1,0.01,0.01,0.99,0.01,1,224322.96,217953.05,130961.08,0,2026-09-08T05:35:00Z,2026-09-15T03:02:12Z,2026-09-17T01:00:00Z,,no,Leon,structured,,,,True,2026-09-15T17:18:35+00:00
kalshi,KXARGPREMDIVGAME-26SEP14RIELAN-LAN,https://kalshi.com/markets/kxargpremdivgame/argentina-primera-division-game,https://kalshi.com/markets/kxargpremdivgame/argentina-primera-division-game/kxargpremdivgame-26sep14rielan,Lanus wins,Lanus,KXARGPREMDIVGAME-26SEP14RIELAN,Riestra vs Lanus,KXARGPREMDIVGAME,Argentina Primera Division Game,Sports,"[""Soccer""]",settled,binary,0,1,0.99,0.99,0.01,0.99,1,221543.94,217796.38,117545.58,0,2026-09-10T00:34:00Z,2026-09-15T00:02:37Z,2026-09-16T22:00:00Z,,yes,Lanus,structured,,,,True,2026-09-15T17:18:45+00:00
kalshi,KXWTASETWINNER-26SEP13MARTOW-2-MAR,https://kalshi.com/markets/kxwtasetwinner/wta-set-winner,https://kalshi.com/markets/kxwtasetwinner/wta-set-winner/kxwtasetwinner-26sep13martow-2,Will Tatjana Maria win set 2 in the Tatjana Maria vs Taylor Townsend match,Tatjana Maria,KXWTASETWINNER-26SEP13MARTOW-2,Tatjana Maria vs Taylor Townsend: Set 2 Winner,KXWTASETWINNER,WTA Set Winner,Sports,"[""Tennis""]",settled,binary,0,1,0.01,0.01,0.99,0.01,1,217822.57,217748.68,83819.22,0,2026-09-12T16:20:00Z,2026-09-14T22:55:40Z,2026-09-27T16:00:00Z,,no,"Townsend, Taylor",structured,,,,True,2026-09-15T17:18:48+00:00
kalshi,KXSERIEAGAME-26SEP13TORROM-TIE,https://kalshi.com/markets/kxserieagame/serie-a-game,https://kalshi.com/markets/kxserieagame/serie-a-game/kxserieagame-26sep13torrom,Tie is the result,Tie,KXSERIEAGAME-26SEP13TORROM,Torino vs Roma,KXSERIEAGAME,Serie A Game,Sports,"[""Soccer""]",settled,binary,0,1,0.01,0.01,0.99,0.01,1,261468.79,215372.79,185764.24,0,2026-08-30T00:49:00Z,2026-09-14T18:32:50Z,2026-09-15T16:30:00Z,,no,Roma,structured,,,,True,2026-09-15T17:18:57+00:00
kalshi,KXATPCHALLENGERMATCH-26SEP14LEGOST-OST,https://kalshi.com/markets/kxatpchallengermatch/challenger-atp,https://kalshi.com/markets/kxatpchallengermatch/challenger-atp/kxatpchallengermatch-26sep14legost,Daniil Ostapenkov wins,Daniil Ostapenkov,KXATPCHALLENGERMATCH-26SEP14LEGOST,Legout vs Ostapenkov,KXATPCHALLENGERMATCH,Challenger ATP ,Sports,"[""Tennis""]",settled,binary,0,1,0.01,0.01,0.99,0.01,1,215064.92,215053.87,112366.74,0,2026-09-14T06:20:00Z,2026-09-14T21:00:33Z,2026-09-28T18:10:00Z,,no,Timo Legout,structured,,,,True,2026-09-15T17:18:50+00:00
kalshi,KXITFWMATCH-26SEP14ARAOHA-ARA,https://kalshi.com/markets/kxitfwmatch/itf-women-s-match,https://kalshi.com/markets/kxitfwmatch/itf-women-s-match/kxitfwmatch-26sep14araoha,Natsuho Arakawa wins,Natsuho Arakawa,KXITFWMATCH-26SEP14ARAOHA,Arakawa vs Ohashi,KXITFWMATCH,ITF Women's Match,Sports,"[""Tennis""]",settled,binary,0,1,0.01,0.01,0.99,0.01,1,214862.46,214862.46,110634.34,0,2026-09-14T10:13:00Z,2026-09-15T05:16:22Z,2026-09-29T02:00:00Z,,no,Remika Ohashi,structured,,,,True,2026-09-15T17:18:30+00:00
kalshi,KXETH15M-26SEP141930-30,https://kalshi.com/markets/kxeth15m/eth-15m-price-up-down,https://kalshi.com/markets/kxeth15m/eth-15m-price-up-down/kxeth15m-26sep141930,ETH price up in next 15 mins?,"Target Price: $2,525.00",KXETH15M-26SEP141930,"ETH 15 min · $2,525.00 target",KXETH15M,ETH 15M price up down,Crypto,"[""ETH"", ""15 min"", ""15 Min Markets""]",settled,binary,0,1,0.999,0.999,0.001,0.999,1,214627.23,214627.23,48831.41,0,2026-09-14T23:15:00Z,2026-09-14T23:30:00Z,2026-09-21T23:30:00Z,,yes,2525.04,greater_or_equal,2525,,,True,2026-09-15T17:18:46+00:00
kalshi,KXNFLFIRSTTD-26SEP14DENKC-KCRRICE4,https://kalshi.com/markets/kxnflfirsttd/pro-football-first-touchdown,https://kalshi.com/markets/kxnflfirsttd/pro-football-first-touchdown/kxnflfirsttd-26sep14denkc,Rashee Rice: 1st Touchdown,Rashee Rice,KXNFLFIRSTTD-26SEP14DENKC,Denver vs Kansas City: 1st Touchdown,KXNFLFIRSTTD,Pro Football First Touchdown,Sports,"[""Football""]",settled,binary,0,1,0.01,0.01,0.99,0.01,1,243519.06,214435.27,235794.92,0,2026-09-04T21:04:00Z,2026-09-15T01:15:05Z,2026-09-17T00:15:00Z,,no,No,structured,,,,True,2026-09-15T17:18:42+00:00
kalshi,KXGOLD15M-26SEP142130-30,https://kalshi.com/markets/kxgold15m/gold-15-minute,https://kalshi.com/markets/kxgold15m/gold-15-minute/kxgold15m-26sep142130,Gold price up in next 15 mins?,"Target Price: $4,299.83",KXGOLD15M-26SEP142130,"Gold 15 min · $4,299.83 target",KXGOLD15M,Gold 15-minute,Commodities,"[""Metals""]",settled,binary,0,1,0.999,0.999,0.001,0.999,1,214365.71,214365.71,71176.72,0,2026-09-15T01:15:00Z,2026-09-15T01:30:00Z,2026-09-22T01:30:00Z,,yes,4301.94,greater_or_equal,4299.83,,,True,2026-09-15T17:18:42+00:00
kalshi,KXGOLD15M-26SEP151145-45,https://kalshi.com/markets/kxgold15m/gold-15-minute,https://kalshi.com/markets/kxgold15m/gold-15-minute/kxgold15m-26sep151145,Gold price up in next 15 mins?,"Target Price: $4,283.86",KXGOLD15M-26SEP151145,"Gold 15 min · $4,283.86 target",KXGOLD15M,Gold 15-minute,Commodities,"[""Metals""]",settled,binary,0,1,0.997,0.997,0.003,0.997,1,214350.19,214350.19,69236.03,0,2026-09-15T15:30:00Z,2026-09-15T15:45:00Z,2026-09-22T15:45:00Z,,yes,4287.92,greater_or_equal,4283.86,,,True,2026-09-15T17:18:18+00:00
kalshi,KXCHLLDPGAME-26SEP14ULCDEP-DEP,https://kalshi.com/markets/kxchlldpgame/chile-liga-de-primera-game,https://kalshi.com/markets/kxchlldpgame/chile-liga-de-primera-game/kxchlldpgame-26sep14ulcdep,Deportes Limache wins,Deportes Limache,KXCHLLDPGAME-26SEP14ULCDEP,Union La Calera vs Deportes Limache,KXCHLLDPGAME,Chile Liga de Primera Game,Sports,"[""Soccer""]",settled,binary,0,1,0.01,0.01,0.99,0.01,1,216787.19,213910.7,133242.18,0,2026-09-10T00:34:00Z,2026-09-15T02:02:06Z,2026-09-16T23:30:00Z,,no,Union La Calera,structured,,,,True,2026-09-15T17:18:40+00:00
kalshi,KXGOLD15M-26SEP141545-45,https://kalshi.com/markets/kxgold15m/gold-15-minute,https://kalshi.com/markets/kxgold15m/gold-15-minute/kxgold15m-26sep141545,Gold price up in next 15 mins?,"Target Price: $4,296.44",KXGOLD15M-26SEP141545,"Gold 15 min · $4,296.44 target",KXGOLD15M,Gold 15-minute,Commodities,"[""Metals""]",settled,binary,0,1,0.001,0.001,0.999,0.001,1,213783.93,213783.93,107710.65,0,2026-09-14T19:30:00Z,2026-09-14T19:45:00Z,2026-09-21T19:45:00Z,,no,4291.58,greater_or_equal,4296.44,,,True,2026-09-15T17:18:54+00:00
kalshi,KXGOLD15M-26SEP141815-15,https://kalshi.com/markets/kxgold15m/gold-15-minute,https://kalshi.com/markets/kxgold15m/gold-15-minute/kxgold15m-26sep141815,Gold price up in next 15 mins?,"Target Price: $4,302.20",KXGOLD15M-26SEP141815,"Gold 15 min · $4,302.20 target",KXGOLD15M,Gold 15-minute,Commodities,"[""Metals""]",settled,binary,0,1,0.001,0.001,0.999,0.001,1,213000.75,213000.75,132279.32,0,2026-09-14T22:00:00Z,2026-09-14T22:15:00Z,2026-09-21T22:15:00Z,,no,4297.25,greater_or_equal,4302.2,,,True,2026-09-15T17:18:48+00:00
kalshi,KXBRASILEIROBGAME-26SEP14AVAVIN-VIN,https://kalshi.com/markets/kxbrasileirobgame/brasileiro-serie-b-game,https://kalshi.com/markets/kxbrasileirobgame/brasileiro-serie-b-game/kxbrasileirobgame-26sep14avavin,Vila Nova wins,Vila Nova,KXBRASILEIROBGAME-26SEP14AVAVIN,Avai vs Vila Nova,KXBRASILEIROBGAME,Brasileiro Serie B Game,Sports,"[""Soccer""]",settled,binary,0,1,0.01,0.01,0.99,0.01,1,212685.15,212335.02,128912.07,0,2026-09-08T05:34:00Z,2026-09-15T02:36:25Z,2026-09-17T00:30:00Z,,no,Tie,structured,,,,True,2026-09-15T17:18:38+00:00
kalshi,KXMLBRFI-26SEP141840LADCIN,https://kalshi.com/markets/kxmlbrfi/pro-baseball-run-in-first-inning,https://kalshi.com/markets/kxmlbrfi/pro-baseball-run-in-first-inning/kxmlbrfi-26sep141840ladcin,1st inning: Over 0.5 runs,Over 0.5 runs in the 1st inning,KXMLBRFI-26SEP141840LADCIN,Los Angeles D vs Cincinnati: First Inning Run,KXMLBRFI,Pro Baseball Run in First Inning,Sports,"[""Baseball""]",settled,binary,0,1,0.01,0.01,0.99,0.01,1,254580.42,211813.72,198566.63,0,2026-09-11T23:10:00Z,2026-09-14T22:54:26Z,2026-09-17T22:40:00Z,,no,No,greater_or_equal,1,,,True,2026-09-15T17:18:48+00:00
kalshi,KXMLBSPREAD-26SEP142040SDCOL-SD3,https://kalshi.com/markets/kxmlbspread/pro-baseball-spread,https://kalshi.com/markets/kxmlbspread/pro-baseball-spread/kxmlbspread-26sep142040sdcol,San Diego wins by over 2.5 runs?,San Diego wins by over 2.5 runs,KXMLBSPREAD-26SEP142040SDCOL,San Diego vs Colorado: Spread,KXMLBSPREAD,Pro Baseball Spread,Sports,"[""Baseball""]",settled,binary,0,1,0.01,0.01,0.99,0.01,1,214963.06,211587.46,104572.62,0,2026-09-13T20:00:00Z,2026-09-15T03:49:33Z,2026-09-18T00:40:00Z,,no,1,greater,2.5,,,True,2026-09-15T17:18:34+00:00
kalshi,KXITFWMATCH-26SEP15NIEKAR-KAR,https://kalshi.com/markets/kxitfwmatch/itf-women-s-match,https://kalshi.com/markets/kxitfwmatch/itf-women-s-match/kxitfwmatch-26sep15niekar,Lia Karatancheva wins,Lia Karatancheva,KXITFWMATCH-26SEP15NIEKAR,Niemeier vs Karatancheva,KXITFWMATCH,ITF Women's Match,Sports,"[""Tennis""]",settled,binary,0,1,0.99,0.99,0.01,0.99,1,211405.37,211405.37,129716.85,0,2026-09-14T17:12:00Z,2026-09-15T12:15:36Z,2026-09-29T09:00:00Z,,yes,Lia Karatancheva,structured,,,,True,2026-09-15T17:18:20+00:00
kalshi,KXGOLD15M-26SEP151045-45,https://kalshi.com/markets/kxgold15m/gold-15-minute,https://kalshi.com/markets/kxgold15m/gold-15-minute/kxgold15m-26sep151045,Gold price up in next 15 mins?,"Target Price: $4,284.66",KXGOLD15M-26SEP151045,"Gold 15 min · $4,284.66 target",KXGOLD15M,Gold 15-minute,Commodities,"[""Metals""]",settled,binary,0,1,0.001,0.001,0.999,0.001,1,210875.61,210875.61,85987.8,0,2026-09-15T14:30:00Z,2026-09-15T14:45:00Z,2026-09-22T14:45:00Z,,no,4278.03,greater_or_equal,4284.66,,,True,2026-09-15T17:18:18+00:00
kalshi,KXBTCD-26SEP1417-T79749.99,https://kalshi.com/markets/kxbtcd/bitcoin-price-above-below,https://kalshi.com/markets/kxbtcd/bitcoin-price-above-below/kxbtcd-26sep1417,"Bitcoin price on Sep 14, 2026?","$79,750 or above",KXBTCD-26SEP1417,"BTC price on Sep 14, 2026 at 5pm EDT?",KXBTCD,Bitcoin price Above/below,Crypto,"[""Hourly"", ""BTC""]",settled,binary,0,1,0.01,0.01,0.99,0.01,1,221127.95,210606.4,131758.31,0,2026-09-13T20:00:00Z,2026-09-14T21:00:00Z,2026-09-21T21:00:00Z,,no,79093.33,greater,79749.99,,BRTI,True,2026-09-15T17:18:52+00:00
kalshi,KXWTACHALLENGERMATCH-26SEP15TUBWOL-WOL,https://kalshi.com/markets/kxwtachallengermatch/challenger-wta,https://kalshi.com/markets/kxwtachallengermatch/challenger-wta/kxwtachallengermatch-26sep15tubwol,Vivian Wolff wins,Vivian Wolff,KXWTACHALLENGERMATCH-26SEP15TUBWOL,Tubello vs Wolff,KXWTACHALLENGERMATCH,Challenger WTA,Sports,"[""Tennis""]",settled,binary,0,1,0.01,0.01,0.99,0.01,1,210589.9,210589.9,140819.26,0,2026-09-14T22:30:00Z,2026-09-15T14:10:31Z,2026-09-29T10:20:00Z,,no,Alice Tubello,structured,,,,True,2026-09-15T17:18:19+00:00
kalshi,KXBTCD-26SEP1512-T76299.99,https://kalshi.com/markets/kxbtcd/bitcoin-price-above-below,https://kalshi.com/markets/kxbtcd/bitcoin-price-above-below/kxbtcd-26sep1512,"Bitcoin price on Sep 15, 2026?","$76,300 or above",KXBTCD-26SEP1512,"BTC price on Sep 15, 2026 at 12pm EDT?",KXBTCD,Bitcoin price Above/below,Crypto,"[""Hourly"", ""BTC""]",settled,binary,0,1,0.99,0.99,0.01,0.99,1,210521.08,210521.08,80909.71,0,2026-09-15T15:00:00Z,2026-09-15T16:00:00Z,2026-09-22T16:00:00Z,,yes,76482.37,greater,76299.99,,BRTI,True,2026-09-15T17:18:18+00:00
kalshi,KXSERIEAGAME-26SEP13TORROM-TOR,https://kalshi.com/markets/kxserieagame/serie-a-game,https://kalshi.com/markets/kxserieagame/serie-a-game/kxserieagame-26sep13torrom,Torino wins,Torino,KXSERIEAGAME-26SEP13TORROM,Torino vs Roma,KXSERIEAGAME,Serie A Game,Sports,"[""Soccer""]",settled,binary,0,1,0.01,0.01,0.99,0.01,1,460562.54,209791.68,330494.59,0,2026-08-30T00:49:00Z,2026-09-14T18:32:50Z,2026-09-15T16:30:00Z,,no,Roma,structured,,,,True,2026-09-15T17:18:57+00:00
kalshi,KXNFLTD-26SEP14DENKC-KCRRICE4-1,https://kalshi.com/markets/kxnfltd/pro-football-touchdowns,https://kalshi.com/markets/kxnfltd/pro-football-touchdowns/kxnfltd-26sep14denkc,Rashee Rice: 1+ touchdowns,Rashee Rice: 1+,KXNFLTD-26SEP14DENKC,Denver vs Kansas City: Touchdowns,KXNFLTD,Pro Football Touchdowns,Sports,"[""Football""]",settled,binary,0,1,0.99,0.99,0.01,0.99,1,232772.13,208262.69,193064.62,0,2026-09-04T21:04:00Z,2026-09-15T01:38:30Z,2026-09-17T00:15:00Z,,yes,anytime_td,greater,0.5,,,True,2026-09-15T17:18:42+00:00
kalshi,KXWTAMATCH-26SEP14KOSBAR-BAR,https://kalshi.com/markets/kxwtamatch/wta-tennis-match,https://kalshi.com/markets/kxwtamatch/wta-tennis-match/kxwtamatch-26sep14kosbar,Victoria Luiza Barros wins,Victoria Luiza Barros,KXWTAMATCH-26SEP14KOSBAR,Kostovic vs Barros,KXWTAMATCH,WTA Tennis Match,Sports,"[""Tennis""]",settled,binary,0,1,0.01,0.01,0.99,0.01,1,208278.68,208190.37,135754,0,2026-09-13T13:05:00Z,2026-09-15T15:24:51Z,2026-09-28T13:00:00Z,,no,Teodora Kostovic,structured,,,,True,2026-09-15T17:18:18+00:00
kalshi,KXGOLD15M-26SEP141515-15,https://kalshi.com/markets/kxgold15m/gold-15-minute,https://kalshi.com/markets/kxgold15m/gold-15-minute/kxgold15m-26sep141515,Gold price up in next 15 mins?,"Target Price: $4,307.73",KXGOLD15M-26SEP141515,"Gold 15 min · $4,307.73 target",KXGOLD15M,Gold 15-minute,Commodities,"[""Metals""]",settled,binary,0,1,0.001,0.001,0.999,0.001,1,207974.05,207974.05,86975.85,0,2026-09-14T19:00:00Z,2026-09-14T19:15:00Z,2026-09-21T19:15:00Z,,no,4306.26,greater_or_equal,4307.73,,,True,2026-09-15T17:18:55+00:00
kalshi,KXGOLD15M-26SEP142230-30,https://kalshi.com/markets/kxgold15m/gold-15-minute,https://kalshi.com/markets/kxgold15m/gold-15-minute/kxgold15m-26sep142230,Gold price up in next 15 mins?,"Target Price: $4,307.16",KXGOLD15M-26SEP142230,"Gold 15 min · $4,307.16 target",KXGOLD15M,Gold 15-minute,Commodities,"[""Metals""]",settled,binary,0,1,0.999,0.999,0.001,0.999,1,207045.41,207045.41,75431.23,0,2026-09-15T02:15:00Z,2026-09-15T02:30:00Z,2026-09-22T02:30:00Z,,yes,4309.41,greater_or_equal,4307.16,,,True,2026-09-15T17:18:38+00:00
kalshi,KXBTCD-26SEP1420-T78099.99,https://kalshi.com/markets/kxbtcd/bitcoin-price-above-below,https://kalshi.com/markets/kxbtcd/bitcoin-price-above-below/kxbtcd-26sep1420,"Bitcoin price on Sep 14, 2026?","$78,100 or above",KXBTCD-26SEP1420,"BTC price on Sep 14, 2026 at 8pm EDT?",KXBTCD,Bitcoin price Above/below,Crypto,"[""Hourly"", ""BTC""]",settled,binary,0,1,0.99,0.99,0.01,0.99,1,206637.54,206637.54,86723.64,0,2026-09-14T23:00:00Z,2026-09-15T00:00:00Z,2026-09-22T00:00:00Z,,yes,78179.05,greater,78099.99,,BRTI,True,2026-09-15T17:18:46+00:00
kalshi,KXBTCD-26SEP1500-T77599.99,https://kalshi.com/markets/kxbtcd/bitcoin-price-above-below,https://kalshi.com/markets/kxbtcd/bitcoin-price-above-below/kxbtcd-26sep1500,"Bitcoin price on Sep 15, 2026?","$77,600 or above",KXBTCD-26SEP1500,"BTC price on Sep 15, 2026 at 12am EDT?",KXBTCD,Bitcoin price Above/below,Crypto,"[""Hourly"", ""BTC""]",settled,binary,0,1,0.99,0.99,0.01,0.99,1,206490.6,206490.6,73854.66,0,2026-09-15T03:00:00Z,2026-09-15T04:00:00Z,2026-09-22T04:00:00Z,,yes,77644.17,greater,77599.99,,BRTI,True,2026-09-15T17:18:33+00:00
kalshi,KXETH15M-26SEP141800-00,https://kalshi.com/markets/kxeth15m/eth-15m-price-up-down,https://kalshi.com/markets/kxeth15m/eth-15m-price-up-down/kxeth15m-26sep141800,ETH price up in next 15 mins?,"Target Price: $2,548.19",KXETH15M-26SEP141800,"ETH 15 min · $2,548.19 target",KXETH15M,ETH 15M price up down,Crypto,"[""ETH"", ""15 min"", ""15 Min Markets""]",settled,binary,0,1,0.001,0.001,0.999,0.001,1,205649.47,205649.47,72381.12,0,2026-09-14T21:45:00Z,2026-09-14T22:00:00Z,2026-09-21T22:00:00Z,,no,2546.53,greater_or_equal,2548.19,,,True,2026-09-15T17:18:49+00:00
kalshi,KXGOLD15M-26SEP141400-00,https://kalshi.com/markets/kxgold15m/gold-15-minute,https://kalshi.com/markets/kxgold15m/gold-15-minute/kxgold15m-26sep141400,Gold price up in next 15 mins?,"Target Price: $4,310.06",KXGOLD15M-26SEP141400,"Gold 15 min · $4,310.06 target",KXGOLD15M,Gold 15-minute,Commodities,"[""Metals""]",settled,binary,0,1,0.999,0.999,0.001,0.999,1,204976.31,204976.31,54042.87,0,2026-09-14T17:45:00Z,2026-09-14T18:00:00Z,2026-09-21T18:00:00Z,,yes,4311.17,greater_or_equal,4310.06,,,True,2026-09-15T17:18:58+00:00
kalshi,KXBTCD-26SEP1422-T78099.99,https://kalshi.com/markets/kxbtcd/bitcoin-price-above-below,https://kalshi.com/markets/kxbtcd/bitcoin-price-above-below/kxbtcd-26sep1422,"Bitcoin price on Sep 14, 2026?","$78,100 or above",KXBTCD-26SEP1422,"BTC price on Sep 14, 2026 at 10pm EDT?",KXBTCD,Bitcoin price Above/below,Crypto,"[""Hourly"", ""BTC""]",settled,binary,0,1,0.01,0.01,0.99,0.01,1,204650.93,204650.93,50681.53,0,2026-09-15T01:00:00Z,2026-09-15T02:00:00Z,2026-09-22T02:00:00Z,,no,77907.82,greater,78099.99,,BRTI,True,2026-09-15T17:18:41+00:00
kalshi,KXATPCHALLENGERMATCH-26SEP15CUETRU-TRU,https://kalshi.com/markets/kxatpchallengermatch/challenger-atp,https://kalshi.com/markets/kxatpchallengermatch/challenger-atp/kxatpchallengermatch-26sep15cuetru,Marco Trungelliti wins,Marco Trungelliti,KXATPCHALLENGERMATCH-26SEP15CUETRU,Cuenin vs Trungelliti,KXATPCHALLENGERMATCH,Challenger ATP ,Sports,"[""Tennis""]",settled,binary,0,1,0.99,0.99,0.01,0.99,1,204510.41,204510.41,106364.17,0,2026-09-14T23:10:00Z,2026-09-15T12:55:28Z,2026-09-29T11:00:00Z,,yes,Marco Trungelliti,structured,,,,True,2026-09-15T17:18:20+00:00
kalshi,KXATPCHALLENGERMATCH-26SEP15LAJDED-DED,https://kalshi.com/markets/kxatpchallengermatch/challenger-atp,https://kalshi.com/markets/kxatpchallengermatch/challenger-atp/kxatpchallengermatch-26sep15lajded,Diego Dedura-Palomero wins,Diego Dedura-Palomero,KXATPCHALLENGERMATCH-26SEP15LAJDED,Lajovic vs Dedura-Palomero,KXATPCHALLENGERMATCH,Challenger ATP ,Sports,"[""Tennis""]",settled,binary,0,1,0.99,0.99,0.01,0.99,1,202962.62,202962.62,160277.69,0,2026-09-15T00:10:00Z,2026-09-15T15:30:16Z,2026-09-29T12:00:00Z,,yes,Diego Dedura-Palomero,structured,,,,True,2026-09-15T17:18:18+00:00
kalshi,KXGOLD15M-26SEP142100-00,https://kalshi.com/markets/kxgold15m/gold-15-minute,https://kalshi.com/markets/kxgold15m/gold-15-minute/kxgold15m-26sep142100,Gold price up in next 15 mins?,"Target Price: $4,292.57",KXGOLD15M-26SEP142100,"Gold 15 min · $4,292.57 target",KXGOLD15M,Gold 15-minute,Commodities,"[""Metals""]",settled,binary,0,1,0.999,0.999,0.001,0.999,1,202853.73,202853.73,88117.15,0,2026-09-15T00:45:00Z,2026-09-15T01:00:00Z,2026-09-22T01:00:00Z,,yes,4293.11,greater_or_equal,4292.57,,,True,2026-09-15T17:18:43+00:00
kalshi,KXMLBTOTAL-26SEP141907DETTOR-8,https://kalshi.com/markets/kxmlbtotal/pro-baseball-total-points,https://kalshi.com/markets/kxmlbtotal/pro-baseball-total-points/kxmlbtotal-26sep141907dettor,Over 7.5 runs scored,Over 7.5 runs scored,KXMLBTOTAL-26SEP141907DETTOR,Detroit vs Toronto: Total Runs,KXMLBTOTAL,Pro Baseball Total Points,Sports,"[""Baseball""]",settled,binary,0,1,0.99,0.99,0.01,0.99,1,242817.65,202799.2,156346.59,0,2026-09-13T20:00:00Z,2026-09-15T01:29:43Z,2026-09-17T23:07:00Z,,yes,9,greater,7.5,,,True,2026-09-15T17:18:42+00:00
kalshi,KXBTCD-26SEP1421-T78199.99,https://kalshi.com/markets/kxbtcd/bitcoin-price-above-below,https://kalshi.com/markets/kxbtcd/bitcoin-price-above-below/kxbtcd-26sep1421,"Bitcoin price on Sep 14, 2026?","$78,200 or above",KXBTCD-26SEP1421,"BTC price on Sep 14, 2026 at 9pm EDT?",KXBTCD,Bitcoin price Above/below,Crypto,"[""Hourly"", ""BTC""]",settled,binary,0,1,0.01,0.01,0.99,0.01,1,202588.69,202588.69,59112.14,0,2026-09-15T00:00:00Z,2026-09-15T01:00:00Z,2026-09-22T01:00:00Z,,no,77944.70,greater,78199.99,,BRTI,True,2026-09-15T17:18:44+00:00
kalshi,KXNFL1QTOTAL-26SEP14DENKC-8,https://kalshi.com/markets/kxnfl1qtotal/pro-football-1st-quarter-total,https://kalshi.com/markets/kxnfl1qtotal/pro-football-1st-quarter-total/kxnfl1qtotal-26sep14denkc,Will there be over 7.5 1Q points scored?,Over 7.5 1Q points scored,KXNFL1QTOTAL-26SEP14DENKC,DEN Broncos vs KC Chiefs: 1st Quarter Total ,KXNFL1QTOTAL,Pro Football 1st Quarter Total,Sports,"[""Football""]",settled,binary,0,1,0.99,0.99,0.01,0.99,1,217836.39,202471.13,133564.5,0,2026-09-02T18:39:00Z,2026-09-15T01:07:35Z,2026-09-17T00:15:00Z,,yes,14,greater,7.5,,,True,2026-09-15T17:18:43+00:00
kalshi,KXNFLSPREAD-26SEP14DENKC-KC18,https://kalshi.com/markets/kxnflspread/pro-football-spread,https://kalshi.com/markets/kxnflspread/pro-football-spread/kxnflspread-26sep14denkc,Kansas City wins by over 17.5 points?,Kansas City wins by over 17.5 points,KXNFLSPREAD-26SEP14DENKC,Denver vs Kansas City: Spread,KXNFLSPREAD,Pro Football Spread,Sports,"[""Football""]",settled,binary,0,1,0.99,0.99,0.01,0.99,1,224701.77,202345.83,119375.85,0,2026-08-03T23:13:00Z,2026-09-15T03:19:43Z,2026-09-17T00:15:00Z,,yes,spread,greater,17.5,,,True,2026-09-15T17:18:35+00:00
kalshi,KXWTACHALLENGERMATCH-26SEP15ITOKNU-KNU,https://kalshi.com/markets/kxwtachallengermatch/challenger-wta,https://kalshi.com/markets/kxwtachallengermatch/challenger-wta/kxwtachallengermatch-26sep15itoknu,Gabriela Knutson wins,Gabriela Knutson,KXWTACHALLENGERMATCH-26SEP15ITOKNU,Ito vs Knutson,KXWTACHALLENGERMATCH,Challenger WTA,Sports,"[""Tennis""]",settled,binary,0,1,0.99,0.99,0.01,0.99,1,201447.18,201447.18,154412.09,0,2026-09-14T21:10:00Z,2026-09-15T10:45:30Z,2026-09-29T09:00:00Z,,yes,Gabriela Knutson,structured,,,,True,2026-09-15T17:18:22+00:00
kalshi,KXITFWMATCH-26SEP15ENCGLU-ENC,https://kalshi.com/markets/kxitfwmatch/itf-women-s-match,https://kalshi.com/markets/kxitfwmatch/itf-women-s-match/kxitfwmatch-26sep15encglu,Lidia Encheva wins,Lidia Encheva,KXITFWMATCH-26SEP15ENCGLU,Encheva vs Glushkova,KXITFWMATCH,ITF Women's Match,Sports,"[""Tennis""]",settled,binary,0,1,0.99,0.99,0.01,0.99,1,201135.62,201135.62,137617.53,0,2026-09-14T17:12:00Z,2026-09-15T16:10:37Z,2026-09-29T09:00:00Z,,yes,Lidia Encheva,structured,,,,True,2026-09-15T17:18:17+00:00
kalshi,KXNFLFIRSTTD-26SEP14DENKC-DENEENGRAM1,https://kalshi.com/markets/kxnflfirsttd/pro-football-first-touchdown,https://kalshi.com/markets/kxnflfirsttd/pro-football-first-touchdown/kxnflfirsttd-26sep14denkc,Evan Engram: 1st Touchdown,Evan Engram,KXNFLFIRSTTD-26SEP14DENKC,Denver vs Kansas City: 1st Touchdown,KXNFLFIRSTTD,Pro Football First Touchdown,Sports,"[""Football""]",settled,binary,0,1,0.01,0.01,0.99,0.01,1,230228.12,199984.59,228912.22,0,2026-09-04T21:04:00Z,2026-09-15T01:54:05Z,2026-09-17T00:15:00Z,,no,No,structured,,,,True,2026-09-15T17:18:42+00:00
kalshi,KXGOLD15M-26SEP141645-45,https://kalshi.com/markets/kxgold15m/gold-15-minute,https://kalshi.com/markets/kxgold15m/gold-15-minute/kxgold15m-26sep141645,Gold price up in next 15 mins?,"Target Price: $4,296.75",KXGOLD15M-26SEP141645,"Gold 15 min · $4,296.75 target",KXGOLD15M,Gold 15-minute,Commodities,"[""Metals""]",settled,binary,0,1,0.001,0.001,0.999,0.001,1,199580.31,199580.31,60984.74,0,2026-09-14T20:30:00Z,2026-09-14T20:45:00Z,2026-09-21T20:45:00Z,,no,4294.95,greater_or_equal,4296.75,,,True,2026-09-15T17:18:52+00:00
kalshi,KXBTCD-26SEP1416-T79299.99,https://kalshi.com/markets/kxbtcd/bitcoin-price-above-below,https://kalshi.com/markets/kxbtcd/bitcoin-price-above-below/kxbtcd-26sep1416,"Bitcoin price on Sep 14, 2026?","$79,300 or above",KXBTCD-26SEP1416,"BTC price on Sep 14, 2026 at 4pm EDT?",KXBTCD,Bitcoin price Above/below,Crypto,"[""Hourly"", ""BTC""]",settled,binary,0,1,0.01,0.01,0.99,0.01,1,199463.16,199463.16,70250.8,0,2026-09-14T19:00:00Z,2026-09-14T20:00:00Z,2026-09-21T20:00:00Z,,no,78999.88,greater,79299.99,,BRTI,True,2026-09-15T17:18:54+00:00
kalshi,KXBTCD-26SEP1504-T77199.99,https://kalshi.com/markets/kxbtcd/bitcoin-price-above-below,https://kalshi.com/markets/kxbtcd/bitcoin-price-above-below/kxbtcd-26sep1504,"Bitcoin price on Sep 15, 2026?","$77,200 or above",KXBTCD-26SEP1504,"BTC price on Sep 15, 2026 at 4am EDT?",KXBTCD,Bitcoin price Above/below,Crypto,"[""Hourly"", ""BTC""]",settled,binary,0,1,0.01,0.01,0.99,0.01,1,199266.21,199266.21,43651.63,0,2026-09-15T07:00:00Z,2026-09-15T08:00:00Z,2026-09-22T08:00:00Z,,no,76884.37,greater,77199.99,,BRTI,True,2026-09-15T17:18:25+00:00
kalshi,KXBTCD-26SEP1504-T77099.99,https://kalshi.com/markets/kxbtcd/bitcoin-price-above-below,https://kalshi.com/markets/kxbtcd/bitcoin-price-above-below/kxbtcd-26sep1504,"Bitcoin price on Sep 15, 2026?","$77,100 or above",KXBTCD-26SEP1504,"BTC price on Sep 15, 2026 at 4am EDT?",KXBTCD,Bitcoin price Above/below,Crypto,"[""Hourly"", ""BTC""]",settled,binary,0,1,0.01,0.01,0.99,0.01,1,199034.81,199034.81,35524.37,0,2026-09-15T07:00:00Z,2026-09-15T08:00:00Z,2026-09-22T08:00:00Z,,no,76884.37,greater,77099.99,,BRTI,True,2026-09-15T17:18:25+00:00
kalshi,KXBTCD-26SEP1506-T76999.99,https://kalshi.com/markets/kxbtcd/bitcoin-price-above-below,https://kalshi.com/markets/kxbtcd/bitcoin-price-above-below/kxbtcd-26sep1506,"Bitcoin price on Sep 15, 2026?","$77,000 or above",KXBTCD-26SEP1506,"BTC price on Sep 15, 2026 at 6am EDT?",KXBTCD,Bitcoin price Above/below,Crypto,"[""Hourly"", ""BTC""]",settled,binary,0,1,0.01,0.01,0.99,0.01,1,198563.44,198563.44,33814.62,0,2026-09-15T09:00:00Z,2026-09-15T10:00:00Z,2026-09-22T10:00:00Z,,no,76942.41,greater,76999.99,,BRTI,True,2026-09-15T17:18:22+00:00
kalshi,KXSERIEAGAME-26SEP13COMPAR-PAR,https://kalshi.com/markets/kxserieagame/serie-a-game,https://kalshi.com/markets/kxserieagame/serie-a-game/kxserieagame-26sep13compar,Parma Calcio wins,Parma Calcio,KXSERIEAGAME-26SEP13COMPAR,Como vs Parma Calcio,KXSERIEAGAME,Serie A Game,Sports,"[""Soccer""]",settled,binary,0,1,0.01,0.01,0.99,0.01,1,853871.33,197686.21,549605.09,0,2026-08-30T00:49:00Z,2026-09-14T18:32:49Z,2026-09-15T19:00:00Z,,no,Como,structured,,,,True,2026-09-15T17:18:57+00:00
kalshi,KXETH15M-26SEP141515-15,https://kalshi.com/markets/kxeth15m/eth-15m-price-up-down,https://kalshi.com/markets/kxeth15m/eth-15m-price-up-down/kxeth15m-26sep141515,ETH price up in next 15 mins?,"Target Price: $2,539.00",KXETH15M-26SEP141515,"ETH 15 min · $2,539.00 target",KXETH15M,ETH 15M price up down,Crypto,"[""ETH"", ""15 min"", ""15 Min Markets""]",settled,binary,0,1,0.999,0.999,0.001,0.999,1,197256.77,197256.77,59922.82,0,2026-09-14T19:00:00Z,2026-09-14T19:15:00Z,2026-09-21T19:15:00Z,,yes,2539.40,greater_or_equal,2539,,,True,2026-09-15T17:18:55+00:00
kalshi,KXMLBSPREAD-26SEP141940NYYMIN-NYY2,https://kalshi.com/markets/kxmlbspread/pro-baseball-spread,https://kalshi.com/markets/kxmlbspread/pro-baseball-spread/kxmlbspread-26sep141940nyymin,New York Y wins by over 1.5 runs?,New York Y wins by over 1.5 runs,KXMLBSPREAD-26SEP141940NYYMIN,New York Y vs Minnesota: Spread,KXMLBSPREAD,Pro Baseball Spread,Sports,"[""Baseball""]",settled,binary,0,1,0.99,0.99,0.01,0.99,1,213802.32,197104.53,149684.14,0,2026-09-13T20:00:00Z,2026-09-15T02:45:11Z,2026-09-17T23:40:00Z,,yes,5,greater,1.5,,,True,2026-09-15T17:18:37+00:00
kalshi,KXITFMATCH-26SEP14PERLEO-PER,https://kalshi.com/markets/kxitfmatch/itf-men-s-match,https://kalshi.com/markets/kxitfmatch/itf-men-s-match/kxitfmatch-26sep14perleo,Giulio Perego wins,Giulio Perego,KXITFMATCH-26SEP14PERLEO,Perego vs Leote Prata,KXITFMATCH,ITF Men's Match,Sports,"[""Tennis""]",settled,binary,0,1,0.01,0.01,0.99,0.01,1,229199.98,196853.68,142297.71,0,2026-09-14T14:21:00Z,2026-09-14T17:50:56Z,2026-09-28T16:00:00Z,,no,Vasco Leote Prata,structured,,,,True,2026-09-15T17:18:59+00:00
kalshi,KXITFWMATCH-26SEP14KURNUG-KUR,https://kalshi.com/markets/kxitfwmatch/itf-women-s-match,https://kalshi.com/markets/kxitfwmatch/itf-women-s-match/kxitfwmatch-26sep14kurnug,Miho Kuramochi wins,Miho Kuramochi,KXITFWMATCH-26SEP14KURNUG,Kuramochi vs Nugroho,KXITFWMATCH,ITF Women's Match,Sports,"[""Tennis""]",settled,binary,0,1,0.01,0.01,0.99,0.01,1,196611.02,196611.02,114428.52,0,2026-09-14T10:13:00Z,2026-09-15T03:51:44Z,2026-09-29T02:00:00Z,,no,Priska Madelyn Nugroho,structured,,,,True,2026-09-15T17:18:34+00:00
kalshi,KXARGPREMDIVGAME-26SEP14BANBAR-BAR,https://kalshi.com/markets/kxargpremdivgame/argentina-primera-division-game,https://kalshi.com/markets/kxargpremdivgame/argentina-primera-division-game/kxargpremdivgame-26sep14banbar,Barracas wins,Barracas,KXARGPREMDIVGAME-26SEP14BANBAR,Banfield vs Barracas,KXARGPREMDIVGAME,Argentina Primera Division Game,Sports,"[""Soccer""]",settled,binary,0,1,0.01,0.01,0.99,0.01,1,198563.74,196362.06,119309.7,0,2026-09-10T00:34:00Z,2026-09-15T00:02:37Z,2026-09-16T22:00:00Z,,no,Tie,structured,,,,True,2026-09-15T17:18:45+00:00
kalshi,KXNFLTD-26SEP14DENKC-DENTFRANKLIN11-1,https://kalshi.com/markets/kxnfltd/pro-football-touchdowns,https://kalshi.com/markets/kxnfltd/pro-football-touchdowns/kxnfltd-26sep14denkc,Troy Franklin: 1+ touchdowns,Troy Franklin: 1+,KXNFLTD-26SEP14DENKC,Denver vs Kansas City: Touchdowns,KXNFLTD,Pro Football Touchdowns,Sports,"[""Football""]",settled,binary,0,1,0.01,0.01,0.99,0.01,1,264294.34,196048.5,247179.11,0,2026-09-04T21:04:00Z,2026-09-15T03:51:25Z,2026-09-17T00:15:00Z,,no,anytime_td,greater,0.5,,,True,2026-09-15T17:18:34+00:00
kalshi,KXMLBSPREAD-26SEP142138SEALAA-LAA2,https://kalshi.com/markets/kxmlbspread/pro-baseball-spread,https://kalshi.com/markets/kxmlbspread/pro-baseball-spread/kxmlbspread-26sep142138sealaa,Los Angeles A wins by over 1.5 runs?,Los Angeles A wins by over 1.5 runs,KXMLBSPREAD-26SEP142138SEALAA,Seattle vs Los Angeles A: Spread,KXMLBSPREAD,Pro Baseball Spread,Sports,"[""Baseball""]",settled,binary,0,1,0.99,0.99,0.01,0.99,1,195851.76,195207.56,110524.36,0,2026-09-13T20:50:00Z,2026-09-15T04:10:09Z,2026-09-18T01:38:00Z,,yes,2,greater,1.5,,,True,2026-09-15T17:18:32+00:00
kalshi,KXGOLD15M-26SEP142045-45,https://kalshi.com/markets/kxgold15m/gold-15-minute,https://kalshi.com/markets/kxgold15m/gold-15-minute/kxgold15m-26sep142045,Gold price up in next 15 mins?,"Target Price: $4,288.30",KXGOLD15M-26SEP142045,"Gold 15 min · $4,288.30 target",KXGOLD15M,Gold 15-minute,Commodities,"[""Metals""]",settled,binary,0,1,0.999,0.999,0.001,0.999,1,194547.14,194547.14,66524.35,0,2026-09-15T00:30:00Z,2026-09-15T00:45:00Z,2026-09-22T00:45:00Z,,yes,4292.57,greater_or_equal,4288.3,,,True,2026-09-15T17:18:44+00:00
kalshi,KXGOLD15M-26SEP151015-15,https://kalshi.com/markets/kxgold15m/gold-15-minute,https://kalshi.com/markets/kxgold15m/gold-15-minute/kxgold15m-26sep151015,Gold price up in next 15 mins?,"Target Price: $4,294.83",KXGOLD15M-26SEP151015,"Gold 15 min · $4,294.83 target",KXGOLD15M,Gold 15-minute,Commodities,"[""Metals""]",settled,binary,0,1,0.001,0.001,0.999,0.001,1,193609.36,193609.36,47502.15,0,2026-09-15T14:00:00Z,2026-09-15T14:15:00Z,2026-09-22T14:15:00Z,,no,4293.73,greater_or_equal,4294.83,,,True,2026-09-15T17:18:19+00:00
kalshi,KXNFL1HSPREAD-26SEP14DENKC-KC3,https://kalshi.com/markets/kxnfl1hspread/pro-football-1st-half-spread,https://kalshi.com/markets/kxnfl1hspread/pro-football-1st-half-spread/kxnfl1hspread-26sep14denkc,KC Chiefs wins 1H by over 2.5 points?,KC Chiefs wins 1H by over 2.5 points,KXNFL1HSPREAD-26SEP14DENKC,DEN Broncos vs KC Chiefs: 1st Half Spread,KXNFL1HSPREAD,Pro Football 1st Half Spread,Sports,"[""Football""]",settled,binary,0,1,0.99,0.99,0.01,0.99,1,200713.65,193216.18,86570.39,0,2026-09-02T18:37:00Z,2026-09-15T02:00:05Z,2026-09-17T00:15:00Z,,yes,7,greater,2.5,,,True,2026-09-15T17:18:40+00:00
kalshi,KXLIGAPORTUGALGAME-26SEP14RAVESA-TIE,https://kalshi.com/markets/kxligaportugalgame/liga-portugal-game,https://kalshi.com/markets/kxligaportugalgame/liga-portugal-game/kxligaportugalgame-26sep14ravesa,Tie is the result,Tie,KXLIGAPORTUGALGAME-26SEP14RAVESA,Rio Ave vs Estrela Amadora,KXLIGAPORTUGALGAME,Liga Portugal Game,Sports,"[""Soccer""]",settled,binary,0,1,0.99,0.99,0.01,0.99,1,193362.93,192960.56,83057.64,0,2026-09-07T00:36:00Z,2026-09-14T20:03:22Z,2026-09-16T23:45:00Z,,yes,Tie,structured,,,,True,2026-09-15T17:18:52+00:00
kalshi,KXNFLTD-26SEP14DENKC-KCTKELCE87-2,https://kalshi.com/markets/kxnfltd/pro-football-touchdowns,https://kalshi.com/markets/kxnfltd/pro-football-touchdowns/kxnfltd-26sep14denkc,Travis Kelce: 2+ touchdowns,Travis Kelce: 2+,KXNFLTD-26SEP14DENKC,Denver vs Kansas City: Touchdowns,KXNFLTD,Pro Football Touchdowns,Sports,"[""Football""]",settled,binary,0,1,0.01,0.01,0.99,0.01,1,240582.72,190952.45,228677.14,0,2026-09-04T21:04:00Z,2026-09-15T03:51:24Z,2026-09-17T00:15:00Z,,no,anytime_td,greater,1.5,,,True,2026-09-15T17:18:34+00:00
kalshi,KXBTCD-26SEP1502-T77699.99,https://kalshi.com/markets/kxbtcd/bitcoin-price-above-below,https://kalshi.com/markets/kxbtcd/bitcoin-price-above-below/kxbtcd-26sep1502,"Bitcoin price on Sep 15, 2026?","$77,700 or above",KXBTCD-26SEP1502,"BTC price on Sep 15, 2026 at 2am EDT?",KXBTCD,Bitcoin price Above/below,Crypto,"[""Hourly"", ""BTC""]",settled,binary,0,1,0.01,0.01,0.99,0.01,1,190918.47,190918.47,94838.64,0,2026-09-15T05:00:00Z,2026-09-15T06:00:00Z,2026-09-22T06:00:00Z,,no,77619.00,greater,77699.99,,BRTI,True,2026-09-15T17:18:29+00:00
kalshi,KXBTCD-26SEP1419-T78799.99,https://kalshi.com/markets/kxbtcd/bitcoin-price-above-below,https://kalshi.com/markets/kxbtcd/bitcoin-price-above-below/kxbtcd-26sep1419,"Bitcoin price on Sep 14, 2026?","$78,800 or above",KXBTCD-26SEP1419,"BTC price on Sep 14, 2026 at 7pm EDT?",KXBTCD,Bitcoin price Above/below,Crypto,"[""Hourly"", ""BTC""]",settled,binary,0,1,0.01,0.01,0.99,0.01,1,190727.47,190727.47,73269.55,0,2026-09-14T22:00:00Z,2026-09-14T23:00:00Z,2026-09-21T23:00:00Z,,no,78548.70,greater,78799.99,,BRTI,True,2026-09-15T17:18:47+00:00
kalshi,KXGOLD15M-26SEP141500-00,https://kalshi.com/markets/kxgold15m/gold-15-minute,https://kalshi.com/markets/kxgold15m/gold-15-minute/kxgold15m-26sep141500,Gold price up in next 15 mins?,"Target Price: $4,309.66",KXGOLD15M-26SEP141500,"Gold 15 min · $4,309.66 target",KXGOLD15M,Gold 15-minute,Commodities,"[""Metals""]",settled,binary,0,1,0.001,0.001,0.999,0.001,1,190698.24,190698.24,77974.17,0,2026-09-14T18:45:00Z,2026-09-14T19:00:00Z,2026-09-21T19:00:00Z,,no,4307.73,greater_or_equal,4309.66,,,True,2026-09-15T17:18:55+00:00
kalshi,KXMLBTOTAL-26SEP142040SDCOL-15,https://kalshi.com/markets/kxmlbtotal/pro-baseball-total-points,https://kalshi.com/markets/kxmlbtotal/pro-baseball-total-points/kxmlbtotal-26sep142040sdcol,Over 14.5 runs scored,Over 14.5 runs scored,KXMLBTOTAL-26SEP142040SDCOL,San Diego vs Colorado: Total Runs,KXMLBTOTAL,Pro Baseball Total Points,Sports,"[""Baseball""]",settled,binary,0,1,0.99,0.99,0.01,0.99,1,196372.65,190302.57,109112.65,0,2026-09-13T20:00:00Z,2026-09-15T03:29:37Z,2026-09-18T00:40:00Z,,yes,15,greater,14.5,,,True,2026-09-15T17:18:35+00:00
kalshi,KXBTCD-26SEP1511-T76299.99,https://kalshi.com/markets/kxbtcd/bitcoin-price-above-below,https://kalshi.com/markets/kxbtcd/bitcoin-price-above-below/kxbtcd-26sep1511,"Bitcoin price on Sep 15, 2026?","$76,300 or above",KXBTCD-26SEP1511,"BTC price on Sep 15, 2026 at 11am EDT?",KXBTCD,Bitcoin price Above/below,Crypto,"[""Hourly"", ""BTC""]",settled,binary,0,1,0.01,0.01,0.99,0.01,1,189991.11,189991.11,51104.65,0,2026-09-15T14:00:00Z,2026-09-15T15:00:00Z,2026-09-22T15:00:00Z,,no,75894.71,greater,76299.99,,BRTI,True,2026-09-15T17:18:18+00:00
kalshi,KXNFLPASSTDS-26SEP14DENKC-KCPMAHOMES15-2,https://kalshi.com/markets/kxnflpasstds/pro-football-player-passing-touchdowns,https://kalshi.com/markets/kxnflpasstds/pro-football-player-passing-touchdowns/kxnflpasstds-26sep14denkc,Patrick Mahomes: 2+ passing touchdowns,Patrick Mahomes: 2+,KXNFLPASSTDS-26SEP14DENKC,Denver vs Kansas City: Passing Touchdowns,KXNFLPASSTDS,Pro Football player Passing Touchdowns,Sports,"[""Football""]",settled,binary,0,1,0.99,0.99,0.01,0.99,1,199681.45,189939.54,142247.93,0,2026-09-10T23:29:00Z,2026-09-15T02:45:28Z,2026-09-17T00:15:00Z,,yes,passing_touchdowns,greater,1.5,,,True,2026-09-15T17:18:37+00:00
kalshi,KXBTCD-26SEP1423-T77999.99,https://kalshi.com/markets/kxbtcd/bitcoin-price-above-below,https://kalshi.com/markets/kxbtcd/bitcoin-price-above-below/kxbtcd-26sep1423,"Bitcoin price on Sep 14, 2026?","$78,000 or above",KXBTCD-26SEP1423,"BTC price on Sep 14, 2026 at 11pm EDT?",KXBTCD,Bitcoin price Above/below,Crypto,"[""Hourly"", ""BTC""]",settled,binary,0,1,0.01,0.01,0.99,0.01,1,189545.12,189545.12,55078.75,0,2026-09-15T02:00:00Z,2026-09-15T03:00:00Z,2026-09-22T03:00:00Z,,no,77892.00,greater,77999.99,,BRTI,True,2026-09-15T17:18:37+00:00
kalshi,KXSUPERLIGGAME-26SEP14GAZFEN-TIE,https://kalshi.com/markets/kxsuperliggame/turkish-super-lig-game,https://kalshi.com/markets/kxsuperliggame/turkish-super-lig-game/kxsuperliggame-26sep14gazfen,Tie is the result,Tie,KXSUPERLIGGAME-26SEP14GAZFEN,Gaziantep vs Fenerbahce,KXSUPERLIGGAME,Turkish Super Lig Game,Sports,"[""Soccer""]",settled,binary,0,1,0.99,0.99,0.01,0.99,1,191734.81,189375.34,125321.97,0,2026-09-10T00:37:00Z,2026-09-14T19:03:27Z,2026-09-16T17:00:00Z,,yes,Tie,structured,,,,True,2026-09-15T17:18:55+00:00
kalshi,KXT20MATCH-26SEP150530DUBAMS-DUB,https://kalshi.com/markets/kxt20match/men-s-t20-cricket-match,https://kalshi.com/markets/kxt20match/men-s-t20-cricket-match/kxt20match-26sep150530dubams,Dublin Guardians wins,Dublin Guardians,KXT20MATCH-26SEP150530DUBAMS,Amsterdam Flames vs Dublin Guardians,KXT20MATCH,Men's T20 Cricket Match,Sports,"[""Cricket""]",settled,binary,0,1,0.01,0.01,0.99,0.01,1,190448.46,188655.41,117940.61,0,2026-09-08T00:10:00Z,2026-09-15T13:30:39Z,2026-09-17T13:30:00Z,,no,Amsterdam Flames,structured,,,,True,2026-09-15T17:18:19+00:00
kalshi,KXMLBTOTAL-26SEP142140MIAAZ-15,https://kalshi.com/markets/kxmlbtotal/pro-baseball-total-points,https://kalshi.com/markets/kxmlbtotal/pro-baseball-total-points/kxmlbtotal-26sep142140miaaz,Over 14.5 runs scored,Over 14.5 runs scored,KXMLBTOTAL-26SEP142140MIAAZ,Miami vs Arizona: Total Runs,KXMLBTOTAL,Pro Baseball Total Points,Sports,"[""Baseball""]",settled,binary,0,1,0.99,0.99,0.01,0.99,1,187427.05,187427.05,102135.54,0,2026-09-15T02:41:41Z,2026-09-15T04:49:32Z,2026-09-18T01:40:00Z,,yes,15,greater,14.5,,,True,2026-09-15T17:18:32+00:00
kalshi,KXSERIEATOTAL-26SEP14INTUDI-5,https://kalshi.com/markets/kxserieatotal/serie-a-total,https://kalshi.com/markets/kxserieatotal/serie-a-total/kxserieatotal-26sep14intudi,Will over 4.5 goals be scored?,Over 4.5 goals scored,KXSERIEATOTAL-26SEP14INTUDI,Inter vs Udinese: Total Goals,KXSERIEATOTAL,Serie A Total,Sports,"[""Soccer""]",settled,binary,0,1,0.99,0.99,0.01,0.99,1,189386.31,187236.66,111973.65,0,2026-09-07T19:07:00Z,2026-09-14T20:20:10Z,2026-09-17T00:45:00Z,,yes,6,greater,4.5,,,True,2026-09-15T17:18:52+00:00
kalshi,KXLIGAMXTOTAL-26SEP14LEOASL-3,https://kalshi.com/markets/kxligamxtotal/liga-mx-total,https://kalshi.com/markets/kxligamxtotal/liga-mx-total/kxligamxtotal-26sep14leoasl,Will over 2.5 goals be scored?,Over 2.5 goals scored,KXLIGAMXTOTAL-26SEP14LEOASL,Leon vs San Luis: Total Goals,KXLIGAMXTOTAL,Liga MX Total,Sports,"[""Soccer""]",settled,binary,0,1,0.01,0.01,0.99,0.01,1,189390.07,187031.88,85042.65,0,2026-09-08T06:06:00Z,2026-09-15T03:00:00Z,2026-09-17T01:00:00Z,,no,2,greater,2.5,,,True,2026-09-15T17:18:36+00:00
kalshi,KXXRP15M-26SEP141530-30,https://kalshi.com/markets/kxxrp15m/xrp-15-minute,https://kalshi.com/markets/kxxrp15m/xrp-15-minute/kxxrp15m-26sep141530,XRP price up in next 15 mins?,Target Price: $1.4629,KXXRP15M-26SEP141530,XRP 15 min · $1.4629 target,KXXRP15M,XRP 15 Minute,Crypto,"[""15 min"", ""XRP"", ""15 Min Markets""]",settled,binary,0,1,0.999,0.999,0.001,0.999,1,186581.91,186581.91,68995.28,0,2026-09-14T19:15:00Z,2026-09-14T19:30:00Z,2026-09-21T19:30:00Z,,yes,1.4636,greater_or_equal,1.4629,,,True,2026-09-15T17:18:54+00:00
kalshi,KXNFLREC-26SEP14DENKC-KCKWALKER9-4,https://kalshi.com/markets/kxnflrec/pro-football-player-receptions,https://kalshi.com/markets/kxnflrec/pro-football-player-receptions/kxnflrec-26sep14denkc,Kenneth Walker III: 4+ receptions,Kenneth Walker III: 4+,KXNFLREC-26SEP14DENKC,Denver vs Kansas City: Receptions,KXNFLREC,Pro Football Player Receptions,Sports,"[""Football""]",settled,binary,0,1,0.01,0.01,0.99,0.01,1,197513.83,186252.46,185346.56,0,2026-09-04T21:04:00Z,2026-09-15T03:21:21Z,2026-09-17T00:15:00Z,,no,receptions,greater,3.5,,,True,2026-09-15T17:18:35+00:00
kalshi,KXLOLGAME-26SEP150400KTCT1A-T1A,https://kalshi.com/markets/kxlolgame/league-of-legends-game,https://kalshi.com/markets/kxlolgame/league-of-legends-game/kxlolgame-26sep150400ktct1a,T1 Academy wins,T1 Academy,KXLOLGAME-26SEP150400KTCT1A,KT Rolster Challengers vs. T1 Academy,KXLOLGAME,League of Legends Game,Sports,"[""Esports""]",settled,binary,0,1,0.99,0.99,0.01,0.99,1,186250.98,186202.36,143064.28,0,2026-09-14T13:46:00Z,2026-09-15T10:19:39Z,2026-09-17T08:00:00Z,,yes,T1 Academy,structured,,,,True,2026-09-15T17:18:22+00:00
kalshi,KXAFCCLGAME-26SEP15DAJKYO-DAJ,https://kalshi.com/markets/kxafcclgame/afc-champions-league-game,https://kalshi.com/markets/kxafcclgame/afc-champions-league-game/kxafcclgame-26sep15dajkyo,Daejeon Citizen wins,Daejeon Citizen,KXAFCCLGAME-26SEP15DAJKYO,Daejeon Citizen vs Kyoto Sanga,KXAFCCLGAME,AFC Champions League Game,Sports,"[""Soccer""]",settled,binary,0,1,0.99,0.99,0.01,0.99,1,185927.71,185927.65,89495.27,0,2026-09-01T00:34:00Z,2026-09-15T12:02:23Z,2026-09-17T16:00:00Z,,yes,Daejeon Citizen,structured,,,,True,2026-09-15T17:18:20+00:00
kalshi,KXWTADOUBLES-26SEP14ARAUDVCAVSAL-CAVSAL,https://kalshi.com/markets/kxwtadoubles/wta-doubles-tennis-match,https://kalshi.com/markets/kxwtadoubles/wta-doubles-tennis-match/kxwtadoubles-26sep14araudvcavsal,Yvonne Cavalle-Reimers / Lara Salden wins,Yvonne Cavalle-Reimers / Lara Salden,KXWTADOUBLES-26SEP14ARAUDVCAVSAL,Arango / Udvardy vs Cavalle-Reimers / Salden,KXWTADOUBLES,WTA Doubles Tennis Match,Sports,"[""Tennis""]",settled,binary,0,1,0.99,0.99,0.01,0.99,1,186649.53,185825.01,103291.48,0,2026-09-13T16:05:00Z,2026-09-14T21:21:55Z,2026-09-28T16:00:00Z,,yes,Yvonne Cavalle-Reimers / Lara Salden,structured,,,,True,2026-09-15T17:18:50+00:00
kalshi,KXGOLD15M-26SEP141615-15,https://kalshi.com/markets/kxgold15m/gold-15-minute,https://kalshi.com/markets/kxgold15m/gold-15-minute/kxgold15m-26sep141615,Gold price up in next 15 mins?,"Target Price: $4,284.08",KXGOLD15M-26SEP141615,"Gold 15 min · $4,284.08 target",KXGOLD15M,Gold 15-minute,Commodities,"[""Metals""]",settled,binary,0,1,0.999,0.999,0.001,0.999,1,185687.39,185687.39,68373.83,0,2026-09-14T20:00:00Z,2026-09-14T20:15:00Z,2026-09-21T20:15:00Z,,yes,4287.88,greater_or_equal,4284.08,,,True,2026-09-15T17:18:52+00:00
kalshi,KXWTI15M-26SEP141430-30,https://kalshi.com/markets/kxwti15m/wti-15-minute,https://kalshi.com/markets/kxwti15m/wti-15-minute/kxwti15m-26sep141430,WTI Oil price up in next 15 mins?,Target Price: $97.84,KXWTI15M-26SEP141430,WTI Oil 15 min · $97.84 target,KXWTI15M,WTI 15-minute,Commodities,"[""Oil & Gas""]",settled,binary,0,1,0.005,0.005,0.995,0.005,1,185613.23,185613.23,33457.6,0,2026-09-14T18:15:00Z,2026-09-14T18:30:00Z,2026-09-21T18:30:00Z,,no,97.75,greater_or_equal,97.84,,,True,2026-09-15T17:18:57+00:00
kalshi,KXNFL2H-26SEP14DENKC-KC,https://kalshi.com/markets/kxnfl2h/pro-football-2nd-half,https://kalshi.com/markets/kxnfl2h/pro-football-2nd-half/kxnfl2h-26sep14denkc,Will Kansas City win the 2nd Half?,Kansas City wins 2nd Half,KXNFL2H-26SEP14DENKC,DEN Broncos vs KC Chiefs: 2nd Half Winner,KXNFL2H,Pro Football 2nd Half,Sports,"[""Football""]",settled,binary,0,1,0.99,0.99,0.01,0.99,1,185544.89,184804.43,113603.15,0,2026-09-02T18:37:00Z,2026-09-15T03:19:47Z,2026-09-17T00:15:00Z,,yes,KC Chiefs wins 2nd Half,structured,,,,True,2026-09-15T17:18:35+00:00
kalshi,KXGOLD15M-26SEP150930-30,https://kalshi.com/markets/kxgold15m/gold-15-minute,https://kalshi.com/markets/kxgold15m/gold-15-minute/kxgold15m-26sep150930,Gold price up in next 15 mins?,"Target Price: $4,286.94",KXGOLD15M-26SEP150930,"Gold 15 min · $4,286.94 target",KXGOLD15M,Gold 15-minute,Commodities,"[""Metals""]",settled,binary,0,1,0.999,0.999,0.001,0.999,1,184102.74,184102.74,62617.84,0,2026-09-15T13:15:00Z,2026-09-15T13:30:00Z,2026-09-22T13:30:00Z,,yes,4287.41,greater_or_equal,4286.94,,,True,2026-09-15T17:18:19+00:00
kalshi,KXGOLD15M-26SEP151115-15,https://kalshi.com/markets/kxgold15m/gold-15-minute,https://kalshi.com/markets/kxgold15m/gold-15-minute/kxgold15m-26sep151115,Gold price up in next 15 mins?,"Target Price: $4,277.95",KXGOLD15M-26SEP151115,"Gold 15 min · $4,277.95 target",KXGOLD15M,Gold 15-minute,Commodities,"[""Metals""]",settled,binary,0,1,0.999,0.999,0.001,0.999,1,183787.56,183787.56,71674.11,0,2026-09-15T15:00:00Z,2026-09-15T15:15:00Z,2026-09-22T15:15:00Z,,yes,4285.46,greater_or_equal,4277.95,,,True,2026-09-15T17:18:18+00:00
kalshi,KXITFWMATCH-26SEP14HANNAG-NAG,https://kalshi.com/markets/kxitfwmatch/itf-women-s-match,https://kalshi.com/markets/kxitfwmatch/itf-women-s-match/kxitfwmatch-26sep14hannag,Anri Nagata wins,Anri Nagata,KXITFWMATCH-26SEP14HANNAG,Hanatani vs Nagata,KXITFWMATCH,ITF Women's Match,Sports,"[""Tennis""]",settled,binary,0,1,0.01,0.01,0.99,0.01,1,183430.92,183414.92,78688.08,0,2026-09-14T09:13:00Z,2026-09-15T02:36:54Z,2026-09-29T01:00:00Z,,no,Nagi Hanatani,structured,,,,True,2026-09-15T17:18:38+00:00
kalshi,KXAFCCLGAME-26SEP14SHMITJ-TIE,https://kalshi.com/markets/kxafcclgame/afc-champions-league-game,https://kalshi.com/markets/kxafcclgame/afc-champions-league-game/kxafcclgame-26sep14shmitj,Tie is the result,Tie,KXAFCCLGAME-26SEP14SHMITJ,Al-Shamal vs Al-Ittihad,KXAFCCLGAME,AFC Champions League Game,Sports,"[""Soccer""]",settled,binary,0,1,0.99,0.99,0.01,0.99,1,222265.23,183305.01,80271.97,0,2026-08-31T00:34:00Z,2026-09-14T18:03:51Z,2026-09-16T22:00:00Z,,yes,Tie,structured,,,,True,2026-09-15T17:18:57+00:00
kalshi,KXAFCCLGAME-26SEP14SHMITJ-SHM,https://kalshi.com/markets/kxafcclgame/afc-champions-league-game,https://kalshi.com/markets/kxafcclgame/afc-champions-league-game/kxafcclgame-26sep14shmitj,Al-Shamal wins,Al-Shamal,KXAFCCLGAME-26SEP14SHMITJ,Al-Shamal vs Al-Ittihad,KXAFCCLGAME,AFC Champions League Game,Sports,"[""Soccer""]",settled,binary,0,1,0.01,0.01,0.99,0.01,1,228485.97,183018.87,103603.12,0,2026-08-31T00:34:00Z,2026-09-14T18:03:51Z,2026-09-16T22:00:00Z,,no,Tie,structured,,,,True,2026-09-15T17:18:57+00:00
kalshi,KXETH15M-26SEP141445-45,https://kalshi.com/markets/kxeth15m/eth-15m-price-up-down,https://kalshi.com/markets/kxeth15m/eth-15m-price-up-down/kxeth15m-26sep141445,ETH price up in next 15 mins?,"Target Price: $2,539.32",KXETH15M-26SEP141445,"ETH 15 min · $2,539.32 target",KXETH15M,ETH 15M price up down,Crypto,"[""ETH"", ""15 min"", ""15 Min Markets""]",settled,binary,0,1,0.999,0.999,0.001,0.999,1,182459.26,182459.26,66481.48,0,2026-09-14T18:30:00Z,2026-09-14T18:45:00Z,2026-09-21T18:45:00Z,,yes,2540.43,greater_or_equal,2539.32,,,True,2026-09-15T17:18:57+00:00
kalshi,KXAFCCLGAME-26SEP15BJGPOH-BJG,https://kalshi.com/markets/kxafcclgame/afc-champions-league-game,https://kalshi.com/markets/kxafcclgame/afc-champions-league-game/kxafcclgame-26sep15bjgpoh,Beijing Guoan wins,Beijing Guoan,KXAFCCLGAME-26SEP15BJGPOH,Beijing Guoan vs Pohang Steelers,KXAFCCLGAME,AFC Champions League Game,Sports,"[""Soccer""]",settled,binary,0,1,0.99,0.99,0.01,0.99,1,192261.92,182276.29,117804.39,0,2026-09-01T00:34:00Z,2026-09-15T14:32:34Z,2026-09-17T18:15:00Z,,yes,Beijing Guoan,structured,,,,True,2026-09-15T17:18:18+00:00
kalshi,KXNFLTOTAL-26SEP14DENKC-40,https://kalshi.com/markets/kxnfltotal/pro-football-total-points,https://kalshi.com/markets/kxnfltotal/pro-football-total-points/kxnfltotal-26sep14denkc,Will there be over 39.5 points scored?,Over 39.5 points scored,KXNFLTOTAL-26SEP14DENKC,Denver vs Kansas City: Total Points,KXNFLTOTAL,Pro Football Total Points,Sports,"[""Football""]",settled,binary,0,1,0.99,0.99,0.01,0.99,1,192567.17,181800.03,116026.62,0,2026-08-03T23:13:00Z,2026-09-15T02:46:35Z,2026-09-17T00:15:00Z,,yes,41,greater,39.5,,,True,2026-09-15T17:18:37+00:00
kalshi,KXITFWMATCH-26SEP15ENCGLU-GLU,https://kalshi.com/markets/kxitfwmatch/itf-women-s-match,https://kalshi.com/markets/kxitfwmatch/itf-women-s-match/kxitfwmatch-26sep15encglu,Denislava Glushkova wins,Denislava Glushkova,KXITFWMATCH-26SEP15ENCGLU,Encheva vs Glushkova,KXITFWMATCH,ITF Women's Match,Sports,"[""Tennis""]",settled,binary,0,1,0.01,0.01,0.99,0.01,1,181313.58,181313.58,95843.74,0,2026-09-14T17:12:00Z,2026-09-15T16:10:37Z,2026-09-29T09:00:00Z,,no,Lidia Encheva,structured,,,,True,2026-09-15T17:18:17+00:00
kalshi,KXWTACHALLENGERMATCH-26SEP15TUBWOL-TUB,https://kalshi.com/markets/kxwtachallengermatch/challenger-wta,https://kalshi.com/markets/kxwtachallengermatch/challenger-wta/kxwtachallengermatch-26sep15tubwol,Alice Tubello wins,Alice Tubello,KXWTACHALLENGERMATCH-26SEP15TUBWOL,Tubello vs Wolff,KXWTACHALLENGERMATCH,Challenger WTA,Sports,"[""Tennis""]",settled,binary,0,1,0.99,0.99,0.01,0.99,1,180613.3,180613.3,116330.92,0,2026-09-14T22:30:00Z,2026-09-15T14:10:31Z,2026-09-29T10:20:00Z,,yes,Alice Tubello,structured,,,,True,2026-09-15T17:18:19+00:00
kalshi,KXSUPERLIGGAME-26SEP14GAZFEN-GAZ,https://kalshi.com/markets/kxsuperliggame/turkish-super-lig-game,https://kalshi.com/markets/kxsuperliggame/turkish-super-lig-game/kxsuperliggame-26sep14gazfen,Gaziantep wins,Gaziantep,KXSUPERLIGGAME-26SEP14GAZFEN,Gaziantep vs Fenerbahce,KXSUPERLIGGAME,Turkish Super Lig Game,Sports,"[""Soccer""]",settled,binary,0,1,0.01,0.01,0.99,0.01,1,189213.19,179682.59,110718.74,0,2026-09-10T00:37:00Z,2026-09-14T19:03:27Z,2026-09-16T17:00:00Z,,no,Tie,structured,,,,True,2026-09-15T17:18:55+00:00
kalshi,KXWTADOUBLES-26SEP14GUANINHAVRAD-GUANIN,https://kalshi.com/markets/kxwtadoubles/wta-doubles-tennis-match,https://kalshi.com/markets/kxwtadoubles/wta-doubles-tennis-match/kxwtadoubles-26sep14guaninhavrad,Alexa Guarachi / Makoto Ninomiya wins,Alexa Guarachi / Makoto Ninomiya,KXWTADOUBLES-26SEP14GUANINHAVRAD,Guarachi / Ninomiya vs Haverlag / Radisic,KXWTADOUBLES,WTA Doubles Tennis Match,Sports,"[""Tennis""]",settled,binary,0,1,0.99,0.99,0.01,0.99,1,178933.18,178928.18,66630.04,0,2026-09-13T16:05:00Z,2026-09-14T19:50:11Z,2026-09-28T16:00:00Z,,yes,Alexa Guarachi / Makoto Ninomiya,structured,,,,True,2026-09-15T17:18:54+00:00
kalshi,KXETH15M-26SEP150215-15,https://kalshi.com/markets/kxeth15m/eth-15m-price-up-down,https://kalshi.com/markets/kxeth15m/eth-15m-price-up-down/kxeth15m-26sep150215,ETH price up in next 15 mins?,"Target Price: $2,496.20",KXETH15M-26SEP150215,"ETH 15 min · $2,496.20 target",KXETH15M,ETH 15M price up down,Crypto,"[""ETH"", ""15 min"", ""15 Min Markets""]",settled,binary,0,1,0.999,0.999,0.001,0.999,1,178015.54,178015.54,44725.46,0,2026-09-15T06:00:00Z,2026-09-15T06:15:00Z,2026-09-22T06:15:00Z,,yes,2496.25,greater_or_equal,2496.2,,,True,2026-09-15T17:18:28+00:00
kalshi,KXETH15M-26SEP150030-30,https://kalshi.com/markets/kxeth15m/eth-15m-price-up-down,https://kalshi.com/markets/kxeth15m/eth-15m-price-up-down/kxeth15m-26sep150030,ETH price up in next 15 mins?,"Target Price: $2,498.50",KXETH15M-26SEP150030,"ETH 15 min · $2,498.50 target",KXETH15M,ETH 15M price up down,Crypto,"[""ETH"", ""15 min"", ""15 Min Markets""]",settled,binary,0,1,0.001,0.001,0.999,0.001,1,177646.13,177646.13,104710.22,0,2026-09-15T04:15:00Z,2026-09-15T04:30:00Z,2026-09-22T04:30:00Z,,no,2493.95,greater_or_equal,2498.5,,,True,2026-09-15T17:18:32+00:00
kalshi,KXEGYPLGAME-26SEP15ASYMOD-MOD,https://kalshi.com/markets/kxegyplgame/egyptian-premier-league-game,https://kalshi.com/markets/kxegyplgame/egyptian-premier-league-game/kxegyplgame-26sep15asymod,Modern wins,Modern,KXEGYPLGAME-26SEP15ASYMOD,Asyut Petroleum vs Modern,KXEGYPLGAME,Egyptian Premier League Game,Sports,"[""Soccer""]",settled,binary,0,1,0.99,0.99,0.01,0.99,1,177566.82,177510.38,102105.81,0,2026-09-11T00:35:00Z,2026-09-15T16:32:54Z,2026-09-17T14:00:00Z,,yes,Modern,structured,,,,True,2026-09-15T17:18:17+00:00
kalshi,KXGOLD15M-26SEP141430-30,https://kalshi.com/markets/kxgold15m/gold-15-minute,https://kalshi.com/markets/kxgold15m/gold-15-minute/kxgold15m-26sep141430,Gold price up in next 15 mins?,"Target Price: $4,312.87",KXGOLD15M-26SEP141430,"Gold 15 min · $4,312.87 target",KXGOLD15M,Gold 15-minute,Commodities,"[""Metals""]",settled,binary,0,1,0.001,0.001,0.999,0.001,1,177479.35,177479.35,107639.59,0,2026-09-14T18:15:00Z,2026-09-14T18:30:00Z,2026-09-21T18:30:00Z,,no,4309.43,greater_or_equal,4312.87,,,True,2026-09-15T17:18:57+00:00
kalshi,KXWTASETWINNER-26SEP13MARTOW-1-TOW,https://kalshi.com/markets/kxwtasetwinner/wta-set-winner,https://kalshi.com/markets/kxwtasetwinner/wta-set-winner/kxwtasetwinner-26sep13martow-1,Will Taylor Townsend win set 1 in the Tatjana Maria vs Taylor Townsend match,Taylor Townsend,KXWTASETWINNER-26SEP13MARTOW-1,Tatjana Maria vs Taylor Townsend: Set 1 Winner,KXWTASETWINNER,WTA Set Winner,Sports,"[""Tennis""]",settled,binary,0,1,0.01,0.01,0.99,0.01,1,180243.35,177381.39,102798.8,0,2026-09-12T16:20:00Z,2026-09-14T22:11:03Z,2026-09-27T16:00:00Z,,no,"Maria, Tatjana",structured,,,,True,2026-09-15T17:18:48+00:00
kalshi,KXBTCD-26SEP1510-T76199.99,https://kalshi.com/markets/kxbtcd/bitcoin-price-above-below,https://kalshi.com/markets/kxbtcd/bitcoin-price-above-below/kxbtcd-26sep1510,"Bitcoin price on Sep 15, 2026?","$76,200 or above",KXBTCD-26SEP1510,"BTC price on Sep 15, 2026 at 10am EDT?",KXBTCD,Bitcoin price Above/below,Crypto,"[""Hourly"", ""BTC""]",settled,binary,0,1,0.99,0.99,0.01,0.99,1,176099.92,176099.92,44828.34,0,2026-09-15T13:00:00Z,2026-09-15T14:00:00Z,2026-09-22T14:00:00Z,,yes,76500.68,greater,76199.99,,BRTI,True,2026-09-15T17:18:19+00:00
kalshi,KXATPCHALLENGERMATCH-26SEP15DERSIM-SIM,https://kalshi.com/markets/kxatpchallengermatch/challenger-atp,https://kalshi.com/markets/kxatpchallengermatch/challenger-atp/kxatpchallengermatch-26sep15dersim,Ilia Simakin wins,Ilia Simakin,KXATPCHALLENGERMATCH-26SEP15DERSIM,Derepasko vs Simakin,KXATPCHALLENGERMATCH,Challenger ATP ,Sports,"[""Tennis""]",settled,binary,0,1,0.99,0.99,0.01,0.99,1,175916.04,175916.04,135596.79,0,2026-09-14T17:31:00Z,2026-09-15T07:50:43Z,2026-09-29T05:20:00Z,,yes,Ilia Simakin,structured,,,,True,2026-09-15T17:18:26+00:00
kalshi,KXLIGAPORTUGALGAME-26SEP14RAVESA-ESA,https://kalshi.com/markets/kxligaportugalgame/liga-portugal-game,https://kalshi.com/markets/kxligaportugalgame/liga-portugal-game/kxligaportugalgame-26sep14ravesa,Estrela Amadora wins,Estrela Amadora,KXLIGAPORTUGALGAME-26SEP14RAVESA,Rio Ave vs Estrela Amadora,KXLIGAPORTUGALGAME,Liga Portugal Game,Sports,"[""Soccer""]",settled,binary,0,1,0.01,0.01,0.99,0.01,1,176961.55,175136.16,50880.5,0,2026-09-07T00:36:00Z,2026-09-14T20:03:22Z,2026-09-16T23:45:00Z,,no,Tie,structured,,,,True,2026-09-15T17:18:52+00:00
kalshi,KXBTCD-26SEP1505-T76799.99,https://kalshi.com/markets/kxbtcd/bitcoin-price-above-below,https://kalshi.com/markets/kxbtcd/bitcoin-price-above-below/kxbtcd-26sep1505,"Bitcoin price on Sep 15, 2026?","$76,800 or above",KXBTCD-26SEP1505,"BTC price on Sep 15, 2026 at 5am EDT?",KXBTCD,Bitcoin price Above/below,Crypto,"[""Hourly"", ""BTC""]",settled,binary,0,1,0.99,0.99,0.01,0.99,1,174805.07,174805.07,39387.39,0,2026-09-15T08:00:00Z,2026-09-15T09:00:00Z,2026-09-22T09:00:00Z,,yes,76952.10,greater,76799.99,,BRTI,True,2026-09-15T17:18:24+00:00
kalshi,KXSERIEATOTAL-26SEP14COMPAR-3,https://kalshi.com/markets/kxserieatotal/serie-a-total,https://kalshi.com/markets/kxserieatotal/serie-a-total/kxserieatotal-26sep14compar,Will over 2.5 goals be scored?,Over 2.5 goals scored,KXSERIEATOTAL-26SEP14COMPAR,Como vs Parma Calcio: Total Goals,KXSERIEATOTAL,Serie A Total,Sports,"[""Soccer""]",settled,binary,0,1,0.99,0.99,0.01,0.99,1,257478.81,174378.04,101313.26,0,2026-09-07T17:06:00Z,2026-09-14T18:35:06Z,2026-09-16T22:30:00Z,,yes,3,greater,2.5,,,True,2026-09-15T17:18:57+00:00
kalshi,KXETH15M-26SEP141630-30,https://kalshi.com/markets/kxeth15m/eth-15m-price-up-down,https://kalshi.com/markets/kxeth15m/eth-15m-price-up-down/kxeth15m-26sep141630,ETH price up in next 15 mins?,"Target Price: $2,563.42",KXETH15M-26SEP141630,"ETH 15 min · $2,563.42 target",KXETH15M,ETH 15M price up down,Crypto,"[""ETH"", ""15 min"", ""15 Min Markets""]",settled,binary,0,1,0.999,0.999,0.001,0.999,1,174210.5,174210.5,114280.34,0,2026-09-14T20:15:00Z,2026-09-14T20:30:00Z,2026-09-21T20:30:00Z,,yes,2599.91,greater_or_equal,2563.42,,,True,2026-09-15T17:18:52+00:00
kalshi,KXBTCD-26SEP1502-T77299.99,https://kalshi.com/markets/kxbtcd/bitcoin-price-above-below,https://kalshi.com/markets/kxbtcd/bitcoin-price-above-below/kxbtcd-26sep1502,"Bitcoin price on Sep 15, 2026?","$77,300 or above",KXBTCD-26SEP1502,"BTC price on Sep 15, 2026 at 2am EDT?",KXBTCD,Bitcoin price Above/below,Crypto,"[""Hourly"", ""BTC""]",settled,binary,0,1,0.99,0.99,0.01,0.99,1,174181.91,174181.91,45035.5,0,2026-09-15T05:00:00Z,2026-09-15T06:00:00Z,2026-09-22T06:00:00Z,,yes,77619.00,greater,77299.99,,BRTI,True,2026-09-15T17:18:29+00:00
kalshi,KXGOLD15M-26SEP151315-15,https://kalshi.com/markets/kxgold15m/gold-15-minute,https://kalshi.com/markets/kxgold15m/gold-15-minute/kxgold15m-26sep151315,Gold price up in next 15 mins?,"Target Price: $4,295.82",KXGOLD15M-26SEP151315,"Gold 15 min · $4,295.82 target",KXGOLD15M,Gold 15-minute,Commodities,"[""Metals""]",settled,binary,0,1,0.001,0.001,0.999,0.001,1,398071.01,174143.14,80695.45,0,2026-09-15T17:00:00Z,2026-09-15T17:15:00Z,2026-09-22T17:15:00Z,,no,4295.46,greater_or_equal,4295.82,,,True,2026-09-15T17:18:16+00:00
kalshi,KXITFMATCH-26SEP14PHAHAO-PHA,https://kalshi.com/markets/kxitfmatch/itf-men-s-match,https://kalshi.com/markets/kxitfmatch/itf-men-s-match/kxitfmatch-26sep14phahao,Hien Pham wins,Hien Pham,KXITFMATCH-26SEP14PHAHAO,Pham vs Hao-Yu,KXITFMATCH,ITF Men's Match,Sports,"[""Tennis""]",settled,binary,0,1,0.01,0.01,0.99,0.01,1,173850.54,173850.54,74486.8,0,2026-09-14T10:13:00Z,2026-09-15T04:21:12Z,2026-09-29T02:00:00Z,,no,Lin Hao-Yu,structured,,,,True,2026-09-15T17:18:32+00:00
kalshi,KXATPCHALLENGERMATCH-26SEP15BARBRA-BAR,https://kalshi.com/markets/kxatpchallengermatch/challenger-atp,https://kalshi.com/markets/kxatpchallengermatch/challenger-atp/kxatpchallengermatch-26sep15barbra,Hynek Barton wins,Hynek Barton,KXATPCHALLENGERMATCH-26SEP15BARBRA,Barton vs Brancaccio,KXATPCHALLENGERMATCH,Challenger ATP ,Sports,"[""Tennis""]",settled,binary,0,1,0.99,0.99,0.01,0.99,1,173746.3,173746.3,130745.76,0,2026-09-14T20:40:00Z,2026-09-15T10:20:29Z,2026-09-29T08:30:00Z,,yes,Hynek Barton,structured,,,,True,2026-09-15T17:18:22+00:00
kalshi,KXMLBSPREAD-26SEP142138SEALAA-LAA3,https://kalshi.com/markets/kxmlbspread/pro-baseball-spread,https://kalshi.com/markets/kxmlbspread/pro-baseball-spread/kxmlbspread-26sep142138sealaa,Los Angeles A wins by over 2.5 runs?,Los Angeles A wins by over 2.5 runs,KXMLBSPREAD-26SEP142138SEALAA,Seattle vs Los Angeles A: Spread,KXMLBSPREAD,Pro Baseball Spread,Sports,"[""Baseball""]",settled,binary,0,1,0.01,0.01,0.99,0.01,1,173612.95,173362.94,60555.96,0,2026-09-13T20:50:00Z,2026-09-15T04:10:09Z,2026-09-18T01:38:00Z,,no,2,greater,2.5,,,True,2026-09-15T17:18:32+00:00
kalshi,KXWTASETWINNER-26SEP13MARTOW-2-TOW,https://kalshi.com/markets/kxwtasetwinner/wta-set-winner,https://kalshi.com/markets/kxwtasetwinner/wta-set-winner/kxwtasetwinner-26sep13martow-2,Will Taylor Townsend win set 2 in the Tatjana Maria vs Taylor Townsend match,Taylor Townsend,KXWTASETWINNER-26SEP13MARTOW-2,Tatjana Maria vs Taylor Townsend: Set 2 Winner,KXWTASETWINNER,WTA Set Winner,Sports,"[""Tennis""]",settled,binary,0,1,0.99,0.99,0.01,0.99,1,174307.03,173238.03,82672.51,0,2026-09-12T16:20:00Z,2026-09-14T22:55:40Z,2026-09-27T16:00:00Z,,yes,"Townsend, Taylor",structured,,,,True,2026-09-15T17:18:48+00:00
kalshi,KXNFLFIRSTTD-26SEP14DENKC-DENCSUTTON14,https://kalshi.com/markets/kxnflfirsttd/pro-football-first-touchdown,https://kalshi.com/markets/kxnflfirsttd/pro-football-first-touchdown/kxnflfirsttd-26sep14denkc,Courtland Sutton: 1st Touchdown,Courtland Sutton,KXNFLFIRSTTD-26SEP14DENKC,Denver vs Kansas City: 1st Touchdown,KXNFLFIRSTTD,Pro Football First Touchdown,Sports,"[""Football""]",settled,binary,0,1,0.01,0.01,0.99,0.01,1,197790.85,173132.3,194941.57,0,2026-09-04T21:04:00Z,2026-09-15T01:54:05Z,2026-09-17T00:15:00Z,,no,No,structured,,,,True,2026-09-15T17:18:42+00:00
kalshi,KXNFL4Q-26SEP14DENKC-KC,https://kalshi.com/markets/kxnfl4q/pro-football-4th-quarter-winner,https://kalshi.com/markets/kxnfl4q/pro-football-4th-quarter-winner/kxnfl4q-26sep14denkc,Will Kansas City win the 4th Quarter?,Kansas City wins 4th Quarter,KXNFL4Q-26SEP14DENKC,DEN Broncos vs KC Chiefs: 4th Quarter Winner,KXNFL4Q,Pro Football 4th Quarter Winner,Sports,"[""Football""]",settled,binary,0,1,0.99,0.99,0.01,0.99,1,173314.8,173059.01,116427.33,0,2026-09-02T18:39:00Z,2026-09-15T03:19:52Z,2026-09-17T00:15:00Z,,yes,KC Chiefs wins 4th Quarter,structured,,,,True,2026-09-15T17:18:35+00:00
kalshi,KXWTACHALLENGERMATCH-26SEP15SOBBOS-SOB,https://kalshi.com/markets/kxwtachallengermatch/challenger-wta,https://kalshi.com/markets/kxwtachallengermatch/challenger-wta/kxwtachallengermatch-26sep15sobbos,Anastasiia Sobolieva wins,Anastasiia Sobolieva,KXWTACHALLENGERMATCH-26SEP15SOBBOS,Sobolieva vs Boskovic,KXWTACHALLENGERMATCH,Challenger WTA,Sports,"[""Tennis""]",settled,binary,0,1,0.99,0.99,0.01,0.99,1,172016.37,172016.37,99659.3,0,2026-09-14T20:10:00Z,2026-09-15T10:05:41Z,2026-09-29T08:00:00Z,,yes,Anastasiia Sobolieva,structured,,,,True,2026-09-15T17:18:22+00:00
kalshi,KXNFLSPREAD-26SEP14DENKC-DEN7,https://kalshi.com/markets/kxnflspread/pro-football-spread,https://kalshi.com/markets/kxnflspread/pro-football-spread/kxnflspread-26sep14denkc,Denver wins by over 6.5 points?,Denver wins by over 6.5 points,KXNFLSPREAD-26SEP14DENKC,Denver vs Kansas City: Spread,KXNFLSPREAD,Pro Football Spread,Sports,"[""Football""]",settled,binary,0,1,0.01,0.01,0.99,0.01,1,216076.64,171067.88,188752.29,0,2026-08-03T23:13:00Z,2026-09-15T03:19:45Z,2026-09-17T00:15:00Z,,no,spread,greater,6.5,,,True,2026-09-15T17:18:35+00:00
kalshi,KXAFCCLGAME-26SEP14AASPAK-PAK,https://kalshi.com/markets/kxafcclgame/afc-champions-league-game,https://kalshi.com/markets/kxafcclgame/afc-champions-league-game/kxafcclgame-26sep14aaspak,Pakhtakor wins,Pakhtakor,KXAFCCLGAME-26SEP14AASPAK,Al Ahli Saudi vs Pakhtakor,KXAFCCLGAME,AFC Champions League Game,Sports,"[""Soccer""]",settled,binary,0,1,0.01,0.01,0.99,0.01,1,174727.17,170918.26,78689.32,0,2026-08-31T00:34:00Z,2026-09-14T20:33:05Z,2026-09-17T00:15:00Z,,no,Tie,structured,,,,True,2026-09-15T17:18:52+00:00
kalshi,KXITFMATCH-26SEP15CONYAZ-YAZ,https://kalshi.com/markets/kxitfmatch/itf-men-s-match,https://kalshi.com/markets/kxitfmatch/itf-men-s-match/kxitfmatch-26sep15conyaz,Ali Yazdani wins,Ali Yazdani,KXITFMATCH-26SEP15CONYAZ,Connel vs Yazdani,KXITFMATCH,ITF Men's Match,Sports,"[""Tennis""]",settled,binary,0,1,0.01,0.01,0.99,0.01,1,170820.45,170820.45,89507.84,0,2026-09-14T18:42:00Z,2026-09-15T15:35:14Z,2026-09-29T10:30:00Z,,no,James Connel,structured,,,,True,2026-09-15T17:18:18+00:00
kalshi,KXGOLD15M-26SEP141600-00,https://kalshi.com/markets/kxgold15m/gold-15-minute,https://kalshi.com/markets/kxgold15m/gold-15-minute/kxgold15m-26sep141600,Gold price up in next 15 mins?,"Target Price: $4,291.58",KXGOLD15M-26SEP141600,"Gold 15 min · $4,291.58 target",KXGOLD15M,Gold 15-minute,Commodities,"[""Metals""]",settled,binary,0,1,0.001,0.001,0.999,0.001,1,170216.28,170216.28,69572.88,0,2026-09-14T19:45:00Z,2026-09-14T20:00:00Z,2026-09-21T20:00:00Z,,no,4284.08,greater_or_equal,4291.58,,,True,2026-09-15T17:18:53+00:00
kalshi,KXNFLPASSYDS-26SEP14DENKC-KCPMAHOMES15-175,https://kalshi.com/markets/kxnflpassyds/pro-football-passing-yards,https://kalshi.com/markets/kxnflpassyds/pro-football-passing-yards/kxnflpassyds-26sep14denkc,Patrick Mahomes: 175+ passing yards,Patrick Mahomes: 175+,KXNFLPASSYDS-26SEP14DENKC,Denver vs Kansas City: Passing Yards,KXNFLPASSYDS,Pro Football Passing Yards,Sports,"[""Football""]",settled,binary,0,1,0.99,0.99,0.01,0.99,1,172891.75,169695.04,105488.88,0,2026-09-10T23:29:00Z,2026-09-15T03:25:22Z,2026-09-17T00:15:00Z,,yes,passing_yards,greater,174.5,,,True,2026-09-15T17:18:35+00:00
kalshi,KXNFLPASSYDS-26SEP14DENKC-KCPMAHOMES15-150,https://kalshi.com/markets/kxnflpassyds/pro-football-passing-yards,https://kalshi.com/markets/kxnflpassyds/pro-football-passing-yards/kxnflpassyds-26sep14denkc,Patrick Mahomes: 150+ passing yards,Patrick Mahomes: 150+,KXNFLPASSYDS-26SEP14DENKC,Denver vs Kansas City: Passing Yards,KXNFLPASSYDS,Pro Football Passing Yards,Sports,"[""Football""]",settled,binary,0,1,0.99,0.99,0.01,0.99,1,180020.07,169571.91,107515.06,0,2026-09-10T23:29:00Z,2026-09-15T03:25:22Z,2026-09-17T00:15:00Z,,yes,passing_yards,greater,149.5,,,True,2026-09-15T17:18:35+00:00
kalshi,KXBTCD-26SEP1509-T77099.99,https://kalshi.com/markets/kxbtcd/bitcoin-price-above-below,https://kalshi.com/markets/kxbtcd/bitcoin-price-above-below/kxbtcd-26sep1509,"Bitcoin price on Sep 15, 2026?","$77,100 or above",KXBTCD-26SEP1509,"BTC price on Sep 15, 2026 at 9am EDT?",KXBTCD,Bitcoin price Above/below,Crypto,"[""Hourly"", ""BTC""]",settled,binary,0,1,0.01,0.01,0.99,0.01,1,169426.34,169426.34,36789.18,0,2026-09-15T12:00:00Z,2026-09-15T13:00:00Z,2026-09-22T13:00:00Z,,no,76910.95,greater,77099.99,,BRTI,True,2026-09-15T17:18:20+00:00
kalshi,KXMLBTOTAL-26SEP142138SEALAA-8,https://kalshi.com/markets/kxmlbtotal/pro-baseball-total-points,https://kalshi.com/markets/kxmlbtotal/pro-baseball-total-points/kxmlbtotal-26sep142138sealaa,Over 7.5 runs scored,Over 7.5 runs scored,KXMLBTOTAL-26SEP142138SEALAA,Seattle vs Los Angeles A: Total Runs,KXMLBTOTAL,Pro Baseball Total Points,Sports,"[""Baseball""]",settled,binary,0,1,0.99,0.99,0.01,0.99,1,180087.17,168560.29,92153.87,0,2026-09-13T20:50:00Z,2026-09-15T03:14:31Z,2026-09-18T01:38:00Z,,yes,9,greater,7.5,,,True,2026-09-15T17:18:35+00:00
kalshi,KXGOLD15M-26SEP141345-45,https://kalshi.com/markets/kxgold15m/gold-15-minute,https://kalshi.com/markets/kxgold15m/gold-15-minute/kxgold15m-26sep141345,Gold price up in next 15 mins?,"Target Price: $4,311.92",KXGOLD15M-26SEP141345,"Gold 15 min · $4,311.92 target",KXGOLD15M,Gold 15-minute,Commodities,"[""Metals""]",settled,binary,0,1,0.001,0.001,0.999,0.001,1,167749.67,167749.67,50960.23,0,2026-09-14T17:30:00Z,2026-09-14T17:45:00Z,2026-09-21T17:45:00Z,,no,4310.06,greater_or_equal,4311.92,,,True,2026-09-15T17:18:59+00:00
kalshi,KXNFL1HSPREAD-26SEP14DENKC-KC7,https://kalshi.com/markets/kxnfl1hspread/pro-football-1st-half-spread,https://kalshi.com/markets/kxnfl1hspread/pro-football-1st-half-spread/kxnfl1hspread-26sep14denkc,KC Chiefs wins 1H by over 6.5 points?,KC Chiefs wins 1H by over 6.5 points,KXNFL1HSPREAD-26SEP14DENKC,DEN Broncos vs KC Chiefs: 1st Half Spread,KXNFL1HSPREAD,Pro Football 1st Half Spread,Sports,"[""Football""]",settled,binary,0,1,0.99,0.99,0.01,0.99,1,168089.55,166754.63,60989.24,0,2026-09-02T18:37:00Z,2026-09-15T02:00:05Z,2026-09-17T00:15:00Z,,yes,7,greater,6.5,,,True,2026-09-15T17:18:40+00:00
kalshi,KXMLBTOTAL-26SEP142040SDCOL-12,https://kalshi.com/markets/kxmlbtotal/pro-baseball-total-points,https://kalshi.com/markets/kxmlbtotal/pro-baseball-total-points/kxmlbtotal-26sep142040sdcol,Over 11.5 runs scored,Over 11.5 runs scored,KXMLBTOTAL-26SEP142040SDCOL,San Diego vs Colorado: Total Runs,KXMLBTOTAL,Pro Baseball Total Points,Sports,"[""Baseball""]",settled,binary,0,1,0.99,0.99,0.01,0.99,1,172511.14,166689.13,120159.58,0,2026-09-13T20:00:00Z,2026-09-15T03:09:35Z,2026-09-18T00:40:00Z,,yes,13,greater,11.5,,,True,2026-09-15T17:18:35+00:00
kalshi,KXITFMATCH-26SEP15SILAGW-SIL,https://kalshi.com/markets/kxitfmatch/itf-men-s-match,https://kalshi.com/markets/kxitfmatch/itf-men-s-match/kxitfmatch-26sep15silagw,Joao Dinis Silva wins,Joao Dinis Silva,KXITFMATCH-26SEP15SILAGW,Silva vs Agwi,KXITFMATCH,ITF Men's Match,Sports,"[""Tennis""]",settled,binary,0,1,0.01,0.01,0.99,0.01,1,166214.17,166214.17,93027.14,0,2026-09-14T17:12:00Z,2026-09-15T11:40:43Z,2026-09-29T09:00:00Z,,no,Michael Agwi,structured,,,,True,2026-09-15T17:18:21+00:00
kalshi,KXBTCD-26SEP1506-T76899.99,https://kalshi.com/markets/kxbtcd/bitcoin-price-above-below,https://kalshi.com/markets/kxbtcd/bitcoin-price-above-below/kxbtcd-26sep1506,"Bitcoin price on Sep 15, 2026?","$76,900 or above",KXBTCD-26SEP1506,"BTC price on Sep 15, 2026 at 6am EDT?",KXBTCD,Bitcoin price Above/below,Crypto,"[""Hourly"", ""BTC""]",settled,binary,0,1,0.99,0.99,0.01,0.99,1,166087.35,166087.35,24098.43,0,2026-09-15T09:00:00Z,2026-09-15T10:00:00Z,2026-09-22T10:00:00Z,,yes,76942.41,greater,76899.99,,BRTI,True,2026-09-15T17:18:22+00:00
kalshi,KXBRASILEIROBGAME-26SEP14AMGSBE-SBE,https://kalshi.com/markets/kxbrasileirobgame/brasileiro-serie-b-game,https://kalshi.com/markets/kxbrasileirobgame/brasileiro-serie-b-game/kxbrasileirobgame-26sep14amgsbe,Sao Bernardo wins,Sao Bernardo,KXBRASILEIROBGAME-26SEP14AMGSBE,America FC vs Sao Bernardo,KXBRASILEIROBGAME,Brasileiro Serie B Game,Sports,"[""Soccer""]",settled,binary,0,1,0.99,0.99,0.01,0.99,1,167144.5,166034.35,80711.7,0,2026-09-08T05:34:00Z,2026-09-15T00:32:18Z,2026-09-16T22:30:00Z,,yes,Sao Bernardo,structured,,,,True,2026-09-15T17:18:44+00:00
kalshi,KXETH15M-26SEP141845-45,https://kalshi.com/markets/kxeth15m/eth-15m-price-up-down,https://kalshi.com/markets/kxeth15m/eth-15m-price-up-down/kxeth15m-26sep141845,ETH price up in next 15 mins?,"Target Price: $2,542.83",KXETH15M-26SEP141845,"ETH 15 min · $2,542.83 target",KXETH15M,ETH 15M price up down,Crypto,"[""ETH"", ""15 min"", ""15 Min Markets""]",settled,binary,0,1,0.001,0.001,0.999,0.001,1,165876.02,165876.02,85361.8,0,2026-09-14T22:30:00Z,2026-09-14T22:45:00Z,2026-09-21T22:45:00Z,,no,2538.76,greater_or_equal,2542.83,,,True,2026-09-15T17:18:48+00:00
kalshi,KXLIGAPORTUGALTOTAL-26SEP14BRAEST-1,https://kalshi.com/markets/kxligaportugaltotal/point-total,https://kalshi.com/markets/kxligaportugaltotal/point-total/kxligaportugaltotal-26sep14braest,Will over 0.5 goals be scored?,Over 0.5 goals scored,KXLIGAPORTUGALTOTAL-26SEP14BRAEST,Braga vs Estoril: Total Goals,KXLIGAPORTUGALTOTAL,Point Total,Sports,"[""Soccer""]",settled,binary,0,1,0.99,0.99,0.01,0.99,1,166774.56,165589.29,87120.39,0,2026-09-11T20:06:00Z,2026-09-14T22:04:55Z,2026-09-16T19:45:00Z,,yes,1,greater,0.5,,,True,2026-09-15T17:18:48+00:00
kalshi,KXGOLD15M-26SEP150245-45,https://kalshi.com/markets/kxgold15m/gold-15-minute,https://kalshi.com/markets/kxgold15m/gold-15-minute/kxgold15m-26sep150245,Gold price up in next 15 mins?,"Target Price: $4,289.68",KXGOLD15M-26SEP150245,"Gold 15 min · $4,289.68 target",KXGOLD15M,Gold 15-minute,Commodities,"[""Metals""]",settled,binary,0,1,0.999,0.999,0.001,0.999,1,165495.83,165495.83,34881.34,0,2026-09-15T06:30:00Z,2026-09-15T06:45:00Z,2026-09-22T06:45:00Z,,yes,4290.76,greater_or_equal,4289.68,,,True,2026-09-15T17:18:28+00:00
kalshi,KXEGYPLGAME-26SEP15DEGMOK-DEG,https://kalshi.com/markets/kxegyplgame/egyptian-premier-league-game,https://kalshi.com/markets/kxegyplgame/egyptian-premier-league-game/kxegyplgame-26sep15degmok,Wadi Degla SC wins,Wadi Degla SC,KXEGYPLGAME-26SEP15DEGMOK,Wadi Degla SC vs Al Mokawloon,KXEGYPLGAME,Egyptian Premier League Game,Sports,"[""Soccer""]",settled,binary,0,1,0.01,0.01,0.99,0.01,1,165183.17,165183.16,110854.32,0,2026-09-11T00:35:00Z,2026-09-15T16:32:53Z,2026-09-17T14:00:00Z,,no,Al Mokawloon,structured,,,,True,2026-09-15T17:18:17+00:00
kalshi,KXMLBTOTAL-26SEP142138SEALAA-13,https://kalshi.com/markets/kxmlbtotal/pro-baseball-total-points,https://kalshi.com/markets/kxmlbtotal/pro-baseball-total-points/kxmlbtotal-26sep142138sealaa,Over 12.5 runs scored,Over 12.5 runs scored,KXMLBTOTAL-26SEP142138SEALAA,Seattle vs Los Angeles A: Total Runs,KXMLBTOTAL,Pro Baseball Total Points,Sports,"[""Baseball""]",settled,binary,0,1,0.01,0.01,0.99,0.01,1,166007.64,164701.36,97014.94,0,2026-09-13T20:50:00Z,2026-09-15T04:10:07Z,2026-09-18T01:38:00Z,,no,10,greater,12.5,,,True,2026-09-15T17:18:32+00:00
kalshi,KXBTCD-26SEP1416-T78899.99,https://kalshi.com/markets/kxbtcd/bitcoin-price-above-below,https://kalshi.com/markets/kxbtcd/bitcoin-price-above-below/kxbtcd-26sep1416,"Bitcoin price on Sep 14, 2026?","$78,900 or above",KXBTCD-26SEP1416,"BTC price on Sep 14, 2026 at 4pm EDT?",KXBTCD,Bitcoin price Above/below,Crypto,"[""Hourly"", ""BTC""]",settled,binary,0,1,0.99,0.99,0.01,0.99,1,164355.96,164355.96,66903.8,0,2026-09-14T19:00:00Z,2026-09-14T20:00:00Z,2026-09-21T20:00:00Z,,yes,78999.88,greater,78899.99,,BRTI,True,2026-09-15T17:18:54+00:00
kalshi,KXETH15M-26SEP150045-45,https://kalshi.com/markets/kxeth15m/eth-15m-price-up-down,https://kalshi.com/markets/kxeth15m/eth-15m-price-up-down/kxeth15m-26sep150045,ETH price up in next 15 mins?,"Target Price: $2,493.95",KXETH15M-26SEP150045,"ETH 15 min · $2,493.95 target",KXETH15M,ETH 15M price up down,Crypto,"[""ETH"", ""15 min"", ""15 Min Markets""]",settled,binary,0,1,0.999,0.999,0.001,0.999,1,164353.45,164353.45,30840.66,0,2026-09-15T04:30:00Z,2026-09-15T04:45:00Z,2026-09-22T04:45:00Z,,yes,2494.00,greater_or_equal,2493.95,,,True,2026-09-15T17:18:32+00:00
kalshi,KXGOLD15M-26SEP150330-30,https://kalshi.com/markets/kxgold15m/gold-15-minute,https://kalshi.com/markets/kxgold15m/gold-15-minute/kxgold15m-26sep150330,Gold price up in next 15 mins?,"Target Price: $4,288.26",KXGOLD15M-26SEP150330,"Gold 15 min · $4,288.26 target",KXGOLD15M,Gold 15-minute,Commodities,"[""Metals""]",settled,binary,0,1,0.998,0.998,0.002,0.998,1,164056.55,164056.55,58472.58,0,2026-09-15T07:15:00Z,2026-09-15T07:30:00Z,2026-09-22T07:30:00Z,,yes,4292.04,greater_or_equal,4288.26,,,True,2026-09-15T17:18:26+00:00
kalshi,KXITFMATCH-26SEP14PERLEO-LEO,https://kalshi.com/markets/kxitfmatch/itf-men-s-match,https://kalshi.com/markets/kxitfmatch/itf-men-s-match/kxitfmatch-26sep14perleo,Vasco Leote Prata wins,Vasco Leote Prata,KXITFMATCH-26SEP14PERLEO,Perego vs Leote Prata,KXITFMATCH,ITF Men's Match,Sports,"[""Tennis""]",settled,binary,0,1,0.99,0.99,0.01,0.99,1,220803.85,164011.96,106936.5,0,2026-09-14T14:21:00Z,2026-09-14T17:50:56Z,2026-09-28T16:00:00Z,,yes,Vasco Leote Prata,structured,,,,True,2026-09-15T17:18:59+00:00
kalshi,KXBRASILEIROBGAME-26SEP14BOTGGO-GGO,https://kalshi.com/markets/kxbrasileirobgame/brasileiro-serie-b-game,https://kalshi.com/markets/kxbrasileirobgame/brasileiro-serie-b-game/kxbrasileirobgame-26sep14botggo,Goias wins,Goias,KXBRASILEIROBGAME-26SEP14BOTGGO,Botafogo vs Goias,KXBRASILEIROBGAME,Brasileiro Serie B Game,Sports,"[""Soccer""]",settled,binary,0,1,0.99,0.99,0.01,0.99,1,163922.99,163868,80061.6,0,2026-09-08T05:34:00Z,2026-09-15T00:32:18Z,2026-09-16T22:30:00Z,,yes,Goias,structured,,,,True,2026-09-15T17:18:44+00:00
kalshi,KXMLBTOTAL-26SEP141840CWSCLE-8,https://kalshi.com/markets/kxmlbtotal/pro-baseball-total-points,https://kalshi.com/markets/kxmlbtotal/pro-baseball-total-points/kxmlbtotal-26sep141840cwscle,Over 7.5 runs scored,Over 7.5 runs scored,KXMLBTOTAL-26SEP141840CWSCLE,Chicago WS vs Cleveland: Total Runs,KXMLBTOTAL,Pro Baseball Total Points,Sports,"[""Baseball""]",settled,binary,0,1,0.99,0.99,0.01,0.99,1,194975.37,163829.12,76012.75,0,2026-09-13T20:00:00Z,2026-09-15T01:55:01Z,2026-09-17T22:40:00Z,,yes,10,greater,7.5,,,True,2026-09-15T17:18:42+00:00
kalshi,KXBTCD-26SEP1414-T78699.99,https://kalshi.com/markets/kxbtcd/bitcoin-price-above-below,https://kalshi.com/markets/kxbtcd/bitcoin-price-above-below/kxbtcd-26sep1414,"Bitcoin price on Sep 14, 2026?","$78,700 or above",KXBTCD-26SEP1414,"BTC price on Sep 14, 2026 at 2pm EDT?",KXBTCD,Bitcoin price Above/below,Crypto,"[""Hourly"", ""BTC""]",settled,binary,0,1,0.99,0.99,0.01,0.99,1,187735.9,163678.21,60707.43,0,2026-09-14T17:00:00Z,2026-09-14T18:00:00Z,2026-09-21T18:00:00Z,,yes,78923.79,greater,78699.99,,BRTI,True,2026-09-15T17:18:59+00:00
kalshi,KXARGPREMDIVGAME-26SEP14BANBAR-TIE,https://kalshi.com/markets/kxargpremdivgame/argentina-primera-division-game,https://kalshi.com/markets/kxargpremdivgame/argentina-primera-division-game/kxargpremdivgame-26sep14banbar,Tie is the result,Tie,KXARGPREMDIVGAME-26SEP14BANBAR,Banfield vs Barracas,KXARGPREMDIVGAME,Argentina Primera Division Game,Sports,"[""Soccer""]",settled,binary,0,1,0.99,0.99,0.01,0.99,1,163699.81,163622.02,95639.22,0,2026-09-10T00:34:00Z,2026-09-15T00:02:37Z,2026-09-16T22:00:00Z,,yes,Tie,structured,,,,True,2026-09-15T17:18:45+00:00
kalshi,KXITFWMATCH-26SEP14YANLEY-YAN,https://kalshi.com/markets/kxitfwmatch/itf-women-s-match,https://kalshi.com/markets/kxitfwmatch/itf-women-s-match/kxitfwmatch-26sep14yanley,Yidi Yang wins,Yidi Yang,KXITFWMATCH-26SEP14YANLEY,Yang vs Leykina,KXITFWMATCH,ITF Women's Match,Sports,"[""Tennis""]",settled,binary,0,1,0.99,0.99,0.01,0.99,1,163471.45,163471.45,115387.09,0,2026-09-14T11:12:00Z,2026-09-15T06:46:05Z,2026-09-29T03:00:00Z,,yes,Yidi Yang,structured,,,,True,2026-09-15T17:18:28+00:00
kalshi,KXNFLTEAMTOTAL-26SEP14DENKC-KC32,https://kalshi.com/markets/kxnflteamtotal/pro-football-team-total-points,https://kalshi.com/markets/kxnflteamtotal/pro-football-team-total-points/kxnflteamtotal-26sep14denkc,Kansas City over 31.5 points scored,Kansas City over 31.5 points scored,KXNFLTEAMTOTAL-26SEP14DENKC,Denver vs Kansas City: Team Total,KXNFLTEAMTOTAL,Pro Football Team Total Points,Sports,"[""Football""]",settled,binary,0,1,0.01,0.01,0.99,0.01,1,162982.35,162863.26,78201.5,0,2026-09-10T01:05:00Z,2026-09-15T03:19:43Z,2026-09-17T00:15:00Z,,no,team_points,greater,31.5,,,True,2026-09-15T17:18:35+00:00
kalshi,KXWTACHALLENGERMATCH-26SEP15SOBBOS-BOS,https://kalshi.com/markets/kxwtachallengermatch/challenger-wta,https://kalshi.com/markets/kxwtachallengermatch/challenger-wta/kxwtachallengermatch-26sep15sobbos,Lea Boskovic wins,Lea Boskovic,KXWTACHALLENGERMATCH-26SEP15SOBBOS,Sobolieva vs Boskovic,KXWTACHALLENGERMATCH,Challenger WTA,Sports,"[""Tennis""]",settled,binary,0,1,0.01,0.01,0.99,0.01,1,162698.3,162698.3,85493.06,0,2026-09-14T20:10:00Z,2026-09-15T10:05:41Z,2026-09-29T08:00:00Z,,no,Anastasiia Sobolieva,structured,,,,True,2026-09-15T17:18:22+00:00
kalshi,KXNFL1HTOTAL-26SEP14DENKC-29,https://kalshi.com/markets/kxnfl1htotal/pro-football-1st-half-total-points,https://kalshi.com/markets/kxnfl1htotal/pro-football-1st-half-total-points/kxnfl1htotal-26sep14denkc,Will there be over 28.5 1H points scored?,Over 28.5 1H points scored,KXNFL1HTOTAL-26SEP14DENKC,DEN Broncos vs KC Chiefs: 1st Half Total,KXNFL1HTOTAL,Pro Football 1st  Half Total Points,Sports,"[""Football""]",settled,binary,0,1,0.01,0.01,0.99,0.01,1,168088.76,162598.83,126939.9,0,2026-09-02T18:37:00Z,2026-09-15T02:00:08Z,2026-09-17T00:15:00Z,,no,21,greater,28.5,,,True,2026-09-15T17:18:40+00:00
kalshi,KXATPCHALLENGERMATCH-26SEP15CUETRU-CUE,https://kalshi.com/markets/kxatpchallengermatch/challenger-atp,https://kalshi.com/markets/kxatpchallengermatch/challenger-atp/kxatpchallengermatch-26sep15cuetru,Sean Cuenin wins,Sean Cuenin,KXATPCHALLENGERMATCH-26SEP15CUETRU,Cuenin vs Trungelliti,KXATPCHALLENGERMATCH,Challenger ATP ,Sports,"[""Tennis""]",settled,binary,0,1,0.01,0.01,0.99,0.01,1,162120.76,162120.76,106351.14,0,2026-09-14T23:10:00Z,2026-09-15T12:55:28Z,2026-09-29T11:00:00Z,,no,Marco Trungelliti,structured,,,,True,2026-09-15T17:18:20+00:00
kalshi,KXATPCHALLENGERMATCH-26SEP15DELBAR-DEL,https://kalshi.com/markets/kxatpchallengermatch/challenger-atp,https://kalshi.com/markets/kxatpchallengermatch/challenger-atp/kxatpchallengermatch-26sep15delbar,Jesse Delaney wins,Jesse Delaney,KXATPCHALLENGERMATCH-26SEP15DELBAR,Delaney vs Bar Biryukov,KXATPCHALLENGERMATCH,Challenger ATP ,Sports,"[""Tennis""]",settled,binary,0,1,0.01,0.01,0.99,0.01,1,161975.12,161975.12,125221.53,0,2026-09-14T22:11:00Z,2026-09-15T14:30:51Z,2026-09-29T10:00:00Z,,no,Petr Bar Biryukov,structured,,,,True,2026-09-15T17:18:18+00:00
kalshi,KXGOLD15M-26SEP141745-45,https://kalshi.com/markets/kxgold15m/gold-15-minute,https://kalshi.com/markets/kxgold15m/gold-15-minute/kxgold15m-26sep141745,Gold price up in next 15 mins?,"Target Price: $4,302.78",KXGOLD15M-26SEP141745,"Gold 15 min · $4,302.78 target",KXGOLD15M,Gold 15-minute,Commodities,"[""Metals""]",settled,binary,0,1,0.004,0.004,0.996,0.004,1,161944.65,161944.65,45945.92,0,2026-09-14T21:30:00Z,2026-09-14T21:45:00Z,2026-09-21T21:45:00Z,,no,4302.58,greater_or_equal,4302.78,,,True,2026-09-15T17:18:50+00:00
kalshi,KXBTCD-26SEP1510-T76599.99,https://kalshi.com/markets/kxbtcd/bitcoin-price-above-below,https://kalshi.com/markets/kxbtcd/bitcoin-price-above-below/kxbtcd-26sep1510,"Bitcoin price on Sep 15, 2026?","$76,600 or above",KXBTCD-26SEP1510,"BTC price on Sep 15, 2026 at 10am EDT?",KXBTCD,Bitcoin price Above/below,Crypto,"[""Hourly"", ""BTC""]",settled,binary,0,1,0.01,0.01,0.99,0.01,1,161421.85,161421.85,47711.76,0,2026-09-15T13:00:00Z,2026-09-15T14:00:00Z,2026-09-22T14:00:00Z,,no,76500.68,greater,76599.99,,BRTI,True,2026-09-15T17:18:19+00:00
kalshi,KXBTCD-26SEP1510-T76799.99,https://kalshi.com/markets/kxbtcd/bitcoin-price-above-below,https://kalshi.com/markets/kxbtcd/bitcoin-price-above-below/kxbtcd-26sep1510,"Bitcoin price on Sep 15, 2026?","$76,800 or above",KXBTCD-26SEP1510,"BTC price on Sep 15, 2026 at 10am EDT?",KXBTCD,Bitcoin price Above/below,Crypto,"[""Hourly"", ""BTC""]",settled,binary,0,1,0.01,0.01,0.99,0.01,1,161261.32,161261.32,34091.27,0,2026-09-15T13:00:00Z,2026-09-15T14:00:00Z,2026-09-22T14:00:00Z,,no,76500.68,greater,76799.99,,BRTI,True,2026-09-15T17:18:19+00:00
kalshi,KXBTCD-26SEP1510-T76899.99,https://kalshi.com/markets/kxbtcd/bitcoin-price-above-below,https://kalshi.com/markets/kxbtcd/bitcoin-price-above-below/kxbtcd-26sep1510,"Bitcoin price on Sep 15, 2026?","$76,900 or above",KXBTCD-26SEP1510,"BTC price on Sep 15, 2026 at 10am EDT?",KXBTCD,Bitcoin price Above/below,Crypto,"[""Hourly"", ""BTC""]",settled,binary,0,1,0.01,0.01,0.99,0.01,1,161190.05,161190.05,39348.15,0,2026-09-15T13:00:00Z,2026-09-15T14:00:00Z,2026-09-22T14:00:00Z,,no,76500.68,greater,76899.99,,BRTI,True,2026-09-15T17:18:19+00:00
kalshi,KXBTCD-26SEP1415-T79399.99,https://kalshi.com/markets/kxbtcd/bitcoin-price-above-below,https://kalshi.com/markets/kxbtcd/bitcoin-price-above-below/kxbtcd-26sep1415,"Bitcoin price on Sep 14, 2026?","$79,400 or above",KXBTCD-26SEP1415,"BTC price on Sep 14, 2026 at 3pm EDT?",KXBTCD,Bitcoin price Above/below,Crypto,"[""Hourly"", ""BTC""]",settled,binary,0,1,0.01,0.01,0.99,0.01,1,161112.79,161112.79,66683.5,0,2026-09-14T18:00:00Z,2026-09-14T19:00:00Z,2026-09-21T19:00:00Z,,no,79225.54,greater,79399.99,,BRTI,True,2026-09-15T17:18:56+00:00
kalshi,KXNFLTD-26SEP14DENKC-DENRHARVEY12-2,https://kalshi.com/markets/kxnfltd/pro-football-touchdowns,https://kalshi.com/markets/kxnfltd/pro-football-touchdowns/kxnfltd-26sep14denkc,RJ Harvey: 2+ touchdowns,RJ Harvey: 2+,KXNFLTD-26SEP14DENKC,Denver vs Kansas City: Touchdowns,KXNFLTD,Pro Football Touchdowns,Sports,"[""Football""]",settled,binary,0,1,0.01,0.01,0.99,0.01,1,177942.77,160440.5,175593.46,0,2026-09-04T21:04:00Z,2026-09-15T03:51:26Z,2026-09-17T00:15:00Z,,no,anytime_td,greater,1.5,,,True,2026-09-15T17:18:34+00:00
kalshi,KXSERIEATOTAL-26SEP14INTUDI-4,https://kalshi.com/markets/kxserieatotal/serie-a-total,https://kalshi.com/markets/kxserieatotal/serie-a-total/kxserieatotal-26sep14intudi,Will over 3.5 goals be scored?,Over 3.5 goals scored,KXSERIEATOTAL-26SEP14INTUDI,Inter vs Udinese: Total Goals,KXSERIEATOTAL,Serie A Total,Sports,"[""Soccer""]",settled,binary,0,1,0.99,0.99,0.01,0.99,1,173728.54,160369.49,93968.42,0,2026-09-07T19:07:00Z,2026-09-14T20:09:36Z,2026-09-17T00:45:00Z,,yes,5,greater,3.5,,,True,2026-09-15T17:18:52+00:00
kalshi,KXAFCCLGAME-26SEP14AASPAK-TIE,https://kalshi.com/markets/kxafcclgame/afc-champions-league-game,https://kalshi.com/markets/kxafcclgame/afc-champions-league-game/kxafcclgame-26sep14aaspak,Tie is the result,Tie,KXAFCCLGAME-26SEP14AASPAK,Al Ahli Saudi vs Pakhtakor,KXAFCCLGAME,AFC Champions League Game,Sports,"[""Soccer""]",settled,binary,0,1,0.99,0.99,0.01,0.99,1,161816.69,159774.75,75431.74,0,2026-08-31T00:34:00Z,2026-09-14T20:33:05Z,2026-09-17T00:15:00Z,,yes,Tie,structured,,,,True,2026-09-15T17:18:52+00:00
kalshi,KXNFLSPREAD-26SEP14DENKC-KC28,https://kalshi.com/markets/kxnflspread/pro-football-spread,https://kalshi.com/markets/kxnflspread/pro-football-spread/kxnflspread-26sep14denkc,Kansas City wins by over 27.5 points?,Kansas City wins by over 27.5 points,KXNFLSPREAD-26SEP14DENKC,Denver vs Kansas City: Spread,KXNFLSPREAD,Pro Football Spread,Sports,"[""Football""]",settled,binary,0,1,0.01,0.01,0.99,0.01,1,159224.95,159224.95,77112.11,0,2026-09-15T02:37:00Z,2026-09-15T03:19:42Z,2026-09-17T00:15:00Z,,no,spread,greater,27.5,,,True,2026-09-15T17:18:35+00:00
kalshi,KXATPCHALLENGERMATCH-26SEP14WEBMAT-MAT,https://kalshi.com/markets/kxatpchallengermatch/challenger-atp,https://kalshi.com/markets/kxatpchallengermatch/challenger-atp/kxatpchallengermatch-26sep14webmat,Koki Matsuda wins,Koki Matsuda,KXATPCHALLENGERMATCH-26SEP14WEBMAT,Weber vs Matsuda,KXATPCHALLENGERMATCH,Challenger ATP ,Sports,"[""Tennis""]",settled,binary,0,1,0.01,0.01,0.99,0.01,1,158910.63,158910.63,100331.14,0,2026-09-14T15:11:00Z,2026-09-15T04:20:43Z,2026-09-29T03:00:00Z,,no,Arthur Weber,structured,,,,True,2026-09-15T17:18:32+00:00
kalshi,KXLIGAPORTUGALGAME-26SEP14RAVESA-RAV,https://kalshi.com/markets/kxligaportugalgame/liga-portugal-game,https://kalshi.com/markets/kxligaportugalgame/liga-portugal-game/kxligaportugalgame-26sep14ravesa,Rio Ave wins,Rio Ave,KXLIGAPORTUGALGAME-26SEP14RAVESA,Rio Ave vs Estrela Amadora,KXLIGAPORTUGALGAME,Liga Portugal Game,Sports,"[""Soccer""]",settled,binary,0,1,0.01,0.01,0.99,0.01,1,159956.42,158874.08,55706.01,0,2026-09-07T00:36:00Z,2026-09-14T20:03:22Z,2026-09-16T23:45:00Z,,no,Tie,structured,,,,True,2026-09-15T17:18:52+00:00
kalshi,KXNFLTD-26SEP14DENKC-DENLHUMPHREY5-1,https://kalshi.com/markets/kxnfltd/pro-football-touchdowns,https://kalshi.com/markets/kxnfltd/pro-football-touchdowns/kxnfltd-26sep14denkc,Lil'Jordan Humphrey: 1+ touchdowns,Lil'Jordan Humphrey: 1+,KXNFLTD-26SEP14DENKC,Denver vs Kansas City: Touchdowns,KXNFLTD,Pro Football Touchdowns,Sports,"[""Football""]",settled,binary,0,1,0.05,0.05,0.95,0.05,1,164517.05,158785.99,94067.52,0,2026-09-10T05:09:00Z,2026-09-15T03:42:35Z,2026-09-17T00:15:00Z,,scalar,,greater,0.5,,,True,2026-09-15T17:18:35+00:00
kalshi,KXGOLD15M-26SEP151000-00,https://kalshi.com/markets/kxgold15m/gold-15-minute,https://kalshi.com/markets/kxgold15m/gold-15-minute/kxgold15m-26sep151000,Gold price up in next 15 mins?,"Target Price: $4,289.88",KXGOLD15M-26SEP151000,"Gold 15 min · $4,289.88 target",KXGOLD15M,Gold 15-minute,Commodities,"[""Metals""]",settled,binary,0,1,0.999,0.999,0.001,0.999,1,158701.43,158701.43,67193.18,0,2026-09-15T13:45:00Z,2026-09-15T14:00:00Z,2026-09-22T14:00:00Z,,yes,4294.83,greater_or_equal,4289.88,,,True,2026-09-15T17:18:19+00:00
kalshi,KXGOLD15M-26SEP141730-30,https://kalshi.com/markets/kxgold15m/gold-15-minute,https://kalshi.com/markets/kxgold15m/gold-15-minute/kxgold15m-26sep141730,Gold price up in next 15 mins?,"Target Price: $4,302.53",KXGOLD15M-26SEP141730,"Gold 15 min · $4,302.53 target",KXGOLD15M,Gold 15-minute,Commodities,"[""Metals""]",settled,binary,0,1,0.979,0.979,0.021,0.979,1,158335.45,158335.45,58572.06,0,2026-09-14T21:15:00Z,2026-09-14T21:30:00Z,2026-09-21T21:30:00Z,,yes,4302.78,greater_or_equal,4302.53,,,True,2026-09-15T17:18:50+00:00
kalshi,KXWTADOUBLES-26SEP14GUANINHAVRAD-HAVRAD,https://kalshi.com/markets/kxwtadoubles/wta-doubles-tennis-match,https://kalshi.com/markets/kxwtadoubles/wta-doubles-tennis-match/kxwtadoubles-26sep14guaninhavrad,Isabelle Haverlag / Nika Radisic wins,Isabelle Haverlag / Nika Radisic,KXWTADOUBLES-26SEP14GUANINHAVRAD,Guarachi / Ninomiya vs Haverlag / Radisic,KXWTADOUBLES,WTA Doubles Tennis Match,Sports,"[""Tennis""]",settled,binary,0,1,0.03,0.03,0.97,0.03,1,158246.25,158098.75,65294.85,0,2026-09-13T16:05:00Z,2026-09-14T19:50:11Z,2026-09-28T16:00:00Z,,no,Alexa Guarachi / Makoto Ninomiya,structured,,,,True,2026-09-15T17:18:54+00:00
kalshi,KXITFWMATCH-26SEP15VLARYS-RYS,https://kalshi.com/markets/kxitfwmatch/itf-women-s-match,https://kalshi.com/markets/kxitfwmatch/itf-women-s-match/kxitfwmatch-26sep15vlarys,Valentina Ryser wins,Valentina Ryser,KXITFWMATCH-26SEP15VLARYS,Vlasselaer vs Ryser,KXITFWMATCH,ITF Women's Match,Sports,"[""Tennis""]",settled,binary,0,1,0.01,0.01,0.99,0.01,1,158047.53,158047.53,107111.19,0,2026-09-14T17:22:00Z,2026-09-15T11:01:07Z,2026-09-29T08:30:00Z,,no,Clara Vlasselaer,structured,,,,True,2026-09-15T17:18:21+00:00
kalshi,KXATPCHALLENGERMATCH-26SEP15CASJAS-JAS,https://kalshi.com/markets/kxatpchallengermatch/challenger-atp,https://kalshi.com/markets/kxatpchallengermatch/challenger-atp/kxatpchallengermatch-26sep15casjas,Omar Jasika wins,Omar Jasika,KXATPCHALLENGERMATCH-26SEP15CASJAS,Castelnuovo vs Jasika,KXATPCHALLENGERMATCH,Challenger ATP ,Sports,"[""Tennis""]",settled,binary,0,1,0.01,0.01,0.99,0.01,1,157630.07,157630.07,113255.99,0,2026-09-14T19:40:00Z,2026-09-15T09:40:27Z,2026-09-29T07:30:00Z,,no,Luca Castelnuovo,structured,,,,True,2026-09-15T17:18:23+00:00
kalshi,KXITFMATCH-26SEP15GRAREJ-GRA,https://kalshi.com/markets/kxitfmatch/itf-men-s-match,https://kalshi.com/markets/kxitfmatch/itf-men-s-match/kxitfmatch-26sep15grarej,Sacha Grandvincent wins,Sacha Grandvincent,KXITFMATCH-26SEP15GRAREJ,Grandvincent vs Rejchtman Vinciguerra,KXITFMATCH,ITF Men's Match,Sports,"[""Tennis""]",settled,binary,0,1,0.01,0.01,0.99,0.01,1,156873.01,156873.01,67849.45,0,2026-09-14T18:42:00Z,2026-09-15T14:45:28Z,2026-09-29T10:00:00Z,,no,William Rejchtman Vinciguerra,structured,,,,True,2026-09-15T17:18:18+00:00
kalshi,KXNFL1HTOTAL-26SEP14DENKC-25,https://kalshi.com/markets/kxnfl1htotal/pro-football-1st-half-total-points,https://kalshi.com/markets/kxnfl1htotal/pro-football-1st-half-total-points/kxnfl1htotal-26sep14denkc,Will there be over 24.5 1H points scored?,Over 24.5 1H points scored,KXNFL1HTOTAL-26SEP14DENKC,DEN Broncos vs KC Chiefs: 1st Half Total,KXNFL1HTOTAL,Pro Football 1st  Half Total Points,Sports,"[""Football""]",settled,binary,0,1,0.01,0.01,0.99,0.01,1,158789.04,156796.52,79854.43,0,2026-09-02T18:37:00Z,2026-09-15T02:00:08Z,2026-09-17T00:15:00Z,,no,21,greater,24.5,,,True,2026-09-15T17:18:40+00:00
kalshi,KXBTCD-26SEP1510-T76999.99,https://kalshi.com/markets/kxbtcd/bitcoin-price-above-below,https://kalshi.com/markets/kxbtcd/bitcoin-price-above-below/kxbtcd-26sep1510,"Bitcoin price on Sep 15, 2026?","$77,000 or above",KXBTCD-26SEP1510,"BTC price on Sep 15, 2026 at 10am EDT?",KXBTCD,Bitcoin price Above/below,Crypto,"[""Hourly"", ""BTC""]",settled,binary,0,1,0.01,0.01,0.99,0.01,1,156260.02,156260.02,40490.74,0,2026-09-15T13:00:00Z,2026-09-15T14:00:00Z,2026-09-22T14:00:00Z,,no,76500.68,greater,76999.99,,BRTI,True,2026-09-15T17:18:19+00:00
kalshi,KXETH15M-26SEP142330-30,https://kalshi.com/markets/kxeth15m/eth-15m-price-up-down,https://kalshi.com/markets/kxeth15m/eth-15m-price-up-down/kxeth15m-26sep142330,ETH price up in next 15 mins?,"Target Price: $2,498.47",KXETH15M-26SEP142330,"ETH 15 min · $2,498.47 target",KXETH15M,ETH 15M price up down,Crypto,"[""ETH"", ""15 min"", ""15 Min Markets""]",settled,binary,0,1,0.999,0.999,0.001,0.999,1,155879.79,155879.79,78158.81,0,2026-09-15T03:15:00Z,2026-09-15T03:30:00Z,2026-09-22T03:30:00Z,,yes,2501.99,greater_or_equal,2498.47,,,True,2026-09-15T17:18:35+00:00
kalshi,KXETH15M-26SEP142130-30,https://kalshi.com/markets/kxeth15m/eth-15m-price-up-down,https://kalshi.com/markets/kxeth15m/eth-15m-price-up-down/kxeth15m-26sep142130,ETH price up in next 15 mins?,"Target Price: $2,511.94",KXETH15M-26SEP142130,"ETH 15 min · $2,511.94 target",KXETH15M,ETH 15M price up down,Crypto,"[""ETH"", ""15 min"", ""15 Min Markets""]",settled,binary,0,1,0.001,0.001,0.999,0.001,1,155449.91,155449.91,55988.13,0,2026-09-15T01:15:00Z,2026-09-15T01:30:00Z,2026-09-22T01:30:00Z,,no,2509.92,greater_or_equal,2511.94,,,True,2026-09-15T17:18:42+00:00
kalshi,KXGOLD15M-26SEP141700-00,https://kalshi.com/markets/kxgold15m/gold-15-minute,https://kalshi.com/markets/kxgold15m/gold-15-minute/kxgold15m-26sep141700,Gold price up in next 15 mins?,"Target Price: $4,294.95",KXGOLD15M-26SEP141700,"Gold 15 min · $4,294.95 target",KXGOLD15M,Gold 15-minute,Commodities,"[""Metals""]",settled,binary,0,1,0.999,0.999,0.001,0.999,1,154636.64,154636.64,70784.28,0,2026-09-14T20:45:00Z,2026-09-14T21:00:00Z,2026-09-21T21:00:00Z,,yes,4299.16,greater_or_equal,4294.95,,,True,2026-09-15T17:18:51+00:00
kalshi,KXBTCD-26SEP1507-T77099.99,https://kalshi.com/markets/kxbtcd/bitcoin-price-above-below,https://kalshi.com/markets/kxbtcd/bitcoin-price-above-below/kxbtcd-26sep1507,"Bitcoin price on Sep 15, 2026?","$77,100 or above",KXBTCD-26SEP1507,"BTC price on Sep 15, 2026 at 7am EDT?",KXBTCD,Bitcoin price Above/below,Crypto,"[""Hourly"", ""BTC""]",settled,binary,0,1,0.01,0.01,0.99,0.01,1,154608.84,154608.84,29466.66,0,2026-09-15T10:00:00Z,2026-09-15T11:00:00Z,2026-09-22T11:00:00Z,,no,77026.52,greater,77099.99,,BRTI,True,2026-09-15T17:18:21+00:00
kalshi,KXBTCD-26SEP1511-T75599.99,https://kalshi.com/markets/kxbtcd/bitcoin-price-above-below,https://kalshi.com/markets/kxbtcd/bitcoin-price-above-below/kxbtcd-26sep1511,"Bitcoin price on Sep 15, 2026?","$75,600 or above",KXBTCD-26SEP1511,"BTC price on Sep 15, 2026 at 11am EDT?",KXBTCD,Bitcoin price Above/below,Crypto,"[""Hourly"", ""BTC""]",settled,binary,0,1,0.99,0.99,0.01,0.99,1,154045.4,154045.4,43330.33,0,2026-09-15T14:00:00Z,2026-09-15T15:00:00Z,2026-09-22T15:00:00Z,,yes,75894.71,greater,75599.99,,BRTI,True,2026-09-15T17:18:18+00:00
kalshi,KXBTCD-26SEP1509-T76799.99,https://kalshi.com/markets/kxbtcd/bitcoin-price-above-below,https://kalshi.com/markets/kxbtcd/bitcoin-price-above-below/kxbtcd-26sep1509,"Bitcoin price on Sep 15, 2026?","$76,800 or above",KXBTCD-26SEP1509,"BTC price on Sep 15, 2026 at 9am EDT?",KXBTCD,Bitcoin price Above/below,Crypto,"[""Hourly"", ""BTC""]",settled,binary,0,1,0.99,0.99,0.01,0.99,1,153926.2,153926.2,50341.25,0,2026-09-15T12:00:00Z,2026-09-15T13:00:00Z,2026-09-22T13:00:00Z,,yes,76910.95,greater,76799.99,,BRTI,True,2026-09-15T17:18:20+00:00
kalshi,KXSERIEASPREAD-26SEP14INTUDI-INT3,https://kalshi.com/markets/kxserieaspread/serie-a-spread,https://kalshi.com/markets/kxserieaspread/serie-a-spread/kxserieaspread-26sep14intudi,Inter wins by more than 2.5 goals?,Inter wins by more than 2.5 goals,KXSERIEASPREAD-26SEP14INTUDI,Inter vs Udinese: Spread,KXSERIEASPREAD,Serie A Spread,Sports,"[""Soccer""]",settled,binary,0,1,0.01,0.01,0.99,0.01,1,156399.61,153803.62,61443.4,0,2026-09-07T19:07:00Z,2026-09-14T21:05:46Z,2026-09-17T00:45:00Z,,no,2,greater,2.5,,,True,2026-09-15T17:18:50+00:00
kalshi,KXMLBSPREAD-26SEP142140MIAAZ-AZ2,https://kalshi.com/markets/kxmlbspread/pro-baseball-spread,https://kalshi.com/markets/kxmlbspread/pro-baseball-spread/kxmlbspread-26sep142140miaaz,Arizona wins by over 1.5 runs?,Arizona wins by over 1.5 runs,KXMLBSPREAD-26SEP142140MIAAZ,Miami vs Arizona: Spread,KXMLBSPREAD,Pro Baseball Spread,Sports,"[""Baseball""]",settled,binary,0,1,0.01,0.01,0.99,0.01,1,154982.37,153723.13,94826.85,0,2026-09-13T20:00:00Z,2026-09-15T04:49:32Z,2026-09-18T01:40:00Z,,no,1,greater,1.5,,,True,2026-09-15T17:18:32+00:00
kalshi,KXITFMATCH-26SEP14BARJIN-JIN,https://kalshi.com/markets/kxitfmatch/itf-men-s-match,https://kalshi.com/markets/kxitfmatch/itf-men-s-match/kxitfmatch-26sep14barjin,Yuquan Jin wins,Yuquan Jin,KXITFMATCH-26SEP14BARJIN,Barsukov vs Jin,KXITFMATCH,ITF Men's Match,Sports,"[""Tennis""]",settled,binary,0,1,0.01,0.01,0.99,0.01,1,153509.92,153509.92,109648.95,0,2026-09-14T11:42:00Z,2026-09-15T05:01:28Z,2026-09-29T03:30:00Z,,no,Nikolai Barsukov,structured,,,,True,2026-09-15T17:18:30+00:00
kalshi,KXARGPREMDIVGAME-26SEP14RIELAN-RIE,https://kalshi.com/markets/kxargpremdivgame/argentina-primera-division-game,https://kalshi.com/markets/kxargpremdivgame/argentina-primera-division-game/kxargpremdivgame-26sep14rielan,Riestra wins,Riestra,KXARGPREMDIVGAME-26SEP14RIELAN,Riestra vs Lanus,KXARGPREMDIVGAME,Argentina Primera Division Game,Sports,"[""Soccer""]",settled,binary,0,1,0.01,0.01,0.99,0.01,1,155331.91,152872.85,118718.07,0,2026-09-10T00:34:00Z,2026-09-15T00:02:37Z,2026-09-16T22:00:00Z,,no,Lanus,structured,,,,True,2026-09-15T17:18:45+00:00
kalshi,KXEGYPLGAME-26SEP15DEGMOK-TIE,https://kalshi.com/markets/kxegyplgame/egyptian-premier-league-game,https://kalshi.com/markets/kxegyplgame/egyptian-premier-league-game/kxegyplgame-26sep15degmok,Tie is the result,Tie,KXEGYPLGAME-26SEP15DEGMOK,Wadi Degla SC vs Al Mokawloon,KXEGYPLGAME,Egyptian Premier League Game,Sports,"[""Soccer""]",settled,binary,0,1,0.01,0.01,0.99,0.01,1,152844.29,152822.29,66236.82,0,2026-09-11T00:35:00Z,2026-09-15T16:32:53Z,2026-09-17T14:00:00Z,,no,Al Mokawloon,structured,,,,True,2026-09-15T17:18:17+00:00
kalshi,KXETH15M-26SEP142200-00,https://kalshi.com/markets/kxeth15m/eth-15m-price-up-down,https://kalshi.com/markets/kxeth15m/eth-15m-price-up-down/kxeth15m-26sep142200,ETH price up in next 15 mins?,"Target Price: $2,516.24",KXETH15M-26SEP142200,"ETH 15 min · $2,516.24 target",KXETH15M,ETH 15M price up down,Crypto,"[""ETH"", ""15 min"", ""15 Min Markets""]",settled,binary,0,1,0.001,0.001,0.999,0.001,1,152160.99,152160.99,55612.05,0,2026-09-15T01:45:00Z,2026-09-15T02:00:00Z,2026-09-22T02:00:00Z,,no,2514.88,greater_or_equal,2516.24,,,True,2026-09-15T17:18:41+00:00
kalshi,KXNFL1HSPREAD-26SEP14DENKC-KC4,https://kalshi.com/markets/kxnfl1hspread/pro-football-1st-half-spread,https://kalshi.com/markets/kxnfl1hspread/pro-football-1st-half-spread/kxnfl1hspread-26sep14denkc,KC Chiefs wins 1H by over 3.5 points?,KC Chiefs wins 1H by over 3.5 points,KXNFL1HSPREAD-26SEP14DENKC,DEN Broncos vs KC Chiefs: 1st Half Spread,KXNFL1HSPREAD,Pro Football 1st Half Spread,Sports,"[""Football""]",settled,binary,0,1,0.99,0.99,0.01,0.99,1,159400.35,151467.23,85665.96,0,2026-09-02T18:37:00Z,2026-09-15T02:00:05Z,2026-09-17T00:15:00Z,,yes,7,greater,3.5,,,True,2026-09-15T17:18:40+00:00
kalshi,KXETH15M-26SEP142115-15,https://kalshi.com/markets/kxeth15m/eth-15m-price-up-down,https://kalshi.com/markets/kxeth15m/eth-15m-price-up-down/kxeth15m-26sep142115,ETH price up in next 15 mins?,"Target Price: $2,515.54",KXETH15M-26SEP142115,"ETH 15 min · $2,515.54 target",KXETH15M,ETH 15M price up down,Crypto,"[""ETH"", ""15 min"", ""15 Min Markets""]",settled,binary,0,1,0.001,0.001,0.999,0.001,1,151380.17,151380.17,45847.12,0,2026-09-15T01:00:00Z,2026-09-15T01:15:00Z,2026-09-22T01:15:00Z,,no,2511.94,greater_or_equal,2515.54,,,True,2026-09-15T17:18:42+00:00
kalshi,KXITFWMATCH-26SEP15SOASAN-SAN,https://kalshi.com/markets/kxitfwmatch/itf-women-s-match,https://kalshi.com/markets/kxitfwmatch/itf-women-s-match/kxitfwmatch-26sep15soasan,Sophia Santos wins,Sophia Santos,KXITFWMATCH-26SEP15SOASAN,Soares vs Santos,KXITFWMATCH,ITF Women's Match,Sports,"[""Tennis""]",settled,binary,0,1,0.01,0.01,0.99,0.01,1,151073.9,151073.9,98787.89,0,2026-09-14T21:12:00Z,2026-09-15T14:55:25Z,2026-09-29T13:00:00Z,,no,Mariana Soares,structured,,,,True,2026-09-15T17:18:18+00:00
kalshi,KXMLBSPREAD-26SEP141840CWSCLE-CLE2,https://kalshi.com/markets/kxmlbspread/pro-baseball-spread,https://kalshi.com/markets/kxmlbspread/pro-baseball-spread/kxmlbspread-26sep141840cwscle,Cleveland wins by over 1.5 runs?,Cleveland wins by over 1.5 runs,KXMLBSPREAD-26SEP141840CWSCLE,Chicago WS vs Cleveland: Spread,KXMLBSPREAD,Pro Baseball Spread,Sports,"[""Baseball""]",settled,binary,0,1,0.01,0.01,0.99,0.01,1,178587.18,150983.16,103458.01,0,2026-09-13T20:00:00Z,2026-09-15T01:55:03Z,2026-09-17T22:40:00Z,,no,4,greater,1.5,,,True,2026-09-15T17:18:42+00:00
kalshi,KXWTACHALLENGERMATCH-26SEP15JORGAO-GAO,https://kalshi.com/markets/kxwtachallengermatch/challenger-wta,https://kalshi.com/markets/kxwtachallengermatch/challenger-wta/kxwtachallengermatch-26sep15jorgao,Xinyu Gao wins,Xinyu Gao,KXWTACHALLENGERMATCH-26SEP15JORGAO,Jorge vs Gao,KXWTACHALLENGERMATCH,Challenger WTA,Sports,"[""Tennis""]",settled,binary,0,1,0.01,0.01,0.99,0.01,1,150358.44,150358.44,93545.88,0,2026-09-15T01:40:00Z,2026-09-15T15:20:32Z,2026-09-29T13:30:00Z,,no,Francisca Jorge,structured,,,,True,2026-09-15T17:18:18+00:00
kalshi,KXBTCD-26SEP1419-T78399.99,https://kalshi.com/markets/kxbtcd/bitcoin-price-above-below,https://kalshi.com/markets/kxbtcd/bitcoin-price-above-below/kxbtcd-26sep1419,"Bitcoin price on Sep 14, 2026?","$78,400 or above",KXBTCD-26SEP1419,"BTC price on Sep 14, 2026 at 7pm EDT?",KXBTCD,Bitcoin price Above/below,Crypto,"[""Hourly"", ""BTC""]",settled,binary,0,1,0.99,0.99,0.01,0.99,1,149976.5,149976.5,68703.73,0,2026-09-14T22:00:00Z,2026-09-14T23:00:00Z,2026-09-21T23:00:00Z,,yes,78548.70,greater,78399.99,,BRTI,True,2026-09-15T17:18:47+00:00
kalshi,KXBRASILEIROBGAME-26SEP14AMGSBE-AMG,https://kalshi.com/markets/kxbrasileirobgame/brasileiro-serie-b-game,https://kalshi.com/markets/kxbrasileirobgame/brasileiro-serie-b-game/kxbrasileirobgame-26sep14amgsbe,America FC wins,America FC,KXBRASILEIROBGAME-26SEP14AMGSBE,America FC vs Sao Bernardo,KXBRASILEIROBGAME,Brasileiro Serie B Game,Sports,"[""Soccer""]",settled,binary,0,1,0.01,0.01,0.99,0.01,1,149380.32,149197.94,77455.18,0,2026-09-08T05:34:00Z,2026-09-15T00:32:18Z,2026-09-16T22:30:00Z,,no,Sao Bernardo,structured,,,,True,2026-09-15T17:18:44+00:00
kalshi,KXETH15M-26SEP141645-45,https://kalshi.com/markets/kxeth15m/eth-15m-price-up-down,https://kalshi.com/markets/kxeth15m/eth-15m-price-up-down/kxeth15m-26sep141645,ETH price up in next 15 mins?,"Target Price: $2,599.91",KXETH15M-26SEP141645,"ETH 15 min · $2,599.91 target",KXETH15M,ETH 15M price up down,Crypto,"[""ETH"", ""15 min"", ""15 Min Markets""]",settled,binary,0,1,0.001,0.001,0.999,0.001,1,148965.57,148965.57,84028.34,0,2026-09-14T20:30:00Z,2026-09-14T20:45:00Z,2026-09-21T20:45:00Z,,no,2587.04,greater_or_equal,2599.91,,,True,2026-09-15T17:18:52+00:00
kalshi,KXETH15M-26SEP150115-15,https://kalshi.com/markets/kxeth15m/eth-15m-price-up-down,https://kalshi.com/markets/kxeth15m/eth-15m-price-up-down/kxeth15m-26sep150115,ETH price up in next 15 mins?,"Target Price: $2,491.11",KXETH15M-26SEP150115,,KXETH15M,ETH 15M price up down,Crypto,"[""ETH"", ""15 min"", ""15 Min Markets""]",settled,binary,0,1,0.001,0.001,0.999,0.001,1,148856.65,148856.65,56202.83,0,2026-09-15T05:00:00Z,2026-09-15T05:15:00Z,2026-09-22T05:15:00Z,,no,2481.40,greater_or_equal,2491.11,,,True,2026-09-15T17:18:30+00:00
kalshi,KXITFWMATCH-26SEP15NIEKAR-NIE,https://kalshi.com/markets/kxitfwmatch/itf-women-s-match,https://kalshi.com/markets/kxitfwmatch/itf-women-s-match/kxitfwmatch-26sep15niekar,Jule Niemeier wins,Jule Niemeier,KXITFWMATCH-26SEP15NIEKAR,Niemeier vs Karatancheva,KXITFWMATCH,ITF Women's Match,Sports,"[""Tennis""]",settled,binary,0,1,0.01,0.01,0.99,0.01,1,148377.41,148377.41,70306.82,0,2026-09-14T17:12:00Z,2026-09-15T12:15:36Z,2026-09-29T09:00:00Z,,no,Lia Karatancheva,structured,,,,True,2026-09-15T17:18:20+00:00
kalshi,KXBTCD-26SEP1508-T76799.99,https://kalshi.com/markets/kxbtcd/bitcoin-price-above-below,https://kalshi.com/markets/kxbtcd/bitcoin-price-above-below/kxbtcd-26sep1508,"Bitcoin price on Sep 15, 2026?","$76,800 or above",KXBTCD-26SEP1508,"BTC price on Sep 15, 2026 at 8am EDT?",KXBTCD,Bitcoin price Above/below,Crypto,"[""Hourly"", ""BTC""]",settled,binary,0,1,0.99,0.99,0.01,0.99,1,148312.18,148312.18,38700.73,0,2026-09-15T11:00:00Z,2026-09-15T12:00:00Z,2026-09-22T12:00:00Z,,yes,76910.41,greater,76799.99,,BRTI,True,2026-09-15T17:18:21+00:00
kalshi,KXATPCHALLENGERMATCH-26SEP15CADFOR-FOR,https://kalshi.com/markets/kxatpchallengermatch/challenger-atp,https://kalshi.com/markets/kxatpchallengermatch/challenger-atp/kxatpchallengermatch-26sep15cadfor,Francesco Forti wins,Francesco Forti,KXATPCHALLENGERMATCH-26SEP15CADFOR,Cadenasso vs Forti,KXATPCHALLENGERMATCH,Challenger ATP ,Sports,"[""Tennis""]",settled,binary,0,1,0.99,0.99,0.01,0.99,1,148281.65,148281.65,113459.34,0,2026-09-15T01:50:00Z,2026-09-15T17:01:15Z,2026-09-29T13:40:00Z,,yes,Francesco Forti,structured,,,,True,2026-09-15T17:18:16+00:00
kalshi,KXMLBTOTAL-26SEP141907DETTOR-9,https://kalshi.com/markets/kxmlbtotal/pro-baseball-total-points,https://kalshi.com/markets/kxmlbtotal/pro-baseball-total-points/kxmlbtotal-26sep141907dettor,Over 8.5 runs scored,Over 8.5 runs scored,KXMLBTOTAL-26SEP141907DETTOR,Detroit vs Toronto: Total Runs,KXMLBTOTAL,Pro Baseball Total Points,Sports,"[""Baseball""]",settled,binary,0,1,0.99,0.99,0.01,0.99,1,221795.08,148210.7,159667.24,0,2026-09-13T20:00:00Z,2026-09-15T01:29:43Z,2026-09-17T23:07:00Z,,yes,9,greater,8.5,,,True,2026-09-15T17:18:42+00:00
kalshi,KXBTCD-26SEP1511-T76199.99,https://kalshi.com/markets/kxbtcd/bitcoin-price-above-below,https://kalshi.com/markets/kxbtcd/bitcoin-price-above-below/kxbtcd-26sep1511,"Bitcoin price on Sep 15, 2026?","$76,200 or above",KXBTCD-26SEP1511,"BTC price on Sep 15, 2026 at 11am EDT?",KXBTCD,Bitcoin price Above/below,Crypto,"[""Hourly"", ""BTC""]",settled,binary,0,1,0.01,0.01,0.99,0.01,1,147953.41,147953.41,52416.06,0,2026-09-15T14:00:00Z,2026-09-15T15:00:00Z,2026-09-22T15:00:00Z,,no,75894.71,greater,76199.99,,BRTI,True,2026-09-15T17:18:18+00:00
kalshi,KXATPCHALLENGERMATCH-26SEP15BINWAN-BIN,https://kalshi.com/markets/kxatpchallengermatch/challenger-atp,https://kalshi.com/markets/kxatpchallengermatch/challenger-atp/kxatpchallengermatch-26sep15binwan,Alexander Binda wins,Alexander Binda,KXATPCHALLENGERMATCH-26SEP15BINWAN,,KXATPCHALLENGERMATCH,Challenger ATP ,Sports,"[""Tennis""]",settled,binary,0,1,0.99,0.99,0.01,0.99,1,147363.31,147363.31,107671.26,0,2026-09-14T20:50:00Z,2026-09-15T13:50:23Z,2026-09-29T08:40:00Z,,yes,Alexander Binda,structured,,,,True,2026-09-15T17:18:19+00:00
kalshi,KXBTCD-26SEP1510-T76699.99,https://kalshi.com/markets/kxbtcd/bitcoin-price-above-below,https://kalshi.com/markets/kxbtcd/bitcoin-price-above-below/kxbtcd-26sep1510,"Bitcoin price on Sep 15, 2026?","$76,700 or above",KXBTCD-26SEP1510,"BTC price on Sep 15, 2026 at 10am EDT?",KXBTCD,Bitcoin price Above/below,Crypto,"[""Hourly"", ""BTC""]",settled,binary,0,1,0.01,0.01,0.99,0.01,1,147355.35,147355.35,40325.72,0,2026-09-15T13:00:00Z,2026-09-15T14:00:00Z,2026-09-22T14:00:00Z,,no,76500.68,greater,76699.99,,BRTI,True,2026-09-15T17:18:19+00:00
kalshi,KXGOLD15M-26SEP150415-15,https://kalshi.com/markets/kxgold15m/gold-15-minute,https://kalshi.com/markets/kxgold15m/gold-15-minute/kxgold15m-26sep150415,Gold price up in next 15 mins?,"Target Price: $4,280.75",KXGOLD15M-26SEP150415,,KXGOLD15M,Gold 15-minute,Commodities,"[""Metals""]",settled,binary,0,1,0.004,0.004,0.996,0.004,1,146791.45,146791.45,75912.04,0,2026-09-15T08:00:00Z,2026-09-15T08:15:00Z,2026-09-22T08:15:00Z,,no,4267.68,greater_or_equal,4280.75,,,True,2026-09-15T17:18:24+00:00
kalshi,KXBTCD-26SEP1508-T76999.99,https://kalshi.com/markets/kxbtcd/bitcoin-price-above-below,https://kalshi.com/markets/kxbtcd/bitcoin-price-above-below/kxbtcd-26sep1508,"Bitcoin price on Sep 15, 2026?","$77,000 or above",KXBTCD-26SEP1508,"BTC price on Sep 15, 2026 at 8am EDT?",KXBTCD,Bitcoin price Above/below,Crypto,"[""Hourly"", ""BTC""]",settled,binary,0,1,0.01,0.01,0.99,0.01,1,146655.14,146655.14,45000.51,0,2026-09-15T11:00:00Z,2026-09-15T12:00:00Z,2026-09-22T12:00:00Z,,no,76910.41,greater,76999.99,,BRTI,True,2026-09-15T17:18:21+00:00
kalshi,KXBTCD-26SEP1503-T77499.99,https://kalshi.com/markets/kxbtcd/bitcoin-price-above-below,https://kalshi.com/markets/kxbtcd/bitcoin-price-above-below/kxbtcd-26sep1503,"Bitcoin price on Sep 15, 2026?","$77,500 or above",KXBTCD-26SEP1503,"BTC price on Sep 15, 2026 at 3am EDT?",KXBTCD,Bitcoin price Above/below,Crypto,"[""Hourly"", ""BTC""]",settled,binary,0,1,0.01,0.01,0.99,0.01,1,146566.42,146566.42,41790.55,0,2026-09-15T06:00:00Z,2026-09-15T07:00:00Z,2026-09-22T07:00:00Z,,no,77250.27,greater,77499.99,,BRTI,True,2026-09-15T17:18:28+00:00
kalshi,KXBTCD-26SEP1510-T76099.99,https://kalshi.com/markets/kxbtcd/bitcoin-price-above-below,https://kalshi.com/markets/kxbtcd/bitcoin-price-above-below/kxbtcd-26sep1510,"Bitcoin price on Sep 15, 2026?","$76,100 or above",KXBTCD-26SEP1510,"BTC price on Sep 15, 2026 at 10am EDT?",KXBTCD,Bitcoin price Above/below,Crypto,"[""Hourly"", ""BTC""]",settled,binary,0,1,0.99,0.99,0.01,0.99,1,146149.22,146149.22,40764.74,0,2026-09-15T13:00:00Z,2026-09-15T14:00:00Z,2026-09-22T14:00:00Z,,yes,76500.68,greater,76099.99,,BRTI,True,2026-09-15T17:18:19+00:00
kalshi,KXGOLD15M-26SEP150300-00,https://kalshi.com/markets/kxgold15m/gold-15-minute,https://kalshi.com/markets/kxgold15m/gold-15-minute/kxgold15m-26sep150300,Gold price up in next 15 mins?,"Target Price: $4,290.76",KXGOLD15M-26SEP150300,,KXGOLD15M,Gold 15-minute,Commodities,"[""Metals""]",settled,binary,0,1,0.992,0.992,0.008,0.992,1,146119.59,146119.59,59208.32,0,2026-09-15T06:45:00Z,2026-09-15T07:00:00Z,2026-09-22T07:00:00Z,,yes,4293.84,greater_or_equal,4290.76,,,True,2026-09-15T17:18:27+00:00
kalshi,KXETH15M-26SEP142015-15,https://kalshi.com/markets/kxeth15m/eth-15m-price-up-down,https://kalshi.com/markets/kxeth15m/eth-15m-price-up-down/kxeth15m-26sep142015,ETH price up in next 15 mins?,"Target Price: $2,514.67",KXETH15M-26SEP142015,,KXETH15M,ETH 15M price up down,Crypto,"[""ETH"", ""15 min"", ""15 Min Markets""]",settled,binary,0,1,0.001,0.001,0.999,0.001,1,145772.44,145772.44,51712.79,0,2026-09-15T00:00:00Z,2026-09-15T00:15:00Z,2026-09-22T00:15:00Z,,no,2512.25,greater_or_equal,2514.67,,,True,2026-09-15T17:18:45+00:00
kalshi,KXBTCD-26SEP1507-T76899.99,https://kalshi.com/markets/kxbtcd/bitcoin-price-above-below,https://kalshi.com/markets/kxbtcd/bitcoin-price-above-below/kxbtcd-26sep1507,"Bitcoin price on Sep 15, 2026?","$76,900 or above",KXBTCD-26SEP1507,"BTC price on Sep 15, 2026 at 7am EDT?",KXBTCD,Bitcoin price Above/below,Crypto,"[""Hourly"", ""BTC""]",settled,binary,0,1,0.98,0.98,0.02,0.98,1,145155.57,145155.57,33155.07,0,2026-09-15T10:00:00Z,2026-09-15T11:00:00Z,2026-09-22T11:00:00Z,,yes,77026.52,greater,76899.99,,BRTI,True,2026-09-15T17:18:21+00:00
kalshi,KXNFLRSHYDS-26SEP14DENKC-KCPMAHOMES15-15,https://kalshi.com/markets/kxnflrshyds/pro-football-rushing-yards,https://kalshi.com/markets/kxnflrshyds/pro-football-rushing-yards/kxnflrshyds-26sep14denkc,Patrick Mahomes: 15+ rushing yards,Patrick Mahomes: 15+,KXNFLRSHYDS-26SEP14DENKC,,KXNFLRSHYDS,Pro Football Rushing Yards,Sports,"[""Football""]",settled,binary,0,1,0.99,0.99,0.01,0.99,1,179459.48,145007.42,127798.64,0,2026-09-10T23:28:00Z,2026-09-15T03:35:24Z,2026-09-17T00:15:00Z,,yes,rushing_yards,greater,14.5,,,True,2026-09-15T17:18:35+00:00
kalshi,KXBNB15M-26SEP142030-30,https://kalshi.com/markets/kxbnb15m/bnb-15-minute,https://kalshi.com/markets/kxbnb15m/bnb-15-minute/kxbnb15m-26sep142030,BNB price up in next 15 mins?,Target Price: $719.66,KXBNB15M-26SEP142030,,KXBNB15M,BNB 15 Minute,Crypto,"[""BNB"", ""15 min"", ""15 Min Markets""]",settled,binary,0,1,0.999,0.999,0.001,0.999,1,144926.09,144926.09,124762.52,0,2026-09-15T00:15:00Z,2026-09-15T00:30:00Z,2026-09-22T00:30:00Z,,yes,719.83,greater_or_equal,719.66,,,True,2026-09-15T17:18:44+00:00
kalshi,KXARGPREMDIVGAME-26SEP14IACCRCU-RCU,https://kalshi.com/markets/kxargpremdivgame/argentina-primera-division-game,https://kalshi.com/markets/kxargpremdivgame/argentina-primera-division-game/kxargpremdivgame-26sep14iaccrcu,Rio Cuarto wins,Rio Cuarto,KXARGPREMDIVGAME-26SEP14IACCRCU,Instituto Cordoba vs Rio Cuarto,KXARGPREMDIVGAME,Argentina Primera Division Game,Sports,"[""Soccer""]",settled,binary,0,1,0.01,0.01,0.99,0.01,1,144661.07,144066.7,95258.77,0,2026-09-11T00:34:00Z,2026-09-15T02:32:09Z,2026-09-17T00:15:00Z,,no,Instituto Cordoba,structured,,,,True,2026-09-15T17:18:38+00:00
kalshi,KXITFMATCH-26SEP15GRAREJ-REJ,https://kalshi.com/markets/kxitfmatch/itf-men-s-match,https://kalshi.com/markets/kxitfmatch/itf-men-s-match/kxitfmatch-26sep15grarej,William Rejchtman Vinciguerra wins,William Rejchtman Vinciguerra,KXITFMATCH-26SEP15GRAREJ,Grandvincent vs Rejchtman Vinciguerra,KXITFMATCH,ITF Men's Match,Sports,"[""Tennis""]",settled,binary,0,1,0.99,0.99,0.01,0.99,1,143412.27,143412.27,62337.1,0,2026-09-14T18:42:00Z,2026-09-15T14:45:28Z,2026-09-29T10:00:00Z,,yes,William Rejchtman Vinciguerra,structured,,,,True,2026-09-15T17:18:18+00:00
kalshi,KXMLBRFI-26SEP142140MIAAZ,https://kalshi.com/markets/kxmlbrfi/pro-baseball-run-in-first-inning,https://kalshi.com/markets/kxmlbrfi/pro-baseball-run-in-first-inning/kxmlbrfi-26sep142140miaaz,1st inning: Over 0.5 runs,Over 0.5 runs in the 1st inning,KXMLBRFI-26SEP142140MIAAZ,,KXMLBRFI,Pro Baseball Run in First Inning,Sports,"[""Baseball""]",settled,binary,0,1,0.01,0.01,0.99,0.01,1,150631.58,142701.4,109370.73,0,2026-09-12T02:10:00Z,2026-09-15T01:59:45Z,2026-09-18T01:40:00Z,,no,No,greater_or_equal,1,,,True,2026-09-15T17:18:42+00:00
kalshi,KXMLBF5-26SEP141840LADCIN-LAD,https://kalshi.com/markets/kxmlbf5/first-5-innings-winner,https://kalshi.com/markets/kxmlbf5/first-5-innings-winner/kxmlbf5-26sep141840ladcin,Los Angeles D first 5 innings winner,Los Angeles D wins first 5 innings,KXMLBF5-26SEP141840LADCIN,,KXMLBF5,First 5 Innings Winner,Sports,"[""Baseball""]",settled,binary,0,1,0.99,0.99,0.01,0.99,1,153402.66,142632.58,109352.21,0,2026-09-13T20:00:00Z,2026-09-15T00:15:06Z,2026-09-17T22:40:00Z,,yes,5ee3dc32-f192-4b80-ac4a-fd285f36dc1a,structured,,,,True,2026-09-15T17:18:45+00:00
kalshi,KXSOL15M-26SEP150030-30,https://kalshi.com/markets/kxsol15m/solana-15-minutes,https://kalshi.com/markets/kxsol15m/solana-15-minutes/kxsol15m-26sep150030,SOL price up in next 15 mins?,Target Price: $101.4775,KXSOL15M-26SEP150030,,KXSOL15M,Solana 15 minutes,Crypto,"[""15 min"", ""SOL"", ""15 Min Markets""]",settled,binary,0,1,0.001,0.001,0.999,0.001,1,142357.87,142357.87,41604.72,0,2026-09-15T04:15:00Z,2026-09-15T04:30:00Z,2026-09-22T04:30:00Z,,no,101.4628,greater_or_equal,101.4775,,,True,2026-09-15T17:18:32+00:00
kalshi,KXATPCHALLENGERMATCH-26SEP15BINWAN-WAN,https://kalshi.com/markets/kxatpchallengermatch/challenger-atp,https://kalshi.com/markets/kxatpchallengermatch/challenger-atp/kxatpchallengermatch-26sep15binwan,Aoran Wang wins,Aoran Wang,KXATPCHALLENGERMATCH-26SEP15BINWAN,,KXATPCHALLENGERMATCH,Challenger ATP ,Sports,"[""Tennis""]",settled,binary,0,1,0.01,0.01,0.99,0.01,1,142321.45,142321.45,42061.69,0,2026-09-14T20:50:00Z,2026-09-15T13:50:23Z,2026-09-29T08:40:00Z,,no,Alexander Binda,structured,,,,True,2026-09-15T17:18:19+00:00
kalshi,KXETH15M-26SEP150015-15,https://kalshi.com/markets/kxeth15m/eth-15m-price-up-down,https://kalshi.com/markets/kxeth15m/eth-15m-price-up-down/kxeth15m-26sep150015,ETH price up in next 15 mins?,"Target Price: $2,498.07",KXETH15M-26SEP150015,,KXETH15M,ETH 15M price up down,Crypto,"[""ETH"", ""15 min"", ""15 Min Markets""]",settled,binary,0,1,0.999,0.999,0.001,0.999,1,142256.48,142256.48,35570.01,0,2026-09-15T04:00:00Z,2026-09-15T04:15:00Z,2026-09-22T04:15:00Z,,yes,2498.50,greater_or_equal,2498.07,,,True,2026-09-15T17:18:32+00:00
kalshi,KXETH15M-26SEP142300-00,https://kalshi.com/markets/kxeth15m/eth-15m-price-up-down,https://kalshi.com/markets/kxeth15m/eth-15m-price-up-down/kxeth15m-26sep142300,ETH price up in next 15 mins?,"Target Price: $2,512.84",KXETH15M-26SEP142300,,KXETH15M,ETH 15M price up down,Crypto,"[""ETH"", ""15 min"", ""15 Min Markets""]",settled,binary,0,1,0.001,0.001,0.999,0.001,1,142187.17,142187.17,53064.2,0,2026-09-15T02:45:00Z,2026-09-15T03:00:00Z,2026-09-22T03:00:00Z,,no,2512.20,greater_or_equal,2512.84,,,True,2026-09-15T17:18:37+00:00
kalshi,KXETH15M-26SEP142230-30,https://kalshi.com/markets/kxeth15m/eth-15m-price-up-down,https://kalshi.com/markets/kxeth15m/eth-15m-price-up-down/kxeth15m-26sep142230,ETH price up in next 15 mins?,"Target Price: $2,517.93",KXETH15M-26SEP142230,,KXETH15M,ETH 15M price up down,Crypto,"[""ETH"", ""15 min"", ""15 Min Markets""]",settled,binary,0,1,0.001,0.001,0.999,0.001,1,141921.43,141921.43,57314.01,0,2026-09-15T02:15:00Z,2026-09-15T02:30:00Z,2026-09-22T02:30:00Z,,no,2516.15,greater_or_equal,2517.93,,,True,2026-09-15T17:18:38+00:00
kalshi,KXKBOGAME-26SEP150530KTWHAN-KTW,https://kalshi.com/markets/kxkbogame/kbo-game,https://kalshi.com/markets/kxkbogame/kbo-game/kxkbogame-26sep150530ktwhan,KT Wiz wins,KT Wiz,KXKBOGAME-26SEP150530KTWHAN,,KXKBOGAME,KBO Game,Sports,"[""Baseball""]",settled,binary,0,1,0.99,0.99,0.01,0.99,1,142720.63,141660.78,112366.26,0,2026-09-12T04:11:00Z,2026-09-15T12:24:35Z,2026-09-17T09:30:00Z,,yes,KT Wiz,structured,,,,True,2026-09-15T17:18:20+00:00
kalshi,KXWTI15M-26SEP150000-00,https://kalshi.com/markets/kxwti15m/wti-15-minute,https://kalshi.com/markets/kxwti15m/wti-15-minute/kxwti15m-26sep150000,WTI Oil price up in next 15 mins?,Target Price: $98.42,KXWTI15M-26SEP150000,,KXWTI15M,WTI 15-minute,Commodities,"[""Oil & Gas""]",settled,binary,0,1,0.999,0.999,0.001,0.999,1,141608.53,141608.53,34539.43,0,2026-09-15T03:45:00Z,2026-09-15T04:00:00Z,2026-09-22T04:00:00Z,,yes,98.43,greater_or_equal,98.42,,,True,2026-09-15T17:18:32+00:00
kalshi,KXETH15M-26SEP150145-45,https://kalshi.com/markets/kxeth15m/eth-15m-price-up-down,https://kalshi.com/markets/kxeth15m/eth-15m-price-up-down/kxeth15m-26sep150145,ETH price up in next 15 mins?,"Target Price: $2,488.99",KXETH15M-26SEP150145,,KXETH15M,ETH 15M price up down,Crypto,"[""ETH"", ""15 min"", ""15 Min Markets""]",settled,binary,0,1,0.999,0.999,0.001,0.999,1,141550.65,141550.65,26772.43,0,2026-09-15T05:30:00Z,2026-09-15T05:45:00Z,2026-09-22T05:45:00Z,,yes,2489.67,greater_or_equal,2488.99,,,True,2026-09-15T17:18:29+00:00
kalshi,KXSOL15M-26SEP142115-15,https://kalshi.com/markets/kxsol15m/solana-15-minutes,https://kalshi.com/markets/kxsol15m/solana-15-minutes/kxsol15m-26sep142115,SOL price up in next 15 mins?,Target Price: $102.4795,KXSOL15M-26SEP142115,,KXSOL15M,Solana 15 minutes,Crypto,"[""15 min"", ""SOL"", ""15 Min Markets""]",settled,binary,0,1,0.001,0.001,0.999,0.001,1,141491.03,141491.03,26631.51,0,2026-09-15T01:00:00Z,2026-09-15T01:15:00Z,2026-09-22T01:15:00Z,,no,102.4710,greater_or_equal,102.4795,,,True,2026-09-15T17:18:42+00:00
kalshi,KXAFCCLGAME-26SEP15GAMCON-GAM,https://kalshi.com/markets/kxafcclgame/afc-champions-league-game,https://kalshi.com/markets/kxafcclgame/afc-champions-league-game/kxafcclgame-26sep15gamcon,Gamba wins,Gamba,KXAFCCLGAME-26SEP15GAMCON,,KXAFCCLGAME,AFC Champions League Game,Sports,"[""Soccer""]",settled,binary,0,1,0.99,0.99,0.01,0.99,1,141835.56,141445.24,73683.21,0,2026-09-01T00:34:00Z,2026-09-15T12:02:22Z,2026-09-17T16:00:00Z,,yes,Gamba,structured,,,,True,2026-09-15T17:18:20+00:00
kalshi,KXWTACHALLENGERMATCH-26SEP15WERRAP-WER,https://kalshi.com/markets/kxwtachallengermatch/challenger-wta,https://kalshi.com/markets/kxwtachallengermatch/challenger-wta/kxwtachallengermatch-26sep15werrap,Caroline Werner wins,Caroline Werner,KXWTACHALLENGERMATCH-26SEP15WERRAP,Werner vs Rapolu,KXWTACHALLENGERMATCH,Challenger WTA,Sports,"[""Tennis""]",settled,binary,0,1,0.01,0.01,0.99,0.01,1,141395.05,141395.05,94150.65,0,2026-09-14T21:10:00Z,2026-09-15T13:50:30Z,2026-09-29T09:00:00Z,,no,Malaika Rapolu,structured,,,,True,2026-09-15T17:18:19+00:00
kalshi,KXBTCD-26SEP1513-T76199.99,https://kalshi.com/markets/kxbtcd/bitcoin-price-above-below,https://kalshi.com/markets/kxbtcd/bitcoin-price-above-below/kxbtcd-26sep1513,"Bitcoin price on Sep 15, 2026?","$76,200 or above",KXBTCD-26SEP1513,"BTC price on Sep 15, 2026 at 1pm EDT?",KXBTCD,Bitcoin price Above/below,Crypto,"[""Hourly"", ""BTC""]",settled,binary,0,1,0.99,0.99,0.01,0.99,1,141330.27,141330.27,50602.25,0,2026-09-15T16:00:00Z,2026-09-15T17:00:00Z,2026-09-22T17:00:00Z,,yes,76366.59,greater,76199.99,,BRTI,True,2026-09-15T17:18:17+00:00
kalshi,KXWTAMATCH-26SEP14KOSBAR-KOS,https://kalshi.com/markets/kxwtamatch/wta-tennis-match,https://kalshi.com/markets/kxwtamatch/wta-tennis-match/kxwtamatch-26sep14kosbar,Teodora Kostovic wins,Teodora Kostovic,KXWTAMATCH-26SEP14KOSBAR,Kostovic vs Barros,KXWTAMATCH,WTA Tennis Match,Sports,"[""Tennis""]",settled,binary,0,1,0.99,0.99,0.01,0.99,1,141563.13,141172.32,94882.31,0,2026-09-13T13:05:00Z,2026-09-15T15:24:51Z,2026-09-28T13:00:00Z,,yes,Teodora Kostovic,structured,,,,True,2026-09-15T17:18:18+00:00
kalshi,KXITFWMATCH-26SEP15MARBOU-MAR,https://kalshi.com/markets/kxitfwmatch/itf-women-s-match,https://kalshi.com/markets/kxitfwmatch/itf-women-s-match/kxitfwmatch-26sep15marbou,Diana Martynov wins,Diana Martynov,KXITFWMATCH-26SEP15MARBOU,,KXITFWMATCH,ITF Women's Match,Sports,"[""Tennis""]",settled,binary,0,1,0.99,0.99,0.01,0.99,1,140654.91,140654.91,77891.76,0,2026-09-14T19:42:00Z,2026-09-15T14:40:28Z,2026-09-29T11:30:00Z,,yes,Diana Martynov,structured,,,,True,2026-09-15T17:18:18+00:00
kalshi,KXEPLTOTAL-26SEP14LEENEW-6,https://kalshi.com/markets/kxepltotal/english-premier-league-total-goals,https://kalshi.com/markets/kxepltotal/english-premier-league-total-goals/kxepltotal-26sep14leenew,Will over 5.5 goals be scored?,Over 5.5 goals scored,KXEPLTOTAL-26SEP14LEENEW,Leeds United vs Newcastle: Total Goals,KXEPLTOTAL,English Premier League Total Goals,Sports,"[""Soccer""]",settled,binary,0,1,0.01,0.01,0.99,0.01,1,176751.24,140491.2,101657.61,0,2026-09-07T19:06:00Z,2026-09-14T21:05:15Z,2026-09-17T01:00:00Z,,no,5,greater,5.5,,,True,2026-09-15T17:18:50+00:00
kalshi,KXMLBRFI-26SEP141940NYYMIN,https://kalshi.com/markets/kxmlbrfi/pro-baseball-run-in-first-inning,https://kalshi.com/markets/kxmlbrfi/pro-baseball-run-in-first-inning/kxmlbrfi-26sep141940nyymin,1st inning: Over 0.5 runs,Over 0.5 runs in the 1st inning,KXMLBRFI-26SEP141940NYYMIN,,KXMLBRFI,Pro Baseball Run in First Inning,Sports,"[""Baseball""]",settled,binary,0,1,0.01,0.01,0.99,0.01,1,145092.48,139781.05,94015.89,0,2026-09-12T00:10:00Z,2026-09-15T00:00:00Z,2026-09-17T23:40:00Z,,no,No,greater_or_equal,1,,,True,2026-09-15T17:18:45+00:00
kalshi,KXBTCD-26SEP1512-T76599.99,https://kalshi.com/markets/kxbtcd/bitcoin-price-above-below,https://kalshi.com/markets/kxbtcd/bitcoin-price-above-below/kxbtcd-26sep1512,"Bitcoin price on Sep 15, 2026?","$76,600 or above",KXBTCD-26SEP1512,"BTC price on Sep 15, 2026 at 12pm EDT?",KXBTCD,Bitcoin price Above/below,Crypto,"[""Hourly"", ""BTC""]",settled,binary,0,1,0.01,0.01,0.99,0.01,1,139752.51,139752.51,56957.73,0,2026-09-15T15:00:00Z,2026-09-15T16:00:00Z,2026-09-22T16:00:00Z,,no,76482.37,greater,76599.99,,BRTI,True,2026-09-15T17:18:18+00:00
kalshi,KXITFMATCH-26SEP15BILPLA-BIL,https://kalshi.com/markets/kxitfmatch/itf-men-s-match,https://kalshi.com/markets/kxitfmatch/itf-men-s-match/kxitfmatch-26sep15bilpla,Jacopo Bilardo wins,Jacopo Bilardo,KXITFMATCH-26SEP15BILPLA,,KXITFMATCH,ITF Men's Match,Sports,"[""Tennis""]",settled,binary,0,1,0.99,0.99,0.01,0.99,1,139581.71,139581.71,85105.04,0,2026-09-14T16:42:00Z,2026-09-15T11:45:30Z,2026-09-29T08:30:00Z,,yes,Jacopo Bilardo,structured,,,,True,2026-09-15T17:18:21+00:00
kalshi,KXNFL1HTOTAL-26SEP14DENKC-23,https://kalshi.com/markets/kxnfl1htotal/pro-football-1st-half-total-points,https://kalshi.com/markets/kxnfl1htotal/pro-football-1st-half-total-points/kxnfl1htotal-26sep14denkc,Will there be over 22.5 1H points scored?,Over 22.5 1H points scored,KXNFL1HTOTAL-26SEP14DENKC,DEN Broncos vs KC Chiefs: 1st Half Total,KXNFL1HTOTAL,Pro Football 1st  Half Total Points,Sports,"[""Football""]",settled,binary,0,1,0.01,0.01,0.99,0.01,1,146931.64,139543.7,85950.18,0,2026-09-02T18:37:00Z,2026-09-15T02:00:08Z,2026-09-17T00:15:00Z,,no,21,greater,22.5,,,True,2026-09-15T17:18:40+00:00
kalshi,KXMLBTOTAL-26SEP141940ATLCHC-11,https://kalshi.com/markets/kxmlbtotal/pro-baseball-total-points,https://kalshi.com/markets/kxmlbtotal/pro-baseball-total-points/kxmlbtotal-26sep141940atlchc,Over 10.5 runs scored,Over 10.5 runs scored,KXMLBTOTAL-26SEP141940ATLCHC,Atlanta vs Chicago C: Total Runs,KXMLBTOTAL,Pro Baseball Total Points,Sports,"[""Baseball""]",settled,binary,0,1,0.01,0.01,0.99,0.01,1,139631.3,139477.94,84963.13,0,2026-09-14T00:40:00Z,2026-09-15T02:24:27Z,2026-09-17T23:40:00Z,,no,10,greater,10.5,,,True,2026-09-15T17:18:38+00:00
kalshi,KXAFCCLGAME-26SEP14AASPAK-AAS,https://kalshi.com/markets/kxafcclgame/afc-champions-league-game,https://kalshi.com/markets/kxafcclgame/afc-champions-league-game/kxafcclgame-26sep14aaspak,Al Ahli Saudi wins,Al Ahli Saudi,KXAFCCLGAME-26SEP14AASPAK,Al Ahli Saudi vs Pakhtakor,KXAFCCLGAME,AFC Champions League Game,Sports,"[""Soccer""]",settled,binary,0,1,0.01,0.01,0.99,0.01,1,143159.24,139377.58,60999.54,0,2026-08-31T00:34:00Z,2026-09-14T20:33:05Z,2026-09-17T00:15:00Z,,no,Tie,structured,,,,True,2026-09-15T17:18:52+00:00
kalshi,KXETH15M-26SEP141330-30,https://kalshi.com/markets/kxeth15m/eth-15m-price-up-down,https://kalshi.com/markets/kxeth15m/eth-15m-price-up-down/kxeth15m-26sep141330,ETH price up in next 15 mins?,"Target Price: $2,532.42",KXETH15M-26SEP141330,,KXETH15M,ETH 15M price up down,Crypto,"[""ETH"", ""15 min"", ""15 Min Markets""]",settled,binary,0,1,0.001,0.001,0.999,0.001,1,138947.76,138947.76,43666.61,0,2026-09-14T17:15:00Z,2026-09-14T17:30:00Z,2026-09-21T17:30:00Z,,no,2530.19,greater_or_equal,2532.42,,,True,2026-09-15T17:18:59+00:00
kalshi,KXITFMATCH-26SEP15MANKHO-MAN,https://kalshi.com/markets/kxitfmatch/itf-men-s-match,https://kalshi.com/markets/kxitfmatch/itf-men-s-match/kxitfmatch-26sep15mankho,Vardan Manukyan wins,Vardan Manukyan,KXITFMATCH-26SEP15MANKHO,,KXITFMATCH,ITF Men's Match,Sports,"[""Tennis""]",settled,binary,0,1,0.99,0.99,0.01,0.99,1,138330.49,138330.49,87592.14,0,2026-09-14T15:42:00Z,2026-09-15T11:20:59Z,2026-09-29T07:30:00Z,,yes,Vardan Manukyan,structured,,,,True,2026-09-15T17:18:21+00:00
kalshi,KXNFLRSHYDS-26SEP14DENKC-DENBNIX10-20,https://kalshi.com/markets/kxnflrshyds/pro-football-rushing-yards,https://kalshi.com/markets/kxnflrshyds/pro-football-rushing-yards/kxnflrshyds-26sep14denkc,Bo Nix: 20+ rushing yards,Bo Nix: 20+,KXNFLRSHYDS-26SEP14DENKC,,KXNFLRSHYDS,Pro Football Rushing Yards,Sports,"[""Football""]",settled,binary,0,1,0.01,0.01,0.99,0.01,1,148077.37,138207.35,120468.74,0,2026-09-04T21:04:00Z,2026-09-15T03:35:22Z,2026-09-17T00:15:00Z,,no,rushing_yards,greater,19.5,,,True,2026-09-15T17:18:35+00:00
kalshi,KXBTCD-26SEP1422-T77699.99,https://kalshi.com/markets/kxbtcd/bitcoin-price-above-below,https://kalshi.com/markets/kxbtcd/bitcoin-price-above-below/kxbtcd-26sep1422,"Bitcoin price on Sep 14, 2026?","$77,700 or above",KXBTCD-26SEP1422,"BTC price on Sep 14, 2026 at 10pm EDT?",KXBTCD,Bitcoin price Above/below,Crypto,"[""Hourly"", ""BTC""]",settled,binary,0,1,0.99,0.99,0.01,0.99,1,137422.49,137422.49,45242.64,0,2026-09-15T01:00:00Z,2026-09-15T02:00:00Z,2026-09-22T02:00:00Z,,yes,77907.82,greater,77699.99,,BRTI,True,2026-09-15T17:18:41+00:00
kalshi,KXWTACHALLENGERMATCH-26SEP15JORGAO-JOR,https://kalshi.com/markets/kxwtachallengermatch/challenger-wta,https://kalshi.com/markets/kxwtachallengermatch/challenger-wta/kxwtachallengermatch-26sep15jorgao,Francisca Jorge wins,Francisca Jorge,KXWTACHALLENGERMATCH-26SEP15JORGAO,Jorge vs Gao,KXWTACHALLENGERMATCH,Challenger WTA,Sports,"[""Tennis""]",settled,binary,0,1,0.99,0.99,0.01,0.99,1,137333.77,137333.77,94211.37,0,2026-09-15T01:40:00Z,2026-09-15T15:20:32Z,2026-09-29T13:30:00Z,,yes,Francisca Jorge,structured,,,,True,2026-09-15T17:18:18+00:00
kalshi,KXNFLSPREAD-26SEP14DENKC-DEN4,https://kalshi.com/markets/kxnflspread/pro-football-spread,https://kalshi.com/markets/kxnflspread/pro-football-spread/kxnflspread-26sep14denkc,Denver wins by over 3.5 points?,Denver wins by over 3.5 points,KXNFLSPREAD-26SEP14DENKC,Denver vs Kansas City: Spread,KXNFLSPREAD,Pro Football Spread,Sports,"[""Football""]",settled,binary,0,1,0.01,0.01,0.99,0.01,1,155319.9,137312.58,82862.52,0,2026-08-03T23:13:00Z,2026-09-15T03:19:45Z,2026-09-17T00:15:00Z,,no,spread,greater,3.5,,,True,2026-09-15T17:18:35+00:00
kalshi,KXBRASILEIROBGAME-26SEP14BOTGGO-BOT,https://kalshi.com/markets/kxbrasileirobgame/brasileiro-serie-b-game,https://kalshi.com/markets/kxbrasileirobgame/brasileiro-serie-b-game/kxbrasileirobgame-26sep14botggo,Botafogo wins,Botafogo,KXBRASILEIROBGAME-26SEP14BOTGGO,Botafogo vs Goias,KXBRASILEIROBGAME,Brasileiro Serie B Game,Sports,"[""Soccer""]",settled,binary,0,1,0.01,0.01,0.99,0.01,1,137699.37,137204.89,93180.49,0,2026-09-08T05:34:00Z,2026-09-15T00:32:18Z,2026-09-16T22:30:00Z,,no,Goias,structured,,,,True,2026-09-15T17:18:44+00:00
kalshi,KXURYPDGAME-26SEP14TORLIV-LIV,https://kalshi.com/markets/kxurypdgame/uruguay-primera-division-game,https://kalshi.com/markets/kxurypdgame/uruguay-primera-division-game/kxurypdgame-26sep14torliv,Liverpool M wins,Liverpool M,KXURYPDGAME-26SEP14TORLIV,Montevideo City vs Liverpool M,KXURYPDGAME,Uruguay Primera Division Game,Sports,"[""Soccer""]",settled,binary,0,1,0.01,0.01,0.99,0.01,1,137266.33,136853.1,80771.38,0,2026-09-10T00:37:00Z,2026-09-15T00:02:38Z,2026-09-16T22:00:00Z,,no,Montevideo City,structured,,,,True,2026-09-15T17:18:45+00:00
kalshi,KXGOLD15M-26SEP150315-15,https://kalshi.com/markets/kxgold15m/gold-15-minute,https://kalshi.com/markets/kxgold15m/gold-15-minute/kxgold15m-26sep150315,Gold price up in next 15 mins?,"Target Price: $4,293.84",KXGOLD15M-26SEP150315,,KXGOLD15M,Gold 15-minute,Commodities,"[""Metals""]",settled,binary,0,1,0.001,0.001,0.999,0.001,1,136502.63,136502.63,52381.93,0,2026-09-15T07:00:00Z,2026-09-15T07:15:00Z,2026-09-22T07:15:00Z,,no,4288.26,greater_or_equal,4293.84,,,True,2026-09-15T17:18:26+00:00
kalshi,KXETH15M-26SEP141815-15,https://kalshi.com/markets/kxeth15m/eth-15m-price-up-down,https://kalshi.com/markets/kxeth15m/eth-15m-price-up-down/kxeth15m-26sep141815,ETH price up in next 15 mins?,"Target Price: $2,546.53",KXETH15M-26SEP141815,,KXETH15M,ETH 15M price up down,Crypto,"[""ETH"", ""15 min"", ""15 Min Markets""]",settled,binary,0,1,0.999,0.999,0.001,0.999,1,136049.34,136049.34,59218.88,0,2026-09-14T22:00:00Z,2026-09-14T22:15:00Z,2026-09-21T22:15:00Z,,yes,2554.71,greater_or_equal,2546.53,,,True,2026-09-15T17:18:48+00:00
kalshi,KXBTCD-26SEP1511-T76499.99,https://kalshi.com/markets/kxbtcd/bitcoin-price-above-below,https://kalshi.com/markets/kxbtcd/bitcoin-price-above-below/kxbtcd-26sep1511,"Bitcoin price on Sep 15, 2026?","$76,500 or above",KXBTCD-26SEP1511,"BTC price on Sep 15, 2026 at 11am EDT?",KXBTCD,Bitcoin price Above/below,Crypto,"[""Hourly"", ""BTC""]",settled,binary,0,1,0.01,0.01,0.99,0.01,1,135561.59,135561.59,44983.01,0,2026-09-15T14:00:00Z,2026-09-15T15:00:00Z,2026-09-22T15:00:00Z,,no,75894.71,greater,76499.99,,BRTI,True,2026-09-15T17:18:18+00:00
kalshi,KXSERIEA1H-26SEP14INTUDI-INT,https://kalshi.com/markets/kxseriea1h/serie-a-first-half-winner,https://kalshi.com/markets/kxseriea1h/serie-a-first-half-winner/kxseriea1h-26sep14intudi,Inter wins 1st Half,Inter wins 1st Half,KXSERIEA1H-26SEP14INTUDI,,KXSERIEA1H,Serie A First Half Winner,Sports,"[""Soccer""]",settled,binary,0,1,0.01,0.01,0.99,0.01,1,138359.69,135370.39,80489.29,0,2026-09-12T19:07:00Z,2026-09-14T19:31:49Z,2026-09-16T18:45:00Z,,no,Tie 1st Half,structured,,,,True,2026-09-15T17:18:54+00:00
kalshi,KXGOLD15M-26SEP150915-15,https://kalshi.com/markets/kxgold15m/gold-15-minute,https://kalshi.com/markets/kxgold15m/gold-15-minute/kxgold15m-26sep150915,Gold price up in next 15 mins?,"Target Price: $4,290.92",KXGOLD15M-26SEP150915,,KXGOLD15M,Gold 15-minute,Commodities,"[""Metals""]",settled,binary,0,1,0.001,0.001,0.999,0.001,1,134373.17,134373.17,54100.49,0,2026-09-15T13:00:00Z,2026-09-15T13:15:00Z,2026-09-22T13:15:00Z,,no,4286.94,greater_or_equal,4290.92,,,True,2026-09-15T17:18:19+00:00
kalshi,KXWTADOUBLES-26SEP14LEPSTEDOLKHR-LEPSTE,https://kalshi.com/markets/kxwtadoubles/wta-doubles-tennis-match,https://kalshi.com/markets/kxwtadoubles/wta-doubles-tennis-match/kxwtadoubles-26sep14lepstedolkhr,Varvara Lepchenko / Peyton Stearns wins,Varvara Lepchenko / Peyton Stearns,KXWTADOUBLES-26SEP14LEPSTEDOLKHR,,KXWTADOUBLES,WTA Doubles Tennis Match,Sports,"[""Tennis""]",settled,binary,0,1,0.01,0.01,0.99,0.01,1,134210.72,134210.72,96060.41,0,2026-09-13T16:05:00Z,2026-09-15T01:20:15Z,2026-09-28T16:00:00Z,,no,Caroline Dolehide / Irina Khromacheva,structured,,,,True,2026-09-15T17:18:42+00:00
kalshi,KXNFLTD-26SEP14DENKC-KCNGRAY83-1,https://kalshi.com/markets/kxnfltd/pro-football-touchdowns,https://kalshi.com/markets/kxnfltd/pro-football-touchdowns/kxnfltd-26sep14denkc,Noah Gray: 1+ touchdowns,Noah Gray: 1+,KXNFLTD-26SEP14DENKC,Denver vs Kansas City: Touchdowns,KXNFLTD,Pro Football Touchdowns,Sports,"[""Football""]",settled,binary,0,1,0.01,0.01,0.99,0.01,1,167860.46,133954.9,147702.81,0,2026-09-04T21:04:00Z,2026-09-15T03:51:24Z,2026-09-17T00:15:00Z,,no,anytime_td,greater,0.5,,,True,2026-09-15T17:18:34+00:00
kalshi,KXITFWMATCH-26SEP15NISKAW-KAW,https://kalshi.com/markets/kxitfwmatch/itf-women-s-match,https://kalshi.com/markets/kxitfwmatch/itf-women-s-match/kxitfwmatch-26sep15niskaw,Natsumi Kawaguchi wins,Natsumi Kawaguchi,KXITFWMATCH-26SEP15NISKAW,,KXITFWMATCH,ITF Women's Match,Sports,"[""Tennis""]",settled,binary,0,1,0.99,0.99,0.01,0.99,1,133842.28,133842.28,77313.83,0,2026-09-14T12:12:00Z,2026-09-15T07:46:28Z,2026-09-29T04:00:00Z,,yes,Natsumi Kawaguchi,structured,,,,True,2026-09-15T17:18:26+00:00
kalshi,KXETH15M-26SEP150130-30,https://kalshi.com/markets/kxeth15m/eth-15m-price-up-down,https://kalshi.com/markets/kxeth15m/eth-15m-price-up-down/kxeth15m-26sep150130,ETH price up in next 15 mins?,"Target Price: $2,481.40",KXETH15M-26SEP150130,,KXETH15M,ETH 15M price up down,Crypto,"[""ETH"", ""15 min"", ""15 Min Markets""]",settled,binary,0,1,0.999,0.999,0.001,0.999,1,133559.59,133559.59,54081.34,0,2026-09-15T05:15:00Z,2026-09-15T05:30:00Z,2026-09-22T05:30:00Z,,yes,2488.99,greater_or_equal,2481.4,,,True,2026-09-15T17:18:30+00:00
kalshi,KXEPLTOTAL-26SEP14LEENEW-4,https://kalshi.com/markets/kxepltotal/english-premier-league-total-goals,https://kalshi.com/markets/kxepltotal/english-premier-league-total-goals/kxepltotal-26sep14leenew,Will over 3.5 goals be scored?,Over 3.5 goals scored,KXEPLTOTAL-26SEP14LEENEW,Leeds United vs Newcastle: Total Goals,KXEPLTOTAL,English Premier League Total Goals,Sports,"[""Soccer""]",settled,binary,0,1,0.99,0.99,0.01,0.99,1,142309.24,133292.04,83493.78,0,2026-09-07T19:06:00Z,2026-09-14T20:49:56Z,2026-09-17T01:00:00Z,,yes,5,greater,3.5,,,True,2026-09-15T17:18:52+00:00
kalshi,KXETH15M-26SEP150000-00,https://kalshi.com/markets/kxeth15m/eth-15m-price-up-down,https://kalshi.com/markets/kxeth15m/eth-15m-price-up-down/kxeth15m-26sep150000,ETH price up in next 15 mins?,"Target Price: $2,503.35",KXETH15M-26SEP150000,,KXETH15M,ETH 15M price up down,Crypto,"[""ETH"", ""15 min"", ""15 Min Markets""]",settled,binary,0,1,0.001,0.001,0.999,0.001,1,132516.07,132516.07,65135.18,0,2026-09-15T03:45:00Z,2026-09-15T04:00:00Z,2026-09-22T04:00:00Z,,no,2498.07,greater_or_equal,2503.35,,,True,2026-09-15T17:18:33+00:00
kalshi,KXSERIEASPREAD-26SEP14COMPAR-COM2,https://kalshi.com/markets/kxserieaspread/serie-a-spread,https://kalshi.com/markets/kxserieaspread/serie-a-spread/kxserieaspread-26sep14compar,Como wins by more than 1.5 goals?,Como wins by more than 1.5 goals,KXSERIEASPREAD-26SEP14COMPAR,,KXSERIEASPREAD,Serie A Spread,Sports,"[""Soccer""]",settled,binary,0,1,0.01,0.01,0.99,0.01,1,270908.02,131277.92,150589.88,0,2026-09-07T17:06:00Z,2026-09-14T18:35:13Z,2026-09-16T22:30:00Z,,no,1,greater,1.5,,,True,2026-09-15T17:18:57+00:00
kalshi,KXNFLTOTAL-26SEP14DENKC-61,https://kalshi.com/markets/kxnfltotal/pro-football-total-points,https://kalshi.com/markets/kxnfltotal/pro-football-total-points/kxnfltotal-26sep14denkc,Will there be over 60.5 points scored?,Over 60.5 points scored,KXNFLTOTAL-26SEP14DENKC,Denver vs Kansas City: Total Points,KXNFLTOTAL,Pro Football Total Points,Sports,"[""Football""]",settled,binary,0,1,0.01,0.01,0.99,0.01,1,162790.39,131093.17,113220.72,0,2026-08-03T23:13:00Z,2026-09-15T03:29:49Z,2026-09-17T00:15:00Z,,no,41,greater,60.5,,,True,2026-09-15T17:18:35+00:00
kalshi,KXNFLSPREAD-26SEP14DENKC-KC17,https://kalshi.com/markets/kxnflspread/pro-football-spread,https://kalshi.com/markets/kxnflspread/pro-football-spread/kxnflspread-26sep14denkc,Kansas City wins by over 16.5 points?,Kansas City wins by over 16.5 points,KXNFLSPREAD-26SEP14DENKC,Denver vs Kansas City: Spread,KXNFLSPREAD,Pro Football Spread,Sports,"[""Football""]",settled,binary,0,1,0.99,0.99,0.01,0.99,1,132042.2,131082.14,72120.97,0,2026-08-03T23:13:00Z,2026-09-15T03:19:43Z,2026-09-17T00:15:00Z,,yes,spread,greater,16.5,,,True,2026-09-15T17:18:35+00:00
kalshi,KXXRP15M-26SEP142230-30,https://kalshi.com/markets/kxxrp15m/xrp-15-minute,https://kalshi.com/markets/kxxrp15m/xrp-15-minute/kxxrp15m-26sep142230,XRP price up in next 15 mins?,Target Price: $1.4289,KXXRP15M-26SEP142230,,KXXRP15M,XRP 15 Minute,Crypto,"[""15 min"", ""XRP"", ""15 Min Markets""]",settled,binary,0,1,0.001,0.001,0.999,0.001,1,131050.08,131050.08,56589.4,0,2026-09-15T02:15:00Z,2026-09-15T02:30:00Z,2026-09-22T02:30:00Z,,no,1.4286,greater_or_equal,1.4289,,,True,2026-09-15T17:18:38+00:00
kalshi,KXETH15M-26SEP141615-15,https://kalshi.com/markets/kxeth15m/eth-15m-price-up-down,https://kalshi.com/markets/kxeth15m/eth-15m-price-up-down/kxeth15m-26sep141615,ETH price up in next 15 mins?,"Target Price: $2,540.48",KXETH15M-26SEP141615,,KXETH15M,ETH 15M price up down,Crypto,"[""ETH"", ""15 min"", ""15 Min Markets""]",settled,binary,0,1,0.999,0.999,0.001,0.999,1,130786.05,130786.05,90082.84,0,2026-09-14T20:00:00Z,2026-09-14T20:15:00Z,2026-09-21T20:15:00Z,,yes,2563.42,greater_or_equal,2540.48,,,True,2026-09-15T17:18:52+00:00
kalshi,KXETH15M-26SEP142030-30,https://kalshi.com/markets/kxeth15m/eth-15m-price-up-down,https://kalshi.com/markets/kxeth15m/eth-15m-price-up-down/kxeth15m-26sep142030,ETH price up in next 15 mins?,"Target Price: $2,512.25",KXETH15M-26SEP142030,,KXETH15M,ETH 15M price up down,Crypto,"[""ETH"", ""15 min"", ""15 Min Markets""]",settled,binary,0,1,0.001,0.001,0.999,0.001,1,130769.71,130769.71,55969.77,0,2026-09-15T00:15:00Z,2026-09-15T00:30:00Z,2026-09-22T00:30:00Z,,no,2509.28,greater_or_equal,2512.25,,,True,2026-09-15T17:18:44+00:00
kalshi,KXNFLPASSYDS-26SEP14DENKC-DENBNIX10-225,https://kalshi.com/markets/kxnflpassyds/pro-football-passing-yards,https://kalshi.com/markets/kxnflpassyds/pro-football-passing-yards/kxnflpassyds-26sep14denkc,Bo Nix: 225+ passing yards,Bo Nix: 225+,KXNFLPASSYDS-26SEP14DENKC,Denver vs Kansas City: Passing Yards,KXNFLPASSYDS,Pro Football Passing Yards,Sports,"[""Football""]",settled,binary,0,1,0.01,0.01,0.99,0.01,1,144288.55,130756.97,91972.55,0,2026-09-04T21:04:00Z,2026-09-15T03:25:21Z,2026-09-17T00:15:00Z,,no,passing_yards,greater,224.5,,,True,2026-09-15T17:18:35+00:00
kalshi,KXGOLD15M-26SEP141715-15,https://kalshi.com/markets/kxgold15m/gold-15-minute,https://kalshi.com/markets/kxgold15m/gold-15-minute/kxgold15m-26sep141715,Gold price up in next 15 mins?,"Target Price: $4,299.16",KXGOLD15M-26SEP141715,,KXGOLD15M,Gold 15-minute,Commodities,"[""Metals""]",settled,binary,0,1,0.999,0.999,0.001,0.999,1,130114.88,130114.88,56709.69,0,2026-09-14T21:00:00Z,2026-09-14T21:15:00Z,2026-09-21T21:15:00Z,,yes,4302.53,greater_or_equal,4299.16,,,True,2026-09-15T17:18:50+00:00
kalshi,KXBTCD-26SEP1414-T79099.99,https://kalshi.com/markets/kxbtcd/bitcoin-price-above-below,https://kalshi.com/markets/kxbtcd/bitcoin-price-above-below/kxbtcd-26sep1414,"Bitcoin price on Sep 14, 2026?","$79,100 or above",KXBTCD-26SEP1414,"BTC price on Sep 14, 2026 at 2pm EDT?",KXBTCD,Bitcoin price Above/below,Crypto,"[""Hourly"", ""BTC""]",settled,binary,0,1,0.01,0.01,0.99,0.01,1,142521.52,129800.89,53911.96,0,2026-09-14T17:00:00Z,2026-09-14T18:00:00Z,2026-09-21T18:00:00Z,,no,78923.79,greater,79099.99,,BRTI,True,2026-09-15T17:18:59+00:00
kalshi,KXNFLFIRSTTD-26SEP14DENKC-KCTTHORNTON2,https://kalshi.com/markets/kxnflfirsttd/pro-football-first-touchdown,https://kalshi.com/markets/kxnflfirsttd/pro-football-first-touchdown/kxnflfirsttd-26sep14denkc,Tyquan Thornton: 1st Touchdown,Tyquan Thornton,KXNFLFIRSTTD-26SEP14DENKC,Denver vs Kansas City: 1st Touchdown,KXNFLFIRSTTD,Pro Football First Touchdown,Sports,"[""Football""]",settled,binary,0,1,0.01,0.01,0.99,0.01,1,152911.71,129786.59,151065.78,0,2026-09-04T21:04:00Z,2026-09-15T01:54:04Z,2026-09-17T00:15:00Z,,no,No,structured,,,,True,2026-09-15T17:18:42+00:00
kalshi,KXSERIEATOTAL-26SEP14TORROM-2,https://kalshi.com/markets/kxserieatotal/serie-a-total,https://kalshi.com/markets/kxserieatotal/serie-a-total/kxserieatotal-26sep14torrom,Will over 1.5 goals be scored?,Over 1.5 goals scored,KXSERIEATOTAL-26SEP14TORROM,,KXSERIEATOTAL,Serie A Total,Sports,"[""Soccer""]",settled,binary,0,1,0.99,0.99,0.01,0.99,1,194813.31,129610.85,120444.29,0,2026-09-07T17:06:00Z,2026-09-14T18:35:05Z,2026-09-16T22:30:00Z,,yes,2,greater,1.5,,,True,2026-09-15T17:18:57+00:00
kalshi,KXETH15M-26SEP142315-15,https://kalshi.com/markets/kxeth15m/eth-15m-price-up-down,https://kalshi.com/markets/kxeth15m/eth-15m-price-up-down/kxeth15m-26sep142315,ETH price up in next 15 mins?,"Target Price: $2,512.20",KXETH15M-26SEP142315,,KXETH15M,ETH 15M price up down,Crypto,"[""ETH"", ""15 min"", ""15 Min Markets""]",settled,binary,0,1,0.001,0.001,0.999,0.001,1,129605.12,129605.12,69528.59,0,2026-09-15T03:00:00Z,2026-09-15T03:15:00Z,2026-09-22T03:15:00Z,,no,2498.47,greater_or_equal,2512.2,,,True,2026-09-15T17:18:35+00:00
kalshi,KXITFWMATCH-26SEP15MARBOU-BOU,https://kalshi.com/markets/kxitfwmatch/itf-women-s-match,https://kalshi.com/markets/kxitfwmatch/itf-women-s-match/kxitfwmatch-26sep15marbou,Liv Boulard wins,Liv Boulard,KXITFWMATCH-26SEP15MARBOU,,KXITFWMATCH,ITF Women's Match,Sports,"[""Tennis""]",settled,binary,0,1,0.01,0.01,0.99,0.01,1,128587.78,128587.78,54521.61,0,2026-09-14T19:42:00Z,2026-09-15T14:40:28Z,2026-09-29T11:30:00Z,,no,Diana Martynov,structured,,,,True,2026-09-15T17:18:18+00:00
kalshi,KXBTCD-26SEP1421-T77799.99,https://kalshi.com/markets/kxbtcd/bitcoin-price-above-below,https://kalshi.com/markets/kxbtcd/bitcoin-price-above-below/kxbtcd-26sep1421,"Bitcoin price on Sep 14, 2026?","$77,800 or above",KXBTCD-26SEP1421,"BTC price on Sep 14, 2026 at 9pm EDT?",KXBTCD,Bitcoin price Above/below,Crypto,"[""Hourly"", ""BTC""]",settled,binary,0,1,0.99,0.99,0.01,0.99,1,128547.57,128547.57,47695.95,0,2026-09-15T00:00:00Z,2026-09-15T01:00:00Z,2026-09-22T01:00:00Z,,yes,77944.70,greater,77799.99,,BRTI,True,2026-09-15T17:18:44+00:00
kalshi,KXATPCHALLENGERMATCH-26SEP14LEGOST-LEG,https://kalshi.com/markets/kxatpchallengermatch/challenger-atp,https://kalshi.com/markets/kxatpchallengermatch/challenger-atp/kxatpchallengermatch-26sep14legost,Timo Legout wins,Timo Legout,KXATPCHALLENGERMATCH-26SEP14LEGOST,Legout vs Ostapenkov,KXATPCHALLENGERMATCH,Challenger ATP ,Sports,"[""Tennis""]",settled,binary,0,1,0.99,0.99,0.01,0.99,1,128580.36,128512.61,76667.02,0,2026-09-14T06:20:00Z,2026-09-14T21:00:33Z,2026-09-28T18:10:00Z,,yes,Timo Legout,structured,,,,True,2026-09-15T17:18:50+00:00
kalshi,KXBTCD-26SEP1503-T77599.99,https://kalshi.com/markets/kxbtcd/bitcoin-price-above-below,https://kalshi.com/markets/kxbtcd/bitcoin-price-above-below/kxbtcd-26sep1503,"Bitcoin price on Sep 15, 2026?","$77,600 or above",KXBTCD-26SEP1503,"BTC price on Sep 15, 2026 at 3am EDT?",KXBTCD,Bitcoin price Above/below,Crypto,"[""Hourly"", ""BTC""]",settled,binary,0,1,0.01,0.01,0.99,0.01,1,128268.97,128268.97,42775.64,0,2026-09-15T06:00:00Z,2026-09-15T07:00:00Z,2026-09-22T07:00:00Z,,no,77250.27,greater,77599.99,,BRTI,True,2026-09-15T17:18:28+00:00
kalshi,KXNFLPASSYDS-26SEP14DENKC-KCPMAHOMES15-200,https://kalshi.com/markets/kxnflpassyds/pro-football-passing-yards,https://kalshi.com/markets/kxnflpassyds/pro-football-passing-yards/kxnflpassyds-26sep14denkc,Patrick Mahomes: 200+ passing yards,Patrick Mahomes: 200+,KXNFLPASSYDS-26SEP14DENKC,Denver vs Kansas City: Passing Yards,KXNFLPASSYDS,Pro Football Passing Yards,Sports,"[""Football""]",settled,binary,0,1,0.01,0.01,0.99,0.01,1,131675.59,127835.43,77996.66,0,2026-09-10T23:29:00Z,2026-09-15T03:25:22Z,2026-09-17T00:15:00Z,,no,passing_yards,greater,199.5,,,True,2026-09-15T17:18:35+00:00
kalshi,KXBTCD-26SEP1501-T77799.99,https://kalshi.com/markets/kxbtcd/bitcoin-price-above-below,https://kalshi.com/markets/kxbtcd/bitcoin-price-above-below/kxbtcd-26sep1501,"Bitcoin price on Sep 15, 2026?","$77,800 or above",KXBTCD-26SEP1501,"BTC price on Sep 15, 2026 at 1am EDT?",KXBTCD,Bitcoin price Above/below,Crypto,"[""Hourly"", ""BTC""]",settled,binary,0,1,0.01,0.01,0.99,0.01,1,127559.71,127559.71,45866.03,0,2026-09-15T04:00:00Z,2026-09-15T05:00:00Z,2026-09-22T05:00:00Z,,no,77557.97,greater,77799.99,,BRTI,True,2026-09-15T17:18:30+00:00
kalshi,KXLIGAPORTUGALTOTAL-26SEP14BRAEST-3,https://kalshi.com/markets/kxligaportugaltotal/point-total,https://kalshi.com/markets/kxligaportugaltotal/point-total/kxligaportugaltotal-26sep14braest,Will over 2.5 goals be scored?,Over 2.5 goals scored,KXLIGAPORTUGALTOTAL-26SEP14BRAEST,Braga vs Estoril: Total Goals,KXLIGAPORTUGALTOTAL,Point Total,Sports,"[""Soccer""]",settled,binary,0,1,0.01,0.01,0.99,0.01,1,127763.53,127522.08,67843.22,0,2026-09-11T20:06:00Z,2026-09-14T22:04:55Z,2026-09-16T19:45:00Z,,no,1,greater,2.5,,,True,2026-09-15T17:18:48+00:00
kalshi,KXWTI15M-26SEP141630-30,https://kalshi.com/markets/kxwti15m/wti-15-minute,https://kalshi.com/markets/kxwti15m/wti-15-minute/kxwti15m-26sep141630,WTI Oil price up in next 15 mins?,Target Price: $98.04,KXWTI15M-26SEP141630,,KXWTI15M,WTI 15-minute,Commodities,"[""Oil & Gas""]",settled,binary,0,1,0.999,0.999,0.001,0.999,1,127331.48,127331.48,53413.26,0,2026-09-14T20:15:00Z,2026-09-14T20:30:00Z,2026-09-21T20:30:00Z,,yes,98.16,greater_or_equal,98.04,,,True,2026-09-15T17:18:52+00:00
kalshi,KXETH15M-26SEP141415-15,https://kalshi.com/markets/kxeth15m/eth-15m-price-up-down,https://kalshi.com/markets/kxeth15m/eth-15m-price-up-down/kxeth15m-26sep141415,ETH price up in next 15 mins?,"Target Price: $2,531.92",KXETH15M-26SEP141415,,KXETH15M,ETH 15M price up down,Crypto,"[""ETH"", ""15 min"", ""15 Min Markets""]",settled,binary,0,1,0.001,0.001,0.999,0.001,1,127085.96,127085.96,34239.3,0,2026-09-14T18:00:00Z,2026-09-14T18:15:00Z,2026-09-21T18:15:00Z,,no,2531.36,greater_or_equal,2531.92,,,True,2026-09-15T17:18:57+00:00
kalshi,KXWTACHALLENGERMATCH-26SEP15MINGEE-MIN,https://kalshi.com/markets/kxwtachallengermatch/challenger-wta,https://kalshi.com/markets/kxwtachallengermatch/challenger-wta/kxwtachallengermatch-26sep15mingee,Ane Mintegi Del Olmo wins,Ane Mintegi Del Olmo,KXWTACHALLENGERMATCH-26SEP15MINGEE,,KXWTACHALLENGERMATCH,Challenger WTA,Sports,"[""Tennis""]",settled,binary,0,1,0.99,0.99,0.01,0.99,1,127040.73,127040.73,60641.9,0,2026-09-14T20:10:00Z,2026-09-15T09:40:36Z,2026-09-29T08:00:00Z,,yes,Ane Mintegi Del Olmo,structured,,,,True,2026-09-15T17:18:23+00:00
kalshi,KXETH15M-26SEP142215-15,https://kalshi.com/markets/kxeth15m/eth-15m-price-up-down,https://kalshi.com/markets/kxeth15m/eth-15m-price-up-down/kxeth15m-26sep142215,ETH price up in next 15 mins?,"Target Price: $2,514.88",KXETH15M-26SEP142215,,KXETH15M,ETH 15M price up down,Crypto,"[""ETH"", ""15 min"", ""15 Min Markets""]",settled,binary,0,1,0.999,0.999,0.001,0.999,1,126984.51,126984.51,50001.96,0,2026-09-15T02:00:00Z,2026-09-15T02:15:00Z,2026-09-22T02:15:00Z,,yes,2517.93,greater_or_equal,2514.88,,,True,2026-09-15T17:18:40+00:00
kalshi,KXECULPGAME-26SEP14UNIORE-UNI,https://kalshi.com/markets/kxeculpgame/ecuador-liga-pro-game,https://kalshi.com/markets/kxeculpgame/ecuador-liga-pro-game/kxeculpgame-26sep14uniore,Uni Catolica wins,Uni Catolica,KXECULPGAME-26SEP14UNIORE,,KXECULPGAME,Ecuador Liga Pro Game,Sports,"[""Soccer""]",settled,binary,0,1,0.99,0.99,0.01,0.99,1,129194.23,126957.93,65935.68,0,2026-09-11T00:35:00Z,2026-09-15T02:02:06Z,2026-09-17T00:00:00Z,,yes,Uni Catolica,structured,,,,True,2026-09-15T17:18:40+00:00
kalshi,KXATPCHALLENGERMATCH-26SEP15TRUBAX-BAX,https://kalshi.com/markets/kxatpchallengermatch/challenger-atp,https://kalshi.com/markets/kxatpchallengermatch/challenger-atp/kxatpchallengermatch-26sep15trubax,Florent Bax wins,Florent Bax,KXATPCHALLENGERMATCH-26SEP15TRUBAX,Truong vs Bax,KXATPCHALLENGERMATCH,Challenger ATP ,Sports,"[""Tennis""]",settled,binary,0,1,0.99,0.99,0.01,0.99,1,126875.16,126875.16,66403.77,0,2026-09-14T17:31:00Z,2026-09-15T08:30:40Z,2026-09-29T05:20:00Z,,yes,Florent Bax,structured,,,,True,2026-09-15T17:18:24+00:00
kalshi,KXMLBSPREAD-26SEP141907DETTOR-TOR2,https://kalshi.com/markets/kxmlbspread/pro-baseball-spread,https://kalshi.com/markets/kxmlbspread/pro-baseball-spread/kxmlbspread-26sep141907dettor,Toronto wins by over 1.5 runs?,Toronto wins by over 1.5 runs,KXMLBSPREAD-26SEP141907DETTOR,,KXMLBSPREAD,Pro Baseball Spread,Sports,"[""Baseball""]",settled,binary,0,1,0.01,0.01,0.99,0.01,1,131404.05,126772.51,78563.23,0,2026-09-13T20:00:00Z,2026-09-15T02:19:38Z,2026-09-17T23:07:00Z,,no,1,greater,1.5,,,True,2026-09-15T17:18:38+00:00
kalshi,KXATPCHALLENGERMATCH-26SEP15STRMIK-STR,https://kalshi.com/markets/kxatpchallengermatch/challenger-atp,https://kalshi.com/markets/kxatpchallengermatch/challenger-atp/kxatpchallengermatch-26sep15strmik,Robert Strombachs wins,Robert Strombachs,KXATPCHALLENGERMATCH-26SEP15STRMIK,Strombachs vs Mikrut,KXATPCHALLENGERMATCH,Challenger ATP ,Sports,"[""Tennis""]",settled,binary,0,1,0.01,0.01,0.99,0.01,1,126192.33,126192.33,59694.79,0,2026-09-14T21:50:00Z,2026-09-15T12:05:31Z,2026-09-29T09:40:00Z,,no,Luka Mikrut,structured,,,,True,2026-09-15T17:18:20+00:00
kalshi,KXNFLRSHYDS-26SEP14DENKC-DENBNIX10-15,https://kalshi.com/markets/kxnflrshyds/pro-football-rushing-yards,https://kalshi.com/markets/kxnflrshyds/pro-football-rushing-yards/kxnflrshyds-26sep14denkc,Bo Nix: 15+ rushing yards,Bo Nix: 15+,KXNFLRSHYDS-26SEP14DENKC,,KXNFLRSHYDS,Pro Football Rushing Yards,Sports,"[""Football""]",settled,binary,0,1,0.01,0.01,0.99,0.01,1,156206.35,126110.58,129246.98,0,2026-09-04T21:04:00Z,2026-09-15T03:35:22Z,2026-09-17T00:15:00Z,,no,rushing_yards,greater,14.5,,,True,2026-09-15T17:18:35+00:00
kalshi,KXETH15M-26SEP151200-00,https://kalshi.com/markets/kxeth15m/eth-15m-price-up-down,https://kalshi.com/markets/kxeth15m/eth-15m-price-up-down/kxeth15m-26sep151200,ETH price up in next 15 mins?,"Target Price: $2,427.00",KXETH15M-26SEP151200,,KXETH15M,ETH 15M price up down,Crypto,"[""ETH"", ""15 min"", ""15 Min Markets""]",settled,binary,0,1,0.001,0.001,0.999,0.001,1,126033.63,126033.63,38550.38,0,2026-09-15T15:45:00Z,2026-09-15T16:00:00Z,2026-09-22T16:00:00Z,,no,2423.86,greater_or_equal,2427,,,True,2026-09-15T17:18:18+00:00
kalshi,KXNFLOT-26SEP14DENKC-Y,https://kalshi.com/markets/kxnflot/pro-football-overtime,https://kalshi.com/markets/kxnflot/pro-football-overtime/kxnflot-26sep14denkc,Denver vs Kansas City goes to overtime?,Denver vs Kansas City goes to overtime,KXNFLOT-26SEP14DENKC,,KXNFLOT,Pro Football Overtime,Sports,[],settled,binary,0,1,0.01,0.01,0.99,0.01,1,135779.87,125654.09,107891.6,0,2026-09-02T19:49:00Z,2026-09-15T03:19:48Z,2026-09-17T00:15:00Z,,no,DEN Broncos vs KC Chiefs goes to overtime,,,,,True,2026-09-15T17:18:35+00:00
kalshi,KXGOLD15M-26SEP150730-30,https://kalshi.com/markets/kxgold15m/gold-15-minute,https://kalshi.com/markets/kxgold15m/gold-15-minute/kxgold15m-26sep150730,Gold price up in next 15 mins?,"Target Price: $4,283.64",KXGOLD15M-26SEP150730,,KXGOLD15M,Gold 15-minute,Commodities,"[""Metals""]",settled,binary,0,1,0.002,0.002,0.998,0.002,1,125511.13,125511.13,41042.87,0,2026-09-15T11:15:00Z,2026-09-15T11:30:00Z,2026-09-22T11:30:00Z,,no,4283.47,greater_or_equal,4283.64,,,True,2026-09-15T17:18:21+00:00
kalshi,KXWTI15M-26SEP150115-15,https://kalshi.com/markets/kxwti15m/wti-15-minute,https://kalshi.com/markets/kxwti15m/wti-15-minute/kxwti15m-26sep150115,WTI Oil price up in next 15 mins?,Target Price: $98.68,KXWTI15M-26SEP150115,,KXWTI15M,WTI 15-minute,Commodities,"[""Oil & Gas""]",settled,binary,0,1,0.996,0.996,0.004,0.996,1,124970.39,124970.39,41264.82,0,2026-09-15T05:00:00Z,2026-09-15T05:15:00Z,2026-09-22T05:15:00Z,,yes,98.74,greater_or_equal,98.68,,,True,2026-09-15T17:18:30+00:00
kalshi,KXITFMATCH-26SEP15VASMAS-VAS,https://kalshi.com/markets/kxitfmatch/itf-men-s-match,https://kalshi.com/markets/kxitfmatch/itf-men-s-match/kxitfmatch-26sep15vasmas,Iiro Vasa wins,Iiro Vasa,KXITFMATCH-26SEP15VASMAS,,KXITFMATCH,ITF Men's Match,Sports,"[""Tennis""]",settled,binary,0,1,0.01,0.01,0.99,0.01,1,124904.21,124904.21,53968.34,0,2026-09-14T18:42:00Z,2026-09-15T12:05:33Z,2026-09-29T09:00:00Z,,no,Loann Massard,structured,,,,True,2026-09-15T17:18:20+00:00
kalshi,KXATPCHALLENGERMATCH-26SEP15ROCSAN-SAN,https://kalshi.com/markets/kxatpchallengermatch/challenger-atp,https://kalshi.com/markets/kxatpchallengermatch/challenger-atp/kxatpchallengermatch-26sep15rocsan,Alejo Sanchez Quilez wins,Alejo Sanchez Quilez,KXATPCHALLENGERMATCH-26SEP15ROCSAN,,KXATPCHALLENGERMATCH,Challenger ATP ,Sports,"[""Tennis""]",settled,binary,0,1,0.01,0.01,0.99,0.01,1,124785.86,124785.86,50025.83,0,2026-09-14T22:30:00Z,2026-09-15T15:04:19Z,2026-09-29T10:20:00Z,,no,Oriol Roca Batalla,structured,,,,True,2026-09-15T17:18:18+00:00
kalshi,KXNFL1HSPREAD-26SEP14DENKC-DEN3,https://kalshi.com/markets/kxnfl1hspread/pro-football-1st-half-spread,https://kalshi.com/markets/kxnfl1hspread/pro-football-1st-half-spread/kxnfl1hspread-26sep14denkc,DEN Broncos wins 1H by over 2.5 points?,DEN Broncos wins 1H by over 2.5 points,KXNFL1HSPREAD-26SEP14DENKC,DEN Broncos vs KC Chiefs: 1st Half Spread,KXNFL1HSPREAD,Pro Football 1st Half Spread,Sports,"[""Football""]",settled,binary,0,1,0.01,0.01,0.99,0.01,1,129542.26,124751.79,74053.67,0,2026-09-02T18:37:00Z,2026-09-15T02:00:06Z,2026-09-17T00:15:00Z,,no,7,greater,2.5,,,True,2026-09-15T17:18:40+00:00
kalshi,KXITFMATCH-26SEP15CARSCI-CAR,https://kalshi.com/markets/kxitfmatch/itf-men-s-match,https://kalshi.com/markets/kxitfmatch/itf-men-s-match/kxitfmatch-26sep15carsci,Lorenzo Carboni wins,Lorenzo Carboni,KXITFMATCH-26SEP15CARSCI,,KXITFMATCH,ITF Men's Match,Sports,"[""Tennis""]",settled,binary,0,1,0.01,0.01,0.99,0.01,1,124717.26,124717.26,52397.13,0,2026-09-14T16:42:00Z,2026-09-15T12:55:49Z,2026-09-29T08:30:00Z,,no,Matteo Sciahbasi,structured,,,,True,2026-09-15T17:18:20+00:00
kalshi,KXGOLD15M-26SEP150845-45,https://kalshi.com/markets/kxgold15m/gold-15-minute,https://kalshi.com/markets/kxgold15m/gold-15-minute/kxgold15m-26sep150845,Gold price up in next 15 mins?,"Target Price: $4,277.89",KXGOLD15M-26SEP150845,,KXGOLD15M,Gold 15-minute,Commodities,"[""Metals""]",settled,binary,0,1,0.999,0.999,0.001,0.999,1,124318.04,124318.04,43240.25,0,2026-09-15T12:30:00Z,2026-09-15T12:45:00Z,2026-09-22T12:45:00Z,,yes,4281.23,greater_or_equal,4277.89,,,True,2026-09-15T17:18:20+00:00
kalshi,KXBTCD-26SEP1420-T78599.99,https://kalshi.com/markets/kxbtcd/bitcoin-price-above-below,https://kalshi.com/markets/kxbtcd/bitcoin-price-above-below/kxbtcd-26sep1420,"Bitcoin price on Sep 14, 2026?","$78,600 or above",KXBTCD-26SEP1420,"BTC price on Sep 14, 2026 at 8pm EDT?",KXBTCD,Bitcoin price Above/below,Crypto,"[""Hourly"", ""BTC""]",settled,binary,0,1,0.01,0.01,0.99,0.01,1,124305.96,124305.96,38834.52,0,2026-09-14T23:00:00Z,2026-09-15T00:00:00Z,2026-09-22T00:00:00Z,,no,78179.05,greater,78599.99,,BRTI,True,2026-09-15T17:18:46+00:00
kalshi,KXBTCD-26SEP1417-T78749.99,https://kalshi.com/markets/kxbtcd/bitcoin-price-above-below,https://kalshi.com/markets/kxbtcd/bitcoin-price-above-below/kxbtcd-26sep1417,"Bitcoin price on Sep 14, 2026?","$78,750 or above",KXBTCD-26SEP1417,"BTC price on Sep 14, 2026 at 5pm EDT?",KXBTCD,Bitcoin price Above/below,Crypto,"[""Hourly"", ""BTC""]",settled,binary,0,1,0.99,0.99,0.01,0.99,1,155032.81,124263.69,56788.4,0,2026-09-13T20:00:00Z,2026-09-14T21:00:00Z,2026-09-21T21:00:00Z,,yes,79093.33,greater,78749.99,,BRTI,True,2026-09-15T17:18:52+00:00
kalshi,KXGOLD15M-26SEP141800-00,https://kalshi.com/markets/kxgold15m/gold-15-minute,https://kalshi.com/markets/kxgold15m/gold-15-minute/kxgold15m-26sep141800,Gold price up in next 15 mins?,"Target Price: $4,302.58",KXGOLD15M-26SEP141800,,KXGOLD15M,Gold 15-minute,Commodities,"[""Metals""]",settled,binary,0,1,0.001,0.001,0.999,0.001,1,124254.43,124254.43,41768.56,0,2026-09-14T21:45:00Z,2026-09-14T22:00:00Z,2026-09-21T22:00:00Z,,no,4302.20,greater_or_equal,4302.58,,,True,2026-09-15T17:18:49+00:00
kalshi,KXSILVER15M-26SEP141645-45,https://kalshi.com/markets/kxsilver15m/silver-15-minute,https://kalshi.com/markets/kxsilver15m/silver-15-minute/kxsilver15m-26sep141645,Silver price up in next 15 mins?,Target Price: $63.180,KXSILVER15M-26SEP141645,,KXSILVER15M,Silver 15-minute,Commodities,"[""Metals""]",settled,binary,0,1,0.011,0.011,0.989,0.011,1,124058.61,124058.61,71610.43,0,2026-09-14T20:30:00Z,2026-09-14T20:45:00Z,2026-09-21T20:45:00Z,,no,63.178,greater_or_equal,63.18,,,True,2026-09-15T17:18:52+00:00
kalshi,KXETH15M-26SEP150630-30,https://kalshi.com/markets/kxeth15m/eth-15m-price-up-down,https://kalshi.com/markets/kxeth15m/eth-15m-price-up-down/kxeth15m-26sep150630,ETH price up in next 15 mins?,"Target Price: $2,474.50",KXETH15M-26SEP150630,,KXETH15M,ETH 15M price up down,Crypto,"[""ETH"", ""15 min"", ""15 Min Markets""]",settled,binary,0,1,0.001,0.001,0.999,0.001,1,124030.28,124030.28,24514.88,0,2026-09-15T10:15:00Z,2026-09-15T10:30:00Z,2026-09-22T10:30:00Z,,no,2474.23,greater_or_equal,2474.5,,,True,2026-09-15T17:18:22+00:00
kalshi,KXETH15M-26SEP150915-15,https://kalshi.com/markets/kxeth15m/eth-15m-price-up-down,https://kalshi.com/markets/kxeth15m/eth-15m-price-up-down/kxeth15m-26sep150915,ETH price up in next 15 mins?,"Target Price: $2,478.99",KXETH15M-26SEP150915,,KXETH15M,ETH 15M price up down,Crypto,"[""ETH"", ""15 min"", ""15 Min Markets""]",settled,binary,0,1,0.001,0.001,0.999,0.001,1,123547.7,123547.7,52138.42,0,2026-09-15T13:00:00Z,2026-09-15T13:15:00Z,2026-09-22T13:15:00Z,,no,2476.78,greater_or_equal,2478.99,,,True,2026-09-15T17:18:19+00:00
kalshi,KXITFMATCH-26SEP15MENREN-REN,https://kalshi.com/markets/kxitfmatch/itf-men-s-match,https://kalshi.com/markets/kxitfmatch/itf-men-s-match/kxitfmatch-26sep15menren,Guilherme Barbieri Renner wins,Guilherme Barbieri Renner,KXITFMATCH-26SEP15MENREN,Menzel Piccioli vs Renner,KXITFMATCH,ITF Men's Match,Sports,"[""Tennis""]",settled,binary,0,1,0.01,0.01,0.99,0.01,1,123517.55,123517.55,60586.16,0,2026-09-14T21:12:00Z,2026-09-15T16:15:48Z,2026-09-29T13:00:00Z,,no,Thomas Enrique Menzel Piccioli,structured,,,,True,2026-09-15T17:18:17+00:00
kalshi,KXGOLD15M-26SEP150815-15,https://kalshi.com/markets/kxgold15m/gold-15-minute,https://kalshi.com/markets/kxgold15m/gold-15-minute/kxgold15m-26sep150815,Gold price up in next 15 mins?,"Target Price: $4,284.72",KXGOLD15M-26SEP150815,,KXGOLD15M,Gold 15-minute,Commodities,"[""Metals""]",settled,binary,0,1,0.003,0.003,0.997,0.003,1,122808.13,122808.13,53586.71,0,2026-09-15T12:00:00Z,2026-09-15T12:15:00Z,2026-09-22T12:15:00Z,,no,4278.64,greater_or_equal,4284.72,,,True,2026-09-15T17:18:20+00:00
kalshi,KXBTCD-26SEP1415-T78799.99,https://kalshi.com/markets/kxbtcd/bitcoin-price-above-below,https://kalshi.com/markets/kxbtcd/bitcoin-price-above-below/kxbtcd-26sep1415,"Bitcoin price on Sep 14, 2026?","$78,800 or above",KXBTCD-26SEP1415,"BTC price on Sep 14, 2026 at 3pm EDT?",KXBTCD,Bitcoin price Above/below,Crypto,"[""Hourly"", ""BTC""]",settled,binary,0,1,0.99,0.99,0.01,0.99,1,122776.16,122776.16,41174.36,0,2026-09-14T18:00:00Z,2026-09-14T19:00:00Z,2026-09-21T19:00:00Z,,yes,79225.54,greater,78799.99,,BRTI,True,2026-09-15T17:18:56+00:00
kalshi,KXAFCCLGAME-26SEP15GAMCON-CON,https://kalshi.com/markets/kxafcclgame/afc-champions-league-game,https://kalshi.com/markets/kxafcclgame/afc-champions-league-game/kxafcclgame-26sep15gamcon,CONG AN wins,CONG AN,KXAFCCLGAME-26SEP15GAMCON,,KXAFCCLGAME,AFC Champions League Game,Sports,"[""Soccer""]",settled,binary,0,1,0.01,0.01,0.99,0.01,1,124576.54,122012.27,95427.99,0,2026-09-01T00:34:00Z,2026-09-15T12:02:22Z,2026-09-17T16:00:00Z,,no,Gamba,structured,,,,True,2026-09-15T17:18:20+00:00
kalshi,KXNFLPASSYDS-26SEP14DENKC-KCPMAHOMES15-225,https://kalshi.com/markets/kxnflpassyds/pro-football-passing-yards,https://kalshi.com/markets/kxnflpassyds/pro-football-passing-yards/kxnflpassyds-26sep14denkc,Patrick Mahomes: 225+ passing yards,Patrick Mahomes: 225+,KXNFLPASSYDS-26SEP14DENKC,Denver vs Kansas City: Passing Yards,KXNFLPASSYDS,Pro Football Passing Yards,Sports,"[""Football""]",settled,binary,0,1,0.01,0.01,0.99,0.01,1,139177.35,121902.79,104158.23,0,2026-09-10T23:29:00Z,2026-09-15T03:25:22Z,2026-09-17T00:15:00Z,,no,passing_yards,greater,224.5,,,True,2026-09-15T17:18:35+00:00
kalshi,KXHIGHLAX-26SEP14-B81.5,https://kalshi.com/markets/kxhighlax/highest-temperature-in-los-angeles,https://kalshi.com/markets/kxhighlax/highest-temperature-in-los-angeles/kxhighlax-26sep14,"Will the maximum temperature be 81-82° on Sep 14, 2026?",81° to 82°,KXHIGHLAX-26SEP14,"Highest temperature in Los Angeles on Sep 14, 2026?",KXHIGHLAX,Highest temperature in Los Angeles,Climate and Weather,"[""Daily temperature""]",settled,binary,0,1,0.01,0.01,0.99,0.01,1,149683.56,121248.67,97897.74,0,2026-09-13T14:00:00Z,2026-09-15T08:00:00Z,2026-09-21T14:00:00Z,,no,80.00,between,81,82,CLILAX,True,2026-09-15T17:18:25+00:00
kalshi,KXATPCHALLENGERMATCH-26SEP15MARNAP-NAP,https://kalshi.com/markets/kxatpchallengermatch/challenger-atp,https://kalshi.com/markets/kxatpchallengermatch/challenger-atp/kxatpchallengermatch-26sep15marnap,Stefano Napolitano wins,Stefano Napolitano,KXATPCHALLENGERMATCH-26SEP15MARNAP,,KXATPCHALLENGERMATCH,Challenger ATP ,Sports,"[""Tennis""]",settled,binary,0,1,0.99,0.99,0.01,0.99,1,121161.44,121161.44,79736.3,0,2026-09-15T00:40:00Z,2026-09-15T14:55:21Z,2026-09-29T12:30:00Z,,yes,Stefano Napolitano,structured,,,,True,2026-09-15T17:18:18+00:00
kalshi,KXITFWMATCH-26SEP15REGREI-REI,https://kalshi.com/markets/kxitfwmatch/itf-women-s-match,https://kalshi.com/markets/kxitfwmatch/itf-women-s-match/kxitfwmatch-26sep15regrei,Alicia Reichel wins,Alicia Reichel,KXITFWMATCH-26SEP15REGREI,,KXITFWMATCH,ITF Women's Match,Sports,"[""Tennis""]",settled,binary,0,1,0.99,0.99,0.01,0.99,1,120719.74,120719.74,83629.58,0,2026-09-14T22:12:00Z,2026-09-15T16:55:48Z,2026-09-29T14:00:00Z,,yes,Alicia Reichel,structured,,,,True,2026-09-15T17:18:17+00:00
kalshi,KXNFLFIRSTTD-26SEP14DENKC-DENTFRANKLIN11,https://kalshi.com/markets/kxnflfirsttd/pro-football-first-touchdown,https://kalshi.com/markets/kxnflfirsttd/pro-football-first-touchdown/kxnflfirsttd-26sep14denkc,Troy Franklin: 1st Touchdown,Troy Franklin,KXNFLFIRSTTD-26SEP14DENKC,Denver vs Kansas City: 1st Touchdown,KXNFLFIRSTTD,Pro Football First Touchdown,Sports,"[""Football""]",settled,binary,0,1,0.01,0.01,0.99,0.01,1,126372.07,120659.82,121915.58,0,2026-09-04T21:04:00Z,2026-09-15T01:54:05Z,2026-09-17T00:15:00Z,,no,No,structured,,,,True,2026-09-15T17:18:42+00:00
kalshi,KXBTCD-26SEP1505-T76699.99,https://kalshi.com/markets/kxbtcd/bitcoin-price-above-below,https://kalshi.com/markets/kxbtcd/bitcoin-price-above-below/kxbtcd-26sep1505,"Bitcoin price on Sep 15, 2026?","$76,700 or above",KXBTCD-26SEP1505,"BTC price on Sep 15, 2026 at 5am EDT?",KXBTCD,Bitcoin price Above/below,Crypto,"[""Hourly"", ""BTC""]",settled,binary,0,1,0.99,0.99,0.01,0.99,1,120643.29,120643.29,32385.74,0,2026-09-15T08:00:00Z,2026-09-15T09:00:00Z,2026-09-22T09:00:00Z,,yes,76952.10,greater,76699.99,,BRTI,True,2026-09-15T17:18:24+00:00
kalshi,KXNFLSPREAD-26SEP14DENKC-DEN2,https://kalshi.com/markets/kxnflspread/pro-football-spread,https://kalshi.com/markets/kxnflspread/pro-football-spread/kxnflspread-26sep14denkc,Denver wins by over 1.5 points?,Denver wins by over 1.5 points,KXNFLSPREAD-26SEP14DENKC,Denver vs Kansas City: Spread,KXNFLSPREAD,Pro Football Spread,Sports,"[""Football""]",settled,binary,0,1,0.01,0.01,0.99,0.01,1,133578.86,120102.3,93613.19,0,2026-08-03T23:13:00Z,2026-09-15T03:19:44Z,2026-09-17T00:15:00Z,,no,spread,greater,1.5,,,True,2026-09-15T17:18:35+00:00
kalshi,KXITFWMATCH-26SEP15MIYMAT-MIY,https://kalshi.com/markets/kxitfwmatch/itf-women-s-match,https://kalshi.com/markets/kxitfwmatch/itf-women-s-match/kxitfwmatch-26sep15miymat,Ayumi Miyamoto wins,Ayumi Miyamoto,KXITFWMATCH-26SEP15MIYMAT,Miyamoto vs Matsuda,KXITFWMATCH,ITF Women's Match,Sports,"[""Tennis""]",settled,binary,0,1,0.01,0.01,0.99,0.01,1,120024.14,119984.14,72892.75,0,2026-09-14T12:12:00Z,2026-09-15T07:16:13Z,2026-09-29T04:00:00Z,,no,Rinko Matsuda,structured,,,,True,2026-09-15T17:18:26+00:00
kalshi,KXBTCD-26SEP1511-T76099.99,https://kalshi.com/markets/kxbtcd/bitcoin-price-above-below,https://kalshi.com/markets/kxbtcd/bitcoin-price-above-below/kxbtcd-26sep1511,"Bitcoin price on Sep 15, 2026?","$76,100 or above",KXBTCD-26SEP1511,"BTC price on Sep 15, 2026 at 11am EDT?",KXBTCD,Bitcoin price Above/below,Crypto,"[""Hourly"", ""BTC""]",settled,binary,0,1,0.01,0.01,0.99,0.01,1,119825.44,119825.44,33247.69,0,2026-09-15T14:00:00Z,2026-09-15T15:00:00Z,2026-09-22T15:00:00Z,,no,75894.71,greater,76099.99,,BRTI,True,2026-09-15T17:18:18+00:00
kalshi,KXGOLD15M-26SEP150830-30,https://kalshi.com/markets/kxgold15m/gold-15-minute,https://kalshi.com/markets/kxgold15m/gold-15-minute/kxgold15m-26sep150830,Gold price up in next 15 mins?,"Target Price: $4,278.64",KXGOLD15M-26SEP150830,,KXGOLD15M,Gold 15-minute,Commodities,"[""Metals""]",settled,binary,0,1,0.002,0.002,0.998,0.002,1,119658.37,119658.37,57594.1,0,2026-09-15T12:15:00Z,2026-09-15T12:30:00Z,2026-09-22T12:30:00Z,,no,4277.89,greater_or_equal,4278.64,,,True,2026-09-15T17:18:20+00:00
kalshi,KXGOLD15M-26SEP150345-45,https://kalshi.com/markets/kxgold15m/gold-15-minute,https://kalshi.com/markets/kxgold15m/gold-15-minute/kxgold15m-26sep150345,Gold price up in next 15 mins?,"Target Price: $4,292.04",KXGOLD15M-26SEP150345,,KXGOLD15M,Gold 15-minute,Commodities,"[""Metals""]",settled,binary,0,1,0.001,0.001,0.999,0.001,1,119375.18,119375.18,53412.87,0,2026-09-15T07:30:00Z,2026-09-15T07:45:00Z,2026-09-22T07:45:00Z,,no,4284.10,greater_or_equal,4292.04,,,True,2026-09-15T17:18:26+00:00
kalshi,KXCS2GAME-26SEP141330ZOTIXDRAMA-DRAMA,https://kalshi.com/markets/kxcs2game/counter-strike-2-game,https://kalshi.com/markets/kxcs2game/counter-strike-2-game/kxcs2game-26sep141330zotixdrama,Drama eSports wins,Drama eSports,KXCS2GAME-26SEP141330ZOTIXDRAMA,,KXCS2GAME,Counter-Strike 2 Game,Sports,"[""Esports""]",settled,binary,0,1,0.01,0.01,0.99,0.01,1,121018.99,119203.89,81374.68,0,2026-09-12T00:05:00Z,2026-09-14T21:29:35Z,2026-09-16T17:30:00Z,,no,ZOTIX,structured,,,,True,2026-09-15T17:18:50+00:00
kalshi,KXATPCHALLENGERMATCH-26SEP15ROCSAN-ROC,https://kalshi.com/markets/kxatpchallengermatch/challenger-atp,https://kalshi.com/markets/kxatpchallengermatch/challenger-atp/kxatpchallengermatch-26sep15rocsan,Oriol Roca Batalla wins,Oriol Roca Batalla,KXATPCHALLENGERMATCH-26SEP15ROCSAN,,KXATPCHALLENGERMATCH,Challenger ATP ,Sports,"[""Tennis""]",settled,binary,0,1,0.99,0.99,0.01,0.99,1,118719.49,118719.49,94141.17,0,2026-09-14T22:30:00Z,2026-09-15T15:04:19Z,2026-09-29T10:20:00Z,,yes,Oriol Roca Batalla,structured,,,,True,2026-09-15T17:18:18+00:00
kalshi,KXBTCD-26SEP1423-T78099.99,https://kalshi.com/markets/kxbtcd/bitcoin-price-above-below,https://kalshi.com/markets/kxbtcd/bitcoin-price-above-below/kxbtcd-26sep1423,"Bitcoin price on Sep 14, 2026?","$78,100 or above",KXBTCD-26SEP1423,"BTC price on Sep 14, 2026 at 11pm EDT?",KXBTCD,Bitcoin price Above/below,Crypto,"[""Hourly"", ""BTC""]",settled,binary,0,1,0.01,0.01,0.99,0.01,1,118717.28,118717.28,33809.56,0,2026-09-15T02:00:00Z,2026-09-15T03:00:00Z,2026-09-22T03:00:00Z,,no,77892.00,greater,78099.99,,BRTI,True,2026-09-15T17:18:37+00:00
kalshi,KXLIGAPORTUGALGAME-26SEP14MORCSM-MOR,https://kalshi.com/markets/kxligaportugalgame/liga-portugal-game,https://kalshi.com/markets/kxligaportugalgame/liga-portugal-game/kxligaportugalgame-26sep14morcsm,Moreirense wins,Moreirense,KXLIGAPORTUGALGAME-26SEP14MORCSM,,KXLIGAPORTUGALGAME,Liga Portugal Game,Sports,"[""Soccer""]",settled,binary,0,1,0.99,0.99,0.01,0.99,1,118967.6,118705.48,64450.02,0,2026-09-07T00:36:00Z,2026-09-14T21:31:59Z,2026-09-17T01:15:00Z,,yes,Moreirense,structured,,,,True,2026-09-15T17:18:50+00:00
kalshi,KXITFWMATCH-26SEP14HANSUZ-SUZ,https://kalshi.com/markets/kxitfwmatch/itf-women-s-match,https://kalshi.com/markets/kxitfwmatch/itf-women-s-match/kxitfwmatch-26sep14hansuz,Nagisa Suzuki wins,Nagisa Suzuki,KXITFWMATCH-26SEP14HANSUZ,HAN vs Suzuki,KXITFWMATCH,ITF Women's Match,Sports,"[""Tennis""]",settled,binary,0,1,0.01,0.01,0.99,0.01,1,118523.94,118523.94,55049.08,0,2026-09-14T10:13:00Z,2026-09-15T04:31:33Z,2026-09-29T02:00:00Z,,no,Jiangxue HAN,structured,,,,True,2026-09-15T17:18:32+00:00
kalshi,KXATPCHALLENGERMATCH-26SEP15TOMKIK-KIK,https://kalshi.com/markets/kxatpchallengermatch/challenger-atp,https://kalshi.com/markets/kxatpchallengermatch/challenger-atp/kxatpchallengermatch-26sep15tomkik,Yuta Kikuchi wins,Yuta Kikuchi,KXATPCHALLENGERMATCH-26SEP15TOMKIK,,KXATPCHALLENGERMATCH,Challenger ATP ,Sports,"[""Tennis""]",settled,binary,0,1,0.01,0.01,0.99,0.01,1,118386.21,118386.21,100880.73,0,2026-09-14T20:50:00Z,2026-09-15T10:40:26Z,2026-09-29T08:40:00Z,,no,Bernard Tomic,structured,,,,True,2026-09-15T17:18:22+00:00
kalshi,KXMLBRFI-26SEP141910BALNYM,https://kalshi.com/markets/kxmlbrfi/pro-baseball-run-in-first-inning,https://kalshi.com/markets/kxmlbrfi/pro-baseball-run-in-first-inning/kxmlbrfi-26sep141910balnym,1st inning: Over 0.5 runs,Over 0.5 runs in the 1st inning,KXMLBRFI-26SEP141910BALNYM,,KXMLBRFI,Pro Baseball Run in First Inning,Sports,"[""Baseball""]",settled,binary,0,1,0.01,0.01,0.99,0.01,1,121666.6,118168.64,83512.61,0,2026-09-11T23:40:00Z,2026-09-14T23:29:44Z,2026-09-17T23:10:00Z,,no,No,greater_or_equal,1,,,True,2026-09-15T17:18:46+00:00
kalshi,KXETH15M-26SEP150545-45,https://kalshi.com/markets/kxeth15m/eth-15m-price-up-down,https://kalshi.com/markets/kxeth15m/eth-15m-price-up-down/kxeth15m-26sep150545,ETH price up in next 15 mins?,"Target Price: $2,474.06",KXETH15M-26SEP150545,,KXETH15M,ETH 15M price up down,Crypto,"[""ETH"", ""15 min"", ""15 Min Markets""]",settled,binary,0,1,0.999,0.999,0.001,0.999,1,118098.59,118098.59,28708.01,0,2026-09-15T09:30:00Z,2026-09-15T09:45:00Z,2026-09-22T09:45:00Z,,yes,2474.70,greater_or_equal,2474.06,,,True,2026-09-15T17:18:23+00:00
kalshi,KXDIMAYORTOTAL-26SEP14AMEPAS-2,https://kalshi.com/markets/kxdimayortotal/point-total,https://kalshi.com/markets/kxdimayortotal/point-total/kxdimayortotal-26sep14amepas,Will over 1.5 goals be scored?,Over 1.5 goals scored,KXDIMAYORTOTAL-26SEP14AMEPAS,,KXDIMAYORTOTAL,Point Total,Sports,"[""Soccer""]",settled,binary,0,1,0.01,0.01,0.99,0.01,1,117894.41,117881.31,48851.34,0,2026-09-14T01:06:00Z,2026-09-15T03:29:38Z,2026-09-17T01:00:00Z,,no,1,greater,1.5,,,True,2026-09-15T17:18:35+00:00
kalshi,KXNFLTOTAL-26SEP14DENKC-37,https://kalshi.com/markets/kxnfltotal/pro-football-total-points,https://kalshi.com/markets/kxnfltotal/pro-football-total-points/kxnfltotal-26sep14denkc,Will there be over 36.5 points scored?,Over 36.5 points scored,KXNFLTOTAL-26SEP14DENKC,Denver vs Kansas City: Total Points,KXNFLTOTAL,Pro Football Total Points,Sports,"[""Football""]",settled,binary,0,1,0.99,0.99,0.01,0.99,1,119577.41,117548.06,56135.26,0,2026-08-03T23:13:00Z,2026-09-15T02:46:35Z,2026-09-17T00:15:00Z,,yes,41,greater,36.5,,,True,2026-09-15T17:18:37+00:00
kalshi,KXETH15M-26SEP142345-45,https://kalshi.com/markets/kxeth15m/eth-15m-price-up-down,https://kalshi.com/markets/kxeth15m/eth-15m-price-up-down/kxeth15m-26sep142345,ETH price up in next 15 mins?,"Target Price: $2,501.99",KXETH15M-26SEP142345,,KXETH15M,ETH 15M price up down,Crypto,"[""ETH"", ""15 min"", ""15 Min Markets""]",settled,binary,0,1,0.999,0.999,0.001,0.999,1,116586.76,116586.76,48324.07,0,2026-09-15T03:30:00Z,2026-09-15T03:45:00Z,2026-09-22T03:45:00Z,,yes,2503.35,greater_or_equal,2501.99,,,True,2026-09-15T17:18:35+00:00
kalshi,KXBTCD-26SEP1512-T76199.99,https://kalshi.com/markets/kxbtcd/bitcoin-price-above-below,https://kalshi.com/markets/kxbtcd/bitcoin-price-above-below/kxbtcd-26sep1512,"Bitcoin price on Sep 15, 2026?","$76,200 or above",KXBTCD-26SEP1512,"BTC price on Sep 15, 2026 at 12pm EDT?",KXBTCD,Bitcoin price Above/below,Crypto,"[""Hourly"", ""BTC""]",settled,binary,0,1,0.99,0.99,0.01,0.99,1,116217.38,116217.38,38104.82,0,2026-09-15T15:00:00Z,2026-09-15T16:00:00Z,2026-09-22T16:00:00Z,,yes,76482.37,greater,76199.99,,BRTI,True,2026-09-15T17:18:18+00:00
kalshi,KXBTCD-26SEP1418-T79099.99,https://kalshi.com/markets/kxbtcd/bitcoin-price-above-below,https://kalshi.com/markets/kxbtcd/bitcoin-price-above-below/kxbtcd-26sep1418,"Bitcoin price on Sep 14, 2026?","$79,100 or above",KXBTCD-26SEP1418,"BTC price on Sep 14, 2026 at 6pm EDT?",KXBTCD,Bitcoin price Above/below,Crypto,"[""Hourly"", ""BTC""]",settled,binary,0,1,0.01,0.01,0.99,0.01,1,115995.17,115995.17,42647.27,0,2026-09-14T21:00:00Z,2026-09-14T22:00:00Z,2026-09-21T22:00:00Z,,no,78746.62,greater,79099.99,,BRTI,True,2026-09-15T17:18:50+00:00
kalshi,KXBRASILEIROGAME-26SEP13BAHCR-TIE,https://kalshi.com/markets/kxbrasileirogame/brasileiro-serie-a-game,https://kalshi.com/markets/kxbrasileirogame/brasileiro-serie-a-game/kxbrasileirogame-26sep13bahcr,Tie is the result,Tie,KXBRASILEIROGAME-26SEP13BAHCR,Bahia vs Remo,KXBRASILEIROGAME,Brasileiro Serie A Game,Sports,"[""Soccer""]",settled,binary,0,1,0.01,0.01,0.99,0.01,1,116270.56,115959.11,77787.51,0,2026-08-30T00:45:00Z,2026-09-15T01:32:09Z,2026-09-16T00:00:00Z,,no,Bahia,structured,,,,True,2026-09-15T17:18:42+00:00
kalshi,KXATPCHALLENGERMATCH-26SEP15TOMKIK-TOM,https://kalshi.com/markets/kxatpchallengermatch/challenger-atp,https://kalshi.com/markets/kxatpchallengermatch/challenger-atp/kxatpchallengermatch-26sep15tomkik,Bernard Tomic wins,Bernard Tomic,KXATPCHALLENGERMATCH-26SEP15TOMKIK,,KXATPCHALLENGERMATCH,Challenger ATP ,Sports,"[""Tennis""]",settled,binary,0,1,0.99,0.99,0.01,0.99,1,115808.87,115808.87,86940.83,0,2026-09-14T20:50:00Z,2026-09-15T10:40:26Z,2026-09-29T08:40:00Z,,yes,Bernard Tomic,structured,,,,True,2026-09-15T17:18:22+00:00
kalshi,KXWTI15M-26SEP142315-15,https://kalshi.com/markets/kxwti15m/wti-15-minute,https://kalshi.com/markets/kxwti15m/wti-15-minute/kxwti15m-26sep142315,WTI Oil price up in next 15 mins?,Target Price: $98.39,KXWTI15M-26SEP142315,,KXWTI15M,WTI 15-minute,Commodities,"[""Oil & Gas""]",settled,binary,0,1,0.986,0.986,0.014,0.986,1,115606.68,115606.68,25422.3,0,2026-09-15T03:00:00Z,2026-09-15T03:15:00Z,2026-09-22T03:15:00Z,,yes,98.40,greater_or_equal,98.39,,,True,2026-09-15T17:18:35+00:00
kalshi,KXETH15M-26SEP141500-00,https://kalshi.com/markets/kxeth15m/eth-15m-price-up-down,https://kalshi.com/markets/kxeth15m/eth-15m-price-up-down/kxeth15m-26sep141500,ETH price up in next 15 mins?,"Target Price: $2,540.43",KXETH15M-26SEP141500,,KXETH15M,ETH 15M price up down,Crypto,"[""ETH"", ""15 min"", ""15 Min Markets""]",settled,binary,0,1,0.001,0.001,0.999,0.001,1,115502.47,115502.47,58008.03,0,2026-09-14T18:45:00Z,2026-09-14T19:00:00Z,2026-09-21T19:00:00Z,,no,2539.00,greater_or_equal,2540.43,,,True,2026-09-15T17:18:56+00:00
kalshi,KXMLBTOTAL-26SEP141840LADCIN-5,https://kalshi.com/markets/kxmlbtotal/pro-baseball-total-points,https://kalshi.com/markets/kxmlbtotal/pro-baseball-total-points/kxmlbtotal-26sep141840ladcin,Over 4.5 runs scored,Over 4.5 runs scored,KXMLBTOTAL-26SEP141840LADCIN,Los Angeles D vs Cincinnati: Total Runs,KXMLBTOTAL,Pro Baseball Total Points,Sports,"[""Baseball""]",settled,binary,0,1,0.99,0.99,0.01,0.99,1,116081.91,115313.5,52889.83,0,2026-09-13T20:00:00Z,2026-09-15T00:59:47Z,2026-09-17T22:40:00Z,,yes,5,greater,4.5,,,True,2026-09-15T17:18:44+00:00
kalshi,KXETH15M-26SEP150100-00,https://kalshi.com/markets/kxeth15m/eth-15m-price-up-down,https://kalshi.com/markets/kxeth15m/eth-15m-price-up-down/kxeth15m-26sep150100,ETH price up in next 15 mins?,"Target Price: $2,494.00",KXETH15M-26SEP150100,,KXETH15M,ETH 15M price up down,Crypto,"[""ETH"", ""15 min"", ""15 Min Markets""]",settled,binary,0,1,0.001,0.001,0.999,0.001,1,115251.8,115251.8,60756.1,0,2026-09-15T04:45:00Z,2026-09-15T05:00:00Z,2026-09-22T05:00:00Z,,no,2491.11,greater_or_equal,2494,,,True,2026-09-15T17:18:30+00:00
kalshi,KXSERIEATOTAL-26SEP14INTUDI-8,https://kalshi.com/markets/kxserieatotal/serie-a-total,https://kalshi.com/markets/kxserieatotal/serie-a-total/kxserieatotal-26sep14intudi,Will over 7.5 goals be scored?,Over 7.5 goals scored,KXSERIEATOTAL-26SEP14INTUDI,Inter vs Udinese: Total Goals,KXSERIEATOTAL,Serie A Total,Sports,"[""Soccer""]",settled,binary,0,1,0.99,0.99,0.01,0.99,1,115074.45,115074.45,48321.15,0,2026-09-14T18:57:16Z,2026-09-14T21:05:17Z,2026-09-16T18:45:00Z,,yes,8,greater,7.5,,,True,2026-09-15T17:18:50+00:00
kalshi,KXETH15M-26SEP142245-45,https://kalshi.com/markets/kxeth15m/eth-15m-price-up-down,https://kalshi.com/markets/kxeth15m/eth-15m-price-up-down/kxeth15m-26sep142245,ETH price up in next 15 mins?,"Target Price: $2,516.15",KXETH15M-26SEP142245,,KXETH15M,ETH 15M price up down,Crypto,"[""ETH"", ""15 min"", ""15 Min Markets""]",settled,binary,0,1,0.001,0.001,0.999,0.001,1,114859.64,114859.64,50755.92,0,2026-09-15T02:30:00Z,2026-09-15T02:45:00Z,2026-09-22T02:45:00Z,,no,2512.84,greater_or_equal,2516.15,,,True,2026-09-15T17:18:38+00:00
kalshi,KXNFLRSHYDS-26SEP14DENKC-KCPMAHOMES15-30,https://kalshi.com/markets/kxnflrshyds/pro-football-rushing-yards,https://kalshi.com/markets/kxnflrshyds/pro-football-rushing-yards/kxnflrshyds-26sep14denkc,Patrick Mahomes: 30+ rushing yards,Patrick Mahomes: 30+,KXNFLRSHYDS-26SEP14DENKC,,KXNFLRSHYDS,Pro Football Rushing Yards,Sports,"[""Football""]",settled,binary,0,1,0.01,0.01,0.99,0.01,1,116813.49,114734.36,61046.65,0,2026-09-10T23:28:00Z,2026-09-15T03:35:24Z,2026-09-17T00:15:00Z,,no,rushing_yards,greater,29.5,,,True,2026-09-15T17:18:35+00:00
kalshi,KXMLBRFI-26SEP141945SFSTL,https://kalshi.com/markets/kxmlbrfi/pro-baseball-run-in-first-inning,https://kalshi.com/markets/kxmlbrfi/pro-baseball-run-in-first-inning/kxmlbrfi-26sep141945sfstl,1st inning: Over 0.5 runs,Over 0.5 runs in the 1st inning,KXMLBRFI-26SEP141945SFSTL,,KXMLBRFI,Pro Baseball Run in First Inning,Sports,"[""Baseball""]",settled,binary,0,1,0.01,0.01,0.99,0.01,1,119839.84,114544.7,99120.27,0,2026-09-12T00:10:00Z,2026-09-15T00:04:31Z,2026-09-17T23:45:00Z,,no,No,greater_or_equal,1,,,True,2026-09-15T17:18:45+00:00
kalshi,KXMLBTOTAL-26SEP141907DETTOR-12,https://kalshi.com/markets/kxmlbtotal/pro-baseball-total-points,https://kalshi.com/markets/kxmlbtotal/pro-baseball-total-points/kxmlbtotal-26sep141907dettor,Over 11.5 runs scored,Over 11.5 runs scored,KXMLBTOTAL-26SEP141907DETTOR,Detroit vs Toronto: Total Runs,KXMLBTOTAL,Pro Baseball Total Points,Sports,"[""Baseball""]",settled,binary,0,1,0.01,0.01,0.99,0.01,1,115984.23,114534.98,84562.76,0,2026-09-13T20:00:00Z,2026-09-15T02:15:01Z,2026-09-17T23:07:00Z,,no,11,greater,11.5,,,True,2026-09-15T17:18:40+00:00
kalshi,KXWTASETWINNER-26SEP13JACSAM-1-SAM,https://kalshi.com/markets/kxwtasetwinner/wta-set-winner,https://kalshi.com/markets/kxwtasetwinner/wta-set-winner/kxwtasetwinner-26sep13jacsam-1,Will Liudmila Samsonova win set 1 in the Elsa Jacquemot vs Liudmila Samsonova match,Liudmila Samsonova,KXWTASETWINNER-26SEP13JACSAM-1,,KXWTASETWINNER,WTA Set Winner,Sports,"[""Tennis""]",settled,binary,0,1,0.99,0.99,0.01,0.99,1,114287.92,114228.1,59561.98,0,2026-09-12T16:20:00Z,2026-09-15T01:55:49Z,2026-09-27T16:00:00Z,,yes,"Samsonova, Liudmila",structured,,,,True,2026-09-15T17:18:42+00:00
kalshi,KXITFMATCH-26SEP15MANKHO-KHO,https://kalshi.com/markets/kxitfmatch/itf-men-s-match,https://kalshi.com/markets/kxitfmatch/itf-men-s-match/kxitfmatch-26sep15mankho,Egor Khotchenkov wins,Egor Khotchenkov,KXITFMATCH-26SEP15MANKHO,,KXITFMATCH,ITF Men's Match,Sports,"[""Tennis""]",settled,binary,0,1,0.01,0.01,0.99,0.01,1,114157.27,114157.27,68470.01,0,2026-09-14T15:42:00Z,2026-09-15T11:20:59Z,2026-09-29T07:30:00Z,,no,Vardan Manukyan,structured,,,,True,2026-09-15T17:18:21+00:00
kalshi,KXAFCCLTOTAL-26SEP15JOHBUR-4,https://kalshi.com/markets/kxafccltotal/point-total,https://kalshi.com/markets/kxafccltotal/point-total/kxafccltotal-26sep15johbur,Will over 3.5 goals be scored?,Over 3.5 goals scored,KXAFCCLTOTAL-26SEP15JOHBUR,,KXAFCCLTOTAL,Point Total,Sports,"[""Soccer""]",settled,binary,0,1,0.01,0.01,0.99,0.01,1,113976.46,113923.14,58066.72,0,2026-09-08T13:05:00Z,2026-09-15T14:35:21Z,2026-09-17T12:15:00Z,,no,2,greater,3.5,,,True,2026-09-15T17:18:18+00:00
kalshi,KXWTI15M-26SEP151230-30,https://kalshi.com/markets/kxwti15m/wti-15-minute,https://kalshi.com/markets/kxwti15m/wti-15-minute/kxwti15m-26sep151230,WTI Oil price up in next 15 mins?,Target Price: $100.50,KXWTI15M-26SEP151230,,KXWTI15M,WTI 15-minute,Commodities,"[""Oil & Gas""]",settled,binary,0,1,0.004,0.004,0.996,0.004,1,113514.15,113514.15,42552.98,0,2026-09-15T16:15:00Z,2026-09-15T16:30:00Z,2026-09-22T16:30:00Z,,no,100.42,greater_or_equal,100.5,,,True,2026-09-15T17:18:17+00:00
kalshi,KXETH15M-26SEP142045-45,https://kalshi.com/markets/kxeth15m/eth-15m-price-up-down,https://kalshi.com/markets/kxeth15m/eth-15m-price-up-down/kxeth15m-26sep142045,ETH price up in next 15 mins?,"Target Price: $2,509.28",KXETH15M-26SEP142045,,KXETH15M,ETH 15M price up down,Crypto,"[""ETH"", ""15 min"", ""15 Min Markets""]",settled,binary,0,1,0.999,0.999,0.001,0.999,1,113232.92,113232.92,38059.42,0,2026-09-15T00:30:00Z,2026-09-15T00:45:00Z,2026-09-22T00:45:00Z,,yes,2513.56,greater_or_equal,2509.28,,,True,2026-09-15T17:18:44+00:00
kalshi,KXLIGAMXTOTAL-26SEP14LEOASL-4,https://kalshi.com/markets/kxligamxtotal/liga-mx-total,https://kalshi.com/markets/kxligamxtotal/liga-mx-total/kxligamxtotal-26sep14leoasl,Will over 3.5 goals be scored?,Over 3.5 goals scored,KXLIGAMXTOTAL-26SEP14LEOASL,Leon vs San Luis: Total Goals,KXLIGAMXTOTAL,Liga MX Total,Sports,"[""Soccer""]",settled,binary,0,1,0.01,0.01,0.99,0.01,1,114367.9,113063.62,69357.44,0,2026-09-08T06:06:00Z,2026-09-15T03:00:00Z,2026-09-17T01:00:00Z,,no,2,greater,3.5,,,True,2026-09-15T17:18:36+00:00
kalshi,KXGOLD15M-26SEP150530-30,https://kalshi.com/markets/kxgold15m/gold-15-minute,https://kalshi.com/markets/kxgold15m/gold-15-minute/kxgold15m-26sep150530,Gold price up in next 15 mins?,"Target Price: $4,266.26",KXGOLD15M-26SEP150530,,KXGOLD15M,Gold 15-minute,Commodities,"[""Metals""]",settled,binary,0,1,0.999,0.999,0.001,0.999,1,113014.83,113014.83,30051.96,0,2026-09-15T09:15:00Z,2026-09-15T09:30:00Z,2026-09-22T09:30:00Z,,yes,4267.18,greater_or_equal,4266.26,,,True,2026-09-15T17:18:23+00:00
kalshi,KXWTASETWINNER-26SEP13KALDAY-1-DAY,https://kalshi.com/markets/kxwtasetwinner/wta-set-winner,https://kalshi.com/markets/kxwtasetwinner/wta-set-winner/kxwtasetwinner-26sep13kalday-1,Will Kayla Day win set 1 in the Elvina Kalieva vs Kayla Day match,Kayla Day,KXWTASETWINNER-26SEP13KALDAY-1,,KXWTASETWINNER,WTA Set Winner,Sports,"[""Tennis""]",settled,binary,0,1,0.99,0.99,0.01,0.99,1,112698.63,112684.44,50260.94,0,2026-09-12T16:20:00Z,2026-09-14T20:15:56Z,2026-09-27T16:00:00Z,,yes,"Day, Kayla",structured,,,,True,2026-09-15T17:18:52+00:00
kalshi,KXETH15M-26SEP150200-00,https://kalshi.com/markets/kxeth15m/eth-15m-price-up-down,https://kalshi.com/markets/kxeth15m/eth-15m-price-up-down/kxeth15m-26sep150200,ETH price up in next 15 mins?,"Target Price: $2,489.67",KXETH15M-26SEP150200,,KXETH15M,ETH 15M price up down,Crypto,"[""ETH"", ""15 min"", ""15 Min Markets""]",settled,binary,0,1,0.999,0.999,0.001,0.999,1,112613.11,112613.11,55913.85,0,2026-09-15T05:45:00Z,2026-09-15T06:00:00Z,2026-09-22T06:00:00Z,,yes,2496.20,greater_or_equal,2489.67,,,True,2026-09-15T17:18:29+00:00
kalshi,KXGOLD15M-26SEP150500-00,https://kalshi.com/markets/kxgold15m/gold-15-minute,https://kalshi.com/markets/kxgold15m/gold-15-minute/kxgold15m-26sep150500,Gold price up in next 15 mins?,"Target Price: $4,267.48",KXGOLD15M-26SEP150500,,KXGOLD15M,Gold 15-minute,Commodities,"[""Metals""]",settled,binary,0,1,0.018,0.018,0.982,0.018,1,112149.46,112149.46,43765.67,0,2026-09-15T08:45:00Z,2026-09-15T09:00:00Z,2026-09-22T09:00:00Z,,no,4262.54,greater_or_equal,4267.48,,,True,2026-09-15T17:18:23+00:00
kalshi,KXECULPGAME-26SEP14UNIORE-ORE,https://kalshi.com/markets/kxeculpgame/ecuador-liga-pro-game,https://kalshi.com/markets/kxeculpgame/ecuador-liga-pro-game/kxeculpgame-26sep14uniore,Orense wins,Orense,KXECULPGAME-26SEP14UNIORE,,KXECULPGAME,Ecuador Liga Pro Game,Sports,"[""Soccer""]",settled,binary,0,1,0.01,0.01,0.99,0.01,1,117455.15,112123.52,80431.95,0,2026-09-11T00:35:00Z,2026-09-15T02:02:06Z,2026-09-17T00:00:00Z,,no,Uni Catolica,structured,,,,True,2026-09-15T17:18:40+00:00
kalshi,KXITFMATCH-26SEP15ELFKAS-ELF,https://kalshi.com/markets/kxitfmatch/itf-men-s-match,https://kalshi.com/markets/kxitfmatch/itf-men-s-match/kxitfmatch-26sep15elfkas,Karim El Feky wins,Karim El Feky,KXITFMATCH-26SEP15ELFKAS,,KXITFMATCH,ITF Men's Match,Sports,"[""Tennis""]",settled,binary,0,1,0.99,0.99,0.01,0.99,1,112053.99,112053.99,65503.72,0,2026-09-14T14:42:00Z,2026-09-15T08:35:47Z,2026-09-29T06:00:00Z,,yes,Karim El Feky,structured,,,,True,2026-09-15T17:18:24+00:00
kalshi,KXAFCCLGAME-26SEP15RATSHP-SHP,https://kalshi.com/markets/kxafcclgame/afc-champions-league-game,https://kalshi.com/markets/kxafcclgame/afc-champions-league-game/kxafcclgame-26sep15ratshp,Shanghai Port wins,Shanghai Port,KXAFCCLGAME-26SEP15RATSHP,,KXAFCCLGAME,AFC Champions League Game,Sports,"[""Soccer""]",settled,binary,0,1,0.99,0.99,0.01,0.99,1,111284.76,111217.95,67491.08,0,2026-09-01T00:34:00Z,2026-09-15T12:07:04Z,2026-09-17T16:00:00Z,,yes,Shanghai Port,structured,,,,True,2026-09-15T17:18:20+00:00
kalshi,KXNFLREC-26SEP14DENKC-DENRHARVEY12-3,https://kalshi.com/markets/kxnflrec/pro-football-player-receptions,https://kalshi.com/markets/kxnflrec/pro-football-player-receptions/kxnflrec-26sep14denkc,RJ Harvey: 3+ receptions,RJ Harvey: 3+,KXNFLREC-26SEP14DENKC,Denver vs Kansas City: Receptions,KXNFLREC,Pro Football Player Receptions,Sports,"[""Football""]",settled,binary,0,1,0.99,0.99,0.01,0.99,1,150049.63,111075.79,143154.09,0,2026-09-08T01:35:00Z,2026-09-15T03:04:45Z,2026-09-17T00:15:00Z,,yes,receptions,greater,2.5,,,True,2026-09-15T17:18:35+00:00
kalshi,KXETH15M-26SEP141715-15,https://kalshi.com/markets/kxeth15m/eth-15m-price-up-down,https://kalshi.com/markets/kxeth15m/eth-15m-price-up-down/kxeth15m-26sep141715,ETH price up in next 15 mins?,"Target Price: $2,569.26",KXETH15M-26SEP141715,,KXETH15M,ETH 15M price up down,Crypto,"[""ETH"", ""15 min"", ""15 Min Markets""]",settled,binary,0,1,0.001,0.001,0.999,0.001,1,110701.22,110701.22,62677.02,0,2026-09-14T21:00:00Z,2026-09-14T21:15:00Z,2026-09-21T21:15:00Z,,no,2552.41,greater_or_equal,2569.26,,,True,2026-09-15T17:18:50+00:00
kalshi,KXGOLD15M-26SEP150900-00,https://kalshi.com/markets/kxgold15m/gold-15-minute,https://kalshi.com/markets/kxgold15m/gold-15-minute/kxgold15m-26sep150900,Gold price up in next 15 mins?,"Target Price: $4,281.23",KXGOLD15M-26SEP150900,,KXGOLD15M,Gold 15-minute,Commodities,"[""Metals""]",settled,binary,0,1,0.999,0.999,0.001,0.999,1,110633.14,110633.14,38671.41,0,2026-09-15T12:45:00Z,2026-09-15T13:00:00Z,2026-09-22T13:00:00Z,,yes,4290.92,greater_or_equal,4281.23,,,True,2026-09-15T17:18:20+00:00
kalshi,KXBTCD-26SEP1512-T75999.99,https://kalshi.com/markets/kxbtcd/bitcoin-price-above-below,https://kalshi.com/markets/kxbtcd/bitcoin-price-above-below/kxbtcd-26sep1512,"Bitcoin price on Sep 15, 2026?","$76,000 or above",KXBTCD-26SEP1512,"BTC price on Sep 15, 2026 at 12pm EDT?",KXBTCD,Bitcoin price Above/below,Crypto,"[""Hourly"", ""BTC""]",settled,binary,0,1,0.99,0.99,0.01,0.99,1,110415.71,110415.71,44672.2,0,2026-09-15T15:00:00Z,2026-09-15T16:00:00Z,2026-09-22T16:00:00Z,,yes,76482.37,greater,75999.99,,BRTI,True,2026-09-15T17:18:18+00:00
kalshi,KXMLBTOTAL-26SEP141840CWSCLE-9,https://kalshi.com/markets/kxmlbtotal/pro-baseball-total-points,https://kalshi.com/markets/kxmlbtotal/pro-baseball-total-points/kxmlbtotal-26sep141840cwscle,Over 8.5 runs scored,Over 8.5 runs scored,KXMLBTOTAL-26SEP141840CWSCLE,Chicago WS vs Cleveland: Total Runs,KXMLBTOTAL,Pro Baseball Total Points,Sports,"[""Baseball""]",settled,binary,0,1,0.99,0.99,0.01,0.99,1,111527.04,110240.09,58156.24,0,2026-09-13T20:00:00Z,2026-09-15T01:55:01Z,2026-09-17T22:40:00Z,,yes,10,greater,8.5,,,True,2026-09-15T17:18:42+00:00
kalshi,KXWTI15M-26SEP141930-30,https://kalshi.com/markets/kxwti15m/wti-15-minute,https://kalshi.com/markets/kxwti15m/wti-15-minute/kxwti15m-26sep141930,WTI Oil price up in next 15 mins?,Target Price: $97.50,KXWTI15M-26SEP141930,,KXWTI15M,WTI 15-minute,Commodities,"[""Oil & Gas""]",settled,binary,0,1,0.999,0.999,0.001,0.999,1,110184.43,110184.43,80772.98,0,2026-09-14T23:15:00Z,2026-09-14T23:30:00Z,2026-09-21T23:30:00Z,,yes,97.65,greater_or_equal,97.5,,,True,2026-09-15T17:18:46+00:00
kalshi,KXETH15M-26SEP141600-00,https://kalshi.com/markets/kxeth15m/eth-15m-price-up-down,https://kalshi.com/markets/kxeth15m/eth-15m-price-up-down/kxeth15m-26sep141600,ETH price up in next 15 mins?,"Target Price: $2,542.67",KXETH15M-26SEP141600,,KXETH15M,ETH 15M price up down,Crypto,"[""ETH"", ""15 min"", ""15 Min Markets""]",settled,binary,0,1,0.001,0.001,0.999,0.001,1,109693.48,109693.48,43990.81,0,2026-09-14T19:45:00Z,2026-09-14T20:00:00Z,2026-09-21T20:00:00Z,,no,2540.48,greater_or_equal,2542.67,,,True,2026-09-15T17:18:54+00:00
kalshi,KXGOLD15M-26SEP150400-00,https://kalshi.com/markets/kxgold15m/gold-15-minute,https://kalshi.com/markets/kxgold15m/gold-15-minute/kxgold15m-26sep150400,Gold price up in next 15 mins?,"Target Price: $4,284.10",KXGOLD15M-26SEP150400,,KXGOLD15M,Gold 15-minute,Commodities,"[""Metals""]",settled,binary,0,1,0.001,0.001,0.999,0.001,1,109443.43,109443.43,35930.53,0,2026-09-15T07:45:00Z,2026-09-15T08:00:00Z,2026-09-22T08:00:00Z,,no,4280.75,greater_or_equal,4284.1,,,True,2026-09-15T17:18:25+00:00
kalshi,KXWTACHALLENGERMATCH-26SEP15SEBJIM-SEB,https://kalshi.com/markets/kxwtachallengermatch/challenger-wta,https://kalshi.com/markets/kxwtachallengermatch/challenger-wta/kxwtachallengermatch-26sep15sebjim,Katherine Sebov wins,Katherine Sebov,KXWTACHALLENGERMATCH-26SEP15SEBJIM,,KXWTACHALLENGERMATCH,Challenger WTA,Sports,"[""Tennis""]",settled,binary,0,1,0.01,0.01,0.99,0.01,1,109402.18,109402.18,61199.51,0,2026-09-14T22:20:00Z,2026-09-15T11:50:47Z,2026-09-29T10:10:00Z,,no,Victoria Jimenez Kasintseva,structured,,,,True,2026-09-15T17:18:21+00:00
kalshi,KXSERIEATOTAL-26SEP14COMPAR-4,https://kalshi.com/markets/kxserieatotal/serie-a-total,https://kalshi.com/markets/kxserieatotal/serie-a-total/kxserieatotal-26sep14compar,Will over 3.5 goals be scored?,Over 3.5 goals scored,KXSERIEATOTAL-26SEP14COMPAR,Como vs Parma Calcio: Total Goals,KXSERIEATOTAL,Serie A Total,Sports,"[""Soccer""]",settled,binary,0,1,0.01,0.01,0.99,0.01,1,198929.91,109380.6,93530.63,0,2026-09-07T17:06:00Z,2026-09-14T18:35:06Z,2026-09-16T22:30:00Z,,no,3,greater,3.5,,,True,2026-09-15T17:18:57+00:00
kalshi,KXETH15M-26SEP141700-00,https://kalshi.com/markets/kxeth15m/eth-15m-price-up-down,https://kalshi.com/markets/kxeth15m/eth-15m-price-up-down/kxeth15m-26sep141700,ETH price up in next 15 mins?,"Target Price: $2,587.04",KXETH15M-26SEP141700,,KXETH15M,ETH 15M price up down,Crypto,"[""ETH"", ""15 min"", ""15 Min Markets""]",settled,binary,0,1,0.001,0.001,0.999,0.001,1,109338.83,109338.83,62952.14,0,2026-09-14T20:45:00Z,2026-09-14T21:00:00Z,2026-09-21T21:00:00Z,,no,2569.26,greater_or_equal,2587.04,,,True,2026-09-15T17:18:51+00:00
kalshi,KXMLBF5TOTAL-26SEP141840LADCIN-4,https://kalshi.com/markets/kxmlbf5total/first-5-innings-total,https://kalshi.com/markets/kxmlbf5total/first-5-innings-total/kxmlbf5total-26sep141840ladcin,First 5 innings: Over 3.5 runs,Over 3.5 runs in the first 5 innings,KXMLBF5TOTAL-26SEP141840LADCIN,,KXMLBF5TOTAL,First 5 Innings Total,Sports,"[""Baseball""]",settled,binary,0,1,0.01,0.01,0.99,0.01,1,109226.69,109070.28,53214.42,0,2026-09-13T20:00:00Z,2026-09-15T00:15:06Z,2026-09-17T22:40:00Z,,no,3,greater,3.5,,,True,2026-09-15T17:18:44+00:00
kalshi,KXNFLPASSTDS-26SEP14DENKC-KCPMAHOMES15-3,https://kalshi.com/markets/kxnflpasstds/pro-football-player-passing-touchdowns,https://kalshi.com/markets/kxnflpasstds/pro-football-player-passing-touchdowns/kxnflpasstds-26sep14denkc,Patrick Mahomes: 3+ passing touchdowns,Patrick Mahomes: 3+,KXNFLPASSTDS-26SEP14DENKC,Denver vs Kansas City: Passing Touchdowns,KXNFLPASSTDS,Pro Football player Passing Touchdowns,Sports,"[""Football""]",settled,binary,0,1,0.01,0.01,0.99,0.01,1,121165.48,108993.93,91253.55,0,2026-09-10T23:29:00Z,2026-09-15T03:25:21Z,2026-09-17T00:15:00Z,,no,passing_touchdowns,greater,2.5,,,True,2026-09-15T17:18:35+00:00
kalshi,KXETH15M-26SEP141730-30,https://kalshi.com/markets/kxeth15m/eth-15m-price-up-down,https://kalshi.com/markets/kxeth15m/eth-15m-price-up-down/kxeth15m-26sep141730,ETH price up in next 15 mins?,"Target Price: $2,552.41",KXETH15M-26SEP141730,,KXETH15M,ETH 15M price up down,Crypto,"[""ETH"", ""15 min"", ""15 Min Markets""]",settled,binary,0,1,0.999,0.999,0.001,0.999,1,108306.42,108306.42,50174.5,0,2026-09-14T21:15:00Z,2026-09-14T21:30:00Z,2026-09-21T21:30:00Z,,yes,2556.67,greater_or_equal,2552.41,,,True,2026-09-15T17:18:50+00:00
kalshi,KXNPBGAME-26SEP150500CHIHOK-CHI,https://kalshi.com/markets/kxnpbgame/japan-npb-game,https://kalshi.com/markets/kxnpbgame/japan-npb-game/kxnpbgame-26sep150500chihok,Chiba Lotte Marines wins,Chiba Lotte Marines,KXNPBGAME-26SEP150500CHIHOK,,KXNPBGAME,Japan NPB Game,Sports,"[""Baseball""]",settled,binary,0,1,0.99,0.99,0.01,0.99,1,108280.71,108274.56,52695.19,0,2026-09-12T04:11:00Z,2026-09-15T13:14:35Z,2026-09-17T09:00:00Z,,yes,Chiba Lotte Marines,structured,,,,True,2026-09-15T17:18:19+00:00
kalshi,KXNFLTEAMTOTAL-26SEP14DENKC-KC36,https://kalshi.com/markets/kxnflteamtotal/pro-football-team-total-points,https://kalshi.com/markets/kxnflteamtotal/pro-football-team-total-points/kxnflteamtotal-26sep14denkc,Kansas City over 35.5 points scored,Kansas City over 35.5 points scored,KXNFLTEAMTOTAL-26SEP14DENKC,Denver vs Kansas City: Team Total,KXNFLTEAMTOTAL,Pro Football Team Total Points,Sports,"[""Football""]",settled,binary,0,1,0.01,0.01,0.99,0.01,1,107963.41,107963.41,52906.15,0,2026-09-10T01:05:00Z,2026-09-15T03:19:43Z,2026-09-17T00:15:00Z,,no,team_points,greater,35.5,,,True,2026-09-15T17:18:35+00:00
kalshi,KXWTI15M-26SEP141400-00,https://kalshi.com/markets/kxwti15m/wti-15-minute,https://kalshi.com/markets/kxwti15m/wti-15-minute/kxwti15m-26sep141400,WTI Oil price up in next 15 mins?,Target Price: $97.89,KXWTI15M-26SEP141400,,KXWTI15M,WTI 15-minute,Commodities,"[""Oil & Gas""]",settled,binary,0,1,0.998,0.998,0.002,0.998,1,107959.06,107959.06,25354.24,0,2026-09-14T17:45:00Z,2026-09-14T18:00:00Z,2026-09-21T18:00:00Z,,yes,98.05,greater_or_equal,97.89,,,True,2026-09-15T17:18:57+00:00
kalshi,KXWTACHALLENGERMATCH-26SEP15MINGEE-GEE,https://kalshi.com/markets/kxwtachallengermatch/challenger-wta,https://kalshi.com/markets/kxwtachallengermatch/challenger-wta/kxwtachallengermatch-26sep15mingee,Ariana Geerlings Martinez wins,Ariana Geerlings Martinez,KXWTACHALLENGERMATCH-26SEP15MINGEE,,KXWTACHALLENGERMATCH,Challenger WTA,Sports,"[""Tennis""]",settled,binary,0,1,0.01,0.01,0.99,0.01,1,107785.27,107785.27,54153.81,0,2026-09-14T20:10:00Z,2026-09-15T09:40:36Z,2026-09-29T08:00:00Z,,no,Ane Mintegi Del Olmo,structured,,,,True,2026-09-15T17:18:23+00:00
kalshi,KXBTCD-26SEP1421-T78299.99,https://kalshi.com/markets/kxbtcd/bitcoin-price-above-below,https://kalshi.com/markets/kxbtcd/bitcoin-price-above-below/kxbtcd-26sep1421,"Bitcoin price on Sep 14, 2026?","$78,300 or above",KXBTCD-26SEP1421,"BTC price on Sep 14, 2026 at 9pm EDT?",KXBTCD,Bitcoin price Above/below,Crypto,"[""Hourly"", ""BTC""]",settled,binary,0,1,0.01,0.01,0.99,0.01,1,107589.15,107589.15,34678.77,0,2026-09-15T00:00:00Z,2026-09-15T01:00:00Z,2026-09-22T01:00:00Z,,no,77944.70,greater,78299.99,,BRTI,True,2026-09-15T17:18:44+00:00
kalshi,KXWTI15M-26SEP141615-15,https://kalshi.com/markets/kxwti15m/wti-15-minute,https://kalshi.com/markets/kxwti15m/wti-15-minute/kxwti15m-26sep141615,WTI Oil price up in next 15 mins?,Target Price: $98.17,KXWTI15M-26SEP141615,,KXWTI15M,WTI 15-minute,Commodities,"[""Oil & Gas""]",settled,binary,0,1,0.003,0.003,0.997,0.003,1,107497.24,107497.24,35473.58,0,2026-09-14T20:00:00Z,2026-09-14T20:15:00Z,2026-09-21T20:15:00Z,,no,98.04,greater_or_equal,98.17,,,True,2026-09-15T17:18:52+00:00
kalshi,KXCS2GAME-26SEP150400G2ABRUTE-BRUTE,https://kalshi.com/markets/kxcs2game/counter-strike-2-game,https://kalshi.com/markets/kxcs2game/counter-strike-2-game/kxcs2game-26sep150400g2abrute,Brute wins,Brute,KXCS2GAME-26SEP150400G2ABRUTE,,KXCS2GAME,Counter-Strike 2 Game,Sports,"[""Esports""]",settled,binary,0,1,0.99,0.99,0.01,0.99,1,107454.1,107454.1,56917.16,0,2026-09-14T02:30:00Z,2026-09-15T11:19:45Z,2026-09-17T08:00:00Z,,yes,Brute,structured,,,,True,2026-09-15T17:18:21+00:00
kalshi,KXWTI15M-26SEP141515-15,https://kalshi.com/markets/kxwti15m/wti-15-minute,https://kalshi.com/markets/kxwti15m/wti-15-minute/kxwti15m-26sep141515,WTI Oil price up in next 15 mins?,Target Price: $97.47,KXWTI15M-26SEP141515,,KXWTI15M,WTI 15-minute,Commodities,"[""Oil & Gas""]",settled,binary,0,1,0.001,0.001,0.999,0.001,1,107322.87,107322.87,30628.55,0,2026-09-14T19:00:00Z,2026-09-14T19:15:00Z,2026-09-21T19:15:00Z,,no,97.32,greater_or_equal,97.47,,,True,2026-09-15T17:18:55+00:00
kalshi,KXITFWMATCH-26SEP15FIOVAL-FIO,https://kalshi.com/markets/kxitfwmatch/itf-women-s-match,https://kalshi.com/markets/kxitfwmatch/itf-women-s-match/kxitfwmatch-26sep15fioval,Alessandra Fiorillo wins,Alessandra Fiorillo,KXITFWMATCH-26SEP15FIOVAL,,KXITFWMATCH,ITF Women's Match,Sports,"[""Tennis""]",settled,binary,0,1,0.99,0.99,0.01,0.99,1,107237.77,107237.77,71113.97,0,2026-09-14T20:02:00Z,2026-09-15T09:51:08Z,2026-09-29T07:30:00Z,,yes,Alessandra Fiorillo,structured,,,,True,2026-09-15T17:18:23+00:00
kalshi,KXEGYPLTOTAL-26SEP15DEGMOK-2,https://kalshi.com/markets/kxegypltotal/point-total,https://kalshi.com/markets/kxegypltotal/point-total/kxegypltotal-26sep15degmok,Will over 1.5 goals be scored?,Over 1.5 goals scored,KXEGYPLTOTAL-26SEP15DEGMOK,,KXEGYPLTOTAL,Point Total,Sports,"[""Soccer""]",settled,binary,0,1,0.99,0.99,0.01,0.99,1,107190.88,107190.88,38609.95,0,2026-09-14T14:06:00Z,2026-09-15T16:30:31Z,2026-09-17T14:00:00Z,,yes,2,greater,1.5,,,True,2026-09-15T17:18:17+00:00
kalshi,KXSOL15M-26SEP150130-30,https://kalshi.com/markets/kxsol15m/solana-15-minutes,https://kalshi.com/markets/kxsol15m/solana-15-minutes/kxsol15m-26sep150130,SOL price up in next 15 mins?,Target Price: $100.9118,KXSOL15M-26SEP150130,,KXSOL15M,Solana 15 minutes,Crypto,"[""15 min"", ""SOL"", ""15 Min Markets""]",settled,binary,0,1,0.999,0.999,0.001,0.999,1,106851.67,106851.67,32402.31,0,2026-09-15T05:15:00Z,2026-09-15T05:30:00Z,2026-09-22T05:30:00Z,,yes,100.9255,greater_or_equal,100.9118,,,True,2026-09-15T17:18:29+00:00
kalshi,KXWTACHALLENGERMATCH-26SEP15SEBJIM-JIM,https://kalshi.com/markets/kxwtachallengermatch/challenger-wta,https://kalshi.com/markets/kxwtachallengermatch/challenger-wta/kxwtachallengermatch-26sep15sebjim,Victoria Jimenez Kasintseva wins,Victoria Jimenez Kasintseva,KXWTACHALLENGERMATCH-26SEP15SEBJIM,,KXWTACHALLENGERMATCH,Challenger WTA,Sports,"[""Tennis""]",settled,binary,0,1,0.99,0.99,0.01,0.99,1,106776.5,106776.5,62206.17,0,2026-09-14T22:20:00Z,2026-09-15T11:50:47Z,2026-09-29T10:10:00Z,,yes,Victoria Jimenez Kasintseva,structured,,,,True,2026-09-15T17:18:21+00:00
kalshi,KXMLBTOTAL-26SEP142040SDCOL-14,https://kalshi.com/markets/kxmlbtotal/pro-baseball-total-points,https://kalshi.com/markets/kxmlbtotal/pro-baseball-total-points/kxmlbtotal-26sep142040sdcol,Over 13.5 runs scored,Over 13.5 runs scored,KXMLBTOTAL-26SEP142040SDCOL,San Diego vs Colorado: Total Runs,KXMLBTOTAL,Pro Baseball Total Points,Sports,"[""Baseball""]",settled,binary,0,1,0.99,0.99,0.01,0.99,1,106982.23,106487.84,60200.32,0,2026-09-13T20:00:00Z,2026-09-15T03:29:36Z,2026-09-18T00:40:00Z,,yes,15,greater,13.5,,,True,2026-09-15T17:18:35+00:00
kalshi,KXWTI15M-26SEP141445-45,https://kalshi.com/markets/kxwti15m/wti-15-minute,https://kalshi.com/markets/kxwti15m/wti-15-minute/kxwti15m-26sep141445,WTI Oil price up in next 15 mins?,Target Price: $97.75,KXWTI15M-26SEP141445,,KXWTI15M,WTI 15-minute,Commodities,"[""Oil & Gas""]",settled,binary,0,1,0.001,0.001,0.999,0.001,1,106241.84,106241.84,71470.32,0,2026-09-14T18:30:00Z,2026-09-14T18:45:00Z,2026-09-21T18:45:00Z,,no,97.11,greater_or_equal,97.75,,,True,2026-09-15T17:18:57+00:00
kalshi,KXNFL2HTOTAL-26SEP14DENKC-21,https://kalshi.com/markets/kxnfl2htotal/pro-football-2nd-half-total,https://kalshi.com/markets/kxnfl2htotal/pro-football-2nd-half-total/kxnfl2htotal-26sep14denkc,Will there be over 20.5 2H points scored?,Over 20.5 2H points scored,KXNFL2HTOTAL-26SEP14DENKC,,KXNFL2HTOTAL,Pro Football 2nd Half Total,Sports,"[""Football""]",settled,binary,0,1,0.01,0.01,0.99,0.01,1,106593.51,105960.05,48456.28,0,2026-09-02T18:37:00Z,2026-09-15T03:19:51Z,2026-09-17T00:15:00Z,,no,20,greater,20.5,,,True,2026-09-15T17:18:35+00:00
kalshi,KXITFMATCH-26SEP15VASMAS-MAS,https://kalshi.com/markets/kxitfmatch/itf-men-s-match,https://kalshi.com/markets/kxitfmatch/itf-men-s-match/kxitfmatch-26sep15vasmas,Loann Massard wins,Loann Massard,KXITFMATCH-26SEP15VASMAS,,KXITFMATCH,ITF Men's Match,Sports,"[""Tennis""]",settled,binary,0,1,0.99,0.99,0.01,0.99,1,105920.69,105920.69,47868.23,0,2026-09-14T18:42:00Z,2026-09-15T12:05:33Z,2026-09-29T09:00:00Z,,yes,Loann Massard,structured,,,,True,2026-09-15T17:18:20+00:00
kalshi,KXWTASETWINNER-26SEP13MARTOW-1-MAR,https://kalshi.com/markets/kxwtasetwinner/wta-set-winner,https://kalshi.com/markets/kxwtasetwinner/wta-set-winner/kxwtasetwinner-26sep13martow-1,Will Tatjana Maria win set 1 in the Tatjana Maria vs Taylor Townsend match,Tatjana Maria,KXWTASETWINNER-26SEP13MARTOW-1,Tatjana Maria vs Taylor Townsend: Set 1 Winner,KXWTASETWINNER,WTA Set Winner,Sports,"[""Tennis""]",settled,binary,0,1,0.99,0.99,0.01,0.99,1,108141.43,105878.9,52668.47,0,2026-09-12T16:20:00Z,2026-09-14T22:11:03Z,2026-09-27T16:00:00Z,,yes,"Maria, Tatjana",structured,,,,True,2026-09-15T17:18:48+00:00
kalshi,KXBRASILEIROBGAME-26SEP14AVAVIN-TIE,https://kalshi.com/markets/kxbrasileirobgame/brasileiro-serie-b-game,https://kalshi.com/markets/kxbrasileirobgame/brasileiro-serie-b-game/kxbrasileirobgame-26sep14avavin,Tie is the result,Tie,KXBRASILEIROBGAME-26SEP14AVAVIN,Avai vs Vila Nova,KXBRASILEIROBGAME,Brasileiro Serie B Game,Sports,"[""Soccer""]",settled,binary,0,1,0.99,0.99,0.01,0.99,1,106168.3,105861.07,65899.16,0,2026-09-08T05:34:00Z,2026-09-15T02:36:25Z,2026-09-17T00:30:00Z,,yes,Tie,structured,,,,True,2026-09-15T17:18:38+00:00
kalshi,KXITFMATCH-26SEP15BRUSVE-SVE,https://kalshi.com/markets/kxitfmatch/itf-men-s-match,https://kalshi.com/markets/kxitfmatch/itf-men-s-match/kxitfmatch-26sep15brusve,Lorenzo Sverzut Corsini wins,Lorenzo Sverzut Corsini,KXITFMATCH-26SEP15BRUSVE,,KXITFMATCH,ITF Men's Match,Sports,"[""Tennis""]",settled,binary,0,1,0.99,0.99,0.01,0.99,1,105859.31,105859.31,57141.53,0,2026-09-14T21:12:00Z,2026-09-15T16:00:41Z,2026-09-29T13:00:00Z,,yes,Lorenzo Sverzut Corsini,structured,,,,True,2026-09-15T17:18:17+00:00
kalshi,KXLALIGASPREAD-26SEP14VILRBB-RBB2,https://kalshi.com/markets/kxlaligaspread/la-liga-spread,https://kalshi.com/markets/kxlaligaspread/la-liga-spread/kxlaligaspread-26sep14vilrbb,Real Betis wins by more than 1.5 goals?,Real Betis wins by more than 1.5 goals,KXLALIGASPREAD-26SEP14VILRBB,,KXLALIGASPREAD,La Liga Spread,Sports,"[""Soccer""]",settled,binary,0,1,0.01,0.01,0.99,0.01,1,119186.34,105780.91,61260.61,0,2026-09-07T19:06:00Z,2026-09-14T21:05:45Z,2026-09-17T01:00:00Z,,no,1,greater,1.5,,,True,2026-09-15T17:18:50+00:00
kalshi,KXNFLTEAMTOTAL-26SEP14DENKC-DEN21,https://kalshi.com/markets/kxnflteamtotal/pro-football-team-total-points,https://kalshi.com/markets/kxnflteamtotal/pro-football-team-total-points/kxnflteamtotal-26sep14denkc,Denver over 20.5 points scored,Denver over 20.5 points scored,KXNFLTEAMTOTAL-26SEP14DENKC,Denver vs Kansas City: Team Total,KXNFLTEAMTOTAL,Pro Football Team Total Points,Sports,"[""Football""]",settled,binary,0,1,0.01,0.01,0.99,0.01,1,112142.47,104635.27,73593.07,0,2026-09-10T01:05:00Z,2026-09-15T03:19:44Z,2026-09-17T00:15:00Z,,no,team_points,greater,20.5,,,True,2026-09-15T17:18:35+00:00
kalshi,KXBRASILEIROTOTAL-26SEP14BAHCR-2,https://kalshi.com/markets/kxbrasileirototal/brasileiro-total,https://kalshi.com/markets/kxbrasileirototal/brasileiro-total/kxbrasileirototal-26sep14bahcr,Will over 1.5 goals be scored?,Over 1.5 goals scored,KXBRASILEIROTOTAL-26SEP14BAHCR,,KXBRASILEIROTOTAL,Brasileiro Total,Sports,"[""Soccer""]",settled,binary,0,1,0.99,0.99,0.01,0.99,1,104716.3,104531.55,55227.96,0,2026-09-07T23:05:00Z,2026-09-15T01:00:22Z,2026-09-17T05:00:00Z,,yes,3,greater,1.5,,,True,2026-09-15T17:18:43+00:00
kalshi,KXWTACHALLENGERMATCH-26SEP15HAVZAN-HAV,https://kalshi.com/markets/kxwtachallengermatch/challenger-wta,https://kalshi.com/markets/kxwtachallengermatch/challenger-wta/kxwtachallengermatch-26sep15havzan,Lucie Havlickova wins,Lucie Havlickova,KXWTACHALLENGERMATCH-26SEP15HAVZAN,,KXWTACHALLENGERMATCH,Challenger WTA,Sports,"[""Tennis""]",settled,binary,0,1,0.99,0.99,0.01,0.99,1,104337.4,104337.4,61665.59,0,2026-09-14T20:10:00Z,2026-09-15T10:05:44Z,2026-09-29T08:00:00Z,,yes,Lucie Havlickova,structured,,,,True,2026-09-15T17:18:22+00:00
kalshi,KXBRASILEIROBGAME-26SEP14AMGSBE-TIE,https://kalshi.com/markets/kxbrasileirobgame/brasileiro-serie-b-game,https://kalshi.com/markets/kxbrasileirobgame/brasileiro-serie-b-game/kxbrasileirobgame-26sep14amgsbe,Tie is the result,Tie,KXBRASILEIROBGAME-26SEP14AMGSBE,America FC vs Sao Bernardo,KXBRASILEIROBGAME,Brasileiro Serie B Game,Sports,"[""Soccer""]",settled,binary,0,1,0.01,0.01,0.99,0.01,1,104304.87,104295.64,52962.73,0,2026-09-08T05:34:00Z,2026-09-15T00:32:18Z,2026-09-16T22:30:00Z,,no,Sao Bernardo,structured,,,,True,2026-09-15T17:18:44+00:00
kalshi,KXGOLD15M-26SEP150745-45,https://kalshi.com/markets/kxgold15m/gold-15-minute,https://kalshi.com/markets/kxgold15m/gold-15-minute/kxgold15m-26sep150745,Gold price up in next 15 mins?,"Target Price: $4,283.47",KXGOLD15M-26SEP150745,,KXGOLD15M,Gold 15-minute,Commodities,"[""Metals""]",settled,binary,0,1,0.001,0.001,0.999,0.001,1,104030.76,104030.76,29065.06,0,2026-09-15T11:30:00Z,2026-09-15T11:45:00Z,2026-09-22T11:45:00Z,,no,4282.44,greater_or_equal,4283.47,,,True,2026-09-15T17:18:21+00:00
kalshi,KXITFMATCH-26SEP14GAODOR-DOR,https://kalshi.com/markets/kxitfmatch/itf-men-s-match,https://kalshi.com/markets/kxitfmatch/itf-men-s-match/kxitfmatch-26sep14gaodor,Ivan Dorokhov wins,Ivan Dorokhov,KXITFMATCH-26SEP14GAODOR,,KXITFMATCH,ITF Men's Match,Sports,"[""Tennis""]",settled,binary,0,1,0.99,0.99,0.01,0.99,1,103957.13,103957.13,55436.1,0,2026-09-14T10:13:00Z,2026-09-15T03:26:15Z,2026-09-29T02:00:00Z,,yes,Ivan Dorokhov,structured,,,,True,2026-09-15T17:18:35+00:00
kalshi,KXITFMATCH-26SEP14XIALEE-LEE,https://kalshi.com/markets/kxitfmatch/itf-men-s-match,https://kalshi.com/markets/kxitfmatch/itf-men-s-match/kxitfmatch-26sep14xialee,Dong Kyu Lee wins,Dong Kyu Lee,KXITFMATCH-26SEP14XIALEE,,KXITFMATCH,ITF Men's Match,Sports,"[""Tennis""]",settled,binary,0,1,0.01,0.01,0.99,0.01,1,103841.75,103841.75,59731.55,0,2026-09-14T11:12:00Z,2026-09-15T05:01:28Z,2026-09-29T03:00:00Z,,no,Yue Xia,structured,,,,True,2026-09-15T17:18:30+00:00
kalshi,KXCS2GAME-26SEP141100BLANEMI-NEMI,https://kalshi.com/markets/kxcs2game/counter-strike-2-game,https://kalshi.com/markets/kxcs2game/counter-strike-2-game/kxcs2game-26sep141100blanemi,Nemiga wins,Nemiga,KXCS2GAME-26SEP141100BLANEMI,,KXCS2GAME,Counter-Strike 2 Game,Sports,"[""Esports""]",settled,binary,0,1,0.99,0.99,0.01,0.99,1,137094.95,103776.59,60766.77,0,2026-09-12T10:10:00Z,2026-09-14T18:39:36Z,2026-09-16T15:00:00Z,,yes,Nemiga,structured,,,,True,2026-09-15T17:18:57+00:00
kalshi,KXECULPGAME-26SEP14UNIORE-TIE,https://kalshi.com/markets/kxeculpgame/ecuador-liga-pro-game,https://kalshi.com/markets/kxeculpgame/ecuador-liga-pro-game/kxeculpgame-26sep14uniore,Tie is the result,Tie,KXECULPGAME-26SEP14UNIORE,,KXECULPGAME,Ecuador Liga Pro Game,Sports,"[""Soccer""]",settled,binary,0,1,0.01,0.01,0.99,0.01,1,105937.68,103712.38,83690.69,0,2026-09-11T00:35:00Z,2026-09-15T02:02:06Z,2026-09-17T00:00:00Z,,no,Uni Catolica,structured,,,,True,2026-09-15T17:18:40+00:00
kalshi,KXSILVER15M-26SEP142145-45,https://kalshi.com/markets/kxsilver15m/silver-15-minute,https://kalshi.com/markets/kxsilver15m/silver-15-minute/kxsilver15m-26sep142145,Silver price up in next 15 mins?,Target Price: $63.400,KXSILVER15M-26SEP142145,,KXSILVER15M,Silver 15-minute,Commodities,"[""Metals""]",settled,binary,0,1,0.001,0.001,0.999,0.001,1,103610.43,103610.43,50978.49,0,2026-09-15T01:30:00Z,2026-09-15T01:45:00Z,2026-09-22T01:45:00Z,,no,63.227,greater_or_equal,63.4,,,True,2026-09-15T17:18:42+00:00
kalshi,KXATPCHALLENGERMATCH-26SEP14JORPOU-JOR,https://kalshi.com/markets/kxatpchallengermatch/challenger-atp,https://kalshi.com/markets/kxatpchallengermatch/challenger-atp/kxatpchallengermatch-26sep14jorpou,David Jorda Sanchis wins,David Jorda Sanchis,KXATPCHALLENGERMATCH-26SEP14JORPOU,,KXATPCHALLENGERMATCH,Challenger ATP ,Sports,"[""Tennis""]",settled,binary,0,1,0.01,0.01,0.99,0.01,1,796564.98,103577.93,462544.55,0,2026-09-14T02:10:00Z,2026-09-14T17:20:51Z,2026-09-28T14:00:00Z,,no,Lucas Poullain,structured,,,,True,2026-09-15T17:18:59+00:00
kalshi,KXITFMATCH-26SEP14GAODOR-GAO,https://kalshi.com/markets/kxitfmatch/itf-men-s-match,https://kalshi.com/markets/kxitfmatch/itf-men-s-match/kxitfmatch-26sep14gaodor,Zihan Gao wins,Zihan Gao,KXITFMATCH-26SEP14GAODOR,,KXITFMATCH,ITF Men's Match,Sports,"[""Tennis""]",settled,binary,0,1,0.01,0.01,0.99,0.01,1,103462.99,103462.99,48394.22,0,2026-09-14T10:13:00Z,2026-09-15T03:26:15Z,2026-09-29T02:00:00Z,,no,Ivan Dorokhov,structured,,,,True,2026-09-15T17:18:35+00:00
kalshi,KXBTCD-26SEP1510-T77099.99,https://kalshi.com/markets/kxbtcd/bitcoin-price-above-below,https://kalshi.com/markets/kxbtcd/bitcoin-price-above-below/kxbtcd-26sep1510,"Bitcoin price on Sep 15, 2026?","$77,100 or above",KXBTCD-26SEP1510,"BTC price on Sep 15, 2026 at 10am EDT?",KXBTCD,Bitcoin price Above/below,Crypto,"[""Hourly"", ""BTC""]",settled,binary,0,1,0.01,0.01,0.99,0.01,1,103434.5,103434.5,36848.04,0,2026-09-15T13:00:00Z,2026-09-15T14:00:00Z,2026-09-22T14:00:00Z,,no,76500.68,greater,77099.99,,BRTI,True,2026-09-15T17:18:19+00:00
kalshi,KXMLBTOTAL-26SEP142140MIAAZ-16,https://kalshi.com/markets/kxmlbtotal/pro-baseball-total-points,https://kalshi.com/markets/kxmlbtotal/pro-baseball-total-points/kxmlbtotal-26sep142140miaaz,Over 15.5 runs scored,Over 15.5 runs scored,KXMLBTOTAL-26SEP142140MIAAZ,Miami vs Arizona: Total Runs,KXMLBTOTAL,Pro Baseball Total Points,Sports,"[""Baseball""]",settled,binary,0,1,0.01,0.01,0.99,0.01,1,103356.42,103356.42,56012.39,0,2026-09-15T02:46:09Z,2026-09-15T04:49:32Z,2026-09-18T01:40:00Z,,no,15,greater,15.5,,,True,2026-09-15T17:18:32+00:00
kalshi,KXETH15M-26SEP151000-00,https://kalshi.com/markets/kxeth15m/eth-15m-price-up-down,https://kalshi.com/markets/kxeth15m/eth-15m-price-up-down/kxeth15m-26sep151000,ETH price up in next 15 mins?,"Target Price: $2,449.11",KXETH15M-26SEP151000,,KXETH15M,ETH 15M price up down,Crypto,"[""ETH"", ""15 min"", ""15 Min Markets""]",settled,binary,0,1,0.999,0.999,0.001,0.999,1,103133.02,103133.02,30855.54,0,2026-09-15T13:45:00Z,2026-09-15T14:00:00Z,2026-09-22T14:00:00Z,,yes,2450.48,greater_or_equal,2449.11,,,True,2026-09-15T17:18:19+00:00
kalshi,KXMLBRFI-26SEP141940ATLCHC,https://kalshi.com/markets/kxmlbrfi/pro-baseball-run-in-first-inning,https://kalshi.com/markets/kxmlbrfi/pro-baseball-run-in-first-inning/kxmlbrfi-26sep141940atlchc,1st inning: Over 0.5 runs,Over 0.5 runs in the 1st inning,KXMLBRFI-26SEP141940ATLCHC,,KXMLBRFI,Pro Baseball Run in First Inning,Sports,"[""Baseball""]",settled,binary,0,1,0.01,0.01,0.99,0.01,1,111827.63,103080.84,90451.84,0,2026-09-12T00:10:00Z,2026-09-15T00:00:00Z,2026-09-17T23:40:00Z,,no,No,greater_or_equal,1,,,True,2026-09-15T17:18:45+00:00
kalshi,KXBTCD-26SEP1508-T77099.99,https://kalshi.com/markets/kxbtcd/bitcoin-price-above-below,https://kalshi.com/markets/kxbtcd/bitcoin-price-above-below/kxbtcd-26sep1508,"Bitcoin price on Sep 15, 2026?","$77,100 or above",KXBTCD-26SEP1508,"BTC price on Sep 15, 2026 at 8am EDT?",KXBTCD,Bitcoin price Above/below,Crypto,"[""Hourly"", ""BTC""]",settled,binary,0,1,0.01,0.01,0.99,0.01,1,103046.14,103046.14,32081.45,0,2026-09-15T11:00:00Z,2026-09-15T12:00:00Z,2026-09-22T12:00:00Z,,no,76910.41,greater,77099.99,,BRTI,True,2026-09-15T17:18:21+00:00
kalshi,KXATPCHALLENGERMATCH-26SEP15LACAN-LA,https://kalshi.com/markets/kxatpchallengermatch/challenger-atp,https://kalshi.com/markets/kxatpchallengermatch/challenger-atp/kxatpchallengermatch-26sep15lacan,Giuseppe La Vela wins,Giuseppe La Vela,KXATPCHALLENGERMATCH-26SEP15LACAN,,KXATPCHALLENGERMATCH,Challenger ATP ,Sports,"[""Tennis""]",settled,binary,0,1,0.01,0.01,0.99,0.01,1,103032.93,103032.93,63151.06,0,2026-09-14T22:30:00Z,2026-09-15T14:15:18Z,2026-09-29T10:20:00Z,,no,Carlo Alberto Caniato,structured,,,,True,2026-09-15T17:18:19+00:00
kalshi,KXITFWMATCH-26SEP15STATAR-STA,https://kalshi.com/markets/kxitfwmatch/itf-women-s-match,https://kalshi.com/markets/kxitfwmatch/itf-women-s-match/kxitfwmatch-26sep15statar,Anja Stankovic wins,Anja Stankovic,KXITFWMATCH-26SEP15STATAR,,KXITFWMATCH,ITF Women's Match,Sports,"[""Tennis""]",settled,binary,0,1,0.99,0.99,0.01,0.99,1,102915.69,102915.69,52645.51,0,2026-09-14T15:22:00Z,2026-09-15T08:16:01Z,2026-09-29T06:30:00Z,,yes,Anja Stankovic,structured,,,,True,2026-09-15T17:18:24+00:00
kalshi,KXITFWMATCH-26SEP15BOEODO-ODO,https://kalshi.com/markets/kxitfwmatch/itf-women-s-match,https://kalshi.com/markets/kxitfwmatch/itf-women-s-match/kxitfwmatch-26sep15boeodo,Caterina Odorizzi wins,Caterina Odorizzi,KXITFWMATCH-26SEP15BOEODO,,KXITFWMATCH,ITF Women's Match,Sports,"[""Tennis""]",settled,binary,0,1,0.01,0.01,0.99,0.01,1,102854.04,102854.04,71142.47,0,2026-09-14T20:02:00Z,2026-09-15T10:45:44Z,2026-09-29T07:30:00Z,,no,Laura Boehner,structured,,,,True,2026-09-15T17:18:22+00:00
kalshi,KXLALIGATOTAL-26SEP14VILRBB-6,https://kalshi.com/markets/kxlaligatotal/la-liga-total,https://kalshi.com/markets/kxlaligatotal/la-liga-total/kxlaligatotal-26sep14vilrbb,Will over 5.5 goals be scored?,Over 5.5 goals scored,KXLALIGATOTAL-26SEP14VILRBB,Villarreal vs Real Betis: Total Goals,KXLALIGATOTAL,La Liga Total,Sports,"[""Soccer""]",settled,binary,0,1,0.01,0.01,0.99,0.01,1,103348.55,102846.23,53922.85,0,2026-09-07T19:06:00Z,2026-09-14T21:05:16Z,2026-09-17T01:00:00Z,,no,3,greater,5.5,,,True,2026-09-15T17:18:50+00:00
kalshi,KXATPCHALLENGERMATCH-26SEP14JORPOU-POU,https://kalshi.com/markets/kxatpchallengermatch/challenger-atp,https://kalshi.com/markets/kxatpchallengermatch/challenger-atp/kxatpchallengermatch-26sep14jorpou,Lucas Poullain wins,Lucas Poullain,KXATPCHALLENGERMATCH-26SEP14JORPOU,,KXATPCHALLENGERMATCH,Challenger ATP ,Sports,"[""Tennis""]",settled,binary,0,1,0.99,0.99,0.01,0.99,1,400639.91,102764.28,239843.56,0,2026-09-14T02:10:00Z,2026-09-14T17:20:51Z,2026-09-28T14:00:00Z,,yes,Lucas Poullain,structured,,,,True,2026-09-15T17:18:59+00:00
kalshi,KXWTI15M-26SEP141845-45,https://kalshi.com/markets/kxwti15m/wti-15-minute,https://kalshi.com/markets/kxwti15m/wti-15-minute/kxwti15m-26sep141845,WTI Oil price up in next 15 mins?,Target Price: $97.48,KXWTI15M-26SEP141845,,KXWTI15M,WTI 15-minute,Commodities,"[""Oil & Gas""]",settled,binary,0,1,0.997,0.997,0.003,0.997,1,102731.86,102731.86,64626.41,0,2026-09-14T22:30:00Z,2026-09-14T22:45:00Z,2026-09-21T22:45:00Z,,yes,97.48,greater_or_equal,97.48,,,True,2026-09-15T17:18:48+00:00
kalshi,KXXRP15M-26SEP141730-30,https://kalshi.com/markets/kxxrp15m/xrp-15-minute,https://kalshi.com/markets/kxxrp15m/xrp-15-minute/kxxrp15m-26sep141730,XRP price up in next 15 mins?,Target Price: $1.4514,KXXRP15M-26SEP141730,,KXXRP15M,XRP 15 Minute,Crypto,"[""15 min"", ""XRP"", ""15 Min Markets""]",settled,binary,0,1,0.001,0.001,0.999,0.001,1,102678.96,102678.96,39000.04,0,2026-09-14T21:15:00Z,2026-09-14T21:30:00Z,2026-09-21T21:30:00Z,,no,1.4501,greater_or_equal,1.4514,,,True,2026-09-15T17:18:50+00:00
kalshi,KXNFLTD-26SEP14DENKC-DENEENGRAM1-1,https://kalshi.com/markets/kxnfltd/pro-football-touchdowns,https://kalshi.com/markets/kxnfltd/pro-football-touchdowns/kxnfltd-26sep14denkc,Evan Engram: 1+ touchdowns,Evan Engram: 1+,KXNFLTD-26SEP14DENKC,Denver vs Kansas City: Touchdowns,KXNFLTD,Pro Football Touchdowns,Sports,"[""Football""]",settled,binary,0,1,0.99,0.99,0.01,0.99,1,126234.08,102457.32,115037.57,0,2026-09-04T21:04:00Z,2026-09-15T00:47:41Z,2026-09-17T00:15:00Z,,yes,anytime_td,greater,0.5,,,True,2026-09-15T17:18:44+00:00
kalshi,KXITFMATCH-26SEP15BRUSVE-BRU,https://kalshi.com/markets/kxitfmatch/itf-men-s-match,https://kalshi.com/markets/kxitfmatch/itf-men-s-match/kxitfmatch-26sep15brusve,Bruno Vieira Alves Malacarne Bruno wins,Bruno Vieira Alves Malacarne Bruno,KXITFMATCH-26SEP15BRUSVE,,KXITFMATCH,ITF Men's Match,Sports,"[""Tennis""]",settled,binary,0,1,0.01,0.01,0.99,0.01,1,102377.58,102377.58,29883.42,0,2026-09-14T21:12:00Z,2026-09-15T16:00:41Z,2026-09-29T13:00:00Z,,no,Lorenzo Sverzut Corsini,structured,,,,True,2026-09-15T17:18:17+00:00
kalshi,KXMLBTOTAL-26SEP141940NYYMIN-12,https://kalshi.com/markets/kxmlbtotal/pro-baseball-total-points,https://kalshi.com/markets/kxmlbtotal/pro-baseball-total-points/kxmlbtotal-26sep141940nyymin,Over 11.5 runs scored,Over 11.5 runs scored,KXMLBTOTAL-26SEP141940NYYMIN,,KXMLBTOTAL,Pro Baseball Total Points,Sports,"[""Baseball""]",settled,binary,0,1,0.01,0.01,0.99,0.01,1,106740.9,102196.71,43212.42,0,2026-09-13T20:00:00Z,2026-09-15T02:45:09Z,2026-09-17T23:40:00Z,,no,11,greater,11.5,,,True,2026-09-15T17:18:38+00:00
kalshi,KXETH15M-26SEP151145-45,https://kalshi.com/markets/kxeth15m/eth-15m-price-up-down,https://kalshi.com/markets/kxeth15m/eth-15m-price-up-down/kxeth15m-26sep151145,ETH price up in next 15 mins?,"Target Price: $2,426.92",KXETH15M-26SEP151145,,KXETH15M,ETH 15M price up down,Crypto,"[""ETH"", ""15 min"", ""15 Min Markets""]",settled,binary,0,1,0.999,0.999,0.001,0.999,1,102026.81,102026.81,24292.87,0,2026-09-15T15:30:00Z,2026-09-15T15:45:00Z,2026-09-22T15:45:00Z,,yes,2427.00,greater_or_equal,2426.92,,,True,2026-09-15T17:18:18+00:00
kalshi,KXWTASETWINNER-26SEP13KALDAY-1-KAL,https://kalshi.com/markets/kxwtasetwinner/wta-set-winner,https://kalshi.com/markets/kxwtasetwinner/wta-set-winner/kxwtasetwinner-26sep13kalday-1,Will Elvina Kalieva win set 1 in the Elvina Kalieva vs Kayla Day match,Elvina Kalieva,KXWTASETWINNER-26SEP13KALDAY-1,,KXWTASETWINNER,WTA Set Winner,Sports,"[""Tennis""]",settled,binary,0,1,0.01,0.01,0.99,0.01,1,101807.62,101807.62,43335.86,0,2026-09-12T16:20:00Z,2026-09-14T20:15:56Z,2026-09-27T16:00:00Z,,no,"Day, Kayla",structured,,,,True,2026-09-15T17:18:52+00:00
kalshi,KXETH15M-26SEP150945-45,https://kalshi.com/markets/kxeth15m/eth-15m-price-up-down,https://kalshi.com/markets/kxeth15m/eth-15m-price-up-down/kxeth15m-26sep150945,ETH price up in next 15 mins?,"Target Price: $2,478.09",KXETH15M-26SEP150945,,KXETH15M,ETH 15M price up down,Crypto,"[""ETH"", ""15 min"", ""15 Min Markets""]",settled,binary,0,1,0.001,0.001,0.999,0.001,1,101736.47,101736.47,58614.56,0,2026-09-15T13:30:00Z,2026-09-15T13:45:00Z,2026-09-22T13:45:00Z,,no,2449.11,greater_or_equal,2478.09,,,True,2026-09-15T17:18:19+00:00
kalshi,KXXRP15M-26SEP141745-45,https://kalshi.com/markets/kxxrp15m/xrp-15-minute,https://kalshi.com/markets/kxxrp15m/xrp-15-minute/kxxrp15m-26sep141745,XRP price up in next 15 mins?,Target Price: $1.4501,KXXRP15M-26SEP141745,,KXXRP15M,XRP 15 Minute,Crypto,"[""15 min"", ""XRP"", ""15 Min Markets""]",settled,binary,0,1,0.001,0.001,0.999,0.001,1,101700.02,101700.02,54352.86,0,2026-09-14T21:30:00Z,2026-09-14T21:45:00Z,2026-09-21T21:45:00Z,,no,1.4457,greater_or_equal,1.4501,,,True,2026-09-15T17:18:50+00:00
kalshi,KXLALIGATOTAL-26SEP14VILRBB-3,https://kalshi.com/markets/kxlaligatotal/la-liga-total,https://kalshi.com/markets/kxlaligatotal/la-liga-total/kxlaligatotal-26sep14vilrbb,Will over 2.5 goals be scored?,Over 2.5 goals scored,KXLALIGATOTAL-26SEP14VILRBB,Villarreal vs Real Betis: Total Goals,KXLALIGATOTAL,La Liga Total,Sports,"[""Soccer""]",settled,binary,0,1,0.99,0.99,0.01,0.99,1,114656.62,101480,76021.06,0,2026-09-07T19:06:00Z,2026-09-14T21:05:16Z,2026-09-17T01:00:00Z,,yes,3,greater,2.5,,,True,2026-09-15T17:18:50+00:00
kalshi,KXGOLD15M-26SEP150715-15,https://kalshi.com/markets/kxgold15m/gold-15-minute,https://kalshi.com/markets/kxgold15m/gold-15-minute/kxgold15m-26sep150715,Gold price up in next 15 mins?,"Target Price: $4,281.51",KXGOLD15M-26SEP150715,,KXGOLD15M,Gold 15-minute,Commodities,"[""Metals""]",settled,binary,0,1,0.996,0.996,0.004,0.996,1,101308.31,101308.31,30510.49,0,2026-09-15T11:00:00Z,2026-09-15T11:15:00Z,2026-09-22T11:15:00Z,,yes,4283.64,greater_or_equal,4281.51,,,True,2026-09-15T17:18:21+00:00
kalshi,KXWTI15M-26SEP151115-15,https://kalshi.com/markets/kxwti15m/wti-15-minute,https://kalshi.com/markets/kxwti15m/wti-15-minute/kxwti15m-26sep151115,WTI Oil price up in next 15 mins?,Target Price: $99.98,KXWTI15M-26SEP151115,,KXWTI15M,WTI 15-minute,Commodities,"[""Oil & Gas""]",settled,binary,0,1,0.074,0.074,0.926,0.074,1,101181.09,101181.09,23878.68,0,2026-09-15T15:00:00Z,2026-09-15T15:15:00Z,2026-09-22T15:15:00Z,,no,99.97,greater_or_equal,99.98,,,True,2026-09-15T17:18:18+00:00
kalshi,KXAFCCLTOTAL-26SEP15JOHBUR-3,https://kalshi.com/markets/kxafccltotal/point-total,https://kalshi.com/markets/kxafccltotal/point-total/kxafccltotal-26sep15johbur,Will over 2.5 goals be scored?,Over 2.5 goals scored,KXAFCCLTOTAL-26SEP15JOHBUR,,KXAFCCLTOTAL,Point Total,Sports,"[""Soccer""]",settled,binary,0,1,0.01,0.01,0.99,0.01,1,101269.76,101167.57,49507.9,0,2026-09-08T13:05:00Z,2026-09-15T14:35:21Z,2026-09-17T12:15:00Z,,no,2,greater,2.5,,,True,2026-09-15T17:18:18+00:00
kalshi,KXETH15M-26SEP150300-00,https://kalshi.com/markets/kxeth15m/eth-15m-price-up-down,https://kalshi.com/markets/kxeth15m/eth-15m-price-up-down/kxeth15m-26sep150300,ETH price up in next 15 mins?,"Target Price: $2,488.31",KXETH15M-26SEP150300,,KXETH15M,ETH 15M price up down,Crypto,"[""ETH"", ""15 min"", ""15 Min Markets""]",settled,binary,0,1,0.001,0.001,0.999,0.001,1,101090.23,101090.23,44617.39,0,2026-09-15T06:45:00Z,2026-09-15T07:00:00Z,2026-09-22T07:00:00Z,,no,2485.36,greater_or_equal,2488.31,,,True,2026-09-15T17:18:28+00:00
kalshi,KXLALIGABTTS-26SEP14VILRBB-BTTS,https://kalshi.com/markets/kxlaligabtts/la-liga-btts,https://kalshi.com/markets/kxlaligabtts/la-liga-btts/kxlaligabtts-26sep14vilrbb,Both Teams To Score,Both Teams To Score,KXLALIGABTTS-26SEP14VILRBB,,KXLALIGABTTS,La Liga BTTS,Sports,"[""Soccer""]",settled,binary,0,1,0.99,0.99,0.01,0.99,1,131771.49,101012.14,101392.47,0,2026-09-07T19:06:00Z,2026-09-14T19:59:33Z,2026-09-17T01:00:00Z,,yes,YES,,,,,True,2026-09-15T17:18:54+00:00
kalshi,KXGOLD15M-26SEP150800-00,https://kalshi.com/markets/kxgold15m/gold-15-minute,https://kalshi.com/markets/kxgold15m/gold-15-minute/kxgold15m-26sep150800,Gold price up in next 15 mins?,"Target Price: $4,282.44",KXGOLD15M-26SEP150800,,KXGOLD15M,Gold 15-minute,Commodities,"[""Metals""]",settled,binary,0,1,0.999,0.999,0.001,0.999,1,100885.41,100885.41,40212.91,0,2026-09-15T11:45:00Z,2026-09-15T12:00:00Z,2026-09-22T12:00:00Z,,yes,4284.72,greater_or_equal,4282.44,,,True,2026-09-15T17:18:20+00:00
kalshi,KXITFWMATCH-26SEP15NISKAW-NIS,https://kalshi.com/markets/kxitfwmatch/itf-women-s-match,https://kalshi.com/markets/kxitfwmatch/itf-women-s-match/kxitfwmatch-26sep15niskaw,Kayo Nishimura wins,Kayo Nishimura,KXITFWMATCH-26SEP15NISKAW,,KXITFWMATCH,ITF Women's Match,Sports,"[""Tennis""]",settled,binary,0,1,0.01,0.01,0.99,0.01,1,100626.03,100585.03,47823.72,0,2026-09-14T12:12:00Z,2026-09-15T07:46:28Z,2026-09-29T04:00:00Z,,no,Natsumi Kawaguchi,structured,,,,True,2026-09-15T17:18:26+00:00
kalshi,KXATPCHALLENGERMATCH-26SEP15KOUMAT-KOU,https://kalshi.com/markets/kxatpchallengermatch/challenger-atp,https://kalshi.com/markets/kxatpchallengermatch/challenger-atp/kxatpchallengermatch-26sep15koumat,Moise Kouame wins,Moise Kouame,KXATPCHALLENGERMATCH-26SEP15KOUMAT,Kouame vs Matsuda,KXATPCHALLENGERMATCH,Challenger ATP ,Sports,"[""Tennis""]",settled,binary,0,1,0.99,0.99,0.01,0.99,1,100518.77,100518.77,65839.82,0,2026-09-14T17:31:00Z,2026-09-15T09:50:51Z,2026-09-29T05:20:00Z,,yes,Moise Kouame,structured,,,,True,2026-09-15T17:18:23+00:00
kalshi,KXMLBSPREAD-26SEP141940ATLCHC-CHC4,https://kalshi.com/markets/kxmlbspread/pro-baseball-spread,https://kalshi.com/markets/kxmlbspread/pro-baseball-spread/kxmlbspread-26sep141940atlchc,Chicago C wins by over 3.5 runs?,Chicago C wins by over 3.5 runs,KXMLBSPREAD-26SEP141940ATLCHC,,KXMLBSPREAD,Pro Baseball Spread,Sports,"[""Baseball""]",settled,binary,0,1,0.99,0.99,0.01,0.99,1,100560.71,100516.48,54498.68,0,2026-09-14T00:40:00Z,2026-09-15T02:24:28Z,2026-09-17T23:40:00Z,,yes,4,greater,3.5,,,True,2026-09-15T17:18:38+00:00
kalshi,KXEMMY-VS26SEP14-JIM,https://kalshi.com/markets/kxemmy/will-nominee-win-emmy,https://kalshi.com/markets/kxemmy/will-nominee-win-emmy/kxemmy-vs26sep14,Will Jimmy Kimmel Live! win Outstanding Variety Series at the Emmy Awards?,Jimmy Kimmel Live!,KXEMMY-VS26SEP14,,KXEMMY,will nominee win emmy,Entertainment,"[""Emmys"", ""Awards"", ""Television""]",settled,binary,0,1,0.01,0.01,0.99,0.01,1,152974.12,100447.35,129870.98,0,2026-08-18T01:51:00Z,2026-09-15T01:47:25Z,2027-09-14T14:00:00Z,,no,The Late Show with Stephen Colbert,custom,,,,True,2026-09-15T17:18:42+00:00
kalshi,KXARGPREMDIVGAME-26SEP14RIELAN-TIE,https://kalshi.com/markets/kxargpremdivgame/argentina-primera-division-game,https://kalshi.com/markets/kxargpremdivgame/argentina-primera-division-game/kxargpremdivgame-26sep14rielan,Tie is the result,Tie,KXARGPREMDIVGAME-26SEP14RIELAN,Riestra vs Lanus,KXARGPREMDIVGAME,Argentina Primera Division Game,Sports,"[""Soccer""]",settled,binary,0,1,0.01,0.01,0.99,0.01,1,100309.47,100224.55,50505.48,0,2026-09-10T00:34:00Z,2026-09-15T00:02:37Z,2026-09-16T22:00:00Z,,no,Lanus,structured,,,,True,2026-09-15T17:18:45+00:00
kalshi,KXLIGAMXTOTAL-26SEP14LEOASL-2,https://kalshi.com/markets/kxligamxtotal/liga-mx-total,https://kalshi.com/markets/kxligamxtotal/liga-mx-total/kxligamxtotal-26sep14leoasl,Will over 1.5 goals be scored?,Over 1.5 goals scored,KXLIGAMXTOTAL-26SEP14LEOASL,Leon vs San Luis: Total Goals,KXLIGAMXTOTAL,Liga MX Total,Sports,"[""Soccer""]",settled,binary,0,1,0.99,0.99,0.01,0.99,1,100138.09,100103.18,59994.05,0,2026-09-08T06:06:00Z,2026-09-15T03:00:00Z,2026-09-17T01:00:00Z,,yes,2,greater,1.5,,,True,2026-09-15T17:18:36+00:00
kalshi,KXSOL15M-26SEP142130-30,https://kalshi.com/markets/kxsol15m/solana-15-minutes,https://kalshi.com/markets/kxsol15m/solana-15-minutes/kxsol15m-26sep142130,SOL price up in next 15 mins?,Target Price: $102.4710,KXSOL15M-26SEP142130,,KXSOL15M,Solana 15 minutes,Crypto,"[""15 min"", ""SOL"", ""15 Min Markets""]",settled,binary,0,1,0.001,0.001,0.999,0.001,1,100095.43,100095.43,23219.75,0,2026-09-15T01:15:00Z,2026-09-15T01:30:00Z,2026-09-22T01:30:00Z,,no,102.2423,greater_or_equal,102.471,,,True,2026-09-15T17:18:42+00:00
kalshi,KXBRASILEIROBTOTAL-26SEP14AVAVIN-3,https://kalshi.com/markets/kxbrasileirobtotal/point-total,https://kalshi.com/markets/kxbrasileirobtotal/point-total/kxbrasileirobtotal-26sep14avavin,Will over 2.5 goals be scored?,Over 2.5 goals scored,KXBRASILEIROBTOTAL-26SEP14AVAVIN,,KXBRASILEIROBTOTAL,Point Total,Sports,"[""Soccer""]",settled,binary,0,1,0.01,0.01,0.99,0.01,1,99070.33,99027.43,52235.88,0,2026-09-12T01:06:00Z,2026-09-15T02:29:40Z,2026-09-17T00:30:00Z,,no,2,greater,2.5,,,True,2026-09-15T17:18:38+00:00
kalshi,KXMLBSPREAD-26SEP141840LADCIN-LAD3,https://kalshi.com/markets/kxmlbspread/pro-baseball-spread,https://kalshi.com/markets/kxmlbspread/pro-baseball-spread/kxmlbspread-26sep141840ladcin,Los Angeles D wins by over 2.5 runs?,Los Angeles D wins by over 2.5 runs,KXMLBSPREAD-26SEP141840LADCIN,Los Angeles D vs Cincinnati: Spread,KXMLBSPREAD,Pro Baseball Spread,Sports,"[""Baseball""]",settled,binary,0,1,0.99,0.99,0.01,0.99,1,164669.71,98917.23,111426,0,2026-09-13T20:00:00Z,2026-09-15T00:59:47Z,2026-09-17T22:40:00Z,,yes,3,greater,2.5,,,True,2026-09-15T17:18:44+00:00
kalshi,KXRAIN-26SEP14-MIA,https://kalshi.com/markets/kxrain/where-will-it-rain-daily,https://kalshi.com/markets/kxrain/where-will-it-rain-daily/kxrain-26sep14,"Will it rain in Miami on Sep 14, 2026?",Miami,KXRAIN-26SEP14,,KXRAIN,Where will it rain daily,Climate and Weather,"[""Snow and rain""]",settled,binary,0,1,0.99,0.99,0.01,0.99,1,160700.12,98877.08,111657.24,0,2026-09-13T09:10:00Z,2026-09-15T05:00:00Z,2026-09-16T05:00:00Z,,yes,0.02,greater,0,,,True,2026-09-15T17:18:30+00:00
kalshi,KXETH15M-26SEP150230-30,https://kalshi.com/markets/kxeth15m/eth-15m-price-up-down,https://kalshi.com/markets/kxeth15m/eth-15m-price-up-down/kxeth15m-26sep150230,ETH price up in next 15 mins?,"Target Price: $2,496.25",KXETH15M-26SEP150230,,KXETH15M,ETH 15M price up down,Crypto,"[""ETH"", ""15 min"", ""15 Min Markets""]",settled,binary,0,1,0.001,0.001,0.999,0.001,1,98583.44,98583.44,44347.57,0,2026-09-15T06:15:00Z,2026-09-15T06:30:00Z,2026-09-22T06:30:00Z,,no,2489.28,greater_or_equal,2496.25,,,True,2026-09-15T17:18:28+00:00
kalshi,KXBRASILEIROBGAME-26SEP14AVAVIN-AVA,https://kalshi.com/markets/kxbrasileirobgame/brasileiro-serie-b-game,https://kalshi.com/markets/kxbrasileirobgame/brasileiro-serie-b-game/kxbrasileirobgame-26sep14avavin,Avai wins,Avai,KXBRASILEIROBGAME-26SEP14AVAVIN,Avai vs Vila Nova,KXBRASILEIROBGAME,Brasileiro Serie B Game,Sports,"[""Soccer""]",settled,binary,0,1,0.01,0.01,0.99,0.01,1,98520.32,98427.05,58521.56,0,2026-09-08T05:34:00Z,2026-09-15T02:36:25Z,2026-09-17T00:30:00Z,,no,Tie,structured,,,,True,2026-09-15T17:18:38+00:00
kalshi,KXETH15M-26SEP150315-15,https://kalshi.com/markets/kxeth15m/eth-15m-price-up-down,https://kalshi.com/markets/kxeth15m/eth-15m-price-up-down/kxeth15m-26sep150315,ETH price up in next 15 mins?,"Target Price: $2,485.36",KXETH15M-26SEP150315,,KXETH15M,ETH 15M price up down,Crypto,"[""ETH"", ""15 min"", ""15 Min Markets""]",settled,binary,0,1,0.001,0.001,0.999,0.001,1,98417.96,98417.96,42956.23,0,2026-09-15T07:00:00Z,2026-09-15T07:15:00Z,2026-09-22T07:15:00Z,,no,2480.50,greater_or_equal,2485.36,,,True,2026-09-15T17:18:26+00:00
kalshi,KXCS2GAME-26SEP141330ZOTIXDRAMA-ZOTIX,https://kalshi.com/markets/kxcs2game/counter-strike-2-game,https://kalshi.com/markets/kxcs2game/counter-strike-2-game/kxcs2game-26sep141330zotixdrama,ZOTIX wins,ZOTIX,KXCS2GAME-26SEP141330ZOTIXDRAMA,,KXCS2GAME,Counter-Strike 2 Game,Sports,"[""Esports""]",settled,binary,0,1,0.99,0.99,0.01,0.99,1,99066.9,98246.34,59868.52,0,2026-09-12T00:05:00Z,2026-09-14T21:29:35Z,2026-09-16T17:30:00Z,,yes,ZOTIX,structured,,,,True,2026-09-15T17:18:50+00:00
kalshi,KXCS2GAME-26SEP150700BWLEO-BW,https://kalshi.com/markets/kxcs2game/counter-strike-2-game,https://kalshi.com/markets/kxcs2game/counter-strike-2-game/kxcs2game-26sep150700bwleo,Bushido Wildcats wins,Bushido Wildcats,KXCS2GAME-26SEP150700BWLEO,,KXCS2GAME,Counter-Strike 2 Game,Sports,"[""Esports""]",settled,binary,0,1,0.01,0.01,0.99,0.01,1,98128.03,98128.03,60690.47,0,2026-09-14T21:27:00Z,2026-09-15T15:03:53Z,2026-09-17T11:00:00Z,,no,Leo Team,structured,,,,True,2026-09-15T17:18:18+00:00
kalshi,KXETH15M-26SEP141430-30,https://kalshi.com/markets/kxeth15m/eth-15m-price-up-down,https://kalshi.com/markets/kxeth15m/eth-15m-price-up-down/kxeth15m-26sep141430,ETH price up in next 15 mins?,"Target Price: $2,531.36",KXETH15M-26SEP141430,,KXETH15M,ETH 15M price up down,Crypto,"[""ETH"", ""15 min"", ""15 Min Markets""]",settled,binary,0,1,0.999,0.999,0.001,0.999,1,98079.63,98079.63,47845.35,0,2026-09-14T18:15:00Z,2026-09-14T18:30:00Z,2026-09-21T18:30:00Z,,yes,2539.32,greater_or_equal,2531.36,,,True,2026-09-15T17:18:57+00:00
kalshi,KXETH15M-26SEP141745-45,https://kalshi.com/markets/kxeth15m/eth-15m-price-up-down,https://kalshi.com/markets/kxeth15m/eth-15m-price-up-down/kxeth15m-26sep141745,ETH price up in next 15 mins?,"Target Price: $2,556.67",KXETH15M-26SEP141745,,KXETH15M,ETH 15M price up down,Crypto,"[""ETH"", ""15 min"", ""15 Min Markets""]",settled,binary,0,1,0.001,0.001,0.999,0.001,1,97998.23,97998.23,48915.59,0,2026-09-14T21:30:00Z,2026-09-14T21:45:00Z,2026-09-21T21:45:00Z,,no,2548.19,greater_or_equal,2556.67,,,True,2026-09-15T17:18:50+00:00
kalshi,KXRAIN-26SEP14-PHX,https://kalshi.com/markets/kxrain/where-will-it-rain-daily,https://kalshi.com/markets/kxrain/where-will-it-rain-daily/kxrain-26sep14,"Will it rain in Phoenix on Sep 14, 2026?",Phoenix,KXRAIN-26SEP14,,KXRAIN,Where will it rain daily,Climate and Weather,"[""Snow and rain""]",settled,binary,0,1,0.02,0.02,0.98,0.02,1,107912.46,97966.72,28693.45,0,2026-09-13T09:10:00Z,2026-09-15T07:00:00Z,2026-09-16T07:00:00Z,,no,0.00,greater,0,,,True,2026-09-15T17:18:27+00:00
kalshi,KXGOLD15M-26SEP150600-00,https://kalshi.com/markets/kxgold15m/gold-15-minute,https://kalshi.com/markets/kxgold15m/gold-15-minute/kxgold15m-26sep150600,Gold price up in next 15 mins?,"Target Price: $4,269.71",KXGOLD15M-26SEP150600,,KXGOLD15M,Gold 15-minute,Commodities,"[""Metals""]",settled,binary,0,1,0.001,0.001,0.999,0.001,1,97762.82,97762.82,28669.32,0,2026-09-15T09:45:00Z,2026-09-15T10:00:00Z,2026-09-22T10:00:00Z,,no,4268.36,greater_or_equal,4269.71,,,True,2026-09-15T17:18:22+00:00
kalshi,KXMLBSPREAD-26SEP141907DETTOR-TOR3,https://kalshi.com/markets/kxmlbspread/pro-baseball-spread,https://kalshi.com/markets/kxmlbspread/pro-baseball-spread/kxmlbspread-26sep141907dettor,Toronto wins by over 2.5 runs?,Toronto wins by over 2.5 runs,KXMLBSPREAD-26SEP141907DETTOR,,KXMLBSPREAD,Pro Baseball Spread,Sports,"[""Baseball""]",settled,binary,0,1,0.01,0.01,0.99,0.01,1,98302.31,97486.81,40356.42,0,2026-09-13T20:00:00Z,2026-09-15T02:19:38Z,2026-09-17T23:07:00Z,,no,1,greater,2.5,,,True,2026-09-15T17:18:38+00:00
kalshi,KXSERIEA1H-26SEP14INTUDI-UDI,https://kalshi.com/markets/kxseriea1h/serie-a-first-half-winner,https://kalshi.com/markets/kxseriea1h/serie-a-first-half-winner/kxseriea1h-26sep14intudi,Udinese wins 1st Half,Udinese wins 1st Half,KXSERIEA1H-26SEP14INTUDI,,KXSERIEA1H,Serie A First Half Winner,Sports,"[""Soccer""]",settled,binary,0,1,0.01,0.01,0.99,0.01,1,97793.8,97172.66,41797.04,0,2026-09-12T19:07:00Z,2026-09-14T19:31:49Z,2026-09-16T18:45:00Z,,no,Tie 1st Half,structured,,,,True,2026-09-15T17:18:54+00:00
kalshi,KXMLBTOTAL-26SEP141907DETTOR-11,https://kalshi.com/markets/kxmlbtotal/pro-baseball-total-points,https://kalshi.com/markets/kxmlbtotal/pro-baseball-total-points/kxmlbtotal-26sep141907dettor,Over 10.5 runs scored,Over 10.5 runs scored,KXMLBTOTAL-26SEP141907DETTOR,Detroit vs Toronto: Total Runs,KXMLBTOTAL,Pro Baseball Total Points,Sports,"[""Baseball""]",settled,binary,0,1,0.99,0.99,0.01,0.99,1,98137.81,97126.31,56728.07,0,2026-09-13T20:00:00Z,2026-09-15T02:15:01Z,2026-09-17T23:07:00Z,,yes,11,greater,10.5,,,True,2026-09-15T17:18:40+00:00
kalshi,KXBRASILEIROTOTAL-26SEP14BAHCR-3,https://kalshi.com/markets/kxbrasileirototal/brasileiro-total,https://kalshi.com/markets/kxbrasileirototal/brasileiro-total/kxbrasileirototal-26sep14bahcr,Will over 2.5 goals be scored?,Over 2.5 goals scored,KXBRASILEIROTOTAL-26SEP14BAHCR,,KXBRASILEIROTOTAL,Brasileiro Total,Sports,"[""Soccer""]",settled,binary,0,1,0.99,0.99,0.01,0.99,1,99246.46,97064.17,51753.4,0,2026-09-07T23:05:00Z,2026-09-15T01:29:52Z,2026-09-17T05:00:00Z,,yes,3,greater,2.5,,,True,2026-09-15T17:18:42+00:00
kalshi,KXBTCD-26SEP1417-T79999.99,https://kalshi.com/markets/kxbtcd/bitcoin-price-above-below,https://kalshi.com/markets/kxbtcd/bitcoin-price-above-below/kxbtcd-26sep1417,"Bitcoin price on Sep 14, 2026?","$80,000 or above",KXBTCD-26SEP1417,"BTC price on Sep 14, 2026 at 5pm EDT?",KXBTCD,Bitcoin price Above/below,Crypto,"[""Hourly"", ""BTC""]",settled,binary,0,1,0.01,0.01,0.99,0.01,1,128475.2,97020.58,84774.19,0,2026-09-13T20:00:00Z,2026-09-14T21:00:00Z,2026-09-21T21:00:00Z,,no,79093.33,greater,79999.99,,BRTI,True,2026-09-15T17:18:52+00:00
kalshi,KXETH15M-26SEP141915-15,https://kalshi.com/markets/kxeth15m/eth-15m-price-up-down,https://kalshi.com/markets/kxeth15m/eth-15m-price-up-down/kxeth15m-26sep141915,ETH price up in next 15 mins?,"Target Price: $2,532.75",KXETH15M-26SEP141915,,KXETH15M,ETH 15M price up down,Crypto,"[""ETH"", ""15 min"", ""15 Min Markets""]",settled,binary,0,1,0.001,0.001,0.999,0.001,1,96996.65,96996.65,46310.98,0,2026-09-14T23:00:00Z,2026-09-14T23:15:00Z,2026-09-21T23:15:00Z,,no,2525.00,greater_or_equal,2532.75,,,True,2026-09-15T17:18:46+00:00
kalshi,KXBTCD-26SEP1504-T76799.99,https://kalshi.com/markets/kxbtcd/bitcoin-price-above-below,https://kalshi.com/markets/kxbtcd/bitcoin-price-above-below/kxbtcd-26sep1504,"Bitcoin price on Sep 15, 2026?","$76,800 or above",KXBTCD-26SEP1504,"BTC price on Sep 15, 2026 at 4am EDT?",KXBTCD,Bitcoin price Above/below,Crypto,"[""Hourly"", ""BTC""]",settled,binary,0,1,0.99,0.99,0.01,0.99,1,96934.08,96934.08,30604.98,0,2026-09-15T07:00:00Z,2026-09-15T08:00:00Z,2026-09-22T08:00:00Z,,yes,76884.37,greater,76799.99,,BRTI,True,2026-09-15T17:18:25+00:00
kalshi,KXITFMATCH-26SEP15ZHAEHR-EHR,https://kalshi.com/markets/kxitfmatch/itf-men-s-match,https://kalshi.com/markets/kxitfmatch/itf-men-s-match/kxitfmatch-26sep15zhaehr,Nino Ehrenschneider wins,Nino Ehrenschneider,KXITFMATCH-26SEP15ZHAEHR,,KXITFMATCH,ITF Men's Match,Sports,"[""Tennis""]",settled,binary,0,1,0.99,0.99,0.01,0.99,1,96871.36,96871.36,45357.54,0,2026-09-14T12:42:00Z,2026-09-15T06:41:12Z,2026-09-29T04:30:00Z,,yes,Nino Ehrenschneider,structured,,,,True,2026-09-15T17:18:28+00:00
kalshi,KXNFLFIRSTTD-26SEP14DENKC-KCJFIELDS6,https://kalshi.com/markets/kxnflfirsttd/pro-football-first-touchdown,https://kalshi.com/markets/kxnflfirsttd/pro-football-first-touchdown/kxnflfirsttd-26sep14denkc,Justin Fields: 1st Touchdown,Justin Fields,KXNFLFIRSTTD-26SEP14DENKC,Denver vs Kansas City: 1st Touchdown,KXNFLFIRSTTD,Pro Football First Touchdown,Sports,"[""Football""]",settled,binary,0,1,0.03,0.03,0.97,0.03,1,96741.1,96741.1,87332.26,0,2026-09-14T19:16:00Z,2026-09-15T03:49:44Z,2026-09-17T00:15:00Z,,no,first_touchdown,structured,,,,True,2026-09-15T17:18:34+00:00
kalshi,KXBTCD-26SEP1512-T76099.99,https://kalshi.com/markets/kxbtcd/bitcoin-price-above-below,https://kalshi.com/markets/kxbtcd/bitcoin-price-above-below/kxbtcd-26sep1512,"Bitcoin price on Sep 15, 2026?","$76,100 or above",KXBTCD-26SEP1512,"BTC price on Sep 15, 2026 at 12pm EDT?",KXBTCD,Bitcoin price Above/below,Crypto,"[""Hourly"", ""BTC""]",settled,binary,0,1,0.99,0.99,0.01,0.99,1,96621.82,96621.82,34838.99,0,2026-09-15T15:00:00Z,2026-09-15T16:00:00Z,2026-09-22T16:00:00Z,,yes,76482.37,greater,76099.99,,BRTI,True,2026-09-15T17:18:18+00:00
kalshi,KXXRP15M-26SEP141600-00,https://kalshi.com/markets/kxxrp15m/xrp-15-minute,https://kalshi.com/markets/kxxrp15m/xrp-15-minute/kxxrp15m-26sep141600,XRP price up in next 15 mins?,Target Price: $1.4575,KXXRP15M-26SEP141600,,KXXRP15M,XRP 15 Minute,Crypto,"[""15 min"", ""XRP"", ""15 Min Markets""]",settled,binary,0,1,0.999,0.999,0.001,0.999,1,96544.75,96544.75,33708.87,0,2026-09-14T19:45:00Z,2026-09-14T20:00:00Z,2026-09-21T20:00:00Z,,yes,1.4623,greater_or_equal,1.4575,,,True,2026-09-15T17:18:52+00:00
kalshi,KXNFLRSHYDS-26SEP14DENKC-KCPMAHOMES15-25,https://kalshi.com/markets/kxnflrshyds/pro-football-rushing-yards,https://kalshi.com/markets/kxnflrshyds/pro-football-rushing-yards/kxnflrshyds-26sep14denkc,Patrick Mahomes: 25+ rushing yards,Patrick Mahomes: 25+,KXNFLRSHYDS-26SEP14DENKC,,KXNFLRSHYDS,Pro Football Rushing Yards,Sports,"[""Football""]",settled,binary,0,1,0.01,0.01,0.99,0.01,1,97895.07,96359.69,64941.46,0,2026-09-10T23:28:00Z,2026-09-15T03:35:24Z,2026-09-17T00:15:00Z,,no,rushing_yards,greater,24.5,,,True,2026-09-15T17:18:35+00:00
kalshi,KXARGPREMDIVGAME-26SEP14IACCRCU-TIE,https://kalshi.com/markets/kxargpremdivgame/argentina-primera-division-game,https://kalshi.com/markets/kxargpremdivgame/argentina-primera-division-game/kxargpremdivgame-26sep14iaccrcu,Tie is the result,Tie,KXARGPREMDIVGAME-26SEP14IACCRCU,Instituto Cordoba vs Rio Cuarto,KXARGPREMDIVGAME,Argentina Primera Division Game,Sports,"[""Soccer""]",settled,binary,0,1,0.01,0.01,0.99,0.01,1,96660.61,96225.65,67746,0,2026-09-11T00:34:00Z,2026-09-15T02:32:09Z,2026-09-17T00:15:00Z,,no,Instituto Cordoba,structured,,,,True,2026-09-15T17:18:38+00:00
kalshi,KXMLBHR-26SEP141910BALNYM-BALPALONSO25-1,https://kalshi.com/markets/kxmlbhr/pro-baseball-home-runs,https://kalshi.com/markets/kxmlbhr/pro-baseball-home-runs/kxmlbhr-26sep141910balnym,Pete Alonso: 1+ home runs?,Pete Alonso: 1+,KXMLBHR-26SEP141910BALNYM,,KXMLBHR,Pro Baseball Home Runs,Sports,"[""Baseball""]",settled,binary,0,1,0.01,0.01,0.99,0.01,1,111827.34,95728.35,98420.36,0,2026-09-14T01:10:00Z,2026-09-15T02:00:19Z,2026-09-17T23:10:00Z,,no,Pete Alonso: 0 home runs,greater,0.5,,,True,2026-09-15T17:18:40+00:00
kalshi,KXETH15M-26SEP142000-00,https://kalshi.com/markets/kxeth15m/eth-15m-price-up-down,https://kalshi.com/markets/kxeth15m/eth-15m-price-up-down/kxeth15m-26sep142000,ETH price up in next 15 mins?,"Target Price: $2,519.36",KXETH15M-26SEP142000,,KXETH15M,ETH 15M price up down,Crypto,"[""ETH"", ""15 min"", ""15 Min Markets""]",settled,binary,0,1,0.001,0.001,0.999,0.001,1,95720.88,95720.88,41487.18,0,2026-09-14T23:45:00Z,2026-09-15T00:00:00Z,2026-09-22T00:00:00Z,,no,2514.67,greater_or_equal,2519.36,,,True,2026-09-15T17:18:46+00:00
kalshi,KXETH15M-26SEP142100-00,https://kalshi.com/markets/kxeth15m/eth-15m-price-up-down,https://kalshi.com/markets/kxeth15m/eth-15m-price-up-down/kxeth15m-26sep142100,ETH price up in next 15 mins?,"Target Price: $2,513.56",KXETH15M-26SEP142100,,KXETH15M,ETH 15M price up down,Crypto,"[""ETH"", ""15 min"", ""15 Min Markets""]",settled,binary,0,1,0.999,0.999,0.001,0.999,1,95711.17,95711.17,35277.48,0,2026-09-15T00:45:00Z,2026-09-15T01:00:00Z,2026-09-22T01:00:00Z,,yes,2515.54,greater_or_equal,2513.56,,,True,2026-09-15T17:18:44+00:00
kalshi,KXETH15M-26SEP150245-45,https://kalshi.com/markets/kxeth15m/eth-15m-price-up-down,https://kalshi.com/markets/kxeth15m/eth-15m-price-up-down/kxeth15m-26sep150245,ETH price up in next 15 mins?,"Target Price: $2,489.28",KXETH15M-26SEP150245,,KXETH15M,ETH 15M price up down,Crypto,"[""ETH"", ""15 min"", ""15 Min Markets""]",settled,binary,0,1,0.001,0.001,0.999,0.001,1,95327.69,95327.69,27723.37,0,2026-09-15T06:30:00Z,2026-09-15T06:45:00Z,2026-09-22T06:45:00Z,,no,2488.31,greater_or_equal,2489.28,,,True,2026-09-15T17:18:28+00:00
kalshi,KXMLBSPREAD-26SEP141840LADCIN-LAD4,https://kalshi.com/markets/kxmlbspread/pro-baseball-spread,https://kalshi.com/markets/kxmlbspread/pro-baseball-spread/kxmlbspread-26sep141840ladcin,Los Angeles D wins by over 3.5 runs?,Los Angeles D wins by over 3.5 runs,KXMLBSPREAD-26SEP141840LADCIN,Los Angeles D vs Cincinnati: Spread,KXMLBSPREAD,Pro Baseball Spread,Sports,"[""Baseball""]",settled,binary,0,1,0.01,0.01,0.99,0.01,1,101729.59,95272.27,45146.34,0,2026-09-13T20:00:00Z,2026-09-15T00:59:47Z,2026-09-17T22:40:00Z,,no,3,greater,3.5,,,True,2026-09-15T17:18:44+00:00
kalshi,KXGOLD15M-26SEP150645-45,https://kalshi.com/markets/kxgold15m/gold-15-minute,https://kalshi.com/markets/kxgold15m/gold-15-minute/kxgold15m-26sep150645,Gold price up in next 15 mins?,"Target Price: $4,274.58",KXGOLD15M-26SEP150645,,KXGOLD15M,Gold 15-minute,Commodities,"[""Metals""]",settled,binary,0,1,0.999,0.999,0.001,0.999,1,95271.43,95271.43,32156.68,0,2026-09-15T10:30:00Z,2026-09-15T10:45:00Z,2026-09-22T10:45:00Z,,yes,4275.19,greater_or_equal,4274.58,,,True,2026-09-15T17:18:22+00:00
kalshi,KXCHLLDPGAME-26SEP14ULCDEP-TIE,https://kalshi.com/markets/kxchlldpgame/chile-liga-de-primera-game,https://kalshi.com/markets/kxchlldpgame/chile-liga-de-primera-game/kxchlldpgame-26sep14ulcdep,Tie is the result,Tie,KXCHLLDPGAME-26SEP14ULCDEP,Union La Calera vs Deportes Limache,KXCHLLDPGAME,Chile Liga de Primera Game,Sports,"[""Soccer""]",settled,binary,0,1,0.01,0.01,0.99,0.01,1,95945.92,95207.16,72862.78,0,2026-09-10T00:34:00Z,2026-09-15T02:02:06Z,2026-09-16T23:30:00Z,,no,Union La Calera,structured,,,,True,2026-09-15T17:18:40+00:00
kalshi,KXITFMATCH-26SEP15BILPLA-PLA,https://kalshi.com/markets/kxitfmatch/itf-men-s-match,https://kalshi.com/markets/kxitfmatch/itf-men-s-match/kxitfmatch-26sep15bilpla,Jorge Plans wins,Jorge Plans,KXITFMATCH-26SEP15BILPLA,,KXITFMATCH,ITF Men's Match,Sports,"[""Tennis""]",settled,binary,0,1,0.01,0.01,0.99,0.01,1,95204.05,95204.05,45496.95,0,2026-09-14T16:42:00Z,2026-09-15T11:45:30Z,2026-09-29T08:30:00Z,,no,Jacopo Bilardo,structured,,,,True,2026-09-15T17:18:21+00:00
kalshi,KXETH15M-26SEP141900-00,https://kalshi.com/markets/kxeth15m/eth-15m-price-up-down,https://kalshi.com/markets/kxeth15m/eth-15m-price-up-down/kxeth15m-26sep141900,ETH price up in next 15 mins?,"Target Price: $2,538.76",KXETH15M-26SEP141900,,KXETH15M,ETH 15M price up down,Crypto,"[""ETH"", ""15 min"", ""15 Min Markets""]",settled,binary,0,1,0.001,0.001,0.999,0.001,1,95157.63,95157.63,55354.9,0,2026-09-14T22:45:00Z,2026-09-14T23:00:00Z,2026-09-21T23:00:00Z,,no,2532.75,greater_or_equal,2538.76,,,True,2026-09-15T17:18:47+00:00
kalshi,KXWTASETWINNER-26SEP14MONSTE-2-STE,https://kalshi.com/markets/kxwtasetwinner/wta-set-winner,https://kalshi.com/markets/kxwtasetwinner/wta-set-winner/kxwtasetwinner-26sep14monste-2,Will Sloane Stephens win set 2 in the Carole Monnet vs Sloane Stephens match,Sloane Stephens,KXWTASETWINNER-26SEP14MONSTE-2,,KXWTASETWINNER,WTA Set Winner,Sports,"[""Tennis""]",settled,binary,0,1,0.99,0.99,0.01,0.99,1,95052.7,95052.7,58909.66,0,2026-09-14T00:40:00Z,2026-09-14T21:05:58Z,2026-09-28T19:00:00Z,,yes,"Stephens, Sloane",structured,,,,True,2026-09-15T17:18:50+00:00
kalshi,KXNFLTD-26SEP14DENKC-KCTTHORNTON2-1,https://kalshi.com/markets/kxnfltd/pro-football-touchdowns,https://kalshi.com/markets/kxnfltd/pro-football-touchdowns/kxnfltd-26sep14denkc,Tyquan Thornton: 1+ touchdowns,Tyquan Thornton: 1+,KXNFLTD-26SEP14DENKC,Denver vs Kansas City: Touchdowns,KXNFLTD,Pro Football Touchdowns,Sports,"[""Football""]",settled,binary,0,1,0.11,0.11,0.89,0.11,1,113965.48,94259.11,102893.77,0,2026-09-04T21:04:00Z,2026-09-15T03:51:23Z,2026-09-17T00:15:00Z,,no,anytime_td,greater,0.5,,,True,2026-09-15T17:18:34+00:00
kalshi,KXBTCD-26SEP1415-T79499.99,https://kalshi.com/markets/kxbtcd/bitcoin-price-above-below,https://kalshi.com/markets/kxbtcd/bitcoin-price-above-below/kxbtcd-26sep1415,"Bitcoin price on Sep 14, 2026?","$79,500 or above",KXBTCD-26SEP1415,"BTC price on Sep 14, 2026 at 3pm EDT?",KXBTCD,Bitcoin price Above/below,Crypto,"[""Hourly"", ""BTC""]",settled,binary,0,1,0.01,0.01,0.99,0.01,1,94101.63,94101.63,43036.5,0,2026-09-14T18:00:00Z,2026-09-14T19:00:00Z,2026-09-21T19:00:00Z,,no,79225.54,greater,79499.99,,BRTI,True,2026-09-15T17:18:56+00:00
kalshi,KXWTACHALLENGERMATCH-26SEP15LOVGAL-LOV,https://kalshi.com/markets/kxwtachallengermatch/challenger-wta,https://kalshi.com/markets/kxwtachallengermatch/challenger-wta/kxwtachallengermatch-26sep15lovgal,Pia Lovric wins,Pia Lovric,KXWTACHALLENGERMATCH-26SEP15LOVGAL,,KXWTACHALLENGERMATCH,Challenger WTA,Sports,"[""Tennis""]",settled,binary,0,1,0.01,0.01,0.99,0.01,1,93970,93970,49133.52,0,2026-09-14T23:40:00Z,2026-09-15T15:15:14Z,2026-09-29T11:30:00Z,,no,Dalma Galfi,structured,,,,True,2026-09-15T17:18:18+00:00
kalshi,KXNFLTOTAL-26SEP14DENKC-58,https://kalshi.com/markets/kxnfltotal/pro-football-total-points,https://kalshi.com/markets/kxnfltotal/pro-football-total-points/kxnfltotal-26sep14denkc,Will there be over 57.5 points scored?,Over 57.5 points scored,KXNFLTOTAL-26SEP14DENKC,Denver vs Kansas City: Total Points,KXNFLTOTAL,Pro Football Total Points,Sports,"[""Football""]",settled,binary,0,1,0.01,0.01,0.99,0.01,1,105544.06,93883.4,76803.79,0,2026-08-03T23:13:00Z,2026-09-15T03:29:49Z,2026-09-17T00:15:00Z,,no,41,greater,57.5,,,True,2026-09-15T17:18:35+00:00
kalshi,KXWTI15M-26SEP142115-15,https://kalshi.com/markets/kxwti15m/wti-15-minute,https://kalshi.com/markets/kxwti15m/wti-15-minute/kxwti15m-26sep142115,WTI Oil price up in next 15 mins?,Target Price: $98.20,KXWTI15M-26SEP142115,,KXWTI15M,WTI 15-minute,Commodities,"[""Oil & Gas""]",settled,binary,0,1,0.001,0.001,0.999,0.001,1,93773.46,93773.46,50055.17,0,2026-09-15T01:00:00Z,2026-09-15T01:15:00Z,2026-09-22T01:15:00Z,,no,97.73,greater_or_equal,98.2,,,True,2026-09-15T17:18:42+00:00
kalshi,KXWTACHALLENGERMATCH-26SEP15COLRIS-COL,https://kalshi.com/markets/kxwtachallengermatch/challenger-wta,https://kalshi.com/markets/kxwtachallengermatch/challenger-wta/kxwtachallengermatch-26sep15colris,Martina Colmegna wins,Martina Colmegna,KXWTACHALLENGERMATCH-26SEP15COLRIS,,KXWTACHALLENGERMATCH,Challenger WTA,Sports,"[""Tennis""]",settled,binary,0,1,0.01,0.01,0.99,0.01,1,93759.2,93759.2,60229.93,0,2026-09-14T21:20:00Z,2026-09-15T12:21:02Z,2026-09-29T09:10:00Z,,no,Mia Ristic,structured,,,,True,2026-09-15T17:18:20+00:00
kalshi,KXNFL1HTOTAL-26SEP14DENKC-18,https://kalshi.com/markets/kxnfl1htotal/pro-football-1st-half-total-points,https://kalshi.com/markets/kxnfl1htotal/pro-football-1st-half-total-points/kxnfl1htotal-26sep14denkc,Will there be over 17.5 1H points scored?,Over 17.5 1H points scored,KXNFL1HTOTAL-26SEP14DENKC,DEN Broncos vs KC Chiefs: 1st Half Total,KXNFL1HTOTAL,Pro Football 1st  Half Total Points,Sports,"[""Football""]",settled,binary,0,1,0.99,0.99,0.01,0.99,1,95197.86,93633.57,55496.44,0,2026-09-02T18:37:00Z,2026-09-15T02:00:07Z,2026-09-17T00:15:00Z,,yes,21,greater,17.5,,,True,2026-09-15T17:18:40+00:00
kalshi,KXWTI15M-26SEP141830-30,https://kalshi.com/markets/kxwti15m/wti-15-minute,https://kalshi.com/markets/kxwti15m/wti-15-minute/kxwti15m-26sep141830,WTI Oil price up in next 15 mins?,Target Price: $97.50,KXWTI15M-26SEP141830,,KXWTI15M,WTI 15-minute,Commodities,"[""Oil & Gas""]",settled,binary,0,1,0.001,0.001,0.999,0.001,1,93569.95,93569.95,36517.97,0,2026-09-14T22:15:00Z,2026-09-14T22:30:00Z,2026-09-21T22:30:00Z,,no,97.48,greater_or_equal,97.5,,,True,2026-09-15T17:18:48+00:00
kalshi,KXMLBTOTAL-26SEP141910BALNYM-8,https://kalshi.com/markets/kxmlbtotal/pro-baseball-total-points,https://kalshi.com/markets/kxmlbtotal/pro-baseball-total-points/kxmlbtotal-26sep141910balnym,Over 7.5 runs scored,Over 7.5 runs scored,KXMLBTOTAL-26SEP141910BALNYM,,KXMLBTOTAL,Pro Baseball Total Points,Sports,"[""Baseball""]",settled,binary,0,1,0.01,0.01,0.99,0.01,1,120944.01,93363.87,67154.69,0,2026-09-13T20:00:00Z,2026-09-15T02:00:22Z,2026-09-17T23:10:00Z,,no,3,greater,7.5,,,True,2026-09-15T17:18:40+00:00
kalshi,KXSUPERLIGTOTAL-26SEP14GAZFEN-2,https://kalshi.com/markets/kxsuperligtotal/point-total,https://kalshi.com/markets/kxsuperligtotal/point-total/kxsuperligtotal-26sep14gazfen,Will over 1.5 goals be scored?,Over 1.5 goals scored,KXSUPERLIGTOTAL-26SEP14GAZFEN,,KXSUPERLIGTOTAL,Point Total,Sports,"[""Soccer""]",settled,binary,0,1,0.01,0.01,0.99,0.01,1,104917.79,93347.34,60149.81,0,2026-09-13T17:06:00Z,2026-09-14T19:00:09Z,2026-09-16T17:00:00Z,,no,0,greater,1.5,,,True,2026-09-15T17:18:55+00:00
kalshi,KXNFLRSHYDS-26SEP14DENKC-KCKWALKER9-100,https://kalshi.com/markets/kxnflrshyds/pro-football-rushing-yards,https://kalshi.com/markets/kxnflrshyds/pro-football-rushing-yards/kxnflrshyds-26sep14denkc,Kenneth Walker III: 100+ rushing yards,Kenneth Walker III: 100+,KXNFLRSHYDS-26SEP14DENKC,,KXNFLRSHYDS,Pro Football Rushing Yards,Sports,"[""Football""]",settled,binary,0,1,0.99,0.99,0.01,0.99,1,104570.91,92862.33,72213.93,0,2026-09-04T21:04:00Z,2026-09-15T03:35:20Z,2026-09-17T00:15:00Z,,yes,rushing_yards,greater,99.5,,,True,2026-09-15T17:18:35+00:00
kalshi,KXNFLTD-26SEP14DENKC-KCBSMITH24-1,https://kalshi.com/markets/kxnfltd/pro-football-touchdowns,https://kalshi.com/markets/kxnfltd/pro-football-touchdowns/kxnfltd-26sep14denkc,Brashard Smith: 1+ touchdowns,Brashard Smith: 1+,KXNFLTD-26SEP14DENKC,Denver vs Kansas City: Touchdowns,KXNFLTD,Pro Football Touchdowns,Sports,"[""Football""]",settled,binary,0,1,0.01,0.01,0.99,0.01,1,111697.04,92798.45,97920.81,0,2026-09-04T21:04:00Z,2026-09-15T03:51:23Z,2026-09-17T00:15:00Z,,no,anytime_td,greater,0.5,,,True,2026-09-15T17:18:34+00:00
kalshi,KXARGPREMDIVTOTAL-26SEP14BANBAR-3,https://kalshi.com/markets/kxargpremdivtotal/argentina-premier-division-total,https://kalshi.com/markets/kxargpremdivtotal/argentina-premier-division-total/kxargpremdivtotal-26sep14banbar,Will over 2.5 goals be scored?,Over 2.5 goals scored,KXARGPREMDIVTOTAL-26SEP14BANBAR,,KXARGPREMDIVTOTAL,Argentina Premier Division Total,Sports,"[""Soccer""]",settled,binary,0,1,0.01,0.01,0.99,0.01,1,93009.08,92658.7,43807.47,0,2026-09-13T22:05:00Z,2026-09-15T00:05:29Z,2026-09-16T22:00:00Z,,no,2,greater,2.5,,,True,2026-09-15T17:18:45+00:00
kalshi,KXSERIEA1H-26SEP14INTUDI-TIE,https://kalshi.com/markets/kxseriea1h/serie-a-first-half-winner,https://kalshi.com/markets/kxseriea1h/serie-a-first-half-winner/kxseriea1h-26sep14intudi,Tie 1st Half,Tie 1st Half,KXSERIEA1H-26SEP14INTUDI,,KXSERIEA1H,Serie A First Half Winner,Sports,"[""Soccer""]",settled,binary,0,1,0.99,0.99,0.01,0.99,1,93659.02,92536.99,54823.15,0,2026-09-12T19:07:00Z,2026-09-14T19:31:49Z,2026-09-16T18:45:00Z,,yes,Tie 1st Half,structured,,,,True,2026-09-15T17:18:54+00:00
kalshi,KXITFWMATCH-26SEP15DIABRE-BRE,https://kalshi.com/markets/kxitfwmatch/itf-women-s-match,https://kalshi.com/markets/kxitfwmatch/itf-women-s-match/kxitfwmatch-26sep15diabre,Justine Bretnacher wins,Justine Bretnacher,KXITFWMATCH-26SEP15DIABRE,,KXITFWMATCH,ITF Women's Match,Sports,"[""Tennis""]",settled,binary,0,1,0.01,0.01,0.99,0.01,1,92328.48,92328.48,58023.88,0,2026-09-14T14:42:00Z,2026-09-15T07:51:31Z,2026-09-29T06:00:00Z,,no,Kateryna Diatlova,structured,,,,True,2026-09-15T17:18:26+00:00
kalshi,KXETH15M-26SEP150745-45,https://kalshi.com/markets/kxeth15m/eth-15m-price-up-down,https://kalshi.com/markets/kxeth15m/eth-15m-price-up-down/kxeth15m-26sep150745,ETH price up in next 15 mins?,"Target Price: $2,479.56",KXETH15M-26SEP150745,,KXETH15M,ETH 15M price up down,Crypto,"[""ETH"", ""15 min"", ""15 Min Markets""]",settled,binary,0,1,0.001,0.001,0.999,0.001,1,92141.18,92141.18,56844.22,0,2026-09-15T11:30:00Z,2026-09-15T11:45:00Z,2026-09-22T11:45:00Z,,no,2474.33,greater_or_equal,2479.56,,,True,2026-09-15T17:18:21+00:00
kalshi,KXGOLD15M-26SEP150615-15,https://kalshi.com/markets/kxgold15m/gold-15-minute,https://kalshi.com/markets/kxgold15m/gold-15-minute/kxgold15m-26sep150615,Gold price up in next 15 mins?,"Target Price: $4,268.36",KXGOLD15M-26SEP150615,,KXGOLD15M,Gold 15-minute,Commodities,"[""Metals""]",settled,binary,0,1,0.999,0.999,0.001,0.999,1,92095.06,92095.06,47361.75,0,2026-09-15T10:00:00Z,2026-09-15T10:15:00Z,2026-09-22T10:15:00Z,,yes,4273.27,greater_or_equal,4268.36,,,True,2026-09-15T17:18:22+00:00
kalshi,KXAFCCLTOTAL-26SEP15BJGPOH-5,https://kalshi.com/markets/kxafccltotal/point-total,https://kalshi.com/markets/kxafccltotal/point-total/kxafccltotal-26sep15bjgpoh,Will over 4.5 goals be scored?,Over 4.5 goals scored,KXAFCCLTOTAL-26SEP15BJGPOH,,KXAFCCLTOTAL,Point Total,Sports,"[""Soccer""]",settled,binary,0,1,0.01,0.01,0.99,0.01,1,91861.49,91861.49,47126.31,0,2026-09-08T13:05:00Z,2026-09-15T14:35:22Z,2026-09-17T12:15:00Z,,no,4,greater,4.5,,,True,2026-09-15T17:18:18+00:00
kalshi,KXETH15M-26SEP151115-15,https://kalshi.com/markets/kxeth15m/eth-15m-price-up-down,https://kalshi.com/markets/kxeth15m/eth-15m-price-up-down/kxeth15m-26sep151115,ETH price up in next 15 mins?,"Target Price: $2,407.15",KXETH15M-26SEP151115,,KXETH15M,ETH 15M price up down,Crypto,"[""ETH"", ""15 min"", ""15 Min Markets""]",settled,binary,0,1,0.999,0.999,0.001,0.999,1,91835.43,91835.43,49016.87,0,2026-09-15T15:00:00Z,2026-09-15T15:15:00Z,2026-09-22T15:15:00Z,,yes,2411.85,greater_or_equal,2407.15,,,True,2026-09-15T17:18:18+00:00
kalshi,KXLIGAMXSPREAD-26SEP14LEOASL-LEO2,https://kalshi.com/markets/kxligamxspread/liga-mx-game,https://kalshi.com/markets/kxligamxspread/liga-mx-game/kxligamxspread-26sep14leoasl,Leon wins by more than 1.5 goals?,Leon wins by more than 1.5 goals,KXLIGAMXSPREAD-26SEP14LEOASL,,KXLIGAMXSPREAD,Liga MX Game,Sports,"[""Soccer""]",settled,binary,0,1,0.99,0.99,0.01,0.99,1,92895.48,91568.81,36507.14,0,2026-09-08T06:06:00Z,2026-09-15T02:59:53Z,2026-09-17T01:00:00Z,,yes,2,greater,1.5,,,True,2026-09-15T17:18:37+00:00
kalshi,KXHIGHCHI-26SEP14-T72,https://kalshi.com/markets/kxhighchi/highest-temperature-in-chicago,https://kalshi.com/markets/kxhighchi/highest-temperature-in-chicago/kxhighchi-26sep14,"Will the maximum temperature be <72° on Sep 14, 2026?",71° or below,KXHIGHCHI-26SEP14,,KXHIGHCHI,Highest temperature in Chicago,Climate and Weather,"[""Daily temperature""]",settled,binary,0,1,0.01,0.01,0.99,0.01,1,97755.48,91551.74,70164.21,0,2026-09-13T14:00:00Z,2026-09-15T06:00:00Z,2026-09-21T14:00:00Z,,no,72.00,less,,72,CLIMDW,True,2026-09-15T17:18:28+00:00
kalshi,KXBTCD-26SEP1423-T77699.99,https://kalshi.com/markets/kxbtcd/bitcoin-price-above-below,https://kalshi.com/markets/kxbtcd/bitcoin-price-above-below/kxbtcd-26sep1423,"Bitcoin price on Sep 14, 2026?","$77,700 or above",KXBTCD-26SEP1423,"BTC price on Sep 14, 2026 at 11pm EDT?",KXBTCD,Bitcoin price Above/below,Crypto,"[""Hourly"", ""BTC""]",settled,binary,0,1,0.99,0.99,0.01,0.99,1,91470.21,91470.21,36473.39,0,2026-09-15T02:00:00Z,2026-09-15T03:00:00Z,2026-09-22T03:00:00Z,,yes,77892.00,greater,77699.99,,BRTI,True,2026-09-15T17:18:37+00:00
kalshi,KXITFWMATCH-26SEP15STATAR-TAR,https://kalshi.com/markets/kxitfwmatch/itf-women-s-match,https://kalshi.com/markets/kxitfwmatch/itf-women-s-match/kxitfwmatch-26sep15statar,Nellie Taraba Wallberg wins,Nellie Taraba Wallberg,KXITFWMATCH-26SEP15STATAR,,KXITFWMATCH,ITF Women's Match,Sports,"[""Tennis""]",settled,binary,0,1,0.01,0.01,0.99,0.01,1,91415.12,91415.12,40964.81,0,2026-09-14T15:22:00Z,2026-09-15T08:16:01Z,2026-09-29T06:30:00Z,,no,Anja Stankovic,structured,,,,True,2026-09-15T17:18:24+00:00
kalshi,KXMLBSPREAD-26SEP141945SFSTL-STL2,https://kalshi.com/markets/kxmlbspread/pro-baseball-spread,https://kalshi.com/markets/kxmlbspread/pro-baseball-spread/kxmlbspread-26sep141945sfstl,St. Louis wins by over 1.5 runs?,St. Louis wins by over 1.5 runs,KXMLBSPREAD-26SEP141945SFSTL,,KXMLBSPREAD,Pro Baseball Spread,Sports,"[""Baseball""]",settled,binary,0,1,0.01,0.01,0.99,0.01,1,93643.79,90842.73,61223.37,0,2026-09-14T03:20:00Z,2026-09-15T02:34:31Z,2026-09-17T23:45:00Z,,no,1,greater,1.5,,,True,2026-09-15T17:18:38+00:00
kalshi,KXBTCD-26SEP1511-T76399.99,https://kalshi.com/markets/kxbtcd/bitcoin-price-above-below,https://kalshi.com/markets/kxbtcd/bitcoin-price-above-below/kxbtcd-26sep1511,"Bitcoin price on Sep 15, 2026?","$76,400 or above",KXBTCD-26SEP1511,"BTC price on Sep 15, 2026 at 11am EDT?",KXBTCD,Bitcoin price Above/below,Crypto,"[""Hourly"", ""BTC""]",settled,binary,0,1,0.01,0.01,0.99,0.01,1,90500.64,90500.64,31767.51,0,2026-09-15T14:00:00Z,2026-09-15T15:00:00Z,2026-09-22T15:00:00Z,,no,75894.71,greater,76399.99,,BRTI,True,2026-09-15T17:18:18+00:00
kalshi,KXSILVER15M-26SEP142245-45,https://kalshi.com/markets/kxsilver15m/silver-15-minute,https://kalshi.com/markets/kxsilver15m/silver-15-minute/kxsilver15m-26sep142245,Silver price up in next 15 mins?,Target Price: $63.523,KXSILVER15M-26SEP142245,,KXSILVER15M,Silver 15-minute,Commodities,"[""Metals""]",settled,binary,0,1,0.001,0.001,0.999,0.001,1,90449.61,90449.61,23744.24,0,2026-09-15T02:30:00Z,2026-09-15T02:45:00Z,2026-09-22T02:45:00Z,,no,63.452,greater_or_equal,63.523,,,True,2026-09-15T17:18:38+00:00
kalshi,KXLOLGAME-26SEP150400KTCT1A-KTC,https://kalshi.com/markets/kxlolgame/league-of-legends-game,https://kalshi.com/markets/kxlolgame/league-of-legends-game/kxlolgame-26sep150400ktct1a,KT Rolster Challengers wins,KT Rolster Challengers,KXLOLGAME-26SEP150400KTCT1A,KT Rolster Challengers vs. T1 Academy,KXLOLGAME,League of Legends Game,Sports,"[""Esports""]",settled,binary,0,1,0.01,0.01,0.99,0.01,1,90413.72,90392.49,61008.54,0,2026-09-14T13:46:00Z,2026-09-15T10:19:39Z,2026-09-17T08:00:00Z,,no,T1 Academy,structured,,,,True,2026-09-15T17:18:22+00:00
kalshi,KXLALIGA1HTOTAL-26SEP14VILRBB-2,https://kalshi.com/markets/kxlaliga1htotal/1st-half-total,https://kalshi.com/markets/kxlaliga1htotal/1st-half-total/kxlaliga1htotal-26sep14vilrbb,Over 1.5 1H goals scored,Over 1.5 1H goals scored,KXLALIGA1HTOTAL-26SEP14VILRBB,,KXLALIGA1HTOTAL,1st Half Total,Sports,"[""Soccer""]",settled,binary,0,1,0.99,0.99,0.01,0.99,1,97001.1,90253.47,40067.56,0,2026-09-12T19:06:00Z,2026-09-14T19:52:09Z,2026-09-16T19:00:00Z,,yes,3,greater,1.5,,,True,2026-09-15T17:18:54+00:00
kalshi,KXWTADOUBLES-26SEP14ARAUDVCAVSAL-ARAUDV,https://kalshi.com/markets/kxwtadoubles/wta-doubles-tennis-match,https://kalshi.com/markets/kxwtadoubles/wta-doubles-tennis-match/kxwtadoubles-26sep14araudvcavsal,Emiliana Arango / Panna Udvardy wins,Emiliana Arango / Panna Udvardy,KXWTADOUBLES-26SEP14ARAUDVCAVSAL,Arango / Udvardy vs Cavalle-Reimers / Salden,KXWTADOUBLES,WTA Doubles Tennis Match,Sports,"[""Tennis""]",settled,binary,0,1,0.01,0.01,0.99,0.01,1,90392.02,90234.68,41414.74,0,2026-09-13T16:05:00Z,2026-09-14T21:21:55Z,2026-09-28T16:00:00Z,,no,Yvonne Cavalle-Reimers / Lara Salden,structured,,,,True,2026-09-15T17:18:50+00:00
kalshi,KXETH15M-26SEP142145-45,https://kalshi.com/markets/kxeth15m/eth-15m-price-up-down,https://kalshi.com/markets/kxeth15m/eth-15m-price-up-down/kxeth15m-26sep142145,ETH price up in next 15 mins?,"Target Price: $2,509.92",KXETH15M-26SEP142145,,KXETH15M,ETH 15M price up down,Crypto,"[""ETH"", ""15 min"", ""15 Min Markets""]",settled,binary,0,1,0.999,0.999,0.001,0.999,1,90212.52,90212.52,45701.74,0,2026-09-15T01:30:00Z,2026-09-15T01:45:00Z,2026-09-22T01:45:00Z,,yes,2516.24,greater_or_equal,2509.92,,,True,2026-09-15T17:18:42+00:00
kalshi,KXBTCD-26SEP1511-T75499.99,https://kalshi.com/markets/kxbtcd/bitcoin-price-above-below,https://kalshi.com/markets/kxbtcd/bitcoin-price-above-below/kxbtcd-26sep1511,"Bitcoin price on Sep 15, 2026?","$75,500 or above",KXBTCD-26SEP1511,"BTC price on Sep 15, 2026 at 11am EDT?",KXBTCD,Bitcoin price Above/below,Crypto,"[""Hourly"", ""BTC""]",settled,binary,0,1,0.99,0.99,0.01,0.99,1,89991.05,89991.05,42336.28,0,2026-09-15T14:00:00Z,2026-09-15T15:00:00Z,2026-09-22T15:00:00Z,,yes,75894.71,greater,75499.99,,BRTI,True,2026-09-15T17:18:18+00:00
kalshi,KXBTCD-26SEP1512-T75899.99,https://kalshi.com/markets/kxbtcd/bitcoin-price-above-below,https://kalshi.com/markets/kxbtcd/bitcoin-price-above-below/kxbtcd-26sep1512,"Bitcoin price on Sep 15, 2026?","$75,900 or above",KXBTCD-26SEP1512,"BTC price on Sep 15, 2026 at 12pm EDT?",KXBTCD,Bitcoin price Above/below,Crypto,"[""Hourly"", ""BTC""]",settled,binary,0,1,0.99,0.99,0.01,0.99,1,89896.13,89896.13,31201.72,0,2026-09-15T15:00:00Z,2026-09-15T16:00:00Z,2026-09-22T16:00:00Z,,yes,76482.37,greater,75899.99,,BRTI,True,2026-09-15T17:18:18+00:00
kalshi,KXETH15M-26SEP151215-15,https://kalshi.com/markets/kxeth15m/eth-15m-price-up-down,https://kalshi.com/markets/kxeth15m/eth-15m-price-up-down/kxeth15m-26sep151215,ETH price up in next 15 mins?,"Target Price: $2,423.86",KXETH15M-26SEP151215,,KXETH15M,ETH 15M price up down,Crypto,"[""ETH"", ""15 min"", ""15 Min Markets""]",settled,binary,0,1,0.001,0.001,0.999,0.001,1,89854.87,89854.87,36411.64,0,2026-09-15T16:00:00Z,2026-09-15T16:15:00Z,2026-09-22T16:15:00Z,,no,2413.01,greater_or_equal,2423.86,,,True,2026-09-15T17:18:17+00:00
kalshi,KXRAIN-26SEP14-NOLA,https://kalshi.com/markets/kxrain/where-will-it-rain-daily,https://kalshi.com/markets/kxrain/where-will-it-rain-daily/kxrain-26sep14,"Will it rain in New Orleans on Sep 14, 2026?",New Orleans,KXRAIN-26SEP14,,KXRAIN,Where will it rain daily,Climate and Weather,"[""Snow and rain""]",settled,binary,0,1,0.01,0.01,0.99,0.01,1,99750.8,89841.13,23088.18,0,2026-09-13T09:10:00Z,2026-09-15T06:00:00Z,2026-09-16T06:00:00Z,,no,0.00,greater,0,,,True,2026-09-15T17:18:28+00:00
kalshi,KXNFLRECYDS-26SEP14DENKC-KCKWALKER9-25,https://kalshi.com/markets/kxnflrecyds/pro-football-receiving-yards,https://kalshi.com/markets/kxnflrecyds/pro-football-receiving-yards/kxnflrecyds-26sep14denkc,Kenneth Walker III: 25+ receiving yards,Kenneth Walker III: 25+,KXNFLRECYDS-26SEP14DENKC,,KXNFLRECYDS,Pro Football Receiving Yards,Sports,"[""Football""]",settled,binary,0,1,0.01,0.01,0.99,0.01,1,95147.52,89781.97,86138.54,0,2026-09-04T21:04:00Z,2026-09-15T03:27:21Z,2026-09-17T00:15:00Z,,no,receiving_yards,greater,24.5,,,True,2026-09-15T17:18:35+00:00
kalshi,KXITFMATCH-26SEP15HANYAN-HAN,https://kalshi.com/markets/kxitfmatch/itf-men-s-match,https://kalshi.com/markets/kxitfmatch/itf-men-s-match/kxitfmatch-26sep15hanyan,Xirui Han wins,Xirui Han,KXITFMATCH-26SEP15HANYAN,,KXITFMATCH,ITF Men's Match,Sports,"[""Tennis""]",settled,binary,0,1,0.99,0.99,0.01,0.99,1,89557.33,89552.5,56627.27,0,2026-09-14T13:12:00Z,2026-09-15T06:31:27Z,2026-09-29T05:00:00Z,,yes,Xirui Han,structured,,,,True,2026-09-15T17:18:28+00:00
kalshi,KXWTI15M-26SEP141915-15,https://kalshi.com/markets/kxwti15m/wti-15-minute,https://kalshi.com/markets/kxwti15m/wti-15-minute/kxwti15m-26sep141915,WTI Oil price up in next 15 mins?,Target Price: $97.50,KXWTI15M-26SEP141915,,KXWTI15M,WTI 15-minute,Commodities,"[""Oil & Gas""]",settled,binary,0,1,0.999,0.999,0.001,0.999,1,89534.92,89534.92,39467.93,0,2026-09-14T23:00:00Z,2026-09-14T23:15:00Z,2026-09-21T23:15:00Z,,yes,97.50,greater_or_equal,97.5,,,True,2026-09-15T17:18:46+00:00
kalshi,KXBTCD-26SEP1513-T76599.99,https://kalshi.com/markets/kxbtcd/bitcoin-price-above-below,https://kalshi.com/markets/kxbtcd/bitcoin-price-above-below/kxbtcd-26sep1513,"Bitcoin price on Sep 15, 2026?","$76,600 or above",KXBTCD-26SEP1513,"BTC price on Sep 15, 2026 at 1pm EDT?",KXBTCD,Bitcoin price Above/below,Crypto,"[""Hourly"", ""BTC""]",settled,binary,0,1,0.01,0.01,0.99,0.01,1,89495.4,89495.4,42862.2,0,2026-09-15T16:00:00Z,2026-09-15T17:00:00Z,2026-09-22T17:00:00Z,,no,76366.59,greater,76599.99,,BRTI,True,2026-09-15T17:18:17+00:00
kalshi,KXURYPDGAME-26SEP14TORLIV-TIE,https://kalshi.com/markets/kxurypdgame/uruguay-primera-division-game,https://kalshi.com/markets/kxurypdgame/uruguay-primera-division-game/kxurypdgame-26sep14torliv,Tie is the result,Tie,KXURYPDGAME-26SEP14TORLIV,Montevideo City vs Liverpool M,KXURYPDGAME,Uruguay Primera Division Game,Sports,"[""Soccer""]",settled,binary,0,1,0.01,0.01,0.99,0.01,1,89385.06,89324.53,58534.65,0,2026-09-10T00:37:00Z,2026-09-15T00:02:38Z,2026-09-16T22:00:00Z,,no,Montevideo City,structured,,,,True,2026-09-15T17:18:45+00:00
kalshi,KXWTI15M-26SEP142015-15,https://kalshi.com/markets/kxwti15m/wti-15-minute,https://kalshi.com/markets/kxwti15m/wti-15-minute/kxwti15m-26sep142015,WTI Oil price up in next 15 mins?,Target Price: $97.69,KXWTI15M-26SEP142015,,KXWTI15M,WTI 15-minute,Commodities,"[""Oil & Gas""]",settled,binary,0,1,0.999,0.999,0.001,0.999,1,89285.83,89285.83,23512.14,0,2026-09-15T00:00:00Z,2026-09-15T00:15:00Z,2026-09-22T00:15:00Z,,yes,97.78,greater_or_equal,97.69,,,True,2026-09-15T17:18:45+00:00
kalshi,KXETH15M-26SEP151100-00,https://kalshi.com/markets/kxeth15m/eth-15m-price-up-down,https://kalshi.com/markets/kxeth15m/eth-15m-price-up-down/kxeth15m-26sep151100,ETH price up in next 15 mins?,"Target Price: $2,416.62",KXETH15M-26SEP151100,,KXETH15M,ETH 15M price up down,Crypto,"[""ETH"", ""15 min"", ""15 Min Markets""]",settled,binary,0,1,0.001,0.001,0.999,0.001,1,89201.15,89201.15,57696.08,0,2026-09-15T14:45:00Z,2026-09-15T15:00:00Z,2026-09-22T15:00:00Z,,no,2407.15,greater_or_equal,2416.62,,,True,2026-09-15T17:18:18+00:00
kalshi,KXWTACHALLENGERMATCH-26SEP15ITOKNU-ITO,https://kalshi.com/markets/kxwtachallengermatch/challenger-wta,https://kalshi.com/markets/kxwtachallengermatch/challenger-wta/kxwtachallengermatch-26sep15itoknu,Aoi Ito wins,Aoi Ito,KXWTACHALLENGERMATCH-26SEP15ITOKNU,Ito vs Knutson,KXWTACHALLENGERMATCH,Challenger WTA,Sports,"[""Tennis""]",settled,binary,0,1,0.01,0.01,0.99,0.01,1,88913.77,88913.77,56116.95,0,2026-09-14T21:10:00Z,2026-09-15T10:45:30Z,2026-09-29T09:00:00Z,,no,Gabriela Knutson,structured,,,,True,2026-09-15T17:18:22+00:00
kalshi,KXNFL3QSPREAD-26SEP14DENKC-KC11,https://kalshi.com/markets/kxnfl3qspread/pro-football-3rd-quarter-spread,https://kalshi.com/markets/kxnfl3qspread/pro-football-3rd-quarter-spread/kxnfl3qspread-26sep14denkc,KC Chiefs wins 3Q by over 10.5 points?,KC Chiefs wins 3Q by over 10.5 points,KXNFL3QSPREAD-26SEP14DENKC,,KXNFL3QSPREAD,Pro Football 3rd Quarter Spread,Sports,"[""Football""]",settled,binary,0,1,0.01,0.01,0.99,0.01,1,89124.43,88850.18,68579.39,0,2026-09-02T18:39:00Z,2026-09-15T02:58:24Z,2026-09-17T00:15:00Z,,no,7,greater,10.5,,,True,2026-09-15T17:18:37+00:00
kalshi,KXBTCD-26SEP1414-T78599.99,https://kalshi.com/markets/kxbtcd/bitcoin-price-above-below,https://kalshi.com/markets/kxbtcd/bitcoin-price-above-below/kxbtcd-26sep1414,"Bitcoin price on Sep 14, 2026?","$78,600 or above",KXBTCD-26SEP1414,"BTC price on Sep 14, 2026 at 2pm EDT?",KXBTCD,Bitcoin price Above/below,Crypto,"[""Hourly"", ""BTC""]",settled,binary,0,1,0.99,0.99,0.01,0.99,1,105461.9,88602.22,43432.79,0,2026-09-14T17:00:00Z,2026-09-14T18:00:00Z,2026-09-21T18:00:00Z,,yes,78923.79,greater,78599.99,,BRTI,True,2026-09-15T17:18:59+00:00
kalshi,KXXRP15M-26SEP141400-00,https://kalshi.com/markets/kxxrp15m/xrp-15-minute,https://kalshi.com/markets/kxxrp15m/xrp-15-minute/kxxrp15m-26sep141400,XRP price up in next 15 mins?,Target Price: $1.4337,KXXRP15M-26SEP141400,,KXXRP15M,XRP 15 Minute,Crypto,"[""15 min"", ""XRP"", ""15 Min Markets""]",settled,binary,0,1,0.999,0.999,0.001,0.999,1,88225.8,88225.8,28516.33,0,2026-09-14T17:45:00Z,2026-09-14T18:00:00Z,2026-09-21T18:00:00Z,,yes,1.4345,greater_or_equal,1.4337,,,True,2026-09-15T17:18:57+00:00
kalshi,KXETH15M-26SEP141830-30,https://kalshi.com/markets/kxeth15m/eth-15m-price-up-down,https://kalshi.com/markets/kxeth15m/eth-15m-price-up-down/kxeth15m-26sep141830,ETH price up in next 15 mins?,"Target Price: $2,554.71",KXETH15M-26SEP141830,,KXETH15M,ETH 15M price up down,Crypto,"[""ETH"", ""15 min"", ""15 Min Markets""]",settled,binary,0,1,0.001,0.001,0.999,0.001,1,87817.19,87817.19,51457.59,0,2026-09-14T22:15:00Z,2026-09-14T22:30:00Z,2026-09-21T22:30:00Z,,no,2542.83,greater_or_equal,2554.71,,,True,2026-09-15T17:18:48+00:00
kalshi,KXITFWMATCH-26SEP15HOEIVA-IVA,https://kalshi.com/markets/kxitfwmatch/itf-women-s-match,https://kalshi.com/markets/kxitfwmatch/itf-women-s-match/kxitfwmatch-26sep15hoeiva,Iva Ivanova wins,Iva Ivanova,KXITFWMATCH-26SEP15HOEIVA,,KXITFWMATCH,ITF Women's Match,Sports,"[""Tennis""]",settled,binary,0,1,0.99,0.99,0.01,0.99,1,87649.85,87649.85,55509.64,0,2026-09-14T15:42:00Z,2026-09-15T13:15:55Z,2026-09-29T07:30:00Z,,yes,Iva Ivanova,structured,,,,True,2026-09-15T17:18:19+00:00
kalshi,KXNFLRSHYDS-26SEP14DENKC-DENJDOBBINS27-40,https://kalshi.com/markets/kxnflrshyds/pro-football-rushing-yards,https://kalshi.com/markets/kxnflrshyds/pro-football-rushing-yards/kxnflrshyds-26sep14denkc,J.K. Dobbins: 40+ rushing yards,J.K. Dobbins: 40+,KXNFLRSHYDS-26SEP14DENKC,,KXNFLRSHYDS,Pro Football Rushing Yards,Sports,"[""Football""]",settled,binary,0,1,0.01,0.01,0.99,0.01,1,89402.09,87537.6,65589.2,0,2026-09-04T21:04:00Z,2026-09-15T03:35:21Z,2026-09-17T00:15:00Z,,no,rushing_yards,greater,39.5,,,True,2026-09-15T17:18:35+00:00
kalshi,KXGOLD15M-26SEP150630-30,https://kalshi.com/markets/kxgold15m/gold-15-minute,https://kalshi.com/markets/kxgold15m/gold-15-minute/kxgold15m-26sep150630,Gold price up in next 15 mins?,"Target Price: $4,273.27",KXGOLD15M-26SEP150630,,KXGOLD15M,Gold 15-minute,Commodities,"[""Metals""]",settled,binary,0,1,0.999,0.999,0.001,0.999,1,87394.55,87394.55,24922.87,0,2026-09-15T10:15:00Z,2026-09-15T10:30:00Z,2026-09-22T10:30:00Z,,yes,4274.58,greater_or_equal,4273.27,,,True,2026-09-15T17:18:22+00:00
kalshi,KXITFMATCH-26SEP15PINTUM-PIN,https://kalshi.com/markets/kxitfmatch/itf-men-s-match,https://kalshi.com/markets/kxitfmatch/itf-men-s-match/kxitfmatch-26sep15pintum,Glauco Pinheiro da Cruz Junior wins,Glauco Pinheiro da Cruz Junior,KXITFMATCH-26SEP15PINTUM,,KXITFMATCH,ITF Men's Match,Sports,"[""Tennis""]",settled,binary,0,1,0.01,0.01,0.99,0.01,1,87363.6,87363.6,41595.81,0,2026-09-14T21:12:00Z,2026-09-15T16:25:46Z,2026-09-29T13:00:00Z,,no,Gabriel Pascotto Tumasonis,structured,,,,True,2026-09-15T17:18:17+00:00
kalshi,KXITFMATCH-26SEP15ZHAEHR-ZHA,https://kalshi.com/markets/kxitfmatch/itf-men-s-match,https://kalshi.com/markets/kxitfmatch/itf-men-s-match/kxitfmatch-26sep15zhaehr,Lingxi Zhao wins,Lingxi Zhao,KXITFMATCH-26SEP15ZHAEHR,,KXITFMATCH,ITF Men's Match,Sports,"[""Tennis""]",settled,binary,0,1,0.01,0.01,0.99,0.01,1,87246.09,87246.09,39121.84,0,2026-09-14T12:42:00Z,2026-09-15T06:41:12Z,2026-09-29T04:30:00Z,,no,Nino Ehrenschneider,structured,,,,True,2026-09-15T17:18:28+00:00
kalshi,KXITFWMATCH-26SEP15NAHSIG-SIG,https://kalshi.com/markets/kxitfwmatch/itf-women-s-match,https://kalshi.com/markets/kxitfwmatch/itf-women-s-match/kxitfwmatch-26sep15nahsig,Isadora Sigrist wins,Isadora Sigrist,KXITFWMATCH-26SEP15NAHSIG,,KXITFWMATCH,ITF Women's Match,Sports,"[""Tennis""]",settled,binary,0,1,0.01,0.01,0.99,0.01,1,87213.92,87213.92,57715.62,0,2026-09-14T22:12:00Z,2026-09-15T16:10:38Z,2026-09-29T14:00:00Z,,no,Beatriz Nahmias Melo Rodrigues,structured,,,,True,2026-09-15T17:18:17+00:00
kalshi,KXSILVER15M-26SEP141830-30,https://kalshi.com/markets/kxsilver15m/silver-15-minute,https://kalshi.com/markets/kxsilver15m/silver-15-minute/kxsilver15m-26sep141830,Silver price up in next 15 mins?,Target Price: $63.201,KXSILVER15M-26SEP141830,,KXSILVER15M,Silver 15-minute,Commodities,"[""Metals""]",settled,binary,0,1,0.953,0.953,0.047,0.953,1,87130.6,87130.6,15910.54,0,2026-09-14T22:15:00Z,2026-09-14T22:30:00Z,2026-09-21T22:30:00Z,,yes,63.209,greater_or_equal,63.201,,,True,2026-09-15T17:18:48+00:00
kalshi,KXITFWMATCH-26SEP15HOEIVA-HOE,https://kalshi.com/markets/kxitfwmatch/itf-women-s-match,https://kalshi.com/markets/kxitfwmatch/itf-women-s-match/kxitfwmatch-26sep15hoeiva,Merel Hoedt wins,Merel Hoedt,KXITFWMATCH-26SEP15HOEIVA,,KXITFWMATCH,ITF Women's Match,Sports,"[""Tennis""]",settled,binary,0,1,0.01,0.01,0.99,0.01,1,87092.74,87092.74,40038.57,0,2026-09-14T15:42:00Z,2026-09-15T13:15:55Z,2026-09-29T07:30:00Z,,no,Iva Ivanova,structured,,,,True,2026-09-15T17:18:19+00:00
kalshi,KXMLBTOTAL-26SEP141907DETTOR-5,https://kalshi.com/markets/kxmlbtotal/pro-baseball-total-points,https://kalshi.com/markets/kxmlbtotal/pro-baseball-total-points/kxmlbtotal-26sep141907dettor,Over 4.5 runs scored,Over 4.5 runs scored,KXMLBTOTAL-26SEP141907DETTOR,Detroit vs Toronto: Total Runs,KXMLBTOTAL,Pro Baseball Total Points,Sports,"[""Baseball""]",settled,binary,0,1,0.99,0.99,0.01,0.99,1,87060.57,87060.57,66501.12,0,2026-09-13T20:00:00Z,2026-09-15T01:24:52Z,2026-09-17T23:07:00Z,,yes,6,greater,4.5,,,True,2026-09-15T17:18:42+00:00
kalshi,KXETH15M-26SEP151230-30,https://kalshi.com/markets/kxeth15m/eth-15m-price-up-down,https://kalshi.com/markets/kxeth15m/eth-15m-price-up-down/kxeth15m-26sep151230,ETH price up in next 15 mins?,"Target Price: $2,413.01",KXETH15M-26SEP151230,,KXETH15M,ETH 15M price up down,Crypto,"[""ETH"", ""15 min"", ""15 Min Markets""]",settled,binary,0,1,0.999,0.999,0.001,0.999,1,86878.47,86878.47,40324.23,0,2026-09-15T16:15:00Z,2026-09-15T16:30:00Z,2026-09-22T16:30:00Z,,yes,2423.52,greater_or_equal,2413.01,,,True,2026-09-15T17:18:17+00:00
kalshi,KXNFLTD-26SEP14DENKC-KCEJOHNSON10-2,https://kalshi.com/markets/kxnfltd/pro-football-touchdowns,https://kalshi.com/markets/kxnfltd/pro-football-touchdowns/kxnfltd-26sep14denkc,Emmett Johnson: 2+ touchdowns,Emmett Johnson: 2+,KXNFLTD-26SEP14DENKC,Denver vs Kansas City: Touchdowns,KXNFLTD,Pro Football Touchdowns,Sports,"[""Football""]",settled,binary,0,1,0.01,0.01,0.99,0.01,1,91036.3,86674.21,90468.71,0,2026-09-04T21:04:00Z,2026-09-15T03:51:24Z,2026-09-17T00:15:00Z,,no,anytime_td,greater,1.5,,,True,2026-09-15T17:18:34+00:00
kalshi,KXNFLTOTAL-26SEP14DENKC-64,https://kalshi.com/markets/kxnfltotal/pro-football-total-points,https://kalshi.com/markets/kxnfltotal/pro-football-total-points/kxnfltotal-26sep14denkc,Will there be over 63.5 points scored?,Over 63.5 points scored,KXNFLTOTAL-26SEP14DENKC,Denver vs Kansas City: Total Points,KXNFLTOTAL,Pro Football Total Points,Sports,"[""Football""]",settled,binary,0,1,0.01,0.01,0.99,0.01,1,97120.58,86649.82,75443.22,0,2026-08-03T23:13:00Z,2026-09-15T03:29:49Z,2026-09-17T00:15:00Z,,no,41,greater,63.5,,,True,2026-09-15T17:18:35+00:00
kalshi,KXWTI15M-26SEP141415-15,https://kalshi.com/markets/kxwti15m/wti-15-minute,https://kalshi.com/markets/kxwti15m/wti-15-minute/kxwti15m-26sep141415,WTI Oil price up in next 15 mins?,Target Price: $98.05,KXWTI15M-26SEP141415,,KXWTI15M,WTI 15-minute,Commodities,"[""Oil & Gas""]",settled,binary,0,1,0.001,0.001,0.999,0.001,1,86587.66,86587.66,32108.91,0,2026-09-14T18:00:00Z,2026-09-14T18:15:00Z,2026-09-21T18:15:00Z,,no,97.84,greater_or_equal,98.05,,,True,2026-09-15T17:18:57+00:00
kalshi,KXNFL3QSPREAD-26SEP14DENKC-KC7,https://kalshi.com/markets/kxnfl3qspread/pro-football-3rd-quarter-spread,https://kalshi.com/markets/kxnfl3qspread/pro-football-3rd-quarter-spread/kxnfl3qspread-26sep14denkc,KC Chiefs wins 3Q by over 6.5 points?,KC Chiefs wins 3Q by over 6.5 points,KXNFL3QSPREAD-26SEP14DENKC,,KXNFL3QSPREAD,Pro Football 3rd Quarter Spread,Sports,"[""Football""]",settled,binary,0,1,0.99,0.99,0.01,0.99,1,86479.14,86479.14,42457.95,0,2026-09-02T18:39:00Z,2026-09-15T02:58:24Z,2026-09-17T00:15:00Z,,yes,7,greater,6.5,,,True,2026-09-15T17:18:37+00:00
kalshi,KXSERIEATOTAL-26SEP14TORROM-3,https://kalshi.com/markets/kxserieatotal/serie-a-total,https://kalshi.com/markets/kxserieatotal/serie-a-total/kxserieatotal-26sep14torrom,Will over 2.5 goals be scored?,Over 2.5 goals scored,KXSERIEATOTAL-26SEP14TORROM,,KXSERIEATOTAL,Serie A Total,Sports,"[""Soccer""]",settled,binary,0,1,0.01,0.01,0.99,0.01,1,169324.41,86456.89,86813.45,0,2026-09-07T17:06:00Z,2026-09-14T18:35:05Z,2026-09-16T22:30:00Z,,no,2,greater,2.5,,,True,2026-09-15T17:18:57+00:00
kalshi,KXETH15M-26SEP150400-00,https://kalshi.com/markets/kxeth15m/eth-15m-price-up-down,https://kalshi.com/markets/kxeth15m/eth-15m-price-up-down/kxeth15m-26sep150400,ETH price up in next 15 mins?,"Target Price: $2,477.68",KXETH15M-26SEP150400,,KXETH15M,ETH 15M price up down,Crypto,"[""ETH"", ""15 min"", ""15 Min Markets""]",settled,binary,0,1,0.001,0.001,0.999,0.001,1,86449.57,86449.57,36899.98,0,2026-09-15T07:45:00Z,2026-09-15T08:00:00Z,2026-09-22T08:00:00Z,,no,2472.32,greater_or_equal,2477.68,,,True,2026-09-15T17:18:25+00:00
kalshi,KXITFMATCH-26SEP15PINTUM-TUM,https://kalshi.com/markets/kxitfmatch/itf-men-s-match,https://kalshi.com/markets/kxitfmatch/itf-men-s-match/kxitfmatch-26sep15pintum,Gabriel Pascotto Tumasonis wins,Gabriel Pascotto Tumasonis,KXITFMATCH-26SEP15PINTUM,,KXITFMATCH,ITF Men's Match,Sports,"[""Tennis""]",settled,binary,0,1,0.99,0.99,0.01,0.99,1,86300.52,86300.52,51955.65,0,2026-09-14T21:12:00Z,2026-09-15T16:25:46Z,2026-09-29T13:00:00Z,,yes,Gabriel Pascotto Tumasonis,structured,,,,True,2026-09-15T17:18:17+00:00
kalshi,KXITFMATCH-26SEP14SHEYAN-YAN,https://kalshi.com/markets/kxitfmatch/itf-men-s-match,https://kalshi.com/markets/kxitfmatch/itf-men-s-match/kxitfmatch-26sep14sheyan,Yaoyu Yang wins,Yaoyu Yang,KXITFMATCH-26SEP14SHEYAN,,KXITFMATCH,ITF Men's Match,Sports,"[""Tennis""]",settled,binary,0,1,0.01,0.01,0.99,0.01,1,86131.23,86131.23,59364.18,0,2026-09-14T11:12:00Z,2026-09-15T05:16:12Z,2026-09-29T03:00:00Z,,no,Matthew Shearer,structured,,,,True,2026-09-15T17:18:30+00:00
kalshi,KXBTCD-26SEP1415-T78699.99,https://kalshi.com/markets/kxbtcd/bitcoin-price-above-below,https://kalshi.com/markets/kxbtcd/bitcoin-price-above-below/kxbtcd-26sep1415,"Bitcoin price on Sep 14, 2026?","$78,700 or above",KXBTCD-26SEP1415,"BTC price on Sep 14, 2026 at 3pm EDT?",KXBTCD,Bitcoin price Above/below,Crypto,"[""Hourly"", ""BTC""]",settled,binary,0,1,0.99,0.99,0.01,0.99,1,86092.55,86092.55,41992.25,0,2026-09-14T18:00:00Z,2026-09-14T19:00:00Z,2026-09-21T19:00:00Z,,yes,79225.54,greater,78699.99,,BRTI,True,2026-09-15T17:18:56+00:00
kalshi,KXBTCD-26SEP1505-T76999.99,https://kalshi.com/markets/kxbtcd/bitcoin-price-above-below,https://kalshi.com/markets/kxbtcd/bitcoin-price-above-below/kxbtcd-26sep1505,"Bitcoin price on Sep 15, 2026?","$77,000 or above",KXBTCD-26SEP1505,"BTC price on Sep 15, 2026 at 5am EDT?",KXBTCD,Bitcoin price Above/below,Crypto,"[""Hourly"", ""BTC""]",settled,binary,0,1,0.01,0.01,0.99,0.01,1,86014.6,86014.6,34755.15,0,2026-09-15T08:00:00Z,2026-09-15T09:00:00Z,2026-09-22T09:00:00Z,,no,76952.10,greater,76999.99,,BRTI,True,2026-09-15T17:18:24+00:00
kalshi,KXNFLRECYDS-26SEP14DENKC-KCKWALKER9-15,https://kalshi.com/markets/kxnflrecyds/pro-football-receiving-yards,https://kalshi.com/markets/kxnflrecyds/pro-football-receiving-yards/kxnflrecyds-26sep14denkc,Kenneth Walker III: 15+ receiving yards,Kenneth Walker III: 15+,KXNFLRECYDS-26SEP14DENKC,,KXNFLRECYDS,Pro Football Receiving Yards,Sports,"[""Football""]",settled,binary,0,1,0.56,0.56,0.44,0.56,1,101203.15,85832.6,78212.33,0,2026-09-04T21:04:00Z,2026-09-15T03:27:21Z,2026-09-17T00:15:00Z,,yes,receiving_yards,greater,14.5,,,True,2026-09-15T17:18:35+00:00
kalshi,KXCS2GAME-26SEP150700BWLEO-LEO,https://kalshi.com/markets/kxcs2game/counter-strike-2-game,https://kalshi.com/markets/kxcs2game/counter-strike-2-game/kxcs2game-26sep150700bwleo,Leo Team wins,Leo Team,KXCS2GAME-26SEP150700BWLEO,,KXCS2GAME,Counter-Strike 2 Game,Sports,"[""Esports""]",settled,binary,0,1,0.99,0.99,0.01,0.99,1,85803.3,85803.3,47394.51,0,2026-09-14T21:27:00Z,2026-09-15T15:03:53Z,2026-09-17T11:00:00Z,,yes,Leo Team,structured,,,,True,2026-09-15T17:18:18+00:00
kalshi,KXNFLRECYDS-26SEP14DENKC-DENPBRYANT13-25,https://kalshi.com/markets/kxnflrecyds/pro-football-receiving-yards,https://kalshi.com/markets/kxnflrecyds/pro-football-receiving-yards/kxnflrecyds-26sep14denkc,Pat Bryant: 25+ receiving yards,Pat Bryant: 25+,KXNFLRECYDS-26SEP14DENKC,,KXNFLRECYDS,Pro Football Receiving Yards,Sports,"[""Football""]",settled,binary,0,1,0.99,0.99,0.01,0.99,1,104687.22,85749.63,92458.66,0,2026-09-08T00:55:00Z,2026-09-15T03:27:28Z,2026-09-17T00:15:00Z,,yes,receiving_yards,greater,24.5,,,True,2026-09-15T17:18:35+00:00
kalshi,KXEPLTOTAL-26SEP14LEENEW-1,https://kalshi.com/markets/kxepltotal/english-premier-league-total-goals,https://kalshi.com/markets/kxepltotal/english-premier-league-total-goals/kxepltotal-26sep14leenew,Will over 0.5 goals be scored?,Over 0.5 goals scored,KXEPLTOTAL-26SEP14LEENEW,Leeds United vs Newcastle: Total Goals,KXEPLTOTAL,English Premier League Total Goals,Sports,"[""Soccer""]",settled,binary,0,1,0.99,0.99,0.01,0.99,1,88587.79,85691.49,41007.94,0,2026-09-07T19:06:00Z,2026-09-14T19:40:43Z,2026-09-17T01:00:00Z,,yes,2,greater,0.5,,,True,2026-09-15T17:18:54+00:00
kalshi,KXGOLD15M-26SEP150515-15,https://kalshi.com/markets/kxgold15m/gold-15-minute,https://kalshi.com/markets/kxgold15m/gold-15-minute/kxgold15m-26sep150515,Gold price up in next 15 mins?,"Target Price: $4,262.54",KXGOLD15M-26SEP150515,,KXGOLD15M,Gold 15-minute,Commodities,"[""Metals""]",settled,binary,0,1,0.996,0.996,0.004,0.996,1,85571.45,85571.45,32840.43,0,2026-09-15T09:00:00Z,2026-09-15T09:15:00Z,2026-09-22T09:15:00Z,,yes,4266.26,greater_or_equal,4262.54,,,True,2026-09-15T17:18:23+00:00
kalshi,KXETH15M-26SEP141400-00,https://kalshi.com/markets/kxeth15m/eth-15m-price-up-down,https://kalshi.com/markets/kxeth15m/eth-15m-price-up-down/kxeth15m-26sep141400,ETH price up in next 15 mins?,"Target Price: $2,526.34",KXETH15M-26SEP141400,,KXETH15M,ETH 15M price up down,Crypto,"[""ETH"", ""15 min"", ""15 Min Markets""]",settled,binary,0,1,0.999,0.999,0.001,0.999,1,85491.69,85491.69,55238.58,0,2026-09-14T17:45:00Z,2026-09-14T18:00:00Z,2026-09-21T18:00:00Z,,yes,2531.92,greater_or_equal,2526.34,,,True,2026-09-15T17:18:58+00:00
kalshi,KXWTI15M-26SEP142330-30,https://kalshi.com/markets/kxwti15m/wti-15-minute,https://kalshi.com/markets/kxwti15m/wti-15-minute/kxwti15m-26sep142330,WTI Oil price up in next 15 mins?,Target Price: $98.40,KXWTI15M-26SEP142330,,KXWTI15M,WTI 15-minute,Commodities,"[""Oil & Gas""]",settled,binary,0,1,0.001,0.001,0.999,0.001,1,85376.16,85376.16,35220.21,0,2026-09-15T03:15:00Z,2026-09-15T03:30:00Z,2026-09-22T03:30:00Z,,no,98.32,greater_or_equal,98.4,,,True,2026-09-15T17:18:35+00:00
kalshi,KXNFLTD-26SEP14DENKC-DENMMIMS19-1,https://kalshi.com/markets/kxnfltd/pro-football-touchdowns,https://kalshi.com/markets/kxnfltd/pro-football-touchdowns/kxnfltd-26sep14denkc,Marvin Mims Jr.: 1+ touchdowns,Marvin Mims Jr.: 1+,KXNFLTD-26SEP14DENKC,Denver vs Kansas City: Touchdowns,KXNFLTD,Pro Football Touchdowns,Sports,"[""Football""]",settled,binary,0,1,0.01,0.01,0.99,0.01,1,107058.95,85305.72,75372.86,0,2026-09-10T23:28:00Z,2026-09-15T03:51:27Z,2026-09-17T00:15:00Z,,no,anytime_td,greater,0.5,,,True,2026-09-15T17:18:34+00:00
kalshi,KXBTCD-26SEP1418-T78599.99,https://kalshi.com/markets/kxbtcd/bitcoin-price-above-below,https://kalshi.com/markets/kxbtcd/bitcoin-price-above-below/kxbtcd-26sep1418,"Bitcoin price on Sep 14, 2026?","$78,600 or above",KXBTCD-26SEP1418,"BTC price on Sep 14, 2026 at 6pm EDT?",KXBTCD,Bitcoin price Above/below,Crypto,"[""Hourly"", ""BTC""]",settled,binary,0,1,0.99,0.99,0.01,0.99,1,85216.28,85216.28,30561.51,0,2026-09-14T21:00:00Z,2026-09-14T22:00:00Z,2026-09-21T22:00:00Z,,yes,78746.62,greater,78599.99,,BRTI,True,2026-09-15T17:18:50+00:00
kalshi,KXWTI15M-26SEP141800-00,https://kalshi.com/markets/kxwti15m/wti-15-minute,https://kalshi.com/markets/kxwti15m/wti-15-minute/kxwti15m-26sep141800,WTI Oil price up in next 15 mins?,Target Price: $97.48,KXWTI15M-26SEP141800,,KXWTI15M,WTI 15-minute,Commodities,"[""Oil & Gas""]",settled,binary,0,1,0.996,0.996,0.004,0.996,1,85203.37,85203.37,13589,0,2026-09-14T21:45:00Z,2026-09-14T22:00:00Z,2026-09-21T22:00:00Z,,yes,97.48,greater_or_equal,97.48,,,True,2026-09-15T17:18:48+00:00
kalshi,KXXRP15M-26SEP141515-15,https://kalshi.com/markets/kxxrp15m/xrp-15-minute,https://kalshi.com/markets/kxxrp15m/xrp-15-minute/kxxrp15m-26sep141515,XRP price up in next 15 mins?,Target Price: $1.4785,KXXRP15M-26SEP141515,,KXXRP15M,XRP 15 Minute,Crypto,"[""15 min"", ""XRP"", ""15 Min Markets""]",settled,binary,0,1,0.001,0.001,0.999,0.001,1,85085.04,85085.04,60178.67,0,2026-09-14T19:00:00Z,2026-09-14T19:15:00Z,2026-09-21T19:15:00Z,,no,1.4629,greater_or_equal,1.4785,,,True,2026-09-15T17:18:55+00:00
kalshi,KXMLBSPREAD-26SEP141910BALNYM-NYM2,https://kalshi.com/markets/kxmlbspread/pro-baseball-spread,https://kalshi.com/markets/kxmlbspread/pro-baseball-spread/kxmlbspread-26sep141910balnym,New York M wins by over 1.5 runs?,New York M wins by over 1.5 runs,KXMLBSPREAD-26SEP141910BALNYM,,KXMLBSPREAD,Pro Baseball Spread,Sports,"[""Baseball""]",settled,binary,0,1,0.01,0.01,0.99,0.01,1,91087.09,85057.45,64305.39,0,2026-09-13T20:00:00Z,2026-09-15T02:00:24Z,2026-09-17T23:10:00Z,,no,1,greater,1.5,,,True,2026-09-15T17:18:40+00:00
kalshi,KXITFMATCH-26SEP15REHCAT-REH,https://kalshi.com/markets/kxitfmatch/itf-men-s-match,https://kalshi.com/markets/kxitfmatch/itf-men-s-match/kxitfmatch-26sep15rehcat,Max Hans Rehberg wins,Max Hans Rehberg,KXITFMATCH-26SEP15REHCAT,,KXITFMATCH,ITF Men's Match,Sports,"[""Tennis""]",settled,binary,0,1,0.99,0.99,0.01,0.99,1,85021.94,85021.94,56940.83,0,2026-09-14T16:42:00Z,2026-09-15T11:40:43Z,2026-09-29T08:30:00Z,,yes,Max Hans Rehberg,structured,,,,True,2026-09-15T17:18:21+00:00
kalshi,KXWTI15M-26SEP150015-15,https://kalshi.com/markets/kxwti15m/wti-15-minute,https://kalshi.com/markets/kxwti15m/wti-15-minute/kxwti15m-26sep150015,WTI Oil price up in next 15 mins?,Target Price: $98.43,KXWTI15M-26SEP150015,,KXWTI15M,WTI 15-minute,Commodities,"[""Oil & Gas""]",settled,binary,0,1,0.996,0.996,0.004,0.996,1,85014.98,85014.98,20291.93,0,2026-09-15T04:00:00Z,2026-09-15T04:15:00Z,2026-09-22T04:15:00Z,,yes,98.53,greater_or_equal,98.43,,,True,2026-09-15T17:18:32+00:00
kalshi,KXNFLFIRSTTD-26SEP14DENKC-DENRHARVEY12,https://kalshi.com/markets/kxnflfirsttd/pro-football-first-touchdown,https://kalshi.com/markets/kxnflfirsttd/pro-football-first-touchdown/kxnflfirsttd-26sep14denkc,RJ Harvey: 1st Touchdown,RJ Harvey,KXNFLFIRSTTD-26SEP14DENKC,Denver vs Kansas City: 1st Touchdown,KXNFLFIRSTTD,Pro Football First Touchdown,Sports,"[""Football""]",settled,binary,0,1,0.01,0.01,0.99,0.01,1,92102.22,84987.89,90735.92,0,2026-09-04T21:04:00Z,2026-09-15T01:15:05Z,2026-09-17T00:15:00Z,,no,No,structured,,,,True,2026-09-15T17:18:42+00:00
kalshi,KXRAIN-26SEP14-HOU,https://kalshi.com/markets/kxrain/where-will-it-rain-daily,https://kalshi.com/markets/kxrain/where-will-it-rain-daily/kxrain-26sep14,"Will it rain in Houston on Sep 14, 2026?",Houston,KXRAIN-26SEP14,,KXRAIN,Where will it rain daily,Climate and Weather,"[""Snow and rain""]",settled,binary,0,1,0.01,0.01,0.99,0.01,1,109648.58,84962.93,30756.64,0,2026-09-13T09:10:00Z,2026-09-15T06:00:00Z,2026-09-16T06:00:00Z,,no,0.00,greater,0,,,True,2026-09-15T17:18:28+00:00
kalshi,KXWTACHALLENGERMATCH-26SEP15HAVZAN-ZAN,https://kalshi.com/markets/kxwtachallengermatch/challenger-wta,https://kalshi.com/markets/kxwtachallengermatch/challenger-wta/kxwtachallengermatch-26sep15havzan,Aurora Zantedeschi wins,Aurora Zantedeschi,KXWTACHALLENGERMATCH-26SEP15HAVZAN,,KXWTACHALLENGERMATCH,Challenger WTA,Sports,"[""Tennis""]",settled,binary,0,1,0.01,0.01,0.99,0.01,1,84738.1,84738.1,68686.38,0,2026-09-14T20:10:00Z,2026-09-15T10:05:44Z,2026-09-29T08:00:00Z,,no,Lucie Havlickova,structured,,,,True,2026-09-15T17:18:22+00:00
kalshi,KXWTI15M-26SEP150130-30,https://kalshi.com/markets/kxwti15m/wti-15-minute,https://kalshi.com/markets/kxwti15m/wti-15-minute/kxwti15m-26sep150130,WTI Oil price up in next 15 mins?,Target Price: $98.74,KXWTI15M-26SEP150130,,KXWTI15M,WTI 15-minute,Commodities,"[""Oil & Gas""]",settled,binary,0,1,0.997,0.997,0.003,0.997,1,84408.64,84408.64,20984.45,0,2026-09-15T05:15:00Z,2026-09-15T05:30:00Z,2026-09-22T05:30:00Z,,yes,98.77,greater_or_equal,98.74,,,True,2026-09-15T17:18:29+00:00
kalshi,KXETH15M-26SEP141345-45,https://kalshi.com/markets/kxeth15m/eth-15m-price-up-down,https://kalshi.com/markets/kxeth15m/eth-15m-price-up-down/kxeth15m-26sep141345,ETH price up in next 15 mins?,"Target Price: $2,530.19",KXETH15M-26SEP141345,,KXETH15M,ETH 15M price up down,Crypto,"[""ETH"", ""15 min"", ""15 Min Markets""]",settled,binary,0,1,0.001,0.001,0.999,0.001,1,84291.53,84291.53,33429.06,0,2026-09-14T17:30:00Z,2026-09-14T17:45:00Z,2026-09-21T17:45:00Z,,no,2526.34,greater_or_equal,2530.19,,,True,2026-09-15T17:18:59+00:00
kalshi,KXNFL4Q-26SEP14DENKC-TIE,https://kalshi.com/markets/kxnfl4q/pro-football-4th-quarter-winner,https://kalshi.com/markets/kxnfl4q/pro-football-4th-quarter-winner/kxnfl4q-26sep14denkc,Will neither team win the 4th Quarter?,Tie 4th Quarter,KXNFL4Q-26SEP14DENKC,DEN Broncos vs KC Chiefs: 4th Quarter Winner,KXNFL4Q,Pro Football 4th Quarter Winner,Sports,"[""Football""]",settled,binary,0,1,0.01,0.01,0.99,0.01,1,84566.93,84272.41,60971.17,0,2026-09-02T18:39:00Z,2026-09-15T03:19:52Z,2026-09-17T00:15:00Z,,no,KC Chiefs wins 4th Quarter,structured,,,,True,2026-09-15T17:18:35+00:00
kalshi,KXWTI15M-26SEP141500-00,https://kalshi.com/markets/kxwti15m/wti-15-minute,https://kalshi.com/markets/kxwti15m/wti-15-minute/kxwti15m-26sep141500,WTI Oil price up in next 15 mins?,Target Price: $97.11,KXWTI15M-26SEP141500,,KXWTI15M,WTI 15-minute,Commodities,"[""Oil & Gas""]",settled,binary,0,1,0.999,0.999,0.001,0.999,1,84176.57,84176.57,28893.73,0,2026-09-14T18:45:00Z,2026-09-14T19:00:00Z,2026-09-21T19:00:00Z,,yes,97.47,greater_or_equal,97.11,,,True,2026-09-15T17:18:55+00:00
kalshi,KXMLBTOTAL-26SEP141945SFSTL-4,https://kalshi.com/markets/kxmlbtotal/pro-baseball-total-points,https://kalshi.com/markets/kxmlbtotal/pro-baseball-total-points/kxmlbtotal-26sep141945sfstl,Over 3.5 runs scored,Over 3.5 runs scored,KXMLBTOTAL-26SEP141945SFSTL,,KXMLBTOTAL,Pro Baseball Total Points,Sports,"[""Baseball""]",settled,binary,0,1,0.01,0.01,0.99,0.01,1,84226.27,84001.54,52688.91,0,2026-09-14T03:20:00Z,2026-09-15T02:34:31Z,2026-09-17T23:45:00Z,,no,3,greater,3.5,,,True,2026-09-15T17:18:38+00:00
kalshi,KXETH15M-26SEP150830-30,https://kalshi.com/markets/kxeth15m/eth-15m-price-up-down,https://kalshi.com/markets/kxeth15m/eth-15m-price-up-down/kxeth15m-26sep150830,ETH price up in next 15 mins?,"Target Price: $2,479.71",KXETH15M-26SEP150830,,KXETH15M,ETH 15M price up down,Crypto,"[""ETH"", ""15 min"", ""15 Min Markets""]",settled,binary,0,1,0.001,0.001,0.999,0.001,1,83827.64,83827.64,24553.19,0,2026-09-15T12:15:00Z,2026-09-15T12:30:00Z,2026-09-22T12:30:00Z,,no,2477.63,greater_or_equal,2479.71,,,True,2026-09-15T17:18:20+00:00
kalshi,KXETH15M-26SEP151245-45,https://kalshi.com/markets/kxeth15m/eth-15m-price-up-down,https://kalshi.com/markets/kxeth15m/eth-15m-price-up-down/kxeth15m-26sep151245,ETH price up in next 15 mins?,"Target Price: $2,423.52",KXETH15M-26SEP151245,,KXETH15M,ETH 15M price up down,Crypto,"[""ETH"", ""15 min"", ""15 Min Markets""]",settled,binary,0,1,0.001,0.001,0.999,0.001,1,83552.15,83552.15,43096.46,0,2026-09-15T16:30:00Z,2026-09-15T16:45:00Z,2026-09-22T16:45:00Z,,no,2418.68,greater_or_equal,2423.52,,,True,2026-09-15T17:18:17+00:00
kalshi,KXKBOGAME-26SEP150530LOTSAM-LOT,https://kalshi.com/markets/kxkbogame/kbo-game,https://kalshi.com/markets/kxkbogame/kbo-game/kxkbogame-26sep150530lotsam,Lotte Giants wins,Lotte Giants,KXKBOGAME-26SEP150530LOTSAM,,KXKBOGAME,KBO Game,Sports,"[""Baseball""]",settled,binary,0,1,0.17,0.17,0.83,0.17,1,83437.79,83414.28,51958.34,0,2026-09-12T04:11:00Z,2026-09-15T13:09:45Z,2026-09-17T09:30:00Z,,no,Samsung Lions,structured,,,,True,2026-09-15T17:18:19+00:00
kalshi,KXWTACHALLENGERMATCH-26SEP15COLRIS-RIS,https://kalshi.com/markets/kxwtachallengermatch/challenger-wta,https://kalshi.com/markets/kxwtachallengermatch/challenger-wta/kxwtachallengermatch-26sep15colris,Mia Ristic wins,Mia Ristic,KXWTACHALLENGERMATCH-26SEP15COLRIS,,KXWTACHALLENGERMATCH,Challenger WTA,Sports,"[""Tennis""]",settled,binary,0,1,0.99,0.99,0.01,0.99,1,83381.11,83381.11,57947.57,0,2026-09-14T21:20:00Z,2026-09-15T12:21:02Z,2026-09-29T09:10:00Z,,yes,Mia Ristic,structured,,,,True,2026-09-15T17:18:20+00:00
kalshi,KXMLBTOTAL-26SEP141840LADCIN-6,https://kalshi.com/markets/kxmlbtotal/pro-baseball-total-points,https://kalshi.com/markets/kxmlbtotal/pro-baseball-total-points/kxmlbtotal-26sep141840ladcin,Over 5.5 runs scored,Over 5.5 runs scored,KXMLBTOTAL-26SEP141840LADCIN,Los Angeles D vs Cincinnati: Total Runs,KXMLBTOTAL,Pro Baseball Total Points,Sports,"[""Baseball""]",settled,binary,0,1,0.01,0.01,0.99,0.01,1,87185.56,83243.14,38591.02,0,2026-09-13T20:00:00Z,2026-09-15T00:59:47Z,2026-09-17T22:40:00Z,,no,5,greater,5.5,,,True,2026-09-15T17:18:44+00:00
kalshi,KXNFLFIRSTTD-26SEP14DENKC-DENLHUMPHREY5,https://kalshi.com/markets/kxnflfirsttd/pro-football-first-touchdown,https://kalshi.com/markets/kxnflfirsttd/pro-football-first-touchdown/kxnflfirsttd-26sep14denkc,Lil'Jordan Humphrey: 1st Touchdown,Lil'Jordan Humphrey,KXNFLFIRSTTD-26SEP14DENKC,Denver vs Kansas City: 1st Touchdown,KXNFLFIRSTTD,Pro Football First Touchdown,Sports,"[""Football""]",settled,binary,0,1,0.03,0.03,0.97,0.03,1,86922.52,83215.64,85175.61,0,2026-09-08T00:55:00Z,2026-09-15T03:44:20Z,2026-09-17T00:15:00Z,,scalar,,structured,,,,True,2026-09-15T17:18:35+00:00
kalshi,KXWTACHALLENGERMATCH-26SEP15BARZEL-BAR,https://kalshi.com/markets/kxwtachallengermatch/challenger-wta,https://kalshi.com/markets/kxwtachallengermatch/challenger-wta/kxwtachallengermatch-26sep15barzel,Mona Barthel wins,Mona Barthel,KXWTACHALLENGERMATCH-26SEP15BARZEL,,KXWTACHALLENGERMATCH,Challenger WTA,Sports,"[""Tennis""]",settled,binary,0,1,0.99,0.99,0.01,0.99,1,82654.8,82654.8,46922.8,0,2026-09-14T22:30:00Z,2026-09-15T09:08:33Z,2026-09-29T10:20:00Z,,yes,Mona Barthel,structured,,,,True,2026-09-15T17:18:23+00:00
kalshi,KXITFMATCH-26SEP15GARMAR-GAR,https://kalshi.com/markets/kxitfmatch/itf-men-s-match,https://kalshi.com/markets/kxitfmatch/itf-men-s-match/kxitfmatch-26sep15garmar,Axel Garcian wins,Axel Garcian,KXITFMATCH-26SEP15GARMAR,,KXITFMATCH,ITF Men's Match,Sports,"[""Tennis""]",settled,binary,0,1,0.99,0.99,0.01,0.99,1,82620.95,82620.95,35176.25,0,2026-09-14T18:42:00Z,2026-09-15T13:10:40Z,2026-09-29T10:00:00Z,,yes,Axel Garcian,structured,,,,True,2026-09-15T17:18:19+00:00
kalshi,KXCS2GAME-26SEP151000RUNAST-AST,https://kalshi.com/markets/kxcs2game/counter-strike-2-game,https://kalshi.com/markets/kxcs2game/counter-strike-2-game/kxcs2game-26sep151000runast,ASTRAL wins,ASTRAL,KXCS2GAME-26SEP151000RUNAST,,KXCS2GAME,Counter-Strike 2 Game,Sports,"[""Esports""]",settled,binary,0,1,0.01,0.01,0.99,0.01,1,82387.52,82387.52,54973.28,0,2026-09-14T22:55:00Z,2026-09-15T16:49:43Z,2026-09-17T14:00:00Z,,no,Rune Eaters,structured,,,,True,2026-09-15T17:18:17+00:00
kalshi,KXBTCD-26SEP1419-T78899.99,https://kalshi.com/markets/kxbtcd/bitcoin-price-above-below,https://kalshi.com/markets/kxbtcd/bitcoin-price-above-below/kxbtcd-26sep1419,"Bitcoin price on Sep 14, 2026?","$78,900 or above",KXBTCD-26SEP1419,"BTC price on Sep 14, 2026 at 7pm EDT?",KXBTCD,Bitcoin price Above/below,Crypto,"[""Hourly"", ""BTC""]",settled,binary,0,1,0.01,0.01,0.99,0.01,1,82360.21,82360.21,30966.92,0,2026-09-14T22:00:00Z,2026-09-14T23:00:00Z,2026-09-21T23:00:00Z,,no,78548.70,greater,78899.99,,BRTI,True,2026-09-15T17:18:47+00:00
kalshi,KXETH15M-26SEP150330-30,https://kalshi.com/markets/kxeth15m/eth-15m-price-up-down,https://kalshi.com/markets/kxeth15m/eth-15m-price-up-down/kxeth15m-26sep150330,ETH price up in next 15 mins?,"Target Price: $2,480.50",KXETH15M-26SEP150330,,KXETH15M,ETH 15M price up down,Crypto,"[""ETH"", ""15 min"", ""15 Min Markets""]",settled,binary,0,1,0.999,0.999,0.001,0.999,1,82266.93,82266.93,38822.48,0,2026-09-15T07:15:00Z,2026-09-15T07:30:00Z,2026-09-22T07:30:00Z,,yes,2483.27,greater_or_equal,2480.5,,,True,2026-09-15T17:18:26+00:00
kalshi,KXISRPLGAME-26SEP14RGGMNE-RGG,https://kalshi.com/markets/kxisrplgame/israeli-premier-league-game,https://kalshi.com/markets/kxisrplgame/israeli-premier-league-game/kxisrplgame-26sep14rggmne,Ramat Gan Givatayim wins,Ramat Gan Givatayim,KXISRPLGAME-26SEP14RGGMNE,,KXISRPLGAME,Israeli Premier League Game,Sports,"[""Soccer""]",settled,binary,0,1,0.99,0.99,0.01,0.99,1,87160.08,82218.8,56898.15,0,2026-09-10T00:38:00Z,2026-09-14T19:03:30Z,2026-09-16T16:30:00Z,,yes,Ramat Gan Givatayim,structured,,,,True,2026-09-15T17:18:55+00:00
kalshi,KXXRP15M-26SEP141500-00,https://kalshi.com/markets/kxxrp15m/xrp-15-minute,https://kalshi.com/markets/kxxrp15m/xrp-15-minute/kxxrp15m-26sep141500,XRP price up in next 15 mins?,Target Price: $1.4655,KXXRP15M-26SEP141500,,KXXRP15M,XRP 15 Minute,Crypto,"[""15 min"", ""XRP"", ""15 Min Markets""]",settled,binary,0,1,0.999,0.999,0.001,0.999,1,82182.51,82182.51,47315.42,0,2026-09-14T18:45:00Z,2026-09-14T19:00:00Z,2026-09-21T19:00:00Z,,yes,1.4785,greater_or_equal,1.4655,,,True,2026-09-15T17:18:55+00:00
kalshi,KXWTI15M-26SEP141815-15,https://kalshi.com/markets/kxwti15m/wti-15-minute,https://kalshi.com/markets/kxwti15m/wti-15-minute/kxwti15m-26sep141815,WTI Oil price up in next 15 mins?,Target Price: $97.48,KXWTI15M-26SEP141815,,KXWTI15M,WTI 15-minute,Commodities,"[""Oil & Gas""]",settled,binary,0,1,0.996,0.996,0.004,0.996,1,82164.41,82164.41,27303.98,0,2026-09-14T22:00:00Z,2026-09-14T22:15:00Z,2026-09-21T22:15:00Z,,yes,97.50,greater_or_equal,97.48,,,True,2026-09-15T17:18:48+00:00
kalshi,KXBTCD-26SEP1506-T76799.99,https://kalshi.com/markets/kxbtcd/bitcoin-price-above-below,https://kalshi.com/markets/kxbtcd/bitcoin-price-above-below/kxbtcd-26sep1506,"Bitcoin price on Sep 15, 2026?","$76,800 or above",KXBTCD-26SEP1506,"BTC price on Sep 15, 2026 at 6am EDT?",KXBTCD,Bitcoin price Above/below,Crypto,"[""Hourly"", ""BTC""]",settled,binary,0,1,0.99,0.99,0.01,0.99,1,82149.27,82149.27,18142,0,2026-09-15T09:00:00Z,2026-09-15T10:00:00Z,2026-09-22T10:00:00Z,,yes,76942.41,greater,76799.99,,BRTI,True,2026-09-15T17:18:22+00:00
kalshi,KXBTCD-26SEP1504-T77399.99,https://kalshi.com/markets/kxbtcd/bitcoin-price-above-below,https://kalshi.com/markets/kxbtcd/bitcoin-price-above-below/kxbtcd-26sep1504,"Bitcoin price on Sep 15, 2026?","$77,400 or above",KXBTCD-26SEP1504,"BTC price on Sep 15, 2026 at 4am EDT?",KXBTCD,Bitcoin price Above/below,Crypto,"[""Hourly"", ""BTC""]",settled,binary,0,1,0.01,0.01,0.99,0.01,1,82094.97,82094.97,31662.47,0,2026-09-15T07:00:00Z,2026-09-15T08:00:00Z,2026-09-22T08:00:00Z,,no,76884.37,greater,77399.99,,BRTI,True,2026-09-15T17:18:25+00:00
kalshi,KXMLBTOTAL-26SEP141840CWSCLE-5,https://kalshi.com/markets/kxmlbtotal/pro-baseball-total-points,https://kalshi.com/markets/kxmlbtotal/pro-baseball-total-points/kxmlbtotal-26sep141840cwscle,Over 4.5 runs scored,Over 4.5 runs scored,KXMLBTOTAL-26SEP141840CWSCLE,Chicago WS vs Cleveland: Total Runs,KXMLBTOTAL,Pro Baseball Total Points,Sports,"[""Baseball""]",settled,binary,0,1,0.99,0.99,0.01,0.99,1,82241.92,82089.31,41402.13,0,2026-09-13T20:00:00Z,2026-09-15T00:55:30Z,2026-09-17T22:40:00Z,,yes,7,greater,4.5,,,True,2026-09-15T17:18:44+00:00
kalshi,KXXRP15M-26SEP142045-45,https://kalshi.com/markets/kxxrp15m/xrp-15-minute,https://kalshi.com/markets/kxxrp15m/xrp-15-minute/kxxrp15m-26sep142045,XRP price up in next 15 mins?,Target Price: $1.4171,KXXRP15M-26SEP142045,,KXXRP15M,XRP 15 Minute,Crypto,"[""15 min"", ""XRP"", ""15 Min Markets""]",settled,binary,0,1,0.999,0.999,0.001,0.999,1,82004.82,82004.82,24942.69,0,2026-09-15T00:30:00Z,2026-09-15T00:45:00Z,2026-09-22T00:45:00Z,,yes,1.4181,greater_or_equal,1.4171,,,True,2026-09-15T17:18:44+00:00
kalshi,KXNFL3Q-26SEP14DENKC-KC,https://kalshi.com/markets/kxnfl3q/pro-football-3rd-quarter-winner,https://kalshi.com/markets/kxnfl3q/pro-football-3rd-quarter-winner/kxnfl3q-26sep14denkc,Will Kansas City win the 3rd Quarter?,Kansas City wins 3rd Quarter,KXNFL3Q-26SEP14DENKC,,KXNFL3Q,Pro Football 3rd Quarter Winner,Sports,"[""Football""]",settled,binary,0,1,0.99,0.99,0.01,0.99,1,82012.9,81788.21,46025.86,0,2026-09-02T18:39:00Z,2026-09-15T02:58:24Z,2026-09-17T00:15:00Z,,yes,KC Chiefs wins 3rd Quarter,structured,,,,True,2026-09-15T17:18:37+00:00
kalshi,KXMLBTOTAL-26SEP142138SEALAA-9,https://kalshi.com/markets/kxmlbtotal/pro-baseball-total-points,https://kalshi.com/markets/kxmlbtotal/pro-baseball-total-points/kxmlbtotal-26sep142138sealaa,Over 8.5 runs scored,Over 8.5 runs scored,KXMLBTOTAL-26SEP142138SEALAA,Seattle vs Los Angeles A: Total Runs,KXMLBTOTAL,Pro Baseball Total Points,Sports,"[""Baseball""]",settled,binary,0,1,0.99,0.99,0.01,0.99,1,92460.96,81763.96,56900.28,0,2026-09-13T20:50:00Z,2026-09-15T03:14:31Z,2026-09-18T01:38:00Z,,yes,9,greater,8.5,,,True,2026-09-15T17:18:35+00:00
kalshi,KXBTCD-26SEP1511-T76599.99,https://kalshi.com/markets/kxbtcd/bitcoin-price-above-below,https://kalshi.com/markets/kxbtcd/bitcoin-price-above-below/kxbtcd-26sep1511,"Bitcoin price on Sep 15, 2026?","$76,600 or above",KXBTCD-26SEP1511,"BTC price on Sep 15, 2026 at 11am EDT?",KXBTCD,Bitcoin price Above/below,Crypto,"[""Hourly"", ""BTC""]",settled,binary,0,1,0.01,0.01,0.99,0.01,1,81695.9,81695.9,29285.26,0,2026-09-15T14:00:00Z,2026-09-15T15:00:00Z,2026-09-22T15:00:00Z,,no,75894.71,greater,76599.99,,BRTI,True,2026-09-15T17:18:18+00:00
kalshi,KXBTCD-26SEP1502-T77199.99,https://kalshi.com/markets/kxbtcd/bitcoin-price-above-below,https://kalshi.com/markets/kxbtcd/bitcoin-price-above-below/kxbtcd-26sep1502,"Bitcoin price on Sep 15, 2026?","$77,200 or above",KXBTCD-26SEP1502,"BTC price on Sep 15, 2026 at 2am EDT?",KXBTCD,Bitcoin price Above/below,Crypto,"[""Hourly"", ""BTC""]",settled,binary,0,1,0.99,0.99,0.01,0.99,1,81685.57,81685.57,34504.92,0,2026-09-15T05:00:00Z,2026-09-15T06:00:00Z,2026-09-22T06:00:00Z,,yes,77619.00,greater,77199.99,,BRTI,True,2026-09-15T17:18:29+00:00
kalshi,KXETH15M-26SEP150900-00,https://kalshi.com/markets/kxeth15m/eth-15m-price-up-down,https://kalshi.com/markets/kxeth15m/eth-15m-price-up-down/kxeth15m-26sep150900,ETH price up in next 15 mins?,"Target Price: $2,475.63",KXETH15M-26SEP150900,,KXETH15M,ETH 15M price up down,Crypto,"[""ETH"", ""15 min"", ""15 Min Markets""]",settled,binary,0,1,0.999,0.999,0.001,0.999,1,81681.94,81681.94,34184.66,0,2026-09-15T12:45:00Z,2026-09-15T13:00:00Z,2026-09-22T13:00:00Z,,yes,2478.99,greater_or_equal,2475.63,,,True,2026-09-15T17:18:20+00:00
kalshi,KXXRP15M-26SEP142015-15,https://kalshi.com/markets/kxxrp15m/xrp-15-minute,https://kalshi.com/markets/kxxrp15m/xrp-15-minute/kxxrp15m-26sep142015,XRP price up in next 15 mins?,Target Price: $1.4227,KXXRP15M-26SEP142015,,KXXRP15M,XRP 15 Minute,Crypto,"[""15 min"", ""XRP"", ""15 Min Markets""]",settled,binary,0,1,0.001,0.001,0.999,0.001,1,81674.9,81674.9,22440.56,0,2026-09-15T00:00:00Z,2026-09-15T00:15:00Z,2026-09-22T00:15:00Z,,no,1.4224,greater_or_equal,1.4227,,,True,2026-09-15T17:18:45+00:00
kalshi,KXBTCD-26SEP1422-T78199.99,https://kalshi.com/markets/kxbtcd/bitcoin-price-above-below,https://kalshi.com/markets/kxbtcd/bitcoin-price-above-below/kxbtcd-26sep1422,"Bitcoin price on Sep 14, 2026?","$78,200 or above",KXBTCD-26SEP1422,"BTC price on Sep 14, 2026 at 10pm EDT?",KXBTCD,Bitcoin price Above/below,Crypto,"[""Hourly"", ""BTC""]",settled,binary,0,1,0.01,0.01,0.99,0.01,1,81643.29,81643.29,34839.7,0,2026-09-15T01:00:00Z,2026-09-15T02:00:00Z,2026-09-22T02:00:00Z,,no,77907.82,greater,78199.99,,BRTI,True,2026-09-15T17:18:41+00:00
kalshi,KXNPBGAME-26SEP150500CHIHOK-HOK,https://kalshi.com/markets/kxnpbgame/japan-npb-game,https://kalshi.com/markets/kxnpbgame/japan-npb-game/kxnpbgame-26sep150500chihok,Hokkaido Nippon-Ham Fighters wins,Hokkaido Nippon-Ham Fighters,KXNPBGAME-26SEP150500CHIHOK,,KXNPBGAME,Japan NPB Game,Sports,"[""Baseball""]",settled,binary,0,1,0.01,0.01,0.99,0.01,1,81671.37,81633.41,57704.5,0,2026-09-12T04:11:00Z,2026-09-15T13:14:35Z,2026-09-17T09:00:00Z,,no,Chiba Lotte Marines,structured,,,,True,2026-09-15T17:18:19+00:00
kalshi,KXWTI15M-26SEP141645-45,https://kalshi.com/markets/kxwti15m/wti-15-minute,https://kalshi.com/markets/kxwti15m/wti-15-minute/kxwti15m-26sep141645,WTI Oil price up in next 15 mins?,Target Price: $98.16,KXWTI15M-26SEP141645,,KXWTI15M,WTI 15-minute,Commodities,"[""Oil & Gas""]",settled,binary,0,1,0.998,0.998,0.002,0.998,1,81508.25,81508.25,28293.73,0,2026-09-14T20:30:00Z,2026-09-14T20:45:00Z,2026-09-21T20:45:00Z,,yes,98.27,greater_or_equal,98.16,,,True,2026-09-15T17:18:52+00:00
kalshi,KXMLBTOTAL-26SEP141907DETTOR-6,https://kalshi.com/markets/kxmlbtotal/pro-baseball-total-points,https://kalshi.com/markets/kxmlbtotal/pro-baseball-total-points/kxmlbtotal-26sep141907dettor,Over 5.5 runs scored,Over 5.5 runs scored,KXMLBTOTAL-26SEP141907DETTOR,Detroit vs Toronto: Total Runs,KXMLBTOTAL,Pro Baseball Total Points,Sports,"[""Baseball""]",settled,binary,0,1,0.99,0.99,0.01,0.99,1,81799.82,81426.37,59944.83,0,2026-09-13T20:00:00Z,2026-09-15T01:24:53Z,2026-09-17T23:07:00Z,,yes,6,greater,5.5,,,True,2026-09-15T17:18:42+00:00
kalshi,KXWTI15M-26SEP141345-45,https://kalshi.com/markets/kxwti15m/wti-15-minute,https://kalshi.com/markets/kxwti15m/wti-15-minute/kxwti15m-26sep141345,WTI Oil price up in next 15 mins?,Target Price: $97.89,KXWTI15M-26SEP141345,,KXWTI15M,WTI 15-minute,Commodities,"[""Oil & Gas""]",settled,binary,0,1,0.972,0.972,0.028,0.972,1,81418.98,81418.98,26580.23,0,2026-09-14T17:30:00Z,2026-09-14T17:45:00Z,2026-09-21T17:45:00Z,,yes,97.89,greater_or_equal,97.89,,,True,2026-09-15T17:18:59+00:00
kalshi,KXXRP15M-26SEP141945-45,https://kalshi.com/markets/kxxrp15m/xrp-15-minute,https://kalshi.com/markets/kxxrp15m/xrp-15-minute/kxxrp15m-26sep141945,XRP price up in next 15 mins?,Target Price: $1.4252,KXXRP15M-26SEP141945,,KXXRP15M,XRP 15 Minute,Crypto,"[""15 min"", ""XRP"", ""15 Min Markets""]",settled,binary,0,1,0.001,0.001,0.999,0.001,1,81345.24,81345.24,27614.07,0,2026-09-14T23:30:00Z,2026-09-14T23:45:00Z,2026-09-21T23:45:00Z,,no,1.4240,greater_or_equal,1.4252,,,True,2026-09-15T17:18:46+00:00
kalshi,KXBRASILEIROBGAME-26SEP14BOTGGO-TIE,https://kalshi.com/markets/kxbrasileirobgame/brasileiro-serie-b-game,https://kalshi.com/markets/kxbrasileirobgame/brasileiro-serie-b-game/kxbrasileirobgame-26sep14botggo,Tie is the result,Tie,KXBRASILEIROBGAME-26SEP14BOTGGO,Botafogo vs Goias,KXBRASILEIROBGAME,Brasileiro Serie B Game,Sports,"[""Soccer""]",settled,binary,0,1,0.01,0.01,0.99,0.01,1,81319.55,81304.94,45855.28,0,2026-09-08T05:34:00Z,2026-09-15T00:32:18Z,2026-09-16T22:30:00Z,,no,Goias,structured,,,,True,2026-09-15T17:18:44+00:00
kalshi,KXWTI15M-26SEP151200-00,https://kalshi.com/markets/kxwti15m/wti-15-minute,https://kalshi.com/markets/kxwti15m/wti-15-minute/kxwti15m-26sep151200,WTI Oil price up in next 15 mins?,Target Price: $99.51,KXWTI15M-26SEP151200,,KXWTI15M,WTI 15-minute,Commodities,"[""Oil & Gas""]",settled,binary,0,1,0.996,0.996,0.004,0.996,1,81268.47,81268.47,39240.18,0,2026-09-15T15:45:00Z,2026-09-15T16:00:00Z,2026-09-22T16:00:00Z,,yes,100.04,greater_or_equal,99.51,,,True,2026-09-15T17:18:17+00:00
kalshi,KXSOL15M-26SEP142030-30,https://kalshi.com/markets/kxsol15m/solana-15-minutes,https://kalshi.com/markets/kxsol15m/solana-15-minutes/kxsol15m-26sep142030,SOL price up in next 15 mins?,Target Price: $102.5598,KXSOL15M-26SEP142030,,KXSOL15M,Solana 15 minutes,Crypto,"[""15 min"", ""SOL"", ""15 Min Markets""]",settled,binary,0,1,0.999,0.999,0.001,0.999,1,81262.85,81262.85,21654.91,0,2026-09-15T00:15:00Z,2026-09-15T00:30:00Z,2026-09-22T00:30:00Z,,yes,102.6118,greater_or_equal,102.5598,,,True,2026-09-15T17:18:44+00:00
kalshi,KXCS2GAME-26SEP141945QUINUND-UND,https://kalshi.com/markets/kxcs2game/counter-strike-2-game,https://kalshi.com/markets/kxcs2game/counter-strike-2-game/kxcs2game-26sep141945quinund,underw0rld wins,underw0rld,KXCS2GAME-26SEP141945QUINUND,,KXCS2GAME,Counter-Strike 2 Game,Sports,"[""Esports""]",settled,binary,0,1,0.99,0.99,0.01,0.99,1,81183.44,81183.44,43931.13,0,2026-09-14T11:55:00Z,2026-09-15T02:49:31Z,2026-09-16T23:45:00Z,,yes,underw0rld,structured,,,,True,2026-09-15T17:18:37+00:00
kalshi,KXMLBSPREAD-26SEP141910BALNYM-BAL2,https://kalshi.com/markets/kxmlbspread/pro-baseball-spread,https://kalshi.com/markets/kxmlbspread/pro-baseball-spread/kxmlbspread-26sep141910balnym,Baltimore wins by over 1.5 runs?,Baltimore wins by over 1.5 runs,KXMLBSPREAD-26SEP141910BALNYM,,KXMLBSPREAD,Pro Baseball Spread,Sports,"[""Baseball""]",settled,binary,0,1,0.01,0.01,0.99,0.01,1,81461.71,81087.33,35625.51,0,2026-09-13T20:00:00Z,2026-09-15T02:00:24Z,2026-09-17T23:10:00Z,,no,1,greater,1.5,,,True,2026-09-15T17:18:40+00:00
kalshi,KXSILVER15M-26SEP142315-15,https://kalshi.com/markets/kxsilver15m/silver-15-minute,https://kalshi.com/markets/kxsilver15m/silver-15-minute/kxsilver15m-26sep142315,Silver price up in next 15 mins?,Target Price: $63.546,KXSILVER15M-26SEP142315,,KXSILVER15M,Silver 15-minute,Commodities,"[""Metals""]",settled,binary,0,1,0.001,0.001,0.999,0.001,1,81024.31,81024.31,21789.82,0,2026-09-15T03:00:00Z,2026-09-15T03:15:00Z,2026-09-22T03:15:00Z,,no,63.516,greater_or_equal,63.546,,,True,2026-09-15T17:18:35+00:00
kalshi,KXATPCHALLENGERMATCH-26SEP15SACJIA-SAC,https://kalshi.com/markets/kxatpchallengermatch/challenger-atp,https://kalshi.com/markets/kxatpchallengermatch/challenger-atp/kxatpchallengermatch-26sep15sacjia,Vitaliy Sachko wins,Vitaliy Sachko,KXATPCHALLENGERMATCH-26SEP15SACJIA,,KXATPCHALLENGERMATCH,Challenger ATP ,Sports,"[""Tennis""]",settled,binary,0,1,0.99,0.99,0.01,0.99,1,80904.83,80904.83,51978.02,0,2026-09-14T20:40:00Z,2026-09-15T09:50:53Z,2026-09-29T08:30:00Z,,yes,Vitaliy Sachko,structured,,,,True,2026-09-15T17:18:23+00:00
kalshi,KXLOLGAME-26SEP141100KOIABIG-KOIA,https://kalshi.com/markets/kxlolgame/league-of-legends-game,https://kalshi.com/markets/kxlolgame/league-of-legends-game/kxlolgame-26sep141100koiabig,Movistar KOI Fénix wins,Movistar KOI Fénix,KXLOLGAME-26SEP141100KOIABIG,,KXLOLGAME,League of Legends Game,Sports,"[""Esports""]",settled,binary,0,1,0.99,0.99,0.01,0.99,1,92453.81,80733.55,46327.62,0,2026-09-13T22:25:00Z,2026-09-14T19:59:43Z,2026-09-16T15:00:00Z,,yes,Movistar KOI Fénix,structured,,,,True,2026-09-15T17:18:54+00:00
kalshi,KXBTCD-26SEP1416-T78799.99,https://kalshi.com/markets/kxbtcd/bitcoin-price-above-below,https://kalshi.com/markets/kxbtcd/bitcoin-price-above-below/kxbtcd-26sep1416,"Bitcoin price on Sep 14, 2026?","$78,800 or above",KXBTCD-26SEP1416,"BTC price on Sep 14, 2026 at 4pm EDT?",KXBTCD,Bitcoin price Above/below,Crypto,"[""Hourly"", ""BTC""]",settled,binary,0,1,0.99,0.99,0.01,0.99,1,80655.8,80655.8,47726.64,0,2026-09-14T19:00:00Z,2026-09-14T20:00:00Z,2026-09-21T20:00:00Z,,yes,78999.88,greater,78799.99,,BRTI,True,2026-09-15T17:18:54+00:00
kalshi,KXWTACHALLENGERMATCH-26SEP15LOVGAL-GAL,https://kalshi.com/markets/kxwtachallengermatch/challenger-wta,https://kalshi.com/markets/kxwtachallengermatch/challenger-wta/kxwtachallengermatch-26sep15lovgal,Dalma Galfi wins,Dalma Galfi,KXWTACHALLENGERMATCH-26SEP15LOVGAL,,KXWTACHALLENGERMATCH,Challenger WTA,Sports,"[""Tennis""]",settled,binary,0,1,0.99,0.99,0.01,0.99,1,80653.58,80653.58,57360.94,0,2026-09-14T23:40:00Z,2026-09-15T15:15:14Z,2026-09-29T11:30:00Z,,yes,Dalma Galfi,structured,,,,True,2026-09-15T17:18:18+00:00
kalshi,KXGOLD15M-26SEP150700-00,https://kalshi.com/markets/kxgold15m/gold-15-minute,https://kalshi.com/markets/kxgold15m/gold-15-minute/kxgold15m-26sep150700,Gold price up in next 15 mins?,"Target Price: $4,275.19",KXGOLD15M-26SEP150700,,KXGOLD15M,Gold 15-minute,Commodities,"[""Metals""]",settled,binary,0,1,0.998,0.998,0.002,0.998,1,80564.99,80564.99,38748.24,0,2026-09-15T10:45:00Z,2026-09-15T11:00:00Z,2026-09-22T11:00:00Z,,yes,4281.51,greater_or_equal,4275.19,,,True,2026-09-15T17:18:21+00:00
kalshi,KXBTCD-26SEP1422-T77599.99,https://kalshi.com/markets/kxbtcd/bitcoin-price-above-below,https://kalshi.com/markets/kxbtcd/bitcoin-price-above-below/kxbtcd-26sep1422,"Bitcoin price on Sep 14, 2026?","$77,600 or above",KXBTCD-26SEP1422,"BTC price on Sep 14, 2026 at 10pm EDT?",KXBTCD,Bitcoin price Above/below,Crypto,"[""Hourly"", ""BTC""]",settled,binary,0,1,0.99,0.99,0.01,0.99,1,80087.26,80087.26,29072.31,0,2026-09-15T01:00:00Z,2026-09-15T02:00:00Z,2026-09-22T02:00:00Z,,yes,77907.82,greater,77599.99,,BRTI,True,2026-09-15T17:18:41+00:00
kalshi,KXXRP15M-26SEP142215-15,https://kalshi.com/markets/kxxrp15m/xrp-15-minute,https://kalshi.com/markets/kxxrp15m/xrp-15-minute/kxxrp15m-26sep142215,XRP price up in next 15 mins?,Target Price: $1.4223,KXXRP15M-26SEP142215,,KXXRP15M,XRP 15 Minute,Crypto,"[""15 min"", ""XRP"", ""15 Min Markets""]",settled,binary,0,1,0.999,0.999,0.001,0.999,1,80083.44,80083.44,39053.62,0,2026-09-15T02:00:00Z,2026-09-15T02:15:00Z,2026-09-22T02:15:00Z,,yes,1.4289,greater_or_equal,1.4223,,,True,2026-09-15T17:18:40+00:00
kalshi,KXNFL3Q-26SEP14DENKC-TIE,https://kalshi.com/markets/kxnfl3q/pro-football-3rd-quarter-winner,https://kalshi.com/markets/kxnfl3q/pro-football-3rd-quarter-winner/kxnfl3q-26sep14denkc,Will neither team win the 3rd Quarter?,Tie 3rd Quarter,KXNFL3Q-26SEP14DENKC,,KXNFL3Q,Pro Football 3rd Quarter Winner,Sports,"[""Football""]",settled,binary,0,1,0.01,0.01,0.99,0.01,1,80310.86,80080.55,51507.3,0,2026-09-02T18:39:00Z,2026-09-15T02:58:24Z,2026-09-17T00:15:00Z,,no,KC Chiefs wins 3rd Quarter,structured,,,,True,2026-09-15T17:18:37+00:00
kalshi,KXITFMATCH-26SEP14VICSAV-SAV,https://kalshi.com/markets/kxitfmatch/itf-men-s-match,https://kalshi.com/markets/kxitfmatch/itf-men-s-match/kxitfmatch-26sep14vicsav,Daniil Savelev wins,Daniil Savelev,KXITFMATCH-26SEP14VICSAV,,KXITFMATCH,ITF Men's Match,Sports,"[""Tennis""]",settled,binary,0,1,0.01,0.01,0.99,0.01,1,80053.17,80053.17,45325.37,0,2026-09-14T10:13:00Z,2026-09-15T03:51:30Z,2026-09-29T02:00:00Z,,no,Lachlan Vickery,structured,,,,True,2026-09-15T17:18:34+00:00
kalshi,KXETH15M-26SEP141530-30,https://kalshi.com/markets/kxeth15m/eth-15m-price-up-down,https://kalshi.com/markets/kxeth15m/eth-15m-price-up-down/kxeth15m-26sep141530,ETH price up in next 15 mins?,"Target Price: $2,539.40",KXETH15M-26SEP141530,,KXETH15M,ETH 15M price up down,Crypto,"[""ETH"", ""15 min"", ""15 Min Markets""]",settled,binary,0,1,0.999,0.999,0.001,0.999,1,79956.87,79956.87,37981.63,0,2026-09-14T19:15:00Z,2026-09-14T19:30:00Z,2026-09-21T19:30:00Z,,yes,2545.22,greater_or_equal,2539.4,,,True,2026-09-15T17:18:55+00:00
kalshi,KXSILVER15M-26SEP150400-00,https://kalshi.com/markets/kxsilver15m/silver-15-minute,https://kalshi.com/markets/kxsilver15m/silver-15-minute/kxsilver15m-26sep150400,Silver price up in next 15 mins?,Target Price: $62.883,KXSILVER15M-26SEP150400,,KXSILVER15M,Silver 15-minute,Commodities,"[""Metals""]",settled,binary,0,1,0.001,0.001,0.999,0.001,1,79895.25,79895.25,44286.84,0,2026-09-15T07:45:00Z,2026-09-15T08:00:00Z,2026-09-22T08:00:00Z,,no,62.817,greater_or_equal,62.883,,,True,2026-09-15T17:18:25+00:00
kalshi,KXWTI15M-26SEP150200-00,https://kalshi.com/markets/kxwti15m/wti-15-minute,https://kalshi.com/markets/kxwti15m/wti-15-minute/kxwti15m-26sep150200,WTI Oil price up in next 15 mins?,Target Price: $98.57,KXWTI15M-26SEP150200,,KXWTI15M,WTI 15-minute,Commodities,"[""Oil & Gas""]",settled,binary,0,1,0.003,0.003,0.997,0.003,1,79627.09,79627.09,27894.94,0,2026-09-15T05:45:00Z,2026-09-15T06:00:00Z,2026-09-22T06:00:00Z,,no,98.47,greater_or_equal,98.57,,,True,2026-09-15T17:18:28+00:00
kalshi,KXITFWMATCH-26SEP15DIAMOR-MOR,https://kalshi.com/markets/kxitfwmatch/itf-women-s-match,https://kalshi.com/markets/kxitfwmatch/itf-women-s-match/kxitfwmatch-26sep15diamor,Maria Moraes wins,Maria Moraes,KXITFWMATCH-26SEP15DIAMOR,,KXITFWMATCH,ITF Women's Match,Sports,"[""Tennis""]",settled,binary,0,1,0.01,0.01,0.99,0.01,1,79555.6,79555.6,68583.93,0,2026-09-14T23:42:00Z,2026-09-15T16:55:49Z,2026-09-29T15:30:00Z,,no,Sabrina Dias,structured,,,,True,2026-09-15T17:18:17+00:00
kalshi,KXITFMATCH-26SEP14BEAWEI-WEI,https://kalshi.com/markets/kxitfmatch/itf-men-s-match,https://kalshi.com/markets/kxitfmatch/itf-men-s-match/kxitfmatch-26sep14beawei,Hua-Yu Wei wins,Hua-Yu Wei,KXITFMATCH-26SEP14BEAWEI,,KXITFMATCH,ITF Men's Match,Sports,"[""Tennis""]",settled,binary,0,1,0.01,0.01,0.99,0.01,1,79554.02,79554.02,46987.1,0,2026-09-14T11:12:00Z,2026-09-15T05:01:28Z,2026-09-29T03:00:00Z,,no,Nick Beamish,structured,,,,True,2026-09-15T17:18:30+00:00
kalshi,KXWTI15M-26SEP142145-45,https://kalshi.com/markets/kxwti15m/wti-15-minute,https://kalshi.com/markets/kxwti15m/wti-15-minute/kxwti15m-26sep142145,WTI Oil price up in next 15 mins?,Target Price: $98.00,KXWTI15M-26SEP142145,,KXWTI15M,WTI 15-minute,Commodities,"[""Oil & Gas""]",settled,binary,0,1,0.996,0.996,0.004,0.996,1,79464.07,79464.07,21771.06,0,2026-09-15T01:30:00Z,2026-09-15T01:45:00Z,2026-09-22T01:45:00Z,,yes,98.30,greater_or_equal,98,,,True,2026-09-15T17:18:42+00:00
kalshi,KXATPCHALLENGERMATCH-26SEP15BASMAR-MAR,https://kalshi.com/markets/kxatpchallengermatch/challenger-atp,https://kalshi.com/markets/kxatpchallengermatch/challenger-atp/kxatpchallengermatch-26sep15basmar,Juan Cruz Martin Manzano wins,Juan Cruz Martin Manzano,KXATPCHALLENGERMATCH-26SEP15BASMAR,,KXATPCHALLENGERMATCH,Challenger ATP ,Sports,"[""Tennis""]",settled,binary,0,1,0.99,0.99,0.01,0.99,1,79371.18,79371.18,52292.63,0,2026-09-15T08:50:00Z,2026-09-15T13:10:17Z,2026-09-29T09:10:00Z,,yes,Juan Cruz Martin Manzano,structured,,,,True,2026-09-15T17:18:19+00:00
kalshi,KXXRP15M-26SEP141330-30,https://kalshi.com/markets/kxxrp15m/xrp-15-minute,https://kalshi.com/markets/kxxrp15m/xrp-15-minute/kxxrp15m-26sep141330,XRP price up in next 15 mins?,Target Price: $1.4224,KXXRP15M-26SEP141330,,KXXRP15M,XRP 15 Minute,Crypto,"[""15 min"", ""XRP"", ""15 Min Markets""]",settled,binary,0,1,0.001,0.001,0.999,0.001,1,79344.05,79344.05,32253.25,0,2026-09-14T17:15:00Z,2026-09-14T17:30:00Z,2026-09-21T17:30:00Z,,no,1.4216,greater_or_equal,1.4224,,,True,2026-09-15T17:18:59+00:00
kalshi,KXXRP15M-26SEP142130-30,https://kalshi.com/markets/kxxrp15m/xrp-15-minute,https://kalshi.com/markets/kxxrp15m/xrp-15-minute/kxxrp15m-26sep142130,XRP price up in next 15 mins?,Target Price: $1.4169,KXXRP15M-26SEP142130,,KXXRP15M,XRP 15 Minute,Crypto,"[""15 min"", ""XRP"", ""15 Min Markets""]",settled,binary,0,1,0.999,0.999,0.001,0.999,1,79300.89,79300.89,26250.54,0,2026-09-15T01:15:00Z,2026-09-15T01:30:00Z,2026-09-22T01:30:00Z,,yes,1.4180,greater_or_equal,1.4169,,,True,2026-09-15T17:18:42+00:00
kalshi,KXWTI15M-26SEP142345-45,https://kalshi.com/markets/kxwti15m/wti-15-minute,https://kalshi.com/markets/kxwti15m/wti-15-minute/kxwti15m-26sep142345,WTI Oil price up in next 15 mins?,Target Price: $98.32,KXWTI15M-26SEP142345,,KXWTI15M,WTI 15-minute,Commodities,"[""Oil & Gas""]",settled,binary,0,1,0.995,0.995,0.005,0.995,1,79248.53,79248.53,23628.94,0,2026-09-15T03:30:00Z,2026-09-15T03:45:00Z,2026-09-22T03:45:00Z,,yes,98.42,greater_or_equal,98.32,,,True,2026-09-15T17:18:35+00:00
kalshi,KXWTI15M-26SEP151245-45,https://kalshi.com/markets/kxwti15m/wti-15-minute,https://kalshi.com/markets/kxwti15m/wti-15-minute/kxwti15m-26sep151245,WTI Oil price up in next 15 mins?,Target Price: $100.42,KXWTI15M-26SEP151245,,KXWTI15M,WTI 15-minute,Commodities,"[""Oil & Gas""]",settled,binary,0,1,0.998,0.998,0.002,0.998,1,78945.76,78945.76,38757.28,0,2026-09-15T16:30:00Z,2026-09-15T16:45:00Z,2026-09-22T16:45:00Z,,yes,100.91,greater_or_equal,100.42,,,True,2026-09-15T17:18:17+00:00
kalshi,KXXRP15M-26SEP150115-15,https://kalshi.com/markets/kxxrp15m/xrp-15-minute,https://kalshi.com/markets/kxxrp15m/xrp-15-minute/kxxrp15m-26sep150115,XRP price up in next 15 mins?,Target Price: $1.4142,KXXRP15M-26SEP150115,,KXXRP15M,XRP 15 Minute,Crypto,"[""15 min"", ""XRP"", ""15 Min Markets""]",settled,binary,0,1,0.001,0.001,0.999,0.001,1,78937.16,78937.16,44536.9,0,2026-09-15T05:00:00Z,2026-09-15T05:15:00Z,2026-09-22T05:15:00Z,,no,1.4033,greater_or_equal,1.4142,,,True,2026-09-15T17:18:30+00:00
kalshi,KXNFLRSHYDS-26SEP14DENKC-KCEJOHNSON10-15,https://kalshi.com/markets/kxnflrshyds/pro-football-rushing-yards,https://kalshi.com/markets/kxnflrshyds/pro-football-rushing-yards/kxnflrshyds-26sep14denkc,Emmett Johnson: 15+ rushing yards,Emmett Johnson: 15+,KXNFLRSHYDS-26SEP14DENKC,,KXNFLRSHYDS,Pro Football Rushing Yards,Sports,"[""Football""]",settled,binary,0,1,0.99,0.99,0.01,0.99,1,81958.65,78885.95,57154.33,0,2026-09-14T12:15:00Z,2026-09-15T03:35:24Z,2026-09-17T00:15:00Z,,yes,rushing_yards,greater,14.5,,,True,2026-09-15T17:18:35+00:00
kalshi,KXMLBSPREAD-26SEP142140MIAAZ-MIA4,https://kalshi.com/markets/kxmlbspread/pro-baseball-spread,https://kalshi.com/markets/kxmlbspread/pro-baseball-spread/kxmlbspread-26sep142140miaaz,Miami wins by over 3.5 runs?,Miami wins by over 3.5 runs,KXMLBSPREAD-26SEP142140MIAAZ,Miami vs Arizona: Spread,KXMLBSPREAD,Pro Baseball Spread,Sports,"[""Baseball""]",settled,binary,0,1,0.01,0.01,0.99,0.01,1,78966.68,78871.49,27587.76,0,2026-09-13T20:00:00Z,2026-09-15T04:49:33Z,2026-09-18T01:40:00Z,,no,1,greater,3.5,,,True,2026-09-15T17:18:32+00:00
kalshi,KXWTASETWINNER-26SEP13KALDAY-2-KAL,https://kalshi.com/markets/kxwtasetwinner/wta-set-winner,https://kalshi.com/markets/kxwtasetwinner/wta-set-winner/kxwtasetwinner-26sep13kalday-2,Will Elvina Kalieva win set 2 in the Elvina Kalieva vs Kayla Day match,Elvina Kalieva,KXWTASETWINNER-26SEP13KALDAY-2,,KXWTASETWINNER,WTA Set Winner,Sports,"[""Tennis""]",settled,binary,0,1,0.01,0.01,0.99,0.01,1,78853.42,78853.42,56256.41,0,2026-09-12T16:20:00Z,2026-09-14T21:01:19Z,2026-09-27T16:00:00Z,,no,"Day, Kayla",structured,,,,True,2026-09-15T17:18:50+00:00
kalshi,KXNFL3QTOTAL-26SEP14DENKC-11,https://kalshi.com/markets/kxnfl3qtotal/pro-football-3rd-quarter-total,https://kalshi.com/markets/kxnfl3qtotal/pro-football-3rd-quarter-total/kxnfl3qtotal-26sep14denkc,Will there be over 10.5 3Q points scored?,Over 10.5 3Q points scored,KXNFL3QTOTAL-26SEP14DENKC,,KXNFL3QTOTAL,Pro Football 3rd Quarter Total,Sports,"[""Football""]",settled,binary,0,1,0.99,0.99,0.01,0.99,1,78649.94,78621.83,41724.99,0,2026-09-02T18:39:00Z,2026-09-15T02:58:26Z,2026-09-17T00:15:00Z,,yes,13,greater,10.5,,,True,2026-09-15T17:18:37+00:00
kalshi,KXBTCD-26SEP1510-T75999.99,https://kalshi.com/markets/kxbtcd/bitcoin-price-above-below,https://kalshi.com/markets/kxbtcd/bitcoin-price-above-below/kxbtcd-26sep1510,"Bitcoin price on Sep 15, 2026?","$76,000 or above",KXBTCD-26SEP1510,"BTC price on Sep 15, 2026 at 10am EDT?",KXBTCD,Bitcoin price Above/below,Crypto,"[""Hourly"", ""BTC""]",settled,binary,0,1,0.99,0.99,0.01,0.99,1,78500.63,78500.63,27480.41,0,2026-09-15T13:00:00Z,2026-09-15T14:00:00Z,2026-09-22T14:00:00Z,,yes,76500.68,greater,75999.99,,BRTI,True,2026-09-15T17:18:19+00:00
kalshi,KXSOL15M-26SEP151200-00,https://kalshi.com/markets/kxsol15m/solana-15-minutes,https://kalshi.com/markets/kxsol15m/solana-15-minutes/kxsol15m-26sep151200,SOL price up in next 15 mins?,Target Price: $99.3702,KXSOL15M-26SEP151200,,KXSOL15M,Solana 15 minutes,Crypto,"[""15 min"", ""SOL"", ""15 Min Markets""]",settled,binary,0,1,0.001,0.001,0.999,0.001,1,78459.02,78459.02,19515.75,0,2026-09-15T15:45:00Z,2026-09-15T16:00:00Z,2026-09-22T16:00:00Z,,no,99.3613,greater_or_equal,99.3702,,,True,2026-09-15T17:18:17+00:00
kalshi,KXATPCHALLENGERMATCH-26SEP14WOLAMB-WOL,https://kalshi.com/markets/kxatpchallengermatch/challenger-atp,https://kalshi.com/markets/kxatpchallengermatch/challenger-atp/kxatpchallengermatch-26sep14wolamb,Jeffrey John Wolf wins,Jeffrey John Wolf,KXATPCHALLENGERMATCH-26SEP14WOLAMB,Wolf vs Ambrogi,KXATPCHALLENGERMATCH,Challenger ATP ,Sports,"[""Tennis""]",settled,binary,0,1,0.99,0.99,0.01,0.99,1,78677.41,78425.77,63921.06,0,2026-09-14T07:30:00Z,2026-09-14T21:40:20Z,2026-09-28T19:20:00Z,,yes,Jeffrey John Wolf,structured,,,,True,2026-09-15T17:18:50+00:00
kalshi,KXHIGHMIA-26SEP14-B88.5,https://kalshi.com/markets/kxhighmia/highest-temperature-in-miami,https://kalshi.com/markets/kxhighmia/highest-temperature-in-miami/kxhighmia-26sep14,"Will the maximum temperature be 88-89° on Sep 14, 2026?",88° to 89°,KXHIGHMIA-26SEP14,,KXHIGHMIA,Highest temperature in Miami,Climate and Weather,"[""Daily temperature""]",settled,binary,0,1,0.01,0.01,0.99,0.01,1,104633.42,78420.37,61295.12,0,2026-09-13T14:00:00Z,2026-09-15T05:00:00Z,2026-09-21T14:00:00Z,,no,90.00,between,88,89,CLIMIA,True,2026-09-15T17:18:30+00:00
kalshi,KXITFWMATCH-26SEP15STAPAR-STA,https://kalshi.com/markets/kxitfwmatch/itf-women-s-match,https://kalshi.com/markets/kxitfwmatch/itf-women-s-match/kxitfwmatch-26sep15stapar,Beatrice Stagno wins,Beatrice Stagno,KXITFWMATCH-26SEP15STAPAR,,KXITFWMATCH,ITF Women's Match,Sports,"[""Tennis""]",settled,binary,0,1,0.99,0.99,0.01,0.99,1,78342.47,78342.47,42070.4,0,2026-09-14T20:02:00Z,2026-09-15T09:40:59Z,2026-09-29T07:30:00Z,,yes,Beatrice Stagno,structured,,,,True,2026-09-15T17:18:23+00:00
kalshi,KXETH15M-26SEP141545-45,https://kalshi.com/markets/kxeth15m/eth-15m-price-up-down,https://kalshi.com/markets/kxeth15m/eth-15m-price-up-down/kxeth15m-26sep141545,ETH price up in next 15 mins?,"Target Price: $2,545.22",KXETH15M-26SEP141545,,KXETH15M,ETH 15M price up down,Crypto,"[""ETH"", ""15 min"", ""15 Min Markets""]",settled,binary,0,1,0.001,0.001,0.999,0.001,1,78082.02,78082.02,44611.83,0,2026-09-14T19:30:00Z,2026-09-14T19:45:00Z,2026-09-21T19:45:00Z,,no,2542.67,greater_or_equal,2545.22,,,True,2026-09-15T17:18:54+00:00
kalshi,KXITFMATCH-26SEP15NAGCHA-CHA,https://kalshi.com/markets/kxitfmatch/itf-men-s-match,https://kalshi.com/markets/kxitfmatch/itf-men-s-match/kxitfmatch-26sep15nagcha,Hitesh Chauhan wins,Hitesh Chauhan,KXITFMATCH-26SEP15NAGCHA,,KXITFMATCH,ITF Men's Match,Sports,"[""Tennis""]",settled,binary,0,1,0.99,0.99,0.01,0.99,1,77968.71,77968.71,57239.96,0,2026-09-14T18:42:00Z,2026-09-15T14:05:16Z,2026-09-29T10:30:00Z,,yes,Hitesh Chauhan,structured,,,,True,2026-09-15T17:18:19+00:00
kalshi,KXNFLPASSYDS-26SEP14DENKC-DENBNIX10-200,https://kalshi.com/markets/kxnflpassyds/pro-football-passing-yards,https://kalshi.com/markets/kxnflpassyds/pro-football-passing-yards/kxnflpassyds-26sep14denkc,Bo Nix: 200+ passing yards,Bo Nix: 200+,KXNFLPASSYDS-26SEP14DENKC,Denver vs Kansas City: Passing Yards,KXNFLPASSYDS,Pro Football Passing Yards,Sports,"[""Football""]",settled,binary,0,1,0.01,0.01,0.99,0.01,1,80106.5,77912.85,41601.44,0,2026-09-04T21:04:00Z,2026-09-15T03:25:21Z,2026-09-17T00:15:00Z,,no,passing_yards,greater,199.5,,,True,2026-09-15T17:18:35+00:00
kalshi,KXMLBTOTAL-26SEP142140MIAAZ-9,https://kalshi.com/markets/kxmlbtotal/pro-baseball-total-points,https://kalshi.com/markets/kxmlbtotal/pro-baseball-total-points/kxmlbtotal-26sep142140miaaz,Over 8.5 runs scored,Over 8.5 runs scored,KXMLBTOTAL-26SEP142140MIAAZ,Miami vs Arizona: Total Runs,KXMLBTOTAL,Pro Baseball Total Points,Sports,"[""Baseball""]",settled,binary,0,1,0.99,0.99,0.01,0.99,1,93569.13,77740.37,56442.03,0,2026-09-13T20:00:00Z,2026-09-15T03:24:34Z,2026-09-18T01:40:00Z,,yes,9,greater,8.5,,,True,2026-09-15T17:18:35+00:00
kalshi,KXATPCHALLENGERMATCH-26SEP15ALMAGA-AGA,https://kalshi.com/markets/kxatpchallengermatch/challenger-atp,https://kalshi.com/markets/kxatpchallengermatch/challenger-atp/kxatpchallengermatch-26sep15almaga,Franco Agamenone wins,Franco Agamenone,KXATPCHALLENGERMATCH-26SEP15ALMAGA,,KXATPCHALLENGERMATCH,Challenger ATP ,Sports,"[""Tennis""]",settled,binary,0,1,0.01,0.01,0.99,0.01,1,77206.03,77206.03,32067.45,0,2026-09-14T20:10:00Z,2026-09-15T09:25:43Z,2026-09-29T08:00:00Z,,no,Izan Almazan Valiente,structured,,,,True,2026-09-15T17:18:23+00:00
kalshi,KXITFWMATCH-26SEP15SHIHOS-SHI,https://kalshi.com/markets/kxitfwmatch/itf-women-s-match,https://kalshi.com/markets/kxitfwmatch/itf-women-s-match/kxitfwmatch-26sep15shihos,Ena Shibahara wins,Ena Shibahara,KXITFWMATCH-26SEP15SHIHOS,,KXITFWMATCH,ITF Women's Match,Sports,"[""Tennis""]",settled,binary,0,1,0.99,0.99,0.01,0.99,1,77139.84,77106.84,48702.78,0,2026-09-14T13:12:00Z,2026-09-15T08:35:56Z,2026-09-29T05:00:00Z,,yes,Ena Shibahara,structured,,,,True,2026-09-15T17:18:24+00:00
kalshi,KXWTI15M-26SEP150145-45,https://kalshi.com/markets/kxwti15m/wti-15-minute,https://kalshi.com/markets/kxwti15m/wti-15-minute/kxwti15m-26sep150145,WTI Oil price up in next 15 mins?,Target Price: $98.77,KXWTI15M-26SEP150145,,KXWTI15M,WTI 15-minute,Commodities,"[""Oil & Gas""]",settled,binary,0,1,0.001,0.001,0.999,0.001,1,77056.56,77056.56,21047.01,0,2026-09-15T05:30:00Z,2026-09-15T05:45:00Z,2026-09-22T05:45:00Z,,no,98.57,greater_or_equal,98.77,,,True,2026-09-15T17:18:29+00:00
kalshi,KXWTASETWINNER-26SEP14ZARDOL-2-ZAR,https://kalshi.com/markets/kxwtasetwinner/wta-set-winner,https://kalshi.com/markets/kxwtasetwinner/wta-set-winner/kxwtasetwinner-26sep14zardol-2,Will Renata Zarazua win set 2 in the Renata Zarazua vs Caroline Dolehide match,Renata Zarazua,KXWTASETWINNER-26SEP14ZARDOL-2,,KXWTASETWINNER,WTA Set Winner,Sports,"[""Tennis""]",settled,binary,0,1,0.99,0.99,0.01,0.99,1,77131.72,76938.5,41918.63,0,2026-09-14T00:40:00Z,2026-09-14T22:31:05Z,2026-09-28T20:10:00Z,,yes,"Zarazua, Renata",structured,,,,True,2026-09-15T17:18:48+00:00
kalshi,KXXRP15M-26SEP141700-00,https://kalshi.com/markets/kxxrp15m/xrp-15-minute,https://kalshi.com/markets/kxxrp15m/xrp-15-minute/kxxrp15m-26sep141700,XRP price up in next 15 mins?,Target Price: $1.4780,KXXRP15M-26SEP141700,,KXXRP15M,XRP 15 Minute,Crypto,"[""15 min"", ""XRP"", ""15 Min Markets""]",settled,binary,0,1,0.001,0.001,0.999,0.001,1,76884.32,76884.32,49437.03,0,2026-09-14T20:45:00Z,2026-09-14T21:00:00Z,2026-09-21T21:00:00Z,,no,1.4634,greater_or_equal,1.478,,,True,2026-09-15T17:18:51+00:00
kalshi,KXHYPE15M-26SEP141630-30,https://kalshi.com/markets/kxhype15m/hype-15-min,https://kalshi.com/markets/kxhype15m/hype-15-min/kxhype15m-26sep141630,HYPE price up in next 15 mins?,Target Price: $82.0353,KXHYPE15M-26SEP141630,,KXHYPE15M,Hype 15 min,Crypto,"[""HYPE"", ""15 min"", ""15 Min Markets""]",settled,binary,0,1,0.999,0.999,0.001,0.999,1,76791.83,76791.83,21560.03,0,2026-09-14T20:15:00Z,2026-09-14T20:30:00Z,2026-09-21T20:30:00Z,,yes,82.2687,greater_or_equal,82.0353,,,True,2026-09-15T17:18:52+00:00
kalshi,KXNFLRSHYDS-26SEP14DENKC-KCKWALKER9-140,https://kalshi.com/markets/kxnflrshyds/pro-football-rushing-yards,https://kalshi.com/markets/kxnflrshyds/pro-football-rushing-yards/kxnflrshyds-26sep14denkc,Kenneth Walker III: 140+ rushing yards,Kenneth Walker III: 140+,KXNFLRSHYDS-26SEP14DENKC,,KXNFLRSHYDS,Pro Football Rushing Yards,Sports,"[""Football""]",settled,binary,0,1,0.99,0.99,0.01,0.99,1,76861.79,76686.34,59279.06,0,2026-09-04T21:04:00Z,2026-09-15T03:35:21Z,2026-09-17T00:15:00Z,,yes,rushing_yards,greater,139.5,,,True,2026-09-15T17:18:35+00:00
kalshi,KXNFL2Q-26SEP14DENKC-KC,https://kalshi.com/markets/kxnfl2q/pro-football-2nd-quarter-winner,https://kalshi.com/markets/kxnfl2q/pro-football-2nd-quarter-winner/kxnfl2q-26sep14denkc,Will Kansas City win the 2nd Quarter?,Kansas City wins 2nd Quarter,KXNFL2Q-26SEP14DENKC,,KXNFL2Q,Pro Football 2nd Quarter Winner,Sports,"[""Football""]",settled,binary,0,1,0.99,0.99,0.01,0.99,1,76690.67,76643.73,47461.77,0,2026-09-02T18:39:00Z,2026-09-15T02:08:38Z,2026-09-17T00:15:00Z,,yes,KC Chiefs wins 2nd Quarter,structured,,,,True,2026-09-15T17:18:40+00:00
kalshi,KXLIGAPORTUGALSPREAD-26SEP14BRAEST-BRA2,https://kalshi.com/markets/kxligaportugalspread/spread,https://kalshi.com/markets/kxligaportugalspread/spread/kxligaportugalspread-26sep14braest,Braga wins by more than 1.5 goals?,Braga wins by more than 1.5 goals,KXLIGAPORTUGALSPREAD-26SEP14BRAEST,,KXLIGAPORTUGALSPREAD,Spread,Sports,"[""Soccer""]",settled,binary,0,1,0.01,0.01,0.99,0.01,1,101154.45,76543.94,53804.17,0,2026-09-11T20:06:00Z,2026-09-14T22:05:06Z,2026-09-16T19:45:00Z,,no,1,greater,1.5,,,True,2026-09-15T17:18:48+00:00
kalshi,KXNFLRECYDS-26SEP14DENKC-DENPBRYANT13-50,https://kalshi.com/markets/kxnflrecyds/pro-football-receiving-yards,https://kalshi.com/markets/kxnflrecyds/pro-football-receiving-yards/kxnflrecyds-26sep14denkc,Pat Bryant: 50+ receiving yards,Pat Bryant: 50+,KXNFLRECYDS-26SEP14DENKC,,KXNFLRECYDS,Pro Football Receiving Yards,Sports,"[""Football""]",settled,binary,0,1,0.01,0.01,0.99,0.01,1,78718.76,76487.86,51240.88,0,2026-09-08T00:55:00Z,2026-09-15T03:27:28Z,2026-09-17T00:15:00Z,,no,receiving_yards,greater,49.5,,,True,2026-09-15T17:18:35+00:00
kalshi,KXNFLRSHYDS-26SEP14DENKC-DENJDOBBINS27-50,https://kalshi.com/markets/kxnflrshyds/pro-football-rushing-yards,https://kalshi.com/markets/kxnflrshyds/pro-football-rushing-yards/kxnflrshyds-26sep14denkc,J.K. Dobbins: 50+ rushing yards,J.K. Dobbins: 50+,KXNFLRSHYDS-26SEP14DENKC,,KXNFLRSHYDS,Pro Football Rushing Yards,Sports,"[""Football""]",settled,binary,0,1,0.01,0.01,0.99,0.01,1,83761.29,76472.56,68386.95,0,2026-09-04T21:04:00Z,2026-09-15T03:35:21Z,2026-09-17T00:15:00Z,,no,rushing_yards,greater,49.5,,,True,2026-09-15T17:18:35+00:00
kalshi,KXITFWMATCH-26SEP15HEREFR-HER,https://kalshi.com/markets/kxitfwmatch/itf-women-s-match,https://kalshi.com/markets/kxitfwmatch/itf-women-s-match/kxitfwmatch-26sep15herefr,Maria Herazo wins,Maria Herazo,KXITFWMATCH-26SEP15HEREFR,,KXITFWMATCH,ITF Women's Match,Sports,"[""Tennis""]",settled,binary,0,1,0.99,0.99,0.01,0.99,1,76405.35,76405.35,39687.24,0,2026-09-14T14:42:00Z,2026-09-15T07:41:11Z,2026-09-29T06:00:00Z,,yes,Maria Herazo,structured,,,,True,2026-09-15T17:18:26+00:00
kalshi,KXSILVER15M-26SEP142130-30,https://kalshi.com/markets/kxsilver15m/silver-15-minute,https://kalshi.com/markets/kxsilver15m/silver-15-minute/kxsilver15m-26sep142130,Silver price up in next 15 mins?,Target Price: $63.373,KXSILVER15M-26SEP142130,,KXSILVER15M,Silver 15-minute,Commodities,"[""Metals""]",settled,binary,0,1,0.951,0.951,0.049,0.951,1,76247.64,76247.64,37300.72,0,2026-09-15T01:15:00Z,2026-09-15T01:30:00Z,2026-09-22T01:30:00Z,,yes,63.400,greater_or_equal,63.373,,,True,2026-09-15T17:18:42+00:00
kalshi,KXLOLGAME-26SEP141100KOIABIG-BIG,https://kalshi.com/markets/kxlolgame/league-of-legends-game,https://kalshi.com/markets/kxlolgame/league-of-legends-game/kxlolgame-26sep141100koiabig,Berlin International Gaming wins,Berlin International Gaming,KXLOLGAME-26SEP141100KOIABIG,,KXLOLGAME,League of Legends Game,Sports,"[""Esports""]",settled,binary,0,1,0.01,0.01,0.99,0.01,1,84667.72,76217.78,43492.14,0,2026-09-13T22:25:00Z,2026-09-14T19:59:43Z,2026-09-16T15:00:00Z,,no,Movistar KOI Fénix,structured,,,,True,2026-09-15T17:18:54+00:00
kalshi,KXWTI15M-26SEP151145-45,https://kalshi.com/markets/kxwti15m/wti-15-minute,https://kalshi.com/markets/kxwti15m/wti-15-minute/kxwti15m-26sep151145,WTI Oil price up in next 15 mins?,Target Price: $99.90,KXWTI15M-26SEP151145,,KXWTI15M,WTI 15-minute,Commodities,"[""Oil & Gas""]",settled,binary,0,1,0.001,0.001,0.999,0.001,1,76213.35,76213.35,27448.18,0,2026-09-15T15:30:00Z,2026-09-15T15:45:00Z,2026-09-22T15:45:00Z,,no,99.51,greater_or_equal,99.9,,,True,2026-09-15T17:18:18+00:00
kalshi,KXATPCHALLENGERMATCH-26SEP15BASCHI-BAS,https://kalshi.com/markets/kxatpchallengermatch/challenger-atp,https://kalshi.com/markets/kxatpchallengermatch/challenger-atp/kxatpchallengermatch-26sep15baschi,Finn Bass wins,Finn Bass,KXATPCHALLENGERMATCH-26SEP15BASCHI,,KXATPCHALLENGERMATCH,Challenger ATP ,Sports,"[""Tennis""]",settled,binary,0,1,0.01,0.01,0.99,0.01,1,76190.28,76190.28,46645.81,0,2026-09-14T21:10:00Z,2026-09-15T10:45:22Z,2026-09-29T09:00:00Z,,no,Clement Chidekh,structured,,,,True,2026-09-15T17:18:22+00:00
kalshi,KXWTI15M-26SEP142030-30,https://kalshi.com/markets/kxwti15m/wti-15-minute,https://kalshi.com/markets/kxwti15m/wti-15-minute/kxwti15m-26sep142030,WTI Oil price up in next 15 mins?,Target Price: $97.78,KXWTI15M-26SEP142030,,KXWTI15M,WTI 15-minute,Commodities,"[""Oil & Gas""]",settled,binary,0,1,0.999,0.999,0.001,0.999,1,76178.66,76178.66,62897.58,0,2026-09-15T00:15:00Z,2026-09-15T00:30:00Z,2026-09-22T00:30:00Z,,yes,98.21,greater_or_equal,97.78,,,True,2026-09-15T17:18:44+00:00
kalshi,KXCS2GAME-26SEP141100BLANEMI-BLA,https://kalshi.com/markets/kxcs2game/counter-strike-2-game,https://kalshi.com/markets/kxcs2game/counter-strike-2-game/kxcs2game-26sep141100blanemi,Black Phoenix wins,Black Phoenix,KXCS2GAME-26SEP141100BLANEMI,,KXCS2GAME,Counter-Strike 2 Game,Sports,"[""Esports""]",settled,binary,0,1,0.01,0.01,0.99,0.01,1,111105.43,76174,55520.17,0,2026-09-12T10:10:00Z,2026-09-14T18:39:36Z,2026-09-16T15:00:00Z,,no,Nemiga,structured,,,,True,2026-09-15T17:18:57+00:00
kalshi,KXHYPE15M-26SEP141915-15,https://kalshi.com/markets/kxhype15m/hype-15-min,https://kalshi.com/markets/kxhype15m/hype-15-min/kxhype15m-26sep141915,HYPE price up in next 15 mins?,Target Price: $80.1120,KXHYPE15M-26SEP141915,,KXHYPE15M,Hype 15 min,Crypto,"[""HYPE"", ""15 min"", ""15 Min Markets""]",settled,binary,0,1,0.999,0.999,0.001,0.999,1,76020.26,76020.26,20429,0,2026-09-14T23:00:00Z,2026-09-14T23:15:00Z,2026-09-21T23:15:00Z,,yes,80.1180,greater_or_equal,80.112,,,True,2026-09-15T17:18:46+00:00
kalshi,KXXRP15M-26SEP141415-15,https://kalshi.com/markets/kxxrp15m/xrp-15-minute,https://kalshi.com/markets/kxxrp15m/xrp-15-minute/kxxrp15m-26sep141415,XRP price up in next 15 mins?,Target Price: $1.4345,KXXRP15M-26SEP141415,,KXXRP15M,XRP 15 Minute,Crypto,"[""15 min"", ""XRP"", ""15 Min Markets""]",settled,binary,0,1,0.999,0.999,0.001,0.999,1,75818.16,75818.16,30200.52,0,2026-09-14T18:00:00Z,2026-09-14T18:15:00Z,2026-09-21T18:15:00Z,,yes,1.4358,greater_or_equal,1.4345,,,True,2026-09-15T17:18:57+00:00
kalshi,KXSOL15M-26SEP142230-30,https://kalshi.com/markets/kxsol15m/solana-15-minutes,https://kalshi.com/markets/kxsol15m/solana-15-minutes/kxsol15m-26sep142230,SOL price up in next 15 mins?,Target Price: $102.2917,KXSOL15M-26SEP142230,,KXSOL15M,Solana 15 minutes,Crypto,"[""15 min"", ""SOL"", ""15 Min Markets""]",settled,binary,0,1,0.999,0.999,0.001,0.999,1,75587.45,75587.45,22526.94,0,2026-09-15T02:15:00Z,2026-09-15T02:30:00Z,2026-09-22T02:30:00Z,,yes,102.3157,greater_or_equal,102.2917,,,True,2026-09-15T17:18:38+00:00
kalshi,KXSERIEATOTAL-26SEP14COMPAR-2,https://kalshi.com/markets/kxserieatotal/serie-a-total,https://kalshi.com/markets/kxserieatotal/serie-a-total/kxserieatotal-26sep14compar,Will over 1.5 goals be scored?,Over 1.5 goals scored,KXSERIEATOTAL-26SEP14COMPAR,Como vs Parma Calcio: Total Goals,KXSERIEATOTAL,Serie A Total,Sports,"[""Soccer""]",settled,binary,0,1,0.99,0.99,0.01,0.99,1,96635.52,75576.56,55371.6,0,2026-09-07T17:06:00Z,2026-09-14T18:25:00Z,2026-09-16T22:30:00Z,,yes,3,greater,1.5,,,True,2026-09-15T17:18:57+00:00
kalshi,KXARGPREMDIVTOTAL-26SEP14RIELAN-3,https://kalshi.com/markets/kxargpremdivtotal/argentina-premier-division-total,https://kalshi.com/markets/kxargpremdivtotal/argentina-premier-division-total/kxargpremdivtotal-26sep14rielan,Will over 2.5 goals be scored?,Over 2.5 goals scored,KXARGPREMDIVTOTAL-26SEP14RIELAN,,KXARGPREMDIVTOTAL,Argentina Premier Division Total,Sports,"[""Soccer""]",settled,binary,0,1,0.99,0.99,0.01,0.99,1,75559.2,75559.15,34588.15,0,2026-09-13T22:05:00Z,2026-09-15T00:05:28Z,2026-09-16T22:00:00Z,,yes,3,greater,2.5,,,True,2026-09-15T17:18:45+00:00
kalshi,KXNFLREC-26SEP14DENKC-KCKWALKER9-3,https://kalshi.com/markets/kxnflrec/pro-football-player-receptions,https://kalshi.com/markets/kxnflrec/pro-football-player-receptions/kxnflrec-26sep14denkc,Kenneth Walker III: 3+ receptions,Kenneth Walker III: 3+,KXNFLREC-26SEP14DENKC,Denver vs Kansas City: Receptions,KXNFLREC,Pro Football Player Receptions,Sports,"[""Football""]",settled,binary,0,1,0.84,0.84,0.16,0.84,1,123015.91,75439.4,105992.67,0,2026-09-04T21:04:00Z,2026-09-15T03:21:20Z,2026-09-17T00:15:00Z,,yes,receptions,greater,2.5,,,True,2026-09-15T17:18:35+00:00
kalshi,KXETH15M-26SEP151015-15,https://kalshi.com/markets/kxeth15m/eth-15m-price-up-down,https://kalshi.com/markets/kxeth15m/eth-15m-price-up-down/kxeth15m-26sep151015,ETH price up in next 15 mins?,"Target Price: $2,450.48",KXETH15M-26SEP151015,,KXETH15M,ETH 15M price up down,Crypto,"[""ETH"", ""15 min"", ""15 Min Markets""]",settled,binary,0,1,0.001,0.001,0.999,0.001,1,75397.38,75397.38,25665.75,0,2026-09-15T14:00:00Z,2026-09-15T14:15:00Z,2026-09-22T14:15:00Z,,no,2446.79,greater_or_equal,2450.48,,,True,2026-09-15T17:18:19+00:00
kalshi,KXBTCD-26SEP1503-T77699.99,https://kalshi.com/markets/kxbtcd/bitcoin-price-above-below,https://kalshi.com/markets/kxbtcd/bitcoin-price-above-below/kxbtcd-26sep1503,"Bitcoin price on Sep 15, 2026?","$77,700 or above",KXBTCD-26SEP1503,"BTC price on Sep 15, 2026 at 3am EDT?",KXBTCD,Bitcoin price Above/below,Crypto,"[""Hourly"", ""BTC""]",settled,binary,0,1,0.01,0.01,0.99,0.01,1,75389.26,75389.26,35810.97,0,2026-09-15T06:00:00Z,2026-09-15T07:00:00Z,2026-09-22T07:00:00Z,,no,77250.27,greater,77699.99,,BRTI,True,2026-09-15T17:18:28+00:00
kalshi,KXXRP15M-26SEP150045-45,https://kalshi.com/markets/kxxrp15m/xrp-15-minute,https://kalshi.com/markets/kxxrp15m/xrp-15-minute/kxxrp15m-26sep150045,XRP price up in next 15 mins?,Target Price: $1.4124,KXXRP15M-26SEP150045,,KXXRP15M,XRP 15 Minute,Crypto,"[""15 min"", ""XRP"", ""15 Min Markets""]",settled,binary,0,1,0.999,0.999,0.001,0.999,1,75331.4,75331.4,26340.56,0,2026-09-15T04:30:00Z,2026-09-15T04:45:00Z,2026-09-22T04:45:00Z,,yes,1.4142,greater_or_equal,1.4124,,,True,2026-09-15T17:18:32+00:00
kalshi,KXMLBF5TOTAL-26SEP141940ATLCHC-6,https://kalshi.com/markets/kxmlbf5total/first-5-innings-total,https://kalshi.com/markets/kxmlbf5total/first-5-innings-total/kxmlbf5total-26sep141940atlchc,First 5 innings: Over 5.5 runs,Over 5.5 runs in the first 5 innings,KXMLBF5TOTAL-26SEP141940ATLCHC,,KXMLBF5TOTAL,First 5 Innings Total,Sports,"[""Baseball""]",settled,binary,0,1,0.01,0.01,0.99,0.01,1,85764.1,75290.46,77788.7,0,2026-09-14T00:40:00Z,2026-09-15T01:24:53Z,2026-09-17T23:40:00Z,,no,5,greater,5.5,,,True,2026-09-15T17:18:42+00:00
kalshi,KXXRP15M-26SEP150915-15,https://kalshi.com/markets/kxxrp15m/xrp-15-minute,https://kalshi.com/markets/kxxrp15m/xrp-15-minute/kxxrp15m-26sep150915,XRP price up in next 15 mins?,Target Price: $1.4173,KXXRP15M-26SEP150915,,KXXRP15M,XRP 15 Minute,Crypto,"[""15 min"", ""XRP"", ""15 Min Markets""]",settled,binary,0,1,0.999,0.999,0.001,0.999,1,75216.61,75216.61,37968.04,0,2026-09-15T13:00:00Z,2026-09-15T13:15:00Z,2026-09-22T13:15:00Z,,yes,1.4289,greater_or_equal,1.4173,,,True,2026-09-15T17:18:19+00:00
kalshi,KXITFMATCH-26SEP15ELFKAS-KAS,https://kalshi.com/markets/kxitfmatch/itf-men-s-match,https://kalshi.com/markets/kxitfmatch/itf-men-s-match/kxitfmatch-26sep15elfkas,Maurice-Noel Kaserer wins,Maurice-Noel Kaserer,KXITFMATCH-26SEP15ELFKAS,,KXITFMATCH,ITF Men's Match,Sports,"[""Tennis""]",settled,binary,0,1,0.01,0.01,0.99,0.01,1,75146.22,75146.22,47508.9,0,2026-09-14T14:42:00Z,2026-09-15T08:35:47Z,2026-09-29T06:00:00Z,,no,Karim El Feky,structured,,,,True,2026-09-15T17:18:24+00:00
kalshi,KXETH15M-26SEP151030-30,https://kalshi.com/markets/kxeth15m/eth-15m-price-up-down,https://kalshi.com/markets/kxeth15m/eth-15m-price-up-down/kxeth15m-26sep151030,ETH price up in next 15 mins?,"Target Price: $2,446.79",KXETH15M-26SEP151030,,KXETH15M,ETH 15M price up down,Crypto,"[""ETH"", ""15 min"", ""15 Min Markets""]",settled,binary,0,1,0.001,0.001,0.999,0.001,1,75137.2,75137.2,36801.28,0,2026-09-15T14:15:00Z,2026-09-15T14:30:00Z,2026-09-22T14:30:00Z,,no,2440.37,greater_or_equal,2446.79,,,True,2026-09-15T17:18:19+00:00
kalshi,KXSILVER15M-26SEP151245-45,https://kalshi.com/markets/kxsilver15m/silver-15-minute,https://kalshi.com/markets/kxsilver15m/silver-15-minute/kxsilver15m-26sep151245,Silver price up in next 15 mins?,Target Price: $63.414,KXSILVER15M-26SEP151245,,KXSILVER15M,Silver 15-minute,Commodities,"[""Metals""]",settled,binary,0,1,0.998,0.998,0.002,0.998,1,75112.99,75112.99,18156.37,0,2026-09-15T16:30:00Z,2026-09-15T16:45:00Z,2026-09-22T16:45:00Z,,yes,63.446,greater_or_equal,63.414,,,True,2026-09-15T17:18:17+00:00
kalshi,KXITFMATCH-26SEP14VICSAV-VIC,https://kalshi.com/markets/kxitfmatch/itf-men-s-match,https://kalshi.com/markets/kxitfmatch/itf-men-s-match/kxitfmatch-26sep14vicsav,Lachlan Vickery wins,Lachlan Vickery,KXITFMATCH-26SEP14VICSAV,,KXITFMATCH,ITF Men's Match,Sports,"[""Tennis""]",settled,binary,0,1,0.99,0.99,0.01,0.99,1,75013.59,75013.59,44952.1,0,2026-09-14T10:13:00Z,2026-09-15T03:51:30Z,2026-09-29T02:00:00Z,,yes,Lachlan Vickery,structured,,,,True,2026-09-15T17:18:34+00:00
kalshi,KXMLBSPREAD-26SEP142040SDCOL-SD4,https://kalshi.com/markets/kxmlbspread/pro-baseball-spread,https://kalshi.com/markets/kxmlbspread/pro-baseball-spread/kxmlbspread-26sep142040sdcol,San Diego wins by over 3.5 runs?,San Diego wins by over 3.5 runs,KXMLBSPREAD-26SEP142040SDCOL,San Diego vs Colorado: Spread,KXMLBSPREAD,Pro Baseball Spread,Sports,"[""Baseball""]",settled,binary,0,1,0.01,0.01,0.99,0.01,1,75711.95,74988.55,42780.64,0,2026-09-13T20:00:00Z,2026-09-15T03:49:34Z,2026-09-18T00:40:00Z,,no,1,greater,3.5,,,True,2026-09-15T17:18:34+00:00
kalshi,KXMLBSPREAD-26SEP141907DETTOR-DET2,https://kalshi.com/markets/kxmlbspread/pro-baseball-spread,https://kalshi.com/markets/kxmlbspread/pro-baseball-spread/kxmlbspread-26sep141907dettor,Detroit wins by over 1.5 runs?,Detroit wins by over 1.5 runs,KXMLBSPREAD-26SEP141907DETTOR,,KXMLBSPREAD,Pro Baseball Spread,Sports,"[""Baseball""]",settled,binary,0,1,0.01,0.01,0.99,0.01,1,81357.82,74779.98,40292.65,0,2026-09-13T20:00:00Z,2026-09-15T02:19:38Z,2026-09-17T23:07:00Z,,no,1,greater,1.5,,,True,2026-09-15T17:18:38+00:00
kalshi,KXDENSUPERLIGAGAME-26SEP14FCMBRO-FCM,https://kalshi.com/markets/kxdensuperligagame/danish-superliga-game,https://kalshi.com/markets/kxdensuperligagame/danish-superliga-game/kxdensuperligagame-26sep14fcmbro,Midtjylland wins,Midtjylland,KXDENSUPERLIGAGAME-26SEP14FCMBRO,,KXDENSUPERLIGAGAME,Danish Superliga Game,Sports,"[""Soccer""]",settled,binary,0,1,0.99,0.99,0.01,0.99,1,93837.17,74699.78,56815.31,0,2026-09-10T00:35:00Z,2026-09-14T19:08:18Z,2026-09-16T17:00:00Z,,yes,Midtjylland,structured,,,,True,2026-09-15T17:18:55+00:00
kalshi,KXXRP15M-26SEP150100-00,https://kalshi.com/markets/kxxrp15m/xrp-15-minute,https://kalshi.com/markets/kxxrp15m/xrp-15-minute/kxxrp15m-26sep150100,XRP price up in next 15 mins?,Target Price: $1.4142,KXXRP15M-26SEP150100,,KXXRP15M,XRP 15 Minute,Crypto,"[""15 min"", ""XRP"", ""15 Min Markets""]",settled,binary,0,1,0.998,0.998,0.002,0.998,1,74527.97,74527.97,20731.24,0,2026-09-15T04:45:00Z,2026-09-15T05:00:00Z,2026-09-22T05:00:00Z,,yes,1.4142,greater_or_equal,1.4142,,,True,2026-09-15T17:18:30+00:00
kalshi,KXEPLSPREAD-26SEP14LEENEW-LEE3,https://kalshi.com/markets/kxeplspread/english-premier-league-spread,https://kalshi.com/markets/kxeplspread/english-premier-league-spread/kxeplspread-26sep14leenew,Leeds United wins by more than 2.5 goals?,Leeds United wins by more than 2.5 goals,KXEPLSPREAD-26SEP14LEENEW,,KXEPLSPREAD,English Premier League Spread,Sports,"[""Soccer""]",settled,binary,0,1,0.99,0.99,0.01,0.99,1,82556.97,74480.89,46963.2,0,2026-09-07T19:06:00Z,2026-09-14T21:05:44Z,2026-09-17T01:00:00Z,,yes,3,greater,2.5,,,True,2026-09-15T17:18:50+00:00
kalshi,KXNFL1HSPREAD-26SEP14DENKC-KC5,https://kalshi.com/markets/kxnfl1hspread/pro-football-1st-half-spread,https://kalshi.com/markets/kxnfl1hspread/pro-football-1st-half-spread/kxnfl1hspread-26sep14denkc,KC Chiefs wins 1H by over 4.5 points?,KC Chiefs wins 1H by over 4.5 points,KXNFL1HSPREAD-26SEP14DENKC,DEN Broncos vs KC Chiefs: 1st Half Spread,KXNFL1HSPREAD,Pro Football 1st Half Spread,Sports,"[""Football""]",settled,binary,0,1,0.99,0.99,0.01,0.99,1,74370.82,74370.82,31793.85,0,2026-09-02T18:37:00Z,2026-09-15T02:00:05Z,2026-09-17T00:15:00Z,,yes,7,greater,4.5,,,True,2026-09-15T17:18:40+00:00
kalshi,KXBTCD-26SEP1419-T78299.99,https://kalshi.com/markets/kxbtcd/bitcoin-price-above-below,https://kalshi.com/markets/kxbtcd/bitcoin-price-above-below/kxbtcd-26sep1419,"Bitcoin price on Sep 14, 2026?","$78,300 or above",KXBTCD-26SEP1419,"BTC price on Sep 14, 2026 at 7pm EDT?",KXBTCD,Bitcoin price Above/below,Crypto,"[""Hourly"", ""BTC""]",settled,binary,0,1,0.99,0.99,0.01,0.99,1,74344.24,74344.24,37785.24,0,2026-09-14T22:00:00Z,2026-09-14T23:00:00Z,2026-09-21T23:00:00Z,,yes,78548.70,greater,78299.99,,BRTI,True,2026-09-15T17:18:47+00:00
kalshi,KXWTI15M-26SEP151030-30,https://kalshi.com/markets/kxwti15m/wti-15-minute,https://kalshi.com/markets/kxwti15m/wti-15-minute/kxwti15m-26sep151030,WTI Oil price up in next 15 mins?,Target Price: $99.16,KXWTI15M-26SEP151030,,KXWTI15M,WTI 15-minute,Commodities,"[""Oil & Gas""]",settled,binary,0,1,0.998,0.998,0.002,0.998,1,74324.43,74324.43,26504.52,0,2026-09-15T14:15:00Z,2026-09-15T14:30:00Z,2026-09-22T14:30:00Z,,yes,99.29,greater_or_equal,99.16,,,True,2026-09-15T17:18:19+00:00
kalshi,KXEGYPLGAME-26SEP14CERNBE-CER,https://kalshi.com/markets/kxegyplgame/egyptian-premier-league-game,https://kalshi.com/markets/kxegyplgame/egyptian-premier-league-game/kxegyplgame-26sep14cernbe,Ceramica Cleopatra wins,Ceramica Cleopatra,KXEGYPLGAME-26SEP14CERNBE,,KXEGYPLGAME,Egyptian Premier League Game,Sports,"[""Soccer""]",settled,binary,0,1,0.99,0.99,0.01,0.99,1,88586.95,73918.74,56716.03,0,2026-09-10T00:35:00Z,2026-09-14T19:32:27Z,2026-09-16T17:00:00Z,,yes,Ceramica Cleopatra,structured,,,,True,2026-09-15T17:18:54+00:00
kalshi,KXETH15M-26SEP150715-15,https://kalshi.com/markets/kxeth15m/eth-15m-price-up-down,https://kalshi.com/markets/kxeth15m/eth-15m-price-up-down/kxeth15m-26sep150715,ETH price up in next 15 mins?,"Target Price: $2,482.89",KXETH15M-26SEP150715,,KXETH15M,ETH 15M price up down,Crypto,"[""ETH"", ""15 min"", ""15 Min Markets""]",settled,binary,0,1,0.001,0.001,0.999,0.001,1,73855.63,73855.63,21284.55,0,2026-09-15T11:00:00Z,2026-09-15T11:15:00Z,2026-09-22T11:15:00Z,,no,2481.31,greater_or_equal,2482.89,,,True,2026-09-15T17:18:21+00:00
kalshi,KXBTCD-26SEP1510-T77199.99,https://kalshi.com/markets/kxbtcd/bitcoin-price-above-below,https://kalshi.com/markets/kxbtcd/bitcoin-price-above-below/kxbtcd-26sep1510,"Bitcoin price on Sep 15, 2026?","$77,200 or above",KXBTCD-26SEP1510,"BTC price on Sep 15, 2026 at 10am EDT?",KXBTCD,Bitcoin price Above/below,Crypto,"[""Hourly"", ""BTC""]",settled,binary,0,1,0.01,0.01,0.99,0.01,1,73642.24,73642.24,26909.67,0,2026-09-15T13:00:00Z,2026-09-15T14:00:00Z,2026-09-22T14:00:00Z,,no,76500.68,greater,77199.99,,BRTI,True,2026-09-15T17:18:19+00:00
kalshi,KXBTCD-26SEP1513-T76099.99,https://kalshi.com/markets/kxbtcd/bitcoin-price-above-below,https://kalshi.com/markets/kxbtcd/bitcoin-price-above-below/kxbtcd-26sep1513,"Bitcoin price on Sep 15, 2026?","$76,100 or above",KXBTCD-26SEP1513,"BTC price on Sep 15, 2026 at 1pm EDT?",KXBTCD,Bitcoin price Above/below,Crypto,"[""Hourly"", ""BTC""]",settled,binary,0,1,0.99,0.99,0.01,0.99,1,73626.86,73626.86,31595.05,0,2026-09-15T16:00:00Z,2026-09-15T17:00:00Z,2026-09-22T17:00:00Z,,yes,76366.59,greater,76099.99,,BRTI,True,2026-09-15T17:18:17+00:00
kalshi,KXITFWMATCH-26SEP15YANVAN-YAN,https://kalshi.com/markets/kxitfwmatch/itf-women-s-match,https://kalshi.com/markets/kxitfwmatch/itf-women-s-match/kxitfwmatch-26sep15yanvan,Elizara Yaneva wins,Elizara Yaneva,KXITFWMATCH-26SEP15YANVAN,,KXITFWMATCH,ITF Women's Match,Sports,"[""Tennis""]",settled,binary,0,1,0.99,0.99,0.01,0.99,1,73587.28,73587.28,66591.21,0,2026-09-14T15:42:00Z,2026-09-15T09:16:14Z,2026-09-29T07:30:00Z,,yes,Elizara Yaneva,structured,,,,True,2026-09-15T17:18:23+00:00
kalshi,KXNFLFIRSTTD-26SEP14DENKC-DENMMIMS19,https://kalshi.com/markets/kxnflfirsttd/pro-football-first-touchdown,https://kalshi.com/markets/kxnflfirsttd/pro-football-first-touchdown/kxnflfirsttd-26sep14denkc,Marvin Mims Jr.: 1st Touchdown,Marvin Mims Jr.,KXNFLFIRSTTD-26SEP14DENKC,Denver vs Kansas City: 1st Touchdown,KXNFLFIRSTTD,Pro Football First Touchdown,Sports,"[""Football""]",settled,binary,0,1,0.01,0.01,0.99,0.01,1,91789.52,73490.01,90920.86,0,2026-09-10T23:28:00Z,2026-09-15T03:49:43Z,2026-09-17T00:15:00Z,,no,first_touchdown,structured,,,,True,2026-09-15T17:18:34+00:00
kalshi,KXMLBTOTAL-26SEP141940NYYMIN-9,https://kalshi.com/markets/kxmlbtotal/pro-baseball-total-points,https://kalshi.com/markets/kxmlbtotal/pro-baseball-total-points/kxmlbtotal-26sep141940nyymin,Over 8.5 runs scored,Over 8.5 runs scored,KXMLBTOTAL-26SEP141940NYYMIN,,KXMLBTOTAL,Pro Baseball Total Points,Sports,"[""Baseball""]",settled,binary,0,1,0.99,0.99,0.01,0.99,1,148654.91,73478.15,103520.43,0,2026-09-13T20:00:00Z,2026-09-15T02:24:28Z,2026-09-17T23:40:00Z,,yes,10,greater,8.5,,,True,2026-09-15T17:18:38+00:00
kalshi,KXEPLSPREAD-26SEP14LEENEW-LEE2,https://kalshi.com/markets/kxeplspread/english-premier-league-spread,https://kalshi.com/markets/kxeplspread/english-premier-league-spread/kxeplspread-26sep14leenew,Leeds United wins by more than 1.5 goals?,Leeds United wins by more than 1.5 goals,KXEPLSPREAD-26SEP14LEENEW,,KXEPLSPREAD,English Premier League Spread,Sports,"[""Soccer""]",settled,binary,0,1,0.99,0.99,0.01,0.99,1,82867.27,73341.03,34451.4,0,2026-09-07T19:06:00Z,2026-09-14T21:05:44Z,2026-09-17T01:00:00Z,,yes,3,greater,1.5,,,True,2026-09-15T17:18:50+00:00
kalshi,KXSILVER15M-26SEP142345-45,https://kalshi.com/markets/kxsilver15m/silver-15-minute,https://kalshi.com/markets/kxsilver15m/silver-15-minute/kxsilver15m-26sep142345,Silver price up in next 15 mins?,Target Price: $63.453,KXSILVER15M-26SEP142345,,KXSILVER15M,Silver 15-minute,Commodities,"[""Metals""]",settled,binary,0,1,0.991,0.991,0.009,0.991,1,73284.84,73284.84,21009.2,0,2026-09-15T03:30:00Z,2026-09-15T03:45:00Z,2026-09-22T03:45:00Z,,yes,63.497,greater_or_equal,63.453,,,True,2026-09-15T17:18:35+00:00
kalshi,KXSOL15M-26SEP150430-30,https://kalshi.com/markets/kxsol15m/solana-15-minutes,https://kalshi.com/markets/kxsol15m/solana-15-minutes/kxsol15m-26sep150430,SOL price up in next 15 mins?,Target Price: $100.2927,KXSOL15M-26SEP150430,,KXSOL15M,Solana 15 minutes,Crypto,"[""15 min"", ""SOL"", ""15 Min Markets""]",settled,binary,0,1,0.999,0.999,0.001,0.999,1,72937.48,72937.48,11963.74,0,2026-09-15T08:15:00Z,2026-09-15T08:30:00Z,2026-09-22T08:30:00Z,,yes,100.2977,greater_or_equal,100.2927,,,True,2026-09-15T17:18:24+00:00
kalshi,KXMLBTOTAL-26SEP141940NYYMIN-5,https://kalshi.com/markets/kxmlbtotal/pro-baseball-total-points,https://kalshi.com/markets/kxmlbtotal/pro-baseball-total-points/kxmlbtotal-26sep141940nyymin,Over 4.5 runs scored,Over 4.5 runs scored,KXMLBTOTAL-26SEP141940NYYMIN,,KXMLBTOTAL,Pro Baseball Total Points,Sports,"[""Baseball""]",settled,binary,0,1,0.99,0.99,0.01,0.99,1,73035.95,72912.65,54199.64,0,2026-09-13T20:00:00Z,2026-09-15T02:19:58Z,2026-09-17T23:40:00Z,,yes,10,greater,4.5,,,True,2026-09-15T17:18:38+00:00
kalshi,KXDOGE15M-26SEP142330-30,https://kalshi.com/markets/kxdoge15m/dogecoin-15-minute,https://kalshi.com/markets/kxdoge15m/dogecoin-15-minute/kxdoge15m-26sep142330,DOGE price up in next 15 mins?,Target Price: $0.0834247,KXDOGE15M-26SEP142330,,KXDOGE15M,Dogecoin 15 Minute,Crypto,"[""DOGE"", ""15 min"", ""15 Min Markets""]",settled,binary,0,1,0.999,0.999,0.001,0.999,1,72872.56,72872.56,20885.4,0,2026-09-15T03:15:00Z,2026-09-15T03:30:00Z,2026-09-22T03:30:00Z,,yes,0.0834250,greater_or_equal,0.083424,,,True,2026-09-15T17:18:35+00:00
kalshi,KXSOL15M-26SEP150100-00,https://kalshi.com/markets/kxsol15m/solana-15-minutes,https://kalshi.com/markets/kxsol15m/solana-15-minutes/kxsol15m-26sep150100,SOL price up in next 15 mins?,Target Price: $101.3260,KXSOL15M-26SEP150100,,KXSOL15M,Solana 15 minutes,Crypto,"[""15 min"", ""SOL"", ""15 Min Markets""]",settled,binary,0,1,0.001,0.001,0.999,0.001,1,72808.64,72808.64,23756.62,0,2026-09-15T04:45:00Z,2026-09-15T05:00:00Z,2026-09-22T05:00:00Z,,no,101.3225,greater_or_equal,101.326,,,True,2026-09-15T17:18:30+00:00
kalshi,KXSUPERLIGTOTAL-26SEP14GAZFEN-1,https://kalshi.com/markets/kxsuperligtotal/point-total,https://kalshi.com/markets/kxsuperligtotal/point-total/kxsuperligtotal-26sep14gazfen,Will over 0.5 goals be scored?,Over 0.5 goals scored,KXSUPERLIGTOTAL-26SEP14GAZFEN,,KXSUPERLIGTOTAL,Point Total,Sports,"[""Soccer""]",settled,binary,0,1,0.01,0.01,0.99,0.01,1,73012.42,72803.79,45003,0,2026-09-13T17:06:00Z,2026-09-14T19:00:09Z,2026-09-16T17:00:00Z,,no,0,greater,0.5,,,True,2026-09-15T17:18:55+00:00
kalshi,KXSERIEATOTAL-26SEP14COMPAR-6,https://kalshi.com/markets/kxserieatotal/serie-a-total,https://kalshi.com/markets/kxserieatotal/serie-a-total/kxserieatotal-26sep14compar,Will over 5.5 goals be scored?,Over 5.5 goals scored,KXSERIEATOTAL-26SEP14COMPAR,Como vs Parma Calcio: Total Goals,KXSERIEATOTAL,Serie A Total,Sports,"[""Soccer""]",settled,binary,0,1,0.01,0.01,0.99,0.01,1,90353.18,72788.28,17463.93,0,2026-09-07T17:06:00Z,2026-09-14T18:35:06Z,2026-09-16T22:30:00Z,,no,3,greater,5.5,,,True,2026-09-15T17:18:57+00:00
kalshi,KXETH15M-26SEP150600-00,https://kalshi.com/markets/kxeth15m/eth-15m-price-up-down,https://kalshi.com/markets/kxeth15m/eth-15m-price-up-down/kxeth15m-26sep150600,ETH price up in next 15 mins?,"Target Price: $2,474.70",KXETH15M-26SEP150600,,KXETH15M,ETH 15M price up down,Crypto,"[""ETH"", ""15 min"", ""15 Min Markets""]",settled,binary,0,1,0.001,0.001,0.999,0.001,1,72786.82,72786.82,20849.64,0,2026-09-15T09:45:00Z,2026-09-15T10:00:00Z,2026-09-22T10:00:00Z,,no,2473.33,greater_or_equal,2474.7,,,True,2026-09-15T17:18:22+00:00
kalshi,KXWTI15M-26SEP150030-30,https://kalshi.com/markets/kxwti15m/wti-15-minute,https://kalshi.com/markets/kxwti15m/wti-15-minute/kxwti15m-26sep150030,WTI Oil price up in next 15 mins?,Target Price: $98.53,KXWTI15M-26SEP150030,,KXWTI15M,WTI 15-minute,Commodities,"[""Oil & Gas""]",settled,binary,0,1,0.999,0.999,0.001,0.999,1,72650.75,72650.75,19424.29,0,2026-09-15T04:15:00Z,2026-09-15T04:30:00Z,2026-09-22T04:30:00Z,,yes,98.65,greater_or_equal,98.53,,,True,2026-09-15T17:18:32+00:00
kalshi,KXSOL15M-26SEP150015-15,https://kalshi.com/markets/kxsol15m/solana-15-minutes,https://kalshi.com/markets/kxsol15m/solana-15-minutes/kxsol15m-26sep150015,SOL price up in next 15 mins?,Target Price: $101.5328,KXSOL15M-26SEP150015,,KXSOL15M,Solana 15 minutes,Crypto,"[""15 min"", ""SOL"", ""15 Min Markets""]",settled,binary,0,1,0.001,0.001,0.999,0.001,1,72618.96,72618.96,20639.85,0,2026-09-15T04:00:00Z,2026-09-15T04:15:00Z,2026-09-22T04:15:00Z,,no,101.4775,greater_or_equal,101.5328,,,True,2026-09-15T17:18:32+00:00
kalshi,KXETH15M-26SEP151300-00,https://kalshi.com/markets/kxeth15m/eth-15m-price-up-down,https://kalshi.com/markets/kxeth15m/eth-15m-price-up-down/kxeth15m-26sep151300,ETH price up in next 15 mins?,"Target Price: $2,418.68",KXETH15M-26SEP151300,,KXETH15M,ETH 15M price up down,Crypto,"[""ETH"", ""15 min"", ""15 Min Markets""]",settled,binary,0,1,0.999,0.999,0.001,0.999,1,72613.83,72613.83,28558.56,0,2026-09-15T16:45:00Z,2026-09-15T17:00:00Z,2026-09-22T17:00:00Z,,yes,2422.29,greater_or_equal,2418.68,,,True,2026-09-15T17:18:17+00:00
kalshi,KXAFCCLGAME-26SEP14QADWAS-QAD,https://kalshi.com/markets/kxafcclgame/afc-champions-league-game,https://kalshi.com/markets/kxafcclgame/afc-champions-league-game/kxafcclgame-26sep14qadwas,Al Qadsiah wins,Al Qadsiah,KXAFCCLGAME-26SEP14QADWAS,,KXAFCCLGAME,AFC Champions League Game,Sports,"[""Soccer""]",settled,binary,0,1,0.99,0.99,0.01,0.99,1,79082.56,72332.52,45811.6,0,2026-08-31T00:34:00Z,2026-09-14T20:33:04Z,2026-09-17T00:15:00Z,,yes,Al Qadsiah,structured,,,,True,2026-09-15T17:18:52+00:00
kalshi,KXNFLTOTAL-26SEP14DENKC-34,https://kalshi.com/markets/kxnfltotal/pro-football-total-points,https://kalshi.com/markets/kxnfltotal/pro-football-total-points/kxnfltotal-26sep14denkc,Will there be over 33.5 points scored?,Over 33.5 points scored,KXNFLTOTAL-26SEP14DENKC,Denver vs Kansas City: Total Points,KXNFLTOTAL,Pro Football Total Points,Sports,"[""Football""]",settled,binary,0,1,0.99,0.99,0.01,0.99,1,76889.15,72317.21,51877.33,0,2026-08-03T23:13:00Z,2026-09-15T02:33:32Z,2026-09-17T00:15:00Z,,yes,34,greater,33.5,,,True,2026-09-15T17:18:38+00:00
kalshi,KXGOLD15M-26SEP150430-30,https://kalshi.com/markets/kxgold15m/gold-15-minute,https://kalshi.com/markets/kxgold15m/gold-15-minute/kxgold15m-26sep150430,Gold price up in next 15 mins?,"Target Price: $4,267.68",KXGOLD15M-26SEP150430,,KXGOLD15M,Gold 15-minute,Commodities,"[""Metals""]",settled,binary,0,1,0.999,0.999,0.001,0.999,1,72131.79,72131.79,33397.85,0,2026-09-15T08:15:00Z,2026-09-15T08:30:00Z,2026-09-22T08:30:00Z,,yes,4273.06,greater_or_equal,4267.68,,,True,2026-09-15T17:18:24+00:00
kalshi,KXHIGHLAX-26SEP14-B79.5,https://kalshi.com/markets/kxhighlax/highest-temperature-in-los-angeles,https://kalshi.com/markets/kxhighlax/highest-temperature-in-los-angeles/kxhighlax-26sep14,"Will the maximum temperature be 79-80° on Sep 14, 2026?",79° to 80°,KXHIGHLAX-26SEP14,"Highest temperature in Los Angeles on Sep 14, 2026?",KXHIGHLAX,Highest temperature in Los Angeles,Climate and Weather,"[""Daily temperature""]",settled,binary,0,1,0.99,0.99,0.01,0.99,1,94742.3,72049.42,53874.08,0,2026-09-13T14:00:00Z,2026-09-15T08:00:00Z,2026-09-21T14:00:00Z,,yes,80.00,between,79,80,CLILAX,True,2026-09-15T17:18:25+00:00
kalshi,KXWTI15M-26SEP151100-00,https://kalshi.com/markets/kxwti15m/wti-15-minute,https://kalshi.com/markets/kxwti15m/wti-15-minute/kxwti15m-26sep151100,WTI Oil price up in next 15 mins?,Target Price: $99.49,KXWTI15M-26SEP151100,,KXWTI15M,WTI 15-minute,Commodities,"[""Oil & Gas""]",settled,binary,0,1,0.998,0.998,0.002,0.998,1,71990.48,71990.48,17445.27,0,2026-09-15T14:45:00Z,2026-09-15T15:00:00Z,2026-09-22T15:00:00Z,,yes,99.98,greater_or_equal,99.49,,,True,2026-09-15T17:18:18+00:00
kalshi,KXATPCHALLENGERMATCH-26SEP15RAQGHA-GHA,https://kalshi.com/markets/kxatpchallengermatch/challenger-atp,https://kalshi.com/markets/kxatpchallengermatch/challenger-atp/kxatpchallengermatch-26sep15raqgha,Yanis Ghazouani Durand wins,Yanis Ghazouani Durand,KXATPCHALLENGERMATCH-26SEP15RAQGHA,,KXATPCHALLENGERMATCH,Challenger ATP ,Sports,"[""Tennis""]",settled,binary,0,1,0.99,0.99,0.01,0.99,1,71676.2,71676.2,28422.9,0,2026-09-14T22:20:00Z,2026-09-15T11:50:38Z,2026-09-29T10:10:00Z,,yes,Yanis Ghazouani Durand,structured,,,,True,2026-09-15T17:18:21+00:00
kalshi,KXLALIGA1H-26SEP14VILRBB-TIE,https://kalshi.com/markets/kxlaliga1h/la-liga-first-half-winner,https://kalshi.com/markets/kxlaliga1h/la-liga-first-half-winner/kxlaliga1h-26sep14vilrbb,Tie 1st Half,Tie 1st Half,KXLALIGA1H-26SEP14VILRBB,,KXLALIGA1H,La Liga First Half Winner,Sports,"[""Soccer""]",settled,binary,0,1,0.01,0.01,0.99,0.01,1,74788.59,71400.52,36536.94,0,2026-09-12T19:06:00Z,2026-09-14T19:51:44Z,2026-09-16T19:00:00Z,,no,Real Betis wins 1st Half,structured,,,,True,2026-09-15T17:18:54+00:00
kalshi,KXETH15M-26SEP151045-45,https://kalshi.com/markets/kxeth15m/eth-15m-price-up-down,https://kalshi.com/markets/kxeth15m/eth-15m-price-up-down/kxeth15m-26sep151045,ETH price up in next 15 mins?,"Target Price: $2,440.37",KXETH15M-26SEP151045,,KXETH15M,ETH 15M price up down,Crypto,"[""ETH"", ""15 min"", ""15 Min Markets""]",settled,binary,0,1,0.001,0.001,0.999,0.001,1,71340.67,71340.67,39194.14,0,2026-09-15T14:30:00Z,2026-09-15T14:45:00Z,2026-09-22T14:45:00Z,,no,2416.62,greater_or_equal,2440.37,,,True,2026-09-15T17:18:18+00:00
kalshi,KXSILVER15M-26SEP141630-30,https://kalshi.com/markets/kxsilver15m/silver-15-minute,https://kalshi.com/markets/kxsilver15m/silver-15-minute/kxsilver15m-26sep141630,Silver price up in next 15 mins?,Target Price: $63.129,KXSILVER15M-26SEP141630,,KXSILVER15M,Silver 15-minute,Commodities,"[""Metals""]",settled,binary,0,1,0.998,0.998,0.002,0.998,1,71302.85,71302.85,16956.94,0,2026-09-14T20:15:00Z,2026-09-14T20:30:00Z,2026-09-21T20:30:00Z,,yes,63.180,greater_or_equal,63.129,,,True,2026-09-15T17:18:52+00:00
kalshi,KXWTADOUBLES-26SEP14KOBPLIMUHOLM-KOBPLI,https://kalshi.com/markets/kxwtadoubles/wta-doubles-tennis-match,https://kalshi.com/markets/kxwtadoubles/wta-doubles-tennis-match/kxwtadoubles-26sep14kobplimuholm,Momoko Kobori / Peangtarn Plipuech wins,Momoko Kobori / Peangtarn Plipuech,KXWTADOUBLES-26SEP14KOBPLIMUHOLM,,KXWTADOUBLES,WTA Doubles Tennis Match,Sports,"[""Tennis""]",settled,binary,0,1,0.99,0.99,0.01,0.99,1,71250.83,71249.3,21084.92,0,2026-09-13T16:05:00Z,2026-09-15T02:30:06Z,2026-09-28T16:00:00Z,,yes,Momoko Kobori / Peangtarn Plipuech,structured,,,,True,2026-09-15T17:18:38+00:00
kalshi,KXETH15M-26SEP150930-30,https://kalshi.com/markets/kxeth15m/eth-15m-price-up-down,https://kalshi.com/markets/kxeth15m/eth-15m-price-up-down/kxeth15m-26sep150930,ETH price up in next 15 mins?,"Target Price: $2,476.78",KXETH15M-26SEP150930,,KXETH15M,ETH 15M price up down,Crypto,"[""ETH"", ""15 min"", ""15 Min Markets""]",settled,binary,0,1,0.999,0.999,0.001,0.999,1,71238.95,71238.95,26462.77,0,2026-09-15T13:15:00Z,2026-09-15T13:30:00Z,2026-09-22T13:30:00Z,,yes,2478.09,greater_or_equal,2476.78,,,True,2026-09-15T17:18:19+00:00
kalshi,KXLOLMAP-26SEP150400KTCT1A-1-T1A,https://kalshi.com/markets/kxlolmap/league-of-legends-map-winner,https://kalshi.com/markets/kxlolmap/league-of-legends-map-winner/kxlolmap-26sep150400ktct1a-1,T1 Academy wins map 1,T1 Academy,KXLOLMAP-26SEP150400KTCT1A-1,,KXLOLMAP,League of Legends Map Winner,Sports,"[""Esports""]",settled,binary,0,1,0.99,0.99,0.01,0.99,1,71135.63,71135.63,59202.43,0,2026-09-14T14:05:00Z,2026-09-15T08:40:14Z,2026-09-17T08:00:00Z,,yes,T1 Academy,structured,,,,True,2026-09-15T17:18:24+00:00
kalshi,KXATPCHALLENGERMATCH-26SEP15RAQGHA-RAQ,https://kalshi.com/markets/kxatpchallengermatch/challenger-atp,https://kalshi.com/markets/kxatpchallengermatch/challenger-atp/kxatpchallengermatch-26sep15raqgha,Leo Raquillet wins,Leo Raquillet,KXATPCHALLENGERMATCH-26SEP15RAQGHA,,KXATPCHALLENGERMATCH,Challenger ATP ,Sports,"[""Tennis""]",settled,binary,0,1,0.01,0.01,0.99,0.01,1,71119.42,71119.42,33250.07,0,2026-09-14T22:20:00Z,2026-09-15T11:50:38Z,2026-09-29T10:10:00Z,,no,Yanis Ghazouani Durand,structured,,,,True,2026-09-15T17:18:21+00:00
kalshi,KXWTI15M-26SEP150100-00,https://kalshi.com/markets/kxwti15m/wti-15-minute,https://kalshi.com/markets/kxwti15m/wti-15-minute/kxwti15m-26sep150100,WTI Oil price up in next 15 mins?,Target Price: $98.67,KXWTI15M-26SEP150100,,KXWTI15M,WTI 15-minute,Commodities,"[""Oil & Gas""]",settled,binary,0,1,0.989,0.989,0.011,0.989,1,71118.33,71118.33,24234.52,0,2026-09-15T04:45:00Z,2026-09-15T05:00:00Z,2026-09-22T05:00:00Z,,yes,98.68,greater_or_equal,98.67,,,True,2026-09-15T17:18:30+00:00
kalshi,KXMLBTOTAL-26SEP141940NYYMIN-11,https://kalshi.com/markets/kxmlbtotal/pro-baseball-total-points,https://kalshi.com/markets/kxmlbtotal/pro-baseball-total-points/kxmlbtotal-26sep141940nyymin,Over 10.5 runs scored,Over 10.5 runs scored,KXMLBTOTAL-26SEP141940NYYMIN,,KXMLBTOTAL,Pro Baseball Total Points,Sports,"[""Baseball""]",settled,binary,0,1,0.99,0.99,0.01,0.99,1,79203.71,71048.52,48740.64,0,2026-09-13T20:00:00Z,2026-09-15T02:45:09Z,2026-09-17T23:40:00Z,,yes,11,greater,10.5,,,True,2026-09-15T17:18:38+00:00
kalshi,KXNFL1HFT-26SEP14DENKC-TIEDEN,https://kalshi.com/markets/kxnfl1hft/1st-half-fulltime-result,https://kalshi.com/markets/kxnfl1hft/1st-half-fulltime-result/kxnfl1hft-26sep14denkc,Tie in 1st Half / Denver wins game,Tie 1H / Denver wins game,KXNFL1HFT-26SEP14DENKC,,KXNFL1HFT,1st Half Fulltime Result,Sports,[],settled,binary,0,1,0.01,0.01,0.99,0.01,1,83328.06,70911.1,65590.99,0,2026-09-02T19:49:00Z,2026-09-15T01:59:55Z,2026-09-17T00:15:00Z,,no,KC Chiefs wins 1H / KC Chiefs wins game,custom,,,,True,2026-09-15T17:18:42+00:00
kalshi,KXMLBTOTAL-26SEP142140MIAAZ-8,https://kalshi.com/markets/kxmlbtotal/pro-baseball-total-points,https://kalshi.com/markets/kxmlbtotal/pro-baseball-total-points/kxmlbtotal-26sep142140miaaz,Over 7.5 runs scored,Over 7.5 runs scored,KXMLBTOTAL-26SEP142140MIAAZ,Miami vs Arizona: Total Runs,KXMLBTOTAL,Pro Baseball Total Points,Sports,"[""Baseball""]",settled,binary,0,1,0.99,0.99,0.01,0.99,1,82092.16,70741.32,55368.13,0,2026-09-13T20:00:00Z,2026-09-15T02:54:31Z,2026-09-18T01:40:00Z,,yes,8,greater,7.5,,,True,2026-09-15T17:18:37+00:00
kalshi,KXBRASILEIROBTOTAL-26SEP14AMGSBE-1,https://kalshi.com/markets/kxbrasileirobtotal/point-total,https://kalshi.com/markets/kxbrasileirobtotal/point-total/kxbrasileirobtotal-26sep14amgsbe,Will over 0.5 goals be scored?,Over 0.5 goals scored,KXBRASILEIROBTOTAL-26SEP14AMGSBE,,KXBRASILEIROBTOTAL,Point Total,Sports,"[""Soccer""]",settled,binary,0,1,0.99,0.99,0.01,0.99,1,71095.46,70708.59,43133.8,0,2026-09-11T23:05:00Z,2026-09-15T00:24:55Z,2026-09-16T22:30:00Z,,yes,2,greater,0.5,,,True,2026-09-15T17:18:44+00:00
kalshi,KXETH15M-26SEP151130-30,https://kalshi.com/markets/kxeth15m/eth-15m-price-up-down,https://kalshi.com/markets/kxeth15m/eth-15m-price-up-down/kxeth15m-26sep151130,ETH price up in next 15 mins?,"Target Price: $2,411.85",KXETH15M-26SEP151130,,KXETH15M,ETH 15M price up down,Crypto,"[""ETH"", ""15 min"", ""15 Min Markets""]",settled,binary,0,1,0.999,0.999,0.001,0.999,1,70695.04,70695.04,37683.91,0,2026-09-15T15:15:00Z,2026-09-15T15:30:00Z,2026-09-22T15:30:00Z,,yes,2426.92,greater_or_equal,2411.85,,,True,2026-09-15T17:18:18+00:00
kalshi,KXXRP15M-26SEP151045-45,https://kalshi.com/markets/kxxrp15m/xrp-15-minute,https://kalshi.com/markets/kxxrp15m/xrp-15-minute/kxxrp15m-26sep151045,XRP price up in next 15 mins?,Target Price: $1.4030,KXXRP15M-26SEP151045,,KXXRP15M,XRP 15 Minute,Crypto,"[""15 min"", ""XRP"", ""15 Min Markets""]",settled,binary,0,1,0.005,0.005,0.995,0.005,1,70661.74,70661.74,41071.53,0,2026-09-15T14:30:00Z,2026-09-15T14:45:00Z,2026-09-22T14:45:00Z,,no,1.3866,greater_or_equal,1.403,,,True,2026-09-15T17:18:18+00:00
kalshi,KXSOL15M-26SEP141845-45,https://kalshi.com/markets/kxsol15m/solana-15-minutes,https://kalshi.com/markets/kxsol15m/solana-15-minutes/kxsol15m-26sep141845,SOL price up in next 15 mins?,Target Price: $103.1680,KXSOL15M-26SEP141845,,KXSOL15M,Solana 15 minutes,Crypto,"[""15 min"", ""SOL"", ""15 Min Markets""]",settled,binary,0,1,0.001,0.001,0.999,0.001,1,70617.71,70617.71,17680.47,0,2026-09-14T22:30:00Z,2026-09-14T22:45:00Z,2026-09-21T22:45:00Z,,no,103.0898,greater_or_equal,103.168,,,True,2026-09-15T17:18:48+00:00
kalshi,KXITFMATCH-26SEP15VANSEG-VAN,https://kalshi.com/markets/kxitfmatch/itf-men-s-match,https://kalshi.com/markets/kxitfmatch/itf-men-s-match/kxitfmatch-26sep15vanseg,Eric Vanshelboim wins,Eric Vanshelboim,KXITFMATCH-26SEP15VANSEG,,KXITFMATCH,ITF Men's Match,Sports,"[""Tennis""]",settled,binary,0,1,0.99,0.99,0.01,0.99,1,70320.26,70320.26,63979.75,0,2026-09-14T18:12:00Z,2026-09-15T13:25:37Z,2026-09-29T10:00:00Z,,yes,Eric Vanshelboim,structured,,,,True,2026-09-15T17:18:19+00:00
kalshi,KXSOL15M-26SEP142330-30,https://kalshi.com/markets/kxsol15m/solana-15-minutes,https://kalshi.com/markets/kxsol15m/solana-15-minutes/kxsol15m-26sep142330,SOL price up in next 15 mins?,Target Price: $101.4447,KXSOL15M-26SEP142330,,KXSOL15M,Solana 15 minutes,Crypto,"[""15 min"", ""SOL"", ""15 Min Markets""]",settled,binary,0,1,0.999,0.999,0.001,0.999,1,70287.22,70287.22,18868.07,0,2026-09-15T03:15:00Z,2026-09-15T03:30:00Z,2026-09-22T03:30:00Z,,yes,101.5198,greater_or_equal,101.4447,,,True,2026-09-15T17:18:35+00:00
kalshi,KXETH15M-26SEP150415-15,https://kalshi.com/markets/kxeth15m/eth-15m-price-up-down,https://kalshi.com/markets/kxeth15m/eth-15m-price-up-down/kxeth15m-26sep150415,ETH price up in next 15 mins?,"Target Price: $2,472.32",KXETH15M-26SEP150415,,KXETH15M,ETH 15M price up down,Crypto,"[""ETH"", ""15 min"", ""15 Min Markets""]",settled,binary,0,1,0.001,0.001,0.999,0.001,1,70182.97,70182.97,33165.61,0,2026-09-15T08:00:00Z,2026-09-15T08:15:00Z,2026-09-22T08:15:00Z,,no,2469.86,greater_or_equal,2472.32,,,True,2026-09-15T17:18:24+00:00
kalshi,KXMLBHR-26SEP141940ATLCHC-CHCPCROWARMSTRONG4-1,https://kalshi.com/markets/kxmlbhr/pro-baseball-home-runs,https://kalshi.com/markets/kxmlbhr/pro-baseball-home-runs/kxmlbhr-26sep141940atlchc,Pete Crow-Armstrong: 1+ home runs?,Pete Crow-Armstrong: 1+,KXMLBHR-26SEP141940ATLCHC,,KXMLBHR,Pro Baseball Home Runs,Sports,"[""Baseball""]",settled,binary,0,1,0.99,0.99,0.01,0.99,1,98476.25,70177.48,77939.41,0,2026-09-14T02:11:00Z,2026-09-15T02:45:08Z,2026-09-17T23:40:00Z,,yes,Pete Crow-Armstrong: 1 home runs,greater,0.5,,,True,2026-09-15T17:18:38+00:00
kalshi,KXGOLD15M-26SEP150545-45,https://kalshi.com/markets/kxgold15m/gold-15-minute,https://kalshi.com/markets/kxgold15m/gold-15-minute/kxgold15m-26sep150545,Gold price up in next 15 mins?,"Target Price: $4,267.18",KXGOLD15M-26SEP150545,,KXGOLD15M,Gold 15-minute,Commodities,"[""Metals""]",settled,binary,0,1,0.999,0.999,0.001,0.999,1,70126.4,70126.4,23718.92,0,2026-09-15T09:30:00Z,2026-09-15T09:45:00Z,2026-09-22T09:45:00Z,,yes,4269.71,greater_or_equal,4267.18,,,True,2026-09-15T17:18:23+00:00
kalshi,KXALLSVENSKANGAME-26SEP14DJUGAIS-DJU,https://kalshi.com/markets/kxallsvenskangame/allsvenskan-game,https://kalshi.com/markets/kxallsvenskangame/allsvenskan-game/kxallsvenskangame-26sep14djugais,Djurgarden wins,Djurgarden,KXALLSVENSKANGAME-26SEP14DJUGAIS,,KXALLSVENSKANGAME,Allsvenskan Game,Sports,"[""Soccer""]",settled,binary,0,1,0.99,0.99,0.01,0.99,1,79212.66,70093.27,43400.51,0,2026-09-10T00:33:00Z,2026-09-14T19:08:17Z,2026-09-16T17:00:00Z,,yes,Djurgarden,structured,,,,True,2026-09-15T17:18:55+00:00
kalshi,KXWTASETWINNER-26SEP13JACSAM-1-JAC,https://kalshi.com/markets/kxwtasetwinner/wta-set-winner,https://kalshi.com/markets/kxwtasetwinner/wta-set-winner/kxwtasetwinner-26sep13jacsam-1,Will Elsa Jacquemot win set 1 in the Elsa Jacquemot vs Liudmila Samsonova match,Elsa Jacquemot,KXWTASETWINNER-26SEP13JACSAM-1,,KXWTASETWINNER,WTA Set Winner,Sports,"[""Tennis""]",settled,binary,0,1,0.01,0.01,0.99,0.01,1,69938.7,69938.7,29292.17,0,2026-09-12T16:20:00Z,2026-09-15T01:55:49Z,2026-09-27T16:00:00Z,,no,"Samsonova, Liudmila",structured,,,,True,2026-09-15T17:18:42+00:00
kalshi,KXWTI15M-26SEP151130-30,https://kalshi.com/markets/kxwti15m/wti-15-minute,https://kalshi.com/markets/kxwti15m/wti-15-minute/kxwti15m-26sep151130,WTI Oil price up in next 15 mins?,Target Price: $99.97,KXWTI15M-26SEP151130,,KXWTI15M,WTI 15-minute,Commodities,"[""Oil & Gas""]",settled,binary,0,1,0.007,0.007,0.993,0.007,1,69777.75,69777.75,27561.14,0,2026-09-15T15:15:00Z,2026-09-15T15:30:00Z,2026-09-22T15:30:00Z,,no,99.90,greater_or_equal,99.97,,,True,2026-09-15T17:18:18+00:00
kalshi,KXXRP15M-26SEP141445-45,https://kalshi.com/markets/kxxrp15m/xrp-15-minute,https://kalshi.com/markets/kxxrp15m/xrp-15-minute/kxxrp15m-26sep141445,XRP price up in next 15 mins?,Target Price: $1.4515,KXXRP15M-26SEP141445,,KXXRP15M,XRP 15 Minute,Crypto,"[""15 min"", ""XRP"", ""15 Min Markets""]",settled,binary,0,1,0.999,0.999,0.001,0.999,1,69775.52,69775.52,35577.59,0,2026-09-14T18:30:00Z,2026-09-14T18:45:00Z,2026-09-21T18:45:00Z,,yes,1.4655,greater_or_equal,1.4515,,,True,2026-09-15T17:18:57+00:00
kalshi,KXBTCD-26SEP1501-T77399.99,https://kalshi.com/markets/kxbtcd/bitcoin-price-above-below,https://kalshi.com/markets/kxbtcd/bitcoin-price-above-below/kxbtcd-26sep1501,"Bitcoin price on Sep 15, 2026?","$77,400 or above",KXBTCD-26SEP1501,"BTC price on Sep 15, 2026 at 1am EDT?",KXBTCD,Bitcoin price Above/below,Crypto,"[""Hourly"", ""BTC""]",settled,binary,0,1,0.99,0.99,0.01,0.99,1,69772.69,69772.69,38988.79,0,2026-09-15T04:00:00Z,2026-09-15T05:00:00Z,2026-09-22T05:00:00Z,,yes,77557.97,greater,77399.99,,BRTI,True,2026-09-15T17:18:30+00:00
kalshi,KXNFLRSHYDS-26SEP14DENKC-DENBNIX10-10,https://kalshi.com/markets/kxnflrshyds/pro-football-rushing-yards,https://kalshi.com/markets/kxnflrshyds/pro-football-rushing-yards/kxnflrshyds-26sep14denkc,Bo Nix: 10+ rushing yards,Bo Nix: 10+,KXNFLRSHYDS-26SEP14DENKC,,KXNFLRSHYDS,Pro Football Rushing Yards,Sports,"[""Football""]",settled,binary,0,1,0.01,0.01,0.99,0.01,1,72124.66,69672.55,38194.63,0,2026-09-04T21:04:00Z,2026-09-15T03:35:22Z,2026-09-17T00:15:00Z,,no,rushing_yards,greater,9.5,,,True,2026-09-15T17:18:35+00:00
kalshi,KXXRP15M-26SEP141845-45,https://kalshi.com/markets/kxxrp15m/xrp-15-minute,https://kalshi.com/markets/kxxrp15m/xrp-15-minute/kxxrp15m-26sep141845,XRP price up in next 15 mins?,Target Price: $1.4424,KXXRP15M-26SEP141845,,KXXRP15M,XRP 15 Minute,Crypto,"[""15 min"", ""XRP"", ""15 Min Markets""]",settled,binary,0,1,0.001,0.001,0.999,0.001,1,69637.56,69637.56,17906.34,0,2026-09-14T22:30:00Z,2026-09-14T22:45:00Z,2026-09-21T22:45:00Z,,no,1.4412,greater_or_equal,1.4424,,,True,2026-09-15T17:18:48+00:00
kalshi,KXXRP15M-26SEP142115-15,https://kalshi.com/markets/kxxrp15m/xrp-15-minute,https://kalshi.com/markets/kxxrp15m/xrp-15-minute/kxxrp15m-26sep142115,XRP price up in next 15 mins?,Target Price: $1.4190,KXXRP15M-26SEP142115,,KXXRP15M,XRP 15 Minute,Crypto,"[""15 min"", ""XRP"", ""15 Min Markets""]",settled,binary,0,1,0.001,0.001,0.999,0.001,1,69613.26,69613.26,32544.01,0,2026-09-15T01:00:00Z,2026-09-15T01:15:00Z,2026-09-22T01:15:00Z,,no,1.4169,greater_or_equal,1.419,,,True,2026-09-15T17:18:42+00:00
kalshi,KXNFLTD-26SEP14DENKC-DENJWADDLE17-2,https://kalshi.com/markets/kxnfltd/pro-football-touchdowns,https://kalshi.com/markets/kxnfltd/pro-football-touchdowns/kxnfltd-26sep14denkc,Jaylen Waddle: 2+ touchdowns,Jaylen Waddle: 2+,KXNFLTD-26SEP14DENKC,Denver vs Kansas City: Touchdowns,KXNFLTD,Pro Football Touchdowns,Sports,"[""Football""]",settled,binary,0,1,0.07,0.07,0.93,0.07,1,95836.26,69404.55,90854.87,0,2026-09-04T21:04:00Z,2026-09-15T03:51:25Z,2026-09-17T00:15:00Z,,no,anytime_td,greater,1.5,,,True,2026-09-15T17:18:34+00:00
kalshi,KXETH15M-26SEP150530-30,https://kalshi.com/markets/kxeth15m/eth-15m-price-up-down,https://kalshi.com/markets/kxeth15m/eth-15m-price-up-down/kxeth15m-26sep150530,ETH price up in next 15 mins?,"Target Price: $2,472.60",KXETH15M-26SEP150530,,KXETH15M,ETH 15M price up down,Crypto,"[""ETH"", ""15 min"", ""15 Min Markets""]",settled,binary,0,1,0.999,0.999,0.001,0.999,1,69341.04,69341.04,19773.05,0,2026-09-15T09:15:00Z,2026-09-15T09:30:00Z,2026-09-22T09:30:00Z,,yes,2474.06,greater_or_equal,2472.6,,,True,2026-09-15T17:18:23+00:00
kalshi,KXARGPREMDIVTOTAL-26SEP14IACCRCU-3,https://kalshi.com/markets/kxargpremdivtotal/argentina-premier-division-total,https://kalshi.com/markets/kxargpremdivtotal/argentina-premier-division-total/kxargpremdivtotal-26sep14iaccrcu,Will over 2.5 goals be scored?,Over 2.5 goals scored,KXARGPREMDIVTOTAL-26SEP14IACCRCU,,KXARGPREMDIVTOTAL,Argentina Premier Division Total,Sports,"[""Soccer""]",settled,binary,0,1,0.99,0.99,0.01,0.99,1,69423.72,69322.72,30949.4,0,2026-09-14T01:05:00Z,2026-09-15T02:29:39Z,2026-09-17T00:15:00Z,,yes,3,greater,2.5,,,True,2026-09-15T17:18:38+00:00
kalshi,KXSILVER15M-26SEP151300-00,https://kalshi.com/markets/kxsilver15m/silver-15-minute,https://kalshi.com/markets/kxsilver15m/silver-15-minute/kxsilver15m-26sep151300,Silver price up in next 15 mins?,Target Price: $63.446,KXSILVER15M-26SEP151300,,KXSILVER15M,Silver 15-minute,Commodities,"[""Metals""]",settled,binary,0,1,0.999,0.999,0.001,0.999,1,69284.36,69284.36,13023.85,0,2026-09-15T16:45:00Z,2026-09-15T17:00:00Z,2026-09-22T17:00:00Z,,yes,63.461,greater_or_equal,63.446,,,True,2026-09-15T17:18:16+00:00
kalshi,KXHYPE15M-26SEP141815-15,https://kalshi.com/markets/kxhype15m/hype-15-min,https://kalshi.com/markets/kxhype15m/hype-15-min/kxhype15m-26sep141815,HYPE price up in next 15 mins?,Target Price: $80.6064,KXHYPE15M-26SEP141815,,KXHYPE15M,Hype 15 min,Crypto,"[""HYPE"", ""15 min"", ""15 Min Markets""]",settled,binary,0,1,0.001,0.001,0.999,0.001,1,69278.88,69278.88,19003.68,0,2026-09-14T22:00:00Z,2026-09-14T22:15:00Z,2026-09-21T22:15:00Z,,no,80.5845,greater_or_equal,80.6064,,,True,2026-09-15T17:18:48+00:00
kalshi,KXETH15M-26SEP141945-45,https://kalshi.com/markets/kxeth15m/eth-15m-price-up-down,https://kalshi.com/markets/kxeth15m/eth-15m-price-up-down/kxeth15m-26sep141945,ETH price up in next 15 mins?,"Target Price: $2,525.04",KXETH15M-26SEP141945,,KXETH15M,ETH 15M price up down,Crypto,"[""ETH"", ""15 min"", ""15 Min Markets""]",settled,binary,0,1,0.001,0.001,0.999,0.001,1,69226.23,69226.23,41705.71,0,2026-09-14T23:30:00Z,2026-09-14T23:45:00Z,2026-09-21T23:45:00Z,,no,2519.36,greater_or_equal,2525.04,,,True,2026-09-15T17:18:46+00:00
kalshi,KXWTADOUBLES-26SEP14PANSORGLEPIT-GLEPIT,https://kalshi.com/markets/kxwtadoubles/wta-doubles-tennis-match,https://kalshi.com/markets/kxwtadoubles/wta-doubles-tennis-match/kxwtadoubles-26sep14pansorglepit,Quinn Gleason / Katarzyna Piter wins,Quinn Gleason / Katarzyna Piter,KXWTADOUBLES-26SEP14PANSORGLEPIT,,KXWTADOUBLES,WTA Doubles Tennis Match,Sports,"[""Tennis""]",settled,binary,0,1,0.99,0.99,0.01,0.99,1,70219.13,68916.13,38605.86,0,2026-09-13T16:05:00Z,2026-09-14T23:00:11Z,2026-09-28T16:00:00Z,,yes,Quinn Gleason / Katarzyna Piter,structured,,,,True,2026-09-15T17:18:46+00:00
kalshi,KXNFLFIRSTTDTEAM-26SEP14DENKC-NONE,https://kalshi.com/markets/kxnflfirsttdteam/pro-football-first-team-to-score-a-touchdown,https://kalshi.com/markets/kxnflfirsttdteam/pro-football-first-team-to-score-a-touchdown/kxnflfirsttdteam-26sep14denkc,No team scores a TD,No team scores a TD,KXNFLFIRSTTDTEAM-26SEP14DENKC,,KXNFLFIRSTTDTEAM,Pro Football First Team to Score a Touchdown,Sports,"[""Football""]",settled,binary,0,1,0.01,0.01,0.99,0.01,1,94108.46,68783.59,94108.46,0,2026-09-02T19:45:00Z,2026-09-15T00:31:35Z,2026-09-17T00:15:00Z,,no,KC Chiefs scores first TD,structured,,,,True,2026-09-15T17:18:44+00:00
kalshi,KXNFL4QSPREAD-26SEP14DENKC-KC11,https://kalshi.com/markets/kxnfl4qspread/pro-football-4th-quarter-spread,https://kalshi.com/markets/kxnfl4qspread/pro-football-4th-quarter-spread/kxnfl4qspread-26sep14denkc,KC Chiefs wins 4Q by over 10.5 points?,KC Chiefs wins 4Q by over 10.5 points,KXNFL4QSPREAD-26SEP14DENKC,,KXNFL4QSPREAD,Pro Football 4th Quarter Spread,Sports,"[""Football""]",settled,binary,0,1,0.01,0.01,0.99,0.01,1,68726.79,68726.79,32112.66,0,2026-09-02T18:39:00Z,2026-09-15T03:19:53Z,2026-09-17T00:15:00Z,,no,7,greater,10.5,,,True,2026-09-15T17:18:35+00:00
kalshi,KXAFCCLGAME-26SEP15BJGPOH-POH,https://kalshi.com/markets/kxafcclgame/afc-champions-league-game,https://kalshi.com/markets/kxafcclgame/afc-champions-league-game/kxafcclgame-26sep15bjgpoh,Pohang Steelers wins,Pohang Steelers,KXAFCCLGAME-26SEP15BJGPOH,Beijing Guoan vs Pohang Steelers,KXAFCCLGAME,AFC Champions League Game,Sports,"[""Soccer""]",settled,binary,0,1,0.01,0.01,0.99,0.01,1,68720.99,68662.16,48014.87,0,2026-09-01T00:34:00Z,2026-09-15T14:32:34Z,2026-09-17T18:15:00Z,,no,Beijing Guoan,structured,,,,True,2026-09-15T17:18:18+00:00
kalshi,KXATPCHALLENGERMATCH-26SEP15LACAN-CAN,https://kalshi.com/markets/kxatpchallengermatch/challenger-atp,https://kalshi.com/markets/kxatpchallengermatch/challenger-atp/kxatpchallengermatch-26sep15lacan,Carlo Alberto Caniato wins,Carlo Alberto Caniato,KXATPCHALLENGERMATCH-26SEP15LACAN,,KXATPCHALLENGERMATCH,Challenger ATP ,Sports,"[""Tennis""]",settled,binary,0,1,0.99,0.99,0.01,0.99,1,68644.65,68644.65,55610.73,0,2026-09-14T22:30:00Z,2026-09-15T14:15:18Z,2026-09-29T10:20:00Z,,yes,Carlo Alberto Caniato,structured,,,,True,2026-09-15T17:18:19+00:00
kalshi,KXNEXTTEAMNBA-26KLEONARD2-TOR,https://kalshi.com/markets/kxnextteamnba/next-nba-team,https://kalshi.com/markets/kxnextteamnba/next-nba-team/kxnextteamnba-26kleonard2,What will be Kawhi Leonard's next team?,Toronto,KXNEXTTEAMNBA-26KLEONARD2,,KXNEXTTEAMNBA,Next NBA Team,Sports,"[""Basketball""]",settled,binary,0,1,0.99,0.99,0.01,0.99,1,873834.62,68633.53,291513.85,0,2026-04-29T17:00:00Z,2026-09-15T14:20:12Z,2026-10-28T14:00:00Z,,yes,Toronto,structured,,,,True,2026-09-15T17:18:19+00:00
kalshi,KXWTI15M-26SEP142215-15,https://kalshi.com/markets/kxwti15m/wti-15-minute,https://kalshi.com/markets/kxwti15m/wti-15-minute/kxwti15m-26sep142215,WTI Oil price up in next 15 mins?,Target Price: $98.41,KXWTI15M-26SEP142215,,KXWTI15M,WTI 15-minute,Commodities,"[""Oil & Gas""]",settled,binary,0,1,0.001,0.001,0.999,0.001,1,68534.52,68534.52,36755.37,0,2026-09-15T02:00:00Z,2026-09-15T02:15:00Z,2026-09-22T02:15:00Z,,no,98.21,greater_or_equal,98.41,,,True,2026-09-15T17:18:40+00:00
kalshi,KXMLBTOTAL-26SEP141840LADCIN-7,https://kalshi.com/markets/kxmlbtotal/pro-baseball-total-points,https://kalshi.com/markets/kxmlbtotal/pro-baseball-total-points/kxmlbtotal-26sep141840ladcin,Over 6.5 runs scored,Over 6.5 runs scored,KXMLBTOTAL-26SEP141840LADCIN,Los Angeles D vs Cincinnati: Total Runs,KXMLBTOTAL,Pro Baseball Total Points,Sports,"[""Baseball""]",settled,binary,0,1,0.01,0.01,0.99,0.01,1,81577.91,68457.28,39531.71,0,2026-09-13T20:00:00Z,2026-09-15T00:59:47Z,2026-09-17T22:40:00Z,,no,5,greater,6.5,,,True,2026-09-15T17:18:44+00:00
kalshi,KXWTADOUBLES-26SEP14LEPSTEDOLKHR-DOLKHR,https://kalshi.com/markets/kxwtadoubles/wta-doubles-tennis-match,https://kalshi.com/markets/kxwtadoubles/wta-doubles-tennis-match/kxwtadoubles-26sep14lepstedolkhr,Caroline Dolehide / Irina Khromacheva wins,Caroline Dolehide / Irina Khromacheva,KXWTADOUBLES-26SEP14LEPSTEDOLKHR,,KXWTADOUBLES,WTA Doubles Tennis Match,Sports,"[""Tennis""]",settled,binary,0,1,0.99,0.99,0.01,0.99,1,68457.45,68451.03,49887.36,0,2026-09-13T16:05:00Z,2026-09-15T01:20:15Z,2026-09-28T16:00:00Z,,yes,Caroline Dolehide / Irina Khromacheva,structured,,,,True,2026-09-15T17:18:42+00:00
kalshi,KXMLBTOTAL-26SEP142040SDCOL-13,https://kalshi.com/markets/kxmlbtotal/pro-baseball-total-points,https://kalshi.com/markets/kxmlbtotal/pro-baseball-total-points/kxmlbtotal-26sep142040sdcol,Over 12.5 runs scored,Over 12.5 runs scored,KXMLBTOTAL-26SEP142040SDCOL,San Diego vs Colorado: Total Runs,KXMLBTOTAL,Pro Baseball Total Points,Sports,"[""Baseball""]",settled,binary,0,1,0.99,0.99,0.01,0.99,1,70527.47,68434.17,35380.61,0,2026-09-13T20:00:00Z,2026-09-15T03:09:35Z,2026-09-18T00:40:00Z,,yes,13,greater,12.5,,,True,2026-09-15T17:18:35+00:00
kalshi,KXNFLRSHYDS-26SEP14DENKC-KCPMAHOMES15-20,https://kalshi.com/markets/kxnflrshyds/pro-football-rushing-yards,https://kalshi.com/markets/kxnflrshyds/pro-football-rushing-yards/kxnflrshyds-26sep14denkc,Patrick Mahomes: 20+ rushing yards,Patrick Mahomes: 20+,KXNFLRSHYDS-26SEP14DENKC,,KXNFLRSHYDS,Pro Football Rushing Yards,Sports,"[""Football""]",settled,binary,0,1,0.99,0.99,0.01,0.99,1,72445.4,68288.74,51306.66,0,2026-09-10T23:28:00Z,2026-09-15T03:35:24Z,2026-09-17T00:15:00Z,,yes,rushing_yards,greater,19.5,,,True,2026-09-15T17:18:35+00:00
kalshi,KXSILVER15M-26SEP141415-15,https://kalshi.com/markets/kxsilver15m/silver-15-minute,https://kalshi.com/markets/kxsilver15m/silver-15-minute/kxsilver15m-26sep141415,Silver price up in next 15 mins?,Target Price: $63.702,KXSILVER15M-26SEP141415,,KXSILVER15M,Silver 15-minute,Commodities,"[""Metals""]",settled,binary,0,1,0.999,0.999,0.001,0.999,1,68229.81,68229.81,17743.22,0,2026-09-14T18:00:00Z,2026-09-14T18:15:00Z,2026-09-21T18:15:00Z,,yes,63.706,greater_or_equal,63.702,,,True,2026-09-15T17:18:57+00:00
kalshi,KXNFLTD-26SEP14DENKC-KCCALLEN13-1,https://kalshi.com/markets/kxnfltd/pro-football-touchdowns,https://kalshi.com/markets/kxnfltd/pro-football-touchdowns/kxnfltd-26sep14denkc,Cyrus Allen: 1+ touchdowns,Cyrus Allen: 1+,KXNFLTD-26SEP14DENKC,Denver vs Kansas City: Touchdowns,KXNFLTD,Pro Football Touchdowns,Sports,"[""Football""]",settled,binary,0,1,0.01,0.01,0.99,0.01,1,79422.01,68171.65,74385.09,0,2026-09-04T21:04:00Z,2026-09-15T03:51:24Z,2026-09-17T00:15:00Z,,no,anytime_td,greater,0.5,,,True,2026-09-15T17:18:34+00:00
kalshi,KXNFL1HFT-26SEP14DENKC-TIEKC,https://kalshi.com/markets/kxnfl1hft/1st-half-fulltime-result,https://kalshi.com/markets/kxnfl1hft/1st-half-fulltime-result/kxnfl1hft-26sep14denkc,Tie in 1st Half / Kansas City wins game,Tie 1H / Kansas City wins game,KXNFL1HFT-26SEP14DENKC,,KXNFL1HFT,1st Half Fulltime Result,Sports,[],settled,binary,0,1,0.01,0.01,0.99,0.01,1,75605.29,68009.39,60932.88,0,2026-09-02T19:49:00Z,2026-09-15T01:59:55Z,2026-09-17T00:15:00Z,,no,KC Chiefs wins 1H / KC Chiefs wins game,custom,,,,True,2026-09-15T17:18:42+00:00
kalshi,KXBTCD-26SEP1414-T78499.99,https://kalshi.com/markets/kxbtcd/bitcoin-price-above-below,https://kalshi.com/markets/kxbtcd/bitcoin-price-above-below/kxbtcd-26sep1414,"Bitcoin price on Sep 14, 2026?","$78,500 or above",KXBTCD-26SEP1414,"BTC price on Sep 14, 2026 at 2pm EDT?",KXBTCD,Bitcoin price Above/below,Crypto,"[""Hourly"", ""BTC""]",settled,binary,0,1,0.99,0.99,0.01,0.99,1,90937.5,67861.71,40971.82,0,2026-09-14T17:00:00Z,2026-09-14T18:00:00Z,2026-09-21T18:00:00Z,,yes,78923.79,greater,78499.99,,BRTI,True,2026-09-15T17:18:59+00:00
kalshi,KXXRP15M-26SEP150145-45,https://kalshi.com/markets/kxxrp15m/xrp-15-minute,https://kalshi.com/markets/kxxrp15m/xrp-15-minute/kxxrp15m-26sep150145,XRP price up in next 15 mins?,Target Price: $1.4062,KXXRP15M-26SEP150145,,KXXRP15M,XRP 15 Minute,Crypto,"[""15 min"", ""XRP"", ""15 Min Markets""]",settled,binary,0,1,0.001,0.001,0.999,0.001,1,67613.34,67613.34,21786.6,0,2026-09-15T05:30:00Z,2026-09-15T05:45:00Z,2026-09-22T05:45:00Z,,no,1.4056,greater_or_equal,1.4062,,,True,2026-09-15T17:18:29+00:00
kalshi,KXETH15M-26SEP150815-15,https://kalshi.com/markets/kxeth15m/eth-15m-price-up-down,https://kalshi.com/markets/kxeth15m/eth-15m-price-up-down/kxeth15m-26sep150815,ETH price up in next 15 mins?,"Target Price: $2,475.97",KXETH15M-26SEP150815,,KXETH15M,ETH 15M price up down,Crypto,"[""ETH"", ""15 min"", ""15 Min Markets""]",settled,binary,0,1,0.999,0.999,0.001,0.999,1,67557.59,67557.59,31899.4,0,2026-09-15T12:00:00Z,2026-09-15T12:15:00Z,2026-09-22T12:15:00Z,,yes,2479.71,greater_or_equal,2475.97,,,True,2026-09-15T17:18:20+00:00
kalshi,KXATPCHALLENGERMATCH-26SEP15JANGUE-GUE,https://kalshi.com/markets/kxatpchallengermatch/challenger-atp,https://kalshi.com/markets/kxatpchallengermatch/challenger-atp/kxatpchallengermatch-26sep15jangue,Sascha Gueymard Wayenburg wins,Sascha Gueymard Wayenburg,KXATPCHALLENGERMATCH-26SEP15JANGUE,,KXATPCHALLENGERMATCH,Challenger ATP ,Sports,"[""Tennis""]",settled,binary,0,1,0.99,0.99,0.01,0.99,1,67423,67423,51113.82,0,2026-09-14T21:10:00Z,2026-09-15T10:30:41Z,2026-09-29T09:00:00Z,,yes,Sascha Gueymard Wayenburg,structured,,,,True,2026-09-15T17:18:22+00:00
kalshi,KXMLBHR-26SEP141910BALNYM-NYMBBATY7-1,https://kalshi.com/markets/kxmlbhr/pro-baseball-home-runs,https://kalshi.com/markets/kxmlbhr/pro-baseball-home-runs/kxmlbhr-26sep141910balnym,Brett Baty: 1+ home runs?,Brett Baty: 1+,KXMLBHR-26SEP141910BALNYM,,KXMLBHR,Pro Baseball Home Runs,Sports,"[""Baseball""]",settled,binary,0,1,0.03,0.03,0.97,0.03,1,67333.67,67333.67,66727.42,0,2026-09-14T19:50:00Z,2026-09-15T02:00:20Z,2026-09-17T23:10:00Z,,no,Brett Baty: 0 home runs,greater,0.5,,,True,2026-09-15T17:18:40+00:00
kalshi,KXNFL2Q-26SEP14DENKC-TIE,https://kalshi.com/markets/kxnfl2q/pro-football-2nd-quarter-winner,https://kalshi.com/markets/kxnfl2q/pro-football-2nd-quarter-winner/kxnfl2q-26sep14denkc,Will neither team win the 2nd Quarter?,Tie 2nd Quarter,KXNFL2Q-26SEP14DENKC,,KXNFL2Q,Pro Football 2nd Quarter Winner,Sports,"[""Football""]",settled,binary,0,1,0.01,0.01,0.99,0.01,1,68443.19,67288.69,38400.11,0,2026-09-02T18:39:00Z,2026-09-15T02:08:38Z,2026-09-17T00:15:00Z,,no,KC Chiefs wins 2nd Quarter,structured,,,,True,2026-09-15T17:18:40+00:00
kalshi,KXNFLRSHYDS-26SEP14DENKC-KCKWALKER9-65,https://kalshi.com/markets/kxnflrshyds/pro-football-rushing-yards,https://kalshi.com/markets/kxnflrshyds/pro-football-rushing-yards/kxnflrshyds-26sep14denkc,Kenneth Walker III: 65+ rushing yards,Kenneth Walker III: 65+,KXNFLRSHYDS-26SEP14DENKC,,KXNFLRSHYDS,Pro Football Rushing Yards,Sports,"[""Football""]",settled,binary,0,1,0.99,0.99,0.01,0.99,1,83802.49,67270.44,68481.94,0,2026-09-04T21:04:00Z,2026-09-15T03:35:20Z,2026-09-17T00:15:00Z,,yes,rushing_yards,greater,64.5,,,True,2026-09-15T17:18:35+00:00
kalshi,KXETH15M-26SEP150845-45,https://kalshi.com/markets/kxeth15m/eth-15m-price-up-down,https://kalshi.com/markets/kxeth15m/eth-15m-price-up-down/kxeth15m-26sep150845,ETH price up in next 15 mins?,"Target Price: $2,477.63",KXETH15M-26SEP150845,,KXETH15M,ETH 15M price up down,Crypto,"[""ETH"", ""15 min"", ""15 Min Markets""]",settled,binary,0,1,0.001,0.001,0.999,0.001,1,67155.21,67155.21,29234.99,0,2026-09-15T12:30:00Z,2026-09-15T12:45:00Z,2026-09-22T12:45:00Z,,no,2475.63,greater_or_equal,2477.63,,,True,2026-09-15T17:18:20+00:00
