source,id,url,event_url,title,outcome_label,event_id,event_title,series_id,series_title,category,tags,status,market_type,yes_bid,yes_ask,last_price,yes_price,no_price,implied_probability,spread,volume,volume_24h,open_interest,liquidity,open_time,close_time,expiration_time,settled_time,result,settlement_value,strike_type,floor_strike,cap_strike,settlement_station,can_close_early,fetched_at,price_change_24h_pts,outcomes,outcome_prices,yes_token_id
kalshi,KXATPCHALLENGERMATCH-26SEP09SEKMAT-MAT,https://kalshi.com/markets/kxatpchallengermatch/challenger-atp,https://kalshi.com/markets/kxatpchallengermatch/challenger-atp/kxatpchallengermatch-26sep09sekmat,Koki Matsuda wins,Koki Matsuda,KXATPCHALLENGERMATCH-26SEP09SEKMAT,Sekulic vs Matsuda,KXATPCHALLENGERMATCH,Challenger ATP ,Sports,"[""Tennis""]",open,binary,0.4,0.41,0.4,0.405,0.595,0.405,0.01,2784662.1,2782335.13,807817.87,0,2026-09-09T15:50:00Z,2026-09-24T03:40:00Z,2026-09-24T03:40:00Z,,,,structured,,,,True,2026-09-10T16:38:57+00:00,,,,
kalshi,KXATPCHALLENGERMATCH-26SEP09SEKMAT-SEK,https://kalshi.com/markets/kxatpchallengermatch/challenger-atp,https://kalshi.com/markets/kxatpchallengermatch/challenger-atp/kxatpchallengermatch-26sep09sekmat,Philip Sekulic wins,Philip Sekulic,KXATPCHALLENGERMATCH-26SEP09SEKMAT,Sekulic vs Matsuda,KXATPCHALLENGERMATCH,Challenger ATP ,Sports,"[""Tennis""]",open,binary,0.58,0.6,0.58,0.59,0.41,0.59,0.02,2399369.77,2381117.23,1050625.42,0,2026-09-09T15:50:00Z,2026-09-24T03:40:00Z,2026-09-24T03:40:00Z,,,,structured,,,,True,2026-09-10T16:38:57+00:00,,,,
polymarket,0xa3b36b2d6104d34af4e6c6215fc818e43352e78a748fbfb0b85e3a35f71dec9a,https://polymarket.com/event/fed-decision-in-september-762/will-there-be-no-change-in-fed-interest-rates-after-the-september-2026-meeting-615,,Will there be no change in Fed interest rates after the September 2026 meeting?,No change,481717,Fed Decision in September?,fed-decision-in-september-762,Fed Decision in September?,,[],open,binary,0.36,0.37,0.37,0.365,0.635,0.365,0.01,27261269.829294167,2043785.0876539994,,406969.3991,2026-05-13T21:23:13.517067Z,2026-09-16T00:00:00Z,2026-09-16T00:00:00Z,,,,,,,,,2026-09-10T16:38:51+00:00,-8,"[""Yes"", ""No""]","[0.365, 0.635]",5615282760875985231868508008056959876238536896643315063916840237042205273721
kalshi,KXATPCHALLENGERMATCH-26SEP10LANEU-LA,https://kalshi.com/markets/kxatpchallengermatch/challenger-atp,https://kalshi.com/markets/kxatpchallengermatch/challenger-atp/kxatpchallengermatch-26sep10laneu,Juan Manuel La Serna wins,Juan Manuel La Serna,KXATPCHALLENGERMATCH-26SEP10LANEU,La Serna vs Neumayer,KXATPCHALLENGERMATCH,Challenger ATP ,Sports,"[""Tennis""]",open,binary,0.07,0.09,0.07,0.08,0.92,0.08,0.02,1787333.02,1686441.6,599440.68,0,2026-09-09T22:50:00Z,2026-09-24T10:40:00Z,2026-09-24T10:40:00Z,,,,structured,,,,True,2026-09-10T16:38:53+00:00,,,,
polymarket,0x876506d8b2bd7a0d3fa4fe18c024eee6e1dd81ee24c26795dadd6cfe4a7b5d0d,https://polymarket.com/event/fed-decision-in-september-762/will-the-fed-increase-interest-rates-by-25-bps-after-the-september-2026-meeting-649,,Will the Fed increase interest rates by 25 bps after the September 2026 meeting?,25 bps increase,481717,Fed Decision in September?,fed-decision-in-september-762,Fed Decision in September?,,[],open,binary,0.63,0.64,0.64,0.635,0.365,0.635,0.01,21496600.190581057,1683049.9197670002,,435266.1691,2026-05-13T21:23:15.981841Z,2026-09-16T00:00:00Z,2026-09-16T00:00:00Z,,,,,,,,,2026-09-10T16:38:51+00:00,9,"[""Yes"", ""No""]","[0.635, 0.365]",63842529068710005716169325380315470359047749786610778647370693404952498013178
kalshi,KXFEDDECISION-26SEP-H0,https://kalshi.com/markets/kxfeddecision/fed-meeting,https://kalshi.com/markets/kxfeddecision/fed-meeting/kxfeddecision-26sep,Will the Federal Reserve Hike rates by 0bps at their September 2026 meeting?,Fed maintains rate,KXFEDDECISION-26SEP,Fed decision in Sep 2026?,KXFEDDECISION,Fed meeting,Economics,"[""Fed""]",open,binary,0.35,0.36,0.36,0.355,0.645,0.355,0.01,17610724.01,1523194.06,11803118.61,0,2025-09-29T14:00:00Z,2026-09-16T17:59:00Z,2026-12-16T18:01:00Z,,,,custom,,,,True,2026-09-10T16:40:29+00:00,,,,
polymarket,0x83ad701abaa7f29df91b66180fd3e5e12eed08024b217e77b61b769698afa957,https://polymarket.com/event/cs2-1win-b8-2026-09-10/cs2-1win-b8-2026-09-10,,Counter-Strike: 1WIN vs B8 (BO3) - PGL Masters Bucharest: European Qualifier Playoffs,Match Winner,994117,Counter-Strike: 1WIN vs B8 (BO3) - PGL Masters Bucharest: European Qualifier Playoffs,cs2-1win-b8-2026-09-10,Counter-Strike: 1WIN vs B8 (BO3) - PGL Masters Bucharest: European Qualifier Playoffs,,[],open,binary,0.999,1,0.999,0.9995,0.0005,0.9995,0.001,1396467.253271,1396462.1512300002,,724372.91342,2026-09-09T14:46:08Z,2026-09-10T20:15:00Z,2026-09-10T20:15:00Z,,,,,,,,,2026-09-10T16:38:51+00:00,53.45,"[""1WIN"", ""B8""]","[0.9995, 0.0005]",15192123067673507093236374356222377010838761975192287475942619412132429452432
kalshi,KXATPCHALLENGERMATCH-26SEP10LANEU-NEU,https://kalshi.com/markets/kxatpchallengermatch/challenger-atp,https://kalshi.com/markets/kxatpchallengermatch/challenger-atp/kxatpchallengermatch-26sep10laneu,Lukas Neumayer wins,Lukas Neumayer,KXATPCHALLENGERMATCH-26SEP10LANEU,La Serna vs Neumayer,KXATPCHALLENGERMATCH,Challenger ATP ,Sports,"[""Tennis""]",open,binary,0.91,0.92,0.92,0.915,0.085,0.915,0.01,1281152.82,1216896.75,717584.24,0,2026-09-09T22:50:00Z,2026-09-24T10:40:00Z,2026-09-24T10:40:00Z,,,,structured,,,,True,2026-09-10T16:38:53+00:00,,,,
polymarket,0xa1eba63a9c6490b57dac32d31fbbe97ab19807adf171250fdf35543c2598aff3,https://polymarket.com/event/ucl-fen-rom-2026-09-10/ucl-fen-rom-2026-09-10-rom,,Will AS Roma win on 2026-09-10?,AS Roma,931725,Fenerbahçe SK vs. AS Roma,ucl-fen-rom-2026-09-10,Fenerbahçe SK vs. AS Roma,,[],open,binary,0.5,0.51,0.51,0.505,0.495,0.505,0.01,1107613.2001549997,1094587.3374090001,,998855.4764,2026-08-29T18:00:24Z,2026-09-10T16:45:00Z,2026-09-10T16:45:00Z,,,,,,,,,2026-09-10T16:38:51+00:00,6,"[""Yes"", ""No""]","[0.505, 0.495]",66212165995022029603175153927881038102702901052395698916953787694127926213352
polymarket,0x24fa528980f193bc54e7143dc303a7800ddac43775782ff47a895a073c7d8104,https://polymarket.com/event/ucl-bay-bog-2026-09-10/ucl-bay-bog-2026-09-10-bog,,Will FK Bodø/Glimt win on 2026-09-10?,FK Bodø/Glimt,931729,FC Bayern München vs. FK Bodø/Glimt,ucl-bay-bog-2026-09-10,FC Bayern München vs. FK Bodø/Glimt,,[],open,binary,0.027,0.028,0.028,0.0275,0.9725,0.0275,0.001,1031344.2687710002,1005920.8494939997,,804876.33005,2026-08-29T18:00:27Z,2026-09-10T19:00:00Z,2026-09-10T19:00:00Z,,,,,,,,,2026-09-10T16:38:51+00:00,-1.5,"[""Yes"", ""No""]","[0.0275, 0.9725]",8824052224832958195497143662304404348474858268627408924074113458482619201642
kalshi,KXNFLGAME-26SEP10SFLAR-SF,https://kalshi.com/markets/kxnflgame/professional-football-game,https://kalshi.com/markets/kxnflgame/professional-football-game/kxnflgame-26sep10sflar,San Francisco vs Los Angeles R Pro Football game: San Francisco wins?,San Francisco,KXNFLGAME-26SEP10SFLAR,San Francisco vs Los Angeles R,KXNFLGAME,Professional Football Game,Sports,"[""Football""]",open,binary,0.35,0.36,0.36,0.355,0.645,0.355,0.01,1633707.86,968470.5,1450424.29,0,2026-05-15T17:04:00Z,2026-09-13T00:35:00Z,2026-09-13T00:35:00Z,,,,structured,,,,True,2026-09-10T16:40:09+00:00,,,,
kalshi,KXNFLGAME-26SEP10SFLAR-LAR,https://kalshi.com/markets/kxnflgame/professional-football-game,https://kalshi.com/markets/kxnflgame/professional-football-game/kxnflgame-26sep10sflar,San Francisco vs Los Angeles R Pro Football game: Los Angeles R wins?,Los Angeles R,KXNFLGAME-26SEP10SFLAR,San Francisco vs Los Angeles R,KXNFLGAME,Professional Football Game,Sports,"[""Football""]",open,binary,0.64,0.65,0.65,0.645,0.355,0.645,0.01,1575778.68,959131.22,1327581.3,0,2026-05-15T17:04:00Z,2026-09-13T00:35:00Z,2026-09-13T00:35:00Z,,,,structured,,,,True,2026-09-10T16:40:09+00:00,,,,
polymarket,0x2e4b58fc18dbffd74d5275d89fb076943f21992763c45dcadd81391b83bde13c,https://polymarket.com/event/fed-decision-in-september-762/will-the-fed-increase-interest-rates-by-50-bps-after-the-september-2026-meeting-664,,Will the Fed increase interest rates by 50+ bps after the September 2026 meeting?,50+ bps increase,481717,Fed Decision in September?,fed-decision-in-september-762,Fed Decision in September?,,[],open,binary,0.008,0.009,0.008,0.0085,0.9915,0.0085,0.001,15478057.705069017,955857.8674300001,,914484.03563,2026-05-13T21:23:16.501737Z,2026-09-16T00:00:00Z,2026-09-16T00:00:00Z,,,,,,,,,2026-09-10T16:38:51+00:00,,"[""Yes"", ""No""]","[0.0085, 0.9915]",88912926533493988427719291698947688154042720958310632316541141466409683822293
polymarket,0xac02cbb049e46d6a3627c0fdf52fa554982a9025d45968207b362acb6ca4b830,https://polymarket.com/event/fed-decision-in-september-762/will-the-fed-decrease-interest-rates-by-25-bps-after-the-september-2026-meeting-586,,Will the Fed decrease interest rates by 25 bps after the September 2026 meeting?,25 bps decrease,481717,Fed Decision in September?,fed-decision-in-september-762,Fed Decision in September?,,[],open,binary,0.003,0.004,0.004,0.0035,0.9965,0.0035,0.001,33829985.357527986,924044.824258,,1341640.81043,2026-05-13T21:23:11.486586Z,2026-09-16T00:00:00Z,2026-09-16T00:00:00Z,,,,,,,,,2026-09-10T16:38:51+00:00,-0.1,"[""Yes"", ""No""]","[0.0035, 0.9965]",57748138085022719760345772310040703848567377822400132842014290209986511882046
kalshi,KXNCAAFGAME-26SEP10FAMUMIA-FAMU,https://kalshi.com/markets/kxncaafgame/college-football-game,https://kalshi.com/markets/kxncaafgame/college-football-game/kxncaafgame-26sep10famumia,Florida A&M wins,Florida A&M,KXNCAAFGAME-26SEP10FAMUMIA,Florida A&M vs Miami (FL),KXNCAAFGAME,College Football Game,Sports,"[""Football""]",open,binary,0,0.01,0.01,0.005,0.995,0.005,0.01,2416292.05,915477.37,2413792.05,0,2026-08-25T14:38:00Z,2026-09-13T00:00:00Z,2026-09-13T00:00:00Z,,,,structured,,,,True,2026-09-10T16:39:37+00:00,,,,
kalshi,KXMLBGAME-26SEP101215TBATL-TB,https://kalshi.com/markets/kxmlbgame/professional-baseball-game,https://kalshi.com/markets/kxmlbgame/professional-baseball-game/kxmlbgame-26sep101215tbatl,Tampa Bay wins,Tampa Bay,KXMLBGAME-26SEP101215TBATL,Tampa Bay vs Atlanta,KXMLBGAME,Professional Baseball Game,Sports,"[""Baseball""]",open,binary,0.41,0.43,0.43,0.42,0.58,0.42,0.02,948188.05,876564.12,891457.77,0,2026-09-07T16:25:00Z,2026-09-13T16:15:00Z,2026-09-13T16:15:00Z,,,,structured,,,,True,2026-09-10T16:39:12+00:00,,,,
kalshi,KXUCLGAME-26SEP10FENROM-ROM,https://kalshi.com/markets/kxuclgame/uefa-champions-league-game,https://kalshi.com/markets/kxuclgame/uefa-champions-league-game/kxuclgame-26sep10fenrom,Roma wins,Roma,KXUCLGAME-26SEP10FENROM,Fenerbahce vs Roma,KXUCLGAME,UEFA Champions League Game,Sports,"[""Soccer""]",open,binary,0.5,0.51,0.51,0.505,0.495,0.505,0.01,973785.83,854751.81,857571.48,0,2026-09-03T00:38:00Z,2026-09-12T22:45:00Z,2026-09-12T22:45:00Z,,,,structured,,,,True,2026-09-10T16:39:25+00:00,,,,
kalshi,KXFEDDECISION-26SEP-H25,https://kalshi.com/markets/kxfeddecision/fed-meeting,https://kalshi.com/markets/kxfeddecision/fed-meeting/kxfeddecision-26sep,Will the Federal Reserve Hike rates by 25bps at their September 2026 meeting?,Hike 25bps,KXFEDDECISION-26SEP,Fed decision in Sep 2026?,KXFEDDECISION,Fed meeting,Economics,"[""Fed""]",open,binary,0.64,0.65,0.65,0.645,0.355,0.645,0.01,8186473.86,805679.67,4650081.78,0,2025-09-29T14:00:00Z,2026-09-16T17:59:00Z,2026-12-16T18:01:00Z,,,,custom,,,,True,2026-09-10T16:40:29+00:00,,,,
polymarket,0x5e464d85eb49f22d876f3ed6168a7db5e2288e9ae1eb91effd2758e994676f86,https://polymarket.com/event/fed-decision-in-september-762/will-the-fed-decrease-interest-rates-by-50-bps-after-the-september-2026-meeting-863,,Will the Fed decrease interest rates by 50+ bps after the September 2026 meeting?,50+ bps decrease,481717,Fed Decision in September?,fed-decision-in-september-762,Fed Decision in September?,,[],open,binary,0.001,0.002,0.002,0.0015,0.9985,0.0015,0.001,14781463.100784995,788982.11,,1370648.58102,2026-05-13T21:23:09.737806Z,2026-09-16T00:00:00Z,2026-09-16T00:00:00Z,,,,,,,,,2026-09-10T16:38:51+00:00,,"[""Yes"", ""No""]","[0.0015, 0.9985]",97186030785608128217926542396950266594898339988989015155120280107165449433603
kalshi,KXWT20MATCH-26SEP101030BANIND-BAN,https://kalshi.com/markets/kxwt20match/women-s-t20-match,https://kalshi.com/markets/kxwt20match/women-s-t20-match/kxwt20match-26sep101030banind,Bangladesh wins,Bangladesh,KXWT20MATCH-26SEP101030BANIND,India vs Bangladesh,KXWT20MATCH,Women's T20 Match,Sports,"[""Cricket""]",open,binary,0.01,0.02,0.02,0.015,0.985,0.015,0.01,847371.92,770331.15,604991.17,0,2026-09-09T00:10:00Z,2026-09-12T18:30:00Z,2026-09-12T18:30:00Z,,,,structured,,,,True,2026-09-10T16:39:05+00:00,,,,
kalshi,KXMLBGAME-26SEP101215TBATL-ATL,https://kalshi.com/markets/kxmlbgame/professional-baseball-game,https://kalshi.com/markets/kxmlbgame/professional-baseball-game/kxmlbgame-26sep101215tbatl,Atlanta wins,Atlanta,KXMLBGAME-26SEP101215TBATL,Tampa Bay vs Atlanta,KXMLBGAME,Professional Baseball Game,Sports,"[""Baseball""]",open,binary,0.57,0.59,0.58,0.58,0.42,0.58,0.02,804473.32,768793.49,759634.74,0,2026-09-07T16:25:00Z,2026-09-13T16:15:00Z,2026-09-13T16:15:00Z,,,,structured,,,,True,2026-09-10T16:39:12+00:00,,,,
kalshi,KXUCLGAME-26SEP10BMUBOG-BMU,https://kalshi.com/markets/kxuclgame/uefa-champions-league-game,https://kalshi.com/markets/kxuclgame/uefa-champions-league-game/kxuclgame-26sep10bmubog,Bayern Munich wins,Bayern Munich,KXUCLGAME-26SEP10BMUBOG,Bayern Munich vs Bodoe/Glimt,KXUCLGAME,UEFA Champions League Game,Sports,"[""Soccer""]",open,binary,0.9,0.92,0.92,0.91,0.09,0.91,0.02,641697.93,596167.57,527981.5,0,2026-09-03T00:39:00Z,2026-09-13T01:00:00Z,2026-09-13T01:00:00Z,,,,structured,,,,True,2026-09-10T16:39:25+00:00,,,,
kalshi,KXUCLGAME-26SEP10MUNSBH-SBH,https://kalshi.com/markets/kxuclgame/uefa-champions-league-game,https://kalshi.com/markets/kxuclgame/uefa-champions-league-game/kxuclgame-26sep10munsbh,Sabah Masazir wins,Sabah Masazir,KXUCLGAME-26SEP10MUNSBH,Manchester United vs Sabah Masazir,KXUCLGAME,UEFA Champions League Game,Sports,"[""Soccer""]",open,binary,0.02,0.03,0.03,0.025,0.975,0.025,0.01,665574.26,594830.63,628167.34,0,2026-09-03T00:39:00Z,2026-09-13T01:00:00Z,2026-09-13T01:00:00Z,,,,structured,,,,True,2026-09-10T16:39:25+00:00,,,,
kalshi,SENATEME-26-D,https://kalshi.com/markets/senateme/maine-senate-race,https://kalshi.com/markets/senateme/maine-senate-race/senateme-26,Will Democratics win the Senate race in Maine?,Troy Jackson,SENATEME-26,Maine Senate winner?,SENATEME,Maine Senate race,Elections,"[""Senate""]",open,binary,0.67,0.68,0.68,0.675,0.325,0.675,0.01,2548586.29,572068.39,1095563.91,0,2024-12-03T15:00:00Z,2027-11-03T15:00:00Z,2027-11-03T15:00:00Z,,,,structured,,,,True,2026-09-10T16:40:30+00:00,,,,
polymarket,0x320a0116959f7573f87212ce61e323438862689cdb4dc5e38b3a9f0fbd1cbed4,https://polymarket.com/event/laptop-fdv-above-one-day-after-launch/laptop-fdv-above-1b-one-day-after-launch,,LAPTOP FDV above $1B one day after launch?,$1B,983493,$LAPTOP FDV above ___ one day after launch?,laptop-fdv-above-one-day-after-launch,$LAPTOP FDV above ___ one day after launch?,,[],open,binary,0.04,0.045,0.04,0.0425,0.9575,0.0425,0.005,1474627.6565180006,544883.9785110002,,149106.56089,2026-09-07T16:29:13Z,2026-12-31T23:59:00Z,2026-12-31T23:59:00Z,,,,,,,,,2026-09-10T16:38:51+00:00,-21.25,"[""Yes"", ""No""]","[0.0425, 0.9575]",61390592850270337395152365537110100248925581337331717658494521703236806034725
kalshi,KXNFLSPREAD-26SEP10SFLAR-LAR4,https://kalshi.com/markets/kxnflspread/pro-football-spread,https://kalshi.com/markets/kxnflspread/pro-football-spread/kxnflspread-26sep10sflar,Los Angeles R wins by over 3.5 points?,Los Angeles R wins by over 3.5 points,KXNFLSPREAD-26SEP10SFLAR,San Francisco vs Los Angeles: Spread,KXNFLSPREAD,Pro Football Spread,Sports,"[""Football""]",open,binary,0.5,0.51,0.5,0.505,0.495,0.505,0.01,705328.04,536087.8,514667.29,0,2026-08-03T23:13:00Z,2026-09-13T00:35:00Z,2026-09-13T00:35:00Z,,,,greater,3.5,,,True,2026-09-10T16:39:52+00:00,,,,
kalshi,KXITFWMATCH-26SEP10GOBBAR-BAR,https://kalshi.com/markets/kxitfwmatch/itf-women-s-match,https://kalshi.com/markets/kxitfwmatch/itf-women-s-match/kxitfwmatch-26sep10gobbar,Isabella Barrera Aguirre wins,Isabella Barrera Aguirre,KXITFWMATCH-26SEP10GOBBAR,Gobbi Monllau vs Barrera Aguirre,KXITFWMATCH,ITF Women's Match,Sports,"[""Tennis""]",open,binary,0.43,0.44,0.46,0.435,0.565,0.435,0.01,504643.06,479504.09,240536.5,0,2026-09-09T22:12:00Z,2026-09-24T14:00:00Z,2026-09-24T14:00:00Z,,,,structured,,,,True,2026-09-10T16:38:53+00:00,,,,
polymarket,0x42b633e7acfedf301c4eb85acefc7430f2e76825c1f3324a39a5582d7a26599b,https://polymarket.com/event/us-x-iran-effective-ceasefire-begins-byptptpt-2-week-pause/us-x-iran-effective-ceasefire-by-september-4,,US x Iran Effective Ceasefire by September 4?,September 4,950983,US x Iran Effective Ceasefire begins by...? (2 week pause),us-x-iran-effective-ceasefire-begins-byptptpt-2-week-pause,US x Iran Effective Ceasefire begins by...? (2 week pause),,[],open,binary,0.58,0.59,0.59,0.585,0.415,0.585,0.01,1331411.7324030001,473942.39910299954,,62446.5513,2026-09-02T00:24:19Z,2026-09-04T23:59:00Z,2026-09-04T23:59:00Z,,,,,,,,,2026-09-10T16:38:51+00:00,17,"[""Yes"", ""No""]","[0.585, 0.415]",110531092871817326177676615981488848062239024242021648855998953959660629545985
kalshi,KXITFMATCH-26SEP10BENAHO-AHO,https://kalshi.com/markets/kxitfmatch/itf-men-s-match,https://kalshi.com/markets/kxitfmatch/itf-men-s-match/kxitfmatch-26sep10benaho,Walid Ahouda wins,Walid Ahouda,KXITFMATCH-26SEP10BENAHO,Bennani vs Ahouda,KXITFMATCH,ITF Men's Match,Sports,"[""Tennis""]",open,binary,0.37,0.4,0.4,0.385,0.615,0.385,0.03,532435.92,471387.88,222208.83,0,2026-09-09T21:12:00Z,2026-09-24T13:00:00Z,2026-09-24T13:00:00Z,,,,structured,,,,True,2026-09-10T16:38:53+00:00,,,,
kalshi,KXITFMATCH-26SEP10BENAHO-BEN,https://kalshi.com/markets/kxitfmatch/itf-men-s-match,https://kalshi.com/markets/kxitfmatch/itf-men-s-match/kxitfmatch-26sep10benaho,Karim Bennani wins,Karim Bennani,KXITFMATCH-26SEP10BENAHO,Bennani vs Ahouda,KXITFMATCH,ITF Men's Match,Sports,"[""Tennis""]",open,binary,0.59,0.6,0.6,0.595,0.405,0.595,0.01,524821.33,462195.44,279353.72,0,2026-09-09T21:12:00Z,2026-09-24T13:00:00Z,2026-09-24T13:00:00Z,,,,structured,,,,True,2026-09-10T16:38:53+00:00,,,,
polymarket,0xa526fc837cb8824074152805e508daa44017fd4b0729fe3d6f0fc69aa8cedd13,https://polymarket.com/event/laptop-fdv-above-one-day-after-launch/laptop-fdv-above-500m-one-day-after-launch,,LAPTOP FDV above $500M one day after launch?,$500M,983493,$LAPTOP FDV above ___ one day after launch?,laptop-fdv-above-one-day-after-launch,$LAPTOP FDV above ___ one day after launch?,,[],open,binary,0.77,0.8,0.75,0.785,0.215,0.785,0.03,993603.9270839998,446856.1661440001,,13650.1416,2026-09-07T16:29:14Z,2026-12-31T23:59:00Z,2026-12-31T23:59:00Z,,,,,,,,,2026-09-10T16:38:51+00:00,22,"[""Yes"", ""No""]","[0.785, 0.215]",72691498590329627056417089679857830107121966560913973056058862206568394608746
polymarket,0xefa17dee3af09f69f9ddf245b969aa4efbe7c71cdf06ee49d694408bc33e2ed2,https://polymarket.com/event/uefa-champions-league-2027-champion-20260701202025549/will-shakhtar-donetsk-win-the-2026-27-uefa-champions-league-championship-20260701202025578,,Will Shakhtar Donetsk win the 2026-27 UEFA Champions League Championship?,Shakhtar Donetsk,659671,UEFA Champions League: 2027 Champion,uefa-champions-league-2027-champion-20260701202025549,UEFA Champions League: 2027 Champion,,[],open,binary,0.001,0.002,0.002,0.0015,0.9985,0.0015,0.001,15816203.333,431707.29,,396132.68948,2026-07-02T19:05:19.55463Z,2027-05-30T23:59:00Z,2027-05-30T23:59:00Z,,,,,,,,,2026-09-10T16:38:51+00:00,,"[""Yes"", ""No""]","[0.0015, 0.9985]",33339798372916037220786136133406478491116150628220441951753426683441228279665
kalshi,KXWT20MATCH-26SEP101030BANIND-IND,https://kalshi.com/markets/kxwt20match/women-s-t20-match,https://kalshi.com/markets/kxwt20match/women-s-t20-match/kxwt20match-26sep101030banind,India wins,India,KXWT20MATCH-26SEP101030BANIND,India vs Bangladesh,KXWT20MATCH,Women's T20 Match,Sports,"[""Cricket""]",open,binary,0.98,0.99,0.98,0.985,0.015,0.985,0.01,462741.62,407966.36,266436.49,0,2026-09-09T00:10:00Z,2026-09-12T18:30:00Z,2026-09-12T18:30:00Z,,,,structured,,,,True,2026-09-10T16:39:05+00:00,,,,
kalshi,KXMLBTOTAL-26SEP101215TBATL-9,https://kalshi.com/markets/kxmlbtotal/pro-baseball-total-points,https://kalshi.com/markets/kxmlbtotal/pro-baseball-total-points/kxmlbtotal-26sep101215tbatl,Over 8.5 runs scored,Over 8.5 runs scored,KXMLBTOTAL-26SEP101215TBATL,Tampa Bay vs Atlanta: Total Runs,KXMLBTOTAL,Pro Baseball Total Points,Sports,"[""Baseball""]",open,binary,0.32,0.33,0.32,0.325,0.675,0.325,0.01,409157.76,403690.21,305292.64,0,2026-09-09T17:51:00Z,2026-09-13T16:15:00Z,2026-09-13T16:15:00Z,,,,greater,8.5,,,True,2026-09-10T16:38:56+00:00,,,,
polymarket,0xaed88e69aa25b45dc1a0d57e364b218433b0caebb84b07a2de08c67003f501c8,https://polymarket.com/event/ucl-bay-bog-2026-09-10/ucl-bay-bog-2026-09-10-bay,,Will FC Bayern München win on 2026-09-10?,FC Bayern München,931729,FC Bayern München vs. FK Bodø/Glimt,ucl-bay-bog-2026-09-10,FC Bayern München vs. FK Bodø/Glimt,,[],open,binary,0.91,0.92,0.92,0.915,0.085,0.915,0.01,396462.4398209999,376245.297602,,965490.2181,2026-08-29T18:00:27Z,2026-09-10T19:00:00Z,2026-09-10T19:00:00Z,,,,,,,,,2026-09-10T16:38:51+00:00,3,"[""Yes"", ""No""]","[0.915, 0.085]",42595297384768457487072353236468751138954383915835945182528333394635341607786
polymarket,0x159b4767e9a41095e4b1d0b57147e88e4e6cbfb40f1db14849e73641304b49db,https://polymarket.com/event/ucl-mnu-sf-2026-09-10/ucl-mnu-sf-2026-09-10-mnu,,Will Manchester United FC win on 2026-09-10?,Manchester United FC,931730,Manchester United FC vs. Sabah FK,ucl-mnu-sf-2026-09-10,Manchester United FC vs. Sabah FK,,[],open,binary,0.9,0.91,0.91,0.905,0.095,0.905,0.01,376876.96689299995,367811.68091200007,,239274.3533,2026-08-29T18:00:33Z,2026-09-10T19:00:00Z,2026-09-10T19:00:00Z,,,,,,,,,2026-09-10T16:38:51+00:00,3,"[""Yes"", ""No""]","[0.905, 0.095]",4172922786618602837995040789016048204313643837232898232548189975115331131787
kalshi,KXUCLGAME-26SEP10MUNSBH-MUN,https://kalshi.com/markets/kxuclgame/uefa-champions-league-game,https://kalshi.com/markets/kxuclgame/uefa-champions-league-game/kxuclgame-26sep10munsbh,Manchester United wins,Manchester United,KXUCLGAME-26SEP10MUNSBH,Manchester United vs Sabah Masazir,KXUCLGAME,UEFA Champions League Game,Sports,"[""Soccer""]",open,binary,0.88,0.89,0.89,0.885,0.115,0.885,0.01,591846.11,359637.66,583660.75,0,2026-09-03T00:39:00Z,2026-09-13T01:00:00Z,2026-09-13T01:00:00Z,,,,structured,,,,True,2026-09-10T16:39:25+00:00,,,,
polymarket,0xbc2411ad32549a7d62055cc59ecef3ce98e8c827451addc324321fffe5c29b86,https://polymarket.com/event/ucl-com-rbl-2026-09-10/ucl-com-rbl-2026-09-10-com,,Will Como 1907 win on 2026-09-10?,Como 1907,931727,Como 1907 vs. RB Leipzig,ucl-com-rbl-2026-09-10,Como 1907 vs. RB Leipzig,,[],open,binary,0.56,0.57,0.57,0.565,0.435,0.565,0.01,363471.43204000033,355365.94390100025,,343350.8969,2026-08-29T18:00:25Z,2026-09-10T19:00:00Z,2026-09-10T19:00:00Z,,,,,,,,,2026-09-10T16:38:51+00:00,4,"[""Yes"", ""No""]","[0.565, 0.435]",113393526686876846727001830869025009746681871019921281497668203430979347137783
kalshi,SENATEOHS-26-D,https://kalshi.com/markets/senateohs/special-senate-election-in-ohio,https://kalshi.com/markets/senateohs/special-senate-election-in-ohio/senateohs-26,Will Democratics win the Senate race in Ohio?,Sherrod Brown,SENATEOHS-26,Ohio Senate winner?,SENATEOHS,Special Senate election in Ohio,Elections,"[""Senate""]",open,binary,0.5,0.51,0.51,0.505,0.495,0.505,0.01,1493677.53,354452.5,1059068.97,0,2024-12-04T15:00:00Z,2027-11-03T15:00:00Z,2027-11-03T15:00:00Z,,,,structured,,,,True,2026-09-10T16:40:30+00:00,,,,
kalshi,KXWTACHALLENGERMATCH-26SEP10TREMAR-TRE,https://kalshi.com/markets/kxwtachallengermatch/challenger-wta,https://kalshi.com/markets/kxwtachallengermatch/challenger-wta/kxwtachallengermatch-26sep10tremar,Martina Trevisan wins,Martina Trevisan,KXWTACHALLENGERMATCH-26SEP10TREMAR,Trevisan vs Maristany Zuleta de Reales,KXWTACHALLENGERMATCH,Challenger WTA,Sports,"[""Tennis""]",open,binary,0.35,0.36,0.36,0.355,0.645,0.355,0.01,362238.16,352451.2,286823.38,0,2026-09-10T03:10:00Z,2026-09-24T15:00:00Z,2026-09-24T15:00:00Z,,,,structured,,,,True,2026-09-10T16:38:52+00:00,,,,
kalshi,KXNFLSPREAD-26SEP10SFLAR-LAR5,https://kalshi.com/markets/kxnflspread/pro-football-spread,https://kalshi.com/markets/kxnflspread/pro-football-spread/kxnflspread-26sep10sflar,Los Angeles R wins by over 4.5 points?,Los Angeles R wins by over 4.5 points,KXNFLSPREAD-26SEP10SFLAR,San Francisco vs Los Angeles: Spread,KXNFLSPREAD,Pro Football Spread,Sports,"[""Football""]",open,binary,0.46,0.47,0.47,0.465,0.535,0.465,0.01,363082.34,342907.11,354062.08,0,2026-08-03T23:13:00Z,2026-09-13T00:35:00Z,2026-09-13T00:35:00Z,,,,greater,4.5,,,True,2026-09-10T16:39:52+00:00,,,,
kalshi,SENATEIA-26-D,https://kalshi.com/markets/senateia/iowa-senate-race,https://kalshi.com/markets/senateia/iowa-senate-race/senateia-26,Will Democratics win the Senate race in Iowa?,Josh Turek,SENATEIA-26,Iowa Senate winner?,SENATEIA,Iowa Senate race,Elections,"[""Senate""]",open,binary,0.34,0.35,0.37,0.345,0.655,0.345,0.01,1431919.67,336481.23,762251.5,0,2024-12-03T15:00:00Z,2027-11-03T15:00:00Z,2027-11-03T15:00:00Z,,,,structured,,,,True,2026-09-10T16:40:30+00:00,,,,
polymarket,0x79b46363157f54f6c216e69a729951fa7a56406657b818986a7fdced2122e461,https://polymarket.com/event/atp-sekulic-matsuda-2026-09-09/atp-sekulic-matsuda-2026-09-09,,Phan Thiet 3: Philip Sekulic vs Koki Matsuda,,987759,Phan Thiet 3: Philip Sekulic vs Koki Matsuda,atp-sekulic-matsuda-2026-09-09,Phan Thiet 3: Philip Sekulic vs Koki Matsuda,,[],open,binary,0.578,0.587,0.579,0.5825,0.4175,0.5825,0.009,334190.20432,334190.2043200001,,15124.7761,2026-09-08T11:05:31Z,2026-09-17T03:00:00Z,2026-09-17T03:00:00Z,,,,,,,,,2026-09-10T16:38:51+00:00,-7.75,"[""Philip Sekulic"", ""Koki Matsuda""]","[0.5825, 0.4175]",61626157277164849706878735144520069914007661982533925197847012235874601600407
kalshi,KXITFWMATCH-26SEP10GOBBAR-GOB,https://kalshi.com/markets/kxitfwmatch/itf-women-s-match,https://kalshi.com/markets/kxitfwmatch/itf-women-s-match/kxitfwmatch-26sep10gobbar,Ana Victoria Gobbi Monllau wins,Ana Victoria Gobbi Monllau,KXITFWMATCH-26SEP10GOBBAR,Gobbi Monllau vs Barrera Aguirre,KXITFWMATCH,ITF Women's Match,Sports,"[""Tennis""]",open,binary,0.55,0.56,0.56,0.555,0.445,0.555,0.01,360380.66,330012.43,201577.66,0,2026-09-09T22:12:00Z,2026-09-24T14:00:00Z,2026-09-24T14:00:00Z,,,,structured,,,,True,2026-09-10T16:38:53+00:00,,,,
kalshi,KXUCLGAME-26SEP10PSVSHA-PSV,https://kalshi.com/markets/kxuclgame/uefa-champions-league-game,https://kalshi.com/markets/kxuclgame/uefa-champions-league-game/kxuclgame-26sep10psvsha,Eindhoven wins,Eindhoven,KXUCLGAME-26SEP10PSVSHA,Eindhoven vs Shakhtar,KXUCLGAME,UEFA Champions League Game,Sports,"[""Soccer""]",open,binary,0.66,0.67,0.67,0.665,0.335,0.665,0.01,355021.45,326527.69,350575.76,0,2026-09-03T00:39:00Z,2026-09-12T22:45:00Z,2026-09-12T22:45:00Z,,,,structured,,,,True,2026-09-10T16:39:25+00:00,,,,
polymarket,0x3cf790e534d59f6261152e0958ecac38519436b09b4bc1b300bb28490993394e,https://polymarket.com/event/mlb-tb-atl-2026-09-10/mlb-tb-atl-2026-09-10,,Tampa Bay Rays vs. Atlanta Braves,,964209,Tampa Bay Rays vs. Atlanta Braves,mlb-tb-atl-2026-09-10,Tampa Bay Rays vs. Atlanta Braves,,[],open,binary,0.41,0.42,0.42,0.415,0.585,0.415,0.01,307144.897653,307120.62394900015,,148946.2436,2026-09-04T13:00:40Z,2026-09-17T16:15:00Z,2026-09-17T16:15:00Z,,,,,,,,,2026-09-10T16:38:51+00:00,-5,"[""Tampa Bay Rays"", ""Atlanta Braves""]","[0.415, 0.585]",4220092698496217458328832377012206217748615097133952101037492792784606553551
polymarket,0x5c79dfde05559b79a9cb9f7c4187e4d49632dd042572ae676952f812732591cc,https://polymarket.com/event/strait-of-hormuz-traffic-returns-to-normal-by-december-31/strait-of-hormuz-traffic-returns-to-normal-by-december-31,,Strait of Hormuz traffic returns to normal by December 31?,,455875,Strait of Hormuz traffic returns to normal by December 31?,strait-of-hormuz-traffic-returns-to-normal-by-december-31,Strait of Hormuz traffic returns to normal by December 31?,,[],open,binary,0.16,0.17,0.17,0.165,0.835,0.165,0.01,11185854.401729997,301923.916609,,335286.9011,2026-05-11T13:03:57.905316Z,2026-12-31T00:00:00Z,2026-12-31T00:00:00Z,,,,,,,,,2026-09-10T16:38:51+00:00,-3,"[""Yes"", ""No""]","[0.165, 0.835]",83783489454659420807679723574840032660002326710045123865554753994450797728825
kalshi,KXITFWMATCH-26SEP10ESTMOY-EST,https://kalshi.com/markets/kxitfwmatch/itf-women-s-match,https://kalshi.com/markets/kxitfwmatch/itf-women-s-match/kxitfwmatch-26sep10estmoy,Josefina Estevez wins,Josefina Estevez,KXITFWMATCH-26SEP10ESTMOY,Estevez vs Moyano,KXITFWMATCH,ITF Women's Match,Sports,"[""Tennis""]",open,binary,0.94,0.96,0.96,0.95,0.05,0.95,0.02,336593.94,299176.2,138571.31,0,2026-09-09T22:12:00Z,2026-09-24T14:00:00Z,2026-09-24T14:00:00Z,,,,structured,,,,True,2026-09-10T16:38:53+00:00,,,,
kalshi,KXFEDDECISION-26SEP-H26,https://kalshi.com/markets/kxfeddecision/fed-meeting,https://kalshi.com/markets/kxfeddecision/fed-meeting/kxfeddecision-26sep,Will the Federal Reserve Hike rates by >25bps at their September 2026 meeting?,Hike >25bps,KXFEDDECISION-26SEP,Fed decision in Sep 2026?,KXFEDDECISION,Fed meeting,Economics,"[""Fed""]",open,binary,0.01,0.02,0.02,0.015,0.985,0.015,0.01,9784944.02,297094.36,8774432.13,0,2025-09-29T14:00:00Z,2026-09-16T17:59:00Z,2026-12-16T18:01:00Z,,,,custom,,,,True,2026-09-10T16:40:29+00:00,,,,
kalshi,KXSB-27-SEA,https://kalshi.com/markets/kxsb/super-bowl,https://kalshi.com/markets/kxsb/super-bowl/kxsb-27,Will Seattle win the 2027 Pro Football Championship?,Seattle,KXSB-27,2027 Pro Football Champion,KXSB,Super Bowl,Sports,"[""Football""]",open,binary,0.06,0.07,0.07,0.065,0.935,0.065,0.01,4426451.83,290042.74,3364015.1,0,2026-02-08T20:00:00Z,2029-02-13T23:30:00Z,2029-02-13T23:30:00Z,,,,structured,,,,True,2026-09-10T16:40:23+00:00,,,,
kalshi,KXUCLGAME-26SEP10BMUBOG-BOG,https://kalshi.com/markets/kxuclgame/uefa-champions-league-game,https://kalshi.com/markets/kxuclgame/uefa-champions-league-game/kxuclgame-26sep10bmubog,Bodoe/Glimt wins,Bodoe/Glimt,KXUCLGAME-26SEP10BMUBOG,Bayern Munich vs Bodoe/Glimt,KXUCLGAME,UEFA Champions League Game,Sports,"[""Soccer""]",open,binary,0.03,0.04,0.04,0.035,0.965,0.035,0.01,333050.34,280332.49,277164.52,0,2026-09-03T00:39:00Z,2026-09-13T01:00:00Z,2026-09-13T01:00:00Z,,,,structured,,,,True,2026-09-10T16:39:25+00:00,,,,
kalshi,KXATP-26USO-SHE,https://kalshi.com/markets/kxatp/men-s-tournament-winner,https://kalshi.com/markets/kxatp/men-s-tournament-winner/kxatp-26uso,Will Ben Shelton win the US Open Men's Singles?,Ben Shelton,KXATP-26USO,US Open Men's Singles Winner,KXATP,Men's Tournament Winner,Sports,"[""Tennis""]",open,binary,0.35,0.36,0.36,0.355,0.645,0.355,0.01,2755449.63,277977.21,1970033.24,0,2026-06-08T17:00:00Z,2026-09-28T02:00:00Z,2026-09-28T02:00:00Z,,,,structured,,,,True,2026-09-10T16:40:06+00:00,,,,
polymarket,0x3dc0c0259c47c3283f7a8e4b0f36d6fbef5a5c05d91b7705b25ad862439aeb41,https://polymarket.com/event/ucl-mnu-sf-2026-09-10/ucl-mnu-sf-2026-09-10-sf,,Will Sabah FK win on 2026-09-10?,Sabah FK,931730,Manchester United FC vs. Sabah FK,ucl-mnu-sf-2026-09-10,Manchester United FC vs. Sabah FK,,[],open,binary,0.027,0.028,0.027,0.0275,0.9725,0.0275,0.001,294402.1021000001,270581.5807839999,,253550.98551,2026-08-29T18:00:33Z,2026-09-10T19:00:00Z,2026-09-10T19:00:00Z,,,,,,,,,2026-09-10T16:38:51+00:00,-1,"[""Yes"", ""No""]","[0.0275, 0.9725]",113325735454220291590563414646242471112153778575702908351315193323102414644210
kalshi,KXMLBGAME-26SEP101305HOUPHI-PHI,https://kalshi.com/markets/kxmlbgame/professional-baseball-game,https://kalshi.com/markets/kxmlbgame/professional-baseball-game/kxmlbgame-26sep101305houphi,Philadelphia wins,Philadelphia,KXMLBGAME-26SEP101305HOUPHI,Houston vs Philadelphia,KXMLBGAME,Professional Baseball Game,Sports,"[""Baseball""]",open,binary,0.63,0.64,0.64,0.635,0.365,0.635,0.01,276446.33,265221.85,266952.52,0,2026-09-07T17:25:00Z,2026-09-13T17:05:00Z,2026-09-13T17:05:00Z,,,,structured,,,,True,2026-09-10T16:39:12+00:00,,,,
kalshi,KXT20MATCH-26SEP100915AMSBEL-BEL,https://kalshi.com/markets/kxt20match/men-s-t20-cricket-match,https://kalshi.com/markets/kxt20match/men-s-t20-cricket-match/kxt20match-26sep100915amsbel,Belfast Wolves wins,Belfast Wolves,KXT20MATCH-26SEP100915AMSBEL,Belfast Wolves vs Amsterdam Flames,KXT20MATCH,Men's T20 Cricket Match,Sports,"[""Cricket""]",open,binary,0.92,0.94,0.92,0.93,0.07,0.93,0.02,273208.06,263270.98,149897.54,0,2026-09-03T00:11:00Z,2026-09-12T17:15:00Z,2026-09-12T17:15:00Z,,,,structured,,,,True,2026-09-10T16:39:25+00:00,,,,
polymarket,0x96ca1dc52be749bcf3e3c40d1b9f3f07f8e7dcab24877480306c9920c0edd5e8,https://polymarket.com/event/atp-serna-neumaye-2026-09-10/atp-serna-neumaye-2026-09-10,,Tulln: Juan Manuel La Serna vs Lukas Neumayer,,989084,Tulln: Juan Manuel La Serna vs Lukas Neumayer,atp-serna-neumaye-2026-09-10,Tulln: Juan Manuel La Serna vs Lukas Neumayer,,[],open,binary,0.08,0.11,0.08,0.095,0.905,0.095,0.03,260493.290721,260493.29072099997,,54648.38811,2026-09-08T17:05:29Z,2026-09-17T08:00:00Z,2026-09-17T08:00:00Z,,,,,,,,,2026-09-10T16:38:51+00:00,-16,"[""Juan Manuel La Serna"", ""Lukas Neumayer""]","[0.095, 0.905]",97492468909452616384344258322941055015582568634269286484542596131907809270493
kalshi,KXDPWORLDTOUR-AMIO26-RMCI,https://kalshi.com/markets/kxdpworldtour/dp-world-tour-tournament-winner,https://kalshi.com/markets/kxdpworldtour/dp-world-tour-tournament-winner/kxdpworldtour-amio26,Will Rory McIlroy win the Amgen Irish Open?,Rory McIlroy,KXDPWORLDTOUR-AMIO26,Amgen Irish Open Winner,KXDPWORLDTOUR,DP World Tour Tournament Winner,Sports,"[""Golf""]",open,binary,0.13,0.15,0.15,0.14,0.86,0.14,0.02,420444.87,260453.88,363817.02,0,2026-09-05T16:05:00Z,2026-09-27T00:00:00Z,2026-09-27T00:00:00Z,,,,structured,,,,True,2026-09-10T16:39:19+00:00,,,,
kalshi,KXATP-26USO-ZVE,https://kalshi.com/markets/kxatp/men-s-tournament-winner,https://kalshi.com/markets/kxatp/men-s-tournament-winner/kxatp-26uso,Will Alexander Zverev win the US Open Men's Singles?,Alexander Zverev,KXATP-26USO,US Open Men's Singles Winner,KXATP,Men's Tournament Winner,Sports,"[""Tennis""]",open,binary,0.49,0.5,0.5,0.495,0.505,0.495,0.01,1909553.3,259984.28,1296310.22,0,2026-06-08T17:00:00Z,2026-09-28T02:00:00Z,2026-09-28T02:00:00Z,,,,structured,,,,True,2026-09-10T16:40:06+00:00,,,,
polymarket,0xdf8e2dc5860027decbe6164555c3c1c9645c3bd33e16b9dc57ca87125047d4a8,https://polymarket.com/event/brazil-presidential-election/will-luiz-incio-lula-da-silva-win-the-2026-brazilian-presidential-election,,Will Luiz Inácio Lula da Silva win the 2026 Brazilian presidential election?,Luiz Inácio Lula da Silva,45915,Brazil Presidential Election,brazil-presidential-election,Brazil Presidential Election,,[],open,binary,0.43,0.44,0.43,0.435,0.565,0.435,0.01,10449039.371196993,259859.492539,,207850.9772,2025-09-18T20:07:59.727557Z,2026-10-04T00:00:00Z,2026-10-04T00:00:00Z,,,,,,,,,2026-09-10T16:38:51+00:00,-9,"[""Yes"", ""No""]","[0.435, 0.565]",30630994248667897740988010928640156931882346081873066002335460180076741328029
kalshi,KXSB-27-SF,https://kalshi.com/markets/kxsb/super-bowl,https://kalshi.com/markets/kxsb/super-bowl/kxsb-27,Will San Francisco win the 2027 Pro Football Championship?,San Francisco,KXSB-27,2027 Pro Football Champion,KXSB,Super Bowl,Sports,"[""Football""]",open,binary,0.04,0.05,0.05,0.045,0.955,0.045,0.01,4285779.91,257868.98,3294632.01,0,2026-02-08T20:00:00Z,2029-02-13T23:30:00Z,2029-02-13T23:30:00Z,,,,structured,,,,True,2026-09-10T16:40:23+00:00,,,,
kalshi,KXNFLTOTAL-26SEP10SFLAR-50,https://kalshi.com/markets/kxnfltotal/pro-football-total-points,https://kalshi.com/markets/kxnfltotal/pro-football-total-points/kxnfltotal-26sep10sflar,Will there be over 49.5 points scored?,Over 49.5 points scored,KXNFLTOTAL-26SEP10SFLAR,San Francisco vs Los Angeles: Total Points,KXNFLTOTAL,Pro Football Total Points,Sports,"[""Football""]",open,binary,0.44,0.45,0.44,0.445,0.555,0.445,0.01,259806.73,256727.09,254374.86,0,2026-08-03T23:13:00Z,2026-09-13T00:35:00Z,2026-09-13T00:35:00Z,,,,greater,49.5,,,True,2026-09-10T16:39:52+00:00,,,,
kalshi,KXIPHONERELEASE-IPHONE18-26OCT01,https://kalshi.com/markets/kxiphonerelease/iphone,https://kalshi.com/markets/kxiphonerelease/iphone/kxiphonerelease-iphone18,"Will Apple Inc. release iPhone 18 before Oct 1, 2026?",Before October,KXIPHONERELEASE-IPHONE18,When will Apple release the iPhone 18?,KXIPHONERELEASE,iPhone,Financials,"[""Product launches"", ""Compute"", ""Companies""]",open,binary,0.01,0.02,0.02,0.015,0.985,0.015,0.01,2572179.14,253119.02,1341243.52,0,2025-12-31T03:00:00Z,2026-10-01T03:59:00Z,2026-10-08T14:00:00Z,,,,,,,,True,2026-09-10T16:40:26+00:00,,,,
kalshi,HOUSETX15-26-R,https://kalshi.com/markets/housetx15/house-tx-15,https://kalshi.com/markets/housetx15/house-tx-15/housetx15-26,Will Republican win the House race for TX-15?,Monica De La Cruz,HOUSETX15-26,TX-15 House winner?,HOUSETX15,House TX 15,Elections,"[""House""]",open,binary,0.4,0.41,0.42,0.405,0.595,0.405,0.01,1535472.93,250669.08,1141747.68,0,2025-07-01T21:00:00Z,2027-11-03T15:00:00Z,2027-11-03T15:00:00Z,,,,structured,,,,True,2026-09-10T16:40:29+00:00,,,,
kalshi,KXFEDDECISION-26SEP-C25,https://kalshi.com/markets/kxfeddecision/fed-meeting,https://kalshi.com/markets/kxfeddecision/fed-meeting/kxfeddecision-26sep,Will the Federal Reserve Cut rates by 25bps at their September 2026 meeting?,Cut 25bps,KXFEDDECISION-26SEP,Fed decision in Sep 2026?,KXFEDDECISION,Fed meeting,Economics,"[""Fed""]",open,binary,0,0.01,0.01,0.005,0.995,0.005,0.01,7352152.68,240396.55,6654496.19,0,2025-09-29T14:00:00Z,2026-09-16T17:59:00Z,2026-12-16T18:01:00Z,,,,custom,,,,True,2026-09-10T16:40:29+00:00,,,,
kalshi,KXSB-27-DAL,https://kalshi.com/markets/kxsb/super-bowl,https://kalshi.com/markets/kxsb/super-bowl/kxsb-27,Will Dallas win the 2027 Pro Football Championship?,Dallas,KXSB-27,2027 Pro Football Champion,KXSB,Super Bowl,Sports,"[""Football""]",open,binary,0.04,0.05,0.05,0.045,0.955,0.045,0.01,6704357.42,239634.06,5411702.1,0,2026-02-08T20:00:00Z,2029-02-13T23:30:00Z,2029-02-13T23:30:00Z,,,,structured,,,,True,2026-09-10T16:40:23+00:00,,,,
kalshi,KXNFLMVP-27-DMAY,https://kalshi.com/markets/kxnflmvp/ap-pro-football-regular-season-mvp,https://kalshi.com/markets/kxnflmvp/ap-pro-football-regular-season-mvp/kxnflmvp-27,Will Drake Maye win the MVP?,Drake Maye,KXNFLMVP-27,MVP Winner?,KXNFLMVP,AP Pro Football Regular Season MVP,Sports,"[""Football""]",open,binary,0.06,0.07,0.06,0.065,0.935,0.065,0.01,757501.69,233699.81,693253.39,0,2026-02-08T20:30:00Z,2028-02-12T15:00:00Z,2028-02-12T15:00:00Z,,,,structured,,,,True,2026-09-10T16:40:23+00:00,,,,
polymarket,0x607ecc84f1b92e42bbf1e5d855f49d0949111dca5ff1502d8970154a4a34c2f3,https://polymarket.com/event/laptop-fdv-above-one-day-after-launch/laptop-fdv-above-250m-one-day-after-launch,,LAPTOP FDV above $250M one day after launch?,$250M,983493,$LAPTOP FDV above ___ one day after launch?,laptop-fdv-above-one-day-after-launch,$LAPTOP FDV above ___ one day after launch?,,[],open,binary,0.978,0.98,0.978,0.979,0.021,0.979,0.002,566551.8169419997,232596.47014499997,,60485.50879,2026-09-07T16:29:13Z,2026-12-31T23:59:00Z,2026-12-31T23:59:00Z,,,,,,,,,2026-09-10T16:38:51+00:00,12.4,"[""Yes"", ""No""]","[0.979, 0.021]",115045756633831702735636278561108652998155395594872244747407619457878153802246
kalshi,KXDPWORLDTOUR-AMIO26-JRAH,https://kalshi.com/markets/kxdpworldtour/dp-world-tour-tournament-winner,https://kalshi.com/markets/kxdpworldtour/dp-world-tour-tournament-winner/kxdpworldtour-amio26,Will Jon Rahm win the Amgen Irish Open?,Jon Rahm,KXDPWORLDTOUR-AMIO26,Amgen Irish Open Winner,KXDPWORLDTOUR,DP World Tour Tournament Winner,Sports,"[""Golf""]",open,binary,0.05,0.06,0.06,0.055,0.945,0.055,0.01,293882.24,230742.71,263089.73,0,2026-09-05T16:05:00Z,2026-09-27T00:00:00Z,2026-09-27T00:00:00Z,,,,structured,,,,True,2026-09-10T16:39:19+00:00,,,,
polymarket,0x7bdb654e2cce4005313604ea454281ca795c3259cb33448c67a416fbcc36cfe0,https://polymarket.com/event/cs2-cce-mars-2026-09-09/cs2-cce-mars-2026-09-09,,Counter-Strike: Chicken Coop Esports vs Marsborne (BO3) - PGL Masters Bucharest: North American Qualifier Playoffs,Match Winner,982252,Counter-Strike: Chicken Coop Esports vs Marsborne (BO3) - PGL Masters Bucharest: North American Qualifier Playoffs,cs2-cce-mars-2026-09-09,Counter-Strike: Chicken Coop Esports vs Marsborne (BO3) - PGL Masters Bucharest: North American Qualifier Playoffs,,[],open,binary,0.3,0.38,0.38,0.34,0.66,0.34,0.08,229652.24575799995,229190.75481799984,,87254.3738,2026-09-07T11:45:31Z,2026-09-10T08:00:00Z,2026-09-10T08:00:00Z,,,,,,,,,2026-09-10T16:38:51+00:00,15,"[""Chicken Coop Esports"", ""Marsborne""]","[0.34, 0.66]",110941530190183432070607820478715223095504006773735245270890945673981068921096
polymarket,0x8bfa9c1216342392aeda307a92168d41adc756d1f451f19776933b1f79856562,https://polymarket.com/event/cs2-3dmax-bbl1-2026-09-10/cs2-3dmax-bbl1-2026-09-10,,Counter-Strike: 3DMAX vs BBL (BO3) - Thunderpick World Championship Closed Qualifier Group C,Match Winner,994807,Counter-Strike: 3DMAX vs BBL (BO3) - Thunderpick World Championship Closed Qualifier Group C,cs2-3dmax-bbl1-2026-09-10,Counter-Strike: 3DMAX vs BBL (BO3) - Thunderpick World Championship Closed Qualifier Group C,,[],open,binary,0.25,0.27,0.26,0.26,0.74,0.26,0.02,228676.358333,228676.3583330001,,11495.02407,2026-09-09T17:25:23Z,2026-09-10T20:00:00Z,2026-09-10T20:00:00Z,,,,,,,,,2026-09-10T16:38:51+00:00,,"[""3DMAX"", ""BBL""]","[0.26, 0.74]",74319857598416896993443880546966377745874081611370057989061835643798080401083
kalshi,KXNFLMVP-27-JGIB,https://kalshi.com/markets/kxnflmvp/ap-pro-football-regular-season-mvp,https://kalshi.com/markets/kxnflmvp/ap-pro-football-regular-season-mvp/kxnflmvp-27,Will Jahmyr Gibbs win the MVP?,Jahmyr Gibbs,KXNFLMVP-27,MVP Winner?,KXNFLMVP,AP Pro Football Regular Season MVP,Sports,"[""Football""]",open,binary,0,0.02,0.02,0.01,0.99,0.01,0.02,1030889.23,228506.7,1030421.64,0,2026-02-08T20:30:00Z,2028-02-12T15:00:00Z,2028-02-12T15:00:00Z,,,,structured,,,,True,2026-09-10T16:40:23+00:00,,,,
kalshi,KXT20MATCH-26SEP100915AMSBEL-AMS,https://kalshi.com/markets/kxt20match/men-s-t20-cricket-match,https://kalshi.com/markets/kxt20match/men-s-t20-cricket-match/kxt20match-26sep100915amsbel,Amsterdam Flames wins,Amsterdam Flames,KXT20MATCH-26SEP100915AMSBEL,Belfast Wolves vs Amsterdam Flames,KXT20MATCH,Men's T20 Cricket Match,Sports,"[""Cricket""]",open,binary,0.07,0.08,0.07,0.075,0.925,0.075,0.01,239491.08,227577.8,97528.48,0,2026-09-03T00:11:00Z,2026-09-12T17:15:00Z,2026-09-12T17:15:00Z,,,,structured,,,,True,2026-09-10T16:39:25+00:00,,,,
kalshi,CONTROLH-2026-R,https://kalshi.com/markets/controlh/house-winner,https://kalshi.com/markets/controlh/house-winner/controlh-2026,Will Republicans win the House in 2026?,Republican Party,CONTROLH-2026,Which party will win the U.S. House?,CONTROLH,House winner,Elections,"[""US Elections""]",open,binary,0.14,0.15,0.15,0.145,0.855,0.145,0.01,18732396.6,226275.96,12119691.81,0,2024-11-06T15:00:00Z,2027-02-01T15:00:00Z,2027-02-01T15:00:00Z,,,,structured,,,,True,2026-09-10T16:40:30+00:00,,,,
kalshi,KXNFLTOTAL-26SEP10SFLAR-49,https://kalshi.com/markets/kxnfltotal/pro-football-total-points,https://kalshi.com/markets/kxnfltotal/pro-football-total-points/kxnfltotal-26sep10sflar,Will there be over 48.5 points scored?,Over 48.5 points scored,KXNFLTOTAL-26SEP10SFLAR,San Francisco vs Los Angeles: Total Points,KXNFLTOTAL,Pro Football Total Points,Sports,"[""Football""]",open,binary,0.47,0.48,0.48,0.475,0.525,0.475,0.01,241451.2,225529.24,228371.99,0,2026-08-03T23:13:00Z,2026-09-13T00:35:00Z,2026-09-13T00:35:00Z,,,,greater,48.5,,,True,2026-09-10T16:39:52+00:00,,,,
kalshi,KXWT20MATCH-26SEP101000TRIJAM-JAM,https://kalshi.com/markets/kxwt20match/women-s-t20-match,https://kalshi.com/markets/kxwt20match/women-s-t20-match/kxwt20match-26sep101000trijam,Jamaica Empress wins,Jamaica Empress,KXWT20MATCH-26SEP101000TRIJAM,Jamaica Empress vs Trinbago Knight Riders,KXWT20MATCH,Women's T20 Match,Sports,"[""Cricket""]",open,binary,0,0.01,0.01,0.005,0.995,0.005,0.01,226087.04,222951.44,149641.36,0,2026-08-27T00:11:00Z,2026-09-12T18:00:00Z,2026-09-12T18:00:00Z,,,,structured,,,,True,2026-09-10T16:39:35+00:00,,,,
polymarket,0x6bd56627aa21311850825edb27e53434a0e17a4f782be0086bc07f71eee00d0d,https://polymarket.com/event/putin-out-before-2027/putin-out-before-2027-346,,"Putin out as President of Russia by December 31, 2026?","December 31, 2026",31195,Putin out as President of Russia by...?,putin-out-before-2027,Putin out as President of Russia by...?,,[],open,binary,0.06,0.07,0.06,0.065,0.935,0.065,0.01,20482098.32161399,222767.945939,,710954.9248,2025-07-06T22:30:10.584Z,2027-01-01T04:59:00Z,2027-01-01T04:59:00Z,,,,,,,,,2026-09-10T16:38:51+00:00,-1,"[""Yes"", ""No""]","[0.065, 0.935]",350977769852917329387037893294763093471844346281449484439085576212613048126
kalshi,KXUCLGAME-26SEP10FENROM-FEN,https://kalshi.com/markets/kxuclgame/uefa-champions-league-game,https://kalshi.com/markets/kxuclgame/uefa-champions-league-game/kxuclgame-26sep10fenrom,Fenerbahce wins,Fenerbahce,KXUCLGAME-26SEP10FENROM,Fenerbahce vs Roma,KXUCLGAME,UEFA Champions League Game,Sports,"[""Soccer""]",open,binary,0.24,0.25,0.25,0.245,0.755,0.245,0.01,259997.52,218643.36,217188.95,0,2026-09-03T00:38:00Z,2026-09-12T22:45:00Z,2026-09-12T22:45:00Z,,,,structured,,,,True,2026-09-10T16:39:25+00:00,,,,
polymarket,0xb204bb8f27dc61561b20b7b45ce05f35e5b2bb9a8b0b6fc5d7407536989e07c4,https://polymarket.com/event/ucl-psv-shd-2026-09-10/ucl-psv-shd-2026-09-10-psv,,Will PSV win on 2026-09-10?,PSV,931726,PSV vs. FK Shakhtar Donetsk,ucl-psv-shd-2026-09-10,PSV vs. FK Shakhtar Donetsk,,[],open,binary,0.64,0.65,0.65,0.645,0.355,0.645,0.01,204473.86844499997,203620.19679700016,,675383.5362,2026-08-29T18:00:25Z,2026-09-10T16:45:00Z,2026-09-10T16:45:00Z,,,,,,,,,2026-09-10T16:38:51+00:00,-4,"[""Yes"", ""No""]","[0.645, 0.355]",93961398192149173463998461476504984930196639733613060582836586917133602078849
polymarket,0xc15f6268265697ce7c8c25ace5f1105a5f839a627a2dc658a1ab6f8ec2143894,https://polymarket.com/event/nba-2027-champion/will-toronto-raptors-win-the-2027-nba-finals,,Will Toronto Raptors win the 2027 NBA Finals?,Toronto Raptors,478277,NBA: 2027 Champion,nba-2027-champion,NBA: 2027 Champion,,[],open,binary,0.03,0.031,0.03,0.0305,0.9695,0.0305,0.001,672714.4471639999,202108.41,,320325.94564,2026-05-13T20:09:29.267206Z,2027-07-01T00:00:00Z,2027-07-01T00:00:00Z,,,,,,,,,2026-09-10T16:38:51+00:00,,"[""Yes"", ""No""]","[0.0305, 0.9695]",60150478766427655464939988524322736170735963119451703309436561797949171579582
polymarket,0x05297f854d3b757d5e51a1a29c7f225a80b14b2a161d6b7f9a61677da7a80ced,https://polymarket.com/event/brazil-presidential-election/will-renan-santos-win-the-2026-brazilian-presidential-election,,Will Renan Santos win the 2026 Brazilian presidential election?,Renan Santos,45915,Brazil Presidential Election,brazil-presidential-election,Brazil Presidential Election,,[],open,binary,0.018,0.019,0.019,0.0185,0.9815,0.0185,0.001,13141801.418069998,196594.29002499997,,387531.52296,2025-09-18T20:08:04.285Z,2026-10-04T00:00:00Z,2026-10-04T00:00:00Z,,,,,,,,,2026-09-10T16:38:51+00:00,-0.3,"[""Yes"", ""No""]","[0.0185, 0.9815]",93998891488819623915454849994768171534113749478841216025646247933473925258016
kalshi,CONTROLH-2026-D,https://kalshi.com/markets/controlh/house-winner,https://kalshi.com/markets/controlh/house-winner/controlh-2026,Will Democrats win the House in 2026?,Democratic Party,CONTROLH-2026,Which party will win the U.S. House?,CONTROLH,House winner,Elections,"[""US Elections""]",open,binary,0.85,0.86,0.86,0.855,0.145,0.855,0.01,10885882.68,195530.81,7086206.52,0,2024-11-06T15:00:00Z,2027-02-01T15:00:00Z,2027-02-01T15:00:00Z,,,,structured,,,,True,2026-09-10T16:40:30+00:00,,,,
kalshi,KXSB-27-CIN,https://kalshi.com/markets/kxsb/super-bowl,https://kalshi.com/markets/kxsb/super-bowl/kxsb-27,Will Cincinnati win the 2027 Pro Football Championship?,Cincinnati,KXSB-27,2027 Pro Football Champion,KXSB,Super Bowl,Sports,"[""Football""]",open,binary,0.04,0.05,0.05,0.045,0.955,0.045,0.01,4257416.77,192105.59,3580775.08,0,2026-02-08T20:00:00Z,2029-02-13T23:30:00Z,2029-02-13T23:30:00Z,,,,structured,,,,True,2026-09-10T16:40:23+00:00,,,,
kalshi,KXSB-27-LAC,https://kalshi.com/markets/kxsb/super-bowl,https://kalshi.com/markets/kxsb/super-bowl/kxsb-27,Will Los Angeles C win the 2027 Pro Football Championship?,Los Angeles C,KXSB-27,2027 Pro Football Champion,KXSB,Super Bowl,Sports,"[""Football""]",open,binary,0.04,0.05,0.05,0.045,0.955,0.045,0.01,2301643.79,189138.3,1971302.12,0,2026-02-08T20:00:00Z,2029-02-13T23:30:00Z,2029-02-13T23:30:00Z,,,,structured,,,,True,2026-09-10T16:40:23+00:00,,,,
kalshi,KXSB-27-LAR,https://kalshi.com/markets/kxsb/super-bowl,https://kalshi.com/markets/kxsb/super-bowl/kxsb-27,Will Los Angeles R win the 2027 Pro Football Championship?,Los Angeles R,KXSB-27,2027 Pro Football Champion,KXSB,Super Bowl,Sports,"[""Football""]",open,binary,0.16,0.17,0.17,0.165,0.835,0.165,0.01,7712705.83,187073.3,5857088.07,0,2026-02-08T20:00:00Z,2029-02-13T23:30:00Z,2029-02-13T23:30:00Z,,,,structured,,,,True,2026-09-10T16:40:23+00:00,,,,
polymarket,0x1a01bf78f56a507fcb666d564d8c8b91b0750679163ed6e96746102c9b7d285d,https://polymarket.com/event/brazil-presidential-election/will-flvio-bolsonaro-win-the-2026-brazilian-presidential-election,,Will Flávio Bolsonaro win the 2026 Brazilian presidential election?,Flávio Bolsonaro,45915,Brazil Presidential Election,brazil-presidential-election,Brazil Presidential Election,,[],open,binary,0.521,0.525,0.521,0.523,0.477,0.523,0.004,10164780.832543002,184442.74231900004,,179775.54574,2025-09-18T20:08:06.281Z,2026-10-04T00:00:00Z,2026-10-04T00:00:00Z,,,,,,,,,2026-09-10T16:38:51+00:00,6.45,"[""Yes"", ""No""]","[0.523, 0.477]",109876868437950584369987384406356259939519193117253465815665152916226511121427
kalshi,KXDPWORLDTOUR-AMIO26-PREE,https://kalshi.com/markets/kxdpworldtour/dp-world-tour-tournament-winner,https://kalshi.com/markets/kxdpworldtour/dp-world-tour-tournament-winner/kxdpworldtour-amio26,Will Patrick Reed win the Amgen Irish Open?,Patrick Reed,KXDPWORLDTOUR-AMIO26,Amgen Irish Open Winner,KXDPWORLDTOUR,DP World Tour Tournament Winner,Sports,"[""Golf""]",open,binary,0.06,0.071,0.07,0.0655,0.9345,0.0655,0.011,310357.19,181535.68,301224.76,0,2026-09-05T16:05:00Z,2026-09-27T00:00:00Z,2026-09-27T00:00:00Z,,,,structured,,,,True,2026-09-10T16:39:19+00:00,,,,
kalshi,KXSB-27-PIT,https://kalshi.com/markets/kxsb/super-bowl,https://kalshi.com/markets/kxsb/super-bowl/kxsb-27,Will Pittsburgh win the 2027 Pro Football Championship?,Pittsburgh,KXSB-27,2027 Pro Football Champion,KXSB,Super Bowl,Sports,"[""Football""]",open,binary,0,0.01,0.01,0.005,0.995,0.005,0.01,2430180.5,179109.47,2230194.22,0,2026-02-08T20:00:00Z,2029-02-13T23:30:00Z,2029-02-13T23:30:00Z,,,,structured,,,,True,2026-09-10T16:40:23+00:00,,,,
kalshi,KXNCAAFGAME-26SEP11NORFUVA-NORF,https://kalshi.com/markets/kxncaafgame/college-football-game,https://kalshi.com/markets/kxncaafgame/college-football-game/kxncaafgame-26sep11norfuva,Norfolk St. wins,Norfolk St.,KXNCAAFGAME-26SEP11NORFUVA,Norfolk St. vs Virginia,KXNCAAFGAME,College Football Game,Sports,"[""Football""]",open,binary,0,0.01,0.01,0.005,0.995,0.005,0.01,657378.26,178975.41,654826.8,0,2026-08-25T14:38:00Z,2026-09-13T23:00:00Z,2026-09-13T23:00:00Z,,,,structured,,,,True,2026-09-10T16:39:37+00:00,,,,
kalshi,KXWTA-26USO-GAU,https://kalshi.com/markets/kxwta/women-s-tournament-winner,https://kalshi.com/markets/kxwta/women-s-tournament-winner/kxwta-26uso,Will Coco Gauff win the US Open Women's Singles?,Coco Gauff,KXWTA-26USO,US Open Women's Singles Winner,KXWTA,Women's Tournament Winner,Sports,"[""Tennis""]",open,binary,0.24,0.25,0.24,0.245,0.755,0.245,0.01,928572.05,178254.62,575793.31,0,2026-06-08T17:00:00Z,2026-09-27T02:00:00Z,2026-09-27T02:00:00Z,,,,structured,,,,True,2026-09-10T16:40:06+00:00,,,,
polymarket,0xfa3c68df51599232eeb1c4269958fdb75c31833df9cec78f2ffc620f829c00ed,https://polymarket.com/event/ucl-fen-rom-2026-09-10-more-markets/ucl-fen-rom-2026-09-10-total-3pt5,,Fenerbahçe SK vs. AS Roma: O/U 3.5,O/U 3.5,931866,Fenerbahçe SK vs. AS Roma - More Markets,ucl-fen-rom-2026-09-10-more-markets,Fenerbahçe SK vs. AS Roma - More Markets,,[],open,binary,0.38,0.39,0.39,0.385,0.615,0.385,0.01,175546.88376499995,175533.538727,,167537.2703,2026-08-29T18:16:10Z,2026-09-10T16:45:00Z,2026-09-10T16:45:00Z,,,,,,,,,2026-09-10T16:38:51+00:00,5,"[""Over"", ""Under""]","[0.385, 0.615]",111145807590277124948107737266050477448588373345326455062908451017778693927371
kalshi,KXWTACHALLENGERMATCH-26SEP10TREMAR-MAR,https://kalshi.com/markets/kxwtachallengermatch/challenger-wta,https://kalshi.com/markets/kxwtachallengermatch/challenger-wta/kxwtachallengermatch-26sep10tremar,Guiomar Maristany Zuleta de Reales wins,Guiomar Maristany Zuleta de Reales,KXWTACHALLENGERMATCH-26SEP10TREMAR,Trevisan vs Maristany Zuleta de Reales,KXWTACHALLENGERMATCH,Challenger WTA,Sports,"[""Tennis""]",open,binary,0.64,0.65,0.64,0.645,0.355,0.645,0.01,184334.96,173738.31,106042.63,0,2026-09-10T03:10:00Z,2026-09-24T15:00:00Z,2026-09-24T15:00:00Z,,,,structured,,,,True,2026-09-10T16:38:52+00:00,,,,
kalshi,KXSB-27-JAC,https://kalshi.com/markets/kxsb/super-bowl,https://kalshi.com/markets/kxsb/super-bowl/kxsb-27,Will Jacksonville win the 2027 Pro Football Championship?,Jacksonville,KXSB-27,2027 Pro Football Champion,KXSB,Super Bowl,Sports,"[""Football""]",open,binary,0.02,0.03,0.03,0.025,0.975,0.025,0.01,1316422.69,173571,1126732.99,0,2026-02-08T20:00:00Z,2029-02-13T23:30:00Z,2029-02-13T23:30:00Z,,,,structured,,,,True,2026-09-10T16:40:23+00:00,,,,
kalshi,KXSB-27-MIN,https://kalshi.com/markets/kxsb/super-bowl,https://kalshi.com/markets/kxsb/super-bowl/kxsb-27,Will Minnesota win the 2027 Pro Football Championship?,Minnesota,KXSB-27,2027 Pro Football Champion,KXSB,Super Bowl,Sports,"[""Football""]",open,binary,0.02,0.03,0.03,0.025,0.975,0.025,0.01,4145087.78,171392.79,3516930.9,0,2026-02-08T20:00:00Z,2029-02-13T23:30:00Z,2029-02-13T23:30:00Z,,,,structured,,,,True,2026-09-10T16:40:23+00:00,,,,
polymarket,0x2368d2604c9c2b95bc98c51bd50c66e5351caebf05b9fe79d3398c387fe29a89,https://polymarket.com/event/how-many-fed-rate-cuts-in-2026/will-7-fed-rate-cuts-happen-in-2026,,Will 7 Fed rate cuts happen in 2026?,7 (175 bps),51456,How many Fed rate cuts in 2026?,how-many-fed-rate-cuts-in-2026,How many Fed rate cuts in 2026?,,[],open,binary,,0.001,0.001,0.0005,0.9995,0.0005,0.001,3519561.7951669996,171371.8,,163071.95804,2025-09-29T22:24:53.782864Z,2026-12-31T00:00:00Z,2026-12-31T00:00:00Z,,,,,,,,,2026-09-10T16:38:51+00:00,,"[""Yes"", ""No""]","[0.0005, 0.9995]",83225062900867600837789591190756506957715645312465902979999093167287051133800
polymarket,0xc3794a8d3a34d04b9f39773e35c4cecdac89d32eab93e8589d9a6f03e04e9490,https://polymarket.com/event/dtrump-out-as-president-by-september-30/dtrump-out-as-president-by-september-30,,Trump out as President by September 30?,,956176,Trump out as President by September 30?,dtrump-out-as-president-by-september-30,Trump out as President by September 30?,,[],open,binary,0.011,0.012,0.012,0.0115,0.9885,0.0115,0.001,610031.3327240002,171285.292336,,129493.23419,2026-09-02T21:12:57Z,2026-10-01T03:59:00Z,2026-10-01T03:59:00Z,,,,,,,,,2026-09-10T16:38:51+00:00,0.4,"[""Yes"", ""No""]","[0.0115, 0.9885]",6121218352389247881246006291990310720710516288829209381613978118836000554470
kalshi,KXSB-27-BUF,https://kalshi.com/markets/kxsb/super-bowl,https://kalshi.com/markets/kxsb/super-bowl/kxsb-27,Will Buffalo win the 2027 Pro Football Championship?,Buffalo,KXSB-27,2027 Pro Football Champion,KXSB,Super Bowl,Sports,"[""Football""]",open,binary,0.08,0.09,0.09,0.085,0.915,0.085,0.01,5270889.09,167468.54,3721476.12,0,2026-02-08T20:00:00Z,2029-02-13T23:30:00Z,2029-02-13T23:30:00Z,,,,structured,,,,True,2026-09-10T16:40:23+00:00,,,,
polymarket,0x631f0c7b6f3555b2af94ab683cf62397c8bb17d5844d2b8c5f1b72d0301475a8,https://polymarket.com/event/cs2-backto-gls1-2026-09-10/cs2-backto-gls1-2026-09-10,,Counter-Strike: Back to Back  vs Galorys (BO3) - PGL Masters Bucharest: South American Closed Qualifier Playoffs,Match Winner,997259,Counter-Strike: Back to Back  vs Galorys (BO3) - PGL Masters Bucharest: South American Closed Qualifier Playoffs,cs2-backto-gls1-2026-09-10,Counter-Strike: Back to Back  vs Galorys (BO3) - PGL Masters Bucharest: South American Closed Qualifier Playoffs,,[],open,binary,0.35,0.36,0.36,0.355,0.645,0.355,0.01,167021.065165,167021.06516500015,,45084.5404,2026-09-10T03:15:28Z,2026-09-10T23:00:00Z,2026-09-10T23:00:00Z,,,,,,,,,2026-09-10T16:38:51+00:00,,"[""Back to Back "", ""Galorys""]","[0.355, 0.645]",15489528963328609712838894167522866186305291039631221149480651145299758118454
kalshi,KXMLBSPREAD-26SEP101215TBATL-ATL2,https://kalshi.com/markets/kxmlbspread/pro-baseball-spread,https://kalshi.com/markets/kxmlbspread/pro-baseball-spread/kxmlbspread-26sep101215tbatl,Atlanta wins by over 1.5 runs?,Atlanta wins by over 1.5 runs,KXMLBSPREAD-26SEP101215TBATL,Tampa Bay vs Atlanta: Spread,KXMLBSPREAD,Pro Baseball Spread,Sports,"[""Baseball""]",open,binary,0.37,0.38,0.37,0.375,0.625,0.375,0.01,175465.24,166594.37,154573.92,0,2026-09-09T17:51:00Z,2026-09-13T16:15:00Z,2026-09-13T16:15:00Z,,,,greater,1.5,,,True,2026-09-10T16:38:56+00:00,,,,
polymarket,0xc9763b782d68da2d9adfccfe232a90599edea130dd45f00f67b615a164393293,https://polymarket.com/event/next-french-presidential-election/will-franois-baroin-win-the-2027-french-presidential-election,,Will François Baroin win the 2027 French presidential election?,François Baroin,79987,Next French Presidential Election,next-french-presidential-election,Next French Presidential Election,,[],open,binary,,0.001,0.001,0.0005,0.9995,0.0005,0.001,740818.753999,166078,,530170.21144,2025-11-13T23:09:56.182Z,2027-04-30T00:00:00Z,2027-04-30T00:00:00Z,,,,,,,,,2026-09-10T16:38:51+00:00,-0.1,"[""Yes"", ""No""]","[0.0005, 0.9995]",110692367541147153714694480527513188954424353633260159250334125464227955148379
polymarket,0x5db999fad322cea2914535aae5517060c3f80ad6d8c0231cde2124a434d16846,https://polymarket.com/event/will-the-us-invade-iran-before-2027/will-the-us-invade-iran-before-2027,,Will the U.S. invade Iran before 2027?,,73130,Will the U.S. invade Iran before 2027?,will-the-us-invade-iran-before-2027,Will the U.S. invade Iran before 2027?,,[],open,binary,0.15,0.16,0.16,0.155,0.845,0.155,0.01,65205867.845558025,164941.173563,,738028.0933,2025-11-05T17:52:17.414Z,2027-01-01T04:59:00Z,2027-01-01T04:59:00Z,,,,,,,,,2026-09-10T16:38:51+00:00,1,"[""Yes"", ""No""]","[0.155, 0.845]",55115078421062885512539156303747803058407616201213034911037320915726138659123
polymarket,0xac9719f855755f578e4979f8edb4e17e259e8e1cc79e46bdbde49e23dbd8b98f,https://polymarket.com/event/next-french-presidential-election/will-lucie-castets-win-the-2027-french-presidential-election,,Will Lucie Castets win the 2027 French presidential election?,Lucie Castets,79987,Next French Presidential Election,next-french-presidential-election,Next French Presidential Election,,[],open,binary,,0.001,0.001,0.0005,0.9995,0.0005,0.001,418273.518,164510.27,,539693.54284,2025-11-13T23:09:53.847Z,2027-04-30T00:00:00Z,2027-04-30T00:00:00Z,,,,,,,,,2026-09-10T16:38:51+00:00,-0.1,"[""Yes"", ""No""]","[0.0005, 0.9995]",89902643301862518193976320880693250599914520768219104645777191369530892062368
polymarket,0x53e78cfec087a9bc8d1336c16a2da9db577cacedb5569c36e776711b264351a6,https://polymarket.com/event/next-french-presidential-election/will-karim-bouamrane-win-the-2027-french-presidential-election,,Will Karim Bouamrane win the 2027 French presidential election?,Karim Bouamrane,79987,Next French Presidential Election,next-french-presidential-election,Next French Presidential Election,,[],open,binary,,0.001,0.001,0.0005,0.9995,0.0005,0.001,484306.295283,163980.9,,554551.63481,2025-11-13T23:09:54.105Z,2027-04-30T00:00:00Z,2027-04-30T00:00:00Z,,,,,,,,,2026-09-10T16:38:51+00:00,-0.1,"[""Yes"", ""No""]","[0.0005, 0.9995]",80444250591000346031053171380243612904016851519226250274769734418106954626247
polymarket,0xae0bce0eab50dc2961c6426b8b4096ff238cbb59408235b629bfbfef3a2c1a12,https://polymarket.com/event/next-french-presidential-election/will-yannick-jadot-win-the-2027-french-presidential-election,,Will Yannick Jadot win the 2027 French presidential election?,Yannick Jadot,79987,Next French Presidential Election,next-french-presidential-election,Next French Presidential Election,,[],open,binary,,0.001,0.001,0.0005,0.9995,0.0005,0.001,750448.523586,163793.64,,546267.13729,2025-11-13T23:09:55.665Z,2027-04-30T00:00:00Z,2027-04-30T00:00:00Z,,,,,,,,,2026-09-10T16:38:51+00:00,-0.1,"[""Yes"", ""No""]","[0.0005, 0.9995]",91677838508638177850502689031508642619471102572997661192526871900272505904678
kalshi,KXSB-27-DEN,https://kalshi.com/markets/kxsb/super-bowl,https://kalshi.com/markets/kxsb/super-bowl/kxsb-27,Will Denver win the 2027 Pro Football Championship?,Denver,KXSB-27,2027 Pro Football Champion,KXSB,Super Bowl,Sports,"[""Football""]",open,binary,0.05,0.06,0.06,0.055,0.945,0.055,0.01,5173490.84,162013.19,4278124.06,0,2026-02-08T20:00:00Z,2029-02-13T23:30:00Z,2029-02-13T23:30:00Z,,,,structured,,,,True,2026-09-10T16:40:23+00:00,,,,
polymarket,0x054725b2a7971376f7924a7021221b12acc50fe78d97817824fe411704d5b5a2,https://polymarket.com/event/brazil-presidential-election/will-romeu-zema-win-the-2026-brazilian-presidential-election,,Will Romeu Zema win the 2026 Brazilian presidential election?,Romeu Zema,45915,Brazil Presidential Election,brazil-presidential-election,Brazil Presidential Election,,[],open,binary,0.001,0.002,0.001,0.0015,0.9985,0.0015,0.001,6852761.406068001,156748.484,,848793.50454,2025-09-18T20:08:08.109Z,2026-10-04T00:00:00Z,2026-10-04T00:00:00Z,,,,,,,,,2026-09-10T16:38:51+00:00,,"[""Yes"", ""No""]","[0.0015, 0.9985]",44340846524235712899508083510503343345123518718867913608211694999290628967401
polymarket,0xa08a5ce99e14ce0b22767af6f16c08a2ab012249444c20887193a9a3e98e11fc,https://polymarket.com/event/strait-of-hormuz-traffic-returns-to-normal-by-september-30-20260702154339440/strait-of-hormuz-traffic-returns-to-normal-by-september-30-20260702154339440,,Strait of Hormuz traffic returns to normal by September 30?,,660109,Strait of Hormuz traffic returns to normal by September 30?,strait-of-hormuz-traffic-returns-to-normal-by-september-30-20260702154339440,Strait of Hormuz traffic returns to normal by September 30?,,[],open,binary,0.014,0.016,0.014,0.015,0.985,0.015,0.002,8298976.015342001,154851.91287099998,,315117.20289,2026-07-02T21:49:47.480763Z,2026-09-30T00:00:00Z,2026-09-30T00:00:00Z,,,,,,,,,2026-09-10T16:38:51+00:00,-0.05,"[""Yes"", ""No""]","[0.015, 0.985]",23545193122217391289335133742859160842475987880562465754342378273033942179195
polymarket,0x6ca0c223a92c394e2ef8048b19614513c15f960d239fd00f18896607b263a3a9,https://polymarket.com/event/cs2-sin2-nemi1-2026-09-10/cs2-sin2-nemi1-2026-09-10,,Counter-Strike: Sinners vs Nemiga (BO3) - PGL Masters Bucharest: European Qualifier Playoffs,Match Winner,995636,Counter-Strike: Sinners vs Nemiga (BO3) - PGL Masters Bucharest: European Qualifier Playoffs,cs2-sin2-nemi1-2026-09-10,Counter-Strike: Sinners vs Nemiga (BO3) - PGL Masters Bucharest: European Qualifier Playoffs,,[],open,binary,0.45,0.46,0.46,0.455,0.545,0.455,0.01,154268.32713900003,154268.327139,,90628.5407,2026-09-09T19:55:24Z,2026-09-10T23:00:00Z,2026-09-10T23:00:00Z,,,,,,,,,2026-09-10T16:38:51+00:00,,"[""Sinners"", ""Nemiga""]","[0.455, 0.545]",87324942688369896082684840585364057316533168287109330317827950591555036983112
polymarket,0x80a25985a630f2c67513387ac268371adeaf5b486667ac3e124da1a22b67ac65,https://polymarket.com/event/elon-musk-of-tweets-september-4-september-11-2026/elon-musk-of-tweets-september-4-september-11-2026-140-159,,"Will Elon Musk post 140-159 tweets from September 4 to September 11, 2026?",140-159,945718,"Elon Musk # tweets September 4 - September 11, 2026?",elon-musk-of-tweets-september-4-september-11-2026,"Elon Musk # tweets September 4 - September 11, 2026?",,[],open,binary,0.028,0.031,0.029,0.0295,0.9705,0.0295,0.003,275234.66136699996,154217.83819700006,,15500.41332,2026-09-01T04:00:34Z,2026-09-11T16:00:00Z,2026-09-11T16:00:00Z,,,,,,,,,2026-09-10T16:38:51+00:00,-5.4,"[""Yes"", ""No""]","[0.0295, 0.9705]",54504445638949272971308090084197628218302500516768318685497689730751318257465
kalshi,KXUCLGAME-26SEP10COMRBL-COM,https://kalshi.com/markets/kxuclgame/uefa-champions-league-game,https://kalshi.com/markets/kxuclgame/uefa-champions-league-game/kxuclgame-26sep10comrbl,Como wins,Como,KXUCLGAME-26SEP10COMRBL,Como vs Leipzig,KXUCLGAME,UEFA Champions League Game,Sports,"[""Soccer""]",open,binary,0.56,0.57,0.57,0.565,0.435,0.565,0.01,166317.38,151562.26,161069.33,0,2026-09-03T00:39:00Z,2026-09-13T01:00:00Z,2026-09-13T01:00:00Z,,,,structured,,,,True,2026-09-10T16:39:25+00:00,,,,
kalshi,KXWTAMATCH-26SEP10SABPEG-SAB,https://kalshi.com/markets/kxwtamatch/wta-tennis-match,https://kalshi.com/markets/kxwtamatch/wta-tennis-match/kxwtamatch-26sep10sabpeg,Aryna Sabalenka wins,Aryna Sabalenka,KXWTAMATCH-26SEP10SABPEG,Sabalenka vs Pegula,KXWTAMATCH,WTA Tennis Match,Sports,"[""Tennis""]",open,binary,0.64,0.65,0.65,0.645,0.355,0.645,0.01,170122.33,151347.32,153855.8,0,2026-09-09T02:55:00Z,2026-09-24T23:00:00Z,2026-09-24T23:00:00Z,,,,structured,,,,True,2026-09-10T16:39:03+00:00,,,,
kalshi,SENATETX-26-R,https://kalshi.com/markets/senatetx/texas-senate-race,https://kalshi.com/markets/senatetx/texas-senate-race/senatetx-26,Will Republicans win the Senate race in Texas?,Ken Paxton,SENATETX-26,Texas Senate winner?,SENATETX,Texas Senate race,Elections,"[""Senate""]",open,binary,0.5,0.51,0.51,0.505,0.495,0.505,0.01,6486622.03,150322.34,4335821.24,0,2024-12-03T15:00:00Z,2027-11-03T15:00:00Z,2027-11-03T15:00:00Z,,,,structured,,,,True,2026-09-10T16:40:30+00:00,,,,
kalshi,KXSB-27-NE,https://kalshi.com/markets/kxsb/super-bowl,https://kalshi.com/markets/kxsb/super-bowl/kxsb-27,Will New England win the 2027 Pro Football Championship?,New England,KXSB-27,2027 Pro Football Champion,KXSB,Super Bowl,Sports,"[""Football""]",open,binary,0.04,0.05,0.05,0.045,0.955,0.045,0.01,2609967.81,150117.94,1934294.21,0,2026-02-08T20:00:00Z,2029-02-13T23:30:00Z,2029-02-13T23:30:00Z,,,,structured,,,,True,2026-09-10T16:40:23+00:00,,,,
polymarket,0x22f3847ddb652d34c1b5d0c73a65b49224713e8a51848fdfbd99ec82c2305c25,https://polymarket.com/event/what-price-will-bitcoin-hit-in-september-2026/will-bitcoin-dip-to-55k-in-september-2026,,"Will Bitcoin dip to $55,000 in September?","↓ 55,000",946004,What price will Bitcoin hit in September?,what-price-will-bitcoin-hit-in-september-2026,What price will Bitcoin hit in September?,,[],open,binary,0.007,0.01,0.01,0.0085,0.9915,0.0085,0.003,570327.5315859999,148308.048579,,105494.84723,2026-09-01T05:07:17Z,2026-10-01T04:00:00Z,2026-10-01T04:00:00Z,,,,,,,,,2026-09-10T16:38:51+00:00,-0.75,"[""Yes"", ""No""]","[0.0085, 0.9915]",71431098564357170878802434548738944184510805649500901636529803659430638807445
kalshi,KXNCAAFGAME-26SEP11VILLLOU-VILL,https://kalshi.com/markets/kxncaafgame/college-football-game,https://kalshi.com/markets/kxncaafgame/college-football-game/kxncaafgame-26sep11villlou,Villanova wins,Villanova,KXNCAAFGAME-26SEP11VILLLOU,Villanova vs Louisville,KXNCAAFGAME,College Football Game,Sports,"[""Football""]",open,binary,0.01,0.02,0.02,0.015,0.985,0.015,0.01,378824,146996.34,360456.71,0,2026-08-25T14:38:00Z,2026-09-13T23:00:00Z,2026-09-13T23:00:00Z,,,,structured,,,,True,2026-09-10T16:39:37+00:00,,,,
polymarket,0x4962c1b3a63dd2704ca22b530a6e38b5120d0ead51063b5311ae7f57480595ee,https://polymarket.com/event/cs2-1win-b8-2026-09-10/cs2-1win-b8-2026-09-10-game2,,Counter-Strike: 1WIN vs B8 - Map 2 Winner,Map 2 Winner,994117,Counter-Strike: 1WIN vs B8 (BO3) - PGL Masters Bucharest: European Qualifier Playoffs,cs2-1win-b8-2026-09-10,Counter-Strike: 1WIN vs B8 (BO3) - PGL Masters Bucharest: European Qualifier Playoffs,,[],open,binary,0.999,1,0.999,0.9995,0.0005,0.9995,0.001,146717.49240999995,146717.49240999998,,73208.62207,2026-09-09T14:46:10Z,2026-09-10T20:15:00Z,2026-09-10T20:15:00Z,,,,,,,,,2026-09-10T16:38:51+00:00,50.45,"[""1WIN"", ""B8""]","[0.9995, 0.0005]",41440930988852202889291558241086383423244902781674833187879880629280252569474
kalshi,KXWTAMATCH-26SEP10GAURYB-RYB,https://kalshi.com/markets/kxwtamatch/wta-tennis-match,https://kalshi.com/markets/kxwtamatch/wta-tennis-match/kxwtamatch-26sep10gauryb,Elena Rybakina wins,Elena Rybakina,KXWTAMATCH-26SEP10GAURYB,Gauff vs Rybakina,KXWTAMATCH,WTA Tennis Match,Sports,"[""Tennis""]",open,binary,0.51,0.52,0.52,0.515,0.485,0.515,0.01,150521.12,144208.53,146207.26,0,2026-09-09T20:55:00Z,2026-09-24T23:00:00Z,2026-09-24T23:00:00Z,,,,structured,,,,True,2026-09-10T16:38:53+00:00,,,,
polymarket,0x4a3dbbb49167aed703ed2bc3c0ac5c111030859587fe8d88b8f945f8bef80ca4,https://polymarket.com/event/grc-ast-ari-2026-09-09-more-markets/grc-ast-ari-2026-09-09-total-2pt5,,AGS Astéras Trípolis vs. AS Áris Thessaloníkis: O/U 2.5,O/U 2.5,974237,AGS Astéras Trípolis vs. AS Áris Thessaloníkis - More Markets,grc-ast-ari-2026-09-09-more-markets,AGS Astéras Trípolis vs. AS Áris Thessaloníkis - More Markets,,[],open,binary,0.04,0.08,0.08,0.06,0.94,0.06,0.04,142825.130876,142825.13087599995,,28042.2534,2026-09-06T06:00:38Z,2026-09-10T14:45:00Z,2026-09-10T14:45:00Z,,,,,,,,,2026-09-10T16:38:51+00:00,-35.5,"[""Over"", ""Under""]","[0.06, 0.94]",27020596378012245614216250873161544040122738538294527539538232724954362578146
polymarket,0x536b507838dcdac8966510d84abb8f1c51362d632ab2023b94e810ba6fdf5cb7,https://polymarket.com/event/brazil-presidential-election/will-augusto-cury-win-the-2026-brazilian-presidential-election,,Will Augusto Cury win the 2026 Brazilian presidential election?,Augusto Cury,45915,Brazil Presidential Election,brazil-presidential-election,Brazil Presidential Election,,[],open,binary,0.003,0.004,0.004,0.0035,0.9965,0.0035,0.001,4563127.245491999,142724.64746900002,,463110.3069,2025-09-18T20:08:19.443427Z,2026-10-04T00:00:00Z,2026-10-04T00:00:00Z,,,,,,,,,2026-09-10T16:38:51+00:00,-0.4,"[""Yes"", ""No""]","[0.0035, 0.9965]",61078489744701316174218443335134825688547680779921710765642429680039972907213
kalshi,KXUCLSPREAD-26SEP10FENROM-ROM2,https://kalshi.com/markets/kxuclspread/champions-league-spread,https://kalshi.com/markets/kxuclspread/champions-league-spread/kxuclspread-26sep10fenrom,Roma wins by more than 1.5 goals?,Roma wins by more than 1.5 goals,KXUCLSPREAD-26SEP10FENROM,Fenerbahce vs Roma: Spread,KXUCLSPREAD,Champions League Spread,Sports,"[""Soccer""]",open,binary,0.27,0.28,0.28,0.275,0.725,0.275,0.01,158926.96,142523.51,148448.72,0,2026-09-07T17:06:00Z,2026-09-12T22:45:00Z,2026-09-12T22:45:00Z,,,,greater,1.5,,,True,2026-09-10T16:39:12+00:00,,,,
kalshi,KXNFLFIRSTTD-26SEP10SFLAR-SFKBLACK26,https://kalshi.com/markets/kxnflfirsttd/pro-football-first-touchdown,https://kalshi.com/markets/kxnflfirsttd/pro-football-first-touchdown/kxnflfirsttd-26sep10sflar,Kaelon Black: 1st Touchdown,Kaelon Black,KXNFLFIRSTTD-26SEP10SFLAR,San Francisco vs Los Angeles R: First Touchdown,KXNFLFIRSTTD,Pro Football First Touchdown,Sports,"[""Football""]",open,binary,0,0.01,0.01,0.005,0.995,0.005,0.01,149474.95,141931.63,148377.9,0,2026-09-02T21:39:00Z,2026-09-13T00:35:00Z,2026-09-13T00:35:00Z,,,,structured,,,,True,2026-09-10T16:39:26+00:00,,,,
polymarket,0x7586a96520578acaaaa4ea84a2582f197f84255da1f3392a7aa300386c187b37,https://polymarket.com/event/who-will-be-the-next-prime-minister-of-israel-after-the-next-election/will-benjamin-netanyahu-be-the-next-prime-minister-of-israel,,Will Benjamin Netanyahu be the next Prime Minister of Israel?,Benjamin Netanyahu,81557,Prime Minister of Israel after the next election?,who-will-be-the-next-prime-minister-of-israel-after-the-next-election,Prime Minister of Israel after the next election?,,[],open,binary,0.27,0.29,0.29,0.28,0.72,0.28,0.02,3777102.751812,141309.23060800004,,120121.5723,2025-11-15T00:27:02.243822Z,2026-12-31T00:00:00Z,2026-12-31T00:00:00Z,,,,,,,,,2026-09-10T16:38:51+00:00,0.5,"[""Yes"", ""No""]","[0.28, 0.72]",20006732765674855733524007935991362439352594042415161039767275461950712817548
kalshi,KXUCLBTTS-26SEP10FENROM-BTTS,https://kalshi.com/markets/kxuclbtts/champions-league-btts,https://kalshi.com/markets/kxuclbtts/champions-league-btts/kxuclbtts-26sep10fenrom,Both Teams To Score,Both Teams To Score,KXUCLBTTS-26SEP10FENROM,Fenerbahce vs Roma: BTTS,KXUCLBTTS,Champions League BTTS,Sports,"[""Soccer""]",open,binary,0.64,0.65,0.65,0.645,0.355,0.645,0.01,169054.1,140960.23,167247.72,0,2026-09-07T17:06:00Z,2026-09-12T22:45:00Z,2026-09-12T22:45:00Z,,,,,,,,True,2026-09-10T16:39:12+00:00,,,,
kalshi,KXTRUMPSAY-26SEP14-AUTO,https://kalshi.com/markets/kxtrumpsay/what-will-trump-say,https://kalshi.com/markets/kxtrumpsay/what-will-trump-say/kxtrumpsay-26sep14,"Will Trump say ""Autopen / Auto Pen"" before Sep 14, 2026?",Autopen / Auto Pen,KXTRUMPSAY-26SEP14,What will Trump say this week?,KXTRUMPSAY,What will trump say,Mentions,"[""Trump"", ""Politicians""]",open,binary,0.27,0.28,0.28,0.275,0.725,0.275,0.01,140967.72,140380.79,44670.18,0,2026-09-08T00:00:00Z,2026-09-14T14:00:00Z,2026-09-14T14:00:00Z,,,,custom,,,,True,2026-09-10T16:39:11+00:00,,,,
polymarket,0x94a5c6ce5f62bada0fc4f3a972961e2ac60bc297d0219a56ecc3ed1617415196,https://polymarket.com/event/laptop-fdv-above-one-day-after-launch/laptop-fdv-above-100m-one-day-after-launch,,LAPTOP FDV above $100M one day after launch?,$100M,983493,$LAPTOP FDV above ___ one day after launch?,laptop-fdv-above-one-day-after-launch,$LAPTOP FDV above ___ one day after launch?,,[],open,binary,0.989,0.991,0.985,0.99,0.01,0.99,0.002,383611.760534,140003.717823,,31051.71967,2026-09-07T16:29:13Z,2026-12-31T23:59:00Z,2026-12-31T23:59:00Z,,,,,,,,,2026-09-10T16:38:51+00:00,4.5,"[""Yes"", ""No""]","[0.99, 0.01]",49780107557114061641394679649955806416298413095909365229449186642995091943457
polymarket,0x024b68f77bfc019341ee3db8f57c103334e4b9430bba4746d8c94aafd8b36fee,https://polymarket.com/event/what-price-will-bitcoin-hit-before-2027/will-bitcoin-dip-to-45000-by-december-31-2026-674-923-755-971-998-525-926-245-316-517-544-589-965-923-986-841-815-224-586-231-289-533-573,,"Will Bitcoin dip to $45,000 by December 31, 2026?","↓ 45,000",89502,What price will Bitcoin hit in 2026?,what-price-will-bitcoin-hit-before-2027,What price will Bitcoin hit in 2026?,,[],open,binary,0.09,0.1,0.1,0.095,0.905,0.095,0.01,6634083.582499999,138225.23877899998,,292593.7343,2025-11-24T19:07:15.386Z,2027-01-01T05:00:00Z,2027-01-01T05:00:00Z,,,,,,,,,2026-09-10T16:38:51+00:00,2,"[""Yes"", ""No""]","[0.095, 0.905]",9894510651052373088408067031031513212801618531203062911959630395716258202132
polymarket,0x63d8f3a34c90bd5342dda8acf62b6a898dfa52f86475efaf180b66493ef6af80,https://polymarket.com/event/brazil-presidential-election/will-jair-bolsonaro-win-the-2026-brazilian-presidential-election,,Will Jair Bolsonaro win the 2026 Brazilian presidential election?,Jair Bolsonaro,45915,Brazil Presidential Election,brazil-presidential-election,Brazil Presidential Election,,[],open,binary,0.001,0.002,0.001,0.0015,0.9985,0.0015,0.001,6801921.825873999,137342.12600000002,,488385.50027,2025-09-18T20:07:59.985103Z,2026-10-04T00:00:00Z,2026-10-04T00:00:00Z,,,,,,,,,2026-09-10T16:38:51+00:00,,"[""Yes"", ""No""]","[0.0015, 0.9985]",66991175107696133528353695394151645462081911990365106169948013117379189357520
polymarket,0x39b718f6e0a66a3ae5e459e76c74a694b521eaff5f6015857d1d191f1fc03c61,https://polymarket.com/event/2026-mens-us-open-winner-tennis/will-alexander-zverev-win-the-2026-mens-us-open,,Will Alexander Zverev win the 2026 Men's US Open?,Alexander Zverev,139236,2026 Men’s US Open Winner (Tennis),2026-mens-us-open-winner-tennis,2026 Men’s US Open Winner (Tennis),,[],open,binary,0.507,0.508,0.508,0.5075,0.4925,0.5075,0.001,1276094.9355420005,136222.58338599998,,85547.17706,2026-01-02T20:36:57.65375Z,2026-09-13T00:00:00Z,2026-09-13T00:00:00Z,,,,,,,,,2026-09-10T16:38:51+00:00,5.85,"[""Yes"", ""No""]","[0.5075, 0.4925]",10458098669927883185204828453571065550874636694709643726889899346674533724103
kalshi,KXPRESNOMD-28-MK,https://kalshi.com/markets/kxpresnomd/democratic-primary-winner,https://kalshi.com/markets/kxpresnomd/democratic-primary-winner/kxpresnomd-28,Will Mark Kelly be the Democratic Presidential nominee in 2028?,Mark Kelly,KXPRESNOMD-28,2028 Democratic presidential nominee,KXPRESNOMD,Democratic Primary winner,Elections,"[""2028"", ""US Elections""]",open,binary,0.04,0.041,0.041,0.0405,0.9595,0.0405,0.001,7481126.71,135542.64,4229243.37,0,2025-02-01T22:30:50Z,2028-11-07T15:00:00Z,2028-11-07T15:00:00Z,,,,custom,,,,True,2026-09-10T16:40:30+00:00,,,,
kalshi,KXUCLGAME-26SEP10PSVSHA-SHA,https://kalshi.com/markets/kxuclgame/uefa-champions-league-game,https://kalshi.com/markets/kxuclgame/uefa-champions-league-game/kxuclgame-26sep10psvsha,Shakhtar wins,Shakhtar,KXUCLGAME-26SEP10PSVSHA,Eindhoven vs Shakhtar,KXUCLGAME,UEFA Champions League Game,Sports,"[""Soccer""]",open,binary,0.14,0.15,0.15,0.145,0.855,0.145,0.01,156492.07,135160.07,123541.27,0,2026-09-03T00:39:00Z,2026-09-12T22:45:00Z,2026-09-12T22:45:00Z,,,,structured,,,,True,2026-09-10T16:39:25+00:00,,,,
polymarket,0xd97c6acdc040eb56ac5ae06d4168c819a0f7736963d1cd59c19b6363e18474bd,https://polymarket.com/event/ucl-fen-rom-2026-09-10/ucl-fen-rom-2026-09-10-fen,,Will Fenerbahçe SK win on 2026-09-10?,Fenerbahçe SK,931725,Fenerbahçe SK vs. AS Roma,ucl-fen-rom-2026-09-10,Fenerbahçe SK vs. AS Roma,,[],open,binary,0.24,0.25,0.25,0.245,0.755,0.245,0.01,140359.14579799998,134167.86632199996,,443700.3407,2026-08-29T18:00:24Z,2026-09-10T16:45:00Z,2026-09-10T16:45:00Z,,,,,,,,,2026-09-10T16:38:51+00:00,-4,"[""Yes"", ""No""]","[0.245, 0.755]",44692481930852557507987289783577033740920184745328290539354963548014475480772
polymarket,0x67a633090f9ce7993fe2e310a591444f5a9e1ba74f60b9674ecaf7c42a0c7905,https://polymarket.com/event/uefa-champions-league-2027-champion-20260701202025549/will-liverpool-win-the-2026-27-uefa-champions-league-championship-20260701202025555,,Will Liverpool win the 2026-27 UEFA Champions League Championship?,Liverpool,659671,UEFA Champions League: 2027 Champion,uefa-champions-league-2027-champion-20260701202025549,UEFA Champions League: 2027 Champion,,[],open,binary,0.05,0.06,0.05,0.055,0.945,0.055,0.01,319567.8047889999,132790.89,,237797.7924,2026-07-02T19:03:38.719288Z,2027-05-30T23:59:00Z,2027-05-30T23:59:00Z,,,,,,,,,2026-09-10T16:38:51+00:00,1,"[""Yes"", ""No""]","[0.055, 0.945]",8193681255314680130463293913377900791697724543108576171134288378615851319182
polymarket,0x13dcfcb27a288a3af06bfe144db0c231b7d5d084cb372dc60231e4826c053854,https://polymarket.com/event/cs2-meg1-mis-2026-09-10/cs2-meg1-mis-2026-09-10-game2,,Counter-Strike: megoshort vs Misa Esports - Map 2 Winner,Map 2 Winner,996408,Counter-Strike: megoshort vs Misa Esports (BO3) - CCT Europe Challengers Series Playoffs,cs2-meg1-mis-2026-09-10,Counter-Strike: megoshort vs Misa Esports (BO3) - CCT Europe Challengers Series Playoffs,,[],open,binary,0.999,1,0.999,0.9995,0.0005,0.9995,0.001,131275.31134100005,131275.31134100014,,145005.38238,2026-09-09T23:05:31Z,2026-09-10T20:05:00Z,2026-09-10T20:05:00Z,,,,,,,,,2026-09-10T16:38:51+00:00,,"[""megoshort"", ""Misa Esports""]","[0.9995, 0.0005]",107998277346863217675048917874640951772371861037452996880264411801751476438073
kalshi,KXITFWMATCH-26SEP10ESTMOY-MOY,https://kalshi.com/markets/kxitfwmatch/itf-women-s-match,https://kalshi.com/markets/kxitfwmatch/itf-women-s-match/kxitfwmatch-26sep10estmoy,Luciana Moyano wins,Luciana Moyano,KXITFWMATCH-26SEP10ESTMOY,Estevez vs Moyano,KXITFWMATCH,ITF Women's Match,Sports,"[""Tennis""]",open,binary,0.05,0.06,0.07,0.055,0.945,0.055,0.01,163249.41,131134.27,100723.39,0,2026-09-09T22:12:00Z,2026-09-24T14:00:00Z,2026-09-24T14:00:00Z,,,,structured,,,,True,2026-09-10T16:38:53+00:00,,,,
kalshi,SENATETX-26-D,https://kalshi.com/markets/senatetx/texas-senate-race,https://kalshi.com/markets/senatetx/texas-senate-race/senatetx-26,Will Democratics win the Senate race in Texas?,James Talarico,SENATETX-26,Texas Senate winner?,SENATETX,Texas Senate race,Elections,"[""Senate""]",open,binary,0.49,0.5,0.49,0.495,0.505,0.495,0.01,4699570.56,130146.4,3069702.84,0,2024-12-03T15:00:00Z,2027-11-03T15:00:00Z,2027-11-03T15:00:00Z,,,,structured,,,,True,2026-09-10T16:40:30+00:00,,,,
polymarket,0x524ce344b80a160c237d91a33efdd8b82468b0dc0d33f60d500f8bf69b80b8bb,https://polymarket.com/event/israel-x-iran-ceasefire-continues-throughptptpt-20260716224448963/israel-x-iran-ceasefire-continues-through-september-30,,Israel x Iran ceasefire continues through September 30?,September 30,711714,Israel x Iran ceasefire continues through...?,israel-x-iran-ceasefire-continues-throughptptpt-20260716224448963,Israel x Iran ceasefire continues through...?,,[],open,binary,0.85,0.86,0.86,0.855,0.145,0.855,0.01,1659862.156800001,126139.00262500002,,54990.3261,2026-08-07T14:29:57.222095Z,2026-09-30T20:29:00Z,2026-09-30T20:29:00Z,,,,,,,,,2026-09-10T16:38:51+00:00,-1,"[""Yes"", ""No""]","[0.855, 0.145]",110124369154659006328320349797831539154282530245624469518430389053088403535939
kalshi,KXPRESNOMD-28-MC,https://kalshi.com/markets/kxpresnomd/democratic-primary-winner,https://kalshi.com/markets/kxpresnomd/democratic-primary-winner/kxpresnomd-28,Will Mark Cuban be the Democratic Presidential nominee in 2028?,Mark Cuban,KXPRESNOMD-28,2028 Democratic presidential nominee,KXPRESNOMD,Democratic Primary winner,Elections,"[""2028"", ""US Elections""]",open,binary,0.01,0.013,0.013,0.0115,0.9885,0.0115,0.003,5155442.13,124812.82,4168486.39,0,2024-11-06T15:00:00Z,2028-11-07T15:00:00Z,2028-11-07T15:00:00Z,,,,custom,,,,True,2026-09-10T16:40:30+00:00,,,,
kalshi,KXNCAAF-27-FLA,https://kalshi.com/markets/kxncaaf/ncaaf-championship,https://kalshi.com/markets/kxncaaf/ncaaf-championship/kxncaaf-27,Will Florida win the College Football Playoff National Championship?,Florida,KXNCAAF-27,College Football National Championship Winner,KXNCAAF,NCAAF Championship,Sports,"[""Football""]",open,binary,0.01,0.02,0.02,0.015,0.985,0.015,0.01,286988.34,123692.66,283646.53,0,2026-01-21T22:00:00Z,2027-02-23T04:00:00Z,2027-02-23T04:00:00Z,,,,structured,,,,True,2026-09-10T16:40:25+00:00,,,,
kalshi,KXSB-27-BAL,https://kalshi.com/markets/kxsb/super-bowl,https://kalshi.com/markets/kxsb/super-bowl/kxsb-27,Will Baltimore win the 2027 Pro Football Championship?,Baltimore,KXSB-27,2027 Pro Football Champion,KXSB,Super Bowl,Sports,"[""Football""]",open,binary,0.06,0.07,0.07,0.065,0.935,0.065,0.01,3042268.07,123377.36,2494589.62,0,2026-02-08T20:00:00Z,2029-02-13T23:30:00Z,2029-02-13T23:30:00Z,,,,structured,,,,True,2026-09-10T16:40:23+00:00,,,,
kalshi,KXBALANCEPOWERCOMBO-27FEB-RR,https://kalshi.com/markets/kxbalancepowercombo/congress-balance-of-power-combo,https://kalshi.com/markets/kxbalancepowercombo/congress-balance-of-power-combo/kxbalancepowercombo-27feb,Will House Control be Republican AND Senate Control be Republican for Feb 2027?,"R-House, R-Senate",KXBALANCEPOWERCOMBO-27FEB,2026 Midterms: Congress Balance of Power?,KXBALANCEPOWERCOMBO,Congress balance of power combo,Elections,"[""Senate"", ""House"", ""Mixed Combos"", ""US Elections"", ""Election Combos""]",open,binary,0.15,0.16,0.16,0.155,0.845,0.155,0.01,5140490.25,122100.22,3552849.3,0,2025-12-11T15:00:00Z,2027-02-01T15:00:00Z,2027-02-08T15:00:00Z,,,,custom,,,,True,2026-09-10T16:40:27+00:00,,,,
kalshi,KXBTCD-26SEP1017-T77999.99,https://kalshi.com/markets/kxbtcd/bitcoin-price-above-below,https://kalshi.com/markets/kxbtcd/bitcoin-price-above-below/kxbtcd-26sep1017,"Bitcoin price on Sep 10, 2026?","$78,000 or above",KXBTCD-26SEP1017,"BTC price on Sep 10, 2026 at 5pm EDT?",KXBTCD,Bitcoin price Above/below,Crypto,"[""Hourly"", ""BTC""]",open,binary,0.04,0.05,0.05,0.045,0.955,0.045,0.01,123389.77,120323.14,47028.47,0,2026-09-09T20:00:00Z,2026-09-10T21:00:00Z,2026-09-17T21:00:00Z,,,,greater,77999.99,,BRTI,True,2026-09-10T16:39:01+00:00,,,,
kalshi,KXSB-27-HOU,https://kalshi.com/markets/kxsb/super-bowl,https://kalshi.com/markets/kxsb/super-bowl/kxsb-27,Will Houston win the 2027 Pro Football Championship?,Houston,KXSB-27,2027 Pro Football Champion,KXSB,Super Bowl,Sports,"[""Football""]",open,binary,0.04,0.05,0.05,0.045,0.955,0.045,0.01,4156705.93,119673.14,2917149.65,0,2026-02-08T20:00:00Z,2029-02-13T23:30:00Z,2029-02-13T23:30:00Z,,,,structured,,,,True,2026-09-10T16:40:23+00:00,,,,
kalshi,KXNCAAFGAME-26SEP12OSUTEX-OSU,https://kalshi.com/markets/kxncaafgame/college-football-game,https://kalshi.com/markets/kxncaafgame/college-football-game/kxncaafgame-26sep12osutex,Will Ohio St. win the Ohio St. vs Texas college football game?,Ohio St.,KXNCAAFGAME-26SEP12OSUTEX,Ohio St. vs Texas,KXNCAAFGAME,College Football Game,Sports,"[""Football""]",open,binary,0.47,0.48,0.48,0.475,0.525,0.475,0.01,393881.46,119001.36,344689.52,0,2026-05-20T19:09:00Z,2026-09-14T23:30:00Z,2026-09-14T23:30:00Z,,,,structured,,,,True,2026-09-10T16:40:08+00:00,,,,
polymarket,0x7209592f294c2b3a7230ea66a4483ecfe1a57ae79144e5e735654829e00cfc68,https://polymarket.com/event/will-apple-release-a-foldable-iphone-before-2027/will-apple-release-a-foldable-iphone-before-2027-636-997-854,,Will Apple release a foldable iPhone before 2027?,December 31,103468,Will Apple release a foldable iPhone by...?,will-apple-release-a-foldable-iphone-before-2027,Will Apple release a foldable iPhone by...?,,[],open,binary,0.995,0.997,0.995,0.996,0.004,0.996,0.002,622905.0025100001,118815.27971600002,,27397.96308,2025-12-12T18:29:58.307Z,2026-12-31T04:59:00Z,2026-12-31T04:59:00Z,,,,,,,,,2026-09-10T16:38:51+00:00,3.3,"[""Yes"", ""No""]","[0.996, 0.004]",35608595602971585131748334524997534059288005974951964270070510209825391272871
polymarket,0xf9f40504425133cce159883ca3eaf376a815ab1ae763086ae8e4a3f5eacea479,https://polymarket.com/event/next-french-presidential-election/will-marion-marchal-win-the-2027-french-presidential-election,,Will Marion Maréchal win the 2027 French presidential election?,Marion Maréchal,79987,Next French Presidential Election,next-french-presidential-election,Next French Presidential Election,,[],open,binary,,0.001,0.001,0.0005,0.9995,0.0005,0.001,439489.353,118028,,511303.83872,2025-11-13T23:09:56.441Z,2027-04-30T00:00:00Z,2027-04-30T00:00:00Z,,,,,,,,,2026-09-10T16:38:51+00:00,-0.1,"[""Yes"", ""No""]","[0.0005, 0.9995]",86695393007503841267832546360139611672940518779922043030510495683789250918831
kalshi,KXCS2GAME-26SEP101300BBL3DMAX-3DMAX,https://kalshi.com/markets/kxcs2game/counter-strike-2-game,https://kalshi.com/markets/kxcs2game/counter-strike-2-game/kxcs2game-26sep101300bbl3dmax,3DMAX wins,3DMAX,KXCS2GAME-26SEP101300BBL3DMAX,BBL vs. 3DMAX,KXCS2GAME,Counter-Strike 2 Game,Sports,"[""Esports""]",open,binary,0.24,0.25,0.25,0.245,0.755,0.245,0.01,135187.08,117765.32,66720.94,0,2026-09-09T17:25:00Z,2026-09-12T17:00:00Z,2026-09-12T17:00:00Z,,,,structured,,,,True,2026-09-10T16:38:56+00:00,,,,
kalshi,KXWFIBAGAME-26SEP101200GERBE-BE,https://kalshi.com/markets/kxwfibagame/women-s-fiba-game,https://kalshi.com/markets/kxwfibagame/women-s-fiba-game/kxwfibagame-26sep101200gerbe,Belgium wins,Belgium,KXWFIBAGAME-26SEP101200GERBE,Germany vs Belgium,KXWFIBAGAME,Women's FIBA Game,Sports,"[""Basketball""]",open,binary,0.25,0.26,0.25,0.255,0.745,0.255,0.01,128205.09,117599.65,108408.13,0,2026-09-08T22:38:00Z,2026-09-12T16:00:00Z,2026-09-12T16:00:00Z,,,,structured,,,,True,2026-09-10T16:39:05+00:00,,,,
polymarket,0xa04f9a5818493b03a94d86c6323b7c9d8e060fa86b7e1ed3c0a2ad9a5517425b,https://polymarket.com/event/which-party-will-gain-most-seats-in-russian-parliamentary-election/will-a-just-russia-for-truth-srzp-gain-the-most-seats-in-the-next-russian-parliamentary-election,,Will A Just Russia – For Truth (SRZP) gain the most seats in the next Russian parliamentary election?,A Just Russia – For Truth (SRZP),149589,Which party will gain most seats in Russian Parliamentary Election?,which-party-will-gain-most-seats-in-russian-parliamentary-election,Which party will gain most seats in Russian Parliamentary Election?,,[],open,binary,0.001,0.002,0.001,0.0015,0.9985,0.0015,0.001,2308826.846938,116967.01400000001,,600966.22005,2026-01-07T21:34:52.28413Z,2026-09-30T00:00:00Z,2026-09-30T00:00:00Z,,,,,,,,,2026-09-10T16:38:51+00:00,,"[""Yes"", ""No""]","[0.0015, 0.9985]",110147522983295364410360843655613380113369733862822151390122875655395261530519
kalshi,KXMLBTOTAL-26SEP101215TBATL-10,https://kalshi.com/markets/kxmlbtotal/pro-baseball-total-points,https://kalshi.com/markets/kxmlbtotal/pro-baseball-total-points/kxmlbtotal-26sep101215tbatl,Over 9.5 runs scored,Over 9.5 runs scored,KXMLBTOTAL-26SEP101215TBATL,Tampa Bay vs Atlanta: Total Runs,KXMLBTOTAL,Pro Baseball Total Points,Sports,"[""Baseball""]",open,binary,0.23,0.24,0.23,0.235,0.765,0.235,0.01,120820.29,116962.79,98498.04,0,2026-09-09T17:51:00Z,2026-09-13T16:15:00Z,2026-09-13T16:15:00Z,,,,greater,9.5,,,True,2026-09-10T16:38:56+00:00,,,,
polymarket,0xcebf7f8be2c5e2b20526450fe1627f676e843e648fb98ffd0bdb224daba9a912,https://polymarket.com/event/laptop-fdv-above-one-day-after-launch/laptop-fdv-above-350m-one-day-after-launch,,LAPTOP FDV above $350M one day after launch?,$350M,983493,$LAPTOP FDV above ___ one day after launch?,laptop-fdv-above-one-day-after-launch,$LAPTOP FDV above ___ one day after launch?,,[],open,binary,0.93,0.94,0.94,0.935,0.065,0.935,0.01,116864.81375,116769.49796000001,,36537.7653,2026-09-09T14:46:31Z,2026-12-31T23:59:00Z,2026-12-31T23:59:00Z,,,,,,,,,2026-09-10T16:38:51+00:00,17.5,"[""Yes"", ""No""]","[0.935, 0.065]",9505937482863366486971703366128817405839328487745467804830411650541009879634
kalshi,KXBTCD-26SEP1017-T76999.99,https://kalshi.com/markets/kxbtcd/bitcoin-price-above-below,https://kalshi.com/markets/kxbtcd/bitcoin-price-above-below/kxbtcd-26sep1017,"Bitcoin price on Sep 10, 2026?","$77,000 or above",KXBTCD-26SEP1017,"BTC price on Sep 10, 2026 at 5pm EDT?",KXBTCD,Bitcoin price Above/below,Crypto,"[""Hourly"", ""BTC""]",open,binary,0.46,0.47,0.47,0.465,0.535,0.465,0.01,125823.26,116609.39,43900.02,0,2026-09-09T20:00:00Z,2026-09-10T21:00:00Z,2026-09-17T21:00:00Z,,,,greater,76999.99,,BRTI,True,2026-09-10T16:39:01+00:00,,,,
kalshi,KXNFLTOTAL-26SEP10SFLAR-48,https://kalshi.com/markets/kxnfltotal/pro-football-total-points,https://kalshi.com/markets/kxnfltotal/pro-football-total-points/kxnfltotal-26sep10sflar,Will there be over 47.5 points scored?,Over 47.5 points scored,KXNFLTOTAL-26SEP10SFLAR,San Francisco vs Los Angeles: Total Points,KXNFLTOTAL,Pro Football Total Points,Sports,"[""Football""]",open,binary,0.51,0.52,0.52,0.515,0.485,0.515,0.01,133561.23,115368.94,92125.47,0,2026-08-03T23:13:00Z,2026-09-13T00:35:00Z,2026-09-13T00:35:00Z,,,,greater,47.5,,,True,2026-09-10T16:39:52+00:00,,,,
kalshi,KXITFMATCH-26SEP09CUNGON-CUN,https://kalshi.com/markets/kxitfmatch/itf-men-s-match,https://kalshi.com/markets/kxitfmatch/itf-men-s-match/kxitfmatch-26sep09cungon,Joao Cunha Cunha wins,Joao Cunha Cunha,KXITFMATCH-26SEP09CUNGON,Cunha vs Goncalves Ceolin,KXITFMATCH,ITF Men's Match,Sports,"[""Tennis""]",open,binary,0.02,0.03,0.03,0.025,0.975,0.025,0.01,135126.43,114134.76,106291.3,0,2026-09-09T00:42:00Z,2026-09-23T16:30:00Z,2026-09-23T16:30:00Z,,,,structured,,,,True,2026-09-10T16:39:04+00:00,,,,
kalshi,KXMLBGAME-26SEP101305HOUPHI-HOU,https://kalshi.com/markets/kxmlbgame/professional-baseball-game,https://kalshi.com/markets/kxmlbgame/professional-baseball-game/kxmlbgame-26sep101305houphi,Houston wins,Houston,KXMLBGAME-26SEP101305HOUPHI,Houston vs Philadelphia,KXMLBGAME,Professional Baseball Game,Sports,"[""Baseball""]",open,binary,0.36,0.37,0.37,0.365,0.635,0.365,0.01,125765.2,113532.72,116661.91,0,2026-09-07T17:25:00Z,2026-09-13T17:05:00Z,2026-09-13T17:05:00Z,,,,structured,,,,True,2026-09-10T16:39:12+00:00,,,,
kalshi,KXMLBSPREAD-26SEP101305HOUPHI-PHI2,https://kalshi.com/markets/kxmlbspread/pro-baseball-spread,https://kalshi.com/markets/kxmlbspread/pro-baseball-spread/kxmlbspread-26sep101305houphi,Philadelphia wins by over 1.5 runs?,Philadelphia wins by over 1.5 runs,KXMLBSPREAD-26SEP101305HOUPHI,Houston vs Philadelphia: Spread,KXMLBSPREAD,Pro Baseball Spread,Sports,"[""Baseball""]",open,binary,0.44,0.45,0.45,0.445,0.555,0.445,0.01,123897.22,112157.97,111626.2,0,2026-09-09T20:10:00Z,2026-09-13T17:05:00Z,2026-09-13T17:05:00Z,,,,greater,1.5,,,True,2026-09-10T16:38:54+00:00,,,,
kalshi,KXATPCHALLENGERMATCH-26SEP10LAGALC-LAG,https://kalshi.com/markets/kxatpchallengermatch/challenger-atp,https://kalshi.com/markets/kxatpchallengermatch/challenger-atp/kxatpchallengermatch-26sep10lagalc,Pavel Lagutin wins,Pavel Lagutin,KXATPCHALLENGERMATCH-26SEP10LAGALC,Lagutin vs Alcala Gurri,KXATPCHALLENGERMATCH,Challenger ATP ,Sports,"[""Tennis""]",open,binary,0.5,0.51,0.51,0.505,0.495,0.505,0.01,131866.3,111766.87,101299,0,2026-09-10T04:10:00Z,2026-09-24T16:00:00Z,2026-09-24T16:00:00Z,,,,structured,,,,True,2026-09-10T16:38:52+00:00,,,,
kalshi,KXBTCD-26SEP1017-T78249.99,https://kalshi.com/markets/kxbtcd/bitcoin-price-above-below,https://kalshi.com/markets/kxbtcd/bitcoin-price-above-below/kxbtcd-26sep1017,"Bitcoin price on Sep 10, 2026?","$78,250 or above",KXBTCD-26SEP1017,"BTC price on Sep 10, 2026 at 5pm EDT?",KXBTCD,Bitcoin price Above/below,Crypto,"[""Hourly"", ""BTC""]",open,binary,0.02,0.03,0.03,0.025,0.975,0.025,0.01,111841.54,111700.54,34800.19,0,2026-09-09T20:00:00Z,2026-09-10T21:00:00Z,2026-09-17T21:00:00Z,,,,greater,78249.99,,BRTI,True,2026-09-10T16:39:01+00:00,,,,
kalshi,KXTESTMATCH-26SEP090600PAKENG-PAK,https://kalshi.com/markets/kxtestmatch/men-s-test-cricket-match,https://kalshi.com/markets/kxtestmatch/men-s-test-cricket-match/kxtestmatch-26sep090600pakeng,Pakistan wins,Pakistan,KXTESTMATCH-26SEP090600PAKENG,England vs Pakistan,KXTESTMATCH,Men's Test Cricket Match,Sports,"[""Cricket""]",open,binary,0,0.01,0.01,0.005,0.995,0.005,0.01,253556.39,110583.57,176934.86,0,2026-09-07T00:11:00Z,2026-09-16T10:00:00Z,2026-09-16T10:00:00Z,,,,structured,,,,True,2026-09-10T16:39:15+00:00,,,,
kalshi,KXWTA-26USO-RYB,https://kalshi.com/markets/kxwta/women-s-tournament-winner,https://kalshi.com/markets/kxwta/women-s-tournament-winner/kxwta-26uso,Will Elena Rybakina win the US Open Women's Singles?,Elena Rybakina,KXWTA-26USO,US Open Women's Singles Winner,KXWTA,Women's Tournament Winner,Sports,"[""Tennis""]",open,binary,0.25,0.26,0.25,0.255,0.745,0.255,0.01,539747.41,110572.14,340366.31,0,2026-06-08T17:00:00Z,2026-09-27T02:00:00Z,2026-09-27T02:00:00Z,,,,structured,,,,True,2026-09-10T16:40:06+00:00,,,,
kalshi,KXSB-27-DET,https://kalshi.com/markets/kxsb/super-bowl,https://kalshi.com/markets/kxsb/super-bowl/kxsb-27,Will Detroit win the 2027 Pro Football Championship?,Detroit,KXSB-27,2027 Pro Football Champion,KXSB,Super Bowl,Sports,"[""Football""]",open,binary,0.03,0.04,0.04,0.035,0.965,0.035,0.01,2249560.88,109471.68,1942881.15,0,2026-02-08T20:00:00Z,2029-02-13T23:30:00Z,2029-02-13T23:30:00Z,,,,structured,,,,True,2026-09-10T16:40:23+00:00,,,,
kalshi,KXBALANCEPOWERCOMBO-27FEB-RD,https://kalshi.com/markets/kxbalancepowercombo/congress-balance-of-power-combo,https://kalshi.com/markets/kxbalancepowercombo/congress-balance-of-power-combo/kxbalancepowercombo-27feb,Will House Control be Republican AND Senate Control be Democratic for Feb 2027?,"R-House, D-Senate",KXBALANCEPOWERCOMBO-27FEB,2026 Midterms: Congress Balance of Power?,KXBALANCEPOWERCOMBO,Congress balance of power combo,Elections,"[""Senate"", ""House"", ""Mixed Combos"", ""US Elections"", ""Election Combos""]",open,binary,0.015,0.017,0.017,0.016,0.984,0.016,0.002,2488696.25,109421.86,1746729.8,0,2025-12-11T15:00:00Z,2027-02-01T15:00:00Z,2027-02-08T15:00:00Z,,,,custom,,,,True,2026-09-10T16:40:27+00:00,,,,
kalshi,KXUCLTOTAL-26SEP10FENROM-3,https://kalshi.com/markets/kxucltotal/champions-league-total-goals,https://kalshi.com/markets/kxucltotal/champions-league-total-goals/kxucltotal-26sep10fenrom,Will over 2.5 goals be scored?,Over 2.5 goals scored,KXUCLTOTAL-26SEP10FENROM,Fenerbahce vs Roma: Total Goals,KXUCLTOTAL,Champions League Total Goals,Sports,"[""Soccer""]",open,binary,0.61,0.62,0.62,0.615,0.385,0.615,0.01,126230.12,109254.15,112751.38,0,2026-09-07T17:06:00Z,2026-09-12T22:45:00Z,2026-09-12T22:45:00Z,,,,greater,2.5,,,True,2026-09-10T16:39:12+00:00,,,,
kalshi,KXMLBSPREAD-26SEP101215TBATL-TB2,https://kalshi.com/markets/kxmlbspread/pro-baseball-spread,https://kalshi.com/markets/kxmlbspread/pro-baseball-spread/kxmlbspread-26sep101215tbatl,Tampa Bay wins by over 1.5 runs?,Tampa Bay wins by over 1.5 runs,KXMLBSPREAD-26SEP101215TBATL,Tampa Bay vs Atlanta: Spread,KXMLBSPREAD,Pro Baseball Spread,Sports,"[""Baseball""]",open,binary,0.28,0.29,0.28,0.285,0.715,0.285,0.01,109177.53,108078.19,97755.78,0,2026-09-09T17:51:00Z,2026-09-13T16:15:00Z,2026-09-13T16:15:00Z,,,,greater,1.5,,,True,2026-09-10T16:38:56+00:00,,,,
kalshi,KXMLBGAME-26SEP101905COLNYY-NYY,https://kalshi.com/markets/kxmlbgame/professional-baseball-game,https://kalshi.com/markets/kxmlbgame/professional-baseball-game/kxmlbgame-26sep101905colnyy,New York Y wins,New York Y,KXMLBGAME-26SEP101905COLNYY,Colorado vs New York Y,KXMLBGAME,Professional Baseball Game,Sports,"[""Baseball""]",open,binary,0.72,0.73,0.73,0.725,0.275,0.725,0.01,111671.8,108033.87,88386.75,0,2026-09-07T23:25:00Z,2026-09-13T23:05:00Z,2026-09-13T23:05:00Z,,,,structured,,,,True,2026-09-10T16:39:11+00:00,,,,
polymarket,0xaad2727a01e09fd1b0d84e286a63a94998efe35fce83a65a3c58dfa9b54dff33,https://polymarket.com/event/strait-of-hormuz-traffic-returns-to-normal-by-september-15-20260810150912478/strait-of-hormuz-traffic-returns-to-normal-by-september-15-20260810150912478,,Strait of Hormuz traffic returns to normal by September 15?,,830255,Strait of Hormuz traffic returns to normal by September 15?,strait-of-hormuz-traffic-returns-to-normal-by-september-15-20260810150912478,Strait of Hormuz traffic returns to normal by September 15?,,[],open,binary,0.003,0.004,0.004,0.0035,0.9965,0.0035,0.001,1867990.359042,106940.154146,,382984.50159,2026-08-11T09:20:21.932904Z,2026-09-15T00:00:00Z,2026-09-15T00:00:00Z,,,,,,,,,2026-09-10T16:38:51+00:00,,"[""Yes"", ""No""]","[0.0035, 0.9965]",792896940617101609095080343806493099086366718518381398857436002509498065050
polymarket,0x4914bfdd892a48c341b5e0f41ec10475a815f2277273110b16f95e21084bfe75,https://polymarket.com/event/how-many-fed-rate-cuts-in-2026/will-6-fed-rate-cuts-happen-in-2026,,Will 6 Fed rate cuts happen in 2026?,6 (150 bps),51456,How many Fed rate cuts in 2026?,how-many-fed-rate-cuts-in-2026,How many Fed rate cuts in 2026?,,[],open,binary,,0.001,0.001,0.0005,0.9995,0.0005,0.001,4218729.10532,106926,,141176.53083,2025-09-29T22:24:51.765988Z,2026-12-31T00:00:00Z,2026-12-31T00:00:00Z,,,,,,,,,2026-09-10T16:38:51+00:00,,"[""Yes"", ""No""]","[0.0005, 0.9995]",77531340423610587330488971960018210147778793548713753738604838920212617696839
kalshi,KXDPWORLDTOURR1LEAD-AMIO26-RMCI,https://kalshi.com/markets/kxdpworldtourr1lead/dp-world-tour-r1-leader,https://kalshi.com/markets/kxdpworldtourr1lead/dp-world-tour-r1-leader/kxdpworldtourr1lead-amio26,Rory McIlroy leads at the end of Round 1,Rory McIlroy,KXDPWORLDTOURR1LEAD-AMIO26,Amgen Irish Open End of Round 1 Leader,KXDPWORLDTOURR1LEAD,DP World Tour R1 Leader,Sports,"[""Golf""]",open,binary,0.007,0.014,0.014,0.0105,0.9895,0.0105,0.007,129147.53,106831.96,123784.48,0,2026-09-07T00:10:00Z,2026-09-27T00:00:00Z,2026-09-27T00:00:00Z,,,,structured,,,,True,2026-09-10T16:39:15+00:00,,,,
kalshi,KXMLBTOTAL-26SEP101610TEXSEA-8,https://kalshi.com/markets/kxmlbtotal/pro-baseball-total-points,https://kalshi.com/markets/kxmlbtotal/pro-baseball-total-points/kxmlbtotal-26sep101610texsea,Over 7.5 runs scored,Over 7.5 runs scored,KXMLBTOTAL-26SEP101610TEXSEA,Texas vs Seattle: Total Runs,KXMLBTOTAL,Pro Baseball Total Points,Sports,"[""Baseball""]",open,binary,0.39,0.4,0.39,0.395,0.605,0.395,0.01,112911.21,106791.27,105229.31,0,2026-09-09T17:51:00Z,2026-09-13T20:10:00Z,2026-09-13T20:10:00Z,,,,greater,7.5,,,True,2026-09-10T16:38:56+00:00,,,,
kalshi,KXDPWORLDTOUR-AMIO26-JNIE,https://kalshi.com/markets/kxdpworldtour/dp-world-tour-tournament-winner,https://kalshi.com/markets/kxdpworldtour/dp-world-tour-tournament-winner/kxdpworldtour-amio26,Will Joaquin Niemann win the Amgen Irish Open?,Joaquin Niemann,KXDPWORLDTOUR-AMIO26,Amgen Irish Open Winner,KXDPWORLDTOUR,DP World Tour Tournament Winner,Sports,"[""Golf""]",open,binary,0.19,0.21,0.19,0.2,0.8,0.2,0.02,140169.67,106427.93,106083.63,0,2026-09-07T16:10:00Z,2026-09-27T00:00:00Z,2026-09-27T00:00:00Z,,,,structured,,,,True,2026-09-10T16:39:12+00:00,,,,
kalshi,KXWFIBAGAME-26SEP101200GERBE-GER,https://kalshi.com/markets/kxwfibagame/women-s-fiba-game,https://kalshi.com/markets/kxwfibagame/women-s-fiba-game/kxwfibagame-26sep101200gerbe,Germany wins,Germany,KXWFIBAGAME-26SEP101200GERBE,Germany vs Belgium,KXWFIBAGAME,Women's FIBA Game,Sports,"[""Basketball""]",open,binary,0.75,0.76,0.75,0.755,0.245,0.755,0.01,115580.71,106035.7,94114.89,0,2026-09-08T22:38:00Z,2026-09-12T16:00:00Z,2026-09-12T16:00:00Z,,,,structured,,,,True,2026-09-10T16:39:05+00:00,,,,
polymarket,0x4863f1e9e9c8389b55440df57409b29a9322589f525dd03266970c8d1c60964e,https://polymarket.com/event/ucl-fen-rom-2026-09-10-more-markets/ucl-fen-rom-2026-09-10-total-0pt5,,Fenerbahçe SK vs. AS Roma: O/U 0.5,O/U 0.5,931866,Fenerbahçe SK vs. AS Roma - More Markets,ucl-fen-rom-2026-09-10-more-markets,Fenerbahçe SK vs. AS Roma - More Markets,,[],open,binary,0.95,0.96,0.96,0.955,0.045,0.955,0.01,106111.26045999999,106013.760459,,79071.4654,2026-08-29T18:16:08Z,2026-09-10T16:45:00Z,2026-09-10T16:45:00Z,,,,,,,,,2026-09-10T16:38:51+00:00,1,"[""Over"", ""Under""]","[0.955, 0.045]",84565255395825348373141002864409590688731611953333609530303921279324816561525
kalshi,KXSB-27-CHI,https://kalshi.com/markets/kxsb/super-bowl,https://kalshi.com/markets/kxsb/super-bowl/kxsb-27,Will Chicago win the 2027 Pro Football Championship?,Chicago,KXSB-27,2027 Pro Football Champion,KXSB,Super Bowl,Sports,"[""Football""]",open,binary,0.03,0.04,0.04,0.035,0.965,0.035,0.01,3537521.97,105196.91,3089580.78,0,2026-02-08T20:00:00Z,2029-02-13T23:30:00Z,2029-02-13T23:30:00Z,,,,structured,,,,True,2026-09-10T16:40:23+00:00,,,,
kalshi,KXMLBTOTAL-26SEP101215TBATL-8,https://kalshi.com/markets/kxmlbtotal/pro-baseball-total-points,https://kalshi.com/markets/kxmlbtotal/pro-baseball-total-points/kxmlbtotal-26sep101215tbatl,Over 7.5 runs scored,Over 7.5 runs scored,KXMLBTOTAL-26SEP101215TBATL,Tampa Bay vs Atlanta: Total Runs,KXMLBTOTAL,Pro Baseball Total Points,Sports,"[""Baseball""]",open,binary,0.39,0.4,0.4,0.395,0.605,0.395,0.01,121896.31,102284.11,93997.59,0,2026-09-09T17:51:00Z,2026-09-13T16:15:00Z,2026-09-13T16:15:00Z,,,,greater,7.5,,,True,2026-09-10T16:38:56+00:00,,,,
kalshi,KXDPWORLDTOUR-AMIO26-BKOE,https://kalshi.com/markets/kxdpworldtour/dp-world-tour-tournament-winner,https://kalshi.com/markets/kxdpworldtour/dp-world-tour-tournament-winner/kxdpworldtour-amio26,Will Brooks Koepka win the Amgen Irish Open?,Brooks Koepka,KXDPWORLDTOUR-AMIO26,Amgen Irish Open Winner,KXDPWORLDTOUR,DP World Tour Tournament Winner,Sports,"[""Golf""]",open,binary,0,0.004,0.009,0.002,0.998,0.002,0.004,144504.62,101923.74,135431.8,0,2026-09-05T16:05:00Z,2026-09-27T00:00:00Z,2026-09-27T00:00:00Z,,,,structured,,,,True,2026-09-10T16:39:19+00:00,,,,
polymarket,0xa85e45264f68b269b379d480fb3cf8b7e52ec9124ce9afff4aea19adabfa8402,https://polymarket.com/event/wta-gauff-rybakin-2026-09-10/wta-gauff-rybakin-2026-09-10,,US Open WTA: Coco Gauff vs Elena Rybakina,,996216,US Open WTA: Coco Gauff vs Elena Rybakina,wta-gauff-rybakin-2026-09-10,US Open WTA: Coco Gauff vs Elena Rybakina,,[],open,binary,0.49,0.5,0.5,0.495,0.505,0.495,0.01,101796.65996100001,101825.88319000002,,289152.6362,2026-09-09T22:14:21Z,2026-09-18T00:30:00Z,2026-09-18T00:30:00Z,,,,,,,,,2026-09-10T16:38:51+00:00,,"[""Coco Gauff"", ""Elena Rybakina""]","[0.495, 0.505]",3648230197397379442398031407525441957851944742886638088560943275568153438401
kalshi,KXNFLWINS-27PIT-9,https://kalshi.com/markets/kxnflwins/pro-football-wins,https://kalshi.com/markets/kxnflwins/pro-football-wins/kxnflwins-27pit,Will the Pittsburgh pro football team win at least 9 games this season?,9+ wins,KXNFLWINS-27PIT,Pro Football: Pittsburgh Total Wins,KXNFLWINS,Pro Football Wins,Sports,"[""Football""]",open,binary,0.51,0.52,0.51,0.515,0.485,0.515,0.01,169161.24,101240.37,152349.53,0,2026-04-20T22:54:00Z,2027-01-18T05:00:00Z,2027-01-18T05:00:00Z,,,,greater_or_equal,9,,,True,2026-09-10T16:40:19+00:00,,,,
kalshi,KXDPWORLDTOUR-AMIO26-SLOW,https://kalshi.com/markets/kxdpworldtour/dp-world-tour-tournament-winner,https://kalshi.com/markets/kxdpworldtour/dp-world-tour-tournament-winner/kxdpworldtour-amio26,Will Shane Lowry win the Amgen Irish Open?,Shane Lowry,KXDPWORLDTOUR-AMIO26,Amgen Irish Open Winner,KXDPWORLDTOUR,DP World Tour Tournament Winner,Sports,"[""Golf""]",open,binary,0.031,0.038,0.034,0.0345,0.9655,0.0345,0.007,181136.55,101011.45,120049.15,0,2026-09-05T16:05:00Z,2026-09-27T00:00:00Z,2026-09-27T00:00:00Z,,,,structured,,,,True,2026-09-10T16:39:19+00:00,,,,
kalshi,KXTESTMATCH-26SEP090600PAKENG-TIE,https://kalshi.com/markets/kxtestmatch/men-s-test-cricket-match,https://kalshi.com/markets/kxtestmatch/men-s-test-cricket-match/kxtestmatch-26sep090600pakeng,Draw/Tie wins,Draw/Tie,KXTESTMATCH-26SEP090600PAKENG,England vs Pakistan,KXTESTMATCH,Men's Test Cricket Match,Sports,"[""Cricket""]",open,binary,0,0.01,0.01,0.005,0.995,0.005,0.01,184022.35,100851.98,150755.11,0,2026-09-07T00:11:00Z,2026-09-16T10:00:00Z,2026-09-16T10:00:00Z,,,,structured,,,,True,2026-09-10T16:39:15+00:00,,,,
polymarket,0xcd9079a837d72a0eafde1dc692c819940bd030a295ddc67f27590e98df33878c,https://polymarket.com/event/us-announces-end-of-iranian-blockade-byptptpt-20260713152715080/us-announces-end-of-iranian-blockade-by-september-14-2026,,"US announces end of Iranian blockade by September 14, 2026?",September 14,699735,US announces end of Iranian blockade by...?,us-announces-end-of-iranian-blockade-byptptpt-20260713152715080,US announces end of Iranian blockade by...?,,[],open,binary,0.021,0.023,0.023,0.022,0.978,0.022,0.002,1362214.1568300023,100654.53779899998,,79913.2026,2026-08-18T16:40:15.548922Z,2026-09-15T03:59:00Z,2026-09-15T03:59:00Z,,,,,,,,,2026-09-10T16:38:51+00:00,-0.1,"[""Yes"", ""No""]","[0.022, 0.978]",5704535028627813610807450987863678382834984459808017027367262166853701331994
kalshi,KXNFLREC-26SEP10SFLAR-SFCMCCAFFREY23-5,https://kalshi.com/markets/kxnflrec/pro-football-player-receptions,https://kalshi.com/markets/kxnflrec/pro-football-player-receptions/kxnflrec-26sep10sflar,Christian McCaffrey: 5+ receptions,Christian McCaffrey: 5+,KXNFLREC-26SEP10SFLAR,San Francisco vs Los Angeles R: Receptions,KXNFLREC,Pro Football Player Receptions,Sports,"[""Football""]",open,binary,0.51,0.52,0.52,0.515,0.485,0.515,0.01,105727.63,100248.77,95610.69,0,2026-08-27T23:44:00Z,2026-09-13T00:35:00Z,2026-09-13T00:35:00Z,,,,greater,4.5,,,True,2026-09-10T16:39:35+00:00,,,,
polymarket,0xefe6300fd8a053cca53df8f1bd536c5f571a136392c0516e7b16e39f1addecb0,https://polymarket.com/event/presidential-election-winner-2028/will-jb-pritzker-win-the-2028-us-presidential-election,,Will JB Pritzker win the 2028 US Presidential Election?,JB Pritzker,31552,Presidential Election Winner 2028,presidential-election-winner-2028,Presidential Election Winner 2028,,[],open,binary,0.003,0.004,0.004,0.0035,0.9965,0.0035,0.001,12937722.976255,100044.279664,,547514.48448,2025-07-11T19:06:00.667Z,2028-11-07T00:00:00Z,2028-11-07T00:00:00Z,,,,,,,,,2026-09-10T16:38:51+00:00,,"[""Yes"", ""No""]","[0.0035, 0.9965]",70948731404464821824516595498024506131170394300814446118501620719416471444076
kalshi,KXBTCD-26SEP1013-T76899.99,https://kalshi.com/markets/kxbtcd/bitcoin-price-above-below,https://kalshi.com/markets/kxbtcd/bitcoin-price-above-below/kxbtcd-26sep1013,"Bitcoin price on Sep 10, 2026?","$76,900 or above",KXBTCD-26SEP1013,"BTC price on Sep 10, 2026 at 1pm EDT?",KXBTCD,Bitcoin price Above/below,Crypto,"[""Hourly"", ""BTC""]",open,binary,0.57,0.58,0.57,0.575,0.425,0.575,0.01,141373.51,99886.13,53886.52,0,2026-09-10T16:00:00Z,2026-09-10T17:00:00Z,2026-09-17T17:00:00Z,,,,greater,76899.99,,BRTI,True,2026-09-10T16:39:01+00:00,,,,
kalshi,KXATPMATCH-26SEP11TIASHE-TIA,https://kalshi.com/markets/kxatpmatch/atp-tennis-match,https://kalshi.com/markets/kxatpmatch/atp-tennis-match/kxatpmatch-26sep11tiashe,Frances Tiafoe wins,Frances Tiafoe,KXATPMATCH-26SEP11TIASHE,Tiafoe vs Shelton,KXATPMATCH,ATP Tennis Match,Sports,"[""Tennis""]",open,binary,0.27,0.28,0.28,0.275,0.725,0.275,0.01,148872.72,99497.63,127937.47,0,2026-09-09T07:55:00Z,2026-09-25T19:00:00Z,2026-09-25T19:00:00Z,,,,structured,,,,True,2026-09-10T16:39:02+00:00,,,,
kalshi,KXNFLSPREAD-26SEP10SFLAR-LAR6,https://kalshi.com/markets/kxnflspread/pro-football-spread,https://kalshi.com/markets/kxnflspread/pro-football-spread/kxnflspread-26sep10sflar,Los Angeles R wins by over 5.5 points?,Los Angeles R wins by over 5.5 points,KXNFLSPREAD-26SEP10SFLAR,San Francisco vs Los Angeles: Spread,KXNFLSPREAD,Pro Football Spread,Sports,"[""Football""]",open,binary,0.44,0.45,0.45,0.445,0.555,0.445,0.01,106079.75,99056.54,95111.26,0,2026-08-03T23:13:00Z,2026-09-13T00:35:00Z,2026-09-13T00:35:00Z,,,,greater,5.5,,,True,2026-09-10T16:39:52+00:00,,,,
kalshi,KXMLBGAME-26SEP101905COLNYY-COL,https://kalshi.com/markets/kxmlbgame/professional-baseball-game,https://kalshi.com/markets/kxmlbgame/professional-baseball-game/kxmlbgame-26sep101905colnyy,Colorado wins,Colorado,KXMLBGAME-26SEP101905COLNYY,Colorado vs New York Y,KXMLBGAME,Professional Baseball Game,Sports,"[""Baseball""]",open,binary,0.27,0.28,0.28,0.275,0.725,0.275,0.01,99767.92,98746.12,99264.78,0,2026-09-07T23:25:00Z,2026-09-13T23:05:00Z,2026-09-13T23:05:00Z,,,,structured,,,,True,2026-09-10T16:39:11+00:00,,,,
kalshi,KXUSAIRANAGREEMENT-27,https://kalshi.com/markets/kxusairanagreement/us-iran-nuclear-deal,https://kalshi.com/markets/kxusairanagreement/us-iran-nuclear-deal/kxusairanagreement-27,Will the US agree to a new Iranian nuclear deal this year?,"Before Jan 1, 2027",KXUSAIRANAGREEMENT-27,US-Iran nuclear deal?,KXUSAIRANAGREEMENT,US Iran nuclear deal,Politics,"[""Iran""]",open,binary,0.074,0.083,0.083,0.0785,0.9215,0.0785,0.009,1669921.27,98346.86,471446.34,0,2026-01-08T15:00:00Z,2027-01-01T15:00:00Z,2027-01-01T15:00:00Z,,,,,,,,True,2026-09-10T16:40:25+00:00,,,,
polymarket,0x71ef4b07995749db0b495651842932f124e1b3a4a76e0fd1a7253fbf56ce0f82,https://polymarket.com/event/ucl-psv-shd-2026-09-10-more-markets/ucl-psv-shd-2026-09-10-total-3pt5,,PSV vs. FK Shakhtar Donetsk: O/U 3.5,O/U 3.5,931865,PSV vs. FK Shakhtar Donetsk - More Markets,ucl-psv-shd-2026-09-10-more-markets,PSV vs. FK Shakhtar Donetsk - More Markets,,[],open,binary,0.45,0.46,0.46,0.455,0.545,0.455,0.01,98340.604011,98326.25618600003,,226796.7432,2026-08-29T18:16:04Z,2026-09-10T16:45:00Z,2026-09-10T16:45:00Z,,,,,,,,,2026-09-10T16:38:51+00:00,,"[""Over"", ""Under""]","[0.455, 0.545]",108637141316847749325535266496950700776482947329168211818610230526579768182808
polymarket,0xd57a2578075a2678d4e2600c5a0eb2bf7071604a0da7670160c82d0e6334b0cb,https://polymarket.com/event/cs2-shin-tdp-2026-09-10/cs2-shin-tdp-2026-09-10,,Counter-Strike: ShindeN vs Turma do Pagode (BO3) - PGL Masters Bucharest: South American Closed Qualifier Playoffs,Match Winner,996942,Counter-Strike: ShindeN vs Turma do Pagode (BO3) - PGL Masters Bucharest: South American Closed Qualifier Playoffs,cs2-shin-tdp-2026-09-10,Counter-Strike: ShindeN vs Turma do Pagode (BO3) - PGL Masters Bucharest: South American Closed Qualifier Playoffs,,[],open,binary,0.43,0.47,0.46,0.45,0.55,0.45,0.04,98190.49905399999,98190.49905399996,,13556.2093,2026-09-10T01:45:25Z,2026-09-10T20:10:00Z,2026-09-10T20:10:00Z,,,,,,,,,2026-09-10T16:38:51+00:00,,"[""ShindeN"", ""Turma do Pagode""]","[0.45, 0.55]",11638426983878672309385737098476040630474555883848216413951611593770866637549
kalshi,KXPRESNOMR-28-ITRU,https://kalshi.com/markets/kxpresnomr/republican-primary-winner,https://kalshi.com/markets/kxpresnomr/republican-primary-winner/kxpresnomr-28,Will Ivanka Trump be the nominee for the Presidency for the Republican party?,Ivanka Trump,KXPRESNOMR-28,2028 Republican presidential nominee,KXPRESNOMR,Republican Primary winner,Elections,"[""2028"", ""US Elections""]",open,binary,0.011,0.014,0.014,0.0125,0.9875,0.0125,0.003,2155627.53,97712.07,1477530.75,0,2026-03-23T00:00:00Z,2028-11-07T15:00:00Z,2028-11-07T15:00:00Z,,,,custom,,,,True,2026-09-10T16:40:21+00:00,,,,
kalshi,KXBOXING-26SEP12GARCIABENN-GARCIA,https://kalshi.com/markets/kxboxing/boxing-match-champion,https://kalshi.com/markets/kxboxing/boxing-match-champion/kxboxing-26sep12garciabenn,Ryan Garcia vs Conor Benn Winner?,Ryan Garcia,KXBOXING-26SEP12GARCIABENN,Ryan Garcia vs Conor Benn,KXBOXING,Boxing Match Champion,Sports,"[""Boxing""]",open,binary,0.69,0.7,0.7,0.695,0.305,0.695,0.01,460829.74,96715,227333.97,0,2026-07-28T01:58:00Z,2026-09-27T02:00:00Z,2026-09-27T02:00:00Z,,,,structured,,,,True,2026-09-10T16:39:56+00:00,,,,
kalshi,KXBTC15M-26SEP101245-45,https://kalshi.com/markets/kxbtc15m/bitcoin-price-up-down,https://kalshi.com/markets/kxbtc15m/bitcoin-price-up-down/kxbtc15m-26sep101245,BTC price up in next 15 mins?,"Target Price: $76,903.12",KXBTC15M-26SEP101245,"BTC 15 min · $76,903.12 target",KXBTC15M,Bitcoin price up down,Crypto,"[""BTC"", ""15 min"", ""15 Min Markets""]",open,binary,0.65,0.66,0.65,0.655,0.345,0.655,0.01,1205092.31,95605,338815.44,0,2026-09-10T16:30:00Z,2026-09-10T16:45:00Z,2026-09-17T16:45:00Z,,,,greater_or_equal,76903.12,,,True,2026-09-10T16:38:54+00:00,,,,
polymarket,0x747dc809fb79e1b05be09c42d6179459a58de2ef3e40f02484a4e1260f741f75,https://polymarket.com/event/will-the-us-confirm-that-aliens-exist-before-2027/will-the-us-confirm-that-aliens-exist-before-2027-789-924-249,,Will the US confirm that aliens exist before 2027?,December 31,90177,Will the US confirm that aliens exist by...?,will-the-us-confirm-that-aliens-exist-before-2027,Will the US confirm that aliens exist by...?,,[],open,binary,0.033,0.034,0.034,0.0335,0.9665,0.0335,0.001,38228068.52831197,95564.671301,,786105.04945,2025-11-25T18:05:19.721Z,2027-01-01T04:59:00Z,2027-01-01T04:59:00Z,,,,,,,,,2026-09-10T16:38:51+00:00,-0.5,"[""Yes"", ""No""]","[0.0335, 0.9665]",107505882767731489358349912513945399560393482969656700824895970500493757150417
kalshi,KXBTCD-26SEP1013-T76799.99,https://kalshi.com/markets/kxbtcd/bitcoin-price-above-below,https://kalshi.com/markets/kxbtcd/bitcoin-price-above-below/kxbtcd-26sep1013,"Bitcoin price on Sep 10, 2026?","$76,800 or above",KXBTCD-26SEP1013,"BTC price on Sep 10, 2026 at 1pm EDT?",KXBTCD,Bitcoin price Above/below,Crypto,"[""Hourly"", ""BTC""]",open,binary,0.78,0.79,0.79,0.785,0.215,0.785,0.01,135610.59,95233.2,67069.92,0,2026-09-10T16:00:00Z,2026-09-10T17:00:00Z,2026-09-17T17:00:00Z,,,,greater,76799.99,,BRTI,True,2026-09-10T16:39:01+00:00,,,,
kalshi,KXNFLSPREAD-26SEP10SFLAR-LAR3,https://kalshi.com/markets/kxnflspread/pro-football-spread,https://kalshi.com/markets/kxnflspread/pro-football-spread/kxnflspread-26sep10sflar,Los Angeles R wins by over 2.5 points?,Los Angeles R wins by over 2.5 points,KXNFLSPREAD-26SEP10SFLAR,San Francisco vs Los Angeles: Spread,KXNFLSPREAD,Pro Football Spread,Sports,"[""Football""]",open,binary,0.6,0.61,0.61,0.605,0.395,0.605,0.01,121057.52,94936.52,105563.52,0,2026-08-03T23:13:00Z,2026-09-13T00:35:00Z,2026-09-13T00:35:00Z,,,,greater,2.5,,,True,2026-09-10T16:39:52+00:00,,,,
kalshi,KXPRESNOMD-28-AYAN,https://kalshi.com/markets/kxpresnomd/democratic-primary-winner,https://kalshi.com/markets/kxpresnomd/democratic-primary-winner/kxpresnomd-28,Will Andrew Yang be the nominee for the Presidency for the Democratic party?,Andrew Yang,KXPRESNOMD-28,2028 Democratic presidential nominee,KXPRESNOMD,Democratic Primary winner,Elections,"[""2028"", ""US Elections""]",open,binary,0,0.001,0.001,0.0005,0.9995,0.0005,0.001,3574173.14,94894.69,2961983.95,0,2026-03-23T00:00:00Z,2028-11-07T15:00:00Z,2028-11-07T15:00:00Z,,,,custom,,,,True,2026-09-10T16:40:21+00:00,,,,
kalshi,KXSB-27-PHI,https://kalshi.com/markets/kxsb/super-bowl,https://kalshi.com/markets/kxsb/super-bowl/kxsb-27,Will Philadelphia win the 2027 Pro Football Championship?,Philadelphia,KXSB-27,2027 Pro Football Champion,KXSB,Super Bowl,Sports,"[""Football""]",open,binary,0.04,0.05,0.05,0.045,0.955,0.045,0.01,2550326.62,94424.21,2320735.18,0,2026-02-08T20:00:00Z,2029-02-13T23:30:00Z,2029-02-13T23:30:00Z,,,,structured,,,,True,2026-09-10T16:40:23+00:00,,,,
kalshi,KXPRESNOMD-28-EWAR,https://kalshi.com/markets/kxpresnomd/democratic-primary-winner,https://kalshi.com/markets/kxpresnomd/democratic-primary-winner/kxpresnomd-28,Will Elizabeth Warren be the nominee for the Presidency for the Democratic party?,Elizabeth Warren,KXPRESNOMD-28,2028 Democratic presidential nominee,KXPRESNOMD,Democratic Primary winner,Elections,"[""2028"", ""US Elections""]",open,binary,0,0.001,0.001,0.0005,0.9995,0.0005,0.001,1899660.97,94398.78,1820698.12,0,2026-04-01T19:00:00Z,2028-11-07T15:00:00Z,2028-11-07T15:00:00Z,,,,custom,,,,True,2026-09-10T16:40:20+00:00,,,,
kalshi,KXPRESNOMD-28-GR,https://kalshi.com/markets/kxpresnomd/democratic-primary-winner,https://kalshi.com/markets/kxpresnomd/democratic-primary-winner/kxpresnomd-28,Will Gina Raimondo be the Democratic Presidential nominee in 2028?,Gina Raimondo,KXPRESNOMD-28,2028 Democratic presidential nominee,KXPRESNOMD,Democratic Primary winner,Elections,"[""2028"", ""US Elections""]",open,binary,0,0.001,0.001,0.0005,0.9995,0.0005,0.001,2642209.32,94394.69,1919018.98,0,2025-06-10T00:10:00Z,2028-11-07T15:00:00Z,2028-11-07T15:00:00Z,,,,custom,,,,True,2026-09-10T16:40:29+00:00,,,,
polymarket,0xf82a452fbba33edb6557d7091e0bd2a36d1e3af89b69b1f0f3ea705f498b4698,https://polymarket.com/event/wta-sabalen-pegula-2026-09-10/wta-sabalen-pegula-2026-09-10,,US Open WTA: Aryna Sabalenka vs Jessica Pegula,,992107,US Open WTA: Aryna Sabalenka vs Jessica Pegula,wta-sabalen-pegula-2026-09-10,US Open WTA: Aryna Sabalenka vs Jessica Pegula,,[],open,binary,0.63,0.64,0.64,0.635,0.365,0.635,0.01,95744.914739,94104.65351900001,,160080.3638,2026-09-09T04:14:23Z,2026-09-17T23:00:00Z,2026-09-17T23:00:00Z,,,,,,,,,2026-09-10T16:38:51+00:00,,"[""Aryna Sabalenka"", ""Jessica Pegula""]","[0.635, 0.365]",24838578383896310495631967354953516965298852227920758446192737943290786084635
kalshi,KXATP-26USO-KHA,https://kalshi.com/markets/kxatp/men-s-tournament-winner,https://kalshi.com/markets/kxatp/men-s-tournament-winner/kxatp-26uso,Will Karen Khachanov win the US Open Men's Singles?,Karen Khachanov,KXATP-26USO,US Open Men's Singles Winner,KXATP,Men's Tournament Winner,Sports,"[""Tennis""]",open,binary,0.06,0.07,0.07,0.065,0.935,0.065,0.01,1322746.47,93807.45,1156682.83,0,2026-06-08T17:00:00Z,2026-09-28T02:00:00Z,2026-09-28T02:00:00Z,,,,structured,,,,True,2026-09-10T16:40:06+00:00,,,,
kalshi,KXNFLMVP-27-JSMI,https://kalshi.com/markets/kxnflmvp/ap-pro-football-regular-season-mvp,https://kalshi.com/markets/kxnflmvp/ap-pro-football-regular-season-mvp/kxnflmvp-27,Will Jaxon Smith-Njigba win the MVP?,Jaxon Smith-Njigba,KXNFLMVP-27,MVP Winner?,KXNFLMVP,AP Pro Football Regular Season MVP,Sports,"[""Football""]",open,binary,0,0.01,0.01,0.005,0.995,0.005,0.01,117482.19,93585.45,117382.19,0,2026-02-08T20:30:00Z,2028-02-12T15:00:00Z,2028-02-12T15:00:00Z,,,,structured,,,,True,2026-09-10T16:40:23+00:00,,,,
polymarket,0xbdcd08f073828a6bd98c8b274399a384d337e64df935ac21672da75571602ad4,https://polymarket.com/event/mlb-tb-atl-2026-09-10/mlb-tb-atl-2026-09-10-total-8pt5,,Tampa Bay Rays vs. Atlanta Braves: O/U 8.5,O/U 8.5,964209,Tampa Bay Rays vs. Atlanta Braves,mlb-tb-atl-2026-09-10,Tampa Bay Rays vs. Atlanta Braves,,[],open,binary,0.33,0.34,0.43,0.335,0.665,0.335,0.01,92934.69424,92934.69424,,17262.8604,2026-09-09T17:29:06Z,2026-09-10T16:15:00Z,2026-09-10T16:15:00Z,,,,,,,,,2026-09-10T16:38:51+00:00,,"[""Over"", ""Under""]","[0.335, 0.665]",97992289086010726956643191937645466634643183388974722687360117790194130262012
kalshi,KXMLBHR-26SEP101215TBATL-TBJCAMINERO13-1,https://kalshi.com/markets/kxmlbhr/pro-baseball-home-runs,https://kalshi.com/markets/kxmlbhr/pro-baseball-home-runs/kxmlbhr-26sep101215tbatl,Junior Caminero: 1+ home runs?,Junior Caminero: 1+,KXMLBHR-26SEP101215TBATL,Tampa Bay vs Atlanta: Home Runs,KXMLBHR,Pro Baseball Home Runs,Sports,"[""Baseball""]",open,binary,0.15,0.16,0.16,0.155,0.845,0.155,0.01,92960.56,91996.66,82308.48,0,2026-09-10T04:40:00Z,2026-09-13T16:15:00Z,2026-09-13T16:15:00Z,,,,greater,0.5,,,True,2026-09-10T16:38:52+00:00,,,,
kalshi,KXNCAAFGAME-26SEP11RICHNCST-RICH,https://kalshi.com/markets/kxncaafgame/college-football-game,https://kalshi.com/markets/kxncaafgame/college-football-game/kxncaafgame-26sep11richncst,Richmond wins,Richmond,KXNCAAFGAME-26SEP11RICHNCST,Richmond vs North Carolina St.,KXNCAAFGAME,College Football Game,Sports,"[""Football""]",open,binary,0.02,0.03,0.03,0.025,0.975,0.025,0.01,229741.86,90934.11,195553.87,0,2026-08-25T14:38:00Z,2026-09-13T23:00:00Z,2026-09-13T23:00:00Z,,,,structured,,,,True,2026-09-10T16:39:37+00:00,,,,
kalshi,KXTRUMPMENTION-26SEP10-CRYP,https://kalshi.com/markets/kxtrumpmention/what-will-trump-say,https://kalshi.com/markets/kxtrumpmention/what-will-trump-say/kxtrumpmention-26sep10,What will Donald Trump say during RNC Midterm Convention?,Crypto / Bitcoin,KXTRUMPMENTION-26SEP10,What will Trump say during RNC Convention (Night 2)?,KXTRUMPMENTION,What will Trump say?,Mentions,"[""Trump"", ""Politicians""]",open,binary,0.02,0.03,0.03,0.025,0.975,0.025,0.01,171435.95,90778.42,144245.61,0,2026-08-27T17:45:00Z,2026-09-25T14:00:00Z,2026-09-25T14:00:00Z,,,,custom,,,,True,2026-09-10T16:39:35+00:00,,,,
kalshi,KXDPWORLDTOUR-AMIO26-RCAB,https://kalshi.com/markets/kxdpworldtour/dp-world-tour-tournament-winner,https://kalshi.com/markets/kxdpworldtour/dp-world-tour-tournament-winner/kxdpworldtour-amio26,Will Rafa Cabrera Bello win the Amgen Irish Open?,Rafa Cabrera Bello,KXDPWORLDTOUR-AMIO26,Amgen Irish Open Winner,KXDPWORLDTOUR,DP World Tour Tournament Winner,Sports,"[""Golf""]",open,binary,0,0.015,0.023,0.0075,0.9925,0.0075,0.015,109492.51,90395.1,107020.93,0,2026-09-05T16:05:00Z,2026-09-27T00:00:00Z,2026-09-27T00:00:00Z,,,,structured,,,,True,2026-09-10T16:39:19+00:00,,,,
kalshi,KXUCLGAME-26SEP10FENROM-TIE,https://kalshi.com/markets/kxuclgame/uefa-champions-league-game,https://kalshi.com/markets/kxuclgame/uefa-champions-league-game/kxuclgame-26sep10fenrom,Tie is the result,Tie,KXUCLGAME-26SEP10FENROM,Fenerbahce vs Roma,KXUCLGAME,UEFA Champions League Game,Sports,"[""Soccer""]",open,binary,0.25,0.26,0.26,0.255,0.745,0.255,0.01,96103.22,89950.13,94108.52,0,2026-09-03T00:38:00Z,2026-09-12T22:45:00Z,2026-09-12T22:45:00Z,,,,structured,,,,True,2026-09-10T16:39:25+00:00,,,,
polymarket,0x0daa39497ba1954a17991dda682e5d3e582f1d6a19759f2eb6b12f15ebac04c6,https://polymarket.com/event/us-x-iran-effective-ceasefire-begins-byptptpt-2-week-pause/us-x-iran-effective-ceasefire-by-september-7,,US x Iran Effective Ceasefire by September 7?,September 7,950983,US x Iran Effective Ceasefire begins by...? (2 week pause),us-x-iran-effective-ceasefire-begins-byptptpt-2-week-pause,US x Iran Effective Ceasefire begins by...? (2 week pause),,[],open,binary,0.58,0.6,0.58,0.59,0.41,0.59,0.02,194298.815095,89589.60309500001,,24195.6392,2026-09-02T19:52:20.549777Z,2026-09-07T23:59:00Z,2026-09-07T23:59:00Z,,,,,,,,,2026-09-10T16:38:51+00:00,17,"[""Yes"", ""No""]","[0.59, 0.41]",83883734092758133403661818960637401828986542594423652745565198052267379022496
kalshi,KXTRUMPAPOLOGY-27JAN01-26OCT01,https://kalshi.com/markets/kxtrumpapology/will-trump-apologize,https://kalshi.com/markets/kxtrumpapology/will-trump-apologize/kxtrumpapology-27jan01,"Will Donald Trump apologize for any of his own statements, actions, or conduct before Oct 1, 2026?","Before Oct 1, 2026",KXTRUMPAPOLOGY-27JAN01,Will Donald Trump issue a public apology?,KXTRUMPAPOLOGY,Will Trump apologize?,Politics,"[""Trump""]",open,binary,0.52,0.56,0.52,0.54,0.46,0.54,0.04,92038.02,89430.51,62516.94,0,2026-09-09T21:00:00Z,2026-10-01T03:59:00Z,2026-10-08T14:00:00Z,,,,,,,,True,2026-09-10T16:38:53+00:00,,,,
polymarket,0xf9d78ecb92d9529bfa5f3cbf1bc7307d7bfe821d71a96efeeccce59a69d82950,https://polymarket.com/event/uefa-champions-league-2027-champion-20260701202025549/will-lens-win-the-2026-27-uefa-champions-league-championship-20260701202025569,,Will Lens win the 2026-27 UEFA Champions League Championship?,Lens,659671,UEFA Champions League: 2027 Champion,uefa-champions-league-2027-champion-20260701202025549,UEFA Champions League: 2027 Champion,,[],open,binary,0.002,0.003,0.002,0.0025,0.9975,0.0025,0.001,587718.5494149999,89070.83,,215874.58901,2026-07-02T19:04:49.219504Z,2027-05-30T23:59:00Z,2027-05-30T23:59:00Z,,,,,,,,,2026-09-10T16:38:51+00:00,-0.1,"[""Yes"", ""No""]","[0.0025, 0.9975]",77693707715220218110868617211198586272571028150618324645768790703284113567895
polymarket,0x3e0845c4736ae232c57b347d05f6145650416dfd3adb0fa5d7ddd335c64a84ca,https://polymarket.com/event/will-iran-withdraw-from-the-npt-before-2027/will-iran-withdraw-from-the-npt-before-2027,,Will Iran withdraw from the NPT before 2027?,,73330,Will Iran withdraw from the NPT before 2027?,will-iran-withdraw-from-the-npt-before-2027,Will Iran withdraw from the NPT before 2027?,,[],open,binary,0.111,0.121,0.145,0.116,0.884,0.116,0.01,501454.84409800015,89002.35855,,31529.4636,2025-11-05T19:45:38.548Z,2027-01-01T04:59:00Z,2027-01-01T04:59:00Z,,,,,,,,,2026-09-10T16:38:51+00:00,0.3,"[""Yes"", ""No""]","[0.116, 0.884]",16256817581852682535056260402161151761226188836712828144692776104914940304066
kalshi,KXWT20MATCH-26SEP101000TRIJAM-TRI,https://kalshi.com/markets/kxwt20match/women-s-t20-match,https://kalshi.com/markets/kxwt20match/women-s-t20-match/kxwt20match-26sep101000trijam,Trinbago Knight Riders wins,Trinbago Knight Riders,KXWT20MATCH-26SEP101000TRIJAM,Jamaica Empress vs Trinbago Knight Riders,KXWT20MATCH,Women's T20 Match,Sports,"[""Cricket""]",open,binary,0.99,1,0.99,0.995,0.005,0.995,0.01,88747.12,88675.5,61856.05,0,2026-08-27T00:11:00Z,2026-09-12T18:00:00Z,2026-09-12T18:00:00Z,,,,structured,,,,True,2026-09-10T16:39:35+00:00,,,,
polymarket,0x5d1e8a08b738d682ce49308c73f0a83ae192476cc9472cb82cc989e4d83a7e7f,https://polymarket.com/event/2026-mens-us-open-winner-tennis/will-ben-shelton-win-the-2026-mens-us-open,,Will Ben Shelton win the 2026 Men's US Open?,Ben Shelton,139236,2026 Men’s US Open Winner (Tennis),2026-mens-us-open-winner-tennis,2026 Men’s US Open Winner (Tennis),,[],open,binary,0.363,0.364,0.364,0.3635,0.6365,0.3635,0.001,1147466.3294490005,88092.54680700002,,67996.71273,2026-01-02T20:36:57.14487Z,2026-09-13T00:00:00Z,2026-09-13T00:00:00Z,,,,,,,,,2026-09-10T16:38:51+00:00,-1.4,"[""Yes"", ""No""]","[0.3635, 0.6365]",97425373542541244409279148168035803042084783523795409980290844728581925888286
polymarket,0x503b6db8daa70acd481796a33ba32bac41f3050ef6b41e6fcc3b89ee3fd466bb,https://polymarket.com/event/cs2-meg1-mis-2026-09-10/cs2-meg1-mis-2026-09-10-game1,,Counter-Strike: megoshort vs Misa Esports - Map 1 Winner,Map 1 Winner,996408,Counter-Strike: megoshort vs Misa Esports (BO3) - CCT Europe Challengers Series Playoffs,cs2-meg1-mis-2026-09-10,Counter-Strike: megoshort vs Misa Esports (BO3) - CCT Europe Challengers Series Playoffs,,[],open,binary,,0.001,0.08,0.0005,0.9995,0.0005,0.001,86841.120665,86841.12066499997,,118402.91075,2026-09-09T23:05:31Z,2026-09-10T20:05:00Z,2026-09-10T20:05:00Z,,,,,,,,,2026-09-10T16:38:51+00:00,,"[""megoshort"", ""Misa Esports""]","[0.0005, 0.9995]",40281144028844669101500546359150562257756481545876191442738715710128275465506
kalshi,KXATPCHALLENGERMATCH-26SEP10LAGALC-ALC,https://kalshi.com/markets/kxatpchallengermatch/challenger-atp,https://kalshi.com/markets/kxatpchallengermatch/challenger-atp/kxatpchallengermatch-26sep10lagalc,Max Alcala Gurri wins,Max Alcala Gurri,KXATPCHALLENGERMATCH-26SEP10LAGALC,Lagutin vs Alcala Gurri,KXATPCHALLENGERMATCH,Challenger ATP ,Sports,"[""Tennis""]",open,binary,0.49,0.5,0.5,0.495,0.505,0.495,0.01,146404.57,86602.81,125911.47,0,2026-09-10T04:10:00Z,2026-09-24T16:00:00Z,2026-09-24T16:00:00Z,,,,structured,,,,True,2026-09-10T16:38:52+00:00,,,,
kalshi,KXGOVRINOMR-26-AGUC,https://kalshi.com/markets/kxgovrinomr/rhode-island-republican-governor-nominee,https://kalshi.com/markets/kxgovrinomr/rhode-island-republican-governor-nominee/kxgovrinomr-26,Will Aaron Guckian be the Republican nominee for Governor in Rhode Island?,Aaron Guckian,KXGOVRINOMR-26,Rhode Island Republican Governor nominee?,KXGOVRINOMR,Rhode Island Republican Governor nominee?,Elections,"[""Primaries"", ""US Elections""]",open,binary,0.993,0.999,0.994,0.996,0.004,0.996,0.006,114580.15,86268.68,62916.05,0,2026-02-26T19:00:00Z,2027-09-08T14:00:00Z,2027-09-08T14:00:00Z,,,,custom,,,,True,2026-09-10T16:40:22+00:00,,,,
kalshi,KXSB-27-KC,https://kalshi.com/markets/kxsb/super-bowl,https://kalshi.com/markets/kxsb/super-bowl/kxsb-27,Will Kansas City win the 2027 Pro Football Championship?,Kansas City,KXSB-27,2027 Pro Football Champion,KXSB,Super Bowl,Sports,"[""Football""]",open,binary,0.05,0.06,0.06,0.055,0.945,0.055,0.01,2728765.17,86234.16,2360576.45,0,2026-02-08T20:00:00Z,2029-02-13T23:30:00Z,2029-02-13T23:30:00Z,,,,structured,,,,True,2026-09-10T16:40:23+00:00,,,,
kalshi,KXUCLGAME-26SEP10COMRBL-RBL,https://kalshi.com/markets/kxuclgame/uefa-champions-league-game,https://kalshi.com/markets/kxuclgame/uefa-champions-league-game/kxuclgame-26sep10comrbl,Leipzig wins,Leipzig,KXUCLGAME-26SEP10COMRBL,Como vs Leipzig,KXUCLGAME,UEFA Champions League Game,Sports,"[""Soccer""]",open,binary,0.21,0.22,0.22,0.215,0.785,0.215,0.01,94639.54,85974.4,83209.45,0,2026-09-03T00:39:00Z,2026-09-13T01:00:00Z,2026-09-13T01:00:00Z,,,,structured,,,,True,2026-09-10T16:39:25+00:00,,,,
kalshi,KXLALIGAGAME-26SEP13LEVBAR-BAR,https://kalshi.com/markets/kxlaligagame/la-liga-game,https://kalshi.com/markets/kxlaligagame/la-liga-game/kxlaligagame-26sep13levbar,Barcelona wins,Barcelona,KXLALIGAGAME-26SEP13LEVBAR,Levante vs Barcelona,KXLALIGAGAME,La Liga Game,Sports,"[""Soccer""]",open,binary,0.85,0.86,0.86,0.855,0.145,0.855,0.01,312145.28,85114.14,267991.71,0,2026-08-30T00:48:00Z,2026-09-16T01:00:00Z,2026-09-16T01:00:00Z,,,,structured,,,,True,2026-09-10T16:39:34+00:00,,,,
kalshi,KXMLBTOTAL-26SEP101610TEXSEA-7,https://kalshi.com/markets/kxmlbtotal/pro-baseball-total-points,https://kalshi.com/markets/kxmlbtotal/pro-baseball-total-points/kxmlbtotal-26sep101610texsea,Over 6.5 runs scored,Over 6.5 runs scored,KXMLBTOTAL-26SEP101610TEXSEA,Texas vs Seattle: Total Runs,KXMLBTOTAL,Pro Baseball Total Points,Sports,"[""Baseball""]",open,binary,0.52,0.53,0.52,0.525,0.475,0.525,0.01,90627.83,84767.43,62966.88,0,2026-09-09T17:51:00Z,2026-09-13T20:10:00Z,2026-09-13T20:10:00Z,,,,greater,6.5,,,True,2026-09-10T16:38:56+00:00,,,,
kalshi,KXATP-26USO-TIA,https://kalshi.com/markets/kxatp/men-s-tournament-winner,https://kalshi.com/markets/kxatp/men-s-tournament-winner/kxatp-26uso,Will Frances Tiafoe win the US Open Men's Singles?,Frances Tiafoe,KXATP-26USO,US Open Men's Singles Winner,KXATP,Men's Tournament Winner,Sports,"[""Tennis""]",open,binary,0.08,0.09,0.09,0.085,0.915,0.085,0.01,2009703.41,83859.3,1425900.81,0,2026-06-08T17:00:00Z,2026-09-28T02:00:00Z,2026-09-28T02:00:00Z,,,,structured,,,,True,2026-09-10T16:40:06+00:00,,,,
kalshi,KXMLBRFI-26SEP101305HOUPHI,https://kalshi.com/markets/kxmlbrfi/pro-baseball-run-in-first-inning,https://kalshi.com/markets/kxmlbrfi/pro-baseball-run-in-first-inning/kxmlbrfi-26sep101305houphi,1st inning: Over 0.5 runs,Over 0.5 runs in the 1st inning,KXMLBRFI-26SEP101305HOUPHI,Houston vs Philadelphia: First Inning Run,KXMLBRFI,Pro Baseball Run in First Inning,Sports,"[""Baseball""]",open,binary,0.5,0.51,0.51,0.505,0.495,0.505,0.01,99755.44,83714.5,89583.39,0,2026-09-07T17:40:00Z,2026-09-13T17:05:00Z,2026-09-13T17:05:00Z,,,,greater_or_equal,1,,,True,2026-09-10T16:39:12+00:00,,,,
kalshi,KXDPWORLDTOURR1LEAD-AMIO26-PREE,https://kalshi.com/markets/kxdpworldtourr1lead/dp-world-tour-r1-leader,https://kalshi.com/markets/kxdpworldtourr1lead/dp-world-tour-r1-leader/kxdpworldtourr1lead-amio26,Patrick Reed leads at the end of Round 1,Patrick Reed,KXDPWORLDTOURR1LEAD-AMIO26,Amgen Irish Open End of Round 1 Leader,KXDPWORLDTOURR1LEAD,DP World Tour R1 Leader,Sports,"[""Golf""]",open,binary,0.047,0.09,0.16,0.0685,0.9315,0.0685,0.043,98590.99,83367.28,96656.55,0,2026-09-07T00:10:00Z,2026-09-27T00:00:00Z,2026-09-27T00:00:00Z,,,,structured,,,,True,2026-09-10T16:39:15+00:00,,,,
kalshi,KXGOVRINOMR-26-EPEL,https://kalshi.com/markets/kxgovrinomr/rhode-island-republican-governor-nominee,https://kalshi.com/markets/kxgovrinomr/rhode-island-republican-governor-nominee/kxgovrinomr-26,Will Elaine Pelino be the Republican nominee for Governor in Rhode Island?,Elaine Pelino,KXGOVRINOMR-26,Rhode Island Republican Governor nominee?,KXGOVRINOMR,Rhode Island Republican Governor nominee?,Elections,"[""Primaries"", ""US Elections""]",open,binary,0.001,0.007,0.001,0.004,0.996,0.004,0.006,109926.7,83199,69082.23,0,2026-02-26T19:00:00Z,2027-09-08T14:00:00Z,2027-09-08T14:00:00Z,,,,custom,,,,True,2026-09-10T16:40:22+00:00,,,,
kalshi,KXSB-27-MIA,https://kalshi.com/markets/kxsb/super-bowl,https://kalshi.com/markets/kxsb/super-bowl/kxsb-27,Will Miami win the 2027 Pro Football Championship?,Miami,KXSB-27,2027 Pro Football Champion,KXSB,Super Bowl,Sports,"[""Football""]",open,binary,0,0.01,0.01,0.005,0.995,0.005,0.01,1516836.33,82805.08,1514897.33,0,2026-02-08T20:00:00Z,2029-02-13T23:30:00Z,2029-02-13T23:30:00Z,,,,structured,,,,True,2026-09-10T16:40:23+00:00,,,,
kalshi,KXPRESNOMD-28-JTAL,https://kalshi.com/markets/kxpresnomd/democratic-primary-winner,https://kalshi.com/markets/kxpresnomd/democratic-primary-winner/kxpresnomd-28,Will James Talarico be the Democratic Presidential nominee in 2028?,James Talarico,KXPRESNOMD-28,2028 Democratic presidential nominee,KXPRESNOMD,Democratic Primary winner,Elections,"[""2028"", ""US Elections""]",open,binary,0.018,0.019,0.019,0.0185,0.9815,0.0185,0.001,6492338.08,82066.08,3993939.93,0,2025-07-22T02:40:00Z,2028-11-07T15:00:00Z,2028-11-07T15:00:00Z,,,,custom,,,,True,2026-09-10T16:40:29+00:00,,,,
kalshi,KXMLBTOTAL-26SEP101305HOUPHI-9,https://kalshi.com/markets/kxmlbtotal/pro-baseball-total-points,https://kalshi.com/markets/kxmlbtotal/pro-baseball-total-points/kxmlbtotal-26sep101305houphi,Over 8.5 runs scored,Over 8.5 runs scored,KXMLBTOTAL-26SEP101305HOUPHI,Houston vs Philadelphia: Total Runs,KXMLBTOTAL,Pro Baseball Total Points,Sports,"[""Baseball""]",open,binary,0.49,0.5,0.5,0.495,0.505,0.495,0.01,86807.14,81953.49,64994.23,0,2026-09-09T20:10:00Z,2026-09-13T17:05:00Z,2026-09-13T17:05:00Z,,,,greater,8.5,,,True,2026-09-10T16:38:54+00:00,,,,
polymarket,0x30174f3f46398e37c96a07b45916e01eab9a8a854ecb624ac73a91a8490fd074,https://polymarket.com/event/us-announces-end-of-iranian-blockade-byptptpt-20260713152715080/us-announces-end-of-iranian-blockade-by-september-30-2026-20260727171615364-722-649-646-561-213-644-414-831,,"US announces end of Iranian blockade by September 30, 2026?",September 30,699735,US announces end of Iranian blockade by...?,us-announces-end-of-iranian-blockade-byptptpt-20260713152715080,US announces end of Iranian blockade by...?,,[],open,binary,0.13,0.14,0.13,0.135,0.865,0.135,0.01,2969975.2077969993,81930.236542,,114037.4179,2026-07-27T17:53:14.04Z,2026-10-01T03:59:00Z,2026-10-01T03:59:00Z,,,,,,,,,2026-09-10T16:38:51+00:00,-1,"[""Yes"", ""No""]","[0.135, 0.865]",88752597571738831347942513760817776151125290177540731190810686943474863159303
polymarket,0xcfbc2e5fbabb9e8a03bf234367244d4c97eaaf3ac33e2ba001541ee3e0e62416,https://polymarket.com/event/israel-closes-its-airspace-by/israel-closes-its-airspace-by-september-30,,Israel closes its airspace by September 30?,September 30,449163,Israel closes its airspace by...?,israel-closes-its-airspace-by,Israel closes its airspace by...?,,[],open,binary,0.961,0.963,0.964,0.962,0.038,0.962,0.002,2459908.971363,81460.63267200002,,180882.19123,2026-08-18T16:27:12.036146Z,2026-10-01T03:59:00Z,2026-10-01T03:59:00Z,,,,,,,,,2026-09-10T16:38:51+00:00,0.6,"[""Yes"", ""No""]","[0.962, 0.038]",101040420236481079077393026772174192261262803877417817462744147440746788606483
kalshi,KXBTCD-26SEP1117-T75999.99,https://kalshi.com/markets/kxbtcd/bitcoin-price-above-below,https://kalshi.com/markets/kxbtcd/bitcoin-price-above-below/kxbtcd-26sep1117,"Bitcoin price on Sep 11, 2026?","$76,000 or above",KXBTCD-26SEP1117,"BTC price on Sep 11, 2026 at 5pm EDT?",KXBTCD,Bitcoin price Above/below,Crypto,"[""Hourly"", ""BTC""]",open,binary,0.71,0.72,0.72,0.715,0.285,0.715,0.01,209626.72,80744.37,54556.38,0,2026-09-04T20:00:00Z,2026-09-11T21:00:00Z,2026-09-18T21:00:00Z,,,,greater,75999.99,,BRTI,True,2026-09-10T16:39:24+00:00,,,,
kalshi,KXDPWORLDTOURR1LEAD-AMIO26-JNIE,https://kalshi.com/markets/kxdpworldtourr1lead/dp-world-tour-r1-leader,https://kalshi.com/markets/kxdpworldtourr1lead/dp-world-tour-r1-leader/kxdpworldtourr1lead-amio26,Joaquin Niemann leads at the end of Round 1,Joaquin Niemann,KXDPWORLDTOURR1LEAD-AMIO26,Amgen Irish Open End of Round 1 Leader,KXDPWORLDTOURR1LEAD,DP World Tour R1 Leader,Sports,"[""Golf""]",open,binary,0.78,0.82,0.64,0.8,0.2,0.8,0.04,85212.92,80574.23,53966.13,0,2026-09-07T16:10:00Z,2026-09-27T00:00:00Z,2026-09-27T00:00:00Z,,,,structured,,,,True,2026-09-10T16:39:12+00:00,,,,
kalshi,KXNCAAFSPREAD-26SEP10FAMUMIA-MIA58,https://kalshi.com/markets/kxncaafspread/college-football-spread,https://kalshi.com/markets/kxncaafspread/college-football-spread/kxncaafspread-26sep10famumia,Miami (FL) wins by over 57.5 points,Miami (FL) wins by over 57.5 points,KXNCAAFSPREAD-26SEP10FAMUMIA,Florida A&M vs Miami (FL): Spread,KXNCAAFSPREAD,College Football Spread,Sports,"[""Football""]",open,binary,0.55,0.56,0.56,0.555,0.445,0.555,0.01,86146.61,80376.11,71503.81,0,2026-09-04T16:07:00Z,2026-09-13T00:00:00Z,2026-09-13T00:00:00Z,,,,greater,57.5,,,True,2026-09-10T16:39:24+00:00,,,,
polymarket,0x87e1f92e522a34db94aa387066e4e15a9fda5df0f92712b8db679861c0f9a7fa,https://polymarket.com/event/wta-trevisa-marista-2026-09-10/wta-trevisa-marista-2026-09-10,,Montreux: Martina Trevisan vs Guiomar Maristany,,991037,Montreux: Martina Trevisan vs Guiomar Maristany,wta-trevisa-marista-2026-09-10,Montreux: Martina Trevisan vs Guiomar Maristany,,[],open,binary,0.34,0.35,0.33,0.345,0.655,0.345,0.01,80062.82663600004,80055.05891299999,,139093.537,2026-09-08T22:14:36Z,2026-09-17T08:00:00Z,2026-09-17T08:00:00Z,,,,,,,,,2026-09-10T16:38:51+00:00,-15.5,"[""Martina Trevisan"", ""Guiomar Maristany""]","[0.345, 0.655]",104641140034052805511292557435624090011040239343974834959088726002248204212039
polymarket,0x502a94e5c525766d5ee7f16c6568131ba1b2cbadb69c703af05a6ef00336ed64,https://polymarket.com/event/which-party-will-gain-most-seats-in-russian-parliamentary-election/will-united-russia-er-gain-the-most-seats-in-the-next-russian-parliamentary-election,,Will United Russia (ER) gain the most seats in the next Russian parliamentary election?,United Russia (ER),149589,Which party will gain most seats in Russian Parliamentary Election?,which-party-will-gain-most-seats-in-russian-parliamentary-election,Which party will gain most seats in Russian Parliamentary Election?,,[],open,binary,0.74,0.75,0.75,0.745,0.255,0.745,0.01,9585463.100410001,79452.778998,,387430.7784,2026-01-07T21:34:52.537984Z,2026-09-30T00:00:00Z,2026-09-30T00:00:00Z,,,,,,,,,2026-09-10T16:38:51+00:00,1,"[""Yes"", ""No""]","[0.745, 0.255]",20915769520649892253891152116814645067070024223185517956799957803974344024878
polymarket,0x9cb23d04b2ded06147482076688b69b487a8d982c63ebdda2ab3678cf27cf390,https://polymarket.com/event/clarity-act-signed-into-law-in-2026/clarity-act-signed-into-law-in-2026,,Clarity Act (H.R.3633) signed into law in 2026?,,158505,Clarity Act (H.R.3633) signed into law in 2026?,clarity-act-signed-into-law-in-2026,Clarity Act (H.R.3633) signed into law in 2026?,,[],open,binary,0.16,0.17,0.16,0.165,0.835,0.165,0.01,14581266.849985983,78531.95741600003,,398211.3274,2026-01-11T23:22:56.488713Z,2027-01-01T05:00:00Z,2027-01-01T05:00:00Z,,,,,,,,,2026-09-10T16:38:51+00:00,2,"[""Yes"", ""No""]","[0.165, 0.835]",35198549486569600595408965368290795524428922595732253580266052028158040373233
kalshi,KXWTAMATCH-26SEP10SABPEG-PEG,https://kalshi.com/markets/kxwtamatch/wta-tennis-match,https://kalshi.com/markets/kxwtamatch/wta-tennis-match/kxwtamatch-26sep10sabpeg,Jessica Pegula wins,Jessica Pegula,KXWTAMATCH-26SEP10SABPEG,Sabalenka vs Pegula,KXWTAMATCH,WTA Tennis Match,Sports,"[""Tennis""]",open,binary,0.35,0.36,0.36,0.355,0.645,0.355,0.01,83758.35,77980.81,78913.34,0,2026-09-09T02:55:00Z,2026-09-24T23:00:00Z,2026-09-24T23:00:00Z,,,,structured,,,,True,2026-09-10T16:39:03+00:00,,,,
kalshi,KXMLBGAME-26SEP101610TEXSEA-TEX,https://kalshi.com/markets/kxmlbgame/professional-baseball-game,https://kalshi.com/markets/kxmlbgame/professional-baseball-game/kxmlbgame-26sep101610texsea,Texas wins,Texas,KXMLBGAME-26SEP101610TEXSEA,Texas vs Seattle,KXMLBGAME,Professional Baseball Game,Sports,"[""Baseball""]",open,binary,0.46,0.47,0.47,0.465,0.535,0.465,0.01,80604.25,77839.72,79874.97,0,2026-09-07T20:25:00Z,2026-09-13T20:10:00Z,2026-09-13T20:10:00Z,,,,structured,,,,True,2026-09-10T16:39:11+00:00,,,,
kalshi,KXWTAMATCH-26SEP10GAURYB-GAU,https://kalshi.com/markets/kxwtamatch/wta-tennis-match,https://kalshi.com/markets/kxwtamatch/wta-tennis-match/kxwtamatch-26sep10gauryb,Coco Gauff wins,Coco Gauff,KXWTAMATCH-26SEP10GAURYB,Gauff vs Rybakina,KXWTAMATCH,WTA Tennis Match,Sports,"[""Tennis""]",open,binary,0.48,0.49,0.49,0.485,0.515,0.485,0.01,78039.33,77408.11,65005.04,0,2026-09-09T20:55:00Z,2026-09-24T23:00:00Z,2026-09-24T23:00:00Z,,,,structured,,,,True,2026-09-10T16:38:53+00:00,,,,
polymarket,0x79b7408f02df2eba4034ca4c06ddf17b8dbeacc5adbe8595969e7573912c4e3b,https://polymarket.com/event/us-iran-final-nuclear-deal-by-20260621201254412/us-iran-final-nuclear-deal-by-december-31-2026-191,,"US-Iran Final Nuclear Deal by December 31, 2026?",December 31,620025,US-Iran Final Nuclear Deal by…?,us-iran-final-nuclear-deal-by-20260621201254412,US-Iran Final Nuclear Deal by…?,,[],open,binary,0.09,0.1,0.09,0.095,0.905,0.095,0.01,2648323.043691,76175.85768800002,,269845.8327,2026-06-26T19:31:23.212Z,2027-01-01T04:59:00Z,2027-01-01T04:59:00Z,,,,,,,,,2026-09-10T16:38:51+00:00,,"[""Yes"", ""No""]","[0.095, 0.905]",31155599200443620024532103683912072563894181253510224263086924270624693692711
kalshi,KXMLBSPREAD-26SEP101905COLNYY-NYY2,https://kalshi.com/markets/kxmlbspread/pro-baseball-spread,https://kalshi.com/markets/kxmlbspread/pro-baseball-spread/kxmlbspread-26sep101905colnyy,New York Y wins by over 1.5 runs?,New York Y wins by over 1.5 runs,KXMLBSPREAD-26SEP101905COLNYY,Colorado vs New York Y: Spread,KXMLBSPREAD,Pro Baseball Spread,Sports,"[""Baseball""]",open,binary,0.54,0.55,0.55,0.545,0.455,0.545,0.01,76384.38,75928.01,68808.61,0,2026-09-09T17:51:00Z,2026-09-13T23:05:00Z,2026-09-13T23:05:00Z,,,,greater,1.5,,,True,2026-09-10T16:38:56+00:00,,,,
kalshi,KXBTCD-26SEP1013-T76999.99,https://kalshi.com/markets/kxbtcd/bitcoin-price-above-below,https://kalshi.com/markets/kxbtcd/bitcoin-price-above-below/kxbtcd-26sep1013,"Bitcoin price on Sep 10, 2026?","$77,000 or above",KXBTCD-26SEP1013,"BTC price on Sep 10, 2026 at 1pm EDT?",KXBTCD,Bitcoin price Above/below,Crypto,"[""Hourly"", ""BTC""]",open,binary,0.34,0.35,0.36,0.345,0.655,0.345,0.01,98243.68,75912.52,43490.73,0,2026-09-10T16:00:00Z,2026-09-10T17:00:00Z,2026-09-17T17:00:00Z,,,,greater,76999.99,,BRTI,True,2026-09-10T16:39:01+00:00,,,,
polymarket,0xce3df5538ea4113f4d8b3a60fa868ec94c583a7cde74ddd2404e3527351eaa3c,https://polymarket.com/event/cricetpl-bel-ams-2026-09-10/cricetpl-bel-ams-2026-09-10,,European T20 Premier League: Belfast Wolves vs Amsterdam Flames,,959927,European T20 Premier League: Belfast Wolves vs Amsterdam Flames,cricetpl-bel-ams-2026-09-10,European T20 Premier League: Belfast Wolves vs Amsterdam Flames,,[],open,binary,0.93,0.94,0.96,0.935,0.065,0.935,0.01,75106.40296200001,75106.40296200002,,96961.3843,2026-09-03T17:39:19Z,2026-09-17T09:15:00Z,2026-09-17T09:15:00Z,,,,,,,,,2026-09-10T16:38:51+00:00,37.5,"[""Belfast Wolves"", ""Amsterdam Flames""]","[0.935, 0.065]",46990852102535953950181567301878492950167307902929874625542384198913546268387
kalshi,KXCS2GAME-26SEP101300BBL3DMAX-BBL,https://kalshi.com/markets/kxcs2game/counter-strike-2-game,https://kalshi.com/markets/kxcs2game/counter-strike-2-game/kxcs2game-26sep101300bbl3dmax,BBL wins,BBL,KXCS2GAME-26SEP101300BBL3DMAX,BBL vs. 3DMAX,KXCS2GAME,Counter-Strike 2 Game,Sports,"[""Esports""]",open,binary,0.75,0.76,0.76,0.755,0.245,0.755,0.01,89306.49,74905.05,50162.17,0,2026-09-09T17:25:00Z,2026-09-12T17:00:00Z,2026-09-12T17:00:00Z,,,,structured,,,,True,2026-09-10T16:38:56+00:00,,,,
kalshi,KXMLBF5TOTAL-26SEP101215TBATL-5,https://kalshi.com/markets/kxmlbf5total/first-5-innings-total,https://kalshi.com/markets/kxmlbf5total/first-5-innings-total/kxmlbf5total-26sep101215tbatl,First 5 innings: Over 4.5 runs,Over 4.5 runs in the first 5 innings,KXMLBF5TOTAL-26SEP101215TBATL,Tampa Bay vs Atlanta: First 5 Innings Total,KXMLBF5TOTAL,First 5 Innings Total,Sports,"[""Baseball""]",open,binary,0.26,0.27,0.27,0.265,0.735,0.265,0.01,78576.97,74823.66,60940.46,0,2026-09-09T17:51:00Z,2026-09-13T16:15:00Z,2026-09-13T16:15:00Z,,,,greater,4.5,,,True,2026-09-10T16:38:56+00:00,,,,
polymarket,0xc722569f496937c646d957c6e1edd055e449ff46d0e4d8c7342019f289533fd7,https://polymarket.com/event/ucl-fen-rom-2026-09-10-more-markets/ucl-fen-rom-2026-09-10-btts,,Fenerbahçe SK vs. AS Roma: Both Teams to Score,Both Teams to Score,931866,Fenerbahçe SK vs. AS Roma - More Markets,ucl-fen-rom-2026-09-10-more-markets,Fenerbahçe SK vs. AS Roma - More Markets,,[],open,binary,0.64,0.65,0.65,0.645,0.355,0.645,0.01,74591.73060200001,74413.62912599996,,94713.3613,2026-08-29T18:16:05Z,2026-09-10T16:45:00Z,2026-09-10T16:45:00Z,,,,,,,,,2026-09-10T16:38:51+00:00,4,"[""Yes"", ""No""]","[0.645, 0.355]",25151883044602231909311431062293931981476288450955601900442010560807299917851
polymarket,0x93ed303b021bbe13530f617537295f6ba4a4cc99fbe9c02f497c944bca8be6fe,https://polymarket.com/event/cs2-nemi1-k271-2026-09-10/cs2-nemi1-k271-2026-09-10,,Counter-Strike: Nemiga vs K27 (BO3) - 1win Private Club #1: Closed Qualifier Playoffs,Match Winner,996081,Counter-Strike: Nemiga vs K27 (BO3) - 1win Private Club #1: Closed Qualifier Playoffs,cs2-nemi1-k271-2026-09-10,Counter-Strike: Nemiga vs K27 (BO3) - 1win Private Club #1: Closed Qualifier Playoffs,,[],open,binary,0.37,0.38,0.39,0.375,0.625,0.375,0.01,74024.719332,74024.71933200001,,17480.7127,2026-09-09T21:35:23Z,2026-09-10T20:15:00Z,2026-09-10T20:15:00Z,,,,,,,,,2026-09-10T16:38:51+00:00,,"[""Nemiga"", ""K27""]","[0.375, 0.625]",83736937406970281741955994967702086872826559453784678790652449067332278819326
polymarket,0xce610556ec78cfd7894f4169d91fe70e31c2fb49f927fffd7fe7d06530f88d56,https://polymarket.com/event/next-french-presidential-election/will-david-lisnard-win-the-2027-french-presidential-election,,Will David Lisnard win the 2027 French presidential election?,David Lisnard,79987,Next French Presidential Election,next-french-presidential-election,Next French Presidential Election,,[],open,binary,0.053,0.054,0.054,0.0535,0.9465,0.0535,0.001,1922940.1893080003,73256.579773,,145332.07023,2025-11-13T23:09:38.723116Z,2027-04-30T00:00:00Z,2027-04-30T00:00:00Z,,,,,,,,,2026-09-10T16:38:51+00:00,0.95,"[""Yes"", ""No""]","[0.0535, 0.9465]",55404192439775628931124671719520886657525387168536821457706619003199189099864
kalshi,KXDPWORLDTOUR-AMIO26-TLAW,https://kalshi.com/markets/kxdpworldtour/dp-world-tour-tournament-winner,https://kalshi.com/markets/kxdpworldtour/dp-world-tour-tournament-winner/kxdpworldtour-amio26,Will Thriston Lawrence win the Amgen Irish Open?,Thriston Lawrence,KXDPWORLDTOUR-AMIO26,Amgen Irish Open Winner,KXDPWORLDTOUR,DP World Tour Tournament Winner,Sports,"[""Golf""]",open,binary,0.003,0.004,0.006,0.0035,0.9965,0.0035,0.001,160404.3,73193.2,154489.31,0,2026-09-05T16:05:00Z,2026-09-27T00:00:00Z,2026-09-27T00:00:00Z,,,,structured,,,,True,2026-09-10T16:39:19+00:00,,,,
kalshi,KXDPWORLDTOUR-AMIO26-RMAC,https://kalshi.com/markets/kxdpworldtour/dp-world-tour-tournament-winner,https://kalshi.com/markets/kxdpworldtour/dp-world-tour-tournament-winner/kxdpworldtour-amio26,Will Robert MacIntyre win the Amgen Irish Open?,Robert MacIntyre,KXDPWORLDTOUR-AMIO26,Amgen Irish Open Winner,KXDPWORLDTOUR,DP World Tour Tournament Winner,Sports,"[""Golf""]",open,binary,0.065,0.079,0.077,0.072,0.928,0.072,0.014,114176.31,72990.4,109147.45,0,2026-09-05T16:05:00Z,2026-09-27T00:00:00Z,2026-09-27T00:00:00Z,,,,structured,,,,True,2026-09-10T16:39:19+00:00,,,,
kalshi,KXPRESNOMD-28-AOC,https://kalshi.com/markets/kxpresnomd/democratic-primary-winner,https://kalshi.com/markets/kxpresnomd/democratic-primary-winner/kxpresnomd-28,Will Alexandria Ocasio-Cortez be the Democratic Presidential nominee in 2028?,Alexandria Ocasio-Cortez,KXPRESNOMD-28,2028 Democratic presidential nominee,KXPRESNOMD,Democratic Primary winner,Elections,"[""2028"", ""US Elections""]",open,binary,0.15,0.16,0.16,0.155,0.845,0.155,0.01,9168490.31,72973.91,4698858.58,0,2024-11-06T15:00:00Z,2028-11-07T15:00:00Z,2028-11-07T15:00:00Z,,,,custom,,,,True,2026-09-10T16:40:30+00:00,,,,
kalshi,KXSB-27-IND,https://kalshi.com/markets/kxsb/super-bowl,https://kalshi.com/markets/kxsb/super-bowl/kxsb-27,Will Indianapolis win the 2027 Pro Football Championship?,Indianapolis,KXSB-27,2027 Pro Football Champion,KXSB,Super Bowl,Sports,"[""Football""]",open,binary,0.01,0.02,0.02,0.015,0.985,0.015,0.01,644923.16,72932.25,575133.19,0,2026-02-08T20:00:00Z,2029-02-13T23:30:00Z,2029-02-13T23:30:00Z,,,,structured,,,,True,2026-09-10T16:40:23+00:00,,,,
polymarket,0x7742a04b33fb5a5b15474a7c70f3c073922c1f471bddc66ceb01c1ffd1841829,https://polymarket.com/event/mecklenburg-vorpommern-parliamentary-election-winner/will-spd-win-the-most-seats-in-the-2026-mecklenburg-vorpommern-parliamentary-elections,,Will SPD win the most seats in the 2026 Mecklenburg-Vorpommern parliamentary elections?,SPD,204566,Mecklenburg-Vorpommern Parliamentary Election Winner,mecklenburg-vorpommern-parliamentary-election-winner,Mecklenburg-Vorpommern Parliamentary Election Winner,,[],open,binary,0.2,0.21,0.21,0.205,0.795,0.205,0.01,280629.97088100004,72926.225715,,60112.2852,2026-02-11T20:20:18.837764Z,2026-09-20T00:00:00Z,2026-09-20T00:00:00Z,,,,,,,,,2026-09-10T16:38:51+00:00,,"[""Yes"", ""No""]","[0.205, 0.795]",25008791305942260763315945325578111861295232893525817968684747264190717299294
polymarket,0x4e4f77e7dbf4cab666e9a1943674d7ae66348e862df03ea6f44b11eb95731928,https://polymarket.com/event/which-party-will-win-the-house-in-2026/will-the-republican-party-control-the-house-after-the-2026-midterm-elections,,Will the Republican Party control the House after the 2026 Midterm elections?,Republican Party,32225,Which party will win the House in 2026?,which-party-will-win-the-house-in-2026,Which party will win the House in 2026?,,[],open,binary,0.14,0.15,0.14,0.145,0.855,0.145,0.01,4483337.411560001,72892.44203500001,,278157.1481,2025-07-11T19:50:45.943Z,2026-11-03T00:00:00Z,2026-11-03T00:00:00Z,,,,,,,,,2026-09-10T16:38:51+00:00,1,"[""Yes"", ""No""]","[0.145, 0.855]",65139230827417363158752884968303867495725894165574887635816574090175320800482
kalshi,KXNCAAFGAME-26SEP12HOWIND-HOW,https://kalshi.com/markets/kxncaafgame/college-football-game,https://kalshi.com/markets/kxncaafgame/college-football-game/kxncaafgame-26sep12howind,Howard wins,Howard,KXNCAAFGAME-26SEP12HOWIND,Howard vs Indiana,KXNCAAFGAME,College Football Game,Sports,"[""Football""]",open,binary,0,0.01,0.01,0.005,0.995,0.005,0.01,223825.68,72834.84,221325.68,0,2026-08-25T14:38:00Z,2026-09-14T16:00:00Z,2026-09-14T16:00:00Z,,,,structured,,,,True,2026-09-10T16:39:37+00:00,,,,
polymarket,0x5947886fffcd1e94fc112ac82f6158a26e0a046ca4ed09956723e342110003d0,https://polymarket.com/event/laptop-fdv-above-one-day-after-launch/laptop-fdv-above-750m-one-day-after-launch,,LAPTOP FDV above $750M one day after launch?,$750M,983493,$LAPTOP FDV above ___ one day after launch?,laptop-fdv-above-one-day-after-launch,$LAPTOP FDV above ___ one day after launch?,,[],open,binary,0.13,0.15,0.15,0.14,0.86,0.14,0.02,73049.337447,72435.162795,,14735.5166,2026-09-09T14:46:32Z,2026-12-31T23:59:00Z,2026-12-31T23:59:00Z,,,,,,,,,2026-09-10T16:38:51+00:00,-28.5,"[""Yes"", ""No""]","[0.14, 0.86]",20535853705800212826309076382839657753171955801915598583319532761473208793222
kalshi,KXHORMUZNORM-26MAR17-B270101,https://kalshi.com/markets/kxhormuznorm/when-will-traffic-at-the-strait-of-hormuz-return-to-normal,https://kalshi.com/markets/kxhormuznorm/when-will-traffic-at-the-strait-of-hormuz-return-to-normal/kxhormuznorm-26mar17,"Will the 7-day moving average of transit calls through the Strait of Hormuz as reported by the IMF PortWatch be above 60 before January 1, 2027?","Before Jan 1, 2027",KXHORMUZNORM-26MAR17,When will traffic at the Strait of Hormuz return to normal?,KXHORMUZNORM,When will traffic at the Strait of Hormuz return to normal?,Politics,"[""International""]",open,binary,0.11,0.13,0.13,0.12,0.88,0.12,0.02,2602023.38,72119.78,1206757.82,0,2026-03-17T14:00:00Z,2027-01-01T14:59:00Z,2027-04-01T15:00:00Z,,,,custom,,,,True,2026-09-10T16:40:21+00:00,,,,
kalshi,KXFED-26SEP-T3.75,https://kalshi.com/markets/kxfed/fed-funds-rate,https://kalshi.com/markets/kxfed/fed-funds-rate/kxfed-26sep,"Will the upper bound of the federal funds rate be above 3.75% following the Fed's Sep 16, 2026 meeting?",Above 3.75%,KXFED-26SEP,Fed funds rate after Sep 2026 meeting?,KXFED,Fed funds rate,Economics,"[""Fed""]",open,binary,0.64,0.65,0.65,0.645,0.355,0.645,0.01,689796.42,72072.78,411492.43,0,2025-08-06T14:30:00Z,2026-09-16T17:55:00Z,2026-09-23T18:05:00Z,,,,greater,3.75,,,True,2026-09-10T16:40:29+00:00,,,,
polymarket,0x101d084cd035070abde58d8a3113b78e11ba68028b0d9e7e38ea7d780797aecc,https://polymarket.com/event/brazil-presidential-election/will-camilo-santana-win-the-2026-brazilian-presidential-election,,Will Camilo Santana win the 2026 Brazilian presidential election?,Camilo Santana,45915,Brazil Presidential Election,brazil-presidential-election,Brazil Presidential Election,,[],open,binary,,0.001,0.001,0.0005,0.9995,0.0005,0.001,5517452.349657,71925.93,,550471.24416,2025-09-18T20:08:07.736Z,2026-10-04T00:00:00Z,2026-10-04T00:00:00Z,,,,,,,,,2026-09-10T16:38:51+00:00,,"[""Yes"", ""No""]","[0.0005, 0.9995]",40200361970099951836914907993971598083846841136374094155950298822866778978473
kalshi,KXUCLTOTAL-26SEP10BMUBOG-3,https://kalshi.com/markets/kxucltotal/champions-league-total-goals,https://kalshi.com/markets/kxucltotal/champions-league-total-goals/kxucltotal-26sep10bmubog,Will over 2.5 goals be scored?,Over 2.5 goals scored,KXUCLTOTAL-26SEP10BMUBOG,Bayern Munich vs Bodoe/Glimt: Total Goals,KXUCLTOTAL,Champions League Total Goals,Sports,"[""Soccer""]",open,binary,0.87,0.89,0.89,0.88,0.12,0.88,0.02,72470.64,71673.56,63435.45,0,2026-09-07T19:07:00Z,2026-09-13T01:00:00Z,2026-09-13T01:00:00Z,,,,greater,2.5,,,True,2026-09-10T16:39:12+00:00,,,,
polymarket,0x9370109e792a2ec093b82cb4f3baae275efe1fd492ac70efa64ab14d867267da,https://polymarket.com/event/cs2-3dmax-bbl1-2026-09-10/cs2-3dmax-bbl1-2026-09-10-map-handicap-away-1pt5,,Map Handicap: 3DMAX (-1.5) vs BBL (+1.5),Map Handicap: 3DMAX (-1.5) vs BBL (+1.5),994807,Counter-Strike: 3DMAX vs BBL (BO3) - Thunderpick World Championship Closed Qualifier Group C,cs2-3dmax-bbl1-2026-09-10,Counter-Strike: 3DMAX vs BBL (BO3) - Thunderpick World Championship Closed Qualifier Group C,,[],open,binary,,0.001,0.38,0.0005,0.9995,0.0005,0.001,71538.729336,71538.72933599997,,87935.37773,2026-09-09T17:25:23Z,2026-09-10T20:00:00Z,2026-09-10T20:00:00Z,,,,,,,,,2026-09-10T16:38:51+00:00,,"[""3DMAX"", ""BBL""]","[0.0005, 0.9995]",46816093893684214580801223056329483521389355854687305325956536554926715123354
kalshi,KXNCAAFGAME-26SEP12OSUTEX-TEX,https://kalshi.com/markets/kxncaafgame/college-football-game,https://kalshi.com/markets/kxncaafgame/college-football-game/kxncaafgame-26sep12osutex,Will Texas win the Ohio St. vs Texas college football game?,Texas,KXNCAAFGAME-26SEP12OSUTEX,Ohio St. vs Texas,KXNCAAFGAME,College Football Game,Sports,"[""Football""]",open,binary,0.53,0.54,0.54,0.535,0.465,0.535,0.01,305114.98,71422.1,288704.98,0,2026-05-20T19:09:00Z,2026-09-14T23:30:00Z,2026-09-14T23:30:00Z,,,,structured,,,,True,2026-09-10T16:40:08+00:00,,,,
polymarket,0xb67f2c70e13bc94bd8262ea5575dab71f2590ac0cbf68e2a1b48dd6076cfc403,https://polymarket.com/event/ucl-bay-bog-2026-09-10-more-markets/ucl-bay-bog-2026-09-10-total-5pt5,,FC Bayern München vs. FK Bodø/Glimt: O/U 5.5,O/U 5.5,931862,FC Bayern München vs. FK Bodø/Glimt - More Markets,ucl-bay-bog-2026-09-10-more-markets,FC Bayern München vs. FK Bodø/Glimt - More Markets,,[],open,binary,0.38,0.39,0.39,0.385,0.615,0.385,0.01,70936.227665,70934.735129,,108547.0572,2026-08-29T18:15:39Z,2026-09-10T19:00:00Z,2026-09-10T19:00:00Z,,,,,,,,,2026-09-10T16:38:51+00:00,5,"[""Over"", ""Under""]","[0.385, 0.615]",26400365871687570608173043178402028997260389013986059899578020639336523500147
kalshi,KXTESTMATCH-26SEP090600PAKENG-ENG,https://kalshi.com/markets/kxtestmatch/men-s-test-cricket-match,https://kalshi.com/markets/kxtestmatch/men-s-test-cricket-match/kxtestmatch-26sep090600pakeng,England wins,England,KXTESTMATCH-26SEP090600PAKENG,England vs Pakistan,KXTESTMATCH,Men's Test Cricket Match,Sports,"[""Cricket""]",open,binary,0.99,1,0.99,0.995,0.005,0.995,0.01,235948.97,70583.25,182112.95,0,2026-09-07T00:11:00Z,2026-09-16T10:00:00Z,2026-09-16T10:00:00Z,,,,structured,,,,True,2026-09-10T16:39:15+00:00,,,,
kalshi,KXBTCD-26SEP1017-T78499.99,https://kalshi.com/markets/kxbtcd/bitcoin-price-above-below,https://kalshi.com/markets/kxbtcd/bitcoin-price-above-below/kxbtcd-26sep1017,"Bitcoin price on Sep 10, 2026?","$78,500 or above",KXBTCD-26SEP1017,"BTC price on Sep 10, 2026 at 5pm EDT?",KXBTCD,Bitcoin price Above/below,Crypto,"[""Hourly"", ""BTC""]",open,binary,0.02,0.03,0.03,0.025,0.975,0.025,0.01,70120.76,70120.76,31639.41,0,2026-09-09T20:00:00Z,2026-09-10T21:00:00Z,2026-09-17T21:00:00Z,,,,greater,78499.99,,BRTI,True,2026-09-10T16:39:01+00:00,,,,
kalshi,KXBOXING-26SEP12GARCIABENN-BENN,https://kalshi.com/markets/kxboxing/boxing-match-champion,https://kalshi.com/markets/kxboxing/boxing-match-champion/kxboxing-26sep12garciabenn,Ryan Garcia vs Conor Benn Winner?,Conor Benn,KXBOXING-26SEP12GARCIABENN,Ryan Garcia vs Conor Benn,KXBOXING,Boxing Match Champion,Sports,"[""Boxing""]",open,binary,0.31,0.32,0.32,0.315,0.685,0.315,0.01,574395.69,69752.84,449721.83,0,2026-07-28T01:58:00Z,2026-09-27T02:00:00Z,2026-09-27T02:00:00Z,,,,structured,,,,True,2026-09-10T16:39:56+00:00,,,,
polymarket,0x770770b9845064f102bba1b578f84f930542e8a6e4f1658e26bed5159c9a49a6,https://polymarket.com/event/ucl-fen-rom-2026-09-10/ucl-fen-rom-2026-09-10-draw,,Will Fenerbahçe SK vs. AS Roma end in a draw?,Draw (Fenerbahçe SK vs. AS Roma),931725,Fenerbahçe SK vs. AS Roma,ucl-fen-rom-2026-09-10,Fenerbahçe SK vs. AS Roma,,[],open,binary,0.26,0.27,0.27,0.265,0.735,0.265,0.01,70583.65854299998,69714.86000500004,,534851.5968,2026-08-29T18:00:24Z,2026-09-10T16:45:00Z,2026-09-10T16:45:00Z,,,,,,,,,2026-09-10T16:38:51+00:00,-1,"[""Yes"", ""No""]","[0.265, 0.735]",13293191353959995903233611108439895354299342340465545152344753827276889917981
polymarket,0xcaa2b510d78465a714297b9f7ef577f4556ea08013173f18d5e9e58c6c18430b,https://polymarket.com/event/where-will-zelenskyy-and-putin-meet-next/will-zelenskyy-and-putin-meet-next-in-qatar-uae,,Will Zelenskyy and Putin meet next in Qatar / UAE before 2027?,Qatar / UAE,74056,Where will Zelenskyy and Putin meet next before 2027?,where-will-zelenskyy-and-putin-meet-next,Where will Zelenskyy and Putin meet next before 2027?,,[],open,binary,0.01,0.014,0.01,0.012,0.988,0.012,0.004,485531.6924219998,69521.592462,,59424.13554,2025-11-06T15:54:55.540897Z,2027-01-01T04:59:00Z,2027-01-01T04:59:00Z,,,,,,,,,2026-09-10T16:38:51+00:00,-0.35,"[""Yes"", ""No""]","[0.012, 0.988]",109978165881504539790995975219191515813497149711080814601448321686789281233788
polymarket,0xee2fb6d9f90bca0e1dfeb1fd7a210604cc58d4fa3bc69cd37af3da092535d86f,https://polymarket.com/event/russia-elections-yabloko-clears-duma-threshold/russia-elections-yabloko-clears-duma-threshold,,Russia Elections: Yabloko Clears Duma Threshold?,,810897,Russia Elections: Yabloko Clears Duma Threshold?,russia-elections-yabloko-clears-duma-threshold,Russia Elections: Yabloko Clears Duma Threshold?,,[],open,binary,0.004,0.006,0.008,0.005,0.995,0.005,0.002,670539.860425,69456.48955000001,,124064.84613,2026-08-07T13:58:59.922923Z,2026-09-20T23:59:00Z,2026-09-20T23:59:00Z,,,,,,,,,2026-09-10T16:38:51+00:00,-0.1,"[""Yes"", ""No""]","[0.005, 0.995]",53938116805276830683919041437743773303353714680866385496289111834806866901451
kalshi,KXNBA-27-PHI,https://kalshi.com/markets/kxnba/pro-basketball-champion,https://kalshi.com/markets/kxnba/pro-basketball-champion/kxnba-27,Will Philadelphia win the 2027 Pro Basketball Finals?,Philadelphia,KXNBA-27,2027 Pro Basketball Champion,KXNBA,Pro Basketball Champion,Sports,"[""Basketball""]",open,binary,0.1,0.11,0.11,0.105,0.895,0.105,0.01,7744952.92,69420,5330798.56,0,2026-06-14T08:00:00Z,2029-07-30T14:00:00Z,2029-07-30T14:00:00Z,,,,structured,,,,True,2026-09-10T16:40:05+00:00,,,,
polymarket,0x2dcbc71a3f8108936e768b503d565fbda7a644b2a0bd9ed45f74982a2bb11fba,https://polymarket.com/event/israel-x-iran-ceasefire-continues-throughptptpt-20260716224448963/israel-x-iran-ceasefire-continues-through-november-30,,Israel x Iran ceasefire continues through November 30?,November 30,711714,Israel x Iran ceasefire continues through...?,israel-x-iran-ceasefire-continues-throughptptpt-20260716224448963,Israel x Iran ceasefire continues through...?,,[],open,binary,0.65,0.68,0.7,0.665,0.335,0.665,0.03,176345.81079100003,68343.201752,,51942.6468,2026-08-26T14:07:44.687929Z,2026-11-30T20:29:00Z,2026-11-30T20:29:00Z,,,,,,,,,2026-09-10T16:38:51+00:00,-3.5,"[""Yes"", ""No""]","[0.665, 0.335]",80480615864496054518534481664401458122946181878204882508499859562482914861231
kalshi,KXSB-27-GB,https://kalshi.com/markets/kxsb/super-bowl,https://kalshi.com/markets/kxsb/super-bowl/kxsb-27,Will Green Bay win the 2027 Pro Football Championship?,Green Bay,KXSB-27,2027 Pro Football Champion,KXSB,Super Bowl,Sports,"[""Football""]",open,binary,0.03,0.04,0.04,0.035,0.965,0.035,0.01,2422136.32,68115.91,1986152.18,0,2026-02-08T20:00:00Z,2029-02-13T23:30:00Z,2029-02-13T23:30:00Z,,,,structured,,,,True,2026-09-10T16:40:23+00:00,,,,
kalshi,KXUCLSPREAD-26SEP10BMUBOG-BMU3,https://kalshi.com/markets/kxuclspread/champions-league-spread,https://kalshi.com/markets/kxuclspread/champions-league-spread/kxuclspread-26sep10bmubog,Bayern Munich wins by more than 2.5 goals?,Bayern Munich wins by more than 2.5 goals,KXUCLSPREAD-26SEP10BMUBOG,Bayern Munich vs Bodoe/Glimt: Spread,KXUCLSPREAD,Champions League Spread,Sports,"[""Soccer""]",open,binary,0.63,0.65,0.65,0.64,0.36,0.64,0.02,72869.91,67617.08,64489.68,0,2026-09-07T19:07:00Z,2026-09-13T01:00:00Z,2026-09-13T01:00:00Z,,,,greater,2.5,,,True,2026-09-10T16:39:12+00:00,,,,
kalshi,KXNFLGAME-26SEP13DALNYG-DAL,https://kalshi.com/markets/kxnflgame/professional-football-game,https://kalshi.com/markets/kxnflgame/professional-football-game/kxnflgame-26sep13dalnyg,Dallas vs New York G Pro Football game: Dallas wins?,Dallas,KXNFLGAME-26SEP13DALNYG,Dallas vs New York G,KXNFLGAME,Professional Football Game,Sports,"[""Football""]",open,binary,0.6,0.61,0.61,0.605,0.395,0.605,0.01,375212.05,66501.54,301424.43,0,2026-05-15T17:04:00Z,2026-09-16T00:20:00Z,2026-09-16T00:20:00Z,,,,structured,,,,True,2026-09-10T16:40:09+00:00,,,,
kalshi,KXMLBSPREAD-26SEP101215TBATL-TB3,https://kalshi.com/markets/kxmlbspread/pro-baseball-spread,https://kalshi.com/markets/kxmlbspread/pro-baseball-spread/kxmlbspread-26sep101215tbatl,Tampa Bay wins by over 2.5 runs?,Tampa Bay wins by over 2.5 runs,KXMLBSPREAD-26SEP101215TBATL,Tampa Bay vs Atlanta: Spread,KXMLBSPREAD,Pro Baseball Spread,Sports,"[""Baseball""]",open,binary,0.18,0.21,0.23,0.195,0.805,0.195,0.03,66419.82,66403.64,38187.48,0,2026-09-09T17:51:00Z,2026-09-13T16:15:00Z,2026-09-13T16:15:00Z,,,,greater,2.5,,,True,2026-09-10T16:38:56+00:00,,,,
kalshi,KXBTCD-26SEP1017-T76499.99,https://kalshi.com/markets/kxbtcd/bitcoin-price-above-below,https://kalshi.com/markets/kxbtcd/bitcoin-price-above-below/kxbtcd-26sep1017,"Bitcoin price on Sep 10, 2026?","$76,500 or above",KXBTCD-26SEP1017,"BTC price on Sep 10, 2026 at 5pm EDT?",KXBTCD,Bitcoin price Above/below,Crypto,"[""Hourly"", ""BTC""]",open,binary,0.77,0.78,0.77,0.775,0.225,0.775,0.01,69910.94,66393.2,31792.98,0,2026-09-09T20:00:00Z,2026-09-10T21:00:00Z,2026-09-17T21:00:00Z,,,,greater,76499.99,,BRTI,True,2026-09-10T16:39:01+00:00,,,,
kalshi,KXNFLTD-26SEP10SFLAR-LARTFERGUSON18-1,https://kalshi.com/markets/kxnfltd/pro-football-touchdowns,https://kalshi.com/markets/kxnfltd/pro-football-touchdowns/kxnfltd-26sep10sflar,Terrance Ferguson: 1+ touchdowns,Terrance Ferguson: 1+,KXNFLTD-26SEP10SFLAR,San Francisco vs Los Angeles R: Touchdowns,KXNFLTD,Pro Football Touchdowns,Sports,"[""Football""]",open,binary,0.16,0.17,0.17,0.165,0.835,0.165,0.01,66413.57,66306.52,66413.57,0,2026-09-09T18:19:00Z,2026-09-13T00:35:00Z,2026-09-13T00:35:00Z,,,,greater,0.5,,,True,2026-09-10T16:38:56+00:00,,,,
kalshi,KXPROVIDENCEMAYOR-26-DMOR,https://kalshi.com/markets/kxprovidencemayor/providence-mayor-winner,https://kalshi.com/markets/kxprovidencemayor/providence-mayor-winner/kxprovidencemayor-26,"Who will win the 2026 Providence, RI mayoral election?",David Morales,KXPROVIDENCEMAYOR-26,Providence Mayor winner?,KXPROVIDENCEMAYOR,Providence Mayor winner,Elections,"[""Other US Elections""]",open,binary,0.98,0.99,0.98,0.985,0.015,0.985,0.01,99876.28,65539.48,47107.57,0,2026-05-27T22:00:00Z,2027-11-03T15:00:00Z,2027-11-03T15:00:00Z,,,,custom,,,,True,2026-09-10T16:40:07+00:00,,,,
kalshi,KXNFLMVP-27-BNIX,https://kalshi.com/markets/kxnflmvp/ap-pro-football-regular-season-mvp,https://kalshi.com/markets/kxnflmvp/ap-pro-football-regular-season-mvp/kxnflmvp-27,Will Bo Nix win the MVP?,Bo Nix,KXNFLMVP-27,MVP Winner?,KXNFLMVP,AP Pro Football Regular Season MVP,Sports,"[""Football""]",open,binary,0.02,0.03,0.03,0.025,0.975,0.025,0.01,616967.77,64296.67,595178.75,0,2026-02-08T20:30:00Z,2028-02-12T15:00:00Z,2028-02-12T15:00:00Z,,,,structured,,,,True,2026-09-10T16:40:23+00:00,,,,
kalshi,KXNCAAFSPREAD-26SEP12OKLAMICH-OKLA6,https://kalshi.com/markets/kxncaafspread/college-football-spread,https://kalshi.com/markets/kxncaafspread/college-football-spread/kxncaafspread-26sep12oklamich,Oklahoma wins by over 5.5 points,Oklahoma wins by over 5.5 points,KXNCAAFSPREAD-26SEP12OKLAMICH,Oklahoma vs Michigan: Spread,KXNCAAFSPREAD,College Football Spread,Sports,"[""Football""]",open,binary,0.49,0.5,0.5,0.495,0.505,0.495,0.01,230005.61,63536.47,195532.79,0,2026-08-25T14:38:00Z,2026-09-14T16:00:00Z,2026-09-14T16:00:00Z,,,,greater,5.5,,,True,2026-09-10T16:39:37+00:00,,,,
polymarket,0x1c66ff15c93e9dba79cd95cbb9a11027beb9d4ddffe3c8476f027fbfb8c03f5c,https://polymarket.com/event/cs2-pain-imp11-2026-09-10/cs2-pain-imp11-2026-09-10,,Counter-Strike: paiN vs Imperial (BO3) - PGL Masters Bucharest: South American Closed Qualifier Playoffs,Match Winner,997260,Counter-Strike: paiN vs Imperial (BO3) - PGL Masters Bucharest: South American Closed Qualifier Playoffs,cs2-pain-imp11-2026-09-10,Counter-Strike: paiN vs Imperial (BO3) - PGL Masters Bucharest: South American Closed Qualifier Playoffs,,[],open,binary,0.39,0.4,0.41,0.395,0.605,0.395,0.01,63509.27847100003,63509.27847099999,,115769.6593,2026-09-10T03:15:31Z,2026-09-11T05:00:00Z,2026-09-11T05:00:00Z,,,,,,,,,2026-09-10T16:38:51+00:00,,"[""paiN"", ""Imperial""]","[0.395, 0.605]",69675757060835531239213986851724585149785107535815858756052748821735760603575
kalshi,KXATPMATCH-26SEP11TIASHE-SHE,https://kalshi.com/markets/kxatpmatch/atp-tennis-match,https://kalshi.com/markets/kxatpmatch/atp-tennis-match/kxatpmatch-26sep11tiashe,Ben Shelton wins,Ben Shelton,KXATPMATCH-26SEP11TIASHE,Tiafoe vs Shelton,KXATPMATCH,ATP Tennis Match,Sports,"[""Tennis""]",open,binary,0.73,0.74,0.74,0.735,0.265,0.735,0.01,82890.43,63464.96,72404.4,0,2026-09-09T07:55:00Z,2026-09-25T19:00:00Z,2026-09-25T19:00:00Z,,,,structured,,,,True,2026-09-10T16:39:02+00:00,,,,
polymarket,0x4ee7d3721d55f80f96c85072ff5fec40e02842a4f27f47e8055292300aca3e52,https://polymarket.com/event/what-price-will-bitcoin-hit-in-september-2026/will-bitcoin-dip-to-57pt5k-in-september-2026,,"Will Bitcoin dip to $57,500 in September?","↓ 57,500",946004,What price will Bitcoin hit in September?,what-price-will-bitcoin-hit-in-september-2026,What price will Bitcoin hit in September?,,[],open,binary,0.019,0.021,0.02,0.02,0.98,0.02,0.002,274477.190955,63287.124165,,109965.20553,2026-09-01T05:07:18Z,2026-10-01T04:00:00Z,2026-10-01T04:00:00Z,,,,,,,,,2026-09-10T16:38:51+00:00,-0.35,"[""Yes"", ""No""]","[0.02, 0.98]",86805621617324018225702385040944099780925813312770283595837888343913585369763
polymarket,0xd31a26fbac7fcaa45dc18a2544f22cae9881badca7a94e661c6ab6aa294958e7,https://polymarket.com/event/itf-bennan1-ahouda1-2026-09-10/itf-bennan1-ahouda1-2026-09-10,,M25 Rabat: Karim Bennani vs Walid Ahouda,,995695,M25 Rabat: Karim Bennani vs Walid Ahouda,itf-bennan1-ahouda1-2026-09-10,M25 Rabat: Karim Bennani vs Walid Ahouda,,[],open,binary,0.49,0.52,0.5,0.505,0.495,0.505,0.03,63174.48621100003,63181.55621100015,,11386.7498,2026-09-09T19:59:33Z,2026-09-17T13:00:00Z,2026-09-17T13:00:00Z,,,,,,,,,2026-09-10T16:38:51+00:00,,"[""Karim Bennani"", ""Walid Ahouda""]","[0.505, 0.495]",96587034118910071629055697165672982030209753616086365850482815532670332021315
kalshi,KXDPWORLDTOUR-AMIO26-THAT,https://kalshi.com/markets/kxdpworldtour/dp-world-tour-tournament-winner,https://kalshi.com/markets/kxdpworldtour/dp-world-tour-tournament-winner/kxdpworldtour-amio26,Will Tyrrell Hatton win the Amgen Irish Open?,Tyrrell Hatton,KXDPWORLDTOUR-AMIO26,Amgen Irish Open Winner,KXDPWORLDTOUR,DP World Tour Tournament Winner,Sports,"[""Golf""]",open,binary,0,0.001,0.001,0.0005,0.9995,0.0005,0.001,146142.91,63046.41,143257.24,0,2026-09-05T16:05:00Z,2026-09-27T00:00:00Z,2026-09-27T00:00:00Z,,,,structured,,,,True,2026-09-10T16:39:19+00:00,,,,
polymarket,0xd57fc70e99167e2e418eb462abfab43227d2ae48a1342bdf44fe93864852eea5,https://polymarket.com/event/2026-womens-us-open-winner-tennis/will-coco-gauff-win-the-2026-womens-us-open,,Will Coco Gauff win the 2026 Women’s US Open?,Coco Gauff,139255,2026 Women’s US Open Winner (Tennis),2026-womens-us-open-winner-tennis,2026 Women’s US Open Winner (Tennis),,[],open,binary,0.231,0.237,0.222,0.234,0.766,0.234,0.006,280799.13316299993,62534.736285,,42181.7536,2026-01-02T20:35:28.846728Z,2026-09-13T00:00:00Z,2026-09-13T00:00:00Z,,,,,,,,,2026-09-10T16:38:51+00:00,1.25,"[""Yes"", ""No""]","[0.234, 0.766]",86370246428673405949421938587432016356758806248962551240464006129235891705710
kalshi,KXMLBHR-26SEP101215TBATL-ATLMOLSON28-1,https://kalshi.com/markets/kxmlbhr/pro-baseball-home-runs,https://kalshi.com/markets/kxmlbhr/pro-baseball-home-runs/kxmlbhr-26sep101215tbatl,Matt Olson: 1+ home runs?,Matt Olson: 1+,KXMLBHR-26SEP101215TBATL,Tampa Bay vs Atlanta: Home Runs,KXMLBHR,Pro Baseball Home Runs,Sports,"[""Baseball""]",open,binary,0.17,0.18,0.18,0.175,0.825,0.175,0.01,63583.5,62525.2,62664.04,0,2026-09-10T04:40:00Z,2026-09-13T16:15:00Z,2026-09-13T16:15:00Z,,,,greater,0.5,,,True,2026-09-10T16:38:52+00:00,,,,
kalshi,KXBTCD-26SEP1017-T79999.99,https://kalshi.com/markets/kxbtcd/bitcoin-price-above-below,https://kalshi.com/markets/kxbtcd/bitcoin-price-above-below/kxbtcd-26sep1017,"Bitcoin price on Sep 10, 2026?","$80,000 or above",KXBTCD-26SEP1017,"BTC price on Sep 10, 2026 at 5pm EDT?",KXBTCD,Bitcoin price Above/below,Crypto,"[""Hourly"", ""BTC""]",open,binary,0,0.01,0.01,0.005,0.995,0.005,0.01,62129.91,62129.91,29217.22,0,2026-09-09T20:00:00Z,2026-09-10T21:00:00Z,2026-09-17T21:00:00Z,,,,greater,79999.99,,BRTI,True,2026-09-10T16:39:01+00:00,,,,
kalshi,SENATEKS-26-D,https://kalshi.com/markets/senateks/kansas-senate-race,https://kalshi.com/markets/senateks/kansas-senate-race/senateks-26,Will Democratics win the Senate race in Kansas?,Adam Hamilton,SENATEKS-26,Kansas Senate winner?,SENATEKS,Kansas Senate race,Elections,"[""Senate""]",open,binary,0.21,0.22,0.22,0.215,0.785,0.215,0.01,478180.34,62128.14,381657.7,0,2024-12-03T15:00:00Z,2027-11-03T15:00:00Z,2027-11-03T15:00:00Z,,,,structured,,,,True,2026-09-10T16:40:30+00:00,,,,
kalshi,FEDHIKE-26DEC31,https://kalshi.com/markets/fedhike/next-fed-rate-hike,https://kalshi.com/markets/fedhike/next-fed-rate-hike/fedhike,"Will the Federal Reserve hike rates by December 31, 2026?",Before 2027,FEDHIKE,Next Fed rate hike?,FEDHIKE,Next Fed rate hike,Economics,"[""Interest rates""]",open,binary,0.79,0.8,0.79,0.795,0.205,0.795,0.01,3409214.69,62108.56,1226158.91,0,2025-03-19T23:30:00Z,2027-01-01T04:59:00Z,2027-01-01T15:00:00Z,,,,,,,,True,2026-09-10T16:40:29+00:00,,,,
kalshi,KXNCAAFGAME-26SEP12OKLAMICH-OKLA,https://kalshi.com/markets/kxncaafgame/college-football-game,https://kalshi.com/markets/kxncaafgame/college-football-game/kxncaafgame-26sep12oklamich,Will Oklahoma win the Oklahoma vs Michigan college football game?,Oklahoma,KXNCAAFGAME-26SEP12OKLAMICH,Oklahoma vs Michigan,KXNCAAFGAME,College Football Game,Sports,"[""Football""]",open,binary,0.66,0.67,0.67,0.665,0.335,0.665,0.01,406874.69,61776.3,333144.81,0,2026-05-20T19:08:00Z,2026-09-14T16:00:00Z,2026-09-14T16:00:00Z,,,,structured,,,,True,2026-09-10T16:40:08+00:00,,,,
polymarket,0xa23467e95abf6544819a9dcb90b7719846aacf300b991ea07204e1f1649097cb,https://polymarket.com/event/uefa-champions-league-2027-champion-20260701202025549/will-barcelona-win-the-2026-27-uefa-champions-league-championship-20260701202025560,,Will Barcelona win the 2026-27 UEFA Champions League Championship?,Barcelona,659671,UEFA Champions League: 2027 Champion,uefa-champions-league-2027-champion-20260701202025549,UEFA Champions League: 2027 Champion,,[],open,binary,0.18,0.2,0.2,0.19,0.81,0.19,0.02,846137.1039750001,61556.41101400001,,152039.9573,2026-07-02T19:04:04.806374Z,2027-05-30T23:59:00Z,2027-05-30T23:59:00Z,,,,,,,,,2026-09-10T16:38:51+00:00,0.5,"[""Yes"", ""No""]","[0.19, 0.81]",105424657244554511014150825202397702180419919286931996082717264149902476600628
kalshi,KXMLBF5-26SEP101215TBATL-ATL,https://kalshi.com/markets/kxmlbf5/first-5-innings-winner,https://kalshi.com/markets/kxmlbf5/first-5-innings-winner/kxmlbf5-26sep101215tbatl,Atlanta first 5 innings winner,Atlanta wins first 5 innings,KXMLBF5-26SEP101215TBATL,Tampa Bay vs Atlanta: First 5 Innings,KXMLBF5,First 5 Innings Winner,Sports,"[""Baseball""]",open,binary,0.47,0.48,0.49,0.475,0.525,0.475,0.01,67791.47,61300.4,61993,0,2026-09-09T17:51:00Z,2026-09-13T16:15:00Z,2026-09-13T16:15:00Z,,,,structured,,,,True,2026-09-10T16:38:56+00:00,,,,
kalshi,KXBTCD-26SEP1017-T77499.99,https://kalshi.com/markets/kxbtcd/bitcoin-price-above-below,https://kalshi.com/markets/kxbtcd/bitcoin-price-above-below/kxbtcd-26sep1017,"Bitcoin price on Sep 10, 2026?","$77,500 or above",KXBTCD-26SEP1017,"BTC price on Sep 10, 2026 at 5pm EDT?",KXBTCD,Bitcoin price Above/below,Crypto,"[""Hourly"", ""BTC""]",open,binary,0.16,0.17,0.17,0.165,0.835,0.165,0.01,62009.47,61019.6,23040.53,0,2026-09-09T20:00:00Z,2026-09-10T21:00:00Z,2026-09-17T21:00:00Z,,,,greater,77499.99,,BRTI,True,2026-09-10T16:39:01+00:00,,,,
polymarket,0xfb2cb634e693b1758fc78b38b02754472edd728bd22eb4a7023c6f49419c73d6,https://polymarket.com/event/who-will-be-the-next-prime-minister-of-israel-after-the-next-election/will-gideon-saar-be-the-next-prime-minister-of-israel,,Will Gideon Sa’ar be the next Prime Minister of Israel?,Gideon Sa’ar,81557,Prime Minister of Israel after the next election?,who-will-be-the-next-prime-minister-of-israel-after-the-next-election,Prime Minister of Israel after the next election?,,[],open,binary,,0.001,0.001,0.0005,0.9995,0.0005,0.001,2287569.115906999,60990.442864,,103599.65981,2025-11-15T00:27:05.769031Z,2026-12-31T00:00:00Z,2026-12-31T00:00:00Z,,,,,,,,,2026-09-10T16:38:51+00:00,-0.1,"[""Yes"", ""No""]","[0.0005, 0.9995]",113523109301381527088718768250912137532200947193534063249121987336101159734964
kalshi,SENATEOHS-26-R,https://kalshi.com/markets/senateohs/special-senate-election-in-ohio,https://kalshi.com/markets/senateohs/special-senate-election-in-ohio/senateohs-26,Will Republicans win the Senate race in Ohio?,Jon Husted,SENATEOHS-26,Ohio Senate winner?,SENATEOHS,Special Senate election in Ohio,Elections,"[""Senate""]",open,binary,0.48,0.5,0.5,0.49,0.51,0.49,0.02,1566219.27,60954.39,1043318.88,0,2024-12-04T15:00:00Z,2027-11-03T15:00:00Z,2027-11-03T15:00:00Z,,,,structured,,,,True,2026-09-10T16:40:30+00:00,,,,
polymarket,0xfee07be730188c94cd3644ed6f107fa3ea2dfab9989ce8d39aeeae064766abe3,https://polymarket.com/event/democratic-presidential-nominee-2028/will-jon-stewart-win-the-2028-democratic-presidential-nomination-518,,Will Jon Stewart win the 2028 Democratic presidential nomination?,Jon Stewart,30829,Democratic Presidential Nominee 2028,democratic-presidential-nominee-2028,Democratic Presidential Nominee 2028,,[],open,binary,,0.002,0.001,0.001,0.999,0.001,0.002,24722736.581529994,60664.4,,272335.99756,2025-07-11T18:36:18.064Z,2028-11-07T00:00:00Z,2028-11-07T00:00:00Z,,,,,,,,,2026-09-10T16:38:51+00:00,-0.25,"[""Yes"", ""No""]","[0.001, 0.999]",58343456405874365460518182619380252930558598368174305791768670198253267891911
kalshi,KXDPWORLDTOUR-AMIO26-ASUL,https://kalshi.com/markets/kxdpworldtour/dp-world-tour-tournament-winner,https://kalshi.com/markets/kxdpworldtour/dp-world-tour-tournament-winner/kxdpworldtour-amio26,Will Andy Sullivan win the Amgen Irish Open?,Andy Sullivan,KXDPWORLDTOUR-AMIO26,Amgen Irish Open Winner,KXDPWORLDTOUR,DP World Tour Tournament Winner,Sports,"[""Golf""]",open,binary,0.01,0.013,0.015,0.0115,0.9885,0.0115,0.003,91647.85,60484.22,90685.7,0,2026-09-05T16:05:00Z,2026-09-27T00:00:00Z,2026-09-27T00:00:00Z,,,,structured,,,,True,2026-09-10T16:39:19+00:00,,,,
polymarket,0xaf387bbad566ef34d048e1b6f538c6efc16160b7e0a09e5be08801fe463ac00e,https://polymarket.com/event/ucl-bay-bog-2026-09-10-more-markets/ucl-bay-bog-2026-09-10-btts,,FC Bayern München vs. FK Bodø/Glimt: Both Teams to Score,Both Teams to Score,931862,FC Bayern München vs. FK Bodø/Glimt - More Markets,ucl-bay-bog-2026-09-10-more-markets,FC Bayern München vs. FK Bodø/Glimt - More Markets,,[],open,binary,0.57,0.58,0.58,0.575,0.425,0.575,0.01,63656.84791499999,60480.289648000005,,109933.611,2026-08-29T18:15:39Z,2026-09-10T19:00:00Z,2026-09-10T19:00:00Z,,,,,,,,,2026-09-10T16:38:51+00:00,-1,"[""Yes"", ""No""]","[0.575, 0.425]",71101551549402244563288548925130399314535366968789529861806598787657803972982
polymarket,0xe7567eb9c84e1f859a7e18f1042c724dbf57c3cc0459b312bee22156a57e60ea,https://polymarket.com/event/brazil-presidential-election/will-pablo-marcal-win-the-2026-brazilian-presidential-election,,Will Pablo Marçal win the 2026 Brazilian presidential election?,Pablo Marçal,45915,Brazil Presidential Election,brazil-presidential-election,Brazil Presidential Election,,[],open,binary,,0.001,0.001,0.0005,0.9995,0.0005,0.001,3916903.386228,60098.87599999999,,297157.21749,2025-09-18T20:08:16.022122Z,2026-10-04T00:00:00Z,2026-10-04T00:00:00Z,,,,,,,,,2026-09-10T16:38:51+00:00,-0.1,"[""Yes"", ""No""]","[0.0005, 0.9995]",72572221736897634802851345220625440437573759789073371714710674805950653460290
kalshi,KXLIGAMXGAME-26SEP12CRAAME-AME,https://kalshi.com/markets/kxligamxgame/liga-mx-game,https://kalshi.com/markets/kxligamxgame/liga-mx-game/kxligamxgame-26sep12craame,America wins,America,KXLIGAMXGAME-26SEP12CRAAME,Cruz Azul vs America,KXLIGAMXGAME,Liga MX Game,Sports,"[""Soccer""]",open,binary,0.42,0.43,0.43,0.425,0.575,0.425,0.01,111249.21,59952.99,99401.89,0,2026-08-29T00:49:00Z,2026-09-14T12:00:00Z,2026-09-14T12:00:00Z,,,,structured,,,,True,2026-09-10T16:39:34+00:00,,,,
kalshi,KXATPCHALLENGERMATCH-26SEP10SEYGIU-SEY,https://kalshi.com/markets/kxatpchallengermatch/challenger-atp,https://kalshi.com/markets/kxatpchallengermatch/challenger-atp/kxatpchallengermatch-26sep10seygiu,Thiago Seyboth Wild wins,Thiago Seyboth Wild,KXATPCHALLENGERMATCH-26SEP10SEYGIU,Seyboth Wild vs Giunta,KXATPCHALLENGERMATCH,Challenger ATP ,Sports,"[""Tennis""]",open,binary,0.77,0.78,0.78,0.775,0.225,0.775,0.01,76402.27,59830.18,67753.69,0,2026-09-10T04:10:00Z,2026-09-24T16:00:00Z,2026-09-24T16:00:00Z,,,,structured,,,,True,2026-09-10T16:38:52+00:00,,,,
kalshi,KXDPWORLDTOUR-AMIO26-MWAL,https://kalshi.com/markets/kxdpworldtour/dp-world-tour-tournament-winner,https://kalshi.com/markets/kxdpworldtour/dp-world-tour-tournament-winner/kxdpworldtour-amio26,Will Matt Wallace win the Amgen Irish Open?,Matt Wallace,KXDPWORLDTOUR-AMIO26,Amgen Irish Open Winner,KXDPWORLDTOUR,DP World Tour Tournament Winner,Sports,"[""Golf""]",open,binary,0.021,0.038,0.021,0.0295,0.9705,0.0295,0.017,75347.82,59597.24,74372.76,0,2026-09-05T16:05:00Z,2026-09-27T00:00:00Z,2026-09-27T00:00:00Z,,,,structured,,,,True,2026-09-10T16:39:19+00:00,,,,
kalshi,KXUCLTOTAL-26SEP10PSVSHA-4,https://kalshi.com/markets/kxucltotal/champions-league-total-goals,https://kalshi.com/markets/kxucltotal/champions-league-total-goals/kxucltotal-26sep10psvsha,Will over 3.5 goals be scored?,Over 3.5 goals scored,KXUCLTOTAL-26SEP10PSVSHA,Eindhoven vs Shakhtar: Total Goals,KXUCLTOTAL,Champions League Total Goals,Sports,"[""Soccer""]",open,binary,0.45,0.46,0.46,0.455,0.545,0.455,0.01,63199.41,59560,45022.99,0,2026-09-07T17:06:00Z,2026-09-12T22:45:00Z,2026-09-12T22:45:00Z,,,,greater,3.5,,,True,2026-09-10T16:39:12+00:00,,,,
polymarket,0x5da95a5793f2465624f64683b0f30437137653f76214cb81093767cd89375678,https://polymarket.com/event/elon-musk-of-tweets-september-4-september-11-2026/elon-musk-of-tweets-september-4-september-11-2026-200-219,,"Will Elon Musk post 200-219 tweets from September 4 to September 11, 2026?",200-219,945718,"Elon Musk # tweets September 4 - September 11, 2026?",elon-musk-of-tweets-september-4-september-11-2026,"Elon Musk # tweets September 4 - September 11, 2026?",,[],open,binary,0.046,0.047,0.054,0.0465,0.9535,0.0465,0.001,117810.71876400002,59454.202928,,11236.77456,2026-09-01T04:00:34Z,2026-09-11T16:00:00Z,2026-09-11T16:00:00Z,,,,,,,,,2026-09-10T16:38:51+00:00,-7.85,"[""Yes"", ""No""]","[0.0465, 0.9535]",92243984892396366565629352734805722167874421096506828448190917148172877603704
kalshi,KXSB-27-ATL,https://kalshi.com/markets/kxsb/super-bowl,https://kalshi.com/markets/kxsb/super-bowl/kxsb-27,Will Atlanta win the 2027 Pro Football Championship?,Atlanta,KXSB-27,2027 Pro Football Champion,KXSB,Super Bowl,Sports,"[""Football""]",open,binary,0,0.01,0.01,0.005,0.995,0.005,0.01,575112.31,59107.05,527608.05,0,2026-02-08T20:00:00Z,2029-02-13T23:30:00Z,2029-02-13T23:30:00Z,,,,structured,,,,True,2026-09-10T16:40:23+00:00,,,,
kalshi,KXBTCD-26SEP1017-T77749.99,https://kalshi.com/markets/kxbtcd/bitcoin-price-above-below,https://kalshi.com/markets/kxbtcd/bitcoin-price-above-below/kxbtcd-26sep1017,"Bitcoin price on Sep 10, 2026?","$77,750 or above",KXBTCD-26SEP1017,"BTC price on Sep 10, 2026 at 5pm EDT?",KXBTCD,Bitcoin price Above/below,Crypto,"[""Hourly"", ""BTC""]",open,binary,0.08,0.09,0.07,0.085,0.915,0.085,0.01,59119.72,58707.72,30026.44,0,2026-09-09T20:00:00Z,2026-09-10T21:00:00Z,2026-09-17T21:00:00Z,,,,greater,77749.99,,BRTI,True,2026-09-10T16:39:01+00:00,,,,
kalshi,KXMLB-26-PIT,https://kalshi.com/markets/kxmlb/world-series,https://kalshi.com/markets/kxmlb/world-series/kxmlb-26,Will Pittsburgh win the 2026 Pro Baseball Championship?,Pittsburgh,KXMLB-26,Pro Baseball Champion,KXMLB,World Series,Sports,"[""Baseball""]",open,binary,0.001,0.002,0.001,0.0015,0.9985,0.0015,0.001,2424641.13,58520.74,1929036.84,0,2025-12-17T15:00:00Z,2028-10-31T04:00:00Z,2028-10-31T04:00:00Z,,,,structured,,,,True,2026-09-10T16:40:27+00:00,,,,
kalshi,KXDPWORLDTOUR-AMIO26-AFIT,https://kalshi.com/markets/kxdpworldtour/dp-world-tour-tournament-winner,https://kalshi.com/markets/kxdpworldtour/dp-world-tour-tournament-winner/kxdpworldtour-amio26,Will Alex Fitzpatrick win the Amgen Irish Open?,Alex Fitzpatrick,KXDPWORLDTOUR-AMIO26,Amgen Irish Open Winner,KXDPWORLDTOUR,DP World Tour Tournament Winner,Sports,"[""Golf""]",open,binary,0.016,0.022,0.019,0.019,0.981,0.019,0.006,101312.44,58428.35,97689.43,0,2026-09-05T16:05:00Z,2026-09-27T00:00:00Z,2026-09-27T00:00:00Z,,,,structured,,,,True,2026-09-10T16:39:19+00:00,,,,
polymarket,0x21a617a9d3a9d4cc806bdb0cd19b648f50873e841f48f2085e8767f534d2fa85,https://polymarket.com/event/elon-musk-of-tweets-september-4-september-11-2026/elon-musk-of-tweets-september-4-september-11-2026-160-179,,"Will Elon Musk post 160-179 tweets from September 4 to September 11, 2026?",160-179,945718,"Elon Musk # tweets September 4 - September 11, 2026?",elon-musk-of-tweets-september-4-september-11-2026,"Elon Musk # tweets September 4 - September 11, 2026?",,[],open,binary,0.56,0.58,0.58,0.57,0.43,0.57,0.02,114123.45880000007,58413.07903899996,,10778.6433,2026-09-01T04:00:34Z,2026-09-11T16:00:00Z,2026-09-11T16:00:00Z,,,,,,,,,2026-09-10T16:38:51+00:00,18.5,"[""Yes"", ""No""]","[0.57, 0.43]",67013088277836121920880572035232067918600565731562101737185463401395355293481
kalshi,KXUCL-27-BAR,https://kalshi.com/markets/kxucl/uefa-champions-league,https://kalshi.com/markets/kxucl/uefa-champions-league/kxucl-27,Will Barcelona win the Champions League?,Barcelona,KXUCL-27,Champions League Winner,KXUCL,UEFA Champions League,Sports,"[""Soccer""]",open,binary,0.21,0.22,0.22,0.215,0.785,0.215,0.01,648815.24,58346.02,478103.52,0,2026-06-03T23:20:00Z,2027-06-19T21:00:00Z,2027-06-19T21:00:00Z,,,,structured,,,,True,2026-09-10T16:40:06+00:00,,,,
kalshi,KXBTCD-26SEP1017-T77249.99,https://kalshi.com/markets/kxbtcd/bitcoin-price-above-below,https://kalshi.com/markets/kxbtcd/bitcoin-price-above-below/kxbtcd-26sep1017,"Bitcoin price on Sep 10, 2026?","$77,250 or above",KXBTCD-26SEP1017,"BTC price on Sep 10, 2026 at 5pm EDT?",KXBTCD,Bitcoin price Above/below,Crypto,"[""Hourly"", ""BTC""]",open,binary,0.28,0.29,0.28,0.285,0.715,0.285,0.01,59507.95,58237.34,24599.34,0,2026-09-09T20:00:00Z,2026-09-10T21:00:00Z,2026-09-17T21:00:00Z,,,,greater,77249.99,,BRTI,True,2026-09-10T16:39:01+00:00,,,,
kalshi,KXPRESPERSON-28-JTAL,https://kalshi.com/markets/kxpresperson/pres-person,https://kalshi.com/markets/kxpresperson/pres-person/kxpresperson-28,Who will win the next presidential election?,James Talarico,KXPRESPERSON-28,2028 U.S. Presidential Election winner?,KXPRESPERSON,Pres person,Elections,"[""2028"", ""US Elections""]",open,binary,0,0.01,0.01,0.005,0.995,0.005,0.01,1415613.9,57917.31,1412722.71,0,2026-05-31T19:00:00Z,2029-11-07T15:00:00Z,2029-11-07T15:00:00Z,,,,custom,,,,True,2026-09-10T16:40:07+00:00,,,,
kalshi,KXDPWORLDTOUR-AMIO26-CSYM,https://kalshi.com/markets/kxdpworldtour/dp-world-tour-tournament-winner,https://kalshi.com/markets/kxdpworldtour/dp-world-tour-tournament-winner/kxdpworldtour-amio26,Will Connor Syme win the Amgen Irish Open?,Connor Syme,KXDPWORLDTOUR-AMIO26,Amgen Irish Open Winner,KXDPWORLDTOUR,DP World Tour Tournament Winner,Sports,"[""Golf""]",open,binary,0.003,0.006,0.007,0.0045,0.9955,0.0045,0.003,96981.6,57770.36,96807.6,0,2026-09-05T16:05:00Z,2026-09-27T00:00:00Z,2026-09-27T00:00:00Z,,,,structured,,,,True,2026-09-10T16:39:19+00:00,,,,
kalshi,KXNFLAFCCHAMP-27-KC,https://kalshi.com/markets/kxnflafcchamp/american-football-conference-champion,https://kalshi.com/markets/kxnflafcchamp/american-football-conference-champion/kxnflafcchamp-27,Will Kansas City win the Pro Football AFC Championship?,Kansas City,KXNFLAFCCHAMP-27,AFC Championship Winner,KXNFLAFCCHAMP,American Football Conference Champion,Sports,"[""Football""]",open,binary,0.11,0.12,0.12,0.115,0.885,0.115,0.01,316282.94,57654.52,265439.98,0,2026-02-07T15:00:00Z,2027-02-22T15:00:00Z,2027-02-22T15:00:00Z,,,,structured,,,,True,2026-09-10T16:40:23+00:00,,,,
polymarket,0xd1372d2e24e70c01bc9b11fa4a5275591f13696a0a29188d45e93c0433776cf1,https://polymarket.com/event/cs2-fokus-1win-2026-09-10/cs2-fokus-1win-2026-09-10,,Counter-Strike: FOKUS vs 1WIN (BO3) - Thunderpick World Championship Closed Qualifier Group D,Match Winner,996083,Counter-Strike: FOKUS vs 1WIN (BO3) - Thunderpick World Championship Closed Qualifier Group D,cs2-fokus-1win-2026-09-10,Counter-Strike: FOKUS vs 1WIN (BO3) - Thunderpick World Championship Closed Qualifier Group D,,[],open,binary,0.37,0.38,0.38,0.375,0.625,0.375,0.01,57589.432816999986,57604.432817,,69321.5881,2026-09-09T21:35:31Z,2026-09-10T23:00:00Z,2026-09-10T23:00:00Z,,,,,,,,,2026-09-10T16:38:51+00:00,,"[""FOKUS"", ""1WIN""]","[0.375, 0.625]",35088324187693915416223045429025987729017930071956534228181886609664417485756
kalshi,KXSB-27-NYG,https://kalshi.com/markets/kxsb/super-bowl,https://kalshi.com/markets/kxsb/super-bowl/kxsb-27,Will New York G win the 2027 Pro Football Championship?,New York G,KXSB-27,2027 Pro Football Champion,KXSB,Super Bowl,Sports,"[""Football""]",open,binary,0.01,0.02,0.01,0.015,0.985,0.015,0.01,2886264.99,57285.34,2674433.44,0,2026-02-08T20:00:00Z,2029-02-13T23:30:00Z,2029-02-13T23:30:00Z,,,,structured,,,,True,2026-09-10T16:40:23+00:00,,,,
kalshi,KXNFLMATCHUP-27SB-JACDAL,https://kalshi.com/markets/kxnflmatchup/pro-football-matchups,https://kalshi.com/markets/kxnflmatchup/pro-football-matchups/kxnflmatchup-27sb,2026-27 Championship Game Matchup: Jacksonville vs Dallas,Jacksonville vs Dallas,KXNFLMATCHUP-27SB,Pro Football Championship Game Matchup,KXNFLMATCHUP,Pro Football Matchups,Sports,"[""Football""]",open,binary,0,0.01,0.01,0.005,0.995,0.005,0.01,73604.5,57059.59,73604.5,0,2026-07-21T19:00:00Z,2027-02-21T23:30:00Z,2027-02-21T23:30:00Z,,,,custom,,,,True,2026-09-10T16:39:58+00:00,,,,
kalshi,KXDPWORLDTOUR-AMIO26-AAYO,https://kalshi.com/markets/kxdpworldtour/dp-world-tour-tournament-winner,https://kalshi.com/markets/kxdpworldtour/dp-world-tour-tournament-winner/kxdpworldtour-amio26,Will Angel Ayora Fanegas win the Amgen Irish Open?,Angel Ayora Fanegas,KXDPWORLDTOUR-AMIO26,Amgen Irish Open Winner,KXDPWORLDTOUR,DP World Tour Tournament Winner,Sports,"[""Golf""]",open,binary,0.004,0.006,0.004,0.005,0.995,0.005,0.002,116735.93,56854.57,114021.75,0,2026-09-05T16:05:00Z,2026-09-27T00:00:00Z,2026-09-27T00:00:00Z,,,,structured,,,,True,2026-09-10T16:39:19+00:00,,,,
kalshi,KXMLBGAME-26SEP101940PITCWS-CWS,https://kalshi.com/markets/kxmlbgame/professional-baseball-game,https://kalshi.com/markets/kxmlbgame/professional-baseball-game/kxmlbgame-26sep101940pitcws,Chicago WS wins,Chicago WS,KXMLBGAME-26SEP101940PITCWS,Pittsburgh vs Chicago WS,KXMLBGAME,Professional Baseball Game,Sports,"[""Baseball""]",open,binary,0.49,0.5,0.5,0.495,0.505,0.495,0.01,57783.03,56804.06,56929.99,0,2026-09-07T23:55:00Z,2026-09-13T23:40:00Z,2026-09-13T23:40:00Z,,,,structured,,,,True,2026-09-10T16:39:11+00:00,,,,
kalshi,KXNFLAFCCHAMP-27-CIN,https://kalshi.com/markets/kxnflafcchamp/american-football-conference-champion,https://kalshi.com/markets/kxnflafcchamp/american-football-conference-champion/kxnflafcchamp-27,Will Cincinnati win the Pro Football AFC Championship?,Cincinnati,KXNFLAFCCHAMP-27,AFC Championship Winner,KXNFLAFCCHAMP,American Football Conference Champion,Sports,"[""Football""]",open,binary,0.08,0.09,0.09,0.085,0.915,0.085,0.01,545206.07,56689.19,433922.45,0,2026-02-07T15:00:00Z,2027-02-22T15:00:00Z,2027-02-22T15:00:00Z,,,,structured,,,,True,2026-09-10T16:40:23+00:00,,,,
kalshi,KXDPWORLDTOUR-AMIO26-TMCK,https://kalshi.com/markets/kxdpworldtour/dp-world-tour-tournament-winner,https://kalshi.com/markets/kxdpworldtour/dp-world-tour-tournament-winner/kxdpworldtour-amio26,Will Tom McKibbin win the Amgen Irish Open?,Tom McKibbin,KXDPWORLDTOUR-AMIO26,Amgen Irish Open Winner,KXDPWORLDTOUR,DP World Tour Tournament Winner,Sports,"[""Golf""]",open,binary,0.04,0.046,0.06,0.043,0.957,0.043,0.006,82917.59,56340.93,82036.59,0,2026-09-05T16:05:00Z,2026-09-27T00:00:00Z,2026-09-27T00:00:00Z,,,,structured,,,,True,2026-09-10T16:39:19+00:00,,,,
kalshi,KXNFLTD-26SEP10SFLAR-SFCMCCAFFREY23-1,https://kalshi.com/markets/kxnfltd/pro-football-touchdowns,https://kalshi.com/markets/kxnfltd/pro-football-touchdowns/kxnfltd-26sep10sflar,Christian McCaffrey: 1+ touchdowns,Christian McCaffrey: 1+,KXNFLTD-26SEP10SFLAR,San Francisco vs Los Angeles R: Touchdowns,KXNFLTD,Pro Football Touchdowns,Sports,"[""Football""]",open,binary,0.54,0.55,0.55,0.545,0.455,0.545,0.01,60686.92,56182.34,58941.45,0,2026-08-27T23:45:00Z,2026-09-13T00:35:00Z,2026-09-13T00:35:00Z,,,,greater,0.5,,,True,2026-09-10T16:39:35+00:00,,,,
polymarket,0x74ad0cf402c6a6acbc84a56abfd26875ba71a6c1aa6e469cd9f37591dbe18392,https://polymarket.com/event/elon-musk-of-tweets-september-4-september-11-2026/elon-musk-of-tweets-september-4-september-11-2026-180-199,,"Will Elon Musk post 180-199 tweets from September 4 to September 11, 2026?",180-199,945718,"Elon Musk # tweets September 4 - September 11, 2026?",elon-musk-of-tweets-september-4-september-11-2026,"Elon Musk # tweets September 4 - September 11, 2026?",,[],open,binary,0.35,0.37,0.36,0.36,0.64,0.36,0.02,109763.70966099999,56130.934331000004,,12098.6574,2026-09-01T04:00:34Z,2026-09-11T16:00:00Z,2026-09-11T16:00:00Z,,,,,,,,,2026-09-10T16:38:51+00:00,-2.5,"[""Yes"", ""No""]","[0.36, 0.64]",36174681154030375702078892057398305644632275956162927580086409782722309128787
kalshi,KXDPWORLDTOUR-AMIO26-SNOR,https://kalshi.com/markets/kxdpworldtour/dp-world-tour-tournament-winner,https://kalshi.com/markets/kxdpworldtour/dp-world-tour-tournament-winner/kxdpworldtour-amio26,Will Shaun Norris win the Amgen Irish Open?,Shaun Norris,KXDPWORLDTOUR-AMIO26,Amgen Irish Open Winner,KXDPWORLDTOUR,DP World Tour Tournament Winner,Sports,"[""Golf""]",open,binary,0.02,0.025,0.025,0.0225,0.9775,0.0225,0.005,96637.67,56117.88,94442.67,0,2026-09-05T16:05:00Z,2026-09-27T00:00:00Z,2026-09-27T00:00:00Z,,,,structured,,,,True,2026-09-10T16:39:19+00:00,,,,
polymarket,0xb4a999693634da2d30fb337cee0877c391dfb63f56a7c2b4631e0cdfe7a88df0,https://polymarket.com/event/what-price-will-ethereum-hit-in-september-2026/will-ethereum-dip-to-1500-in-september-2026,,"Will Ethereum dip to $1,500 in September?","↓ 1,500",946005,What price will Ethereum hit in September?,what-price-will-ethereum-hit-in-september-2026,What price will Ethereum hit in September?,,[],open,binary,0.011,0.012,0.011,0.0115,0.9885,0.0115,0.001,122064.91002699996,56007.870469,,79444.79947,2026-09-01T05:07:26Z,2026-10-01T04:00:00Z,2026-10-01T04:00:00Z,,,,,,,,,2026-09-10T16:38:51+00:00,-0.25,"[""Yes"", ""No""]","[0.0115, 0.9885]",40023404949478985645937225576672043060995422895653236959642233436713695875746
polymarket,0x5e9800b7925bf81e86dfc271551d9b91d388f993b7715df8253ba081cd99d4c1,https://polymarket.com/event/2026-womens-us-open-winner-tennis/will-aryna-sabalenka-win-the-2026-womens-us-open,,Will Aryna Sabalenka win the 2026 Women’s US Open?,Aryna Sabalenka,139255,2026 Women’s US Open Winner (Tennis),2026-womens-us-open-winner-tennis,2026 Women’s US Open Winner (Tennis),,[],open,binary,0.36,0.37,0.36,0.365,0.635,0.365,0.01,302318.19978199987,55922.91147599998,,47154.6355,2026-01-02T20:35:27.882715Z,2026-09-13T00:00:00Z,2026-09-13T00:00:00Z,,,,,,,,,2026-09-10T16:38:51+00:00,-1,"[""Yes"", ""No""]","[0.365, 0.635]",108631385361440485481595079708534333651533411429286989603618948391847251894034
polymarket,0x2bcf734d181f7f900e88f9a770bde8c8b5e24233d8d3d0c8784659311be39e2d,https://polymarket.com/event/bitcoin-above-on-september-11-2026/bitcoin-above-86k-on-september-11-2026,,"Will the price of Bitcoin be above $86,000 on September 11?","86,000",964867,Bitcoin above ___ on September 11?,bitcoin-above-on-september-11-2026,Bitcoin above ___ on September 11?,,[],open,binary,,0.001,0.001,0.0005,0.9995,0.0005,0.001,78699.56299199999,55893.541296,,58429.71525,2026-09-04T16:00:21Z,2026-09-11T16:00:00Z,2026-09-11T16:00:00Z,,,,,,,,,2026-09-10T16:38:51+00:00,-1.45,"[""Yes"", ""No""]","[0.0005, 0.9995]",111376835530079291381924727499268828667611763930048387459017386243353487648841
kalshi,KXNCAAF-27-USC,https://kalshi.com/markets/kxncaaf/ncaaf-championship,https://kalshi.com/markets/kxncaaf/ncaaf-championship/kxncaaf-27,Will USC win the College Football Playoff National Championship?,USC,KXNCAAF-27,College Football National Championship Winner,KXNCAAF,NCAAF Championship,Sports,"[""Football""]",open,binary,0.02,0.03,0.03,0.025,0.975,0.025,0.01,1023167.98,55884.56,956985.01,0,2026-01-21T22:00:00Z,2027-02-23T04:00:00Z,2027-02-23T04:00:00Z,,,,structured,,,,True,2026-09-10T16:40:25+00:00,,,,
kalshi,KXNFLGAME-26SEP13GBMIN-GB,https://kalshi.com/markets/kxnflgame/professional-football-game,https://kalshi.com/markets/kxnflgame/professional-football-game/kxnflgame-26sep13gbmin,Green Bay vs Minnesota Pro Football game: Green Bay wins?,Green Bay,KXNFLGAME-26SEP13GBMIN,Green Bay vs Minnesota,KXNFLGAME,Professional Football Game,Sports,"[""Football""]",open,binary,0.46,0.47,0.47,0.465,0.535,0.465,0.01,261632.75,55768.71,220793.03,0,2026-05-15T17:04:00Z,2026-09-15T20:25:00Z,2026-09-15T20:25:00Z,,,,structured,,,,True,2026-09-10T16:40:09+00:00,,,,
kalshi,KXMLBHR-26SEP101305HOUPHI-PHILARRAEZ1-1,https://kalshi.com/markets/kxmlbhr/pro-baseball-home-runs,https://kalshi.com/markets/kxmlbhr/pro-baseball-home-runs/kxmlbhr-26sep101305houphi,Luis Arraez: 1+ home runs?,Luis Arraez: 1+,KXMLBHR-26SEP101305HOUPHI,Houston vs Philadelphia: Home Runs,KXMLBHR,Pro Baseball Home Runs,Sports,"[""Baseball""]",open,binary,0.07,0.08,0.08,0.075,0.925,0.075,0.01,55757.99,55757.99,53758.99,0,2026-09-10T14:53:00Z,2026-09-13T17:05:00Z,2026-09-13T17:05:00Z,,,,greater,0.5,,,True,2026-09-10T16:38:51+00:00,,,,
kalshi,KXMLBTOTAL-26SEP101940PITCWS-8,https://kalshi.com/markets/kxmlbtotal/pro-baseball-total-points,https://kalshi.com/markets/kxmlbtotal/pro-baseball-total-points/kxmlbtotal-26sep101940pitcws,Over 7.5 runs scored,Over 7.5 runs scored,KXMLBTOTAL-26SEP101940PITCWS,Pittsburgh vs Chicago WS: Total Runs,KXMLBTOTAL,Pro Baseball Total Points,Sports,"[""Baseball""]",open,binary,0.51,0.52,0.52,0.515,0.485,0.515,0.01,55629.06,55515.47,50273.57,0,2026-09-09T20:20:00Z,2026-09-13T23:40:00Z,2026-09-13T23:40:00Z,,,,greater,7.5,,,True,2026-09-10T16:38:54+00:00,,,,
polymarket,0x95fc6a4ed7f6856d26aa7f21b9f902d05c9cf76b616fd3463de4d147f7a9126b,https://polymarket.com/event/bab-el-mandeb-strait-effectively-closed-by/bab-el-mandeb-strait-effectively-closed-by-september-30-999-671-939,,Bab el-Mandeb Strait effectively closed by September 30?,September 30,276527,Bab el-Mandeb Strait effectively closed by...?,bab-el-mandeb-strait-effectively-closed-by,Bab el-Mandeb Strait effectively closed by...?,,[],open,binary,0.081,0.083,0.085,0.082,0.918,0.082,0.002,2581170.195019,55480.372705000016,,77329.35353,2026-05-06T00:27:57.775Z,2026-10-01T03:59:00Z,2026-10-01T03:59:00Z,,,,,,,,,2026-09-10T16:38:51+00:00,4.95,"[""Yes"", ""No""]","[0.082, 0.918]",79492971912420892776290893910148058147353983898749011679176479416889510526578
polymarket,0xb455d5ee5b746cef912aecd22fdd7dc853442f52e8046a3c44bd3d3f2155ba71,https://polymarket.com/event/cs2-nemi1-k271-2026-09-10/cs2-nemi1-k271-2026-09-10-game2,,Counter-Strike: Nemiga vs K27 - Map 2 Winner,Map 2 Winner,996081,Counter-Strike: Nemiga vs K27 (BO3) - 1win Private Club #1: Closed Qualifier Playoffs,cs2-nemi1-k271-2026-09-10,Counter-Strike: Nemiga vs K27 (BO3) - 1win Private Club #1: Closed Qualifier Playoffs,,[],open,binary,0.999,1,0.999,0.9995,0.0005,0.9995,0.001,55295.705240999996,55295.705241,,84842.74527,2026-09-09T21:35:23Z,2026-09-10T20:15:00Z,2026-09-10T20:15:00Z,,,,,,,,,2026-09-10T16:38:51+00:00,,"[""Nemiga"", ""K27""]","[0.9995, 0.0005]",11626231212288076465135986895963184435487367856756378548534804609692482278702
kalshi,KXNCAAFGAME-26SEP11RICHNCST-NCST,https://kalshi.com/markets/kxncaafgame/college-football-game,https://kalshi.com/markets/kxncaafgame/college-football-game/kxncaafgame-26sep11richncst,North Carolina St. wins,North Carolina St.,KXNCAAFGAME-26SEP11RICHNCST,Richmond vs North Carolina St.,KXNCAAFGAME,College Football Game,Sports,"[""Football""]",open,binary,0.97,0.98,0.98,0.975,0.025,0.975,0.01,75699.1,55226.29,51192.02,0,2026-08-25T14:38:00Z,2026-09-13T23:00:00Z,2026-09-13T23:00:00Z,,,,structured,,,,True,2026-09-10T16:39:37+00:00,,,,
kalshi,KXBTCD-26SEP1017-T79499.99,https://kalshi.com/markets/kxbtcd/bitcoin-price-above-below,https://kalshi.com/markets/kxbtcd/bitcoin-price-above-below/kxbtcd-26sep1017,"Bitcoin price on Sep 10, 2026?","$79,500 or above",KXBTCD-26SEP1017,"BTC price on Sep 10, 2026 at 5pm EDT?",KXBTCD,Bitcoin price Above/below,Crypto,"[""Hourly"", ""BTC""]",open,binary,0.01,0.02,0.02,0.015,0.985,0.015,0.01,55209.24,55209.24,10881.15,0,2026-09-09T20:00:00Z,2026-09-10T21:00:00Z,2026-09-17T21:00:00Z,,,,greater,79499.99,,BRTI,True,2026-09-10T16:39:01+00:00,,,,
polymarket,0x6c9bd12ca2dded7eb4c688a3200e94f143cc95984eb1952ab71f7ec31e07cf8c,https://polymarket.com/event/mecklenburg-vorpommern-parliamentary-election-winner/will-afd-win-the-most-seats-in-the-2026-mecklenburg-vorpommern-parliamentary-elections,,Will AfD win the most seats in the 2026 Mecklenburg-Vorpommern parliamentary elections?,AfD,204566,Mecklenburg-Vorpommern Parliamentary Election Winner,mecklenburg-vorpommern-parliamentary-election-winner,Mecklenburg-Vorpommern Parliamentary Election Winner,,[],open,binary,0.78,0.8,0.8,0.79,0.21,0.79,0.02,340906.759174,55195.219017999996,,36138.8084,2026-02-11T20:20:06.772158Z,2026-09-20T00:00:00Z,2026-09-20T00:00:00Z,,,,,,,,,2026-09-10T16:38:51+00:00,-0.5,"[""Yes"", ""No""]","[0.79, 0.21]",35602493632810760738386198296948892290967628762024875561300523660752297123327
kalshi,KXMLBRFI-26SEP101940PITCWS,https://kalshi.com/markets/kxmlbrfi/pro-baseball-run-in-first-inning,https://kalshi.com/markets/kxmlbrfi/pro-baseball-run-in-first-inning/kxmlbrfi-26sep101940pitcws,1st inning: Over 0.5 runs,Over 0.5 runs in the 1st inning,KXMLBRFI-26SEP101940PITCWS,Pittsburgh vs Chicago WS: First Inning Run,KXMLBRFI,Pro Baseball Run in First Inning,Sports,"[""Baseball""]",open,binary,0.44,0.45,0.44,0.445,0.555,0.445,0.01,55189.79,55093.14,54929.88,0,2026-09-08T00:10:00Z,2026-09-13T23:40:00Z,2026-09-13T23:40:00Z,,,,greater_or_equal,1,,,True,2026-09-10T16:39:10+00:00,,,,
kalshi,KXDPWORLDTOUR-AMIO26-SSTR,https://kalshi.com/markets/kxdpworldtour/dp-world-tour-tournament-winner,https://kalshi.com/markets/kxdpworldtour/dp-world-tour-tournament-winner/kxdpworldtour-amio26,Will Sepp Straka win the Amgen Irish Open?,Sepp Straka,KXDPWORLDTOUR-AMIO26,Amgen Irish Open Winner,KXDPWORLDTOUR,DP World Tour Tournament Winner,Sports,"[""Golf""]",open,binary,0.004,0.006,0.004,0.005,0.995,0.005,0.002,83342.97,55034.57,73225.21,0,2026-09-05T16:05:00Z,2026-09-27T00:00:00Z,2026-09-27T00:00:00Z,,,,structured,,,,True,2026-09-10T16:39:19+00:00,,,,
kalshi,KXDPWORLDTOURR1LEAD-AMIO26-RMAC,https://kalshi.com/markets/kxdpworldtourr1lead/dp-world-tour-r1-leader,https://kalshi.com/markets/kxdpworldtourr1lead/dp-world-tour-r1-leader/kxdpworldtourr1lead-amio26,Robert MacIntyre leads at the end of Round 1,Robert MacIntyre,KXDPWORLDTOURR1LEAD-AMIO26,Amgen Irish Open End of Round 1 Leader,KXDPWORLDTOURR1LEAD,DP World Tour R1 Leader,Sports,"[""Golf""]",open,binary,0.03,0.041,0.025,0.0355,0.9645,0.0355,0.011,58340.82,54353.18,57929.08,0,2026-09-07T00:10:00Z,2026-09-27T00:00:00Z,2026-09-27T00:00:00Z,,,,structured,,,,True,2026-09-10T16:39:15+00:00,,,,
polymarket,0x35d52aa639b624a4a4ac13536eb4db2649c9109804d0522721ea256d68586b07,https://polymarket.com/event/laptop-fdv-above-one-day-after-launch/laptop-fdv-above-1pt5b-one-day-after-launch,,LAPTOP FDV above $1.5B one day after launch?,$1.5B,983493,$LAPTOP FDV above ___ one day after launch?,laptop-fdv-above-one-day-after-launch,$LAPTOP FDV above ___ one day after launch?,,[],open,binary,0.009,0.016,0.009,0.0125,0.9875,0.0125,0.007,55547.47973400001,54319.679734,,36451.82821,2026-09-09T14:46:33Z,2026-12-31T23:59:00Z,2026-12-31T23:59:00Z,,,,,,,,,2026-09-10T16:38:51+00:00,-21.25,"[""Yes"", ""No""]","[0.0125, 0.9875]",3803453107542687104178645565325126948401926880218030339202836717368735086287
polymarket,0x3bb07a545f7fb16f08ff11e72e9d9f81cc240efd5250f25534c99dccc0fbab46,https://polymarket.com/event/uae1-jaz-and-2026-09-10-more-markets/uae1-jaz-and-2026-09-10-total-2pt5,,Al Jazira (UAE) vs. Al-Nasr Dubai CSC: O/U 2.5,O/U 2.5,980481,Al Jazira (UAE) vs. Al-Nasr Dubai CSC - More Markets,uae1-jaz-and-2026-09-10-more-markets,Al Jazira (UAE) vs. Al-Nasr Dubai CSC - More Markets,,[],open,binary,,0.001,0.15,0.0005,0.9995,0.0005,0.001,54276.425222000005,54234.025222,,44936.45008,2026-09-07T03:56:34Z,2026-09-10T13:40:00Z,2026-09-10T13:40:00Z,,,,,,,,,2026-09-10T16:38:51+00:00,-63.95,"[""Over"", ""Under""]","[0.0005, 0.9995]",60086963055982870653089110147723152730551260394843638841241756492135022685830
polymarket,0x8c1faa77d8ded9f94ffef7fe6326421a9890efd769ddcfd17808985c4a4ba93a,https://polymarket.com/event/next-french-presidential-election/will-jean-castex-win-the-2027-french-presidential-election,,Will Jean Castex win the 2027 French presidential election?,Jean Castex,79987,Next French Presidential Election,next-french-presidential-election,Next French Presidential Election,,[],open,binary,0.001,0.002,0.001,0.0015,0.9985,0.0015,0.001,1671260.562883999,54043.72550000001,,106634.03697,2025-11-13T23:09:49.03834Z,2027-04-30T00:00:00Z,2027-04-30T00:00:00Z,,,,,,,,,2026-09-10T16:38:51+00:00,-0.1,"[""Yes"", ""No""]","[0.0015, 0.9985]",84155177225500340893580307993857470409400104705255279349700327955695080847788
polymarket,0xa0bc0c7db051defd2425c4d79fbfa1a0252cec4a987572562038a090922d412e,https://polymarket.com/event/largest-company-end-of-december-2026/will-amazon-be-the-largest-company-in-the-world-by-market-cap-on-december-31-376,,Will Amazon be the largest company in the world by market cap on December 31?,Amazon,79041,Largest Company end of December 2026?,largest-company-end-of-december-2026,Largest Company end of December 2026?,,[],open,binary,0.001,0.002,0.001,0.0015,0.9985,0.0015,0.001,958706.5008610002,53434.604,,210670.95953,2025-11-12T21:16:58.534359Z,2026-12-31T00:00:00Z,2026-12-31T00:00:00Z,,,,,,,,,2026-09-10T16:38:51+00:00,,"[""Yes"", ""No""]","[0.0015, 0.9985]",23899766443614969608658296541413892746074395565401020148911064394383451718287
polymarket,0x7faccea31c6d55a57330d9ddf5f92c26db7677847391556484e975012a01c552,https://polymarket.com/event/2026-mens-us-open-winner-tennis/will-karen-khachanov-win-the-2026-mens-us-open,,Will Karen Khachanov win the 2026 Men's US Open?,Karen Khachanov,139236,2026 Men’s US Open Winner (Tennis),2026-mens-us-open-winner-tennis,2026 Men’s US Open Winner (Tennis),,[],open,binary,0.055,0.058,0.057,0.0565,0.9435,0.0565,0.003,593221.181882,53106.081021000005,,97007.57355,2026-01-02T20:37:15.243795Z,2026-09-13T00:00:00Z,2026-09-13T00:00:00Z,,,,,,,,,2026-09-10T16:38:51+00:00,0.55,"[""Yes"", ""No""]","[0.0565, 0.9435]",110267333574013055317799477126720916205935043334789861771908553900183531042346
kalshi,KXBTCD-26SEP1117-T76999.99,https://kalshi.com/markets/kxbtcd/bitcoin-price-above-below,https://kalshi.com/markets/kxbtcd/bitcoin-price-above-below/kxbtcd-26sep1117,"Bitcoin price on Sep 11, 2026?","$77,000 or above",KXBTCD-26SEP1117,"BTC price on Sep 11, 2026 at 5pm EDT?",KXBTCD,Bitcoin price Above/below,Crypto,"[""Hourly"", ""BTC""]",open,binary,0.48,0.5,0.49,0.49,0.51,0.49,0.02,200763,53030.14,36615.64,0,2026-09-04T20:00:00Z,2026-09-11T21:00:00Z,2026-09-18T21:00:00Z,,,,greater,76999.99,,BRTI,True,2026-09-10T16:39:24+00:00,,,,
kalshi,KXNFLRECYDS-26SEP13MIALV-LVBBOWERS89-25,https://kalshi.com/markets/kxnflrecyds/pro-football-receiving-yards,https://kalshi.com/markets/kxnflrecyds/pro-football-receiving-yards/kxnflrecyds-26sep13mialv,Brock Bowers: 25+ receiving yards,Brock Bowers: 25+,KXNFLRECYDS-26SEP13MIALV,Miami vs Las Vegas: Receiving Yards,KXNFLRECYDS,Pro Football Receiving Yards,Sports,"[""Football""]",open,binary,0.77,0.78,0.77,0.775,0.225,0.775,0.01,52977.48,52868.61,44906.24,0,2026-09-04T21:04:00Z,2026-09-15T20:25:00Z,2026-09-15T20:25:00Z,,,,greater,24.5,,,True,2026-09-10T16:39:20+00:00,,,,
polymarket,0x7971f459be7ba5c3e727fbcd1325d662036dad1bcc64c636ee62b506f014f29b,https://polymarket.com/event/laptop-fdv-above-one-day-after-launch/laptop-fdv-above-50m-one-day-after-launch,,LAPTOP FDV above $50M one day after launch?,$50M,983493,$LAPTOP FDV above ___ one day after launch?,laptop-fdv-above-one-day-after-launch,$LAPTOP FDV above ___ one day after launch?,,[],open,binary,0.998,0.999,0.999,0.9985,0.0015,0.9985,0.001,187856.58046099998,52775.05747400001,,36573.43012,2026-09-07T16:29:13Z,2026-12-31T23:59:00Z,2026-12-31T23:59:00Z,,,,,,,,,2026-09-10T16:38:51+00:00,1.05,"[""Yes"", ""No""]","[0.9985, 0.0015]",107560155430183867771887572644407294466373454239498286119237108733473320586797
polymarket,0x97a4d760aaa24a28c6e6d9978cd2367cd68b5c6411d773e423d5dc675228901f,https://polymarket.com/event/dota2-navi-ks-2026-09-10/dota2-navi-ks-2026-09-10-game1,,Dota 2: Natus Vincere vs Klim Sani4 - Game 1 Winner,Game 1 Winner,999606,Dota 2: Natus Vincere vs Klim Sani4 (BO5) - EPL Masters Playoffs,dota2-navi-ks-2026-09-10,Dota 2: Natus Vincere vs Klim Sani4 (BO5) - EPL Masters Playoffs,,[],open,binary,0.45,0.46,0.46,0.455,0.545,0.455,0.01,45844.340724999995,52538.892181999996,,59719.4195,2026-09-10T15:29:34Z,2026-09-10T22:00:00Z,2026-09-10T22:00:00Z,,,,,,,,,2026-09-10T16:38:51+00:00,,"[""Natus Vincere"", ""Klim Sani4""]","[0.455, 0.545]",10629460470909795737689538974554449309564226438752529815663017926540440405309
kalshi,KXDPWORLDTOUR-AMIO26-OLIN,https://kalshi.com/markets/kxdpworldtour/dp-world-tour-tournament-winner,https://kalshi.com/markets/kxdpworldtour/dp-world-tour-tournament-winner/kxdpworldtour-amio26,Will Oliver Lindell win the Amgen Irish Open?,Oliver Lindell,KXDPWORLDTOUR-AMIO26,Amgen Irish Open Winner,KXDPWORLDTOUR,DP World Tour Tournament Winner,Sports,"[""Golf""]",open,binary,0.013,0.029,0.011,0.021,0.979,0.021,0.016,104533.53,52513.29,103740.05,0,2026-09-05T16:05:00Z,2026-09-27T00:00:00Z,2026-09-27T00:00:00Z,,,,structured,,,,True,2026-09-10T16:39:19+00:00,,,,
kalshi,KXUCLGAME-26SEP10MUNSBH-TIE,https://kalshi.com/markets/kxuclgame/uefa-champions-league-game,https://kalshi.com/markets/kxuclgame/uefa-champions-league-game/kxuclgame-26sep10munsbh,Tie is the result,Tie,KXUCLGAME-26SEP10MUNSBH,Manchester United vs Sabah Masazir,KXUCLGAME,UEFA Champions League Game,Sports,"[""Soccer""]",open,binary,0.06,0.07,0.07,0.065,0.935,0.065,0.01,62381.36,52284.41,58403.98,0,2026-09-03T00:39:00Z,2026-09-13T01:00:00Z,2026-09-13T01:00:00Z,,,,structured,,,,True,2026-09-10T16:39:25+00:00,,,,
polymarket,0x5010f84522ade23439a6e7b173896fdcdeea448d9a538127b2f697fcb28a3dfc,https://polymarket.com/event/nfl-sf-la-2026-09-11/nfl-sf-la-2026-09-11,,49ers vs. Rams,,776490,49ers vs. Rams,nfl-sf-la-2026-09-11,49ers vs. Rams,,[],open,binary,0.35,0.36,0.35,0.355,0.645,0.355,0.01,209596.81210299997,52213.946396,,2092415.6304,2026-07-31T12:00:31Z,2026-09-11T00:35:00Z,2026-09-11T00:35:00Z,,,,,,,,,2026-09-10T16:38:51+00:00,,"[""49ers"", ""Rams""]","[0.355, 0.645]",47980297266293383561610069948199571971934648128128466689009306388009369789116
kalshi,GOVPARTYMA-26-R,https://kalshi.com/markets/govpartyma/massachusetts-governor,https://kalshi.com/markets/govpartyma/massachusetts-governor/govpartyma-26,Will the Republican party win the governorship in Massachusetts,Mike Minogue,GOVPARTYMA-26,Massachusetts Governor winner?,GOVPARTYMA,Massachusetts Governor,Elections,"[""Governor""]",open,binary,0.055,0.062,0.053,0.0585,0.9415,0.0585,0.007,274920.77,52129.26,228796.65,0,2025-01-26T15:00:00Z,2027-11-03T15:00:00Z,2027-11-03T15:00:00Z,,,,structured,,,,True,2026-09-10T16:40:30+00:00,,,,
polymarket,0xa6bf0d254e026bd7928ab340a92dbf4e2a121db83f456925a52e562b2665cfe0,https://polymarket.com/event/ucl-bay-bog-2026-09-10-more-markets/ucl-bay-bog-2026-09-10-spread-home-3pt5,,Spread: FC Bayern München (-3.5),FC Bayern München (-3.5),931862,FC Bayern München vs. FK Bodø/Glimt - More Markets,ucl-bay-bog-2026-09-10-more-markets,FC Bayern München vs. FK Bodø/Glimt - More Markets,,[],open,binary,0.44,0.45,0.45,0.445,0.555,0.445,0.01,52902.658041999995,52047.348518,,189734.0583,2026-09-08T18:15:19Z,2026-09-10T19:00:00Z,2026-09-10T19:00:00Z,,,,,,,,,2026-09-10T16:38:51+00:00,7,"[""FC Bayern M\u00fcnchen"", ""FK Bod\u00f8/Glimt""]","[0.445, 0.555]",114895024483168895900830628993609082716531450227715113629198310682106376014092
kalshi,KXUCLGAME-26SEP10SLARCL-RCL,https://kalshi.com/markets/kxuclgame/uefa-champions-league-game,https://kalshi.com/markets/kxuclgame/uefa-champions-league-game/kxuclgame-26sep10slarcl,Lens wins,Lens,KXUCLGAME-26SEP10SLARCL,Slavia Prague vs Lens,KXUCLGAME,UEFA Champions League Game,Sports,"[""Soccer""]",open,binary,0.37,0.38,0.38,0.375,0.625,0.375,0.01,56503.58,51775.5,53797.19,0,2026-09-03T00:39:00Z,2026-09-13T01:00:00Z,2026-09-13T01:00:00Z,,,,structured,,,,True,2026-09-10T16:39:25+00:00,,,,
kalshi,KXMLBPLAYOFFS-26-PIT,https://kalshi.com/markets/kxmlbplayoffs/pro-baseball-playoff-qualifiers,https://kalshi.com/markets/kxmlbplayoffs/pro-baseball-playoff-qualifiers/kxmlbplayoffs-26,Pro Baseball Playoff Qualifiers,Pittsburgh,KXMLBPLAYOFFS-26,Pro Baseball Playoff Qualifiers,KXMLBPLAYOFFS,Pro Baseball Playoff Qualifiers,Sports,"[""Baseball""]",open,binary,0.01,0.02,0.02,0.015,0.985,0.015,0.01,289521.01,51634.01,174250.85,0,2025-12-17T15:00:00Z,2026-11-01T15:00:00Z,2026-11-01T15:00:00Z,,,,structured,,,,True,2026-09-10T16:40:27+00:00,,,,
polymarket,0x9bb80411fb159d9f3798fe125672a61af141f7dc7d5465c14a5936e4ba878e49,https://polymarket.com/event/bab-el-mandeb-strait-effectively-closed-by/bab-el-mandeb-strait-effectively-closed-by-october-31,,Bab el-Mandeb Strait effectively closed by October 31?,October 31,276527,Bab el-Mandeb Strait effectively closed by...?,bab-el-mandeb-strait-effectively-closed-by,Bab el-Mandeb Strait effectively closed by...?,,[],open,binary,0.17,0.18,0.16,0.175,0.825,0.175,0.01,168809.04345899998,51595.569820000004,,67851.1248,2026-08-21T07:46:53.710166Z,2026-11-01T03:59:00Z,2026-11-01T03:59:00Z,,,,,,,,,2026-09-10T16:38:51+00:00,9,"[""Yes"", ""No""]","[0.175, 0.825]",6220545533865458838439353925905089798175804014497201461345552520180406649867
polymarket,0x450eae9b9f8781363078a87400e20cb2a56af0f363f57dc4a20531d3e23557b0,https://polymarket.com/event/bitcoin-above-on-september-11-2026/bitcoin-above-70k-on-september-11-2026,,"Will the price of Bitcoin be above $70,000 on September 11?","70,000",964867,Bitcoin above ___ on September 11?,bitcoin-above-on-september-11-2026,Bitcoin above ___ on September 11?,,[],open,binary,0.996,0.999,0.998,0.9975,0.0025,0.9975,0.003,96219.34447699998,51549.655653,,34762.54768,2026-09-04T16:00:21Z,2026-09-11T16:00:00Z,2026-09-11T16:00:00Z,,,,,,,,,2026-09-10T16:38:51+00:00,-0.05,"[""Yes"", ""No""]","[0.9975, 0.0025]",62102249771989850499146598879265336610849791420258912143822036107625894524759
kalshi,KXBTCD-26SEP1013-T77199.99,https://kalshi.com/markets/kxbtcd/bitcoin-price-above-below,https://kalshi.com/markets/kxbtcd/bitcoin-price-above-below/kxbtcd-26sep1013,"Bitcoin price on Sep 10, 2026?","$77,200 or above",KXBTCD-26SEP1013,"BTC price on Sep 10, 2026 at 1pm EDT?",KXBTCD,Bitcoin price Above/below,Crypto,"[""Hourly"", ""BTC""]",open,binary,0.05,0.06,0.06,0.055,0.945,0.055,0.01,63222.11,51503.38,31343.99,0,2026-09-10T16:00:00Z,2026-09-10T17:00:00Z,2026-09-17T17:00:00Z,,,,greater,77199.99,,BRTI,True,2026-09-10T16:39:01+00:00,,,,
polymarket,0xd5d9fc47718bd553592d126b1fa5e87183d27f3936975b0c04cc0f2dec1f1bb4,https://polymarket.com/event/which-party-will-win-the-house-in-2026/will-the-democratic-party-control-the-house-after-the-2026-midterm-elections,,Will the Democratic Party control the House after the 2026 Midterm elections?,Democratic Party,32225,Which party will win the House in 2026?,which-party-will-win-the-house-in-2026,Which party will win the House in 2026?,,[],open,binary,0.86,0.87,0.87,0.865,0.135,0.865,0.01,6040560.265194,51358.68604499999,,296421.7006,2025-07-11T19:50:44.885Z,2026-11-03T00:00:00Z,2026-11-03T00:00:00Z,,,,,,,,,2026-09-10T16:38:51+00:00,-1,"[""Yes"", ""No""]","[0.865, 0.135]",83247781037352156539108067944461291821683755894607244160607042790356561625563
kalshi,KXNFLMVP-27-DPRE,https://kalshi.com/markets/kxnflmvp/ap-pro-football-regular-season-mvp,https://kalshi.com/markets/kxnflmvp/ap-pro-football-regular-season-mvp/kxnflmvp-27,Will Dak Prescott win the MVP?,Dak Prescott,KXNFLMVP-27,MVP Winner?,KXNFLMVP,AP Pro Football Regular Season MVP,Sports,"[""Football""]",open,binary,0.06,0.07,0.07,0.065,0.935,0.065,0.01,882555.27,51223.51,824446.18,0,2026-02-08T20:30:00Z,2028-02-12T15:00:00Z,2028-02-12T15:00:00Z,,,,structured,,,,True,2026-09-10T16:40:23+00:00,,,,
kalshi,GOVPARTYWI-26-R,https://kalshi.com/markets/govpartywi/wisconsin-governor,https://kalshi.com/markets/govpartywi/wisconsin-governor/govpartywi-26,Will the Republican party win the governorship in Wisconsin,Tom Tiffany,GOVPARTYWI-26,Wisconsin Governor winner?,GOVPARTYWI,Wisconsin Governor,Elections,"[""Governor""]",open,binary,0.18,0.19,0.19,0.185,0.815,0.185,0.01,539966.39,51118.15,266999.2,0,2025-01-26T15:00:00Z,2027-11-03T15:00:00Z,2027-11-03T15:00:00Z,,,,structured,,,,True,2026-09-10T16:40:30+00:00,,,,
kalshi,KXMLBHR-26SEP101215TBATL-ATLDBALDWIN30-1,https://kalshi.com/markets/kxmlbhr/pro-baseball-home-runs,https://kalshi.com/markets/kxmlbhr/pro-baseball-home-runs/kxmlbhr-26sep101215tbatl,Drake Baldwin: 1+ home runs?,Drake Baldwin: 1+,KXMLBHR-26SEP101215TBATL,Tampa Bay vs Atlanta: Home Runs,KXMLBHR,Pro Baseball Home Runs,Sports,"[""Baseball""]",open,binary,0.11,0.12,0.12,0.115,0.885,0.115,0.01,51259.64,50829.15,51236.86,0,2026-09-10T04:40:00Z,2026-09-13T16:15:00Z,2026-09-13T16:15:00Z,,,,greater,0.5,,,True,2026-09-10T16:38:52+00:00,,,,
polymarket,0x6a18969bc603992de4c5c9d53c2881e1378ac193cdad01e7f932afa7fdc4af3e,https://polymarket.com/event/crude-oil-all-time-high-by/will-crude-oil-reach-a-new-all-time-high-by-september-30,,Will Crude Oil reach a new all-time high by September 30?,September 30,435099,Crude Oil all time high by...?,crude-oil-all-time-high-by,Crude Oil all time high by...?,,[],open,binary,0.027,0.029,0.02,0.028,0.972,0.028,0.002,1592779.6368149999,50806.52429199999,,151605.31277,2026-04-30T18:40:29.33396Z,2026-10-01T03:59:00Z,2026-10-01T03:59:00Z,,,,,,,,,2026-09-10T16:38:51+00:00,1.5,"[""Yes"", ""No""]","[0.028, 0.972]",99854297587081815138313853193420814111300083263132357130852297048771575220765
kalshi,KXMLBNLMVP-26-PCRO,https://kalshi.com/markets/kxmlbnlmvp/pro-baseball-national-league-mvp,https://kalshi.com/markets/kxmlbnlmvp/pro-baseball-national-league-mvp/kxmlbnlmvp-26,Will Pete Crow-Armstrong win NL MVP?,Pete Crow-Armstrong,KXMLBNLMVP-26,NL MVP Winner?,KXMLBNLMVP,Pro Baseball National League MVP,Sports,"[""Baseball""]",open,binary,0.98,0.99,0.98,0.985,0.015,0.985,0.01,1175248.41,50704.51,498799.46,0,2026-02-02T15:00:00Z,2026-12-08T15:00:00Z,2026-12-08T15:00:00Z,,,,custom,,,,True,2026-09-10T16:40:25+00:00,,,,
kalshi,KXPRESNOMD-28-ZMAM,https://kalshi.com/markets/kxpresnomd/democratic-primary-winner,https://kalshi.com/markets/kxpresnomd/democratic-primary-winner/kxpresnomd-28,Will Zohran Mamdani be the Democratic Presidential nominee in 2028?,Zohran Mamdani,KXPRESNOMD-28,2028 Democratic presidential nominee,KXPRESNOMD,Democratic Primary winner,Elections,"[""2028"", ""US Elections""]",open,binary,0.001,0.002,0.002,0.0015,0.9985,0.0015,0.001,8369175.49,50557.62,3871086.38,0,2025-06-27T15:28:00Z,2028-11-07T15:00:00Z,2028-11-07T15:00:00Z,,,,custom,,,,True,2026-09-10T16:40:29+00:00,,,,
kalshi,KXNFLGAME-26SEP14DENKC-DEN,https://kalshi.com/markets/kxnflgame/professional-football-game,https://kalshi.com/markets/kxnflgame/professional-football-game/kxnflgame-26sep14denkc,Denver vs Kansas City Pro Football game: Denver wins?,Denver,KXNFLGAME-26SEP14DENKC,Denver vs Kansas City,KXNFLGAME,Professional Football Game,Sports,"[""Football""]",open,binary,0.43,0.44,0.44,0.435,0.565,0.435,0.01,268222.57,50455.1,237467.83,0,2026-05-15T17:04:00Z,2026-09-17T00:15:00Z,2026-09-17T00:15:00Z,,,,structured,,,,True,2026-09-10T16:40:09+00:00,,,,
kalshi,KXUCLGAME-26SEP10SLARCL-SLA,https://kalshi.com/markets/kxuclgame/uefa-champions-league-game,https://kalshi.com/markets/kxuclgame/uefa-champions-league-game/kxuclgame-26sep10slarcl,Slavia Prague wins,Slavia Prague,KXUCLGAME-26SEP10SLARCL,Slavia Prague vs Lens,KXUCLGAME,UEFA Champions League Game,Sports,"[""Soccer""]",open,binary,0.36,0.37,0.37,0.365,0.635,0.365,0.01,53417.11,50405.35,51605.48,0,2026-09-03T00:39:00Z,2026-09-13T01:00:00Z,2026-09-13T01:00:00Z,,,,structured,,,,True,2026-09-10T16:39:25+00:00,,,,
polymarket,0xcd8257e8b53cb20079af16ca5ad4262c9b5b09c7e3e461027b1b0768a14bad64,https://polymarket.com/event/epl-2027-champion-20260701200428749/will-brentford-win-the-2026-27-english-premier-league-epl-championship-20260701200428753,,Will Brentford win the 2026-27 English Premier League (EPL) Championship?,Brentford,659518,EPL: 2027 Champion,epl-2027-champion-20260701200428749,EPL: 2027 Champion,,[],open,binary,0.002,0.003,0.003,0.0025,0.9975,0.0025,0.001,1072217.295398,50007.13,,371905.17944,2026-07-02T18:13:31.112613Z,2027-05-30T23:59:00Z,2027-05-30T23:59:00Z,,,,,,,,,2026-09-10T16:38:51+00:00,-0.1,"[""Yes"", ""No""]","[0.0025, 0.9975]",77148715104272769172722280105773295379821478844848869024067051231521185499856
polymarket,0x34ed4ad7a7825f168e1084f53e8f60a161579d783b2740e50aa52f710925a136,https://polymarket.com/event/next-french-presidential-election/will-sgolne-royal-win-the-2027-french-presidential-election,,Will Ségolène Royal win the 2027 French presidential election?,Ségolène Royal,79987,Next French Presidential Election,next-french-presidential-election,Next French Presidential Election,,[],open,binary,,0.001,0.001,0.0005,0.9995,0.0005,0.001,5981573.125023998,50000,,420985.66388,2025-11-13T23:09:45.311428Z,2027-04-30T00:00:00Z,2027-04-30T00:00:00Z,,,,,,,,,2026-09-10T16:38:51+00:00,,"[""Yes"", ""No""]","[0.0005, 0.9995]",84076705244364178126697754730242283842575751486659062354818892653573605561738
kalshi,KXNCAAF-27-LSU,https://kalshi.com/markets/kxncaaf/ncaaf-championship,https://kalshi.com/markets/kxncaaf/ncaaf-championship/kxncaaf-27,Will LSU win the College Football Playoff National Championship?,LSU,KXNCAAF-27,College Football National Championship Winner,KXNCAAF,NCAAF Championship,Sports,"[""Football""]",open,binary,0.09,0.1,0.1,0.095,0.905,0.095,0.01,2835275.77,49976.49,2605719.33,0,2026-01-21T22:00:00Z,2027-02-23T04:00:00Z,2027-02-23T04:00:00Z,,,,structured,,,,True,2026-09-10T16:40:25+00:00,,,,
polymarket,0x21ad31a46bfaa51650766eff6dc69c866959e32d965ffb116020e37694b6317d,https://polymarket.com/event/republican-presidential-nominee-2028/will-marco-rubio-win-the-2028-republican-presidential-nomination,,Will Marco Rubio win the 2028 Republican presidential nomination?,Marco Rubio,31875,Republican Presidential Nominee 2028,republican-presidential-nominee-2028,Republican Presidential Nominee 2028,,[],open,binary,0.175,0.179,0.175,0.177,0.823,0.177,0.004,10566313.578096006,49866.18905299999,,301965.04364,2025-07-11T19:42:04.446Z,2028-11-07T00:00:00Z,2028-11-07T00:00:00Z,,,,,,,,,2026-09-10T16:38:51+00:00,-1.8,"[""Yes"", ""No""]","[0.177, 0.823]",13565458761220145250977753098276900790902214604876327357986816739576288755859
polymarket,0x1dd3264bd739455072b0a61a09ddb95588570607a3feed69fa59663379e608a4,https://polymarket.com/event/ucl-mnu-sf-2026-09-10-more-markets/ucl-mnu-sf-2026-09-10-spread-home-2pt5,,Spread: Manchester United FC (-2.5),Manchester United FC (-2.5),931861,Manchester United FC vs. Sabah FK - More Markets,ucl-mnu-sf-2026-09-10-more-markets,Manchester United FC vs. Sabah FK - More Markets,,[],open,binary,0.61,0.62,0.62,0.615,0.385,0.615,0.01,52449.848959,49787.408041,,134318.7164,2026-08-29T18:15:27Z,2026-09-10T19:00:00Z,2026-09-10T19:00:00Z,,,,,,,,,2026-09-10T16:38:51+00:00,9,"[""Manchester United FC"", ""Sabah FK""]","[0.615, 0.385]",39639078882989122035164461900205488694775419848151022969395340878623695270319
polymarket,0xa745eff902c48aa61fd7478b3286623b38e979d0a5d89fef46964edf45e46219,https://polymarket.com/event/where-will-trump-and-putin-meet-next-678/will-trump-and-putin-not-meet-432,,Will Trump and Putin not meet?,No meeting by December 31,528389,Where will Trump and Putin meet next in 2026?,where-will-trump-and-putin-meet-next-678,Where will Trump and Putin meet next in 2026?,,[],open,binary,0.33,0.34,0.34,0.335,0.665,0.335,0.01,244696.68292499994,49200.749519,,56885.5321,2026-05-26T22:51:38.428829Z,2027-01-01T04:59:00Z,2027-01-01T04:59:00Z,,,,,,,,,2026-09-10T16:38:51+00:00,-2,"[""Yes"", ""No""]","[0.335, 0.665]",60721106651047318972353533272976554010468129253652681478570218681774510353152
kalshi,KXNFLTD-26SEP10SFLAR-SFBPURDY13-1,https://kalshi.com/markets/kxnfltd/pro-football-touchdowns,https://kalshi.com/markets/kxnfltd/pro-football-touchdowns/kxnfltd-26sep10sflar,Brock Purdy: 1+ touchdowns,Brock Purdy: 1+,KXNFLTD-26SEP10SFLAR,San Francisco vs Los Angeles R: Touchdowns,KXNFLTD,Pro Football Touchdowns,Sports,"[""Football""]",open,binary,0.11,0.12,0.12,0.115,0.885,0.115,0.01,73618.1,49065.85,71025.43,0,2026-08-27T23:45:00Z,2026-09-13T00:35:00Z,2026-09-13T00:35:00Z,,,,greater,0.5,,,True,2026-09-10T16:39:35+00:00,,,,
kalshi,KXHIGHLAX-26SEP10-T90,https://kalshi.com/markets/kxhighlax/highest-temperature-in-los-angeles,https://kalshi.com/markets/kxhighlax/highest-temperature-in-los-angeles/kxhighlax-26sep10,"Will the maximum temperature be >90° on Sep 10, 2026?",91° or above,KXHIGHLAX-26SEP10,"Highest temperature in Los Angeles on Sep 10, 2026?",KXHIGHLAX,Highest temperature in Los Angeles,Climate and Weather,"[""Daily temperature""]",open,binary,0.94,0.96,0.96,0.95,0.05,0.95,0.02,50018.14,48966.61,32239.98,0,2026-09-09T14:00:00Z,2026-09-11T08:00:00Z,2026-09-17T14:00:00Z,,,,greater,90,,CLILAX,True,2026-09-10T16:38:58+00:00,,,,
polymarket,0x80b3af88cb991980e8da1ce86b9794a0957f96ec98c29319dd7ba65e9744d82b,https://polymarket.com/event/fed-rate-hike-in-2026/fed-rate-hike-in-2026,,Fed rate hike in 2026?,,101936,Fed rate hike in 2026?,fed-rate-hike-in-2026,Fed rate hike in 2026?,,[],open,binary,0.79,0.8,0.8,0.795,0.205,0.795,0.01,8826691.227950994,48727.22291999999,,94015.8466,2025-12-10T21:10:25.258Z,2026-12-09T00:00:00Z,2026-12-09T00:00:00Z,,,,,,,,,2026-09-10T16:38:51+00:00,6,"[""Yes"", ""No""]","[0.795, 0.205]",75028752776148090296091099469912621384650554615761384992997579209329182670110
kalshi,KXUCLTOTAL-26SEP10BMUBOG-5,https://kalshi.com/markets/kxucltotal/champions-league-total-goals,https://kalshi.com/markets/kxucltotal/champions-league-total-goals/kxucltotal-26sep10bmubog,Will over 4.5 goals be scored?,Over 4.5 goals scored,KXUCLTOTAL-26SEP10BMUBOG,Bayern Munich vs Bodoe/Glimt: Total Goals,KXUCLTOTAL,Champions League Total Goals,Sports,"[""Soccer""]",open,binary,0.56,0.57,0.57,0.565,0.435,0.565,0.01,50061.75,48706.62,45399.19,0,2026-09-07T19:07:00Z,2026-09-13T01:00:00Z,2026-09-13T01:00:00Z,,,,greater,4.5,,,True,2026-09-10T16:39:12+00:00,,,,
polymarket,0xf27a7a5697de10f7900f4415b2fbb5e157aa9c7b74f51b4bb3f988312c08d973,https://polymarket.com/event/cs2-rt1-mis-2026-09-10/cs2-rt1-mis-2026-09-10,,Counter-Strike: ReThink vs Misa Esports (BO3) - NODWIN Clutch Series Play-In Group C,Match Winner,974621,Counter-Strike: ReThink vs Misa Esports (BO3) - NODWIN Clutch Series Play-In Group C,cs2-rt1-mis-2026-09-10,Counter-Strike: ReThink vs Misa Esports (BO3) - NODWIN Clutch Series Play-In Group C,,[],open,binary,0.49,0.5,0.49,0.495,0.505,0.495,0.01,48902.00224300003,48606.77865899998,,56347.6807,2026-09-06T07:45:40Z,2026-09-10T20:00:00Z,2026-09-10T20:00:00Z,,,,,,,,,2026-09-10T16:38:51+00:00,14,"[""ReThink"", ""Misa Esports""]","[0.495, 0.505]",40460337960133908167829401446775760972658698571155988227773073208492359541778
kalshi,KXDPWORLDTOUR-AMIO26-GMIG,https://kalshi.com/markets/kxdpworldtour/dp-world-tour-tournament-winner,https://kalshi.com/markets/kxdpworldtour/dp-world-tour-tournament-winner/kxdpworldtour-amio26,Will Guido Migliozzi win the Amgen Irish Open?,Guido Migliozzi,KXDPWORLDTOUR-AMIO26,Amgen Irish Open Winner,KXDPWORLDTOUR,DP World Tour Tournament Winner,Sports,"[""Golf""]",open,binary,0,0.001,0.001,0.0005,0.9995,0.0005,0.001,82289.47,48484.88,82288.47,0,2026-09-05T16:05:00Z,2026-09-27T00:00:00Z,2026-09-27T00:00:00Z,,,,structured,,,,True,2026-09-10T16:39:19+00:00,,,,
kalshi,KXMLB-26-MIL,https://kalshi.com/markets/kxmlb/world-series,https://kalshi.com/markets/kxmlb/world-series/kxmlb-26,Will Milwaukee win the 2026 Pro Baseball Championship?,Milwaukee,KXMLB-26,Pro Baseball Champion,KXMLB,World Series,Sports,"[""Baseball""]",open,binary,0.149,0.151,0.151,0.15,0.85,0.15,0.002,3784272.61,48450.01,2487381.21,0,2025-12-17T15:00:00Z,2028-10-31T04:00:00Z,2028-10-31T04:00:00Z,,,,structured,,,,True,2026-09-10T16:40:27+00:00,,,,
polymarket,0xaece8d6062d3e3eb9845b32441a4ab06eb2ef332c0228bc6a36add450647c7c4,https://polymarket.com/event/how-many-fed-rate-cuts-in-2026/will-4-fed-rate-cuts-happen-in-2026,,Will 4 Fed rate cuts happen in 2026?,4 (100 bps),51456,How many Fed rate cuts in 2026?,how-many-fed-rate-cuts-in-2026,How many Fed rate cuts in 2026?,,[],open,binary,0.001,0.003,0.002,0.002,0.998,0.002,0.002,2695441.2922640005,48409.921,,212937.89262,2025-09-29T22:24:50.161283Z,2026-12-31T00:00:00Z,2026-12-31T00:00:00Z,,,,,,,,,2026-09-10T16:38:51+00:00,0.05,"[""Yes"", ""No""]","[0.002, 0.998]",73197441127256680134600821323583356037261213281680365433623681075249556019477
polymarket,0x8ee27c276a1bee094293751285d8a6697674b023196cb21fdd14bf3ca12f6ec0,https://polymarket.com/event/brazil-presidential-election-first-round-2nd-place/will-luiz-incio-lula-da-silva-finish-in-second-place-in-the-first-round-of-the-2026-brazilian-presidential-election,,Will Luiz Inácio Lula da Silva finish in second place in the first round of the 2026 Brazilian presidential election?,Luiz Inácio Lula da Silva,204972,Brazil Presidential Election First Round: 2nd Place,brazil-presidential-election-first-round-2nd-place,Brazil Presidential Election First Round: 2nd Place,,[],open,binary,0.228,0.258,0.248,0.243,0.757,0.243,0.03,570763.6552659997,48082.022912,,65366.48499,2026-02-11T22:50:26.863498Z,2026-10-04T00:00:00Z,2026-10-04T00:00:00Z,,,,,,,,,2026-09-10T16:38:51+00:00,9.35,"[""Yes"", ""No""]","[0.243, 0.757]",109856098174983029722649567789098297237073018943808237804563416414463140161494
kalshi,KXNFLCOTY-27-KOCO,https://kalshi.com/markets/kxnflcoty/ap-pro-football-coach-of-the-year,https://kalshi.com/markets/kxnflcoty/ap-pro-football-coach-of-the-year/kxnflcoty-27,Will Kevin O'Connell win the Coach of the Year?,Kevin O'Connell,KXNFLCOTY-27,Coach of the Year Winner?,KXNFLCOTY,AP Pro Football Coach Of The Year,Sports,"[""Football""]",open,binary,0.09,0.1,0.09,0.095,0.905,0.095,0.01,76604.66,48054.38,75775.37,0,2026-03-31T02:00:00Z,2028-02-28T15:00:00Z,2028-02-28T15:00:00Z,,,,custom,,,,True,2026-09-10T16:40:20+00:00,,,,
polymarket,0x9db068aee7f73522b83e40711fffe5cb490182e354846933dcf29a28f1b72082,https://polymarket.com/event/lal-lev-bar-2026-09-13/lal-lev-bar-2026-09-13-bar,,Will FC Barcelona win on 2026-09-13?,FC Barcelona,940190,Levante UD vs. FC Barcelona,lal-lev-bar-2026-09-13,Levante UD vs. FC Barcelona,,[],open,binary,0.85,0.86,0.86,0.855,0.145,0.855,0.01,67314.0778,47940.35155600001,,69124.2942,2026-08-31T06:00:18Z,2026-09-13T14:15:00Z,2026-09-13T14:15:00Z,,,,,,,,,2026-09-10T16:38:51+00:00,2,"[""Yes"", ""No""]","[0.855, 0.145]",62333184840363207636347306893167936353060863127730239544047703985589715684793
kalshi,KXNFLOPOTY-27-BBOW,https://kalshi.com/markets/kxnflopoty/ap-pro-football-offensive-player-of-the-year,https://kalshi.com/markets/kxnflopoty/ap-pro-football-offensive-player-of-the-year/kxnflopoty-27,Will Brock Bowers win the Offensive Player of the Year?,Brock Bowers,KXNFLOPOTY-27,Offensive Player of the Year Winner?,KXNFLOPOTY,AP Pro Football Offensive Player Of The Year,Sports,"[""Football""]",open,binary,0.02,0.03,0.02,0.025,0.975,0.025,0.01,91045.7,47763.55,79700.4,0,2026-02-10T15:00:00Z,2028-02-08T15:00:00Z,2028-02-08T15:00:00Z,,,,structured,,,,True,2026-09-10T16:40:23+00:00,,,,
polymarket,0x52cf839a5fd746c99733298e9bff342a74ce6bf6f3f2ea185f8fea7c5722e962,https://polymarket.com/event/laptop-fdv-above-one-day-after-launch/laptop-fdv-above-2b-one-day-after-launch,,LAPTOP FDV above $2B one day after launch?,$2B,983493,$LAPTOP FDV above ___ one day after launch?,laptop-fdv-above-one-day-after-launch,$LAPTOP FDV above ___ one day after launch?,,[],open,binary,0.001,0.006,0.008,0.0035,0.9965,0.0035,0.005,49595.218129000015,47611.711778000004,,38928.45001,2026-09-09T14:46:31Z,2026-12-31T23:59:00Z,2026-12-31T23:59:00Z,,,,,,,,,2026-09-10T16:38:51+00:00,-14.15,"[""Yes"", ""No""]","[0.0035, 0.9965]",44094509211754701031972814801197545876810313901984184944527590411119303482683
kalshi,KXCS2GAME-26SEP100900K27NEMI-K27,https://kalshi.com/markets/kxcs2game/counter-strike-2-game,https://kalshi.com/markets/kxcs2game/counter-strike-2-game/kxcs2game-26sep100900k27nemi,K27 wins,K27,KXCS2GAME-26SEP100900K27NEMI,K27 vs. Nemiga,KXCS2GAME,Counter-Strike 2 Game,Sports,"[""Esports""]",open,binary,0.58,0.61,0.6,0.595,0.405,0.595,0.03,49967.32,47506.09,43446.41,0,2026-09-09T22:10:00Z,2026-09-12T13:00:00Z,2026-09-12T13:00:00Z,,,,structured,,,,True,2026-09-10T16:38:53+00:00,,,,
kalshi,KXBTCD-26SEP1013-T76699.99,https://kalshi.com/markets/kxbtcd/bitcoin-price-above-below,https://kalshi.com/markets/kxbtcd/bitcoin-price-above-below/kxbtcd-26sep1013,"Bitcoin price on Sep 10, 2026?","$76,700 or above",KXBTCD-26SEP1013,"BTC price on Sep 10, 2026 at 1pm EDT?",KXBTCD,Bitcoin price Above/below,Crypto,"[""Hourly"", ""BTC""]",open,binary,0.91,0.92,0.92,0.915,0.085,0.915,0.01,80015.88,47250.81,41547.73,0,2026-09-10T16:00:00Z,2026-09-10T17:00:00Z,2026-09-17T17:00:00Z,,,,greater,76699.99,,BRTI,True,2026-09-10T16:39:01+00:00,,,,
polymarket,0x1f2be6118486a83063777ae3cc88d2e04b8d6f84ec46fcd137596431bcb3cfc9,https://polymarket.com/event/what-price-will-bitcoin-hit-in-september-2026/will-bitcoin-dip-to-65k-in-september-2026,,"Will Bitcoin dip to $65,000 in September?","↓ 65,000",946004,What price will Bitcoin hit in September?,what-price-will-bitcoin-hit-in-september-2026,What price will Bitcoin hit in September?,,[],open,binary,0.1,0.11,0.11,0.105,0.895,0.105,0.01,239220.55358399998,47102.905047,,69153.8043,2026-09-01T05:07:19Z,2026-10-01T04:00:00Z,2026-10-01T04:00:00Z,,,,,,,,,2026-09-10T16:38:51+00:00,1.5,"[""Yes"", ""No""]","[0.105, 0.895]",39452210129885373432567248526860370218350063100514381486171852534138077470688
polymarket,0x8126317d621047fb13d508a2651eecc8d38305904671822a62309c5aabd353aa,https://polymarket.com/event/next-french-presidential-election/will-marine-le-pen-win-the-2027-french-presidential-election,,Will Marine Le Pen win the 2027 French presidential election?,Marine Le Pen,79987,Next French Presidential Election,next-french-presidential-election,Next French Presidential Election,,[],open,binary,0.382,0.383,0.383,0.3825,0.6175,0.3825,0.001,2291868.170496,47011.66380100001,,236539.42211,2025-11-13T23:09:35.8119Z,2027-04-30T00:00:00Z,2027-04-30T00:00:00Z,,,,,,,,,2026-09-10T16:38:51+00:00,2.6,"[""Yes"", ""No""]","[0.3825, 0.6175]",55764212211467781322980371912612507865974994976253196346176314491480419639168
kalshi,KXBTCD-26SEP1017-T76749.99,https://kalshi.com/markets/kxbtcd/bitcoin-price-above-below,https://kalshi.com/markets/kxbtcd/bitcoin-price-above-below/kxbtcd-26sep1017,"Bitcoin price on Sep 10, 2026?","$76,750 or above",KXBTCD-26SEP1017,"BTC price on Sep 10, 2026 at 5pm EDT?",KXBTCD,Bitcoin price Above/below,Crypto,"[""Hourly"", ""BTC""]",open,binary,0.62,0.64,0.65,0.63,0.37,0.63,0.02,47931.45,46988.93,18988.06,0,2026-09-09T20:00:00Z,2026-09-10T21:00:00Z,2026-09-17T21:00:00Z,,,,greater,76749.99,,BRTI,True,2026-09-10T16:39:01+00:00,,,,
kalshi,KXUCLSPREAD-26SEP10FENROM-ROM3,https://kalshi.com/markets/kxuclspread/champions-league-spread,https://kalshi.com/markets/kxuclspread/champions-league-spread/kxuclspread-26sep10fenrom,Roma wins by more than 2.5 goals?,Roma wins by more than 2.5 goals,KXUCLSPREAD-26SEP10FENROM,Fenerbahce vs Roma: Spread,KXUCLSPREAD,Champions League Spread,Sports,"[""Soccer""]",open,binary,0.1,0.11,0.11,0.105,0.895,0.105,0.01,48926.77,46912.29,48493.96,0,2026-09-07T17:06:00Z,2026-09-12T22:45:00Z,2026-09-12T22:45:00Z,,,,greater,2.5,,,True,2026-09-10T16:39:12+00:00,,,,
kalshi,KXGRECUPGAME-26SEP10ASTARIS-ARIS,https://kalshi.com/markets/kxgrecupgame/greek-cup-game,https://kalshi.com/markets/kxgrecupgame/greek-cup-game/kxgrecupgame-26sep10astaris,Aris Thessaloniki wins,Aris Thessaloniki,KXGRECUPGAME-26SEP10ASTARIS,Asteras Tripolis vs Aris Thessaloniki,KXGRECUPGAME,Greek Cup Game,Sports,"[""Soccer""]",open,binary,0.01,0.04,0.03,0.025,0.975,0.025,0.03,62562.24,46839.6,31920.6,0,2026-09-06T00:41:00Z,2026-09-12T20:45:00Z,2026-09-12T20:45:00Z,,,,structured,,,,True,2026-09-10T16:39:17+00:00,,,,
kalshi,KXDPWORLDTOUR-AMIO26-FMOL,https://kalshi.com/markets/kxdpworldtour/dp-world-tour-tournament-winner,https://kalshi.com/markets/kxdpworldtour/dp-world-tour-tournament-winner/kxdpworldtour-amio26,Will Francesco Molinari win the Amgen Irish Open?,Francesco Molinari,KXDPWORLDTOUR-AMIO26,Amgen Irish Open Winner,KXDPWORLDTOUR,DP World Tour Tournament Winner,Sports,"[""Golf""]",open,binary,0.015,0.02,0.015,0.0175,0.9825,0.0175,0.005,53365.22,46834.75,52195.31,0,2026-09-05T16:05:00Z,2026-09-27T00:00:00Z,2026-09-27T00:00:00Z,,,,structured,,,,True,2026-09-10T16:39:19+00:00,,,,
kalshi,KXNFLREC-26SEP10SFLAR-LARTHIGBEE89-2,https://kalshi.com/markets/kxnflrec/pro-football-player-receptions,https://kalshi.com/markets/kxnflrec/pro-football-player-receptions/kxnflrec-26sep10sflar,Tyler Higbee: 2+ receptions,Tyler Higbee: 2+,KXNFLREC-26SEP10SFLAR,San Francisco vs Los Angeles R: Receptions,KXNFLREC,Pro Football Player Receptions,Sports,"[""Football""]",open,binary,0.53,0.54,0.54,0.535,0.465,0.535,0.01,46793.09,46784.12,45913.09,0,2026-09-09T20:11:00Z,2026-09-13T00:35:00Z,2026-09-13T00:35:00Z,,,,greater,1.5,,,True,2026-09-10T16:38:54+00:00,,,,
polymarket,0xd4ac7663113073d7b70b5ff96452fcb43845727f0e67a96567a313cae27ce453,https://polymarket.com/event/nfl-bal-ind-2026-09-13/nfl-bal-ind-2026-09-13-spread-away-3pt5,,Spread: Ravens (-3.5),Spread -3.5,795815,Ravens vs. Colts,nfl-bal-ind-2026-09-13,Ravens vs. Colts,,[],open,binary,0.46,0.47,0.47,0.465,0.535,0.465,0.01,78238.61376899999,46681.292863,,138738.4544,2026-08-04T16:02:09Z,2026-09-13T17:00:00Z,2026-09-13T17:00:00Z,,,,,,,,,2026-09-10T16:38:51+00:00,1,"[""Ravens"", ""Colts""]","[0.465, 0.535]",54747750680552764296467521829929433009045916691843982306593171356862755364323
kalshi,KXIPHONERELEASE-IPHONE18-27JAN01,https://kalshi.com/markets/kxiphonerelease/iphone,https://kalshi.com/markets/kxiphonerelease/iphone/kxiphonerelease-iphone18,"Will Apple Inc. release iPhone 18 before Jan 1, 2027?",Before 2027,KXIPHONERELEASE-IPHONE18,When will Apple release the iPhone 18?,KXIPHONERELEASE,iPhone,Financials,"[""Product launches"", ""Compute"", ""Companies""]",open,binary,0.04,0.05,0.05,0.045,0.955,0.045,0.01,1163335.36,46557.18,377863.9,0,2025-12-31T03:00:00Z,2027-01-01T04:59:00Z,2027-01-08T15:00:00Z,,,,,,,,True,2026-09-10T16:40:26+00:00,,,,
kalshi,KXNFLTD-26SEP10SFLAR-LARDADAMS17-1,https://kalshi.com/markets/kxnfltd/pro-football-touchdowns,https://kalshi.com/markets/kxnfltd/pro-football-touchdowns/kxnfltd-26sep10sflar,Davante Adams: 1+ touchdowns,Davante Adams: 1+,KXNFLTD-26SEP10SFLAR,San Francisco vs Los Angeles R: Touchdowns,KXNFLTD,Pro Football Touchdowns,Sports,"[""Football""]",open,binary,0.41,0.42,0.42,0.415,0.585,0.415,0.01,55953.37,46252.69,55635.42,0,2026-08-27T23:45:00Z,2026-09-13T00:35:00Z,2026-09-13T00:35:00Z,,,,greater,0.5,,,True,2026-09-10T16:39:35+00:00,,,,
kalshi,KXKFTOUR-SIBOFTSF26-BKOH,https://kalshi.com/markets/kxkftour/korn-ferry-tour,https://kalshi.com/markets/kxkftour/korn-ferry-tour/kxkftour-siboftsf26,Will Ben Kohles win the Simmons Bank Open for the Snedeker Foundation?,Ben Kohles,KXKFTOUR-SIBOFTSF26,Simmons Bank Open for the Snedeker Foundation Winner,KXKFTOUR,Korn Ferry Tour,Sports,"[""Golf""]",open,binary,0.013,0.14,0.02,0.0765,0.9235,0.0765,0.127,56470.89,46241.2,52108.9,0,2026-09-06T23:05:00Z,2026-09-27T00:00:00Z,2026-09-27T00:00:00Z,,,,structured,,,,True,2026-09-10T16:39:15+00:00,,,,
kalshi,SENATENE-26-R,https://kalshi.com/markets/senatene/nebraska-senate-race,https://kalshi.com/markets/senatene/nebraska-senate-race/senatene-26,Will Republicans win the Senate race in Nebraska?,Pete Ricketts,SENATENE-26,Nebraska Senate winner?,SENATENE,Nebraska Senate race,Elections,"[""Senate""]",open,binary,0.7,0.71,0.71,0.705,0.295,0.705,0.01,382917.5,46200.41,263529.25,0,2024-12-03T15:00:00Z,2027-11-03T15:00:00Z,2027-11-03T15:00:00Z,,,,structured,,,,True,2026-09-10T16:40:30+00:00,,,,
polymarket,0x4184849e73252fef36cc0306666aad5bc23928d4b8686cb8cce1ddfd54715f79,https://polymarket.com/event/highest-temperature-in-warsaw-on-september-10-2026/highest-temperature-in-warsaw-on-september-10-2026-19c,,Will the highest temperature in Warsaw be 19°C on September 10?,19°C,986729,Highest temperature in Warsaw on September 10?,highest-temperature-in-warsaw-on-september-10-2026,Highest temperature in Warsaw on September 10?,,[],open,binary,,0.001,0.001,0.0005,0.9995,0.0005,0.001,48172.863161,46143.727168,,7335.30643,2026-09-08T04:57:32Z,2026-09-10T12:00:00Z,2026-09-10T12:00:00Z,,,,,,,,,2026-09-10T16:38:51+00:00,-42.45,"[""Yes"", ""No""]","[0.0005, 0.9995]",112910456326760649945487590459807760186770760240944673954426493123040844484213
kalshi,KXUCLBTTS-26SEP10PSVSHA-BTTS,https://kalshi.com/markets/kxuclbtts/champions-league-btts,https://kalshi.com/markets/kxuclbtts/champions-league-btts/kxuclbtts-26sep10psvsha,Both Teams To Score,Both Teams To Score,KXUCLBTTS-26SEP10PSVSHA,Eindhoven vs Shakhtar: BTTS,KXUCLBTTS,Champions League BTTS,Sports,"[""Soccer""]",open,binary,0.63,0.64,0.64,0.635,0.365,0.635,0.01,47615.19,46081.14,46839.19,0,2026-09-07T17:06:00Z,2026-09-12T22:45:00Z,2026-09-12T22:45:00Z,,,,,,,,True,2026-09-10T16:39:12+00:00,,,,
polymarket,0x774f7f3919ba2a94229d889bccf1c9c88347e21790c3d9d66d604c5be616c224,https://polymarket.com/event/what-price-will-wti-hit-in-september-2026/will-wti-reach-115-in-september-2026,,Will WTI Crude Oil (WTI) hit (HIGH) $115 in September?,↑ $115,907966,What will WTI Crude Oil (WTI) hit in September 2026?,what-price-will-wti-hit-in-september-2026,What will WTI Crude Oil (WTI) hit in September 2026?,,[],open,binary,0.227,0.254,0.229,0.2405,0.7595,0.2405,0.027,184624.37777799997,45980.628719,,37077.55948,2026-08-31T16:44:56Z,2026-10-01T03:59:59.999Z,2026-10-01T03:59:59.999Z,,,,,,,,,2026-09-10T16:38:51+00:00,12.7,"[""Yes"", ""No""]","[0.2405, 0.7595]",25846511357344947422285438161630770076911554211585141844165210290421263502462
kalshi,KXBTCD-26SEP1013-T77099.99,https://kalshi.com/markets/kxbtcd/bitcoin-price-above-below,https://kalshi.com/markets/kxbtcd/bitcoin-price-above-below/kxbtcd-26sep1013,"Bitcoin price on Sep 10, 2026?","$77,100 or above",KXBTCD-26SEP1013,"BTC price on Sep 10, 2026 at 1pm EDT?",KXBTCD,Bitcoin price Above/below,Crypto,"[""Hourly"", ""BTC""]",open,binary,0.16,0.17,0.16,0.165,0.835,0.165,0.01,60452.44,45913.13,31276.29,0,2026-09-10T16:00:00Z,2026-09-10T17:00:00Z,2026-09-17T17:00:00Z,,,,greater,77099.99,,BRTI,True,2026-09-10T16:39:01+00:00,,,,
kalshi,KXDPWORLDTOUR-AMIO26-JOLE,https://kalshi.com/markets/kxdpworldtour/dp-world-tour-tournament-winner,https://kalshi.com/markets/kxdpworldtour/dp-world-tour-tournament-winner/kxdpworldtour-amio26,Will Jacob Skov Olesen win the Amgen Irish Open?,Jacob Skov Olesen,KXDPWORLDTOUR-AMIO26,Amgen Irish Open Winner,KXDPWORLDTOUR,DP World Tour Tournament Winner,Sports,"[""Golf""]",open,binary,0,0.009,0.003,0.0045,0.9955,0.0045,0.009,121085.96,45902.79,114921.92,0,2026-09-05T16:05:00Z,2026-09-27T00:00:00Z,2026-09-27T00:00:00Z,,,,structured,,,,True,2026-09-10T16:39:19+00:00,,,,
kalshi,KXDPWORLDTOUR-AMIO26-HHAL,https://kalshi.com/markets/kxdpworldtour/dp-world-tour-tournament-winner,https://kalshi.com/markets/kxdpworldtour/dp-world-tour-tournament-winner/kxdpworldtour-amio26,Will Harry Hall win the Amgen Irish Open?,Harry Hall,KXDPWORLDTOUR-AMIO26,Amgen Irish Open Winner,KXDPWORLDTOUR,DP World Tour Tournament Winner,Sports,"[""Golf""]",open,binary,0.017,0.022,0.011,0.0195,0.9805,0.0195,0.005,65141.26,45599.24,64423.99,0,2026-09-05T16:05:00Z,2026-09-27T00:00:00Z,2026-09-27T00:00:00Z,,,,structured,,,,True,2026-09-10T16:39:19+00:00,,,,
kalshi,KXWTIW-26SEP1114-T103.99,https://kalshi.com/markets/kxwtiw/wti-oil-weekly-range,https://kalshi.com/markets/kxwtiw/wti-oil-weekly-range/kxwtiw-26sep1114,"Will the WTI crude oil settlement price be above 103.99 USD/Bbl on Sep 11, 2026?",Above $103.99,KXWTIW-26SEP1114,"Oil Price (WTI) on Sep 11, 2026?",KXWTIW,WTI oil weekly range,Commodities,"[""Oil & Gas""]",open,binary,0.24,0.27,0.25,0.255,0.745,0.255,0.03,56960.93,45335.25,43389.34,0,2026-09-04T23:30:00Z,2026-09-11T18:30:00Z,2026-09-18T19:30:00Z,,,,greater,103.99,,,True,2026-09-10T16:39:20+00:00,,,,
kalshi,KXWFIBASPREAD-26SEP101145GERBE-BE7,https://kalshi.com/markets/kxwfibaspread/women-s-fiba-spread,https://kalshi.com/markets/kxwfibaspread/women-s-fiba-spread/kxwfibaspread-26sep101145gerbe,Belgium wins by over 6.5 points,Belgium wins by over 6.5 points,KXWFIBASPREAD-26SEP101145GERBE,Germany vs Belgium: Spread,KXWFIBASPREAD,Women's FIBA Spread,Sports,"[""Basketball""]",open,binary,0.07,0.12,0.07,0.095,0.905,0.095,0.05,45475.86,45270.79,32111.24,0,2026-09-09T16:05:00Z,2026-09-12T15:45:00Z,2026-09-12T15:45:00Z,,,,greater,6.5,,,True,2026-09-10T16:38:57+00:00,,,,
kalshi,SENATEKS-26-R,https://kalshi.com/markets/senateks/kansas-senate-race,https://kalshi.com/markets/senateks/kansas-senate-race/senateks-26,Will Republicans win the Senate race in Kansas?,Roger Marshall,SENATEKS-26,Kansas Senate winner?,SENATEKS,Kansas Senate race,Elections,"[""Senate""]",open,binary,0.78,0.8,0.8,0.79,0.21,0.79,0.02,294562.65,45269.44,194205.85,0,2024-12-03T15:00:00Z,2027-11-03T15:00:00Z,2027-11-03T15:00:00Z,,,,structured,,,,True,2026-09-10T16:40:30+00:00,,,,
polymarket,0x114b427bfbefcc56bb2384414f29bcc0c9100d2fae954dd15119d6417e1e9768,https://polymarket.com/event/bitcoin-above-on-september-11-2026/bitcoin-above-76k-on-september-11-2026,,"Will the price of Bitcoin be above $76,000 on September 11?","76,000",964867,Bitcoin above ___ on September 11?,bitcoin-above-on-september-11-2026,Bitcoin above ___ on September 11?,,[],open,binary,0.731,0.746,0.754,0.7385,0.2615,0.7385,0.015,74713.610545,45240.08640600001,,36087.17721,2026-09-04T16:00:20Z,2026-09-11T16:00:00Z,2026-09-11T16:00:00Z,,,,,,,,,2026-09-10T16:38:51+00:00,-14.55,"[""Yes"", ""No""]","[0.7385, 0.2615]",86887414933992101417401936253765267027645729067210035029351079490386802179700
polymarket,0x73d8a8208d23a74937d114a713d6a56cd4161a1068056c52ac74c8419c99da7c,https://polymarket.com/event/fed-rate-hike-by/fed-rate-hike-by-september-2026-meeting,,Fed Rate Hike by September 2026 Meeting?,September Meeting,329566,Fed rate hike by...?,fed-rate-hike-by,Fed rate hike by...?,,[],open,binary,0.63,0.64,0.64,0.635,0.365,0.635,0.01,1375455.0708949997,45208.393159,,88866.5159,2026-03-31T21:37:32.503Z,2026-12-09T00:00:00Z,2026-12-09T00:00:00Z,,,,,,,,,2026-09-10T16:38:51+00:00,9,"[""Yes"", ""No""]","[0.635, 0.365]",85779851379341776458330036851548114381176093953202542863538086591922931585951
polymarket,0xe883f2fda25a605a184bb5fe583afce6cc21ea0b348b6a3728ec3067553c548d,https://polymarket.com/event/democratic-presidential-nominee-2028/will-jb-pritzker-win-the-2028-democratic-presidential-nomination-288,,Will J.B. Pritzker win the 2028 Democratic presidential nomination?,J.B. Pritzker,30829,Democratic Presidential Nominee 2028,democratic-presidential-nominee-2028,Democratic Presidential Nominee 2028,,[],open,binary,0.012,0.015,0.014,0.0135,0.9865,0.0135,0.003,15641915.450963981,44885.353933000006,,316177.14628,2025-07-11T18:36:09.214Z,2028-11-07T00:00:00Z,2028-11-07T00:00:00Z,,,,,,,,,2026-09-10T16:38:51+00:00,0.4,"[""Yes"", ""No""]","[0.0135, 0.9865]",103988345069738240821107916249290759786442703283901164377120414690701074137717
kalshi,KXMLBKS-26SEP101215TBATL-TBNMARTINEZ28-4,https://kalshi.com/markets/kxmlbks/pro-baseball-strikeouts,https://kalshi.com/markets/kxmlbks/pro-baseball-strikeouts/kxmlbks-26sep101215tbatl,Nick Martinez: 4+ strikeouts?,Nick Martinez: 4+,KXMLBKS-26SEP101215TBATL,Tampa Bay vs Atlanta: Strikeouts,KXMLBKS,Pro Baseball Strikeouts,Sports,"[""Baseball""]",open,binary,0.55,0.6,0.59,0.575,0.425,0.575,0.05,44969.07,44837.77,30260,0,2026-09-10T04:25:00Z,2026-09-13T16:15:00Z,2026-09-13T16:15:00Z,,,,greater,3.5,,,True,2026-09-10T16:38:52+00:00,,,,
polymarket,0x51e2166dcbdad4a406a8ee912ef420f5dc6dd7d4db12cc5fdaeab53d23ed59a8,https://polymarket.com/event/elon-musk-of-tweets-september-4-september-11-2026/elon-musk-of-tweets-september-4-september-11-2026-220-239,,"Will Elon Musk post 220-239 tweets from September 4 to September 11, 2026?",220-239,945718,"Elon Musk # tweets September 4 - September 11, 2026?",elon-musk-of-tweets-september-4-september-11-2026,"Elon Musk # tweets September 4 - September 11, 2026?",,[],open,binary,0.008,0.009,0.008,0.0085,0.9915,0.0085,0.001,99312.87588199995,44693.660455000005,,16481.56766,2026-09-01T04:00:34Z,2026-09-11T16:00:00Z,2026-09-11T16:00:00Z,,,,,,,,,2026-09-10T16:38:51+00:00,-2.1,"[""Yes"", ""No""]","[0.0085, 0.9915]",50236747153143921558331254753436158313449128271368664187241680041704770824181
polymarket,0xe188edd9f37195da687d03e0f40330eb3aa18fb97960471051305cc5056f2879,https://polymarket.com/event/what-price-will-wti-hit-in-september-2026/will-wti-reach-105-in-september-2026,,Will WTI Crude Oil (WTI) hit (HIGH) $105 in September?,↑ $105,907966,What will WTI Crude Oil (WTI) hit in September 2026?,what-price-will-wti-hit-in-september-2026,What will WTI Crude Oil (WTI) hit in September 2026?,,[],open,binary,0.623,0.647,0.648,0.635,0.365,0.635,0.024,203063.8426399999,44609.78120699999,,36110.13358,2026-08-28T16:44:58Z,2026-10-01T03:59:59.999Z,2026-10-01T03:59:59.999Z,,,,,,,,,2026-09-10T16:38:51+00:00,33.7,"[""Yes"", ""No""]","[0.635, 0.365]",71199490957924041886735411161957276777778685991536415526722488030509401889440
kalshi,KXPRESNOMD-28-WM,https://kalshi.com/markets/kxpresnomd/democratic-primary-winner,https://kalshi.com/markets/kxpresnomd/democratic-primary-winner/kxpresnomd-28,Will Wes Moore be the Democratic Presidential nominee in 2028?,Wes Moore,KXPRESNOMD-28,2028 Democratic presidential nominee,KXPRESNOMD,Democratic Primary winner,Elections,"[""2028"", ""US Elections""]",open,binary,0.022,0.023,0.023,0.0225,0.9775,0.0225,0.001,4812917.72,44398.78,3479276.25,0,2024-11-06T15:00:00Z,2028-11-07T15:00:00Z,2028-11-07T15:00:00Z,,,,custom,,,,True,2026-09-10T16:40:30+00:00,,,,
polymarket,0x06a3407e2639729c2aefa0d124f4cec064875f47fb0a85e3b3a82978878e5a12,https://polymarket.com/event/2026-womens-us-open-winner-tennis/will-elena-rybakina-win-the-2026-womens-us-open,,Will Elena Rybakina win the 2026 Women’s US Open?,Elena Rybakina,139255,2026 Women’s US Open Winner (Tennis),2026-womens-us-open-winner-tennis,2026 Women’s US Open Winner (Tennis),,[],open,binary,0.267,0.268,0.267,0.2675,0.7325,0.2675,0.001,448209.68341700005,44279.316169,,114677.52004,2026-01-02T20:35:29.355509Z,2026-09-13T00:00:00Z,2026-09-13T00:00:00Z,,,,,,,,,2026-09-10T16:38:51+00:00,13.05,"[""Yes"", ""No""]","[0.2675, 0.7325]",57315980911448324494504383860157479214263362295631111118265230561674370667205
kalshi,KXNBA-27-MIA,https://kalshi.com/markets/kxnba/pro-basketball-champion,https://kalshi.com/markets/kxnba/pro-basketball-champion/kxnba-27,Will Miami win the 2027 Pro Basketball Finals?,Miami,KXNBA-27,2027 Pro Basketball Champion,KXNBA,Pro Basketball Champion,Sports,"[""Basketball""]",open,binary,0.04,0.05,0.04,0.045,0.955,0.045,0.01,2538216.04,44276.72,1704233.83,0,2026-06-14T08:00:00Z,2029-07-30T14:00:00Z,2029-07-30T14:00:00Z,,,,structured,,,,True,2026-09-10T16:40:05+00:00,,,,
kalshi,KXDPWORLDTOUR-AMIO26-RHJG,https://kalshi.com/markets/kxdpworldtour/dp-world-tour-tournament-winner,https://kalshi.com/markets/kxdpworldtour/dp-world-tour-tournament-winner/kxdpworldtour-amio26,Will Rasmus Højgaard win the Amgen Irish Open?,Rasmus Højgaard,KXDPWORLDTOUR-AMIO26,Amgen Irish Open Winner,KXDPWORLDTOUR,DP World Tour Tournament Winner,Sports,"[""Golf""]",open,binary,0.02,0.021,0.021,0.0205,0.9795,0.0205,0.001,77041.42,44193.62,75973.78,0,2026-09-05T16:05:00Z,2026-09-27T00:00:00Z,2026-09-27T00:00:00Z,,,,structured,,,,True,2026-09-10T16:39:19+00:00,,,,
polymarket,0x080f88cba04f2747197abb14c503496c22944c3bdd91ec9ad4cb25ed5c19b04e,https://polymarket.com/event/bitcoin-above-on-september-11-2026/bitcoin-above-74k-on-september-11-2026,,"Will the price of Bitcoin be above $74,000 on September 11?","74,000",964867,Bitcoin above ___ on September 11?,bitcoin-above-on-september-11-2026,Bitcoin above ___ on September 11?,,[],open,binary,0.953,0.962,0.967,0.9575,0.0425,0.9575,0.009,62112.929518000004,44072.561943,,33052.10784,2026-09-04T16:00:20Z,2026-09-11T16:00:00Z,2026-09-11T16:00:00Z,,,,,,,,,2026-09-10T16:38:51+00:00,-1.1,"[""Yes"", ""No""]","[0.9575, 0.0425]",96005648982862320552914276428741923404100126278017316317574668853626467581873
polymarket,0x25b2b277e671197e7b9ed3671bb2a51fe1aa0666bd729b57a70af19e0e0e265f,https://polymarket.com/event/will-apple-release-a-foldable-iphone-before-2027/will-apple-release-a-foldable-iphone-by-october-31,,Will Apple release a foldable iPhone by October 31?,October 31,103468,Will Apple release a foldable iPhone by...?,will-apple-release-a-foldable-iphone-before-2027,Will Apple release a foldable iPhone by...?,,[],open,binary,0.991,0.992,0.992,0.9915,0.0085,0.9915,0.001,71374.036352,44032.62843,,17888.2504,2026-09-05T18:49:07Z,2026-10-31T23:59:00Z,2026-10-31T23:59:00Z,,,,,,,,,2026-09-10T16:38:51+00:00,10.55,"[""Yes"", ""No""]","[0.9915, 0.0085]",114248477943306970222801446407854064615090687971567511853418332617367425107208
kalshi,KXITFWMATCH-26SEP10MARROU-MAR,https://kalshi.com/markets/kxitfwmatch/itf-women-s-match,https://kalshi.com/markets/kxitfwmatch/itf-women-s-match/kxitfwmatch-26sep10marrou,Carlota Martinez Cirez wins,Carlota Martinez Cirez,KXITFWMATCH-26SEP10MARROU,Martinez Cirez vs Roura Llaverias,KXITFWMATCH,ITF Women's Match,Sports,"[""Tennis""]",open,binary,0.89,0.9,0.89,0.895,0.105,0.895,0.01,48145.63,43993.74,22684.47,0,2026-09-09T23:13:00Z,2026-09-24T15:00:00Z,2026-09-24T15:00:00Z,,,,structured,,,,True,2026-09-10T16:38:53+00:00,,,,
kalshi,KXBTCD-26SEP1017-T78999.99,https://kalshi.com/markets/kxbtcd/bitcoin-price-above-below,https://kalshi.com/markets/kxbtcd/bitcoin-price-above-below/kxbtcd-26sep1017,"Bitcoin price on Sep 10, 2026?","$79,000 or above",KXBTCD-26SEP1017,"BTC price on Sep 10, 2026 at 5pm EDT?",KXBTCD,Bitcoin price Above/below,Crypto,"[""Hourly"", ""BTC""]",open,binary,0.01,0.02,0.02,0.015,0.985,0.015,0.01,43986.55,43986.55,22351.34,0,2026-09-09T20:00:00Z,2026-09-10T21:00:00Z,2026-09-17T21:00:00Z,,,,greater,78999.99,,BRTI,True,2026-09-10T16:39:01+00:00,,,,
kalshi,KXBTCD-26SEP1117-T79999.99,https://kalshi.com/markets/kxbtcd/bitcoin-price-above-below,https://kalshi.com/markets/kxbtcd/bitcoin-price-above-below/kxbtcd-26sep1117,"Bitcoin price on Sep 11, 2026?","$80,000 or above",KXBTCD-26SEP1117,"BTC price on Sep 11, 2026 at 5pm EDT?",KXBTCD,Bitcoin price Above/below,Crypto,"[""Hourly"", ""BTC""]",open,binary,0.06,0.08,0.08,0.07,0.93,0.07,0.02,151621.64,43905.19,41009.23,0,2026-09-04T20:00:00Z,2026-09-11T21:00:00Z,2026-09-18T21:00:00Z,,,,greater,79999.99,,BRTI,True,2026-09-10T16:39:24+00:00,,,,
polymarket,0x386eb32e785cf411afa27e21432b3dfa0b43e36642716d9efb4864f22b90d4d6,https://polymarket.com/event/ucl-psv-shd-2026-09-10-more-markets/ucl-psv-shd-2026-09-10-btts,,PSV vs. FK Shakhtar Donetsk: Both Teams to Score,Both Teams to Score,931865,PSV vs. FK Shakhtar Donetsk - More Markets,ucl-psv-shd-2026-09-10-more-markets,PSV vs. FK Shakhtar Donetsk - More Markets,,[],open,binary,0.63,0.65,0.64,0.64,0.36,0.64,0.02,43882.255418,43779.24977000001,,102307.0914,2026-08-29T18:16:02Z,2026-09-10T16:45:00Z,2026-09-10T16:45:00Z,,,,,,,,,2026-09-10T16:38:51+00:00,5,"[""Yes"", ""No""]","[0.64, 0.36]",80050185679949306100697699542939876359331493915778165144178732484184731498908
polymarket,0x39a473e1988c7734172237b278e11ff3df2153f23f7fea9fd3b320ec48f61ce9,https://polymarket.com/event/crint-ind3-bgd3-2026-09-10/crint-ind3-bgd3-2026-09-10,,"T20 Asia Cup, Women: India vs Bangladesh",,990624,"T20 Asia Cup, Women: India vs Bangladesh",crint-ind3-bgd3-2026-09-10,"T20 Asia Cup, Women: India vs Bangladesh",,[],open,binary,0.947,0.971,0.961,0.959,0.041,0.959,0.024,44225.949886999995,43581.324587999996,,79739.16335,2026-09-08T20:16:13Z,2026-09-17T10:30:00Z,2026-09-17T10:30:00Z,,,,,,,,,2026-09-10T16:38:51+00:00,1.9,"[""India"", ""Bangladesh""]","[0.959, 0.041]",95281660468962221361339498906939322261022643764480213204184813101728154249183
kalshi,KXMLBF5-26SEP101905COLNYY-NYY,https://kalshi.com/markets/kxmlbf5/first-5-innings-winner,https://kalshi.com/markets/kxmlbf5/first-5-innings-winner/kxmlbf5-26sep101905colnyy,New York Y first 5 innings winner,New York Y wins first 5 innings,KXMLBF5-26SEP101905COLNYY,Colorado vs New York Y: First 5 Innings,KXMLBF5,First 5 Innings Winner,Sports,"[""Baseball""]",open,binary,0.63,0.64,0.64,0.635,0.365,0.635,0.01,43706.77,43552.47,35340.77,0,2026-09-09T17:51:00Z,2026-09-13T23:05:00Z,2026-09-13T23:05:00Z,,,,structured,,,,True,2026-09-10T16:38:56+00:00,,,,
kalshi,KXITFWMATCH-26SEP10MARROU-ROU,https://kalshi.com/markets/kxitfwmatch/itf-women-s-match,https://kalshi.com/markets/kxitfwmatch/itf-women-s-match/kxitfwmatch-26sep10marrou,Ruth Roura Llaverias wins,Ruth Roura Llaverias,KXITFWMATCH-26SEP10MARROU,Martinez Cirez vs Roura Llaverias,KXITFWMATCH,ITF Women's Match,Sports,"[""Tennis""]",open,binary,0.1,0.11,0.11,0.105,0.895,0.105,0.01,48321.61,43398.19,26244.42,0,2026-09-09T23:13:00Z,2026-09-24T15:00:00Z,2026-09-24T15:00:00Z,,,,structured,,,,True,2026-09-10T16:38:53+00:00,,,,
kalshi,KXNFLNFCCHAMP-27-DAL,https://kalshi.com/markets/kxnflnfcchamp/national-football-conference-champion,https://kalshi.com/markets/kxnflnfcchamp/national-football-conference-champion/kxnflnfcchamp-27,Will Dallas win the Pro Football NFC Championship?,Dallas,KXNFLNFCCHAMP-27,NFC Championship Winner,KXNFLNFCCHAMP,National Football Conference Champion,Sports,"[""Football""]",open,binary,0.07,0.08,0.08,0.075,0.925,0.075,0.01,945648.63,43161.62,553870.98,0,2026-02-07T15:00:00Z,2027-02-22T15:00:00Z,2027-02-22T15:00:00Z,,,,structured,,,,True,2026-09-10T16:40:23+00:00,,,,
polymarket,0x913581dc6f16ad7018bbfb51f6e2fa0a4bdd305212ef7976efb5cf0209304cb6,https://polymarket.com/event/what-price-will-bitcoin-hit-in-september-2026/will-bitcoin-reach-100k-in-september-2026,,"Will Bitcoin reach $100,000 in September?","↑ 100,000",946004,What price will Bitcoin hit in September?,what-price-will-bitcoin-hit-in-september-2026,What price will Bitcoin hit in September?,,[],open,binary,0.017,0.021,0.02,0.019,0.981,0.019,0.004,366827.33604799985,42898.741054000006,,133903.0776,2026-09-01T05:07:13Z,2026-10-01T04:00:00Z,2026-10-01T04:00:00Z,,,,,,,,,2026-09-10T16:38:51+00:00,-1.6,"[""Yes"", ""No""]","[0.019, 0.981]",8311037427502185580288498577713852658107445693333243027687152653006657478496
polymarket,0x8993fe75e5079e37bd765ec45548184645d3fdc6efef9f7302a95ba8113efa8a,https://polymarket.com/event/will-apple-release-iphone-18-in-2026/will-apple-release-iphone-18-in-2026,,Will Apple release iPhone 18 in 2026?,,103636,Will Apple release iPhone 18 in 2026?,will-apple-release-iphone-18-in-2026,Will Apple release iPhone 18 in 2026?,,[],open,binary,0.999,1,0.998,0.9995,0.0005,0.9995,0.001,235392.363993,42530.126667000004,,22074.56098,2025-12-12T22:54:05.597Z,2027-01-01T04:59:00Z,2027-01-01T04:59:00Z,,,,,,,,,2026-09-10T16:38:51+00:00,0.35,"[""Yes"", ""No""]","[0.9995, 0.0005]",78750942830446509475240189541045875612278965635577311919941808828698157936425
kalshi,KXDPWORLDTOURR1LEAD-AMIO26-JRAH,https://kalshi.com/markets/kxdpworldtourr1lead/dp-world-tour-r1-leader,https://kalshi.com/markets/kxdpworldtourr1lead/dp-world-tour-r1-leader/kxdpworldtourr1lead-amio26,Jon Rahm leads at the end of Round 1,Jon Rahm,KXDPWORLDTOURR1LEAD-AMIO26,Amgen Irish Open End of Round 1 Leader,KXDPWORLDTOURR1LEAD,DP World Tour R1 Leader,Sports,"[""Golf""]",open,binary,0,0.003,0.013,0.0015,0.9985,0.0015,0.003,53347.92,42459.33,52511.8,0,2026-09-07T00:10:00Z,2026-09-27T00:00:00Z,2026-09-27T00:00:00Z,,,,structured,,,,True,2026-09-10T16:39:15+00:00,,,,
polymarket,0xd4e77ba6f29fc093509d24f508631abd445ecf506bbdc9c4c80e60256a318527,https://polymarket.com/event/how-many-fed-rate-cuts-in-2026/will-no-fed-rate-cuts-happen-in-2026,,Will no Fed rate cuts happen in 2026?,0 (0 bps),51456,How many Fed rate cuts in 2026?,how-many-fed-rate-cuts-in-2026,How many Fed rate cuts in 2026?,,[],open,binary,0.931,0.932,0.932,0.9315,0.0685,0.9315,0.001,8228005.226987002,42414.274885,,182397.1665,2025-09-29T22:24:45.988997Z,2026-12-31T00:00:00Z,2026-12-31T00:00:00Z,,,,,,,,,2026-09-10T16:38:51+00:00,0.3,"[""Yes"", ""No""]","[0.9315, 0.0685]",12403602920039269077597917340921667997547115084613238528792639013246536343316
polymarket,0x7654f6ce79f22b66cb2f223b241bc0c96f46245fb8e66f25b189c026a51934c3,https://polymarket.com/event/spx-up-or-down-on-september-10-2026/spx-up-or-down-on-september-10-2026,,S&P 500 (SPX) Up or Down on September 10?,,993487,S&P 500 (SPX) Up or Down on September 10?,spx-up-or-down-on-september-10-2026,S&P 500 (SPX) Up or Down on September 10?,,[],open,binary,0.024,0.034,0.05,0.029,0.971,0.029,0.01,42228.84824699998,42228.848246999994,,13433.48883,2026-09-09T12:00:55Z,2026-09-10T20:00:00Z,2026-09-10T20:00:00Z,,,,,,,,,2026-09-10T16:38:51+00:00,-34.6,"[""Up"", ""Down""]","[0.029, 0.971]",110916804217000164483616625625652856606569172333498830562036530443635672183703
polymarket,0x537df24dbae425e973a421983b6ee570d582cac06b5fdbebef099d3d07913985,https://polymarket.com/event/which-company-has-the-best-ai-model-end-of-september-20260717143435868/will-anthropic-have-the-best-ai-model-at-the-end-of-september-2026-20260717143137053,,Will Anthropic have the best AI model at the end of September 2026?,Anthropic,727186,Which company has the best AI model end of September?,which-company-has-the-best-ai-model-end-of-september-20260717143435868,Which company has the best AI model end of September?,,[],open,binary,0.87,0.88,0.88,0.875,0.125,0.875,0.01,625110.2679239999,42176.149804,,109045.8471,2026-07-21T00:30:47.601594Z,2026-10-01T03:59:00Z,2026-10-01T03:59:00Z,,,,,,,,,2026-09-10T16:38:51+00:00,-2,"[""Yes"", ""No""]","[0.875, 0.125]",114976310403134140071475285729050128086700898119247346798479138721789575328536
kalshi,KXDPWORLDTOUR-AMIO26-CJAR,https://kalshi.com/markets/kxdpworldtour/dp-world-tour-tournament-winner,https://kalshi.com/markets/kxdpworldtour/dp-world-tour-tournament-winner/kxdpworldtour-amio26,Will Casey Jarvis win the Amgen Irish Open?,Casey Jarvis,KXDPWORLDTOUR-AMIO26,Amgen Irish Open Winner,KXDPWORLDTOUR,DP World Tour Tournament Winner,Sports,"[""Golf""]",open,binary,0.002,0.004,0.003,0.003,0.997,0.003,0.002,69362.47,42113.56,65254.16,0,2026-09-05T16:05:00Z,2026-09-27T00:00:00Z,2026-09-27T00:00:00Z,,,,structured,,,,True,2026-09-10T16:39:19+00:00,,,,
polymarket,0xc4cc6d2ddca13b7194a7737e331aa8109575cdc38d02bd6be31a5a47d1b34520,https://polymarket.com/event/what-price-will-bitcoin-hit-in-september-2026/will-bitcoin-reach-82pt5k-in-september-2026,,"Will Bitcoin reach $82,500 in September?","↑ 82,500",946004,What price will Bitcoin hit in September?,what-price-will-bitcoin-hit-in-september-2026,What price will Bitcoin hit in September?,,[],open,binary,0.4,0.41,0.4,0.405,0.595,0.405,0.01,406388.94724000007,41977.20098599999,,74500.2654,2026-09-01T05:07:18Z,2026-10-01T04:00:00Z,2026-10-01T04:00:00Z,,,,,,,,,2026-09-10T16:38:51+00:00,-18.5,"[""Yes"", ""No""]","[0.405, 0.595]",53215408497553350036933045219943771968236137036851543128018382156435662039010
polymarket,0x316e9814c2c7bd097479d086045320fa320ba0e2797d20a8f8a1ee589dd188a3,https://polymarket.com/event/cs2-revise-ttbs-2026-09-10/cs2-revise-ttbs-2026-09-10,,Counter-Strike: Revise vs Teletubisie (BO3) - Exort Fiesta Closed Qualifier: Series #2 Play-In,Match Winner,997772,Counter-Strike: Revise vs Teletubisie (BO3) - Exort Fiesta Closed Qualifier: Series #2 Play-In,cs2-revise-ttbs-2026-09-10,Counter-Strike: Revise vs Teletubisie (BO3) - Exort Fiesta Closed Qualifier: Series #2 Play-In,,[],open,binary,0.28,0.3,0.38,0.29,0.71,0.29,0.02,41554.90143499999,41956.90143499999,,2962.4393,2026-09-10T05:55:31Z,2026-09-10T20:20:00Z,2026-09-10T20:20:00Z,,,,,,,,,2026-09-10T16:38:51+00:00,,"[""Revise"", ""Teletubisie""]","[0.29, 0.71]",38190366533887750510231664733869734708744900882352335808886658853720539117424
polymarket,0x941d591911bb9d164b555690ecb2d90dd07d8117e5fb412a89dc838153dd1a21,https://polymarket.com/event/bitcoin-above-on-september-11-2026/bitcoin-above-82k-on-september-11-2026,,"Will the price of Bitcoin be above $82,000 on September 11?","82,000",964867,Bitcoin above ___ on September 11?,bitcoin-above-on-september-11-2026,Bitcoin above ___ on September 11?,,[],open,binary,0.006,0.009,0.006,0.0075,0.9925,0.0075,0.003,57098.33732500001,41798.191761,,41319.76226,2026-09-04T16:00:20Z,2026-09-11T16:00:00Z,2026-09-11T16:00:00Z,,,,,,,,,2026-09-10T16:38:51+00:00,-10.25,"[""Yes"", ""No""]","[0.0075, 0.9925]",67372288120838257013501330445358899431117570129397023320152043118134236060373
polymarket,0xe4449952cf52199862a25d3d513a1b7c852f4b9f943855172ac8b43fee5ec27f,https://polymarket.com/event/spy-up-or-down-on-september-10-2026/spy-up-or-down-on-september-10-2026,,SPY (SPY) Up or Down on September 10?,,993505,SPY (SPY) Up or Down on September 10?,spy-up-or-down-on-september-10-2026,SPY (SPY) Up or Down on September 10?,,[],open,binary,0.02,0.03,0.054,0.025,0.975,0.025,0.01,41766.06590599999,41766.06590600001,,26714.02153,2026-09-09T12:01:07Z,2026-09-10T20:00:00Z,2026-09-10T20:00:00Z,,,,,,,,,2026-09-10T16:38:51+00:00,-32.5,"[""Up"", ""Down""]","[0.025, 0.975]",32718448757826038412076829579966496964629608114783103008100142334076634217953
kalshi,KXWTA-26USO-SAB,https://kalshi.com/markets/kxwta/women-s-tournament-winner,https://kalshi.com/markets/kxwta/women-s-tournament-winner/kxwta-26uso,Will Aryna Sabalenka win the US Open Women's Singles?,Aryna Sabalenka,KXWTA-26USO,US Open Women's Singles Winner,KXWTA,Women's Tournament Winner,Sports,"[""Tennis""]",open,binary,0.37,0.38,0.38,0.375,0.625,0.375,0.01,590643.55,41765.57,365763.11,0,2026-06-08T17:00:00Z,2026-09-27T02:00:00Z,2026-09-27T02:00:00Z,,,,structured,,,,True,2026-09-10T16:40:06+00:00,,,,
kalshi,KXINXU-26SEP10H1600-T7664.9999,https://kalshi.com/markets/kxinxu/s-p-500-above-below,https://kalshi.com/markets/kxinxu/s-p-500-above-below/kxinxu-26sep10h1600,"Will the S&P 500 be above 7664.9999 on Sep 10, 2026 at 4pm EDT?","7,665 or above",KXINXU-26SEP10H1600,"S&P price on Sep 10, 2026 at 4pm EDT?",KXINXU,S&P 500 above/below,Financials,"[""Markets"", ""Indices""]",open,binary,0,0.02,0.01,0.01,0.99,0.01,0.02,41104.65,41104.65,4292.91,0,2026-09-09T20:00:00Z,2026-09-10T20:00:00Z,2026-09-17T23:00:00Z,,,,greater_or_equal,7665,,,True,2026-09-10T16:39:02+00:00,,,,
kalshi,KXMLBHR-26SEP101215TBATL-ATLRACUNA13-1,https://kalshi.com/markets/kxmlbhr/pro-baseball-home-runs,https://kalshi.com/markets/kxmlbhr/pro-baseball-home-runs/kxmlbhr-26sep101215tbatl,Ronald Acuña Jr.: 1+ home runs?,Ronald Acuña Jr.: 1+,KXMLBHR-26SEP101215TBATL,Tampa Bay vs Atlanta: Home Runs,KXMLBHR,Pro Baseball Home Runs,Sports,"[""Baseball""]",open,binary,0.13,0.14,0.14,0.135,0.865,0.135,0.01,42534.24,41044.15,41517.68,0,2026-09-10T04:40:00Z,2026-09-13T16:15:00Z,2026-09-13T16:15:00Z,,,,greater,0.5,,,True,2026-09-10T16:38:52+00:00,,,,
kalshi,KXEPLGAME-26SEP12SUNARS-ARS,https://kalshi.com/markets/kxeplgame/english-premier-league-game,https://kalshi.com/markets/kxeplgame/english-premier-league-game/kxeplgame-26sep12sunars,Arsenal wins,Arsenal,KXEPLGAME-26SEP12SUNARS,Sunderland vs Arsenal,KXEPLGAME,English Premier League Game,Sports,"[""Soccer""]",open,binary,0.66,0.67,0.67,0.665,0.335,0.665,0.01,119780.53,41036.02,112825.83,0,2026-08-29T00:43:00Z,2026-09-15T01:00:00Z,2026-09-15T01:00:00Z,,,,structured,,,,True,2026-09-10T16:39:34+00:00,,,,
kalshi,KXNFLNFCWEST-27-LAR,https://kalshi.com/markets/kxnflnfcwest/national-football-conference-west-winner,https://kalshi.com/markets/kxnflnfcwest/national-football-conference-west-winner/kxnflnfcwest-27,Will Los Angeles R win the Pro Football NFC West Division?,Los Angeles R,KXNFLNFCWEST-27,NFC West Division Winner,KXNFLNFCWEST,National Football Conference West Winner,Sports,"[""Football""]",open,binary,0.54,0.55,0.55,0.545,0.455,0.545,0.01,199232.19,40723.63,123169.12,0,2026-02-10T15:00:00Z,2027-01-25T15:00:00Z,2027-01-25T15:00:00Z,,,,structured,,,,True,2026-09-10T16:40:23+00:00,,,,
kalshi,KXEPLGAME-26SEP12LFCFUL-LFC,https://kalshi.com/markets/kxeplgame/english-premier-league-game,https://kalshi.com/markets/kxeplgame/english-premier-league-game/kxeplgame-26sep12lfcful,Liverpool wins,Liverpool,KXEPLGAME-26SEP12LFCFUL,Liverpool vs Fulham,KXEPLGAME,English Premier League Game,Sports,"[""Soccer""]",open,binary,0.68,0.69,0.69,0.685,0.315,0.685,0.01,87269.51,40686.32,69744.82,0,2026-08-29T00:43:00Z,2026-09-14T20:00:00Z,2026-09-14T20:00:00Z,,,,structured,,,,True,2026-09-10T16:39:34+00:00,,,,
kalshi,KXUCLBTTS-26SEP10BMUBOG-BTTS,https://kalshi.com/markets/kxuclbtts/champions-league-btts,https://kalshi.com/markets/kxuclbtts/champions-league-btts/kxuclbtts-26sep10bmubog,Both Teams To Score,Both Teams To Score,KXUCLBTTS-26SEP10BMUBOG,Bayern Munich vs Bodoe/Glimt: BTTS,KXUCLBTTS,Champions League BTTS,Sports,"[""Soccer""]",open,binary,0.56,0.57,0.57,0.565,0.435,0.565,0.01,44532.48,40651.71,39010.33,0,2026-09-07T19:07:00Z,2026-09-13T01:00:00Z,2026-09-13T01:00:00Z,,,,,,,,True,2026-09-10T16:39:12+00:00,,,,
polymarket,0x176e84015b1cc54d470836ef1d8a60753e17fa232d9b55e9aa8dde580d03f436,https://polymarket.com/event/friedrich-merz-out-as-chancellor-of-germany-before-2027/friedrich-merz-out-as-chancellor-of-germany-before-2027,,Friedrich Merz out as Chancellor of Germany before 2027?,,73223,Friedrich Merz out as Chancellor of Germany before 2027?,friedrich-merz-out-as-chancellor-of-germany-before-2027,Friedrich Merz out as Chancellor of Germany before 2027?,,[],open,binary,0.15,0.16,0.16,0.155,0.845,0.155,0.01,1054531.924515,40644.663339,,106000.1568,2025-11-05T19:35:55.838Z,2027-01-01T04:59:00Z,2027-01-01T04:59:00Z,,,,,,,,,2026-09-10T16:38:51+00:00,-1,"[""Yes"", ""No""]","[0.155, 0.845]",27554074579538085152312757613342843137057353684724415806149658005255326639761
kalshi,KXFIRSTHURRICANE-26DEC01ATL-BER,https://kalshi.com/markets/kxfirsthurricane/first-hurricane,https://kalshi.com/markets/kxfirsthurricane/first-hurricane/kxfirsthurricane-26dec01atl,Will Bertha be the first named hurricane in the Atlantic in 2026?,Bertha,KXFIRSTHURRICANE-26DEC01ATL,What will be the name of the first hurricane in the Atlantic this year?,KXFIRSTHURRICANE,First Hurricane,Climate and Weather,"[""Hurricanes""]",open,binary,0,0.01,0.01,0.005,0.995,0.005,0.01,152100.86,40575.36,64044.32,0,2026-05-15T22:00:00Z,2026-12-01T15:00:00Z,2026-12-08T15:00:00Z,,,,custom,,,,True,2026-09-10T16:40:09+00:00,,,,
kalshi,KXNCAAFB12-26-ARIZ,https://kalshi.com/markets/kxncaafb12/big-12-champion,https://kalshi.com/markets/kxncaafb12/big-12-champion/kxncaafb12-26,Will Arizona win the College Football Big 12 Championship?,Arizona,KXNCAAFB12-26,College Football Big 12 Championship Winner,KXNCAAFB12,Big 12 Champion,Sports,"[""Football""]",open,binary,0.02,0.03,0.04,0.025,0.975,0.025,0.01,202235.99,40511,185958.82,0,2026-01-24T15:00:00Z,2027-01-02T15:00:00Z,2027-01-02T15:00:00Z,,,,structured,,,,True,2026-09-10T16:40:25+00:00,,,,
kalshi,KXNFLFIRSTTD-26SEP10SFLAR-SFJTONGES88,https://kalshi.com/markets/kxnflfirsttd/pro-football-first-touchdown,https://kalshi.com/markets/kxnflfirsttd/pro-football-first-touchdown/kxnflfirsttd-26sep10sflar,Jake Tonges: 1st Touchdown,Jake Tonges,KXNFLFIRSTTD-26SEP10SFLAR,San Francisco vs Los Angeles R: First Touchdown,KXNFLFIRSTTD,Pro Football First Touchdown,Sports,"[""Football""]",open,binary,0.01,0.02,0.02,0.015,0.985,0.015,0.01,52359.21,40259.68,50425.51,0,2026-09-02T21:39:00Z,2026-09-13T00:35:00Z,2026-09-13T00:35:00Z,,,,structured,,,,True,2026-09-10T16:39:26+00:00,,,,
polymarket,0xd10bc768ede58b53ed400594240b0a0603134a32dab89ec823a18759cbc180ca,https://polymarket.com/event/republican-presidential-nominee-2028/will-rand-paul-win-the-2028-republican-presidential-nomination,,Will Rand Paul win the 2028 Republican presidential nomination?,Rand Paul,31875,Republican Presidential Nominee 2028,republican-presidential-nominee-2028,Republican Presidential Nominee 2028,,[],open,binary,0.002,0.003,0.003,0.0025,0.9975,0.0025,0.001,19528420.917302012,40154.733001,,1463681.13382,2025-07-11T19:42:30.592Z,2028-11-07T00:00:00Z,2028-11-07T00:00:00Z,,,,,,,,,2026-09-10T16:38:51+00:00,,"[""Yes"", ""No""]","[0.0025, 0.9975]",56369772478534954338683665819559528414197495274302917800610633957542171787417
kalshi,KXCRYPTOSTRUCTURE-26JAN-OCT,https://kalshi.com/markets/kxcryptostructure/crypto-market-structure,https://kalshi.com/markets/kxcryptostructure/crypto-market-structure/kxcryptostructure-26jan,"Will a crypto market structure bill becomes law before Oct 1, 2026?","Before Oct 1, 2026",KXCRYPTOSTRUCTURE-26JAN,Will the Clarity Act become law?,KXCRYPTOSTRUCTURE,Crypto market structure,Politics,"[""Congress""]",open,binary,0.01,0.03,0.03,0.02,0.98,0.02,0.02,676367.01,40121.61,449945.62,0,2026-07-13T16:00:00Z,2026-10-01T14:00:00Z,2026-10-01T14:00:00Z,,,,,,,,True,2026-09-10T16:40:00+00:00,,,,
kalshi,KXHEISMAN-27-MTONE,https://kalshi.com/markets/kxheisman/heisman-trophy-winner,https://kalshi.com/markets/kxheisman/heisman-trophy-winner/kxheisman-27,Who will win Heisman Trophy?,Malachi Toney,KXHEISMAN-27,Heisman Trophy Winner,KXHEISMAN,Heisman Trophy Winner,Sports,"[""Football""]",open,binary,0.06,0.07,0.07,0.065,0.935,0.065,0.01,1472247.48,40087.64,1286304.56,0,2026-01-05T18:30:00Z,2027-01-01T15:00:00Z,2027-01-15T15:00:00Z,,,,custom,,,,True,2026-09-10T16:40:26+00:00,,,,
polymarket,0x81abced7844db393a6e6db6ec25cc04bbe95f782b932dc98892a14b905433a70,https://polymarket.com/event/ucl-fen-rom-2026-09-10-more-markets/ucl-fen-rom-2026-09-10-total-2pt5,,Fenerbahçe SK vs. AS Roma: O/U 2.5,O/U 2.5,931866,Fenerbahçe SK vs. AS Roma - More Markets,ucl-fen-rom-2026-09-10-more-markets,Fenerbahçe SK vs. AS Roma - More Markets,,[],open,binary,0.61,0.62,0.62,0.615,0.385,0.615,0.01,40707.798919,40061.364512,,144019.9003,2026-08-29T18:16:06Z,2026-09-10T16:45:00Z,2026-09-10T16:45:00Z,,,,,,,,,2026-09-10T16:38:51+00:00,6,"[""Over"", ""Under""]","[0.615, 0.385]",43168317421298983578935893976032778237703842563185326395657910909747279412359
kalshi,KXUCL-27-VFB,https://kalshi.com/markets/kxucl/uefa-champions-league,https://kalshi.com/markets/kxucl/uefa-champions-league/kxucl-27,Will Stuttgart win the Champions League?,Stuttgart,KXUCL-27,Champions League Winner,KXUCL,UEFA Champions League,Sports,"[""Soccer""]",open,binary,0,0.01,0.01,0.005,0.995,0.005,0.01,98510.75,40000,98510.75,0,2026-06-03T23:20:00Z,2027-06-19T21:00:00Z,2027-06-19T21:00:00Z,,,,structured,,,,True,2026-09-10T16:40:06+00:00,,,,
polymarket,0x46f2f457e14ee9021ebd0ef4c27eacd98fdceaf7f2938b484e2551e9e3275ae8,https://polymarket.com/event/next-french-presidential-election/will-douard-philippe-win-the-2027-french-presidential-election,,Will Édouard Philippe win the 2027 French presidential election?,Édouard Philippe,79987,Next French Presidential Election,next-french-presidential-election,Next French Presidential Election,,[],open,binary,0.3,0.31,0.31,0.305,0.695,0.305,0.01,1572897.679669,39589.824653,,164532.4206,2025-11-13T23:09:38.980334Z,2027-04-30T00:00:00Z,2027-04-30T00:00:00Z,,,,,,,,,2026-09-10T16:38:51+00:00,1,"[""Yes"", ""No""]","[0.305, 0.695]",84846382165343032223975853870946110241285484772019446686866815597350660955868
kalshi,KXLALIGAGAME-26SEP13RMARVC-RMA,https://kalshi.com/markets/kxlaligagame/la-liga-game,https://kalshi.com/markets/kxlaligagame/la-liga-game/kxlaligagame-26sep13rmarvc,Real Madrid wins,Real Madrid,KXLALIGAGAME-26SEP13RMARVC,Real Madrid vs Vallecano,KXLALIGAGAME,La Liga Game,Sports,"[""Soccer""]",open,binary,0.88,0.89,0.89,0.885,0.115,0.885,0.01,123179.06,39570.98,97663.13,0,2026-08-30T00:48:00Z,2026-09-16T01:00:00Z,2026-09-16T01:00:00Z,,,,structured,,,,True,2026-09-10T16:39:34+00:00,,,,
kalshi,KXDPWORLDTOURR1LEAD-AMIO26-SLOW,https://kalshi.com/markets/kxdpworldtourr1lead/dp-world-tour-r1-leader,https://kalshi.com/markets/kxdpworldtourr1lead/dp-world-tour-r1-leader/kxdpworldtourr1lead-amio26,Shane Lowry leads at the end of Round 1,Shane Lowry,KXDPWORLDTOURR1LEAD-AMIO26,Amgen Irish Open End of Round 1 Leader,KXDPWORLDTOURR1LEAD,DP World Tour R1 Leader,Sports,"[""Golf""]",open,binary,0.003,0.011,0.007,0.007,0.993,0.007,0.008,65008.76,39404.22,64607.34,0,2026-09-07T00:10:00Z,2026-09-27T00:00:00Z,2026-09-27T00:00:00Z,,,,structured,,,,True,2026-09-10T16:39:15+00:00,,,,
kalshi,KXDPWORLDTOUR-AMIO26-AMER,https://kalshi.com/markets/kxdpworldtour/dp-world-tour-tournament-winner,https://kalshi.com/markets/kxdpworldtour/dp-world-tour-tournament-winner/kxdpworldtour-amio26,Will Adrian Meronk win the Amgen Irish Open?,Adrian Meronk,KXDPWORLDTOUR-AMIO26,Amgen Irish Open Winner,KXDPWORLDTOUR,DP World Tour Tournament Winner,Sports,"[""Golf""]",open,binary,0,0.007,0.004,0.0035,0.9965,0.0035,0.007,82954.75,39381.17,82954.75,0,2026-09-05T16:05:00Z,2026-09-27T00:00:00Z,2026-09-27T00:00:00Z,,,,structured,,,,True,2026-09-10T16:39:19+00:00,,,,
kalshi,KXT20MATCH-26SEP080930BATFAZ-FAZ,https://kalshi.com/markets/kxt20match/men-s-t20-cricket-match,https://kalshi.com/markets/kxt20match/men-s-t20-cricket-match/kxt20match-26sep080930batfaz,Fazilka Falcons wins,Fazilka Falcons,KXT20MATCH-26SEP080930BATFAZ,Fazilka Falcons vs Bathinda Royals,KXT20MATCH,Men's T20 Cricket Match,Sports,"[""Cricket""]",open,binary,0.88,0.93,0.92,0.905,0.095,0.905,0.05,40471.81,39370.94,31782.99,0,2026-09-06T00:11:00Z,2026-09-11T17:30:00Z,2026-09-11T17:30:00Z,,,,structured,,,,True,2026-09-10T16:39:17+00:00,,,,
polymarket,0xc0fff3b5ed4d7c82647b11050d56629450902b05c1562d8476df1452ae46510a,https://polymarket.com/event/what-price-will-wti-hit-in-september-2026/will-wti-dip-to-95-in-september-2026,,Will WTI Crude Oil (WTI) hit (LOW) $95 in September?,↓ $95,907966,What will WTI Crude Oil (WTI) hit in September 2026?,what-price-will-wti-hit-in-september-2026,What will WTI Crude Oil (WTI) hit in September 2026?,,[],open,binary,0.74,0.75,0.78,0.745,0.255,0.745,0.01,39090.307072,39090.307072,,39938.9574,2026-09-09T16:44:59Z,2026-10-01T03:59:59.999Z,2026-10-01T03:59:59.999Z,,,,,,,,,2026-09-10T16:38:51+00:00,,"[""Yes"", ""No""]","[0.745, 0.255]",6222784785313230294327029188015606088069622624510802248578044329127504364661
kalshi,KXSB-27-TB,https://kalshi.com/markets/kxsb/super-bowl,https://kalshi.com/markets/kxsb/super-bowl/kxsb-27,Will Tampa Bay win the 2027 Pro Football Championship?,Tampa Bay,KXSB-27,2027 Pro Football Champion,KXSB,Super Bowl,Sports,"[""Football""]",open,binary,0.01,0.02,0.02,0.015,0.985,0.015,0.01,1337248.47,38985.27,1311020,0,2026-02-08T20:00:00Z,2029-02-13T23:30:00Z,2029-02-13T23:30:00Z,,,,structured,,,,True,2026-09-10T16:40:23+00:00,,,,
polymarket,0x4090a61387fac4a1c1ea18e5effc8b1b9bdf6b5c0c274f84a8e028772d568da1,https://polymarket.com/event/will-russia-capture-bilytske-by/will-russia-capture-bilytske-by-september-30-2026-564,,"Will Russia capture Bilytske by September 30, 2026?",September 30,164330,Will Russia capture Bilytske by...?,will-russia-capture-bilytske-by,Will Russia capture Bilytske by...?,,[],open,binary,0.17,0.19,0.19,0.18,0.82,0.18,0.02,67169.46406099999,38983.555545999996,,1677.0185,2026-06-30T00:18:44.94Z,2026-10-01T03:59:00Z,2026-10-01T03:59:00Z,,,,,,,,,2026-09-10T16:38:51+00:00,-1.5,"[""Yes"", ""No""]","[0.18, 0.82]",95887374252398375727957470543109522405127103044462968416385256076798131521153
kalshi,KXMARMAD-27-VAN,https://kalshi.com/markets/kxmarmad/men-s-college-basketball-tournament-champion,https://kalshi.com/markets/kxmarmad/men-s-college-basketball-tournament-champion/kxmarmad-27,Will Vanderbilt win the College Basketball National Championship?,Vanderbilt,KXMARMAD-27,Men's 2027 College Basketball Champion,KXMARMAD,Men's College Basketball Tournament Champion,Sports,"[""Basketball""]",open,binary,0.013,0.014,0.014,0.0135,0.9865,0.0135,0.001,139575.7,38954.23,136917.9,0,2026-04-07T03:30:00Z,2027-04-27T14:00:00Z,2027-04-27T14:00:00Z,,,,structured,,,,True,2026-09-10T16:40:20+00:00,,,,
kalshi,KXHEISMAN-27-GSTOC,https://kalshi.com/markets/kxheisman/heisman-trophy-winner,https://kalshi.com/markets/kxheisman/heisman-trophy-winner/kxheisman-27,Who will win Heisman Trophy?,Gunner Stockton,KXHEISMAN-27,Heisman Trophy Winner,KXHEISMAN,Heisman Trophy Winner,Sports,"[""Football""]",open,binary,0.01,0.02,0.02,0.015,0.985,0.015,0.01,569044.06,38733.83,556885.58,0,2026-01-05T18:30:00Z,2027-01-01T15:00:00Z,2027-01-15T15:00:00Z,,,,custom,,,,True,2026-09-10T16:40:26+00:00,,,,
kalshi,KXRAIN-26SEP10-NYC,https://kalshi.com/markets/kxrain/where-will-it-rain-daily,https://kalshi.com/markets/kxrain/where-will-it-rain-daily/kxrain-26sep10,"Will it rain in New York City on Sep 10, 2026?",New York City,KXRAIN-26SEP10,"Where will it rain on Sep 10, 2026?",KXRAIN,Where will it rain daily,Climate and Weather,"[""Snow and rain""]",open,binary,0.99,1,0.99,0.995,0.005,0.995,0.01,39755.84,38711.26,35384.94,0,2026-09-09T09:10:00Z,2026-09-11T05:00:00Z,2026-09-12T05:00:00Z,,,,greater,0,,,True,2026-09-10T16:39:01+00:00,,,,
polymarket,0xb30ffa808f448aecd5585cec7d0e71313a06d10023bfb3f7e397397c52e9c9d0,https://polymarket.com/event/uefa-champions-league-2027-champion-20260701202025549/will-sporting-cp-win-the-2026-27-uefa-champions-league-championship-20260701202025574,,Will Sporting CP win the 2026-27 UEFA Champions League Championship?,Sporting CP,659671,UEFA Champions League: 2027 Champion,uefa-champions-league-2027-champion-20260701202025549,UEFA Champions League: 2027 Champion,,[],open,binary,0.005,0.006,0.006,0.0055,0.9945,0.0055,0.001,464000.337839,38679.64000100001,,179923.24084,2026-07-02T19:05:04.358678Z,2027-05-30T23:59:00Z,2027-05-30T23:59:00Z,,,,,,,,,2026-09-10T16:38:51+00:00,,"[""Yes"", ""No""]","[0.0055, 0.9945]",51852859144588408353883434057387376016222865952172946996183559003223391693129
kalshi,KXNFLGAME-26SEP13BUFHOU-BUF,https://kalshi.com/markets/kxnflgame/professional-football-game,https://kalshi.com/markets/kxnflgame/professional-football-game/kxnflgame-26sep13bufhou,Buffalo vs Houston Pro Football game: Buffalo wins?,Buffalo,KXNFLGAME-26SEP13BUFHOU,Buffalo vs Houston,KXNFLGAME,Professional Football Game,Sports,"[""Football""]",open,binary,0.51,0.52,0.52,0.515,0.485,0.515,0.01,214648.74,38581.05,163580.93,0,2026-05-15T17:04:00Z,2026-09-15T17:00:00Z,2026-09-15T17:00:00Z,,,,structured,,,,True,2026-09-10T16:40:09+00:00,,,,
polymarket,0x6bbd52994e4a25b33c7570b209d2f67722708c8172e785ce93385c4487f0a8c9,https://polymarket.com/event/mlb-hou-phi-2026-09-10/mlb-hou-phi-2026-09-10,,Houston Astros vs. Philadelphia Phillies,,964210,Houston Astros vs. Philadelphia Phillies,mlb-hou-phi-2026-09-10,Houston Astros vs. Philadelphia Phillies,,[],open,binary,0.36,0.37,0.37,0.365,0.635,0.365,0.01,38761.07544200001,38528.765441999996,,672134.9633,2026-09-04T13:00:42Z,2026-09-17T17:05:00Z,2026-09-17T17:05:00Z,,,,,,,,,2026-09-10T16:38:51+00:00,,"[""Houston Astros"", ""Philadelphia Phillies""]","[0.365, 0.635]",73980224499926583887107303500965833873351150813917077742688895913326004589854
polymarket,0x6114306f724135bd1db2f5f3169386decf18f618653c196ef0a6c1afd27f4c73,https://polymarket.com/event/brazil-presidential-election-first-round-2nd-place/will-flvio-bolsonaro-finish-in-second-place-in-the-first-round-of-the-2026-brazilian-presidential-election,,Will Flávio Bolsonaro finish in second place in the first round of the 2026 Brazilian presidential election?,Flávio Bolsonaro,204972,Brazil Presidential Election First Round: 2nd Place,brazil-presidential-election-first-round-2nd-place,Brazil Presidential Election First Round: 2nd Place,,[],open,binary,0.7,0.72,0.72,0.71,0.29,0.71,0.02,718216.8364519996,38452.578638,,50059.9749,2026-02-11T22:51:11.028988Z,2026-10-04T00:00:00Z,2026-10-04T00:00:00Z,,,,,,,,,2026-09-10T16:38:51+00:00,-9.5,"[""Yes"", ""No""]","[0.71, 0.29]",49821065181473419798146957267480015506102711160660718636601116902870701340131
kalshi,KXDPWORLDTOURR1LEAD-AMIO26-JOLE,https://kalshi.com/markets/kxdpworldtourr1lead/dp-world-tour-r1-leader,https://kalshi.com/markets/kxdpworldtourr1lead/dp-world-tour-r1-leader/kxdpworldtourr1lead-amio26,Jacob Skov Olesen leads at the end of Round 1,Jacob Skov Olesen,KXDPWORLDTOURR1LEAD-AMIO26,Amgen Irish Open End of Round 1 Leader,KXDPWORLDTOURR1LEAD,DP World Tour R1 Leader,Sports,"[""Golf""]",open,binary,0.01,0.079,0.01,0.0445,0.9555,0.0445,0.069,44820.34,38447.69,44791.42,0,2026-09-07T00:10:00Z,2026-09-27T00:00:00Z,2026-09-27T00:00:00Z,,,,structured,,,,True,2026-09-10T16:39:15+00:00,,,,
polymarket,0x86b672ffd2b151a3b21578e8659ee9e923733f129fef6685ad98b476a59a58f7,https://polymarket.com/event/ucl-psv-shd-2026-09-10-more-markets/ucl-psv-shd-2026-09-10-spread-home-1pt5,,Spread: PSV (-1.5),PSV (-1.5),931865,PSV vs. FK Shakhtar Donetsk - More Markets,ucl-psv-shd-2026-09-10-more-markets,PSV vs. FK Shakhtar Donetsk - More Markets,,[],open,binary,0.41,0.42,0.42,0.415,0.585,0.415,0.01,38587.555113999995,38440.578756,,123853.8042,2026-08-29T18:16:02Z,2026-09-10T16:45:00Z,2026-09-10T16:45:00Z,,,,,,,,,2026-09-10T16:38:51+00:00,-4,"[""PSV"", ""FK Shakhtar Donetsk""]","[0.415, 0.585]",71651920364214128401784611067228086622117612629849490370746737419962719728000
kalshi,KXNCAAFGAME-26SEP12ALAUK-ALA,https://kalshi.com/markets/kxncaafgame/college-football-game,https://kalshi.com/markets/kxncaafgame/college-football-game/kxncaafgame-26sep12alauk,Alabama wins,Alabama,KXNCAAFGAME-26SEP12ALAUK,Alabama vs Kentucky,KXNCAAFGAME,College Football Game,Sports,"[""Football""]",open,binary,0.79,0.8,0.8,0.795,0.205,0.795,0.01,69592.66,38393.75,39501.35,0,2026-08-25T14:38:00Z,2026-09-14T19:30:00Z,2026-09-14T19:30:00Z,,,,structured,,,,True,2026-09-10T16:39:37+00:00,,,,
polymarket,0xee5d05fdd0f8dd96299dd91d337a8ecbc7de0d5fe96d6d55f89059fb773233d0,https://polymarket.com/event/nfl-sf-la-2026-09-11/nfl-sf-la-2026-09-11-spread-home-3pt5,,Spread: Rams (-3.5),Spread -3.5,776490,49ers vs. Rams,nfl-sf-la-2026-09-11,49ers vs. Rams,,[],open,binary,0.5,0.51,0.51,0.505,0.495,0.505,0.01,247245.820512,38237.393155,,825189.0711,2026-08-04T16:02:52Z,2026-09-11T00:35:00Z,2026-09-11T00:35:00Z,,,,,,,,,2026-09-10T16:38:51+00:00,,"[""Rams"", ""49ers""]","[0.505, 0.495]",1911335975581440896111811937126658940807858912610940409391888765771786966390
kalshi,KXWTI-26SEP1014-T98.99,https://kalshi.com/markets/kxwti/wti-oil-on-day,https://kalshi.com/markets/kxwti/wti-oil-on-day/kxwti-26sep1014,"Will the WTI crude oil settlement price be above 98.99 USD/Bbl on Sep 10, 2026?",Above $98.99,KXWTI-26SEP1014,"Oil Price (WTI) on Sep 10, 2026?",KXWTI,WTI oil on day,Commodities,"[""Oil & Gas""]",open,binary,0.98,0.99,0.97,0.985,0.015,0.985,0.01,39361.85,38158.66,12122.56,0,2026-09-08T23:30:00Z,2026-09-10T18:30:00Z,2026-09-17T19:30:00Z,,,,greater,98.99,,,True,2026-09-10T16:39:05+00:00,,,,
polymarket,0xd0536d9612e041312235baceac52bde48821e8aad4607533513b3782904b7d49,https://polymarket.com/event/brazil-presidential-election/will-geraldo-alckmin-win-the-2026-brazilian-presidential-election,,Will Geraldo Alckmin win the 2026 Brazilian presidential election?,Geraldo Alckmin,45915,Brazil Presidential Election,brazil-presidential-election,Brazil Presidential Election,,[],open,binary,0.001,0.002,0.001,0.0015,0.9985,0.0015,0.001,6235870.838682001,38096.638,,225786.52252,2025-09-18T20:08:10.216Z,2026-10-04T00:00:00Z,2026-10-04T00:00:00Z,,,,,,,,,2026-09-10T16:38:51+00:00,,"[""Yes"", ""No""]","[0.0015, 0.9985]",70059117674007036240163073645113489994895807359788046023215512784288966325609
polymarket,0xcc13ce5060cf1551cc4b0ba7acf1b39466c9f3078a3e22a311912826dc46b2b6,https://polymarket.com/event/what-price-will-bitcoin-hit-september-7-13-2026/will-bitcoin-dip-to-74k-september-7-13-2026,,"Will Bitcoin dip to $74,000 September 7-13?","↓ 74,000",980492,What price will Bitcoin hit September 7-13?,what-price-will-bitcoin-hit-september-7-13-2026,What price will Bitcoin hit September 7-13?,,[],open,binary,0.24,0.25,0.23,0.245,0.755,0.245,0.01,66510.58051999999,38024.458074999995,,32969.6233,2026-09-07T04:00:17Z,2026-09-14T04:00:00Z,2026-09-14T04:00:00Z,,,,,,,,,2026-09-10T16:38:51+00:00,10,"[""Yes"", ""No""]","[0.245, 0.755]",23499879033316421037224895683272454193176370379484738499144637818115829996556
kalshi,KXNFLOROTY-27-JPRI,https://kalshi.com/markets/kxnfloroty/ap-pro-football-offensive-rookie-of-the-year,https://kalshi.com/markets/kxnfloroty/ap-pro-football-offensive-rookie-of-the-year/kxnfloroty-27,Will Jadarian Price win the Offensive Rookie of the Year?,Jadarian Price,KXNFLOROTY-27,Offensive Rookie of the Year Winner?,KXNFLOROTY,AP Pro Football Offensive Rookie of the Year,Sports,"[""Football""]",open,binary,0.12,0.17,0.17,0.145,0.855,0.145,0.05,417951.81,37967.49,399806.83,0,2026-03-31T02:00:00Z,2028-02-28T15:00:00Z,2028-02-28T15:00:00Z,,,,structured,,,,True,2026-09-10T16:40:20+00:00,,,,
kalshi,KXNFLMVP-27-JGOF,https://kalshi.com/markets/kxnflmvp/ap-pro-football-regular-season-mvp,https://kalshi.com/markets/kxnflmvp/ap-pro-football-regular-season-mvp/kxnflmvp-27,Will Jared Goff win the MVP?,Jared Goff,KXNFLMVP-27,MVP Winner?,KXNFLMVP,AP Pro Football Regular Season MVP,Sports,"[""Football""]",open,binary,0.02,0.03,0.03,0.025,0.975,0.025,0.01,1167734.07,37895.32,1142647.88,0,2026-02-08T20:30:00Z,2028-02-12T15:00:00Z,2028-02-12T15:00:00Z,,,,structured,,,,True,2026-09-10T16:40:23+00:00,,,,
kalshi,KXNFLMVP-27-JHER,https://kalshi.com/markets/kxnflmvp/ap-pro-football-regular-season-mvp,https://kalshi.com/markets/kxnflmvp/ap-pro-football-regular-season-mvp/kxnflmvp-27,Will Justin Herbert win the MVP?,Justin Herbert,KXNFLMVP-27,MVP Winner?,KXNFLMVP,AP Pro Football Regular Season MVP,Sports,"[""Football""]",open,binary,0.08,0.09,0.09,0.085,0.915,0.085,0.01,551204.3,37738.33,526513.47,0,2026-02-08T20:30:00Z,2028-02-12T15:00:00Z,2028-02-12T15:00:00Z,,,,structured,,,,True,2026-09-10T16:40:23+00:00,,,,
kalshi,KXBTCD-26SEP1013-T77299.99,https://kalshi.com/markets/kxbtcd/bitcoin-price-above-below,https://kalshi.com/markets/kxbtcd/bitcoin-price-above-below/kxbtcd-26sep1013,"Bitcoin price on Sep 10, 2026?","$77,300 or above",KXBTCD-26SEP1013,"BTC price on Sep 10, 2026 at 1pm EDT?",KXBTCD,Bitcoin price Above/below,Crypto,"[""Hourly"", ""BTC""]",open,binary,0.02,0.03,0.03,0.025,0.975,0.025,0.01,41005.09,37692.98,17457.33,0,2026-09-10T16:00:00Z,2026-09-10T17:00:00Z,2026-09-17T17:00:00Z,,,,greater,77299.99,,BRTI,True,2026-09-10T16:39:01+00:00,,,,
kalshi,KXHIGHMIA-26SEP10-B88.5,https://kalshi.com/markets/kxhighmia/highest-temperature-in-miami,https://kalshi.com/markets/kxhighmia/highest-temperature-in-miami/kxhighmia-26sep10,"Will the maximum temperature be 88-89° on Sep 10, 2026?",88° to 89°,KXHIGHMIA-26SEP10,"Highest temperature in Miami on Sep 10, 2026?",KXHIGHMIA,Highest temperature in Miami,Climate and Weather,"[""Daily temperature""]",open,binary,0,0.01,0.01,0.005,0.995,0.005,0.01,38030.67,37667.92,31006.05,0,2026-09-09T14:00:00Z,2026-09-11T05:00:00Z,2026-09-17T14:00:00Z,,,,between,88,89,CLIMIA,True,2026-09-10T16:38:58+00:00,,,,
kalshi,KXMESENATEPERSON-26-TJAC,https://kalshi.com/markets/kxmesenateperson/maine-senate-winner-person,https://kalshi.com/markets/kxmesenateperson/maine-senate-winner-person/kxmesenateperson-26,Who will win the 2026 Maine Senate election?,Troy Jackson,KXMESENATEPERSON-26,Maine Senate winner? (Person),KXMESENATEPERSON,Maine Senate winner? (Person),Elections,"[""US Elections""]",open,binary,0.65,0.66,0.66,0.655,0.345,0.655,0.01,587024.29,37637.74,324504.99,0,2026-07-06T18:12:00Z,2027-07-07T14:00:00Z,2027-07-07T14:00:00Z,,,,custom,,,,True,2026-09-10T16:40:02+00:00,,,,
kalshi,KXWTI-26SEP1014-T99.99,https://kalshi.com/markets/kxwti/wti-oil-on-day,https://kalshi.com/markets/kxwti/wti-oil-on-day/kxwti-26sep1014,"Will the WTI crude oil settlement price be above 99.99 USD/Bbl on Sep 10, 2026?",Above $99.99,KXWTI-26SEP1014,"Oil Price (WTI) on Sep 10, 2026?",KXWTI,WTI oil on day,Commodities,"[""Oil & Gas""]",open,binary,0.91,0.93,0.95,0.92,0.08,0.92,0.02,38996.47,37585.34,12547.41,0,2026-09-08T23:30:00Z,2026-09-10T18:30:00Z,2026-09-17T19:30:00Z,,,,greater,99.99,,,True,2026-09-10T16:39:05+00:00,,,,
polymarket,0xfd46209e98e6d2f27aa3afcb83fd1ee3696090ddae4479f7726e0c64ee630b1b,https://polymarket.com/event/what-price-will-bitcoin-hit-in-september-2026/will-bitcoin-dip-to-67pt5k-in-september-2026,,"Will Bitcoin dip to $67,500 in September?","↓ 67,500",946004,What price will Bitcoin hit in September?,what-price-will-bitcoin-hit-in-september-2026,What price will Bitcoin hit in September?,,[],open,binary,0.17,0.18,0.17,0.175,0.825,0.175,0.01,172624.33207599996,37481.700634999994,,52545.2804,2026-09-01T05:07:17Z,2026-10-01T04:00:00Z,2026-10-01T04:00:00Z,,,,,,,,,2026-09-10T16:38:51+00:00,5,"[""Yes"", ""No""]","[0.175, 0.825]",55655375151505092185229917553720689508658165322175681314729759073132052857969
polymarket,0x0f49db97f71c68b1e42a6d16e3de93d85dbf7d4148e3f018eb79e88554be9f75,https://polymarket.com/event/democratic-presidential-nominee-2028/will-gavin-newsom-win-the-2028-democratic-presidential-nomination-568,,Will Gavin Newsom win the 2028 Democratic presidential nomination?,Gavin Newsom,30829,Democratic Presidential Nominee 2028,democratic-presidential-nominee-2028,Democratic Presidential Nominee 2028,,[],open,binary,0.142,0.143,0.142,0.1425,0.8575,0.1425,0.001,27186182.008147974,37209.776984000004,,283172.60946,2025-07-11T18:35:56.805Z,2028-11-07T00:00:00Z,2028-11-07T00:00:00Z,,,,,,,,,2026-09-10T16:38:51+00:00,-0.2,"[""Yes"", ""No""]","[0.1425, 0.8575]",54533043819946592547517511176940999955633860128497669742211153063842200957669
kalshi,KXBALLONDOR-26-RODR,https://kalshi.com/markets/kxballondor/ballon-d-or,https://kalshi.com/markets/kxballondor/ballon-d-or/kxballondor-26,Who will win the Ballon d'Or in 2026?,Rodri,KXBALLONDOR-26,Who will win the Ballon d'Or in 2026?,KXBALLONDOR,Ballon d'Or,Sports,"[""Soccer""]",open,binary,0.04,0.05,0.05,0.045,0.955,0.045,0.01,785802.68,37079.89,362357.89,0,2026-01-24T01:00:00Z,2026-12-31T04:59:00Z,2027-12-31T15:00:00Z,,,,custom,,,,True,2026-09-10T16:40:25+00:00,,,,
polymarket,0x9f50939c394897a984d04522b61cf62da5aaa7fc50a2b3da362accaeffe38078,https://polymarket.com/event/ballon-dor-winner-2026/will-khvicha-kvaratskhelia-win-the-2026-ballon-dor,,Will Khvicha Kvaratskhelia win the 2026 Ballon d'Or?,Khvicha Kvaratskhelia,48361,Ballon d'Or Winner 2026,ballon-dor-winner-2026,Ballon d'Or Winner 2026,,[],open,binary,0.024,0.025,0.023,0.0245,0.9755,0.0245,0.001,1515604.976579,37055.182119000005,,131261.7801,2025-09-22T23:39:25.749Z,2026-10-31T00:00:00Z,2026-10-31T00:00:00Z,,,,,,,,,2026-09-10T16:38:51+00:00,0.15,"[""Yes"", ""No""]","[0.0245, 0.9755]",12622519606415978744877534783705265610788882249231449850262189360805525437274
polymarket,0x58876ff964d9b1a986a8983f0125c0d00b4fe3b221a1f341c035d261a5a11dff,https://polymarket.com/event/who-will-attend-a-round-of-us-iran-peace-talks-by-december-31-20260812153824803/will-jared-kushner-attend-a-us-x-iran-diplomatic-meeting-by-december-31-2026-20260812154221265,,"Will Jared Kushner attend a US x Iran diplomatic meeting by December 31, 2026?",Jared Kushner,841086,Who will attend a round of US-Iran peace talks by December 31?,who-will-attend-a-round-of-us-iran-peace-talks-by-december-31-20260812153824803,Who will attend a round of US-Iran peace talks by December 31?,,[],open,binary,0.19,0.21,0.2,0.2,0.8,0.2,0.02,67674.05028,36998.7012,,25087.4706,2026-08-12T23:15:26Z,2027-01-01T04:59:00Z,2027-01-01T04:59:00Z,,,,,,,,,2026-09-10T16:38:51+00:00,,"[""Yes"", ""No""]","[0.2, 0.8]",91463171038160608542549438592118291672399114768788979162542845991882860000272
kalshi,KXBALLONDOR-26-LMES,https://kalshi.com/markets/kxballondor/ballon-d-or,https://kalshi.com/markets/kxballondor/ballon-d-or/kxballondor-26,Who will win the Ballon d'Or in 2026?,Lionel Messi,KXBALLONDOR-26,Who will win the Ballon d'Or in 2026?,KXBALLONDOR,Ballon d'Or,Sports,"[""Soccer""]",open,binary,0.03,0.05,0.04,0.04,0.96,0.04,0.02,1003791.11,36934.61,511098.04,0,2026-01-24T01:00:00Z,2026-12-31T04:59:00Z,2027-12-31T15:00:00Z,,,,custom,,,,True,2026-09-10T16:40:25+00:00,,,,
kalshi,KXCS2GAME-26SEP100900K27NEMI-NEMI,https://kalshi.com/markets/kxcs2game/counter-strike-2-game,https://kalshi.com/markets/kxcs2game/counter-strike-2-game/kxcs2game-26sep100900k27nemi,Nemiga wins,Nemiga,KXCS2GAME-26SEP100900K27NEMI,K27 vs. Nemiga,KXCS2GAME,Counter-Strike 2 Game,Sports,"[""Esports""]",open,binary,0.38,0.43,0.42,0.405,0.595,0.405,0.05,38858.37,36930.48,29220.63,0,2026-09-09T22:10:00Z,2026-09-12T13:00:00Z,2026-09-12T13:00:00Z,,,,structured,,,,True,2026-09-10T16:38:53+00:00,,,,
polymarket,0xfcc9c60f373a4b294c85e168d880a0aa04bf99aad1759e14bf675fdc4fbcb8bc,https://polymarket.com/event/mlb-tb-atl-2026-09-10/mlb-tb-atl-2026-09-10-spread-home-1pt5,,Spread: Atlanta Braves (-1.5),Spread -1.5,964209,Tampa Bay Rays vs. Atlanta Braves,mlb-tb-atl-2026-09-10,Tampa Bay Rays vs. Atlanta Braves,,[],open,binary,0.34,0.37,0.39,0.355,0.645,0.355,0.03,36829.328707,36829.328707,,595.2178,2026-09-09T17:29:06Z,2026-09-10T16:15:00Z,2026-09-10T16:15:00Z,,,,,,,,,2026-09-10T16:38:51+00:00,,"[""Atlanta Braves"", ""Tampa Bay Rays""]","[0.355, 0.645]",81831608522881553173806090757222198668905219231954025794169494232251433938082
polymarket,0x93fc7c6516bf347c566a3860da34e97f98413081e1b6306332fab90f7d405369,https://polymarket.com/event/us-iran-final-nuclear-deal-by-20260621201254412/us-iran-final-nuclear-deal-by-october-31-2026,,"US-Iran Final Nuclear Deal by October 31, 2026?",October 31,620025,US-Iran Final Nuclear Deal by…?,us-iran-final-nuclear-deal-by-20260621201254412,US-Iran Final Nuclear Deal by…?,,[],open,binary,0.024,0.027,0.025,0.0255,0.9745,0.0255,0.003,222094.35898599998,36824.65,,61950.36997,2026-08-10T15:18:20.716306Z,2026-11-01T03:59:00Z,2026-11-01T03:59:00Z,,,,,,,,,2026-09-10T16:38:51+00:00,-0.35,"[""Yes"", ""No""]","[0.0255, 0.9745]",19257192402836672827194864841796808376768686511060585979006316721934662443508
polymarket,0x2c47938eef5f049db49b140a169041b73a1089e1b8cc8d0924fd62e1ccdfa141,https://polymarket.com/event/what-price-will-bitcoin-hit-in-september-2026/will-bitcoin-dip-to-60k-in-september-2026,,"Will Bitcoin dip to $60,000 in September?","↓ 60,000",946004,What price will Bitcoin hit in September?,what-price-will-bitcoin-hit-in-september-2026,What price will Bitcoin hit in September?,,[],open,binary,0.033,0.037,0.033,0.035,0.965,0.035,0.004,185748.01011899998,36689.94810899999,,98361.61139,2026-09-01T05:07:17Z,2026-10-01T04:00:00Z,2026-10-01T04:00:00Z,,,,,,,,,2026-09-10T16:38:51+00:00,0.35,"[""Yes"", ""No""]","[0.035, 0.965]",30935278884980078239307753496107776502869693356265202076409575111562423141628
polymarket,0x87091dc5932f015d80c40e71e47cb043c3f8b6098484eb5bc3943cf35ee9afc1,https://polymarket.com/event/ballon-dor-winner-2026/will-kylian-mbapp-win-the-2026-ballon-dor,,Will Kylian Mbappé win the 2026 Ballon d'Or?,Kylian Mbappé,48361,Ballon d'Or Winner 2026,ballon-dor-winner-2026,Ballon d'Or Winner 2026,,[],open,binary,0.098,0.099,0.099,0.0985,0.9015,0.0985,0.001,2152415.5904200003,36582.276746,,133901.29527,2025-09-22T23:39:02.264031Z,2026-10-31T00:00:00Z,2026-10-31T00:00:00Z,,,,,,,,,2026-09-10T16:38:51+00:00,-1.7,"[""Yes"", ""No""]","[0.0985, 0.9015]",95640549996905293510297955529586737178285694064878854803914367446504739764113
polymarket,0xde64f0c49c7b26baa1ed2ebb7097574de5532c2237b779ab9b415e822c12a0a0,https://polymarket.com/event/iran-oman-hormuz-management-agreement-byptptpt-20260804222725871/iran-oman-hormuz-agreement-by-september-30-823-929,,Iran-Oman Hormuz Agreement by September 30?,September 30,798490,Iran-Oman Hormuz Management Agreement by...?,iran-oman-hormuz-management-agreement-byptptpt-20260804222725871,Iran-Oman Hormuz Management Agreement by...?,,[],open,binary,0.25,0.28,0.25,0.265,0.735,0.265,0.03,480139.7727169999,36504.75219000001,,45208.6613,2026-08-10T15:26:17.86Z,2026-10-01T03:59:00Z,2026-10-01T03:59:00Z,,,,,,,,,2026-09-10T16:38:51+00:00,-5.5,"[""Yes"", ""No""]","[0.265, 0.735]",68003608521015222679268138757769131071496782683879354114198876947977145147842
kalshi,SENATENC-26-R,https://kalshi.com/markets/senatenc/north-carolina-senate-race,https://kalshi.com/markets/senatenc/north-carolina-senate-race/senatenc-26,Will Republicans win the Senate race in North Carolina?,Michael Whatley,SENATENC-26,North Carolina Senate winner?,SENATENC,North Carolina Senate race,Elections,"[""Senate""]",open,binary,0.091,0.098,0.1,0.0945,0.9055,0.0945,0.007,720599.85,36277.67,623601.37,0,2024-12-03T15:00:00Z,2027-11-03T15:00:00Z,2027-11-03T15:00:00Z,,,,structured,,,,True,2026-09-10T16:40:30+00:00,,,,
kalshi,KXBTCD-26SEP1017-T75999.99,https://kalshi.com/markets/kxbtcd/bitcoin-price-above-below,https://kalshi.com/markets/kxbtcd/bitcoin-price-above-below/kxbtcd-26sep1017,"Bitcoin price on Sep 10, 2026?","$76,000 or above",KXBTCD-26SEP1017,"BTC price on Sep 10, 2026 at 5pm EDT?",KXBTCD,Bitcoin price Above/below,Crypto,"[""Hourly"", ""BTC""]",open,binary,0.92,0.94,0.92,0.93,0.07,0.93,0.02,37461.06,36261.83,23559.72,0,2026-09-09T20:00:00Z,2026-09-10T21:00:00Z,2026-09-17T21:00:00Z,,,,greater,75999.99,,BRTI,True,2026-09-10T16:39:01+00:00,,,,
kalshi,SENATEME-26-R,https://kalshi.com/markets/senateme/maine-senate-race,https://kalshi.com/markets/senateme/maine-senate-race/senateme-26,Will Republicans win the Senate race in Maine?,Susan Collins,SENATEME-26,Maine Senate winner?,SENATEME,Maine Senate race,Elections,"[""Senate""]",open,binary,0.32,0.33,0.33,0.325,0.675,0.325,0.01,2754628.86,36241.33,1663950.68,0,2024-12-03T15:00:00Z,2027-11-03T15:00:00Z,2027-11-03T15:00:00Z,,,,structured,,,,True,2026-09-10T16:40:30+00:00,,,,
kalshi,KXBTCD-26SEP1017-T78749.99,https://kalshi.com/markets/kxbtcd/bitcoin-price-above-below,https://kalshi.com/markets/kxbtcd/bitcoin-price-above-below/kxbtcd-26sep1017,"Bitcoin price on Sep 10, 2026?","$78,750 or above",KXBTCD-26SEP1017,"BTC price on Sep 10, 2026 at 5pm EDT?",KXBTCD,Bitcoin price Above/below,Crypto,"[""Hourly"", ""BTC""]",open,binary,0.02,0.03,0.03,0.025,0.975,0.025,0.01,36212.31,36212.31,8459.13,0,2026-09-09T20:00:00Z,2026-09-10T21:00:00Z,2026-09-17T21:00:00Z,,,,greater,78749.99,,BRTI,True,2026-09-10T16:39:01+00:00,,,,
kalshi,KXMLBF5-26SEP101215TBATL-TB,https://kalshi.com/markets/kxmlbf5/first-5-innings-winner,https://kalshi.com/markets/kxmlbf5/first-5-innings-winner/kxmlbf5-26sep101215tbatl,Tampa Bay first 5 innings winner,Tampa Bay wins first 5 innings,KXMLBF5-26SEP101215TBATL,Tampa Bay vs Atlanta: First 5 Innings,KXMLBF5,First 5 Innings Winner,Sports,"[""Baseball""]",open,binary,0.32,0.33,0.32,0.325,0.675,0.325,0.01,39473.93,36142.84,34632.66,0,2026-09-09T17:51:00Z,2026-09-13T16:15:00Z,2026-09-13T16:15:00Z,,,,structured,,,,True,2026-09-10T16:38:56+00:00,,,,
kalshi,KXNFLFIRSTTD-26SEP10SFLAR-SFDSAMUEL19,https://kalshi.com/markets/kxnflfirsttd/pro-football-first-touchdown,https://kalshi.com/markets/kxnflfirsttd/pro-football-first-touchdown/kxnflfirsttd-26sep10sflar,Deebo Samuel Sr.: 1st Touchdown,Deebo Samuel Sr.,KXNFLFIRSTTD-26SEP10SFLAR,San Francisco vs Los Angeles R: First Touchdown,KXNFLFIRSTTD,Pro Football First Touchdown,Sports,"[""Football""]",open,binary,0.03,0.04,0.04,0.035,0.965,0.035,0.01,41117.69,36131.68,41117.69,0,2026-09-02T21:39:00Z,2026-09-13T00:35:00Z,2026-09-13T00:35:00Z,,,,structured,,,,True,2026-09-10T16:39:26+00:00,,,,
kalshi,KXNCAAFGAME-26SEP12USMAUB-USM,https://kalshi.com/markets/kxncaafgame/college-football-game,https://kalshi.com/markets/kxncaafgame/college-football-game/kxncaafgame-26sep12usmaub,Southern Miss wins,Southern Miss,KXNCAAFGAME-26SEP12USMAUB,Southern Miss vs Auburn,KXNCAAFGAME,College Football Game,Sports,"[""Football""]",open,binary,0.03,0.04,0.04,0.035,0.965,0.035,0.01,92538.77,36108.26,91222.65,0,2026-08-25T14:39:00Z,2026-09-14T23:45:00Z,2026-09-14T23:45:00Z,,,,structured,,,,True,2026-09-10T16:39:37+00:00,,,,
kalshi,SENATEMN-26-R,https://kalshi.com/markets/senatemn/minnesota-senate-race,https://kalshi.com/markets/senatemn/minnesota-senate-race/senatemn-26,Will Republicans win the Senate race in Minnesota?,Michele Tafoya,SENATEMN-26,Minnesota Senate winner?,SENATEMN,Minnesota Senate race,Elections,"[""Senate""]",open,binary,0.097,0.11,0.11,0.1035,0.8965,0.1035,0.013,372276.13,35908.91,309209.99,0,2024-12-04T15:00:00Z,2027-11-03T15:00:00Z,2027-11-03T15:00:00Z,,,,structured,,,,True,2026-09-10T16:40:30+00:00,,,,
polymarket,0x4cd4ca475475f79c5da4d6b5e57ec9808b6e54f91d77e41677f1405391ac2199,https://polymarket.com/event/ucl-com-rbl-2026-09-10/ucl-com-rbl-2026-09-10-rbl,,Will RB Leipzig win on 2026-09-10?,RB Leipzig,931727,Como 1907 vs. RB Leipzig,ucl-com-rbl-2026-09-10,Como 1907 vs. RB Leipzig,,[],open,binary,0.21,0.22,0.22,0.215,0.785,0.215,0.01,37043.6843,35802.668776,,345783.169,2026-08-29T18:00:25Z,2026-09-10T19:00:00Z,2026-09-10T19:00:00Z,,,,,,,,,2026-09-10T16:38:51+00:00,-2,"[""Yes"", ""No""]","[0.215, 0.785]",30545207023484369465950951208986217918049830676866947200282009484401780929719
kalshi,KXNFLTOTAL-26SEP13MIALV-41,https://kalshi.com/markets/kxnfltotal/pro-football-total-points,https://kalshi.com/markets/kxnfltotal/pro-football-total-points/kxnfltotal-26sep13mialv,Will there be over 40.5 points scored?,Over 40.5 points scored,KXNFLTOTAL-26SEP13MIALV,Miami vs Las Vegas: Total Points,KXNFLTOTAL,Pro Football Total Points,Sports,"[""Football""]",open,binary,0.48,0.5,0.48,0.49,0.51,0.49,0.02,48213.26,35750.91,47261.27,0,2026-08-03T23:13:00Z,2026-09-15T20:25:00Z,2026-09-15T20:25:00Z,,,,greater,40.5,,,True,2026-09-10T16:39:51+00:00,,,,
kalshi,KXAAAGASW-26SEP14-4.2600,https://kalshi.com/markets/kxaaagasw/us-gas-price-up,https://kalshi.com/markets/kxaaagasw/us-gas-price-up/kxaaagasw-26sep14,Will average **gas prices** be above $4.2600?,Above 4.2600,KXAAAGASW-26SEP14,US gas prices this week,KXAAAGASW,US gas price up,Economics,"[""Econ Weekly"", ""Oil and energy""]",open,binary,0.98,0.99,0.99,0.985,0.015,0.985,0.01,39072,35709.91,20442.52,0,2026-09-07T14:00:00Z,2026-09-14T03:59:00Z,2026-09-21T14:00:00Z,,,,greater,4.26,,,True,2026-09-10T16:39:13+00:00,,,,
polymarket,0xb2abb7cf3c5b46ecbbd34a64b40ae6cf62d6c624919af1451fb4725b8935e594,https://polymarket.com/event/cs2-ace1-100t-2026-09-10/cs2-ace1-100t-2026-09-10,,Counter-Strike: Acend vs 100 Thieves (BO3) - Thunderpick World Championship Closed Qualifier Group C,Match Winner,995145,Counter-Strike: Acend vs 100 Thieves (BO3) - Thunderpick World Championship Closed Qualifier Group C,cs2-ace1-100t-2026-09-10,Counter-Strike: Acend vs 100 Thieves (BO3) - Thunderpick World Championship Closed Qualifier Group C,,[],open,binary,,0.001,0.028,0.0005,0.9995,0.0005,0.001,35649.874514,35649.87451399999,,148916.84834,2026-09-09T18:25:24Z,2026-09-10T20:40:00Z,2026-09-10T20:40:00Z,,,,,,,,,2026-09-10T16:38:51+00:00,,"[""Acend"", ""100 Thieves""]","[0.0005, 0.9995]",35238663051896297539305714748634192782753345435391767816595690522449225395528
kalshi,KXSB-27-NO,https://kalshi.com/markets/kxsb/super-bowl,https://kalshi.com/markets/kxsb/super-bowl/kxsb-27,Will New Orleans win the 2027 Pro Football Championship?,New Orleans,KXSB-27,2027 Pro Football Champion,KXSB,Super Bowl,Sports,"[""Football""]",open,binary,0,0.01,0.01,0.005,0.995,0.005,0.01,2936148.99,35639.04,2928953.68,0,2026-02-08T20:00:00Z,2029-02-13T23:30:00Z,2029-02-13T23:30:00Z,,,,structured,,,,True,2026-09-10T16:40:23+00:00,,,,
polymarket,0x47662e63e43837a0cf0928f4dc8a4a220976e8aae094b7b3cb1711edcd5e7d67,https://polymarket.com/event/what-price-will-ethereum-hit-in-september-2026/will-ethereum-dip-to-2400-in-september-2026-from-september-3,,"Will Ethereum dip to $2,400 in September?","↓ 2,400",946005,What price will Ethereum hit in September?,what-price-will-ethereum-hit-in-september-2026,What price will Ethereum hit in September?,,[],open,binary,0.86,0.88,0.87,0.87,0.13,0.87,0.02,44925.66091500001,35604.73406,,44625.6089,2026-09-03T16:18:21Z,2026-10-01T04:00:00Z,2026-10-01T04:00:00Z,,,,,,,,,2026-09-10T16:38:51+00:00,11.5,"[""Yes"", ""No""]","[0.87, 0.13]",111383026248027027863160001466600022545476592557972579271764612523820389297276
kalshi,KXDPWORLDTOUR-AMIO26-RNEE,https://kalshi.com/markets/kxdpworldtour/dp-world-tour-tournament-winner,https://kalshi.com/markets/kxdpworldtour/dp-world-tour-tournament-winner/kxdpworldtour-amio26,Will Rasmus Neergaard-Petersen win the Amgen Irish Open?,Rasmus Neergaard-Petersen,KXDPWORLDTOUR-AMIO26,Amgen Irish Open Winner,KXDPWORLDTOUR,DP World Tour Tournament Winner,Sports,"[""Golf""]",open,binary,0.012,0.016,0.016,0.014,0.986,0.014,0.004,51983.55,35588.62,48585.54,0,2026-09-05T16:05:00Z,2026-09-27T00:00:00Z,2026-09-27T00:00:00Z,,,,structured,,,,True,2026-09-10T16:39:19+00:00,,,,
kalshi,KXDPWORLDTOURR1LEAD-AMIO26-EFER,https://kalshi.com/markets/kxdpworldtourr1lead/dp-world-tour-r1-leader,https://kalshi.com/markets/kxdpworldtourr1lead/dp-world-tour-r1-leader/kxdpworldtourr1lead-amio26,Ewen Ferguson leads at the end of Round 1,Ewen Ferguson,KXDPWORLDTOURR1LEAD-AMIO26,Amgen Irish Open End of Round 1 Leader,KXDPWORLDTOURR1LEAD,DP World Tour R1 Leader,Sports,"[""Golf""]",open,binary,0,0.002,0.001,0.001,0.999,0.001,0.002,35473.39,35473.39,35332.8,0,2026-09-07T00:10:00Z,2026-09-27T00:00:00Z,2026-09-27T00:00:00Z,,,,structured,,,,True,2026-09-10T16:39:15+00:00,,,,
kalshi,KXWTIMAX-26DEC31-T115,https://kalshi.com/markets/kxwtimax/wti-oil-high,https://kalshi.com/markets/kxwtimax/wti-oil-high/kxwtimax-26dec31,"Will the maximum WTI front month settle price reach $115.01 by Dec 31, 2026?",$115.01 or above,KXWTIMAX-26DEC31,"How high will oil (WTI) get by Dec 31, 2026?",KXWTIMAX,WTI oil high,Commodities,"[""Oil & Gas""]",open,binary,0.385,0.389,0.39,0.387,0.613,0.387,0.004,1552604.93,35432.03,576104.17,0,2026-03-04T15:00:00Z,2026-12-31T19:30:00Z,2027-01-07T15:00:00Z,,,,greater,115,,,True,2026-09-10T16:40:22+00:00,,,,
polymarket,0x58d5cc2bf06a3289b127049239aee051f3b941f219efebbca02d3f50f0eb2a64,https://polymarket.com/event/next-prime-minister-of-sweden/will-magdalena-andersson-be-the-next-prime-minister-of-sweden,,Will Magdalena Andersson be the next Prime Minister of Sweden?,Magdalena Andersson,166435,Next Prime Minister of Sweden,next-prime-minister-of-sweden,Next Prime Minister of Sweden,,[],open,binary,0.82,0.83,0.83,0.825,0.175,0.825,0.01,599996.9992399997,35374.750797999994,,108111.9412,2026-01-19T20:34:34.381805Z,2026-09-13T00:00:00Z,2026-09-13T00:00:00Z,,,,,,,,,2026-09-10T16:38:51+00:00,2,"[""Yes"", ""No""]","[0.825, 0.175]",6761884778816083542753350539779617201084594664234729655783875952381923983097
kalshi,KXNFLGAME-26SEP13DALNYG-NYG,https://kalshi.com/markets/kxnflgame/professional-football-game,https://kalshi.com/markets/kxnflgame/professional-football-game/kxnflgame-26sep13dalnyg,Dallas vs New York G Pro Football game: New York G wins?,New York G,KXNFLGAME-26SEP13DALNYG,Dallas vs New York G,KXNFLGAME,Professional Football Game,Sports,"[""Football""]",open,binary,0.4,0.41,0.41,0.405,0.595,0.405,0.01,143020.55,35208.57,107107.95,0,2026-05-15T17:04:00Z,2026-09-16T00:20:00Z,2026-09-16T00:20:00Z,,,,structured,,,,True,2026-09-10T16:40:09+00:00,,,,
kalshi,KXMLB-26-SEA,https://kalshi.com/markets/kxmlb/world-series,https://kalshi.com/markets/kxmlb/world-series/kxmlb-26,Will Seattle win the 2026 Pro Baseball Championship?,Seattle,KXMLB-26,Pro Baseball Champion,KXMLB,World Series,Sports,"[""Baseball""]",open,binary,0.002,0.003,0.002,0.0025,0.9975,0.0025,0.001,3192833.32,35160.11,2162210.17,0,2025-12-17T15:00:00Z,2028-10-31T04:00:00Z,2028-10-31T04:00:00Z,,,,structured,,,,True,2026-09-10T16:40:27+00:00,,,,
polymarket,0xcdbf6eb577a23d9957664a451a1649f46af0b8e909121e939fa50d2927cb4609,https://polymarket.com/event/uefa-champions-league-2027-champion-20260701202025549/will-porto-win-the-2026-27-uefa-champions-league-championship-20260701202025573,,Will Porto win the 2026-27 UEFA Champions League Championship?,Porto,659671,UEFA Champions League: 2027 Champion,uefa-champions-league-2027-champion-20260701202025549,UEFA Champions League: 2027 Champion,,[],open,binary,0.003,0.004,0.004,0.0035,0.9965,0.0035,0.001,523828.727104,35134.41,,183454.94495,2026-07-02T19:05:01.242891Z,2027-05-30T23:59:00Z,2027-05-30T23:59:00Z,,,,,,,,,2026-09-10T16:38:51+00:00,,"[""Yes"", ""No""]","[0.0035, 0.9965]",32497984693549591537443927130974395826708445848901982435855158355666016896406
polymarket,0x45d887064e74be9945c81cd93f34ba79138e042b1a34c3d02087a37b955a57b7,https://polymarket.com/event/ucl-bay-bog-2026-09-10-more-markets/ucl-bay-bog-2026-09-10-total-4pt5,,FC Bayern München vs. FK Bodø/Glimt: O/U 4.5,O/U 4.5,931862,FC Bayern München vs. FK Bodø/Glimt - More Markets,ucl-bay-bog-2026-09-10-more-markets,FC Bayern München vs. FK Bodø/Glimt - More Markets,,[],open,binary,0.56,0.57,0.57,0.565,0.435,0.565,0.01,35862.265158,35103.36210599999,,174836.4825,2026-08-29T18:15:40Z,2026-09-10T19:00:00Z,2026-09-10T19:00:00Z,,,,,,,,,2026-09-10T16:38:51+00:00,5,"[""Over"", ""Under""]","[0.565, 0.435]",24771732511242172633544898887720243262938453784772083156570996862427455548237
kalshi,KXNFLSPREAD-26SEP13MIALV-LV4,https://kalshi.com/markets/kxnflspread/pro-football-spread,https://kalshi.com/markets/kxnflspread/pro-football-spread/kxnflspread-26sep13mialv,Las Vegas wins by over 3.5 points?,Las Vegas wins by over 3.5 points,KXNFLSPREAD-26SEP13MIALV,Miami vs Las Vegas: Spread,KXNFLSPREAD,Pro Football Spread,Sports,"[""Football""]",open,binary,0.46,0.47,0.46,0.465,0.535,0.465,0.01,55686.9,35080.8,52388.15,0,2026-08-03T23:13:00Z,2026-09-15T20:25:00Z,2026-09-15T20:25:00Z,,,,greater,3.5,,,True,2026-09-10T16:39:51+00:00,,,,
kalshi,KXNFLTD-26SEP13MIALV-LVBBOWERS89-1,https://kalshi.com/markets/kxnfltd/pro-football-touchdowns,https://kalshi.com/markets/kxnfltd/pro-football-touchdowns/kxnfltd-26sep13mialv,Brock Bowers: 1+ touchdowns,Brock Bowers: 1+,KXNFLTD-26SEP13MIALV,Miami vs Las Vegas: Touchdowns,KXNFLTD,Pro Football Touchdowns,Sports,"[""Football""]",open,binary,0.37,0.38,0.38,0.375,0.625,0.375,0.01,36701.33,35062.69,18952.91,0,2026-09-04T21:04:00Z,2026-09-15T20:25:00Z,2026-09-15T20:25:00Z,,,,greater,0.5,,,True,2026-09-10T16:39:20+00:00,,,,
polymarket,0x3ab9fe67b86481c563b6c4cac5f6337336f6ed06909e307bd9c2885f99d1863b,https://polymarket.com/event/what-price-will-ethereum-hit-in-september-2026/will-ethereum-dip-to-1800-in-september-2026,,"Will Ethereum dip to $1,800 in September?","↓ 1,800",946005,What price will Ethereum hit in September?,what-price-will-ethereum-hit-in-september-2026,What price will Ethereum hit in September?,,[],open,binary,0.027,0.05,0.047,0.0385,0.9615,0.0385,0.023,83232.32705899999,35061.118786,,61610.45338,2026-09-01T05:07:22Z,2026-10-01T04:00:00Z,2026-10-01T04:00:00Z,,,,,,,,,2026-09-10T16:38:51+00:00,-0.45,"[""Yes"", ""No""]","[0.0385, 0.9615]",110443804235550087074979302265186206941014642056440333905382032269316466905556
kalshi,KXDPWORLDTOUR-AMIO26-CHIL,https://kalshi.com/markets/kxdpworldtour/dp-world-tour-tournament-winner,https://kalshi.com/markets/kxdpworldtour/dp-world-tour-tournament-winner/kxdpworldtour-amio26,Will Calum Hill win the Amgen Irish Open?,Calum Hill,KXDPWORLDTOUR-AMIO26,Amgen Irish Open Winner,KXDPWORLDTOUR,DP World Tour Tournament Winner,Sports,"[""Golf""]",open,binary,0.005,0.009,0.011,0.007,0.993,0.007,0.004,37195.36,35032.93,37086.67,0,2026-09-05T16:05:00Z,2026-09-27T00:00:00Z,2026-09-27T00:00:00Z,,,,structured,,,,True,2026-09-10T16:39:19+00:00,,,,
kalshi,KXUSAIRANAGREEMENT-27-26OCT,https://kalshi.com/markets/kxusairanagreement/us-iran-nuclear-deal,https://kalshi.com/markets/kxusairanagreement/us-iran-nuclear-deal/kxusairanagreement-27,Will the US agree to a new Iranian nuclear deal this year?,"Before Oct 1, 2026",KXUSAIRANAGREEMENT-27,US-Iran nuclear deal?,KXUSAIRANAGREEMENT,US Iran nuclear deal,Politics,"[""Iran""]",open,binary,0.01,0.02,0.02,0.015,0.985,0.015,0.01,657291.96,34902.94,335466.62,0,2026-05-21T15:00:00Z,2026-10-01T14:00:00Z,2026-10-01T14:00:00Z,,,,,,,,True,2026-09-10T16:40:08+00:00,,,,
kalshi,KXNFLGAME-26SEP13ATLPIT-PIT,https://kalshi.com/markets/kxnflgame/professional-football-game,https://kalshi.com/markets/kxnflgame/professional-football-game/kxnflgame-26sep13atlpit,Atlanta vs Pittsburgh Pro Football game: Pittsburgh wins?,Pittsburgh,KXNFLGAME-26SEP13ATLPIT,Atlanta vs Pittsburgh,KXNFLGAME,Professional Football Game,Sports,"[""Football""]",open,binary,0.62,0.63,0.63,0.625,0.375,0.625,0.01,124778.14,34664.66,112306.07,0,2026-05-15T17:04:00Z,2026-09-15T17:00:00Z,2026-09-15T17:00:00Z,,,,structured,,,,True,2026-09-10T16:40:09+00:00,,,,
kalshi,KXDPWORLDTOUR-AMIO26-THIG,https://kalshi.com/markets/kxdpworldtour/dp-world-tour-tournament-winner,https://kalshi.com/markets/kxdpworldtour/dp-world-tour-tournament-winner/kxdpworldtour-amio26,Will Thomas Higgins win the Amgen Irish Open?,Thomas Higgins,KXDPWORLDTOUR-AMIO26,Amgen Irish Open Winner,KXDPWORLDTOUR,DP World Tour Tournament Winner,Sports,"[""Golf""]",open,binary,0,0.001,0.001,0.0005,0.9995,0.0005,0.001,39240.31,34649.43,39240.31,0,2026-09-05T16:05:00Z,2026-09-27T00:00:00Z,2026-09-27T00:00:00Z,,,,structured,,,,True,2026-09-10T16:39:19+00:00,,,,
kalshi,KXNCAAF-27-TEX,https://kalshi.com/markets/kxncaaf/ncaaf-championship,https://kalshi.com/markets/kxncaaf/ncaaf-championship/kxncaaf-27,Will Texas win the College Football Playoff National Championship?,Texas,KXNCAAF-27,College Football National Championship Winner,KXNCAAF,NCAAF Championship,Sports,"[""Football""]",open,binary,0.1,0.11,0.11,0.105,0.895,0.105,0.01,1957213.73,34586.02,1561060.03,0,2026-01-21T22:00:00Z,2027-02-23T04:00:00Z,2027-02-23T04:00:00Z,,,,structured,,,,True,2026-09-10T16:40:25+00:00,,,,
kalshi,KXUCL1H-26SEP10BMUBOG-BMU,https://kalshi.com/markets/kxucl1h/champions-league-first-hal-winner,https://kalshi.com/markets/kxucl1h/champions-league-first-hal-winner/kxucl1h-26sep10bmubog,Bayern Munich wins 1st Half,Bayern Munich wins 1st Half,KXUCL1H-26SEP10BMUBOG,Bayern Munich vs Bodoe/Glimt: First Half Winner,KXUCL1H,Champions League First Hal Winner,Sports,"[""Soccer""]",open,binary,0.76,0.77,0.77,0.765,0.235,0.765,0.01,34965.35,34517.14,33063.2,0,2026-09-08T19:09:00Z,2026-09-12T19:00:00Z,2026-09-12T19:00:00Z,,,,structured,,,,True,2026-09-10T16:39:06+00:00,,,,
polymarket,0x4acc4551fbb5683919f1b8bd4bc13dc0970f81880c15bec3c520ecf63af96926,https://polymarket.com/event/highest-temperature-in-hong-kong-on-september-10-2026/highest-temperature-in-hong-kong-on-september-10-2026-31c,,Will the highest temperature in Hong Kong be 31°C on September 10?,31°C,986716,Highest temperature in Hong Kong on September 10?,highest-temperature-in-hong-kong-on-september-10-2026,Highest temperature in Hong Kong on September 10?,,[],open,binary,0.999,1,0.999,0.9995,0.0005,0.9995,0.001,35581.481833,34503.954748,,18557.69116,2026-09-08T04:57:06Z,2026-09-10T12:00:00Z,2026-09-10T12:00:00Z,,,,,,,,,2026-09-10T16:38:51+00:00,53.45,"[""Yes"", ""No""]","[0.9995, 0.0005]",55367193266259659736093742789899333885665767084678383970951956998800911515116
polymarket,0x2371ca77fc832c1dbb15274fd22ca0c47b9440b83a0eda040b603cf7b6d356c6,https://polymarket.com/event/what-price-will-wti-hit-in-september-2026/will-wti-reach-120-in-september-2026,,Will WTI Crude Oil (WTI) hit (HIGH) $120 in September?,↑ $120,907966,What will WTI Crude Oil (WTI) hit in September 2026?,what-price-will-wti-hit-in-september-2026,What will WTI Crude Oil (WTI) hit in September 2026?,,[],open,binary,0.126,0.169,0.158,0.1475,0.8525,0.1475,0.043,204317.79440400001,34323.310049,,53526.95091,2026-08-25T04:02:12Z,2026-10-01T03:59:59.999Z,2026-10-01T03:59:59.999Z,,,,,,,,,2026-09-10T16:38:51+00:00,9.65,"[""Yes"", ""No""]","[0.1475, 0.8525]",85797993472362091401856274154836281530871600716798983546575102666947228162289
kalshi,KXMLBHR-26SEP101215TBATL-TBRVILADE26-1,https://kalshi.com/markets/kxmlbhr/pro-baseball-home-runs,https://kalshi.com/markets/kxmlbhr/pro-baseball-home-runs/kxmlbhr-26sep101215tbatl,Ryan Vilade: 1+ home runs?,Ryan Vilade: 1+,KXMLBHR-26SEP101215TBATL,Tampa Bay vs Atlanta: Home Runs,KXMLBHR,Pro Baseball Home Runs,Sports,"[""Baseball""]",open,binary,0.08,0.09,0.09,0.085,0.915,0.085,0.01,34655.22,34236.89,34543.25,0,2026-09-10T14:20:00Z,2026-09-13T16:15:00Z,2026-09-13T16:15:00Z,,,,greater,0.5,,,True,2026-09-10T16:38:51+00:00,,,,
kalshi,KXCPIYOY-26AUG-T3.4,https://kalshi.com/markets/kxcpiyoy/inflation,https://kalshi.com/markets/kxcpiyoy/inflation/kxcpiyoy-26aug,Will the rate of CPI inflation be above 3.4% for the year ending in August 2026?,Above 3.4%,KXCPIYOY-26AUG,Inflation in August 2026 (CPI YoY),KXCPIYOY,Inflation,Economics,"[""Inflation""]",open,binary,0.16,0.17,0.17,0.165,0.835,0.165,0.01,184133.23,34236.04,152839.98,0,2026-06-09T22:15:00Z,2026-09-11T12:29:00Z,2026-12-11T14:00:00Z,,,,greater,3.4,,CPI,True,2026-09-10T16:40:06+00:00,,,,
kalshi,KXMLBHR-26SEP101305HOUPHI-HOUJPENA3-1,https://kalshi.com/markets/kxmlbhr/pro-baseball-home-runs,https://kalshi.com/markets/kxmlbhr/pro-baseball-home-runs/kxmlbhr-26sep101305houphi,Jeremy Peña: 1+ home runs?,Jeremy Peña: 1+,KXMLBHR-26SEP101305HOUPHI,Houston vs Philadelphia: Home Runs,KXMLBHR,Pro Baseball Home Runs,Sports,"[""Baseball""]",open,binary,0.11,0.12,0.12,0.115,0.885,0.115,0.01,34298.49,34173.03,33894.29,0,2026-09-10T04:10:00Z,2026-09-13T17:05:00Z,2026-09-13T17:05:00Z,,,,greater,0.5,,,True,2026-09-10T16:38:52+00:00,,,,
polymarket,0xff6c155487d5f2f331e090486efc12d0d5a04102b51f65b421ae8d1bb14abbd0,https://polymarket.com/event/elon-musk-of-tweets-september-4-september-11-2026/elon-musk-of-tweets-september-4-september-11-2026-240-259,,"Will Elon Musk post 240-259 tweets from September 4 to September 11, 2026?",240-259,945718,"Elon Musk # tweets September 4 - September 11, 2026?",elon-musk-of-tweets-september-4-september-11-2026,"Elon Musk # tweets September 4 - September 11, 2026?",,[],open,binary,0.001,0.002,0.002,0.0015,0.9985,0.0015,0.001,78253.208578,34117.61526,,17685.38636,2026-09-01T04:00:34Z,2026-09-11T16:00:00Z,2026-09-11T16:00:00Z,,,,,,,,,2026-09-10T16:38:51+00:00,-0.7,"[""Yes"", ""No""]","[0.0015, 0.9985]",107991285601208674396970409274931811243998833561653139245605530779761390018345
kalshi,KXMAYORLA-26-NRAM,https://kalshi.com/markets/kxmayorla/la,https://kalshi.com/markets/kxmayorla/la/kxmayorla-26,Who will win Los Angeles Mayoral Election?,Nithya Raman,KXMAYORLA-26,Los Angeles Mayor winner?,KXMAYORLA,LA,Elections,"[""US Elections"", ""Other US Elections""]",open,binary,0.34,0.35,0.35,0.345,0.655,0.345,0.01,15876544.42,34025.53,5802567.75,0,2026-02-07T22:00:00Z,2027-06-02T14:00:00Z,2027-06-02T14:00:00Z,,,,custom,,,,True,2026-09-10T16:40:23+00:00,,,,
kalshi,KXMLBHR-26SEP101215TBATL-ATLARILEY27-1,https://kalshi.com/markets/kxmlbhr/pro-baseball-home-runs,https://kalshi.com/markets/kxmlbhr/pro-baseball-home-runs/kxmlbhr-26sep101215tbatl,Austin Riley: 1+ home runs?,Austin Riley: 1+,KXMLBHR-26SEP101215TBATL,Tampa Bay vs Atlanta: Home Runs,KXMLBHR,Pro Baseball Home Runs,Sports,"[""Baseball""]",open,binary,0.15,0.16,0.16,0.155,0.845,0.155,0.01,34091.28,33931.91,34091.28,0,2026-09-10T04:40:00Z,2026-09-13T16:15:00Z,2026-09-13T16:15:00Z,,,,greater,0.5,,,True,2026-09-10T16:38:52+00:00,,,,
polymarket,0xed75a3b173cd8d0a5b3946d6e13c0c8b90429bfb65e7d55c8bbea0f5e6856f4e,https://polymarket.com/event/epl-2027-champion-20260701200428749/will-brighton-win-the-2026-27-english-premier-league-epl-championship-20260701200428754,,Will Brighton win the 2026-27 English Premier League (EPL) Championship?,Brighton,659518,EPL: 2027 Champion,epl-2027-champion-20260701200428749,EPL: 2027 Champion,,[],open,binary,0.004,0.005,0.004,0.0045,0.9955,0.0045,0.001,679381.8884610002,33885.45,,582564.40591,2026-07-02T18:13:54.127864Z,2027-05-30T23:59:00Z,2027-05-30T23:59:00Z,,,,,,,,,2026-09-10T16:38:51+00:00,,"[""Yes"", ""No""]","[0.0045, 0.9955]",9221383556608449303835174806846320148935846556873035382860978740383478459961
polymarket,0x66bbf6d55e0296278858b3147689f3df9259374f158f9f028b608baa322a639c,https://polymarket.com/event/maine-senate-election-winner/will-the-democrats-win-the-maine-senate-race-in-2026,,Will the Democrats win the Maine Senate race in 2026?,Troy Jackson (D),57650,Maine Senate Election Winner,maine-senate-election-winner,Maine Senate Election Winner,,[],open,binary,0.7,0.71,0.71,0.705,0.295,0.705,0.01,798330.2035310003,33853.478912,,102103.6845,2025-10-13T22:29:09.507364Z,,,,,,,,,,,2026-09-10T16:38:51+00:00,-2,"[""Yes"", ""No""]","[0.705, 0.295]",7589880081658059374445882095611024032084645048848237404312287942463647821549
kalshi,KXDPWORLDTOUR-AMIO26-MJOR,https://kalshi.com/markets/kxdpworldtour/dp-world-tour-tournament-winner,https://kalshi.com/markets/kxdpworldtour/dp-world-tour-tournament-winner/kxdpworldtour-amio26,Will Matthew Jordan win the Amgen Irish Open?,Matthew Jordan,KXDPWORLDTOUR-AMIO26,Amgen Irish Open Winner,KXDPWORLDTOUR,DP World Tour Tournament Winner,Sports,"[""Golf""]",open,binary,0.001,0.007,0.003,0.004,0.996,0.004,0.006,78637.21,33685.67,78137.21,0,2026-09-05T16:05:00Z,2026-09-27T00:00:00Z,2026-09-27T00:00:00Z,,,,structured,,,,True,2026-09-10T16:39:19+00:00,,,,
polymarket,0x5e9e68a4726f22ba6a19017bdfcdbbea28297077356743fda15a045b671c79a9,https://polymarket.com/event/what-price-will-bitcoin-hit-september-7-13-2026/will-bitcoin-dip-to-70k-september-7-13-2026,,"Will Bitcoin dip to $70,000 September 7-13?","↓ 70,000",980492,What price will Bitcoin hit September 7-13?,what-price-will-bitcoin-hit-september-7-13-2026,What price will Bitcoin hit September 7-13?,,[],open,binary,0.026,0.043,0.042,0.0345,0.9655,0.0345,0.017,80169.16525199999,33455.146442,,34598.3444,2026-09-07T04:00:23Z,2026-09-14T04:00:00Z,2026-09-14T04:00:00Z,,,,,,,,,2026-09-10T16:38:51+00:00,-0.55,"[""Yes"", ""No""]","[0.0345, 0.9655]",72272087972608714561293978492504527623891163579034895501553699853965420205625
kalshi,KXNFLGAME-26SEP13BUFHOU-HOU,https://kalshi.com/markets/kxnflgame/professional-football-game,https://kalshi.com/markets/kxnflgame/professional-football-game/kxnflgame-26sep13bufhou,Buffalo vs Houston Pro Football game: Houston wins?,Houston,KXNFLGAME-26SEP13BUFHOU,Buffalo vs Houston,KXNFLGAME,Professional Football Game,Sports,"[""Football""]",open,binary,0.47,0.48,0.48,0.475,0.525,0.475,0.01,121209.68,33271.5,108427.69,0,2026-05-15T17:04:00Z,2026-09-15T17:00:00Z,2026-09-15T17:00:00Z,,,,structured,,,,True,2026-09-10T16:40:09+00:00,,,,
kalshi,KXNFLCOTY-27-KMOO,https://kalshi.com/markets/kxnflcoty/ap-pro-football-coach-of-the-year,https://kalshi.com/markets/kxnflcoty/ap-pro-football-coach-of-the-year/kxnflcoty-27,Will Kellen Moore win the Coach of the Year?,Kellen Moore,KXNFLCOTY-27,Coach of the Year Winner?,KXNFLCOTY,AP Pro Football Coach Of The Year,Sports,"[""Football""]",open,binary,0.09,0.13,0.09,0.11,0.89,0.11,0.04,88486.97,33246.64,78976.64,0,2026-03-31T02:00:00Z,2028-02-28T15:00:00Z,2028-02-28T15:00:00Z,,,,custom,,,,True,2026-09-10T16:40:20+00:00,,,,
kalshi,KXMLBF5-26SEP101305HOUPHI-PHI,https://kalshi.com/markets/kxmlbf5/first-5-innings-winner,https://kalshi.com/markets/kxmlbf5/first-5-innings-winner/kxmlbf5-26sep101305houphi,Philadelphia first 5 innings winner,Philadelphia wins first 5 innings,KXMLBF5-26SEP101305HOUPHI,Houston vs Philadelphia: First 5 Innings,KXMLBF5,First 5 Innings Winner,Sports,"[""Baseball""]",open,binary,0.54,0.55,0.55,0.545,0.455,0.545,0.01,33282.54,33205.08,32236.54,0,2026-09-09T20:10:00Z,2026-09-13T17:05:00Z,2026-09-13T17:05:00Z,,,,structured,,,,True,2026-09-10T16:38:54+00:00,,,,
polymarket,0xb6811cad741c954acd814178d70d47784341fdaacdf247633ca688ecee921c17,https://polymarket.com/event/elon-musk-of-tweets-september-4-september-11-2026/elon-musk-of-tweets-september-4-september-11-2026-260-279,,"Will Elon Musk post 260-279 tweets from September 4 to September 11, 2026?",260-279,945718,"Elon Musk # tweets September 4 - September 11, 2026?",elon-musk-of-tweets-september-4-september-11-2026,"Elon Musk # tweets September 4 - September 11, 2026?",,[],open,binary,,0.001,0.001,0.0005,0.9995,0.0005,0.001,78633.750481,33193.676333,,22394.94004,2026-09-01T04:00:34Z,2026-09-11T16:00:00Z,2026-09-11T16:00:00Z,,,,,,,,,2026-09-10T16:38:51+00:00,-0.3,"[""Yes"", ""No""]","[0.0005, 0.9995]",104923312456524181968638408640099198109725123126749687627677699126163112416498
kalshi,KXDPWORLDTOUR-AMIO26-PHAR,https://kalshi.com/markets/kxdpworldtour/dp-world-tour-tournament-winner,https://kalshi.com/markets/kxdpworldtour/dp-world-tour-tournament-winner/kxdpworldtour-amio26,Will Padraig Harrington win the Amgen Irish Open?,Padraig Harrington,KXDPWORLDTOUR-AMIO26,Amgen Irish Open Winner,KXDPWORLDTOUR,DP World Tour Tournament Winner,Sports,"[""Golf""]",open,binary,0,0.001,0.003,0.0005,0.9995,0.0005,0.001,54872.22,33133.07,54872.22,0,2026-09-05T16:05:00Z,2026-09-27T00:00:00Z,2026-09-27T00:00:00Z,,,,structured,,,,True,2026-09-10T16:39:19+00:00,,,,
polymarket,0x4bcb9ee94aee5f0578ccf4fb1575607183bc8274eb4c853002e0a0cb8a2236d6,https://polymarket.com/event/what-price-will-bitcoin-hit-in-september-2026/will-bitcoin-dip-to-70k-in-september-2026,,"Will Bitcoin dip to $70,000 in September?","↓ 70,000",946004,What price will Bitcoin hit in September?,what-price-will-bitcoin-hit-in-september-2026,What price will Bitcoin hit in September?,,[],open,binary,0.29,0.3,0.3,0.295,0.705,0.295,0.01,195396.4245399999,33111.532302,,58373.453,2026-09-01T05:07:17Z,2026-10-01T04:00:00Z,2026-10-01T04:00:00Z,,,,,,,,,2026-09-10T16:38:51+00:00,8,"[""Yes"", ""No""]","[0.295, 0.705]",114875749498679261537403226281565687128549975073353925622245776771686358996689
polymarket,0x7ee722a07e0f84405f1267bc1c84eb95bd6348454453abf445618e778af8fd18,https://polymarket.com/event/how-many-fed-rate-cuts-in-2026/will-5-fed-rate-cuts-happen-in-2026,,Will 5 Fed rate cuts happen in 2026?,5 (125 bps),51456,How many Fed rate cuts in 2026?,how-many-fed-rate-cuts-in-2026,How many Fed rate cuts in 2026?,,[],open,binary,0.001,0.003,0.002,0.002,0.998,0.002,0.002,2948514.538563999,33086.712,,211045.38694,2025-09-29T22:24:49.907177Z,2026-12-31T00:00:00Z,2026-12-31T00:00:00Z,,,,,,,,,2026-09-10T16:38:51+00:00,0.05,"[""Yes"", ""No""]","[0.002, 0.998]",29213252446661789250484965446100709214117256176608501943249094649759520097655
kalshi,KXUCLSPREAD-26SEP10PSVSHA-PSV2,https://kalshi.com/markets/kxuclspread/champions-league-spread,https://kalshi.com/markets/kxuclspread/champions-league-spread/kxuclspread-26sep10psvsha,Eindhoven wins by more than 1.5 goals?,Eindhoven wins by more than 1.5 goals,KXUCLSPREAD-26SEP10PSVSHA,Eindhoven vs Shakhtar: Spread,KXUCLSPREAD,Champions League Spread,Sports,"[""Soccer""]",open,binary,0.41,0.42,0.42,0.415,0.585,0.415,0.01,38178.1,33068.78,34111.43,0,2026-09-07T17:06:00Z,2026-09-12T22:45:00Z,2026-09-12T22:45:00Z,,,,greater,1.5,,,True,2026-09-10T16:39:12+00:00,,,,
polymarket,0xfac4ba94b398e15fff9d334d71c8bc099cb37c6238a31f4faee18deb4b904e0c,https://polymarket.com/event/nfl-sf-la-2026-09-11/nfl-sf-la-2026-09-11-spread-home-4pt5,,Spread: Rams (-4.5),Spread -4.5,776490,49ers vs. Rams,nfl-sf-la-2026-09-11,49ers vs. Rams,,[],open,binary,0.46,0.47,0.47,0.465,0.535,0.465,0.01,33807.98280699999,33054.833053,,624632.4575,2026-08-04T16:02:51Z,2026-09-11T00:35:00Z,2026-09-11T00:35:00Z,,,,,,,,,2026-09-10T16:38:51+00:00,,"[""Rams"", ""49ers""]","[0.465, 0.535]",2158955863321664459638749579821841972215129885374665206417405770600959561488
kalshi,KXVOTEMV-26SEP20CDU-5,https://kalshi.com/markets/kxvotemv/mecklenburg-vorpommern-parliamentary-election-party-vote-share,https://kalshi.com/markets/kxvotemv/mecklenburg-vorpommern-parliamentary-election-party-vote-share/kxvotemv-26sep20cdu,Will CDU receive at least 5% of valid second votes in the 2026 Mecklenburg-Vorpommern parliamentary election?,At least 5%,KXVOTEMV-26SEP20CDU,Mecklenburg-Vorpommern parliamentary election: CDU vote share?,KXVOTEMV,Mecklenburg-Vorpommern parliamentary election party vote share,Elections,"[""International elections""]",open,binary,0.64,0.95,0.61,0.795,0.205,0.795,0.31,33140.71,33040.71,24624.57,0,2026-09-08T23:00:00Z,2027-09-20T14:00:00Z,2027-09-20T14:00:00Z,,,,greater_or_equal,5,,,True,2026-09-10T16:39:05+00:00,,,,
kalshi,KXDPWORLDTOUR-AMIO26-NHJG,https://kalshi.com/markets/kxdpworldtour/dp-world-tour-tournament-winner,https://kalshi.com/markets/kxdpworldtour/dp-world-tour-tournament-winner/kxdpworldtour-amio26,Will Nicolai Højgaard win the Amgen Irish Open?,Nicolai Højgaard,KXDPWORLDTOUR-AMIO26,Amgen Irish Open Winner,KXDPWORLDTOUR,DP World Tour Tournament Winner,Sports,"[""Golf""]",open,binary,0.017,0.019,0.017,0.018,0.982,0.018,0.002,77233.67,32863.65,74847.02,0,2026-09-05T16:05:00Z,2026-09-27T00:00:00Z,2026-09-27T00:00:00Z,,,,structured,,,,True,2026-09-10T16:39:19+00:00,,,,
kalshi,KXBALANCEPOWERCOMBO-27FEB-DD,https://kalshi.com/markets/kxbalancepowercombo/congress-balance-of-power-combo,https://kalshi.com/markets/kxbalancepowercombo/congress-balance-of-power-combo/kxbalancepowercombo-27feb,Will House Control be Democratic AND Senate Control be Democratic for Feb 2027?,"D-House, D-Senate",KXBALANCEPOWERCOMBO-27FEB,2026 Midterms: Congress Balance of Power?,KXBALANCEPOWERCOMBO,Congress balance of power combo,Elections,"[""Senate"", ""House"", ""Mixed Combos"", ""US Elections"", ""Election Combos""]",open,binary,0.46,0.47,0.46,0.465,0.535,0.465,0.01,2733082.41,32805.26,1492656.88,0,2025-12-11T15:00:00Z,2027-02-01T15:00:00Z,2027-02-08T15:00:00Z,,,,custom,,,,True,2026-09-10T16:40:27+00:00,,,,
polymarket,0x0844f5be2e87761e128eac1b68d4880b47aa06ff4108be71eaaf7ed3fc463d41,https://polymarket.com/event/will-xi-jinping-visit-us-before-2027/will-xi-jinping-visit-us-by-september-30,,Will Xi Jinping visit US by September 30?,September 30,208023,Will Xi Jinping visit US by...?,will-xi-jinping-visit-us-before-2027,Will Xi Jinping visit US by...?,,[],open,binary,0.931,0.932,0.932,0.9315,0.0685,0.9315,0.001,182855.91610299997,32745.055481999996,,38485.05923,2026-08-21T07:35:07.303Z,2026-09-30T23:59:00Z,2026-09-30T23:59:00Z,,,,,,,,,2026-09-10T16:38:51+00:00,-2.3,"[""Yes"", ""No""]","[0.9315, 0.0685]",90464506602136350767784706783189506727827951756941578015494993747105229931522
kalshi,KXKFTOUR-SIBOFTSF26-BBRO,https://kalshi.com/markets/kxkftour/korn-ferry-tour,https://kalshi.com/markets/kxkftour/korn-ferry-tour/kxkftour-siboftsf26,Will Blades Brown win the Simmons Bank Open for the Snedeker Foundation?,Blades Brown,KXKFTOUR-SIBOFTSF26,Simmons Bank Open for the Snedeker Foundation Winner,KXKFTOUR,Korn Ferry Tour,Sports,"[""Golf""]",open,binary,0.029,0.088,0.1,0.0585,0.9415,0.0585,0.059,61015.24,32640.51,50128.56,0,2026-09-06T23:05:00Z,2026-09-27T00:00:00Z,2026-09-27T00:00:00Z,,,,structured,,,,True,2026-09-10T16:39:15+00:00,,,,
polymarket,0xf9f8f8b59a41cfad6e22cd5750aec106386a389366526cd5152007b4ad9ffe73,https://polymarket.com/event/bitcoin-above-on-september-11-2026/bitcoin-above-72k-on-september-11-2026,,"Will the price of Bitcoin be above $72,000 on September 11?","72,000",964867,Bitcoin above ___ on September 11?,bitcoin-above-on-september-11-2026,Bitcoin above ___ on September 11?,,[],open,binary,0.991,0.994,0.994,0.9925,0.0075,0.9925,0.003,39224.73251,32610.529338999993,,39828.85835,2026-09-04T16:00:22Z,2026-09-11T16:00:00Z,2026-09-11T16:00:00Z,,,,,,,,,2026-09-10T16:38:51+00:00,0.35,"[""Yes"", ""No""]","[0.9925, 0.0075]",56831508437615315922300122987019526828692796090222774782035864138152573539440
kalshi,KXNFLGAME-26SEP13MIALV-MIA,https://kalshi.com/markets/kxnflgame/professional-football-game,https://kalshi.com/markets/kxnflgame/professional-football-game/kxnflgame-26sep13mialv,Miami vs Las Vegas Pro Football game: Miami wins?,Miami,KXNFLGAME-26SEP13MIALV,Miami vs Las Vegas,KXNFLGAME,Professional Football Game,Sports,"[""Football""]",open,binary,0.39,0.4,0.4,0.395,0.605,0.395,0.01,83863.08,32601.62,74146.86,0,2026-05-15T17:04:00Z,2026-09-15T20:25:00Z,2026-09-15T20:25:00Z,,,,structured,,,,True,2026-09-10T16:40:09+00:00,,,,
polymarket,0x46ca741da4abd7ffa993f59ac65bfe83de43ae027accac71d263a493e44064e7,https://polymarket.com/event/us-announces-end-of-iranian-blockade-byptptpt-20260713152715080/us-announces-end-of-iranian-blockade-by-december-31-2026-20260727171803489-375-949-645-919-269-157-255-857,,"US announces end of Iranian blockade by December 31, 2026?",December 31,699735,US announces end of Iranian blockade by...?,us-announces-end-of-iranian-blockade-byptptpt-20260713152715080,US announces end of Iranian blockade by...?,,[],open,binary,0.58,0.584,0.579,0.582,0.418,0.582,0.004,1543086.2203989998,32580.591546000003,,225519.66257,2026-07-27T17:52:56.467Z,2027-01-01T04:59:00Z,2027-01-01T04:59:00Z,,,,,,,,,2026-09-10T16:38:51+00:00,0.35,"[""Yes"", ""No""]","[0.582, 0.418]",86011229287950365043519117852041614651767455889324682112682327985496937935368
kalshi,KXNFLTD-26SEP10SFLAR-LARPNACUA12-1,https://kalshi.com/markets/kxnfltd/pro-football-touchdowns,https://kalshi.com/markets/kxnfltd/pro-football-touchdowns/kxnfltd-26sep10sflar,Puka Nacua: 1+ touchdowns,Puka Nacua: 1+,KXNFLTD-26SEP10SFLAR,San Francisco vs Los Angeles R: Touchdowns,KXNFLTD,Pro Football Touchdowns,Sports,"[""Football""]",open,binary,0.39,0.4,0.4,0.395,0.605,0.395,0.01,39456.6,32572.2,38670.96,0,2026-08-27T23:45:00Z,2026-09-13T00:35:00Z,2026-09-13T00:35:00Z,,,,greater,0.5,,,True,2026-09-10T16:39:35+00:00,,,,
polymarket,0xe6d5e5da83874cd82c9b651a8a5d4fc541a800a295fb62e85124b4f5a04a4b7d,https://polymarket.com/event/will-china-invade-taiwan-by-december-31-2027/will-china-invade-taiwan-by-december-31-2027,,"Will China invade Taiwan by December 31, 2027?",,281145,"Will China invade Taiwan by December 31, 2027?",will-china-invade-taiwan-by-december-31-2027,"Will China invade Taiwan by December 31, 2027?",,[],open,binary,0.1,0.11,0.11,0.105,0.895,0.105,0.01,3138783.3566599996,32423.240966,,225129.036,2026-03-17T23:32:00.623Z,2028-01-01T04:59:00Z,2028-01-01T04:59:00Z,,,,,,,,,2026-09-10T16:38:51+00:00,,"[""Yes"", ""No""]","[0.105, 0.895]",99308764485765552888542373236405354280486342174935314281037215048612491168324
polymarket,0x267150fdde2f1a69310bd609523b30810a5ddca37e09e62c212b721282ff23ee,https://polymarket.com/event/mlb-hou-phi-2026-09-10/mlb-hou-phi-2026-09-10-spread-home-1pt5,,Spread: Philadelphia Phillies (-1.5),Spread -1.5,964210,Houston Astros vs. Philadelphia Phillies,mlb-hou-phi-2026-09-10,Houston Astros vs. Philadelphia Phillies,,[],open,binary,0.45,0.46,0.46,0.455,0.545,0.455,0.01,32347.504597999996,32347.504597999996,,242548.4089,2026-09-09T17:29:13Z,2026-09-10T17:05:00Z,2026-09-10T17:05:00Z,,,,,,,,,2026-09-10T16:38:51+00:00,,"[""Philadelphia Phillies"", ""Houston Astros""]","[0.455, 0.545]",7229960358794822517613618852745343505652255140031196274856543848389722289115
polymarket,0x71dd44fa5059fbed28a279172185d3623aa34ce86be1936281df26b5d1b87200,https://polymarket.com/event/us-announces-end-of-iranian-blockade-byptptpt-20260713152715080/us-announces-end-of-iranian-blockade-by-september-21-2026,,"US announces end of Iranian blockade by September 21, 2026?",September 21,699735,US announces end of Iranian blockade by...?,us-announces-end-of-iranian-blockade-byptptpt-20260713152715080,US announces end of Iranian blockade by...?,,[],open,binary,0.07,0.08,0.07,0.075,0.925,0.075,0.01,664982.021958,32307.801431,,62979.0584,2026-08-18T16:40:06.64854Z,2026-09-22T03:59:00Z,2026-09-22T03:59:00Z,,,,,,,,,2026-09-10T16:38:51+00:00,-1,"[""Yes"", ""No""]","[0.075, 0.925]",94770042529883309392255966715551132169012522769091385480819155582901630638873
kalshi,KXITFMATCH-26SEP09CUNGON-GON,https://kalshi.com/markets/kxitfmatch/itf-men-s-match,https://kalshi.com/markets/kxitfmatch/itf-men-s-match/kxitfmatch-26sep09cungon,Joao Vitor Goncalves Ceolin wins,Joao Vitor Goncalves Ceolin,KXITFMATCH-26SEP09CUNGON,Cunha vs Goncalves Ceolin,KXITFMATCH,ITF Men's Match,Sports,"[""Tennis""]",open,binary,0.97,0.98,0.98,0.975,0.025,0.975,0.01,33889.92,32290.07,30703.51,0,2026-09-09T00:42:00Z,2026-09-23T16:30:00Z,2026-09-23T16:30:00Z,,,,structured,,,,True,2026-09-10T16:39:04+00:00,,,,
kalshi,KXRAIN-26SEP10-OKC,https://kalshi.com/markets/kxrain/where-will-it-rain-daily,https://kalshi.com/markets/kxrain/where-will-it-rain-daily/kxrain-26sep10,"Will it rain in Oklahoma City on Sep 10, 2026?",Oklahoma City,KXRAIN-26SEP10,"Where will it rain on Sep 10, 2026?",KXRAIN,Where will it rain daily,Climate and Weather,"[""Snow and rain""]",open,binary,0.99,1,0.99,0.995,0.005,0.995,0.01,33129.5,32277.37,14358.7,0,2026-09-09T09:10:00Z,2026-09-11T06:00:00Z,2026-09-12T06:00:00Z,,,,greater,0,,,True,2026-09-10T16:39:01+00:00,,,,
kalshi,KXOSCARPIC-27-YOU,https://kalshi.com/markets/kxoscarpic/oscar-for-best-picture,https://kalshi.com/markets/kxoscarpic/oscar-for-best-picture/kxoscarpic-27,Will You Can See Everything win Best Picture at the Oscars?,You Can See Everything,KXOSCARPIC-27,Oscar Winner: Best Picture,KXOSCARPIC,Oscar for Best Picture,Entertainment,"[""Oscars"", ""Awards""]",open,binary,0.02,0.03,0.03,0.025,0.975,0.025,0.01,67760.08,32265.81,67710.08,0,2026-09-09T00:00:00Z,2027-12-31T15:00:00Z,2027-12-31T15:00:00Z,,,,custom,,,,True,2026-09-10T16:39:05+00:00,,,,
kalshi,KXRAIN-26SEP10-BOS,https://kalshi.com/markets/kxrain/where-will-it-rain-daily,https://kalshi.com/markets/kxrain/where-will-it-rain-daily/kxrain-26sep10,"Will it rain in Boston on Sep 10, 2026?",Boston,KXRAIN-26SEP10,"Where will it rain on Sep 10, 2026?",KXRAIN,Where will it rain daily,Climate and Weather,"[""Snow and rain""]",open,binary,0.99,1,0.99,0.995,0.005,0.995,0.01,32804.16,32256.44,26289.02,0,2026-09-09T09:10:00Z,2026-09-11T05:00:00Z,2026-09-12T05:00:00Z,,,,greater,0,,,True,2026-09-10T16:39:01+00:00,,,,
polymarket,0x1166388a24a3f2a9bb0a45956bdb205c70f0ecafb8539e277a57adf022e306be,https://polymarket.com/event/next-french-presidential-election/will-jordan-bardella-win-the-2027-french-presidential-election,,Will Jordan Bardella win the 2027 French presidential election?,Jordan Bardella,79987,Next French Presidential Election,next-french-presidential-election,Next French Presidential Election,,[],open,binary,0.021,0.022,0.021,0.0215,0.9785,0.0215,0.001,2088414.7708220005,32244.657822999998,,174881.38777,2025-11-13T23:09:39.235402Z,2027-04-30T00:00:00Z,2027-04-30T00:00:00Z,,,,,,,,,2026-09-10T16:38:51+00:00,,"[""Yes"", ""No""]","[0.0215, 0.9785]",1114938555853162662375805609341386795965961002028313810409954359771505507177
kalshi,KXNCAAFGAME-26SEP12RICEND-RICE,https://kalshi.com/markets/kxncaafgame/college-football-game,https://kalshi.com/markets/kxncaafgame/college-football-game/kxncaafgame-26sep12ricend,Will Rice win the Rice vs Notre Dame college football game?,Rice,KXNCAAFGAME-26SEP12RICEND,Rice vs Notre Dame,KXNCAAFGAME,College Football Game,Sports,"[""Football""]",open,binary,0,0.01,0.01,0.005,0.995,0.005,0.01,136306.12,32244.46,123497.81,0,2026-05-20T19:09:00Z,2026-09-14T19:30:00Z,2026-09-14T19:30:00Z,,,,structured,,,,True,2026-09-10T16:40:08+00:00,,,,
kalshi,KXMLB-26-SD,https://kalshi.com/markets/kxmlb/world-series,https://kalshi.com/markets/kxmlb/world-series/kxmlb-26,Will San Diego win the 2026 Pro Baseball Championship?,San Diego,KXMLB-26,Pro Baseball Champion,KXMLB,World Series,Sports,"[""Baseball""]",open,binary,0.02,0.022,0.024,0.021,0.979,0.021,0.002,2670440.26,32222.97,2078132.31,0,2025-12-17T15:00:00Z,2028-10-31T04:00:00Z,2028-10-31T04:00:00Z,,,,structured,,,,True,2026-09-10T16:40:27+00:00,,,,
kalshi,KXITFMATCH-26SEP10CHIGAR-GAR,https://kalshi.com/markets/kxitfmatch/itf-men-s-match,https://kalshi.com/markets/kxitfmatch/itf-men-s-match/kxitfmatch-26sep10chigar,Axel Garcian wins,Axel Garcian,KXITFMATCH-26SEP10CHIGAR,Chidekh vs Garcian,KXITFMATCH,ITF Men's Match,Sports,"[""Tennis""]",open,binary,0.02,0.03,0.03,0.025,0.975,0.025,0.01,46152.87,31834.37,38279.65,0,2026-09-09T23:13:00Z,2026-09-24T15:00:00Z,2026-09-24T15:00:00Z,,,,structured,,,,True,2026-09-10T16:38:53+00:00,,,,
kalshi,KXMLB-26-MIN,https://kalshi.com/markets/kxmlb/world-series,https://kalshi.com/markets/kxmlb/world-series/kxmlb-26,Will Minnesota win the 2026 Pro Baseball Championship?,Minnesota,KXMLB-26,Pro Baseball Champion,KXMLB,World Series,Sports,"[""Baseball""]",open,binary,0,0.001,0.001,0.0005,0.9995,0.0005,0.001,1852470.34,31829.58,1271765.17,0,2025-12-17T15:00:00Z,2028-10-31T04:00:00Z,2028-10-31T04:00:00Z,,,,structured,,,,True,2026-09-10T16:40:27+00:00,,,,
kalshi,KXNFLFIRSTTD-26SEP10SFLAR-SFCMCCAFFREY23,https://kalshi.com/markets/kxnflfirsttd/pro-football-first-touchdown,https://kalshi.com/markets/kxnflfirsttd/pro-football-first-touchdown/kxnflfirsttd-26sep10sflar,Christian McCaffrey: 1st Touchdown,Christian McCaffrey,KXNFLFIRSTTD-26SEP10SFLAR,San Francisco vs Los Angeles R: First Touchdown,KXNFLFIRSTTD,Pro Football First Touchdown,Sports,"[""Football""]",open,binary,0.12,0.14,0.14,0.13,0.87,0.13,0.02,32141.3,31829.15,31431.95,0,2026-09-09T18:19:00Z,2026-09-13T00:35:00Z,2026-09-13T00:35:00Z,,,,structured,,,,True,2026-09-10T16:38:56+00:00,,,,
kalshi,KXDPWORLDTOURR1LEAD-AMIO26-OLIN,https://kalshi.com/markets/kxdpworldtourr1lead/dp-world-tour-r1-leader,https://kalshi.com/markets/kxdpworldtourr1lead/dp-world-tour-r1-leader/kxdpworldtourr1lead-amio26,Oliver Lindell leads at the end of Round 1,Oliver Lindell,KXDPWORLDTOURR1LEAD-AMIO26,Amgen Irish Open End of Round 1 Leader,KXDPWORLDTOURR1LEAD,DP World Tour R1 Leader,Sports,"[""Golf""]",open,binary,0,0.01,0.001,0.005,0.995,0.005,0.01,36159.78,31717.77,36055.21,0,2026-09-07T00:10:00Z,2026-09-27T00:00:00Z,2026-09-27T00:00:00Z,,,,structured,,,,True,2026-09-10T16:39:15+00:00,,,,
kalshi,KXDPWORLDTOUR-AMIO26-HLI,https://kalshi.com/markets/kxdpworldtour/dp-world-tour-tournament-winner,https://kalshi.com/markets/kxdpworldtour/dp-world-tour-tournament-winner/kxdpworldtour-amio26,Will Hao-Tong Li win the Amgen Irish Open?,Hao-Tong Li,KXDPWORLDTOUR-AMIO26,Amgen Irish Open Winner,KXDPWORLDTOUR,DP World Tour Tournament Winner,Sports,"[""Golf""]",open,binary,0,0.003,0.002,0.0015,0.9985,0.0015,0.003,79554.57,31714.17,79553.57,0,2026-09-05T16:05:00Z,2026-09-27T00:00:00Z,2026-09-27T00:00:00Z,,,,structured,,,,True,2026-09-10T16:39:19+00:00,,,,
kalshi,KXATPCHALLENGERMATCH-26SEP10SEYGIU-GIU,https://kalshi.com/markets/kxatpchallengermatch/challenger-atp,https://kalshi.com/markets/kxatpchallengermatch/challenger-atp/kxatpchallengermatch-26sep10seygiu,Massimo Giunta wins,Massimo Giunta,KXATPCHALLENGERMATCH-26SEP10SEYGIU,Seyboth Wild vs Giunta,KXATPCHALLENGERMATCH,Challenger ATP ,Sports,"[""Tennis""]",open,binary,0.23,0.24,0.24,0.235,0.765,0.235,0.01,49907.86,31705.22,44918.58,0,2026-09-10T04:10:00Z,2026-09-24T16:00:00Z,2026-09-24T16:00:00Z,,,,structured,,,,True,2026-09-10T16:38:52+00:00,,,,
kalshi,KXUCLTOTAL-26SEP10FENROM-4,https://kalshi.com/markets/kxucltotal/champions-league-total-goals,https://kalshi.com/markets/kxucltotal/champions-league-total-goals/kxucltotal-26sep10fenrom,Will over 3.5 goals be scored?,Over 3.5 goals scored,KXUCLTOTAL-26SEP10FENROM,Fenerbahce vs Roma: Total Goals,KXUCLTOTAL,Champions League Total Goals,Sports,"[""Soccer""]",open,binary,0.38,0.39,0.39,0.385,0.615,0.385,0.01,39114.28,31645.81,29713.09,0,2026-09-07T17:06:00Z,2026-09-12T22:45:00Z,2026-09-12T22:45:00Z,,,,greater,3.5,,,True,2026-09-10T16:39:12+00:00,,,,
polymarket,0x45bbb5de81d631faff6507f7267e273eb449c3b906f948b44eb235066d9e2099,https://polymarket.com/event/ai-lab-announces-another-millennium-prize-solution-by/will-an-ai-lab-announce-another-millennium-prize-solution-by-september-30-2026,,"Will an AI lab announce another Millennium Prize solution by September 30, 2026?","September 30, 2026",990236,AI lab announces another Millennium Prize solution by...?,ai-lab-announces-another-millennium-prize-solution-by,AI lab announces another Millennium Prize solution by...?,,[],open,binary,0.39,0.6,0.52,0.495,0.505,0.495,0.21,38937.426449,31637.513422999997,,3509.6301,2026-09-08T19:29:33Z,2026-10-01T03:59:00Z,2026-10-01T03:59:00Z,,,,,,,,,2026-09-10T16:38:51+00:00,42.5,"[""Yes"", ""No""]","[0.495, 0.505]",53065518534979921462960463700370377004476718850636022119148708885734975134289
kalshi,KXGOVCA-26-XBEC,https://kalshi.com/markets/kxgovca/california-governor-s-race,https://kalshi.com/markets/kxgovca/california-governor-s-race/kxgovca-26,Who will win the governorship in California?,Xavier Becerra,KXGOVCA-26,California Governor winner? (Person),KXGOVCA,California Governor's race,Elections,"[""US Elections"", ""Governor""]",open,binary,0.96,0.965,0.966,0.9625,0.0375,0.9625,0.005,5257902.3,31636.19,1804578.85,0,2025-05-16T14:00:00Z,2027-11-03T15:00:00Z,2027-11-03T15:00:00Z,,,,custom,,,,True,2026-09-10T16:40:29+00:00,,,,
kalshi,KXNFL1HSPREAD-26SEP10SFLAR-LAR3,https://kalshi.com/markets/kxnfl1hspread/pro-football-1st-half-spread,https://kalshi.com/markets/kxnfl1hspread/pro-football-1st-half-spread/kxnfl1hspread-26sep10sflar,LA Rams wins 1H by over 2.5 points?,LA Rams wins 1H by over 2.5 points,KXNFL1HSPREAD-26SEP10SFLAR,SF 49ers vs LA Rams: 1st Half Spread,KXNFL1HSPREAD,Pro Football 1st Half Spread,Sports,"[""Football""]",open,binary,0.52,0.53,0.53,0.525,0.475,0.525,0.01,34332.67,31632.08,31614.83,0,2026-09-02T18:36:00Z,2026-09-13T00:35:00Z,2026-09-13T00:35:00Z,,,,greater,2.5,,,True,2026-09-10T16:39:29+00:00,,,,
kalshi,KXT20MATCH-26SEP080930BATFAZ-BAT,https://kalshi.com/markets/kxt20match/men-s-t20-cricket-match,https://kalshi.com/markets/kxt20match/men-s-t20-cricket-match/kxt20match-26sep080930batfaz,Bathinda Royals wins,Bathinda Royals,KXT20MATCH-26SEP080930BATFAZ,Fazilka Falcons vs Bathinda Royals,KXT20MATCH,Men's T20 Cricket Match,Sports,"[""Cricket""]",open,binary,0.06,0.14,0.14,0.1,0.9,0.1,0.08,33738.56,31618.92,25833.99,0,2026-09-06T00:11:00Z,2026-09-11T17:30:00Z,2026-09-11T17:30:00Z,,,,structured,,,,True,2026-09-10T16:39:17+00:00,,,,
polymarket,0xc89266786402aaabe78111eb91c6764d86857bbc4427c82b91d60a5ef69a70d0,https://polymarket.com/event/ballon-dor-winner-2026/will-erling-haaland-win-the-2026-ballon-dor,,Will Erling Haaland win the 2026 Ballon d'Or?,Erling Haaland,48361,Ballon d'Or Winner 2026,ballon-dor-winner-2026,Ballon d'Or Winner 2026,,[],open,binary,0.001,0.002,0.002,0.0015,0.9985,0.0015,0.001,1571086.0859979999,31612.663862,,355315.2154,2025-09-22T23:39:02.010671Z,2026-10-31T00:00:00Z,2026-10-31T00:00:00Z,,,,,,,,,2026-09-10T16:38:51+00:00,-0.1,"[""Yes"", ""No""]","[0.0015, 0.9985]",28452090262595806306683841543702974671789939255165753137157118490078999198778
kalshi,KXDPWORLDTOUR-AMIO26-ELOP,https://kalshi.com/markets/kxdpworldtour/dp-world-tour-tournament-winner,https://kalshi.com/markets/kxdpworldtour/dp-world-tour-tournament-winner/kxdpworldtour-amio26,Will Eugenio Lopez-Chacarra win the Amgen Irish Open?,Eugenio Lopez-Chacarra,KXDPWORLDTOUR-AMIO26,Amgen Irish Open Winner,KXDPWORLDTOUR,DP World Tour Tournament Winner,Sports,"[""Golf""]",open,binary,0.003,0.005,0.005,0.004,0.996,0.004,0.002,95419.77,31604.41,90360.51,0,2026-09-05T16:05:00Z,2026-09-27T00:00:00Z,2026-09-27T00:00:00Z,,,,structured,,,,True,2026-09-10T16:39:19+00:00,,,,
kalshi,KXATPWTA-26USO-ZVESAB,https://kalshi.com/markets/kxatpwta/men-and-women-tournament-winners,https://kalshi.com/markets/kxatpwta/men-and-women-tournament-winners/kxatpwta-26uso,Will Alexander Zverev and Aryna Sabalenka both win the US Open?,Alexander Zverev and Aryna Sabalenka,KXATPWTA-26USO,US Open Exacta,KXATPWTA,Men and Women Tournament Winners,Sports,"[""Tennis""]",open,binary,0.2,0.21,0.21,0.205,0.795,0.205,0.01,52471.55,31510.65,51904.7,0,2026-08-25T00:00:00Z,2026-09-28T02:00:00Z,2026-09-28T02:00:00Z,,,,custom,,,,True,2026-09-10T16:39:37+00:00,,,,
kalshi,KXMLB-26-LAD,https://kalshi.com/markets/kxmlb/world-series,https://kalshi.com/markets/kxmlb/world-series/kxmlb-26,Will Los Angeles D win the 2026 Pro Baseball Championship?,Los Angeles D,KXMLB-26,Pro Baseball Champion,KXMLB,World Series,Sports,"[""Baseball""]",open,binary,0.303,0.305,0.305,0.304,0.696,0.304,0.002,5153693.54,31483.53,2560457.84,0,2025-12-17T15:00:00Z,2028-10-31T04:00:00Z,2028-10-31T04:00:00Z,,,,structured,,,,True,2026-09-10T16:40:27+00:00,,,,
polymarket,0x63e89bec83a4793994c937bd041cd5b9035917249382c9d97b6e62749180a13a,https://polymarket.com/event/what-price-will-wti-hit-in-september-2026/will-wti-reach-150-in-september-2026,,Will WTI Crude Oil (WTI) hit (HIGH) $150 in September?,↑ $150,907966,What will WTI Crude Oil (WTI) hit in September 2026?,what-price-will-wti-hit-in-september-2026,What will WTI Crude Oil (WTI) hit in September 2026?,,[],open,binary,0.01,0.018,0.018,0.014,0.986,0.014,0.008,116824.948299,31456.209383999998,,44427.82924,2026-08-25T04:02:10Z,2026-10-01T03:59:59.999Z,2026-10-01T03:59:59.999Z,,,,,,,,,2026-09-10T16:38:51+00:00,0.65,"[""Yes"", ""No""]","[0.014, 0.986]",111687640145574168884498082287755281891083061574227544269972956823778407304003
kalshi,KXRECORDNFLBEST-27-BAL,https://kalshi.com/markets/kxrecordnflbest/best-football-record,https://kalshi.com/markets/kxrecordnflbest/best-football-record/kxrecordnflbest-27,Will Baltimore have the best regular season record in the 2026-27 season?,Baltimore,KXRECORDNFLBEST-27,Pro Football Best Regular Season Record,KXRECORDNFLBEST,best football record,Sports,"[""Football""]",open,binary,0.08,0.1,0.1,0.09,0.91,0.09,0.02,72731.05,31425.07,65702.32,0,2026-02-10T15:00:00Z,2027-02-22T15:00:00Z,2027-02-22T15:00:00Z,,,,structured,,,,True,2026-09-10T16:40:23+00:00,,,,
polymarket,0xafce45df642c568376876f157d91f3225ec0adfa10ef63067a511f18fe26b56a,https://polymarket.com/event/uefa-champions-league-2027-champion-20260701202025549/will-real-betis-win-the-2026-27-uefa-champions-league-championship-20260701202025564,,Will Real Betis win the 2026-27 UEFA Champions League Championship?,Real Betis,659671,UEFA Champions League: 2027 Champion,uefa-champions-league-2027-champion-20260701202025549,UEFA Champions League: 2027 Champion,,[],open,binary,0.011,0.018,0.011,0.0145,0.9855,0.0145,0.007,620110.3778990001,31407.1285,,109254.17967,2026-07-02T19:04:35.741363Z,2027-05-30T23:59:00Z,2027-05-30T23:59:00Z,,,,,,,,,2026-09-10T16:38:51+00:00,0.75,"[""Yes"", ""No""]","[0.0145, 0.9855]",60401006172283559784197717212553675056118398129255662216364593106759959582892
polymarket,0x4dd4b5ff2ac650d18b2981ff7b4c547e3cfc4fe0904503807be4e4644d145c0f,https://polymarket.com/event/laptop-fdv-above-one-day-after-launch/laptop-fdv-above-10m-one-day-after-launch,,LAPTOP FDV above $10M one day after launch?,$10M,983493,$LAPTOP FDV above ___ one day after launch?,laptop-fdv-above-one-day-after-launch,$LAPTOP FDV above ___ one day after launch?,,[],open,binary,0.998,0.999,0.999,0.9985,0.0015,0.9985,0.001,120576.72652599997,31353.419832999996,,50174.3388,2026-09-07T16:29:13Z,2026-12-31T23:59:00Z,2026-12-31T23:59:00Z,,,,,,,,,2026-09-10T16:38:51+00:00,0.65,"[""Yes"", ""No""]","[0.9985, 0.0015]",50853436387048160243015689942603932383946793640380861753836562992586195243575
kalshi,KXRECORDNFLBEST-27-MIN,https://kalshi.com/markets/kxrecordnflbest/best-football-record,https://kalshi.com/markets/kxrecordnflbest/best-football-record/kxrecordnflbest-27,Will Minnesota have the best regular season record in the 2026-27 season?,Minnesota,KXRECORDNFLBEST-27,Pro Football Best Regular Season Record,KXRECORDNFLBEST,best football record,Sports,"[""Football""]",open,binary,0.02,0.03,0.03,0.025,0.975,0.025,0.01,36635.74,31213.9,35862.93,0,2026-02-10T15:00:00Z,2027-02-22T15:00:00Z,2027-02-22T15:00:00Z,,,,structured,,,,True,2026-09-10T16:40:23+00:00,,,,
kalshi,KXUCLGAME-26SEP10BMUBOG-TIE,https://kalshi.com/markets/kxuclgame/uefa-champions-league-game,https://kalshi.com/markets/kxuclgame/uefa-champions-league-game/kxuclgame-26sep10bmubog,Tie is the result,Tie,KXUCLGAME-26SEP10BMUBOG,Bayern Munich vs Bodoe/Glimt,KXUCLGAME,UEFA Champions League Game,Sports,"[""Soccer""]",open,binary,0.06,0.07,0.07,0.065,0.935,0.065,0.01,54961.85,31165.75,53441.47,0,2026-09-03T00:39:00Z,2026-09-13T01:00:00Z,2026-09-13T01:00:00Z,,,,structured,,,,True,2026-09-10T16:39:25+00:00,,,,
kalshi,KXUCL-27-BMU,https://kalshi.com/markets/kxucl/uefa-champions-league,https://kalshi.com/markets/kxucl/uefa-champions-league/kxucl-27,Will Bayern Munich win the Champions League?,Bayern Munich,KXUCL-27,Champions League Winner,KXUCL,UEFA Champions League,Sports,"[""Soccer""]",open,binary,0.13,0.14,0.15,0.135,0.865,0.135,0.01,168751.18,31116.67,156230.44,0,2026-06-03T23:20:00Z,2027-06-19T21:00:00Z,2027-06-19T21:00:00Z,,,,structured,,,,True,2026-09-10T16:40:06+00:00,,,,
kalshi,KXWTA-26USO-PEG,https://kalshi.com/markets/kxwta/women-s-tournament-winner,https://kalshi.com/markets/kxwta/women-s-tournament-winner/kxwta-26uso,Will Jessica Pegula win the US Open Women's Singles?,Jessica Pegula,KXWTA-26USO,US Open Women's Singles Winner,KXWTA,Women's Tournament Winner,Sports,"[""Tennis""]",open,binary,0.12,0.13,0.12,0.125,0.875,0.125,0.01,427810.01,31083.8,322988.45,0,2026-06-08T17:00:00Z,2026-09-27T02:00:00Z,2026-09-27T02:00:00Z,,,,structured,,,,True,2026-09-10T16:40:06+00:00,,,,
polymarket,0xf773a12cc13214fc493ec398f96c4ea5ec87ea4ff3b29795041d5498e314ad1e,https://polymarket.com/event/who-will-be-the-next-prime-minister-of-israel-after-the-next-election/will-benny-gantz-be-the-next-prime-minister-of-israel,,Will Benny Gantz be the next Prime Minister of Israel?,Benny Gantz,81557,Prime Minister of Israel after the next election?,who-will-be-the-next-prime-minister-of-israel-after-the-next-election,Prime Minister of Israel after the next election?,,[],open,binary,0.001,0.002,0.001,0.0015,0.9985,0.0015,0.001,2231686.352472999,31014.925999999996,,105964.71662,2025-11-15T00:27:03.743578Z,2026-12-31T00:00:00Z,2026-12-31T00:00:00Z,,,,,,,,,2026-09-10T16:38:51+00:00,,"[""Yes"", ""No""]","[0.0015, 0.9985]",105121209501718913679835702557350272753628810249278953188501220308690716470697
kalshi,KXWFIBATOTAL-26SEP101145GERBE-150,https://kalshi.com/markets/kxwfibatotal/women-s-fiba-total,https://kalshi.com/markets/kxwfibatotal/women-s-fiba-total/kxwfibatotal-26sep101145gerbe,Over 149.5 points scored,Over 149.5 points scored,KXWFIBATOTAL-26SEP101145GERBE,Germany vs Belgium: Total,KXWFIBATOTAL,Women's FIBA Total,Sports,"[""Basketball""]",open,binary,0.52,0.71,0.62,0.615,0.385,0.615,0.19,32125.31,31006.16,19398.63,0,2026-09-09T16:05:00Z,2026-09-12T15:45:00Z,2026-09-12T15:45:00Z,,,,greater,149.5,,,True,2026-09-10T16:38:57+00:00,,,,
polymarket,0xbce02d9a6a2d4f0f9c61f636dab64ba93b60ce16a09dc34f6f82b2e1243142e0,https://polymarket.com/event/which-company-has-the-best-ai-model-end-of-september-20260717143435868/will-openai-have-the-best-ai-model-at-the-end-of-september-2026-20260717143137058,,Will OpenAI have the best AI model at the end of September 2026?,OpenAI,727186,Which company has the best AI model end of September?,which-company-has-the-best-ai-model-end-of-september-20260717143435868,Which company has the best AI model end of September?,,[],open,binary,0.087,0.089,0.089,0.088,0.912,0.088,0.002,547635.5536060001,30996.624023,,71080.83214,2026-07-21T00:31:08.401687Z,2026-10-01T03:59:00Z,2026-10-01T03:59:00Z,,,,,,,,,2026-09-10T16:38:51+00:00,0.45,"[""Yes"", ""No""]","[0.088, 0.912]",48064644016748051623863502303978953029188647675635554834116598068703884527741
polymarket,0xd9fb1184af0064e5e34b129f5b79afa5a17b7e32f2953ab05efed82315fee6d4,https://polymarket.com/event/will-china-invade-taiwan-before-2027/will-china-invade-taiwan-before-2027,,Will China invade Taiwan by end of 2026?,,34044,Will China invade Taiwan by end of 2026?,will-china-invade-taiwan-before-2027,Will China invade Taiwan by end of 2026?,,[],open,binary,0.037,0.039,0.038,0.038,0.962,0.038,0.002,41122464.27470088,30923.798798000025,,500902.9685,2025-07-24T23:37:56.3Z,2026-12-31T00:00:00Z,2026-12-31T00:00:00Z,,,,,,,,,2026-09-10T16:38:51+00:00,-0.05,"[""Yes"", ""No""]","[0.038, 0.962]",94559586571241563470235664821564670251180951772614764383113614156422396181162
kalshi,KXUCLSPREAD-26SEP10MUNSBH-MUN2,https://kalshi.com/markets/kxuclspread/champions-league-spread,https://kalshi.com/markets/kxuclspread/champions-league-spread/kxuclspread-26sep10munsbh,Manchester United wins by more than 1.5 goals?,Manchester United wins by more than 1.5 goals,KXUCLSPREAD-26SEP10MUNSBH,Manchester United vs Sabah Masazir: Spread,KXUCLSPREAD,Champions League Spread,Sports,"[""Soccer""]",open,binary,0.77,0.78,0.78,0.775,0.225,0.775,0.01,31004.12,30654.71,29601.44,0,2026-09-07T19:07:00Z,2026-09-13T01:00:00Z,2026-09-13T01:00:00Z,,,,greater,1.5,,,True,2026-09-10T16:39:12+00:00,,,,
kalshi,KXNFLFIRSTTD-26SEP10SFLAR-LARTFERGUSON18,https://kalshi.com/markets/kxnflfirsttd/pro-football-first-touchdown,https://kalshi.com/markets/kxnflfirsttd/pro-football-first-touchdown/kxnflfirsttd-26sep10sflar,Terrance Ferguson: 1st Touchdown,Terrance Ferguson,KXNFLFIRSTTD-26SEP10SFLAR,San Francisco vs Los Angeles R: First Touchdown,KXNFLFIRSTTD,Pro Football First Touchdown,Sports,"[""Football""]",open,binary,0.03,0.04,0.04,0.035,0.965,0.035,0.01,31032.48,30614.81,31032.48,0,2026-09-09T18:19:00Z,2026-09-13T00:35:00Z,2026-09-13T00:35:00Z,,,,structured,,,,True,2026-09-10T16:38:56+00:00,,,,
polymarket,0x83470e31eaff016b8573f44bcfdbcf5734277c3367c5437cf9ab695810e22986,https://polymarket.com/event/ucl-fen-rom-2026-09-10-exact-score/ucl-fen-rom-2026-09-10-exact-score-1-2,,Exact Score: Fenerbahçe SK 1 - 2 AS Roma?,Fenerbahçe SK 1 - 2 AS Roma,931781,Fenerbahçe SK vs. AS Roma - Exact Score,ucl-fen-rom-2026-09-10-exact-score,Fenerbahçe SK vs. AS Roma - Exact Score,,[],open,binary,0.1,0.11,0.11,0.105,0.895,0.105,0.01,30687.285164000008,30587.285164000004,,118971.75,2026-08-29T18:01:50Z,2026-09-10T16:45:00Z,2026-09-10T16:45:00Z,,,,,,,,,2026-09-10T16:38:51+00:00,1,"[""Yes"", ""No""]","[0.105, 0.895]",55026271563167458085276270683491414213143072992363646334326261759446064826724
kalshi,KXEPLGAME-26SEP13MUNMCI-MCI,https://kalshi.com/markets/kxeplgame/english-premier-league-game,https://kalshi.com/markets/kxeplgame/english-premier-league-game/kxeplgame-26sep13munmci,Manchester City wins,Manchester City,KXEPLGAME-26SEP13MUNMCI,Manchester United vs Manchester City,KXEPLGAME,English Premier League Game,Sports,"[""Soccer""]",open,binary,0.45,0.47,0.47,0.46,0.54,0.46,0.02,78318.64,30439.17,68765.3,0,2026-08-30T00:47:00Z,2026-09-15T21:30:00Z,2026-09-15T21:30:00Z,,,,structured,,,,True,2026-09-10T16:39:34+00:00,,,,
kalshi,KXPRESPERSON-28-JOSS,https://kalshi.com/markets/kxpresperson/pres-person,https://kalshi.com/markets/kxpresperson/pres-person/kxpresperson-28,Who will win the next presidential election?,Jon Ossoff,KXPRESPERSON-28,2028 U.S. Presidential Election winner?,KXPRESPERSON,Pres person,Elections,"[""2028"", ""US Elections""]",open,binary,0.11,0.12,0.12,0.115,0.885,0.115,0.01,4116908.54,30396.67,2616271.46,0,2025-12-27T22:00:00Z,2029-11-07T15:00:00Z,2029-11-07T15:00:00Z,,,,custom,,,,True,2026-09-10T16:40:27+00:00,,,,
polymarket,0x5f4163ec180e2072346d76f758b78b77c55d9ad1e34f4ba04f69fd0f7b3816ba,https://polymarket.com/event/cs2-backto-gls1-2026-09-10/cs2-backto-gls1-2026-09-10-map-handicap-home-1pt5,,Map Handicap: GLS (-1.5) vs Back to Back  (+1.5),Map Handicap: GLS (-1.5) vs Back to Back  (+1.5),997259,Counter-Strike: Back to Back  vs Galorys (BO3) - PGL Masters Bucharest: South American Closed Qualifier Playoffs,cs2-backto-gls1-2026-09-10,Counter-Strike: Back to Back  vs Galorys (BO3) - PGL Masters Bucharest: South American Closed Qualifier Playoffs,,[],open,binary,0.33,0.34,0.34,0.335,0.665,0.335,0.01,30374.004073,30374.004073,,27788.0794,2026-09-10T03:15:28Z,2026-09-10T23:00:00Z,2026-09-10T23:00:00Z,,,,,,,,,2026-09-10T16:38:51+00:00,,"[""Galorys"", ""Back to Back ""]","[0.335, 0.665]",9234054305141369480523847255570565033776134498443308677261610865205787052046
polymarket,0xa392eba89882ffbe78bf3a83ade631cfb70656b6fae673564ebd03273bc52d16,https://polymarket.com/event/ucl-psv-shd-2026-09-10-more-markets/ucl-psv-shd-2026-09-10-total-2pt5,,PSV vs. FK Shakhtar Donetsk: O/U 2.5,O/U 2.5,931865,PSV vs. FK Shakhtar Donetsk - More Markets,ucl-psv-shd-2026-09-10-more-markets,PSV vs. FK Shakhtar Donetsk - More Markets,,[],open,binary,0.68,0.69,0.69,0.685,0.315,0.685,0.01,30415.280561000003,30370.621736999998,,139304.0309,2026-08-29T18:16:01Z,2026-09-10T16:45:00Z,2026-09-10T16:45:00Z,,,,,,,,,2026-09-10T16:38:51+00:00,1,"[""Over"", ""Under""]","[0.685, 0.315]",38945651254545662402310565633569091315741561330129736525033729065222777110345
polymarket,0x7c724b5dc9c0d7932049feb52b645f69a4f43a201fe24f8d67d271566e00868d,https://polymarket.com/event/what-price-will-bitcoin-hit-in-september-2026/will-bitcoin-dip-to-72pt5k-in-september-2026,,"Will Bitcoin dip to $72,500 in September?","↓ 72,500",946004,What price will Bitcoin hit in September?,what-price-will-bitcoin-hit-in-september-2026,What price will Bitcoin hit in September?,,[],open,binary,0.49,0.5,0.47,0.495,0.505,0.495,0.01,172591.76460200007,30369.356667999997,,57090.0721,2026-09-01T05:07:18Z,2026-10-01T04:00:00Z,2026-10-01T04:00:00Z,,,,,,,,,2026-09-10T16:38:51+00:00,11,"[""Yes"", ""No""]","[0.495, 0.505]",106688365674540998489281854184913506307078735480554715822565422415637066682013
polymarket,0x7034c00a24f9edbf325fd5a0b9a63412e469fc8cd2aa9b060fb5ba8e10d7ebef,https://polymarket.com/event/ballon-dor-winner-2026/will-lionel-messi-win-the-2026-ballon-dor,,Will Lionel Messi win the 2026 Ballon d'Or?,Lionel Messi,48361,Ballon d'Or Winner 2026,ballon-dor-winner-2026,Ballon d'Or Winner 2026,,[],open,binary,0.026,0.028,0.028,0.027,0.973,0.027,0.002,2469063.951735,30338.636549000003,,191619.28593,2025-09-22T23:39:35.764Z,2026-10-31T00:00:00Z,2026-10-31T00:00:00Z,,,,,,,,,2026-09-10T16:38:51+00:00,0.05,"[""Yes"", ""No""]","[0.027, 0.973]",14940935985254400645996902276818598247231942791302218826999289776538227075176
kalshi,KXETHD-26SEP1017-T2499.99,https://kalshi.com/markets/kxethd/ethereum-price-above-below,https://kalshi.com/markets/kxethd/ethereum-price-above-below/kxethd-26sep1017,"Ethereum price at Sep 10, 2026 at 5pm EDT?","$2,500 or above",KXETHD-26SEP1017,"ETH price on Sep 10, 2026 at 5pm EDT?",KXETHD,Ethereum price Above/below,Crypto,"[""Hourly"", ""ETH""]",open,binary,0.01,0.03,0.03,0.02,0.98,0.02,0.02,30279.03,30279.03,20995.49,0,2026-09-09T20:00:00Z,2026-09-10T21:00:00Z,2026-09-17T21:00:00Z,,,,greater,2499.99,,ERTI,True,2026-09-10T16:39:01+00:00,,,,
kalshi,KXRATECUTCOUNT-26DEC31-T0,https://kalshi.com/markets/kxratecutcount/number-of-rate-cuts,https://kalshi.com/markets/kxratecutcount/number-of-rate-cuts/kxratecutcount-26dec31,Will the Fed cut rates 0 times?,Exactly 0 cuts,KXRATECUTCOUNT-26DEC31,Number of rate cuts in 2026?,KXRATECUTCOUNT,Number of rate cuts,Economics,"[""Fed""]",open,binary,0.911,0.912,0.911,0.9115,0.0885,0.9115,0.001,2427744.95,30189.59,1060603.64,0,2025-09-29T14:00:00Z,2027-01-01T04:59:00Z,2027-01-01T15:00:00Z,,,,between,0,0,,True,2026-09-10T16:40:29+00:00,,,,
kalshi,KXUAEPLGAME-26SEP10AINWAS-AIN,https://kalshi.com/markets/kxuaeplgame/uae-pro-league,https://kalshi.com/markets/kxuaeplgame/uae-pro-league/kxuaeplgame-26sep10ainwas,Al Ain wins,Al Ain,KXUAEPLGAME-26SEP10AINWAS,Al Ain vs Al Wasl,KXUAEPLGAME,UAE Pro League,Sports,"[""Soccer""]",open,binary,0.52,0.53,0.53,0.525,0.475,0.525,0.01,36498.75,30182.59,29598.82,0,2026-09-06T00:41:00Z,2026-09-12T22:15:00Z,2026-09-12T22:15:00Z,,,,structured,,,,True,2026-09-10T16:39:17+00:00,,,,
kalshi,KXMLBHR-26SEP101305HOUPHI-PHIBHARPER3-1,https://kalshi.com/markets/kxmlbhr/pro-baseball-home-runs,https://kalshi.com/markets/kxmlbhr/pro-baseball-home-runs/kxmlbhr-26sep101305houphi,Bryce Harper: 1+ home runs?,Bryce Harper: 1+,KXMLBHR-26SEP101305HOUPHI,Houston vs Philadelphia: Home Runs,KXMLBHR,Pro Baseball Home Runs,Sports,"[""Baseball""]",open,binary,0.2,0.21,0.21,0.205,0.795,0.205,0.01,31444.81,30147.2,31264.43,0,2026-09-10T04:10:00Z,2026-09-13T17:05:00Z,2026-09-13T17:05:00Z,,,,greater,0.5,,,True,2026-09-10T16:38:52+00:00,,,,
polymarket,0xa68adbb0fedef76cef5c6e1ab2c2027704233fc5b6389037eb4d3565952892da,https://polymarket.com/event/brazil-presidential-election-first-round-2nd-place/will-romeu-zema-finish-in-second-place-in-the-first-round-of-the-2026-brazilian-presidential-election,,Will Romeu Zema finish in second place in the first round of the 2026 Brazilian presidential election?,Romeu Zema,204972,Brazil Presidential Election First Round: 2nd Place,brazil-presidential-election-first-round-2nd-place,Brazil Presidential Election First Round: 2nd Place,,[],open,binary,,0.001,0.001,0.0005,0.9995,0.0005,0.001,410735.3286679999,30000,,100210.65174,2026-02-11T22:51:22.179009Z,2026-10-04T00:00:00Z,2026-10-04T00:00:00Z,,,,,,,,,2026-09-10T16:38:51+00:00,,"[""Yes"", ""No""]","[0.0005, 0.9995]",33120079315672925103019754502941180281339745524857289202950301940888637884529
polymarket,0x9d4f94f82de9d13ff1d3318639ab9000ee2533949e525343156f374fb00bd9b1,https://polymarket.com/event/democratic-presidential-nominee-2028/will-mark-cuban-win-the-2028-democratic-presidential-nomination-329,,Will Mark Cuban win the 2028 Democratic presidential nomination?,Mark Cuban,30829,Democratic Presidential Nominee 2028,democratic-presidential-nominee-2028,Democratic Presidential Nominee 2028,,[],open,binary,,0.002,0.002,0.001,0.999,0.001,0.002,22929292.44520099,29940.390333,,1845240.45515,2025-07-11T18:36:08.958Z,2028-11-07T00:00:00Z,2028-11-07T00:00:00Z,,,,,,,,,2026-09-10T16:38:51+00:00,-0.25,"[""Yes"", ""No""]","[0.001, 0.999]",58378309871183461257693288827678410871907006920578755035402846056315798427503
kalshi,KXGOVCA-26-SHIL,https://kalshi.com/markets/kxgovca/california-governor-s-race,https://kalshi.com/markets/kxgovca/california-governor-s-race/kxgovca-26,Who will win the governorship in California?,Steve Hilton,KXGOVCA-26,California Governor winner? (Person),KXGOVCA,California Governor's race,Elections,"[""US Elections"", ""Governor""]",open,binary,0.037,0.04,0.04,0.0385,0.9615,0.0385,0.003,8411100.28,29935.28,4235018.86,0,2025-05-16T14:00:00Z,2027-11-03T15:00:00Z,2027-11-03T15:00:00Z,,,,custom,,,,True,2026-09-10T16:40:29+00:00,,,,
kalshi,KXNFLTD-26SEP10SFLAR-LARKMUMPFIELD4-1,https://kalshi.com/markets/kxnfltd/pro-football-touchdowns,https://kalshi.com/markets/kxnfltd/pro-football-touchdowns/kxnfltd-26sep10sflar,Konata Mumpfield: 1+ touchdowns,Konata Mumpfield: 1+,KXNFLTD-26SEP10SFLAR,San Francisco vs Los Angeles R: Touchdowns,KXNFLTD,Pro Football Touchdowns,Sports,"[""Football""]",open,binary,0.04,0.05,0.05,0.045,0.955,0.045,0.01,30744.77,29875.77,30701.38,0,2026-09-02T21:39:00Z,2026-09-13T00:35:00Z,2026-09-13T00:35:00Z,,,,greater,0.5,,,True,2026-09-10T16:39:26+00:00,,,,
kalshi,KXDPWORLDTOURR1LEAD-AMIO26-AAYO,https://kalshi.com/markets/kxdpworldtourr1lead/dp-world-tour-r1-leader,https://kalshi.com/markets/kxdpworldtourr1lead/dp-world-tour-r1-leader/kxdpworldtourr1lead-amio26,Angel Ayora Fanegas leads at the end of Round 1,Angel Ayora Fanegas,KXDPWORLDTOURR1LEAD-AMIO26,Amgen Irish Open End of Round 1 Leader,KXDPWORLDTOURR1LEAD,DP World Tour R1 Leader,Sports,"[""Golf""]",open,binary,0,0.01,0.022,0.005,0.995,0.005,0.01,34099.94,29874.25,34099.94,0,2026-09-07T00:10:00Z,2026-09-27T00:00:00Z,2026-09-27T00:00:00Z,,,,structured,,,,True,2026-09-10T16:39:15+00:00,,,,
kalshi,KXDPWORLDTOUR-AMIO26-DROD,https://kalshi.com/markets/kxdpworldtour/dp-world-tour-tournament-winner,https://kalshi.com/markets/kxdpworldtour/dp-world-tour-tournament-winner/kxdpworldtour-amio26,Will Daniel Rodrigues win the Amgen Irish Open?,Daniel Rodrigues,KXDPWORLDTOUR-AMIO26,Amgen Irish Open Winner,KXDPWORLDTOUR,DP World Tour Tournament Winner,Sports,"[""Golf""]",open,binary,0.002,0.003,0.004,0.0025,0.9975,0.0025,0.001,33408.41,29848.16,24677.37,0,2026-09-05T16:05:00Z,2026-09-27T00:00:00Z,2026-09-27T00:00:00Z,,,,structured,,,,True,2026-09-10T16:39:19+00:00,,,,
polymarket,0x6189539ff1b08bc4052607d89921663ca0de0f0cd70b79c9993d7f9f3211ec3e,https://polymarket.com/event/next-french-presidential-election/will-gabriel-attal-win-the-2027-french-presidential-election,,Will Gabriel Attal win the 2027 French presidential election?,Gabriel Attal,79987,Next French Presidential Election,next-french-presidential-election,Next French Presidential Election,,[],open,binary,0.015,0.017,0.017,0.016,0.984,0.016,0.002,2224612.522840999,29808.49775,,219105.02164,2025-11-13T23:09:41.203201Z,2027-04-30T00:00:00Z,2027-04-30T00:00:00Z,,,,,,,,,2026-09-10T16:38:51+00:00,-0.45,"[""Yes"", ""No""]","[0.016, 0.984]",39040993339692011893931540077322383339631602451525460031216774971808386681386
polymarket,0xbca3d70ec52a5a441ccc365a3b1b48b9cd0f08dfff4bc5871e2cd92d0d92caa1,https://polymarket.com/event/brazil-presidential-election/will-ronaldo-caiado-win-the-2026-brazilian-presidential-election,,Will Ronaldo Caiado win the 2026 Brazilian presidential election?,Ronaldo Caiado,45915,Brazil Presidential Election,brazil-presidential-election,Brazil Presidential Election,,[],open,binary,0.002,0.003,0.003,0.0025,0.9975,0.0025,0.001,7371145.004942999,29757.462,,987676.83869,2025-09-18T20:08:05.843Z,2026-10-04T00:00:00Z,2026-10-04T00:00:00Z,,,,,,,,,2026-09-10T16:38:51+00:00,,"[""Yes"", ""No""]","[0.0025, 0.9975]",36262307788727352725358528951052957737657822670589615830114396216160368496388
kalshi,KXCS2GAME-26SEP100945MISMEG-MIS,https://kalshi.com/markets/kxcs2game/counter-strike-2-game,https://kalshi.com/markets/kxcs2game/counter-strike-2-game/kxcs2game-26sep100945mismeg,Misa Esports wins,Misa Esports,KXCS2GAME-26SEP100945MISMEG,Misa Esports vs. megoshort,KXCS2GAME,Counter-Strike 2 Game,Sports,"[""Esports""]",open,binary,0.59,0.61,0.61,0.6,0.4,0.6,0.02,32010.42,29752.14,20202.02,0,2026-09-08T23:20:00Z,2026-09-12T13:45:00Z,2026-09-12T13:45:00Z,,,,structured,,,,True,2026-09-10T16:39:05+00:00,,,,
kalshi,KXITFMATCH-26SEP09SCHWEN-WEN,https://kalshi.com/markets/kxitfmatch/itf-men-s-match,https://kalshi.com/markets/kxitfmatch/itf-men-s-match/kxitfmatch-26sep09schwen,Jefferson Wendler Filho wins,Jefferson Wendler Filho,KXITFMATCH-26SEP09SCHWEN,Schenekenberg vs Wendler Filho,KXITFMATCH,ITF Men's Match,Sports,"[""Tennis""]",open,binary,0.1,0.13,0.13,0.115,0.885,0.115,0.03,32716.34,29745.51,22538.74,0,2026-09-08T22:12:00Z,2026-09-23T14:00:00Z,2026-09-23T14:00:00Z,,,,structured,,,,True,2026-09-10T16:39:05+00:00,,,,
kalshi,KXMLB-26-NYY,https://kalshi.com/markets/kxmlb/world-series,https://kalshi.com/markets/kxmlb/world-series/kxmlb-26,Will New York Y win the 2026 Pro Baseball Championship?,New York Y,KXMLB-26,Pro Baseball Champion,KXMLB,World Series,Sports,"[""Baseball""]",open,binary,0.099,0.1,0.1,0.0995,0.9005,0.0995,0.001,3620022.94,29710.36,1919354.13,0,2025-12-17T15:00:00Z,2028-10-31T04:00:00Z,2028-10-31T04:00:00Z,,,,structured,,,,True,2026-09-10T16:40:27+00:00,,,,
polymarket,0xc32a544f65e3a8ffec6499e40290f10fa68a3f4a4819dfd366b6cb1fd7c4be1d,https://polymarket.com/event/next-french-presidential-election/will-bruno-retailleau-win-the-2027-french-presidential-election,,Will Bruno Retailleau win the 2027 French presidential election?,Bruno Retailleau,79987,Next French Presidential Election,next-french-presidential-election,Next French Presidential Election,,[],open,binary,0.013,0.014,0.013,0.0135,0.9865,0.0135,0.001,2165273.6737800003,29643.724616,,236484.74526,2025-11-13T23:09:41.458331Z,2027-04-30T00:00:00Z,2027-04-30T00:00:00Z,,,,,,,,,2026-09-10T16:38:51+00:00,0.1,"[""Yes"", ""No""]","[0.0135, 0.9865]",76158784025338420583901765224531190025719662766883390440253608804161057467141
polymarket,0x31c02c78dfc218934ada2c1364501577d89d7f7a31a14e30bbf25440782ae278,https://polymarket.com/event/ucl-bay-bog-2026-09-10-more-markets/ucl-bay-bog-2026-09-10-total-2pt5,,FC Bayern München vs. FK Bodø/Glimt: O/U 2.5,O/U 2.5,931862,FC Bayern München vs. FK Bodø/Glimt - More Markets,ucl-bay-bog-2026-09-10-more-markets,FC Bayern München vs. FK Bodø/Glimt - More Markets,,[],open,binary,0.88,0.89,0.89,0.885,0.115,0.885,0.01,29650.124028000006,29635.124028,,48286.6259,2026-08-29T18:15:38Z,2026-09-10T19:00:00Z,2026-09-10T19:00:00Z,,,,,,,,,2026-09-10T16:38:51+00:00,2,"[""Over"", ""Under""]","[0.885, 0.115]",26479763510679013856939296322380812429630706188976527318397439791653067757020
polymarket,0x968a1a79e001d49fa3ee1429e3b95eb01797587740f86d4e6becf3ab1b275bfb,https://polymarket.com/event/ohio-senate-election-winner/will-the-democrats-win-the-ohio-senate-race-in-2026,,Will the Democrats win the Ohio Senate race in 2026?,Sherrod Brown (D),57682,Ohio Senate Election Winner,ohio-senate-election-winner,Ohio Senate Election Winner,,[],open,binary,0.51,0.52,0.52,0.515,0.485,0.515,0.01,161568.63048499994,29606.548015000004,,90519.3181,2025-10-13T20:41:04.34846Z,,,,,,,,,,,2026-09-10T16:38:51+00:00,-5,"[""Yes"", ""No""]","[0.515, 0.485]",83018072688154066292491996133599479395547801317505487833443670253228061205312
polymarket,0x9de7b05be5b5ee9ac186a60f558de8d3bcabe74a383c01dd0dd3a426e64240d7,https://polymarket.com/event/atp-zverev-khachan-2026-09-11/atp-zverev-khachan-2026-09-11,,US Open ATP: Alexander Zverev vs Karen Khachanov,,997636,US Open ATP: Alexander Zverev vs Karen Khachanov,atp-zverev-khachan-2026-09-11,US Open ATP: Alexander Zverev vs Karen Khachanov,,[],open,binary,0.81,0.82,0.82,0.815,0.185,0.815,0.01,29575.157549000003,29575.157549,,84947.9608,2026-09-10T05:05:12Z,2026-09-18T19:00:00Z,2026-09-18T19:00:00Z,,,,,,,,,2026-09-10T16:38:51+00:00,,"[""Alexander Zverev"", ""Karen Khachanov""]","[0.815, 0.185]",111188403514689743854952820966953581164644767821751700660601373167842495812694
polymarket,0xf9b6b5c3c6e07afe4aad6ed9ce4fa7545f9c2baa9f1dc632cd81a085c99acfe4,https://polymarket.com/event/what-price-will-bitcoin-hit-before-2027/will-bitcoin-reach-120000-by-december-31-2026-625-425-562,,"Will Bitcoin reach $120,000 by December 31, 2026?","↑ 120,000",89502,What price will Bitcoin hit in 2026?,what-price-will-bitcoin-hit-before-2027,What price will Bitcoin hit in 2026?,,[],open,binary,0.07,0.08,0.08,0.075,0.925,0.075,0.01,1712280.535291,29571.214548,,89105.191,2025-11-24T19:07:18.998Z,2027-01-01T05:00:00Z,2027-01-01T05:00:00Z,,,,,,,,,2026-09-10T16:38:51+00:00,-2,"[""Yes"", ""No""]","[0.075, 0.925]",65965214225073605704712365855887384729237451947822407248598722221769498441791
kalshi,KXMLBHR-26SEP101215TBATL-ATLMHARRIS23-1,https://kalshi.com/markets/kxmlbhr/pro-baseball-home-runs,https://kalshi.com/markets/kxmlbhr/pro-baseball-home-runs/kxmlbhr-26sep101215tbatl,Michael Harris: 1+ home runs?,Michael Harris: 1+,KXMLBHR-26SEP101215TBATL,Tampa Bay vs Atlanta: Home Runs,KXMLBHR,Pro Baseball Home Runs,Sports,"[""Baseball""]",open,binary,0.08,0.11,0.11,0.095,0.905,0.095,0.03,29708.27,29534.17,29708.27,0,2026-09-10T14:20:00Z,2026-09-13T16:15:00Z,2026-09-13T16:15:00Z,,,,greater,0.5,,,True,2026-09-10T16:38:51+00:00,,,,
kalshi,KXNFLMVP-27-SDAR,https://kalshi.com/markets/kxnflmvp/ap-pro-football-regular-season-mvp,https://kalshi.com/markets/kxnflmvp/ap-pro-football-regular-season-mvp/kxnflmvp-27,Will Sam Darnold win the MVP?,Sam Darnold,KXNFLMVP-27,MVP Winner?,KXNFLMVP,AP Pro Football Regular Season MVP,Sports,"[""Football""]",open,binary,0,0.01,0.01,0.005,0.995,0.005,0.01,201778.36,29465.98,181762.07,0,2026-02-08T20:30:00Z,2028-02-12T15:00:00Z,2028-02-12T15:00:00Z,,,,structured,,,,True,2026-09-10T16:40:23+00:00,,,,
kalshi,KXNFLMVP-27-JBUR,https://kalshi.com/markets/kxnflmvp/ap-pro-football-regular-season-mvp,https://kalshi.com/markets/kxnflmvp/ap-pro-football-regular-season-mvp/kxnflmvp-27,Will Joe Burrow win the MVP?,Joe Burrow,KXNFLMVP-27,MVP Winner?,KXNFLMVP,AP Pro Football Regular Season MVP,Sports,"[""Football""]",open,binary,0.11,0.12,0.12,0.115,0.885,0.115,0.01,738587.85,29439,685199.75,0,2026-02-08T20:30:00Z,2028-02-12T15:00:00Z,2028-02-12T15:00:00Z,,,,structured,,,,True,2026-09-10T16:40:23+00:00,,,,
kalshi,KXNCAAF-27-UGA,https://kalshi.com/markets/kxncaaf/ncaaf-championship,https://kalshi.com/markets/kxncaaf/ncaaf-championship/kxncaaf-27,Will Georgia win the College Football Playoff National Championship?,Georgia,KXNCAAF-27,College Football National Championship Winner,KXNCAAF,NCAAF Championship,Sports,"[""Football""]",open,binary,0.07,0.08,0.08,0.075,0.925,0.075,0.01,1310298.76,29437.73,1130944.03,0,2026-01-21T22:00:00Z,2027-02-23T04:00:00Z,2027-02-23T04:00:00Z,,,,structured,,,,True,2026-09-10T16:40:25+00:00,,,,
kalshi,KXSAVEACT-27-JAN04,https://kalshi.com/markets/kxsaveact/will-the-save-act-become-law,https://kalshi.com/markets/kxsaveact/will-the-save-act-become-law/kxsaveact-27,"Will ""SAVE Act"" (H.R. 22) becomes law before Jan 4, 2027?","Before Jan 4, 2027",KXSAVEACT-27,Will the SAVE Act become law?,KXSAVEACT,Will the SAVE Act become law?,Politics,"[""Congress""]",open,binary,0.041,0.043,0.043,0.042,0.958,0.042,0.002,13223357.82,29354.01,4623716.54,0,2025-03-07T15:00:00Z,2027-01-04T15:00:00Z,2027-01-04T15:00:00Z,,,,,,,,True,2026-09-10T16:40:29+00:00,,,,
kalshi,KXNCAAFGAME-26SEP12MHUUNM-MHU,https://kalshi.com/markets/kxncaafgame/college-football-game,https://kalshi.com/markets/kxncaafgame/college-football-game/kxncaafgame-26sep12mhuunm,Mercyhurst wins,Mercyhurst,KXNCAAFGAME-26SEP12MHUUNM,Mercyhurst vs New Mexico,KXNCAAFGAME,College Football Game,Sports,"[""Football""]",open,binary,0,0.01,0.01,0.005,0.995,0.005,0.01,50885.07,29288.12,45429.55,0,2026-08-25T14:38:00Z,2026-09-14T20:00:00Z,2026-09-14T20:00:00Z,,,,structured,,,,True,2026-09-10T16:39:37+00:00,,,,
kalshi,KXNCAAFGAME-26SEP12WKUUGA-WKU,https://kalshi.com/markets/kxncaafgame/college-football-game,https://kalshi.com/markets/kxncaafgame/college-football-game/kxncaafgame-26sep12wkuuga,Western Kentucky wins,Western Kentucky,KXNCAAFGAME-26SEP12WKUUGA,Western Kentucky vs Georgia,KXNCAAFGAME,College Football Game,Sports,"[""Football""]",open,binary,0,0.01,0.01,0.005,0.995,0.005,0.01,93397.03,29223.34,90222.87,0,2026-08-25T14:38:00Z,2026-09-14T16:45:00Z,2026-09-14T16:45:00Z,,,,structured,,,,True,2026-09-10T16:39:37+00:00,,,,
kalshi,KXNFLTD-26SEP13MIALV-LVMMAYER87-1,https://kalshi.com/markets/kxnfltd/pro-football-touchdowns,https://kalshi.com/markets/kxnfltd/pro-football-touchdowns/kxnfltd-26sep13mialv,Michael Mayer: 1+ touchdowns,Michael Mayer: 1+,KXNFLTD-26SEP13MIALV,Miami vs Las Vegas: Touchdowns,KXNFLTD,Pro Football Touchdowns,Sports,"[""Football""]",open,binary,0.25,0.26,0.26,0.255,0.745,0.255,0.01,31536.91,29102.45,23894,0,2026-09-04T21:04:00Z,2026-09-15T20:25:00Z,2026-09-15T20:25:00Z,,,,greater,0.5,,,True,2026-09-10T16:39:20+00:00,,,,
polymarket,0xbe43aa7e82dc33c7e14b496184110d55a51f6ac4a48800e965f0a736df96f563,https://polymarket.com/event/bkfibaw-bel-ger2-2026-09-10/bkfibaw-bel-ger2-2026-09-10,,Belgium vs. Germany/South Korea,,987175,Belgium vs. Germany/South Korea,bkfibaw-bel-ger2-2026-09-10,Belgium vs. Germany/South Korea,,[],open,binary,0.36,0.39,0.4,0.375,0.625,0.375,0.03,29008.732284000005,29008.732283999998,,45114.2304,2026-09-08T07:30:42Z,2026-09-17T16:00:00Z,2026-09-17T16:00:00Z,,,,,,,,,2026-09-10T16:38:51+00:00,-32,"[""Belgium"", ""Germany/South Korea""]","[0.375, 0.625]",9089678885449495063099004007791704788781162387298403227190089829681445154954
kalshi,KXNFLMATCHUP-27SB-DENLAR,https://kalshi.com/markets/kxnflmatchup/pro-football-matchups,https://kalshi.com/markets/kxnflmatchup/pro-football-matchups/kxnflmatchup-27sb,2026-27 Championship Game Matchup: Denver vs Los Angeles R,Denver vs Los Angeles R,KXNFLMATCHUP-27SB,Pro Football Championship Game Matchup,KXNFLMATCHUP,Pro Football Matchups,Sports,"[""Football""]",open,binary,0.02,0.03,0.03,0.025,0.975,0.025,0.01,121585.46,28978.91,120378.34,0,2026-07-21T19:00:00Z,2027-02-21T23:30:00Z,2027-02-21T23:30:00Z,,,,custom,,,,True,2026-09-10T16:39:58+00:00,,,,
kalshi,KXNFLSPREAD-26SEP10SFLAR-LAR7,https://kalshi.com/markets/kxnflspread/pro-football-spread,https://kalshi.com/markets/kxnflspread/pro-football-spread/kxnflspread-26sep10sflar,Los Angeles R wins by over 6.5 points?,Los Angeles R wins by over 6.5 points,KXNFLSPREAD-26SEP10SFLAR,San Francisco vs Los Angeles: Spread,KXNFLSPREAD,Pro Football Spread,Sports,"[""Football""]",open,binary,0.41,0.42,0.42,0.415,0.585,0.415,0.01,44360.77,28954.7,38890.97,0,2026-08-03T23:13:00Z,2026-09-13T00:35:00Z,2026-09-13T00:35:00Z,,,,greater,6.5,,,True,2026-09-10T16:39:52+00:00,,,,
kalshi,KXKFTOUR-SIBOFTSF26-CYOU,https://kalshi.com/markets/kxkftour/korn-ferry-tour,https://kalshi.com/markets/kxkftour/korn-ferry-tour/kxkftour-siboftsf26,Will Carson Young win the Simmons Bank Open for the Snedeker Foundation?,Carson Young,KXKFTOUR-SIBOFTSF26,Simmons Bank Open for the Snedeker Foundation Winner,KXKFTOUR,Korn Ferry Tour,Sports,"[""Golf""]",open,binary,0.024,0.088,0.088,0.056,0.944,0.056,0.064,30944.68,28933.68,30944.68,0,2026-09-06T23:05:00Z,2026-09-27T00:00:00Z,2026-09-27T00:00:00Z,,,,structured,,,,True,2026-09-10T16:39:15+00:00,,,,
kalshi,KXBRPRES-26-LULA,https://kalshi.com/markets/kxbrpres/brazil-presidency,https://kalshi.com/markets/kxbrpres/brazil-presidency/kxbrpres-26,Will Luiz Inácio Lula da Silva win the 2026 Brazilian presidential election?,Luiz Inácio Lula da Silva,KXBRPRES-26,Brazil Presidential election winner?,KXBRPRES,Brazil Presidency,Elections,"[""Brazil""]",open,binary,0.45,0.46,0.45,0.455,0.545,0.455,0.01,741712.47,28902.92,323558.66,0,2025-01-11T15:00:00Z,2027-10-25T14:00:00Z,2027-10-25T14:00:00Z,,,,,,,,True,2026-09-10T16:40:30+00:00,,,,
polymarket,0x0bb38772537dc7192180b9c9d09ff98c6d68d1ca6fec29fecd2b09236f52394f,https://polymarket.com/event/epl-liv-ful-2026-09-12-more-markets/epl-liv-ful-2026-09-12-total-3pt5,,Liverpool FC vs. Fulham FC: O/U 3.5,O/U 3.5,934636,Liverpool FC vs. Fulham FC - More Markets,epl-liv-ful-2026-09-12-more-markets,Liverpool FC vs. Fulham FC - More Markets,,[],open,binary,0.42,0.43,0.43,0.425,0.575,0.425,0.01,32424.671857,28804.327684,,134193.3667,2026-08-30T05:01:14Z,2026-09-12T14:00:00Z,2026-09-12T14:00:00Z,,,,,,,,,2026-09-10T16:38:51+00:00,,"[""Over"", ""Under""]","[0.425, 0.575]",8115806444700451771286446290012740090199256388394889157885119377087995802142
kalshi,KXNFLNFCNORTH-27-MIN,https://kalshi.com/markets/kxnflnfcnorth/national-football-conference-north-winner,https://kalshi.com/markets/kxnflnfcnorth/national-football-conference-north-winner/kxnflnfcnorth-27,Will Minnesota win the Pro Football NFC North Division?,Minnesota,KXNFLNFCNORTH-27,NFC North Division Winner,KXNFLNFCNORTH,National Football Conference North Winner,Sports,"[""Football""]",open,binary,0.19,0.2,0.18,0.195,0.805,0.195,0.01,259792.45,28770,207757.95,0,2026-02-10T15:00:00Z,2027-01-25T15:00:00Z,2027-01-25T15:00:00Z,,,,structured,,,,True,2026-09-10T16:40:23+00:00,,,,
kalshi,KXPRIMARYTURNOUT-NH1D26-80000,https://kalshi.com/markets/kxprimaryturnout/turnout-in-primaries,https://kalshi.com/markets/kxprimaryturnout/turnout-in-primaries/kxprimaryturnout-nh1d26,Will the total vote count for all participants in the 2026 NH-01 Democratic primary be at least 80000?,"≥80,000",KXPRIMARYTURNOUT-NH1D26,NH-01 Democratic primary: voter turnout,KXPRIMARYTURNOUT,Turnout in primaries,Elections,"[""Primaries""]",open,binary,0.95,0.98,0.97,0.965,0.035,0.965,0.03,49275.03,28706.67,21186.8,0,2026-09-07T18:11:00Z,2027-09-08T14:00:00Z,2027-09-08T14:00:00Z,,,,greater_or_equal,80000,,,True,2026-09-10T16:39:12+00:00,,,,
polymarket,0x8ac035f347e31dec359c8167e38e161b8a1a168f31104d2580d21e6e57555ea5,https://polymarket.com/event/2026-mens-us-open-winner-tennis/will-frances-tiafoe-win-the-2026-mens-us-open,,Will Frances Tiafoe win the 2026 Men's US Open?,Frances Tiafoe,139236,2026 Men’s US Open Winner (Tennis),2026-mens-us-open-winner-tennis,2026 Men’s US Open Winner (Tennis),,[],open,binary,0.075,0.078,0.075,0.0765,0.9235,0.0765,0.003,874753.4873830002,28686.656508,,103439.19339,2026-01-02T20:37:09.89465Z,2026-09-13T00:00:00Z,2026-09-13T00:00:00Z,,,,,,,,,2026-09-10T16:38:51+00:00,-1.9,"[""Yes"", ""No""]","[0.0765, 0.9235]",87247734861341513819506998862670010115958616717316515255174919511011083576350
polymarket,0x8d4966e84ae80f24b2e14643fdd45364e354229e11e2c17903b4b1763cfbe67c,https://polymarket.com/event/how-many-fed-rate-cuts-in-2026/will-3-fed-rate-cuts-happen-in-2026,,Will 3 Fed rate cuts happen in 2026?,3 (75 bps),51456,How many Fed rate cuts in 2026?,how-many-fed-rate-cuts-in-2026,How many Fed rate cuts in 2026?,,[],open,binary,0.005,0.007,0.005,0.006,0.994,0.006,0.002,2818043.0290600006,28681.441333,,226825.8155,2025-09-29T22:24:49.652632Z,2026-12-31T00:00:00Z,2026-12-31T00:00:00Z,,,,,,,,,2026-09-10T16:38:51+00:00,0.25,"[""Yes"", ""No""]","[0.006, 0.994]",95835705062472305459663741402900736177330733688944910993896545106260819635212
polymarket,0x781ff342a0a79b04a484b724c8ee8df2900decb33411d9b678354bbd7fbedb55,https://polymarket.com/event/lol-wu-mvu-2026-09-10/lol-wu-mvu-2026-09-10,,LoL: Winthrop University vs Maryville University (BO5) - North American Challengers League Playoffs,Match Winner,996958,LoL: Winthrop University vs Maryville University (BO5) - North American Challengers League Playoffs,lol-wu-mvu-2026-09-10,LoL: Winthrop University vs Maryville University (BO5) - North American Challengers League Playoffs,,[],open,binary,0.32,0.33,0.32,0.325,0.675,0.325,0.01,28681.051627000004,28681.051627,,32857.4968,2026-09-10T01:50:40Z,2026-09-11T03:00:00Z,2026-09-11T03:00:00Z,,,,,,,,,2026-09-10T16:38:51+00:00,,"[""Winthrop University"", ""Maryville University""]","[0.325, 0.675]",68948521960240512683772215179392784221813372053198261333788507324110976647875
polymarket,0x12c5b5e4701f172a6045b97eda70f0897aaf6adf566e6f0dc722996ac80b8b81,https://polymarket.com/event/next-french-presidential-election/will-sarah-knafo-win-the-2027-french-presidential-election,,Will Sarah Knafo win the 2027 French presidential election?,Sarah Knafo,79987,Next French Presidential Election,next-french-presidential-election,Next French Presidential Election,,[],open,binary,0.008,0.009,0.008,0.0085,0.9915,0.0085,0.001,2017265.0418759994,28632.249625,,182699.19455,2025-11-13T23:09:53.05Z,2027-04-30T00:00:00Z,2027-04-30T00:00:00Z,,,,,,,,,2026-09-10T16:38:51+00:00,,"[""Yes"", ""No""]","[0.0085, 0.9915]",66728948856278657077046599284055693271321320423192674643305547174515874533859
polymarket,0x1c4c6a698f0591ddf0c96e1beb56f8c75112ef849331bf3b0388f14830a7421d,https://polymarket.com/event/israel-x-iran-ceasefire-continues-throughptptpt-20260716224448963/israel-x-iran-ceasefire-continues-through-december-31-415,,Israel x Iran ceasefire continues through December 31?,December 31,711714,Israel x Iran ceasefire continues through...?,israel-x-iran-ceasefire-continues-throughptptpt-20260716224448963,Israel x Iran ceasefire continues through...?,,[],open,binary,0.59,0.6,0.6,0.595,0.405,0.595,0.01,490947.0055619999,28564.711305,,84612.6803,2026-08-07T14:30:17.224Z,2026-12-31T20:29:00Z,2026-12-31T20:29:00Z,,,,,,,,,2026-09-10T16:38:51+00:00,-6,"[""Yes"", ""No""]","[0.595, 0.405]",34732988886981510167874389845708832808627284379840131351229635795767825787404
kalshi,KXNFLNFCCHAMP-27-MIN,https://kalshi.com/markets/kxnflnfcchamp/national-football-conference-champion,https://kalshi.com/markets/kxnflnfcchamp/national-football-conference-champion/kxnflnfcchamp-27,Will Minnesota win the Pro Football NFC Championship?,Minnesota,KXNFLNFCCHAMP-27,NFC Championship Winner,KXNFLNFCCHAMP,National Football Conference Champion,Sports,"[""Football""]",open,binary,0.03,0.04,0.04,0.035,0.965,0.035,0.01,509269.41,28555.1,436525.08,0,2026-02-07T15:00:00Z,2027-02-22T15:00:00Z,2027-02-22T15:00:00Z,,,,structured,,,,True,2026-09-10T16:40:23+00:00,,,,
kalshi,KXNFLMVP-27-KMUR,https://kalshi.com/markets/kxnflmvp/ap-pro-football-regular-season-mvp,https://kalshi.com/markets/kxnflmvp/ap-pro-football-regular-season-mvp/kxnflmvp-27,Will Kyler Murray win the MVP?,Kyler Murray,KXNFLMVP-27,MVP Winner?,KXNFLMVP,AP Pro Football Regular Season MVP,Sports,"[""Football""]",open,binary,0.01,0.02,0.02,0.015,0.985,0.015,0.01,587132.79,28479.77,524306.86,0,2026-02-08T20:30:00Z,2028-02-12T15:00:00Z,2028-02-12T15:00:00Z,,,,structured,,,,True,2026-09-10T16:40:23+00:00,,,,
polymarket,0x00f6d26a7e62cb00299fc0df53678e12a9d16510c2f0fb5b193ba0aa4fa2d254,https://polymarket.com/event/cs2-meg1-mis-2026-09-10/cs2-meg1-mis-2026-09-10,,Counter-Strike: megoshort vs Misa Esports (BO3) - CCT Europe Challengers Series Playoffs,Match Winner,996408,Counter-Strike: megoshort vs Misa Esports (BO3) - CCT Europe Challengers Series Playoffs,cs2-meg1-mis-2026-09-10,Counter-Strike: megoshort vs Misa Esports (BO3) - CCT Europe Challengers Series Playoffs,,[],open,binary,0.41,0.42,0.42,0.415,0.585,0.415,0.01,27694.802891,28462.98725899999,,11691.9523,2026-09-09T23:05:31Z,2026-09-10T20:05:00Z,2026-09-10T20:05:00Z,,,,,,,,,2026-09-10T16:38:51+00:00,,"[""megoshort"", ""Misa Esports""]","[0.415, 0.585]",37948078353321304478447539094871045747939786311282482566758356868556889708611
kalshi,KXDPWORLDTOUR-AMIO26-TOLE,https://kalshi.com/markets/kxdpworldtour/dp-world-tour-tournament-winner,https://kalshi.com/markets/kxdpworldtour/dp-world-tour-tournament-winner/kxdpworldtour-amio26,Will Thorbjørn Olesen win the Amgen Irish Open?,Thorbjørn Olesen,KXDPWORLDTOUR-AMIO26,Amgen Irish Open Winner,KXDPWORLDTOUR,DP World Tour Tournament Winner,Sports,"[""Golf""]",open,binary,0.001,0.002,0.001,0.0015,0.9985,0.0015,0.001,58166.2,28449.73,57128.52,0,2026-09-05T16:05:00Z,2026-09-27T00:00:00Z,2026-09-27T00:00:00Z,,,,structured,,,,True,2026-09-10T16:39:19+00:00,,,,
kalshi,KXWTI-26SEP1014-T98.49,https://kalshi.com/markets/kxwti/wti-oil-on-day,https://kalshi.com/markets/kxwti/wti-oil-on-day/kxwti-26sep1014,"Will the WTI crude oil settlement price be above 98.49 USD/Bbl on Sep 10, 2026?",Above $98.49,KXWTI-26SEP1014,"Oil Price (WTI) on Sep 10, 2026?",KXWTI,WTI oil on day,Commodities,"[""Oil & Gas""]",open,binary,0.98,0.99,0.98,0.985,0.015,0.985,0.01,30003.13,28325.51,10086.09,0,2026-09-08T23:30:00Z,2026-09-10T18:30:00Z,2026-09-17T19:30:00Z,,,,greater,98.49,,,True,2026-09-10T16:39:05+00:00,,,,
kalshi,KXMLBAL-26-TB,https://kalshi.com/markets/kxmlbal/mlb-american-league-championship,https://kalshi.com/markets/kxmlbal/mlb-american-league-championship/kxmlbal-26,Will Tampa Bay win the 2026 Pro Baseball American League Championship?,Tampa Bay,KXMLBAL-26,American League Champion,KXMLBAL,MLB American League Championship,Sports,"[""Baseball""]",open,binary,0.25,0.26,0.26,0.255,0.745,0.255,0.01,693946.26,28303.45,355241.92,0,2025-12-17T15:00:00Z,2028-10-31T04:00:00Z,2028-10-31T04:00:00Z,,,,structured,,,,True,2026-09-10T16:40:27+00:00,,,,
kalshi,KXWTI-26SEP1014-T97.99,https://kalshi.com/markets/kxwti/wti-oil-on-day,https://kalshi.com/markets/kxwti/wti-oil-on-day/kxwti-26sep1014,"Will the WTI crude oil settlement price be above 97.99 USD/Bbl on Sep 10, 2026?",Above $97.99,KXWTI-26SEP1014,"Oil Price (WTI) on Sep 10, 2026?",KXWTI,WTI oil on day,Commodities,"[""Oil & Gas""]",open,binary,0.99,1,0.99,0.995,0.005,0.995,0.01,29106.93,28263.93,10557.95,0,2026-09-08T23:30:00Z,2026-09-10T18:30:00Z,2026-09-17T19:30:00Z,,,,greater,97.99,,,True,2026-09-10T16:39:05+00:00,,,,
kalshi,KXUCL1H-26SEP10MUNSBH-MUN,https://kalshi.com/markets/kxucl1h/champions-league-first-hal-winner,https://kalshi.com/markets/kxucl1h/champions-league-first-hal-winner/kxucl1h-26sep10munsbh,Manchester United wins 1st Half,Manchester United wins 1st Half,KXUCL1H-26SEP10MUNSBH,Manchester United vs Sabah Masazir: First Half Winner,KXUCL1H,Champions League First Hal Winner,Sports,"[""Soccer""]",open,binary,0.74,0.75,0.74,0.745,0.255,0.745,0.01,28284.53,28251.44,28015.31,0,2026-09-08T20:07:00Z,2026-09-12T19:00:00Z,2026-09-12T19:00:00Z,,,,structured,,,,True,2026-09-10T16:39:06+00:00,,,,
polymarket,0x4353fd754cd0372b0427ed153627b7d8668e5a6c0de2757b27fb7c9cd2813268,https://polymarket.com/event/cs2-ldp-teiko-2026-09-10/cs2-ldp-teiko-2026-09-10,,Counter-Strike: largadosypelados vs TEIKO (BO1) - Roman Imperium Cup Group A,Match Winner,996006,Counter-Strike: largadosypelados vs TEIKO (BO1) - Roman Imperium Cup Group A,cs2-ldp-teiko-2026-09-10,Counter-Strike: largadosypelados vs TEIKO (BO1) - Roman Imperium Cup Group A,,[],open,binary,0.5,0.51,0.5,0.505,0.495,0.505,0.01,28242.994113000004,28242.994113000004,,7656.1523,2026-09-09T21:25:43Z,2026-09-10T19:00:00Z,2026-09-10T19:00:00Z,,,,,,,,,2026-09-10T16:38:51+00:00,,"[""largadosypelados"", ""TEIKO""]","[0.505, 0.495]",105624652486600701655345867817999930707226398538811914540938770218287582206324
polymarket,0x8c48f3acf4177b5ceb012a8a2dc7a9c219eeae4a032d6ddcbc3c2ffab907439a,https://polymarket.com/event/which-party-will-gain-most-seats-in-russian-parliamentary-election/will-the-liberal-democratic-party-of-russia-ldpr-gain-the-most-seats-in-the-next-russian-parliamentary-election,,Will the Liberal Democratic Party of Russia (LDPR) gain the most seats in the next Russian parliamentary election?,Liberal Democratic Party of Russia (LDPR),149589,Which party will gain most seats in Russian Parliamentary Election?,which-party-will-gain-most-seats-in-russian-parliamentary-election,Which party will gain most seats in Russian Parliamentary Election?,,[],open,binary,0.03,0.031,0.03,0.0305,0.9695,0.0305,0.001,3728164.917716999,28147.615752,,261934.52247,2026-01-07T21:34:52.030175Z,2026-09-30T00:00:00Z,2026-09-30T00:00:00Z,,,,,,,,,2026-09-10T16:38:51+00:00,0.2,"[""Yes"", ""No""]","[0.0305, 0.9695]",15542559311360205718528742674119037507303557005670729042870301990328002599887
polymarket,0x282ce6c97ce923e33bbe05eaa72d64d1fa9179e72f7a6de7cc30840106d5fb39,https://polymarket.com/event/uefa-champions-league-2027-champion-20260701202025549/will-paris-saint-germain-win-the-2026-27-uefa-champions-league-championship-20260701202025550,,Will Paris Saint-Germain win the 2026-27 UEFA Champions League Championship?,Paris Saint-Germain,659671,UEFA Champions League: 2027 Champion,uefa-champions-league-2027-champion-20260701202025549,UEFA Champions League: 2027 Champion,,[],open,binary,0.12,0.13,0.13,0.125,0.875,0.125,0.01,373641.1969770001,28132.657705,,220244.0218,2026-07-02T19:03:02.322624Z,2027-05-30T23:59:00Z,2027-05-30T23:59:00Z,,,,,,,,,2026-09-10T16:38:51+00:00,,"[""Yes"", ""No""]","[0.125, 0.875]",42217322941028479596443192387253851340512855886718995311794210900077539715203
polymarket,0x1970bcce75e3674660917ae4685b433a9b1e0152d810a8d7c346dfd5e00694c2,https://polymarket.com/event/democratic-presidential-nominee-2028/will-corey-booker-win-the-2028-democratic-presidential-nomination-125,,Will Cory Booker win the 2028 Democratic presidential nomination?,Cory Booker,30829,Democratic Presidential Nominee 2028,democratic-presidential-nominee-2028,Democratic Presidential Nominee 2028,,[],open,binary,0.006,0.007,0.006,0.0065,0.9935,0.0065,0.001,26262276.662271,28061.271991999994,,1543378.64753,2025-07-11T18:36:10.848Z,2028-11-07T00:00:00Z,2028-11-07T00:00:00Z,,,,,,,,,2026-09-10T16:38:51+00:00,,"[""Yes"", ""No""]","[0.0065, 0.9935]",50887272939612765629559172143901565817521391945540156085421963433918821328137
kalshi,KXNFLMVP-27-CWIL,https://kalshi.com/markets/kxnflmvp/ap-pro-football-regular-season-mvp,https://kalshi.com/markets/kxnflmvp/ap-pro-football-regular-season-mvp/kxnflmvp-27,Will Caleb Williams win the MVP?,Caleb Williams,KXNFLMVP-27,MVP Winner?,KXNFLMVP,AP Pro Football Regular Season MVP,Sports,"[""Football""]",open,binary,0.06,0.07,0.07,0.065,0.935,0.065,0.01,639625.73,27939.4,559124.15,0,2026-02-08T20:30:00Z,2028-02-12T15:00:00Z,2028-02-12T15:00:00Z,,,,structured,,,,True,2026-09-10T16:40:23+00:00,,,,
polymarket,0x11f135c62e2d14f03e7b1bf7155459afc49f76ffaec5741509a3a9448e40b955,https://polymarket.com/event/cs2-fal-mellre-2026-09-10/cs2-fal-mellre-2026-09-10-game2,,Counter-Strike: Falcons Force vs mellren - Map 2 Winner,Map 2 Winner,994558,Counter-Strike: Falcons Force vs mellren (BO3) - CCT Europe Closed Qualifier: Series #9 Group A,cs2-fal-mellre-2026-09-10,Counter-Strike: Falcons Force vs mellren (BO3) - CCT Europe Closed Qualifier: Series #9 Group A,,[],open,binary,0.999,1,0.999,0.9995,0.0005,0.9995,0.001,27905.486495000005,27925.486495000005,,84482.56459,2026-09-09T16:15:23Z,2026-09-10T18:00:00Z,2026-09-10T18:00:00Z,,,,,,,,,2026-09-10T16:38:51+00:00,49.95,"[""Falcons Force"", ""mellren""]","[0.9995, 0.0005]",25097289731855918911635165775880968846864906793995013032961289173708690968593
polymarket,0xfbb80ea5f8fc02ee7df8bd4f58790e1d04b874078a49a7b7028a74a2075100c9,https://polymarket.com/event/republican-presidential-nominee-2028/will-elon-musk-win-the-2028-republican-presidential-nomination,,Will Elon Musk win the 2028 Republican presidential nomination?,Elon Musk,31875,Republican Presidential Nominee 2028,republican-presidential-nominee-2028,Republican Presidential Nominee 2028,,[],open,binary,,0.001,0.001,0.0005,0.9995,0.0005,0.001,30418498.141254023,27844.798,,2242363.08269,2025-07-11T19:42:19.219Z,2028-11-07T00:00:00Z,2028-11-07T00:00:00Z,,,,,,,,,2026-09-10T16:38:51+00:00,-0.1,"[""Yes"", ""No""]","[0.0005, 0.9995]",97933607699985149274021900377397416175605196663149372937380275158258659161873
kalshi,KXBTCD-26SEP1017-T79249.99,https://kalshi.com/markets/kxbtcd/bitcoin-price-above-below,https://kalshi.com/markets/kxbtcd/bitcoin-price-above-below/kxbtcd-26sep1017,"Bitcoin price on Sep 10, 2026?","$79,250 or above",KXBTCD-26SEP1017,"BTC price on Sep 10, 2026 at 5pm EDT?",KXBTCD,Bitcoin price Above/below,Crypto,"[""Hourly"", ""BTC""]",open,binary,0.01,0.02,0.02,0.015,0.985,0.015,0.01,27754.32,27754.32,15155.44,0,2026-09-09T20:00:00Z,2026-09-10T21:00:00Z,2026-09-17T21:00:00Z,,,,greater,79249.99,,BRTI,True,2026-09-10T16:39:01+00:00,,,,
kalshi,KXNFLGAME-26SEP13CHICAR-CHI,https://kalshi.com/markets/kxnflgame/professional-football-game,https://kalshi.com/markets/kxnflgame/professional-football-game/kxnflgame-26sep13chicar,Chicago vs Carolina Pro Football game: Chicago wins?,Chicago,KXNFLGAME-26SEP13CHICAR,Chicago vs Carolina,KXNFLGAME,Professional Football Game,Sports,"[""Football""]",open,binary,0.59,0.6,0.6,0.595,0.405,0.595,0.01,181709.74,27704.34,150429.86,0,2026-05-15T17:04:00Z,2026-09-15T17:00:00Z,2026-09-15T17:00:00Z,,,,structured,,,,True,2026-09-10T16:40:09+00:00,,,,
polymarket,0x8dca4438dddc1cb1337629b2f57bdb308f12244e03a0aea248ac2983169c0735,https://polymarket.com/event/ucl-bay-bog-2026-09-10-exact-score/ucl-bay-bog-2026-09-10-exact-score-3-2,,Exact Score: FC Bayern München 3 - 2 FK Bodø/Glimt?,FC Bayern München 3 - 2 FK Bodø/Glimt,931797,FC Bayern München vs. FK Bodø/Glimt - Exact Score,ucl-bay-bog-2026-09-10-exact-score,FC Bayern München vs. FK Bodø/Glimt - Exact Score,,[],open,binary,0.029,0.03,0.03,0.0295,0.9705,0.0295,0.001,27705.541752999998,27677.763974999998,,137483.11905,2026-08-29T18:02:05Z,2026-09-10T19:00:00Z,2026-09-10T19:00:00Z,,,,,,,,,2026-09-10T16:38:51+00:00,-0.35,"[""Yes"", ""No""]","[0.0295, 0.9705]",108328441763211515588565519520137872815726544110653344204902243609880634059707
kalshi,KXCRYPTOSTRUCTURE-26JAN-27,https://kalshi.com/markets/kxcryptostructure/crypto-market-structure,https://kalshi.com/markets/kxcryptostructure/crypto-market-structure/kxcryptostructure-26jan,"Will a crypto market structure bill becomes law before Jan 1, 2027?","Before Jan 1, 2027",KXCRYPTOSTRUCTURE-26JAN,Will the Clarity Act become law?,KXCRYPTOSTRUCTURE,Crypto market structure,Politics,"[""Congress""]",open,binary,0.09,0.11,0.11,0.1,0.9,0.1,0.02,1477809.01,27673.92,570845.56,0,2025-12-04T01:00:00Z,2027-01-01T15:00:00Z,2027-01-01T15:00:00Z,,,,,,,,True,2026-09-10T16:40:28+00:00,,,,
polymarket,0xf342b35550e4ff27035b3c2f81cc2f03a16f36b840c0c3615f32b7c6a567aea9,https://polymarket.com/event/us-iran-hormuz-agreement-byptptpt-20260803235957575/us-iran-hormuz-agreement-by-september-15,,US-Iran Hormuz Agreement by September 15?,September 15,794064,US-Iran Hormuz Agreement by...?,us-iran-hormuz-agreement-byptptpt-20260803235957575,US-Iran Hormuz Agreement by...?,,[],open,binary,0.01,0.014,0.009,0.012,0.988,0.012,0.004,225593.09772899986,27545.375715,,58441.1606,2026-08-18T16:20:54.395118Z,2026-09-16T03:59:00Z,2026-09-16T03:59:00Z,,,,,,,,,2026-09-10T16:38:51+00:00,-0.95,"[""Yes"", ""No""]","[0.012, 0.988]",3937726183724121397938767335168339674393355059024923317120625910960723572093
polymarket,0x8ad950716b2f87b4fc7262a645db2a0788976ec5c4b19cb3fbda3dfde4569f3f,https://polymarket.com/event/ucl-mnu-sf-2026-09-10-more-markets/ucl-mnu-sf-2026-09-10-spread-home-1pt5,,Spread: Manchester United FC (-1.5),Manchester United FC (-1.5),931861,Manchester United FC vs. Sabah FK - More Markets,ucl-mnu-sf-2026-09-10-more-markets,Manchester United FC vs. Sabah FK - More Markets,,[],open,binary,0.77,0.78,0.78,0.775,0.225,0.775,0.01,28876.49117200001,27521.435930000003,,61178.6346,2026-08-29T18:15:33Z,2026-09-10T19:00:00Z,2026-09-10T19:00:00Z,,,,,,,,,2026-09-10T16:38:51+00:00,6,"[""Manchester United FC"", ""Sabah FK""]","[0.775, 0.225]",31742941084960943871588241944127790548977716495191796010086470657197419905497
kalshi,KXDPWORLDTOUR-AMIO26-BWIE,https://kalshi.com/markets/kxdpworldtour/dp-world-tour-tournament-winner,https://kalshi.com/markets/kxdpworldtour/dp-world-tour-tournament-winner/kxdpworldtour-amio26,Will Bernd Wiesberger win the Amgen Irish Open?,Bernd Wiesberger,KXDPWORLDTOUR-AMIO26,Amgen Irish Open Winner,KXDPWORLDTOUR,DP World Tour Tournament Winner,Sports,"[""Golf""]",open,binary,0.002,0.004,0.005,0.003,0.997,0.003,0.002,91176.89,27463.26,91127.77,0,2026-09-05T16:05:00Z,2026-09-27T00:00:00Z,2026-09-27T00:00:00Z,,,,structured,,,,True,2026-09-10T16:39:19+00:00,,,,
kalshi,KXLIGAMXGAME-26SEP13MONTIG-MON,https://kalshi.com/markets/kxligamxgame/liga-mx-game,https://kalshi.com/markets/kxligamxgame/liga-mx-game/kxligamxgame-26sep13montig,Monterrey wins,Monterrey,KXLIGAMXGAME-26SEP13MONTIG,Monterrey vs Tigres,KXLIGAMXGAME,Liga MX Game,Sports,"[""Soccer""]",open,binary,0.43,0.44,0.44,0.435,0.565,0.435,0.01,31188.93,27439.56,30188.51,0,2026-08-31T00:39:00Z,2026-09-16T08:00:00Z,2026-09-16T08:00:00Z,,,,structured,,,,True,2026-09-10T16:39:33+00:00,,,,
kalshi,KXDPWORLDTOURR1LEAD-AMIO26-RCAB,https://kalshi.com/markets/kxdpworldtourr1lead/dp-world-tour-r1-leader,https://kalshi.com/markets/kxdpworldtourr1lead/dp-world-tour-r1-leader/kxdpworldtourr1lead-amio26,Rafa Cabrera Bello leads at the end of Round 1,Rafa Cabrera Bello,KXDPWORLDTOURR1LEAD-AMIO26,Amgen Irish Open End of Round 1 Leader,KXDPWORLDTOURR1LEAD,DP World Tour R1 Leader,Sports,"[""Golf""]",open,binary,0,0.006,0.062,0.003,0.997,0.003,0.006,28669.09,27414.74,27582.17,0,2026-09-07T00:10:00Z,2026-09-27T00:00:00Z,2026-09-27T00:00:00Z,,,,structured,,,,True,2026-09-10T16:39:15+00:00,,,,
polymarket,0x803123b78b7172755ba1b4fe713c9f6144768162413f6b438335b5381a82d201,https://polymarket.com/event/nfl-sf-la-2026-09-11/nfl-sf-la-2026-09-11-total-48pt5,,49ers vs. Rams: O/U 48.5,O/U 48.5,776490,49ers vs. Rams,nfl-sf-la-2026-09-11,49ers vs. Rams,,[],open,binary,0.46,0.47,0.47,0.465,0.535,0.465,0.01,28063.420242999993,27375.830246,,335707.4726,2026-08-04T16:02:52Z,2026-09-11T00:35:00Z,2026-09-11T00:35:00Z,,,,,,,,,2026-09-10T16:38:51+00:00,-2,"[""Over"", ""Under""]","[0.465, 0.535]",88720144411702209586908413476178298195419381379887970010614095835385815631053
kalshi,KXNCAAFGAME-26SEP12GASOCLEM-GASO,https://kalshi.com/markets/kxncaafgame/college-football-game,https://kalshi.com/markets/kxncaafgame/college-football-game/kxncaafgame-26sep12gasoclem,Georgia Southern wins,Georgia Southern,KXNCAAFGAME-26SEP12GASOCLEM,Georgia Southern vs Clemson,KXNCAAFGAME,College Football Game,Sports,"[""Football""]",open,binary,0.09,0.11,0.11,0.1,0.9,0.1,0.02,95883.3,27255.23,77365.53,0,2026-08-25T14:39:00Z,2026-09-14T23:30:00Z,2026-09-14T23:30:00Z,,,,structured,,,,True,2026-09-10T16:39:37+00:00,,,,
kalshi,KXNFLMATCHUP-27SB-BUFDAL,https://kalshi.com/markets/kxnflmatchup/pro-football-matchups,https://kalshi.com/markets/kxnflmatchup/pro-football-matchups/kxnflmatchup-27sb,2026-27 Championship Game Matchup: Buffalo vs Dallas,Buffalo vs Dallas,KXNFLMATCHUP-27SB,Pro Football Championship Game Matchup,KXNFLMATCHUP,Pro Football Matchups,Sports,"[""Football""]",open,binary,0.01,0.02,0.02,0.015,0.985,0.015,0.01,81171.96,27186.58,67516.27,0,2026-07-21T19:00:00Z,2027-02-21T23:30:00Z,2027-02-21T23:30:00Z,,,,custom,,,,True,2026-09-10T16:39:58+00:00,,,,
polymarket,0x20cb7693a30b67d37c663a1348cc310200ba0d01f1f61fd0eb7fbc7c95f71504,https://polymarket.com/event/what-price-will-ethereum-hit-in-september-2026/will-ethereum-dip-to-1700-in-september-2026,,"Will Ethereum dip to $1,700 in September?","↓ 1,700",946005,What price will Ethereum hit in September?,what-price-will-ethereum-hit-in-september-2026,What price will Ethereum hit in September?,,[],open,binary,0.013,0.032,0.012,0.0225,0.9775,0.0225,0.019,60235.683397000015,27143.41,,69000.59001,2026-09-01T05:07:22Z,2026-10-01T04:00:00Z,2026-10-01T04:00:00Z,,,,,,,,,2026-09-10T16:38:51+00:00,-1.1,"[""Yes"", ""No""]","[0.0225, 0.9775]",82124575392029567371423101698166834022931621307980812912813948843804255207827
kalshi,KXUFCFIGHT-26SEP12SILDEL-DEL,https://kalshi.com/markets/kxufcfight/ufc-fight,https://kalshi.com/markets/kxufcfight/ufc-fight/kxufcfight-26sep12sildel,Jose Delgado wins,Jose Delgado,KXUFCFIGHT-26SEP12SILDEL,Fight Night: Silva vs Delgado,KXUFCFIGHT,UFC Fight,Sports,"[""MMA""]",open,binary,0.22,0.23,0.23,0.225,0.775,0.225,0.01,36458.9,27089.23,36129.91,0,2026-09-08T17:30:00Z,2026-09-26T22:40:00Z,2026-09-26T22:40:00Z,,,,structured,,,,True,2026-09-10T16:39:06+00:00,,,,
kalshi,KXBTCY-27JAN0100-B77500,https://kalshi.com/markets/kxbtcy/btc-price-range-eoy,https://kalshi.com/markets/kxbtcy/btc-price-range-eoy/kxbtcy-27jan0100,"BTC price  on Jan 1, 2027?","75,000 to 79,999.99",KXBTCY-27JAN0100,Bitcoin price at the end of 2026,KXBTCY,BTC price range EOY,Crypto,"[""BTC""]",open,binary,0.126,0.129,0.126,0.1275,0.8725,0.1275,0.003,2538558.84,27084.99,286983.44,0,2026-02-25T23:25:29Z,2027-01-01T05:00:00Z,2027-01-08T05:00:00Z,,,,between,75000,79999.99,,True,2026-09-10T16:40:22+00:00,,,,
kalshi,KXNFLGAME-26SEP13NODET-DET,https://kalshi.com/markets/kxnflgame/professional-football-game,https://kalshi.com/markets/kxnflgame/professional-football-game/kxnflgame-26sep13nodet,New Orleans vs Detroit Pro Football game: Detroit wins?,Detroit,KXNFLGAME-26SEP13NODET,New Orleans vs Detroit,KXNFLGAME,Professional Football Game,Sports,"[""Football""]",open,binary,0.74,0.75,0.75,0.745,0.255,0.745,0.01,200956.98,27044.55,118695.21,0,2026-05-15T17:04:00Z,2026-09-15T17:00:00Z,2026-09-15T17:00:00Z,,,,structured,,,,True,2026-09-10T16:40:09+00:00,,,,
kalshi,KXHEISMAN-27-JHOOV,https://kalshi.com/markets/kxheisman/heisman-trophy-winner,https://kalshi.com/markets/kxheisman/heisman-trophy-winner/kxheisman-27,Who will win Heisman Trophy?,Josh Hoover,KXHEISMAN-27,Heisman Trophy Winner,KXHEISMAN,Heisman Trophy Winner,Sports,"[""Football""]",open,binary,0.03,0.04,0.04,0.035,0.965,0.035,0.01,554045.87,27026.59,523793.7,0,2026-01-23T21:40:00Z,2027-01-01T15:00:00Z,2027-01-15T15:00:00Z,,,,custom,,,,True,2026-09-10T16:40:25+00:00,,,,
kalshi,KXNFLRSHYDS-26SEP10SFLAR-SFCMCCAFFREY23-60,https://kalshi.com/markets/kxnflrshyds/pro-football-rushing-yards,https://kalshi.com/markets/kxnflrshyds/pro-football-rushing-yards/kxnflrshyds-26sep10sflar,Christian McCaffrey: 60+ rushing yards,Christian McCaffrey: 60+,KXNFLRSHYDS-26SEP10SFLAR,San Francisco vs Los Angeles R: Rushing Yards,KXNFLRSHYDS,Pro Football Rushing Yards,Sports,"[""Football""]",open,binary,0.5,0.51,0.51,0.505,0.495,0.505,0.01,30031.11,26987.63,27782.09,0,2026-08-27T23:46:00Z,2026-09-13T00:35:00Z,2026-09-13T00:35:00Z,,,,greater,59.5,,,True,2026-09-10T16:39:35+00:00,,,,
kalshi,KXSB-27-LV,https://kalshi.com/markets/kxsb/super-bowl,https://kalshi.com/markets/kxsb/super-bowl/kxsb-27,Will Las Vegas win the 2027 Pro Football Championship?,Las Vegas,KXSB-27,2027 Pro Football Champion,KXSB,Super Bowl,Sports,"[""Football""]",open,binary,0,0.01,0.01,0.005,0.995,0.005,0.01,3250083.26,26919.76,3169496.89,0,2026-02-08T20:00:00Z,2029-02-13T23:30:00Z,2029-02-13T23:30:00Z,,,,structured,,,,True,2026-09-10T16:40:23+00:00,,,,
kalshi,KXKFTOUR-SIBOFTSF26-ZBLA,https://kalshi.com/markets/kxkftour/korn-ferry-tour,https://kalshi.com/markets/kxkftour/korn-ferry-tour/kxkftour-siboftsf26,Will Zac Blair win the Simmons Bank Open for the Snedeker Foundation?,Zac Blair,KXKFTOUR-SIBOFTSF26,Simmons Bank Open for the Snedeker Foundation Winner,KXKFTOUR,Korn Ferry Tour,Sports,"[""Golf""]",open,binary,0.024,0.079,0.079,0.0515,0.9485,0.0515,0.055,35433.36,26832.09,31251.26,0,2026-09-06T23:05:00Z,2026-09-27T00:00:00Z,2026-09-27T00:00:00Z,,,,structured,,,,True,2026-09-10T16:39:15+00:00,,,,
polymarket,0xd64b917e1f7cdf1ad3f51326cf8985ce80e140291d2eaf2bf62821ef02231550,https://polymarket.com/event/strait-of-hormuz-traffic-returns-to-normal-by-november-30-20260810151158765/strait-of-hormuz-traffic-returns-to-normal-by-november-30-20260810151158765,,Strait of Hormuz traffic returns to normal by November 30?,,830254,Strait of Hormuz traffic returns to normal by November 30?,strait-of-hormuz-traffic-returns-to-normal-by-november-30-20260810151158765,Strait of Hormuz traffic returns to normal by November 30?,,[],open,binary,0.09,0.11,0.1,0.1,0.9,0.1,0.02,296093.03126099997,26753.612274,,148807.8372,2026-08-11T09:20:18.921762Z,2026-11-30T23:59:00Z,2026-11-30T23:59:00Z,,,,,,,,,2026-09-10T16:38:51+00:00,-3.5,"[""Yes"", ""No""]","[0.1, 0.9]",18077313030201522388676673488157544588986077823815688276055531102255531898625
polymarket,0xfd155fdd279dc1f5aaa451285a2f98777fcf7d37719d630aa7918472e5d57ce2,https://polymarket.com/event/kanye-west-performs-in-russia-by-october-31/kanye-west-performs-in-russia-by-october-31,,Kanye West performs in Russia by October 31?,,875294,Kanye West performs in Russia by October 31?,kanye-west-performs-in-russia-by-october-31,Kanye West performs in Russia by October 31?,,[],open,binary,0.27,0.28,0.28,0.275,0.725,0.275,0.01,434559.977606,26731.702755,,18908.1535,2026-08-19T11:53:41Z,2026-11-01T03:59:00Z,2026-11-01T03:59:00Z,,,,,,,,,2026-09-10T16:38:51+00:00,-2,"[""Yes"", ""No""]","[0.275, 0.725]",46823860506224273130758300745094541598747497878859270908164688978256679771702
kalshi,KXWFIBAGAME-26SEP101445ESPAUS-ESP,https://kalshi.com/markets/kxwfibagame/women-s-fiba-game,https://kalshi.com/markets/kxwfibagame/women-s-fiba-game/kxwfibagame-26sep101445espaus,Spain wins,Spain,KXWFIBAGAME-26SEP101445ESPAUS,Spain vs Australia,KXWFIBAGAME,Women's FIBA Game,Sports,"[""Basketball""]",open,binary,0.76,0.77,0.77,0.765,0.235,0.765,0.01,26866.33,26701.3,26756.33,0,2026-09-09T21:38:00Z,2026-09-12T18:45:00Z,2026-09-12T18:45:00Z,,,,structured,,,,True,2026-09-10T16:38:53+00:00,,,,
polymarket,0x61718493c2b539b88d46f661d1a424bb341fec276391930b8d28bb31699a60e8,https://polymarket.com/event/bkfibaw-pue2-fra-2026-09-10/bkfibaw-pue2-fra-2026-09-10,,Puerto Rico/China vs. France,,987174,Puerto Rico/China vs. France,bkfibaw-pue2-fra-2026-09-10,Puerto Rico/China vs. France,,[],open,binary,0.001,0.478,0.001,0.2395,0.7605,0.2395,0.477,26640.992510000004,26640.992510000004,,68.11893,2026-09-08T07:30:44Z,2026-09-17T16:00:00Z,2026-09-17T16:00:00Z,,,,,,,,,2026-09-10T16:38:51+00:00,-2.55,"[""Puerto Rico/China"", ""France""]","[0.2395, 0.7605]",16798844868645587568265018734977300657013541948937844228741252967585539249046
polymarket,0x68e7481710b360df40c05fab26b5221df62236e36cca26ce37fb26cf79b9e06a,https://polymarket.com/event/what-price-will-bitcoin-hit-september-7-13-2026/will-bitcoin-dip-to-72k-september-7-13-2026,,"Will Bitcoin dip to $72,000 September 7-13?","↓ 72,000",980492,What price will Bitcoin hit September 7-13?,what-price-will-bitcoin-hit-september-7-13-2026,What price will Bitcoin hit September 7-13?,,[],open,binary,0.06,0.07,0.07,0.065,0.935,0.065,0.01,53543.665477,26635.431549999998,,34804.6159,2026-09-07T04:00:19Z,2026-09-14T04:00:00Z,2026-09-14T04:00:00Z,,,,,,,,,2026-09-10T16:38:51+00:00,0.5,"[""Yes"", ""No""]","[0.065, 0.935]",16061494357988425707040179683673126229351589661264832747848733460730080155610
kalshi,KXUCLSPREAD-26SEP10MUNSBH-MUN3,https://kalshi.com/markets/kxuclspread/champions-league-spread,https://kalshi.com/markets/kxuclspread/champions-league-spread/kxuclspread-26sep10munsbh,Manchester United wins by more than 2.5 goals?,Manchester United wins by more than 2.5 goals,KXUCLSPREAD-26SEP10MUNSBH,Manchester United vs Sabah Masazir: Spread,KXUCLSPREAD,Champions League Spread,Sports,"[""Soccer""]",open,binary,0.61,0.62,0.62,0.615,0.385,0.615,0.01,27921.22,26594.21,25935.58,0,2026-09-07T19:07:00Z,2026-09-13T01:00:00Z,2026-09-13T01:00:00Z,,,,greater,2.5,,,True,2026-09-10T16:39:12+00:00,,,,
kalshi,KXNFLFIRSTTD-26SEP10SFLAR-LARDADAMS17,https://kalshi.com/markets/kxnflfirsttd/pro-football-first-touchdown,https://kalshi.com/markets/kxnflfirsttd/pro-football-first-touchdown/kxnflfirsttd-26sep10sflar,Davante Adams: 1st Touchdown,Davante Adams,KXNFLFIRSTTD-26SEP10SFLAR,San Francisco vs Los Angeles R: First Touchdown,KXNFLFIRSTTD,Pro Football First Touchdown,Sports,"[""Football""]",open,binary,0.09,0.1,0.1,0.095,0.905,0.095,0.01,30212.17,26589.62,28834.77,0,2026-09-02T21:39:00Z,2026-09-13T00:35:00Z,2026-09-13T00:35:00Z,,,,structured,,,,True,2026-09-10T16:39:26+00:00,,,,
polymarket,0x8f1f7bd4d097b09e1d9d63be6388e060ba59e46e3c2bd5b047cc53dbeeee8f2f,https://polymarket.com/event/lol-bombat-lds-2026-09-10/lol-bombat-lds-2026-09-10,,LoL: BOMBA Team vs Lodis (BO5) - Rift Legends Playoffs,Match Winner,995827,LoL: BOMBA Team vs Lodis (BO5) - Rift Legends Playoffs,lol-bombat-lds-2026-09-10,LoL: BOMBA Team vs Lodis (BO5) - Rift Legends Playoffs,,[],open,binary,0.36,0.37,0.43,0.365,0.635,0.365,0.01,26541.501581999997,26541.501581999997,,48287.8021,2026-09-09T20:20:29Z,2026-09-10T22:00:00Z,2026-09-10T22:00:00Z,,,,,,,,,2026-09-10T16:38:51+00:00,,"[""BOMBA Team"", ""Lodis""]","[0.365, 0.635]",102967267845657640474376451743246060658813660380829500009353088471361157488171
polymarket,0x88c6800dd5cebb3ccbc554b93493a678f74d39b1b29f637f234576a8993c10df,https://polymarket.com/event/us-x-iran-effective-ceasefire-begins-byptptpt-2-week-pause/us-x-iran-effective-ceasefire-by-september-30,,US x Iran Effective Ceasefire by September 30?,September 30,950983,US x Iran Effective Ceasefire begins by...? (2 week pause),us-x-iran-effective-ceasefire-begins-byptptpt-2-week-pause,US x Iran Effective Ceasefire begins by...? (2 week pause),,[],open,binary,0.75,0.77,0.77,0.76,0.24,0.76,0.02,180784.02956900003,26532.712243,,41561.6025,2026-09-02T00:24:22Z,2026-09-30T23:59:00Z,2026-09-30T23:59:00Z,,,,,,,,,2026-09-10T16:38:51+00:00,3.5,"[""Yes"", ""No""]","[0.76, 0.24]",58212269517896884015338469775294689976202682430971882904931336575860619991827
polymarket,0xc65fb00eb998335039e5120dc390967576c4bfaee22a2342a17ced0fbc2c7e4e,https://polymarket.com/event/which-party-will-gain-most-seats-in-russian-parliamentary-election/will-yabloko-gain-the-most-seats-in-the-next-russian-parliamentary-election,,Will Yabloko gain the most seats in the next Russian parliamentary election?,Yabloko,149589,Which party will gain most seats in Russian Parliamentary Election?,which-party-will-gain-most-seats-in-russian-parliamentary-election,Which party will gain most seats in Russian Parliamentary Election?,,[],open,binary,0.002,0.003,0.002,0.0025,0.9975,0.0025,0.001,1771623.8719819998,26505.799832999997,,166046.23473,2026-01-07T21:34:54.093Z,2026-09-30T00:00:00Z,2026-09-30T00:00:00Z,,,,,,,,,2026-09-10T16:38:51+00:00,-0.25,"[""Yes"", ""No""]","[0.0025, 0.9975]",58721985681065679385223615049978282300963455822470759257650539113974997280205
kalshi,KXPRESNOMR-28-TC,https://kalshi.com/markets/kxpresnomr/republican-primary-winner,https://kalshi.com/markets/kxpresnomr/republican-primary-winner/kxpresnomr-28,Will Ted Cruz be the nominee for the Presidency for the Republican party?,Ted Cruz,KXPRESNOMR-28,2028 Republican presidential nominee,KXPRESNOMR,Republican Primary winner,Elections,"[""2028"", ""US Elections""]",open,binary,0.021,0.022,0.022,0.0215,0.9785,0.0215,0.001,1960887.68,26497.92,1240717.02,0,2024-11-06T15:00:00Z,2028-11-07T15:00:00Z,2028-11-07T15:00:00Z,,,,custom,,,,True,2026-09-10T16:40:30+00:00,,,,
kalshi,KXWTI-26SEP1014-T99.49,https://kalshi.com/markets/kxwti/wti-oil-on-day,https://kalshi.com/markets/kxwti/wti-oil-on-day/kxwti-26sep1014,"Will the WTI crude oil settlement price be above 99.49 USD/Bbl on Sep 10, 2026?",Above $99.49,KXWTI-26SEP1014,"Oil Price (WTI) on Sep 10, 2026?",KXWTI,WTI oil on day,Commodities,"[""Oil & Gas""]",open,binary,0.95,0.96,0.95,0.955,0.045,0.955,0.01,26821.1,26487.11,11300.5,0,2026-09-08T23:30:00Z,2026-09-10T18:30:00Z,2026-09-17T19:30:00Z,,,,greater,99.49,,,True,2026-09-10T16:39:05+00:00,,,,
polymarket,0x8133843fe31063a6cc17c4582c023a832ee64802c98fcc08d79521629831d3c4,https://polymarket.com/event/pro-football-2027-champion-20260729185915366/will-the-new-england-patriots-win-the-2027-nfl-league-championship,,Will the New England Patriots win the 2027 NFL league championship?,New England Patriots,202857,Pro Football: 2027 Champion,pro-football-2027-champion-20260729185915366,Pro Football: 2027 Champion,,[],open,binary,0.035,0.036,0.035,0.0355,0.9645,0.0355,0.001,780312.8341069998,26411.734525,,157966.86281,2026-02-09T00:43:57.733Z,2027-03-31T23:55:00Z,2027-03-31T23:55:00Z,,,,,,,,,2026-09-10T16:38:51+00:00,-0.3,"[""Yes"", ""No""]","[0.0355, 0.9645]",78281588462016004003374572469592689124590878916935893431087178527974926369110
polymarket,0x8a5c0b5fc339f2dbaf584def66bcf8bff94d91f0250562e452782fed3d18f821,https://polymarket.com/event/crude-oil-all-time-high-by/will-crude-oil-reach-a-new-all-time-high-by-december-31,,Will Crude Oil reach a new all-time high by December 31?,December 31,435099,Crude Oil all time high by...?,crude-oil-all-time-high-by,Crude Oil all time high by...?,,[],open,binary,0.13,0.14,0.14,0.135,0.865,0.135,0.01,1073583.881215,26347.930994,,96855.39,2026-04-30T18:40:25.304027Z,2027-01-01T04:59:00Z,2027-01-01T04:59:00Z,,,,,,,,,2026-09-10T16:38:51+00:00,2,"[""Yes"", ""No""]","[0.135, 0.865]",89220876555191016916241799318314090743516702009053928118059298766028257434413
polymarket,0x290b3a5826b17e48ae7166b188767d95df5a9ed0b69fda116d98d0d27d753281,https://polymarket.com/event/next-french-presidential-election/will-ric-zemmour-win-the-2027-french-presidential-election,,Will Éric Zemmour win the 2027 French presidential election?,Éric Zemmour,79987,Next French Presidential Election,next-french-presidential-election,Next French Presidential Election,,[],open,binary,0.004,0.005,0.004,0.0045,0.9955,0.0045,0.001,2219853.6371599995,26333.960543,,248964.32846,2025-11-13T23:09:39.490535Z,2027-04-30T00:00:00Z,2027-04-30T00:00:00Z,,,,,,,,,2026-09-10T16:38:51+00:00,,"[""Yes"", ""No""]","[0.0045, 0.9955]",51126599157451146230415396920771455069752975116525743821340393650626382714261
kalshi,KXCPIYOY-26AUG-T3.5,https://kalshi.com/markets/kxcpiyoy/inflation,https://kalshi.com/markets/kxcpiyoy/inflation/kxcpiyoy-26aug,Will the rate of CPI inflation be above 3.5% for the year ending in August 2026?,Above 3.5%,KXCPIYOY-26AUG,Inflation in August 2026 (CPI YoY),KXCPIYOY,Inflation,Economics,"[""Inflation""]",open,binary,0.03,0.06,0.06,0.045,0.955,0.045,0.03,122242.77,26315.89,105026.25,0,2026-06-09T22:15:00Z,2026-09-11T12:29:00Z,2026-12-11T14:00:00Z,,,,greater,3.5,,CPI,True,2026-09-10T16:40:06+00:00,,,,
polymarket,0x6df498518d20e7ffbf6151e97d46530f561aa0a3337735afc31e537cf39d5b79,https://polymarket.com/event/ucl-mnu-sf-2026-09-10/ucl-mnu-sf-2026-09-10-draw,,Will Manchester United FC vs. Sabah FK end in a draw?,Draw (Manchester United FC vs. Sabah FK),931730,Manchester United FC vs. Sabah FK,ucl-mnu-sf-2026-09-10,Manchester United FC vs. Sabah FK,,[],open,binary,0.06,0.07,0.07,0.065,0.935,0.065,0.01,30329.63697500001,26220.984037,,333412.5674,2026-08-29T18:00:33Z,2026-09-10T19:00:00Z,2026-09-10T19:00:00Z,,,,,,,,,2026-09-10T16:38:51+00:00,-3,"[""Yes"", ""No""]","[0.065, 0.935]",75107103809931139214533220493092453012629570225224451325060803879051570629274
kalshi,KXPRESNOMD-28-MO,https://kalshi.com/markets/kxpresnomd/democratic-primary-winner,https://kalshi.com/markets/kxpresnomd/democratic-primary-winner/kxpresnomd-28,Will Michelle Obama be the Democratic Presidential nominee in 2028?,Michelle Obama,KXPRESNOMD-28,2028 Democratic presidential nominee,KXPRESNOMD,Democratic Primary winner,Elections,"[""2028"", ""US Elections""]",open,binary,0.02,0.023,0.023,0.0215,0.9785,0.0215,0.003,6139408.28,26215.41,4570789.89,0,2024-11-06T15:00:00Z,2028-11-07T15:00:00Z,2028-11-07T15:00:00Z,,,,custom,,,,True,2026-09-10T16:40:30+00:00,,,,
polymarket,0x3f67a0bbef53b112984c3fe112b98ade275b2f7aa7e3c44e7bc61ff0ed55d899,https://polymarket.com/event/uefa-champions-league-2027-champion-20260701202025549/will-real-madrid-win-the-2026-27-uefa-champions-league-championship-20260701202025561,,Will Real Madrid win the 2026-27 UEFA Champions League Championship?,Real Madrid,659671,UEFA Champions League: 2027 Champion,uefa-champions-league-2027-champion-20260701202025549,UEFA Champions League: 2027 Champion,,[],open,binary,0.12,0.13,0.13,0.125,0.875,0.125,0.01,646725.3386930001,26164.181542,,219376.3733,2026-07-02T19:04:17.581769Z,2027-05-30T23:59:00Z,2027-05-30T23:59:00Z,,,,,,,,,2026-09-10T16:38:51+00:00,,"[""Yes"", ""No""]","[0.125, 0.875]",73261753987669598165549263168176114508183442178496569937750381128739476213981
polymarket,0x500a44f6958a11740e74e5c0f7b4f8a09792a772910939614c6e42851b82b200,https://polymarket.com/event/cs2-fal-mellre-2026-09-10/cs2-fal-mellre-2026-09-10,,Counter-Strike: Falcons Force vs mellren (BO3) - CCT Europe Closed Qualifier: Series #9 Group A,Match Winner,994558,Counter-Strike: Falcons Force vs mellren (BO3) - CCT Europe Closed Qualifier: Series #9 Group A,cs2-fal-mellre-2026-09-10,Counter-Strike: Falcons Force vs mellren (BO3) - CCT Europe Closed Qualifier: Series #9 Group A,,[],open,binary,0.999,1,0.999,0.9995,0.0005,0.9995,0.001,26152.36851299999,26152.368513,,135179.87267,2026-09-09T16:15:22Z,2026-09-10T20:00:00Z,2026-09-10T20:00:00Z,,,,,,,,,2026-09-10T16:38:51+00:00,46.95,"[""Falcons Force"", ""mellren""]","[0.9995, 0.0005]",29190089750336874906264935989839362330704464644629907997182222586354884904271
polymarket,0xbac8d3ca6cc7297022850562d9d66669d5e0a112767337f8a5955417f1984b54,https://polymarket.com/event/next-french-presidential-election/will-olivier-faure-win-the-2027-french-presidential-election,,Will Olivier Faure win the 2027 French presidential election?,Olivier Faure,79987,Next French Presidential Election,next-french-presidential-election,Next French Presidential Election,,[],open,binary,0.001,0.002,0.001,0.0015,0.9985,0.0015,0.001,5693386.842615001,26148.911,,199792.65754,2025-11-13T23:09:45.056843Z,2027-04-30T00:00:00Z,2027-04-30T00:00:00Z,,,,,,,,,2026-09-10T16:38:51+00:00,,"[""Yes"", ""No""]","[0.0015, 0.9985]",20081811713638516406596868811232083490459643675005428825503148986030861838715
kalshi,KXNFLGAME-26SEP13ARILAC-LAC,https://kalshi.com/markets/kxnflgame/professional-football-game,https://kalshi.com/markets/kxnflgame/professional-football-game/kxnflgame-26sep13arilac,Arizona vs Los Angeles C Pro Football game: Los Angeles C wins?,Los Angeles C,KXNFLGAME-26SEP13ARILAC,Arizona vs Los Angeles C,KXNFLGAME,Professional Football Game,Sports,"[""Football""]",open,binary,0.8,0.81,0.81,0.805,0.195,0.805,0.01,153294.14,26116.81,90258.61,0,2026-05-15T17:04:00Z,2026-09-15T20:25:00Z,2026-09-15T20:25:00Z,,,,structured,,,,True,2026-09-10T16:40:09+00:00,,,,
polymarket,0xbc6f806234df0e5e2ea9014ae4a370179b611b7e0c9eed3960926aa0671f296e,https://polymarket.com/event/cs2-shin-tdp-2026-09-10/cs2-shin-tdp-2026-09-10-map-handicap-away-1pt5,,Map Handicap: SHIN (-1.5) vs Turma do Pagode (+1.5),Map Handicap: SHIN (-1.5) vs Turma do Pagode (+1.5),996942,Counter-Strike: ShindeN vs Turma do Pagode (BO3) - PGL Masters Bucharest: South American Closed Qualifier Playoffs,cs2-shin-tdp-2026-09-10,Counter-Strike: ShindeN vs Turma do Pagode (BO3) - PGL Masters Bucharest: South American Closed Qualifier Playoffs,,[],open,binary,,0.001,0.12,0.0005,0.9995,0.0005,0.001,26079.49710499999,26079.497104999995,,66277.28154,2026-09-10T03:14:16Z,2026-09-10T20:10:00Z,2026-09-10T20:10:00Z,,,,,,,,,2026-09-10T16:38:51+00:00,,"[""ShindeN"", ""Turma do Pagode""]","[0.0005, 0.9995]",59828230595127307817355623895619924027491614814254199452376302428283045546700
polymarket,0xc9615bb82d6535d630ff98e8094060bc767d8b9446516e98f84d2001a35e50e7,https://polymarket.com/event/which-party-will-gain-most-seats-in-russian-parliamentary-election/will-new-people-nl-gain-the-most-seats-in-the-next-russian-parliamentary-election,,Will New People (NL) gain the most seats in the next Russian parliamentary election?,New People (NL),149589,Which party will gain most seats in Russian Parliamentary Election?,which-party-will-gain-most-seats-in-russian-parliamentary-election,Which party will gain most seats in Russian Parliamentary Election?,,[],open,binary,0.206,0.211,0.206,0.2085,0.7915,0.2085,0.005,2832105.8833290003,26072.746993999997,,186978.65964,2026-01-07T21:34:54.347508Z,2026-09-30T00:00:00Z,2026-09-30T00:00:00Z,,,,,,,,,2026-09-10T16:38:51+00:00,-0.9,"[""Yes"", ""No""]","[0.2085, 0.7915]",11579523374077486340625849389871632811698420338620172235121664865203221472748
kalshi,KXMLBRFI-26SEP101610TEXSEA,https://kalshi.com/markets/kxmlbrfi/pro-baseball-run-in-first-inning,https://kalshi.com/markets/kxmlbrfi/pro-baseball-run-in-first-inning/kxmlbrfi-26sep101610texsea,1st inning: Over 0.5 runs,Over 0.5 runs in the 1st inning,KXMLBRFI-26SEP101610TEXSEA,Texas vs Seattle: First Inning Run,KXMLBRFI,Pro Baseball Run in First Inning,Sports,"[""Baseball""]",open,binary,0.4,0.41,0.4,0.405,0.595,0.405,0.01,27293.58,26065.1,26126.9,0,2026-09-07T20:40:00Z,2026-09-13T20:10:00Z,2026-09-13T20:10:00Z,,,,greater_or_equal,1,,,True,2026-09-10T16:39:11+00:00,,,,
polymarket,0x60e79c6a2bfe7bd9961d46a014f284969af56a15fe78f8dcaa17031e1124af7f,https://polymarket.com/event/what-price-will-ethereum-hit-in-september-2026/will-ethereum-reach-3000-in-september-2026,,"Will Ethereum reach $3,000 in September?","↑ 3,000",946005,What price will Ethereum hit in September?,what-price-will-ethereum-hit-in-september-2026,What price will Ethereum hit in September?,,[],open,binary,0.1,0.11,0.12,0.105,0.895,0.105,0.01,62552.279984,26052.553301000007,,37486.7836,2026-09-01T05:07:20Z,2026-10-01T04:00:00Z,2026-10-01T04:00:00Z,,,,,,,,,2026-09-10T16:38:51+00:00,-6,"[""Yes"", ""No""]","[0.105, 0.895]",92547465648638412418110394243302796237694165392540417186207206614872230952113
kalshi,KXMLB-26-PHI,https://kalshi.com/markets/kxmlb/world-series,https://kalshi.com/markets/kxmlb/world-series/kxmlb-26,Will Philadelphia win the 2026 Pro Baseball Championship?,Philadelphia,KXMLB-26,Pro Baseball Champion,KXMLB,World Series,Sports,"[""Baseball""]",open,binary,0.065,0.07,0.07,0.0675,0.9325,0.0675,0.005,2912726.27,25993.21,2032781.64,0,2025-12-17T15:00:00Z,2028-10-31T04:00:00Z,2028-10-31T04:00:00Z,,,,structured,,,,True,2026-09-10T16:40:27+00:00,,,,
kalshi,KXWTI-26SEP1014-T97.49,https://kalshi.com/markets/kxwti/wti-oil-on-day,https://kalshi.com/markets/kxwti/wti-oil-on-day/kxwti-26sep1014,"Will the WTI crude oil settlement price be above 97.49 USD/Bbl on Sep 10, 2026?",Above $97.49,KXWTI-26SEP1014,"Oil Price (WTI) on Sep 10, 2026?",KXWTI,WTI oil on day,Commodities,"[""Oil & Gas""]",open,binary,0.99,1,0.99,0.995,0.005,0.995,0.01,26658.86,25941.86,11050.23,0,2026-09-08T23:30:00Z,2026-09-10T18:30:00Z,2026-09-17T19:30:00Z,,,,greater,97.49,,,True,2026-09-10T16:39:05+00:00,,,,
kalshi,KXMLBHR-26SEP101215TBATL-TBYDIAZ2-1,https://kalshi.com/markets/kxmlbhr/pro-baseball-home-runs,https://kalshi.com/markets/kxmlbhr/pro-baseball-home-runs/kxmlbhr-26sep101215tbatl,Yandy Díaz: 1+ home runs?,Yandy Díaz: 1+,KXMLBHR-26SEP101215TBATL,Tampa Bay vs Atlanta: Home Runs,KXMLBHR,Pro Baseball Home Runs,Sports,"[""Baseball""]",open,binary,0.11,0.12,0.12,0.115,0.885,0.115,0.01,26684.08,25850.48,26151.33,0,2026-09-10T04:40:00Z,2026-09-13T16:15:00Z,2026-09-13T16:15:00Z,,,,greater,0.5,,,True,2026-09-10T16:38:52+00:00,,,,
kalshi,KXMLBNLROTY-26-JWET,https://kalshi.com/markets/kxmlbnlroty/pro-baseball-national-league-rookie-of-the-year,https://kalshi.com/markets/kxmlbnlroty/pro-baseball-national-league-rookie-of-the-year/kxmlbnlroty-26,Will JJ Wetherholt win NL ROTY?,JJ Wetherholt,KXMLBNLROTY-26,NL Rookie of the Year Winner?,KXMLBNLROTY,Pro Baseball National League Rookie of the Year,Sports,"[""Baseball""]",open,binary,0.02,0.03,0.03,0.025,0.975,0.025,0.01,406646.55,25779.27,230929.01,0,2026-02-02T15:00:00Z,2026-12-08T15:00:00Z,2026-12-08T15:00:00Z,,,,custom,,,,True,2026-09-10T16:40:25+00:00,,,,
polymarket,0x1cbb1d364eb8aba15e492eafc1aaa93aaef1f5dd266de44f1514fa3af5e5750e,https://polymarket.com/event/wta-waltert-papamic-2026-09-10/wta-waltert-papamic-2026-09-10,,Montreux: Simona Waltert vs Despina Papamichail,,991036,Montreux: Simona Waltert vs Despina Papamichail,wta-waltert-papamic-2026-09-10,Montreux: Simona Waltert vs Despina Papamichail,,[],open,binary,0.89,0.9,0.9,0.895,0.105,0.895,0.01,25667.875922000007,25652.045922,,96513.9797,2026-09-08T22:14:34Z,2026-09-17T08:00:00Z,2026-09-17T08:00:00Z,,,,,,,,,2026-09-10T16:38:51+00:00,-2,"[""Simona Waltert"", ""Despina Papamichail""]","[0.895, 0.105]",16401455597375016422973192250591005789962243129752291969028470922926719673081
kalshi,KXLVAVIRGAME-26SEP10SUNTUK-SUN,https://kalshi.com/markets/kxlvavirgame/latvian-virsliga-game,https://kalshi.com/markets/kxlvavirgame/latvian-virsliga-game/kxlvavirgame-26sep10suntuk,Super Nova wins,Super Nova,KXLVAVIRGAME-26SEP10SUNTUK,Super Nova vs Tukums 2000,KXLVAVIRGAME,Latvian Virsliga Game,Sports,"[""Soccer""]",open,binary,0.4,0.41,0.41,0.405,0.595,0.405,0.01,32162.93,25619.8,29648.74,0,2026-09-06T00:41:00Z,2026-09-12T22:00:00Z,2026-09-12T22:00:00Z,,,,structured,,,,True,2026-09-10T16:39:17+00:00,,,,
polymarket,0x9bbf1d068fdbc04c96643ba833a798ace5cc9209ce4244aa8e3569d1d711c11d,https://polymarket.com/event/uae1-dub-sah-2026-09-10-more-markets/uae1-dub-sah-2026-09-10-total-0pt5,,Dubai United FC vs. Shabab Al Ahli Dubai: O/U 0.5,O/U 0.5,994449,Dubai United FC vs. Shabab Al Ahli Dubai - More Markets,uae1-dub-sah-2026-09-10-more-markets,Dubai United FC vs. Shabab Al Ahli Dubai - More Markets,,[],open,binary,0.999,1,0.999,0.9995,0.0005,0.9995,0.001,25540.677158000002,25540.677158,,32380.71336,2026-09-09T15:56:42Z,2026-09-10T13:40:00Z,2026-09-10T13:40:00Z,,,,,,,,,2026-09-10T16:38:51+00:00,3.15,"[""Over"", ""Under""]","[0.9995, 0.0005]",74366468723848896045882054774462558127746653703908885817236671841720471835428
kalshi,KXDPWORLDTOUR-AMIO26-JCAM,https://kalshi.com/markets/kxdpworldtour/dp-world-tour-tournament-winner,https://kalshi.com/markets/kxdpworldtour/dp-world-tour-tournament-winner/kxdpworldtour-amio26,Will Jorge Campillo win the Amgen Irish Open?,Jorge Campillo,KXDPWORLDTOUR-AMIO26,Amgen Irish Open Winner,KXDPWORLDTOUR,DP World Tour Tournament Winner,Sports,"[""Golf""]",open,binary,0,0.002,0.001,0.001,0.999,0.001,0.002,28487.15,25524.01,24695.37,0,2026-09-05T16:05:00Z,2026-09-27T00:00:00Z,2026-09-27T00:00:00Z,,,,structured,,,,True,2026-09-10T16:39:19+00:00,,,,
kalshi,KXODIMATCH-26SEP110330SANAM-NAM,https://kalshi.com/markets/kxodimatch/men-s-odi-cricket-match,https://kalshi.com/markets/kxodimatch/men-s-odi-cricket-match/kxodimatch-26sep110330sanam,Namibia wins,Namibia,KXODIMATCH-26SEP110330SANAM,Namibia vs South Africa,KXODIMATCH,Men's ODI Cricket Match,Sports,"[""Cricket""]",open,binary,0.1,0.11,0.1,0.105,0.895,0.105,0.01,26774.68,25519.68,23932.05,0,2026-09-09T04:48:00Z,2026-09-13T15:30:00Z,2026-09-13T15:30:00Z,,,,structured,,,,True,2026-09-10T16:39:03+00:00,,,,
kalshi,KXMLBGAME-26SEP101610TEXSEA-SEA,https://kalshi.com/markets/kxmlbgame/professional-baseball-game,https://kalshi.com/markets/kxmlbgame/professional-baseball-game/kxmlbgame-26sep101610texsea,Seattle wins,Seattle,KXMLBGAME-26SEP101610TEXSEA,Texas vs Seattle,KXMLBGAME,Professional Baseball Game,Sports,"[""Baseball""]",open,binary,0.53,0.54,0.54,0.535,0.465,0.535,0.01,25816.24,25486.46,25298.92,0,2026-09-07T20:25:00Z,2026-09-13T20:10:00Z,2026-09-13T20:10:00Z,,,,structured,,,,True,2026-09-10T16:39:11+00:00,,,,
polymarket,0xe5acfef8707df2e25a99a6e4d9568d033fa063b006022f68375ab3bbcf376818,https://polymarket.com/event/sweden-parliamentary-election-winner/will-the-swedish-social-democratic-party-s-win-the-most-seats-in-the-2026-swedish-parliamentary-election,,Will the Swedish Social Democratic Party (S) win the most seats in the 2026 Swedish parliamentary election?,Swedish Social Democratic Party (S),96640,Sweden Parliamentary Election Winner,sweden-parliamentary-election-winner,Sweden Parliamentary Election Winner,,[],open,binary,0.991,0.994,0.992,0.9925,0.0075,0.9925,0.003,246706.98283000005,25448.237154,,99993.31458,2025-12-04T16:52:20.855Z,2026-09-13T00:00:00Z,2026-09-13T00:00:00Z,,,,,,,,,2026-09-10T16:38:51+00:00,0.25,"[""Yes"", ""No""]","[0.9925, 0.0075]",103916805803783582379666899779911786632579535459334681066604944183134504393219
polymarket,0xd989950d617b641224e5782c14f42400e40d56bf6c0577c556b7356dd9434d36,https://polymarket.com/event/what-price-will-bitcoin-hit-on-september-10-2026/will-bitcoin-dip-to-76k-on-september-10-2026,,"Will Bitcoin dip to $76,000 on September 10?","↓ 76,000",997382,What price will Bitcoin hit on September 10?,what-price-will-bitcoin-hit-on-september-10-2026,What price will Bitcoin hit on September 10?,,[],open,binary,0.26,0.28,0.28,0.27,0.73,0.27,0.02,25413.690085,25419.009218,,15171.4572,2026-09-10T04:00:15Z,2026-09-11T04:00:00Z,2026-09-11T04:00:00Z,,,,,,,,,2026-09-10T16:38:51+00:00,,"[""Yes"", ""No""]","[0.27, 0.73]",112667830318365146473895906486633409226440311502387360634816908439564061521109
polymarket,0xdf7cbcd60d65f355afd91b2396eddc57d191671a5ff2faa2cd0b4b277eaa8be4,https://polymarket.com/event/what-price-will-bitcoin-hit-on-september-10-2026/will-bitcoin-dip-to-75k-on-september-10-2026,,"Will Bitcoin dip to $75,000 on September 10?","↓ 75,000",997382,What price will Bitcoin hit on September 10?,what-price-will-bitcoin-hit-on-september-10-2026,What price will Bitcoin hit on September 10?,,[],open,binary,0.031,0.053,0.069,0.042,0.958,0.042,0.022,25387.617646000002,25397.718646,,19281.11128,2026-09-10T04:00:18Z,2026-09-11T04:00:00Z,2026-09-11T04:00:00Z,,,,,,,,,2026-09-10T16:38:51+00:00,,"[""Yes"", ""No""]","[0.042, 0.958]",61829167919781176208621650522219272288396368098324009970748146876239116448680
kalshi,KXHEISMAN-27-KTAY,https://kalshi.com/markets/kxheisman/heisman-trophy-winner,https://kalshi.com/markets/kxheisman/heisman-trophy-winner/kxheisman-27,Who will win Heisman Trophy?,Kamario Taylor,KXHEISMAN-27,Heisman Trophy Winner,KXHEISMAN,Heisman Trophy Winner,Sports,"[""Football""]",open,binary,0.01,0.02,0.02,0.015,0.985,0.015,0.01,760252.53,25361.26,746497.84,0,2026-08-22T05:15:00Z,2027-01-01T15:00:00Z,2027-01-15T15:00:00Z,,,,custom,,,,True,2026-09-10T16:39:38+00:00,,,,
kalshi,KXUFCFIGHT-26SEP12MCMRAH-MCM,https://kalshi.com/markets/kxufcfight/ufc-fight,https://kalshi.com/markets/kxufcfight/ufc-fight/kxufcfight-26sep12mcmrah,Tommy McMillen wins,Tommy McMillen,KXUFCFIGHT-26SEP12MCMRAH,Fight Night: McMillen vs Rahiki,KXUFCFIGHT,UFC Fight,Sports,"[""MMA""]",open,binary,0.59,0.6,0.6,0.595,0.405,0.595,0.01,36540.89,25243.6,33148.62,0,2026-09-08T17:30:00Z,2026-09-26T22:00:00Z,2026-09-26T22:00:00Z,,,,structured,,,,True,2026-09-10T16:39:06+00:00,,,,
kalshi,KXDPWORLDTOURR1LEAD-AMIO26-CSYM,https://kalshi.com/markets/kxdpworldtourr1lead/dp-world-tour-r1-leader,https://kalshi.com/markets/kxdpworldtourr1lead/dp-world-tour-r1-leader/kxdpworldtourr1lead-amio26,Connor Syme leads at the end of Round 1,Connor Syme,KXDPWORLDTOURR1LEAD-AMIO26,Amgen Irish Open End of Round 1 Leader,KXDPWORLDTOURR1LEAD,DP World Tour R1 Leader,Sports,"[""Golf""]",open,binary,0,0.001,0.011,0.0005,0.9995,0.0005,0.001,31977.86,25239.82,31977.86,0,2026-09-07T00:10:00Z,2026-09-27T00:00:00Z,2026-09-27T00:00:00Z,,,,structured,,,,True,2026-09-10T16:39:15+00:00,,,,
polymarket,0x73f366e7059368afe743a6d9d34163efa4c8b471c2d039073c27d4fdbe3bf487,https://polymarket.com/event/bank-of-russia-decision-in-september-20260623013858993/will-the-bank-of-russia-increase-the-key-rate-after-the-september-meeting-20260623013926069,,Will the Bank of Russia increase the key rate after the September Meeting?,Increase,627652,Bank of Russia decision in September?,bank-of-russia-decision-in-september-20260623013858993,Bank of Russia decision in September?,,[],open,binary,0.023,0.029,0.029,0.026,0.974,0.026,0.006,220311.29095999998,25230.475681999997,,27480.08708,2026-06-24T00:29:24.388478Z,2026-09-11T23:59:00Z,2026-09-11T23:59:00Z,,,,,,,,,2026-09-10T16:38:51+00:00,-0.5,"[""Yes"", ""No""]","[0.026, 0.974]",23792979839805191805050271351704792175531953374486105941272579807964320800106
polymarket,0x59a3326e6eea1961622c3b0dd3f08239c0842ce10859355f7a05210be75b8d17,https://polymarket.com/event/will-apple-release-a-foldable-iphone-before-2027/will-apple-release-a-foldable-iphone-by-september-30-453-458,,Will Apple release a foldable iPhone by September 30?,September 30,103468,Will Apple release a foldable iPhone by...?,will-apple-release-a-foldable-iphone-before-2027,Will Apple release a foldable iPhone by...?,,[],open,binary,0.006,0.007,0.008,0.0065,0.9935,0.0065,0.001,95445.138154,25221.279091,,4338.34021,2026-09-02T09:47:24.981Z,2026-09-30T23:59:00Z,2026-09-30T23:59:00Z,,,,,,,,,2026-09-10T16:38:51+00:00,-13.85,"[""Yes"", ""No""]","[0.0065, 0.9935]",45991096626463035802453830837013723852049458374376718330432933377019560512567
kalshi,KXMLBSPREAD-26SEP101905COLNYY-NYY3,https://kalshi.com/markets/kxmlbspread/pro-baseball-spread,https://kalshi.com/markets/kxmlbspread/pro-baseball-spread/kxmlbspread-26sep101905colnyy,New York Y wins by over 2.5 runs?,New York Y wins by over 2.5 runs,KXMLBSPREAD-26SEP101905COLNYY,Colorado vs New York Y: Spread,KXMLBSPREAD,Pro Baseball Spread,Sports,"[""Baseball""]",open,binary,0.43,0.44,0.43,0.435,0.565,0.435,0.01,25212.84,25212.84,22630.83,0,2026-09-09T17:51:00Z,2026-09-13T23:05:00Z,2026-09-13T23:05:00Z,,,,greater,2.5,,,True,2026-09-10T16:38:56+00:00,,,,
polymarket,0x12995bdf53e30de544b25e461134105161deff0b43afe79a428d97c91da1ea2b,https://polymarket.com/event/highest-temperature-in-hong-kong-on-september-10-2026/highest-temperature-in-hong-kong-on-september-10-2026-30c,,Will the highest temperature in Hong Kong be 30°C on September 10?,30°C,986716,Highest temperature in Hong Kong on September 10?,highest-temperature-in-hong-kong-on-september-10-2026,Highest temperature in Hong Kong on September 10?,,[],open,binary,,0.001,0.001,0.0005,0.9995,0.0005,0.001,27474.583732000003,25115.475456,,15852.14821,2026-09-08T04:57:06Z,2026-09-10T12:00:00Z,2026-09-10T12:00:00Z,,,,,,,,,2026-09-10T16:38:51+00:00,-20.45,"[""Yes"", ""No""]","[0.0005, 0.9995]",19673752813969929545900125943137564029641905861856775647282666787252304348840
polymarket,0xdb0f1110bafbef40a11271027851d0f6d6add6475d9da9a8bce51ca93c1c5d20,https://polymarket.com/event/ufc-jrosas-seakin-2026-09-12/ufc-jrosas-seakin-2026-09-12,,"Noche UFC: Jessie Rosas vs. Sean King (Featherweight, Prelims)",Jessie Rosas vs. Sean King,972395,"Noche UFC: Jessie Rosas vs. Sean King (Featherweight, Prelims)",ufc-jrosas-seakin-2026-09-12,"Noche UFC: Jessie Rosas vs. Sean King (Featherweight, Prelims)",,[],open,binary,0.35,0.36,0.36,0.355,0.645,0.355,0.01,30122.585327000004,25103.795954,,24295.7295,2026-09-05T22:00:33Z,2026-09-13T03:59:59.999Z,2026-09-13T03:59:59.999Z,,,,,,,,,2026-09-10T16:38:51+00:00,-4,"[""Jessie Rosas"", ""Sean King""]","[0.355, 0.645]",31428847939242447453583269763158312125557292606051571316000339609404985468115
kalshi,KXNFLMVP-27-BPUR,https://kalshi.com/markets/kxnflmvp/ap-pro-football-regular-season-mvp,https://kalshi.com/markets/kxnflmvp/ap-pro-football-regular-season-mvp/kxnflmvp-27,Will Brock Purdy win the MVP?,Brock Purdy,KXNFLMVP-27,MVP Winner?,KXNFLMVP,AP Pro Football Regular Season MVP,Sports,"[""Football""]",open,binary,0.04,0.05,0.05,0.045,0.955,0.045,0.01,480287.02,25054.37,464343.76,0,2026-02-08T20:30:00Z,2028-02-12T15:00:00Z,2028-02-12T15:00:00Z,,,,structured,,,,True,2026-09-10T16:40:23+00:00,,,,
kalshi,KXDPWORLDTOURR1LEAD-AMIO26-ASUL,https://kalshi.com/markets/kxdpworldtourr1lead/dp-world-tour-r1-leader,https://kalshi.com/markets/kxdpworldtourr1lead/dp-world-tour-r1-leader/kxdpworldtourr1lead-amio26,Andy Sullivan leads at the end of Round 1,Andy Sullivan,KXDPWORLDTOURR1LEAD-AMIO26,Amgen Irish Open End of Round 1 Leader,KXDPWORLDTOURR1LEAD,DP World Tour R1 Leader,Sports,"[""Golf""]",open,binary,0.007,0.008,0.02,0.0075,0.9925,0.0075,0.001,30359.99,25052.09,28918.87,0,2026-09-07T00:10:00Z,2026-09-27T00:00:00Z,2026-09-27T00:00:00Z,,,,structured,,,,True,2026-09-10T16:39:15+00:00,,,,
kalshi,KXNFL1HTOTAL-26SEP10SFLAR-25,https://kalshi.com/markets/kxnfl1htotal/pro-football-1st-half-total-points,https://kalshi.com/markets/kxnfl1htotal/pro-football-1st-half-total-points/kxnfl1htotal-26sep10sflar,Will there be over 24.5 1H points scored?,Over 24.5 1H points scored,KXNFL1HTOTAL-26SEP10SFLAR,SF 49ers vs LA Rams: 1st Half Total,KXNFL1HTOTAL,Pro Football 1st  Half Total Points,Sports,"[""Football""]",open,binary,0.43,0.45,0.43,0.44,0.56,0.44,0.02,26966.64,25015.58,25213.57,0,2026-09-02T18:36:00Z,2026-09-13T00:35:00Z,2026-09-13T00:35:00Z,,,,greater,24.5,,,True,2026-09-10T16:39:29+00:00,,,,
polymarket,0x46477994c02fdd4f7be7eacc58d343457d80333d92e5c4ad9a3117274d0e5639,https://polymarket.com/event/kharg-island-no-longer-under-iranian-control-by-march-31/kharg-island-no-longer-under-iranian-control-by-september-30-20260730004207224,,Kharg Island no longer under Iranian control by September 30?,September 30,267102,Kharg Island no longer under Iranian control by...?,kharg-island-no-longer-under-iranian-control-by-march-31,Kharg Island no longer under Iranian control by...?,,[],open,binary,0.012,0.013,0.013,0.0125,0.9875,0.0125,0.001,1205106.318218,24993.506106000004,,196906.41316,2026-07-30T00:49:43.16103Z,2026-10-01T03:59:00Z,2026-10-01T03:59:00Z,,,,,,,,,2026-09-10T16:38:51+00:00,,"[""Yes"", ""No""]","[0.0125, 0.9875]",96189502204227781235785567019151308983559978995662677899952915271147601680025
polymarket,0xb360db111b8fe883c20ae92a0a3e79d607044a7a0c89399f50e672acaa824691,https://polymarket.com/event/epl-cov-bri-2026-09-13/epl-cov-bri-2026-09-13-bri,,Will Brighton & Hove Albion FC win on 2026-09-13?,Brighton & Hove Albion FC,939679,Coventry City FC vs. Brighton & Hove Albion FC,epl-cov-bri-2026-09-13,Coventry City FC vs. Brighton & Hove Albion FC,,[],open,binary,0.52,0.53,0.53,0.525,0.475,0.525,0.01,60578.666954,24982.195609000002,,148542.0083,2026-08-31T04:00:12Z,2026-09-13T13:00:00Z,2026-09-13T13:00:00Z,,,,,,,,,2026-09-10T16:38:51+00:00,,"[""Yes"", ""No""]","[0.525, 0.475]",79064481395743456943749001528542461658984986629861039929276626211561440018430
kalshi,KXDPWORLDTOUR-AMIO26-MELV,https://kalshi.com/markets/kxdpworldtour/dp-world-tour-tournament-winner,https://kalshi.com/markets/kxdpworldtour/dp-world-tour-tournament-winner/kxdpworldtour-amio26,Will Manuel Elvira win the Amgen Irish Open?,Manuel Elvira,KXDPWORLDTOUR-AMIO26,Amgen Irish Open Winner,KXDPWORLDTOUR,DP World Tour Tournament Winner,Sports,"[""Golf""]",open,binary,0,0.001,0.01,0.0005,0.9995,0.0005,0.001,39667.48,24936.4,39661.48,0,2026-09-05T16:05:00Z,2026-09-27T00:00:00Z,2026-09-27T00:00:00Z,,,,structured,,,,True,2026-09-10T16:39:19+00:00,,,,
polymarket,0xcee04ba47d02f6c64642369b34193c355f64de1b9ae425c71ea4efef1989d271,https://polymarket.com/event/us-announces-end-of-iranian-blockade-byptptpt-20260713152715080/us-announces-end-of-iranian-blockade-by-october-31-2026-20260727171711632-895-372-622-413-171-454-592-696,,"US announces end of Iranian blockade by October 31, 2026?",October 31,699735,US announces end of Iranian blockade by...?,us-announces-end-of-iranian-blockade-byptptpt-20260713152715080,US announces end of Iranian blockade by...?,,[],open,binary,0.32,0.33,0.32,0.325,0.675,0.325,0.01,1073408.7688219994,24926.279141,,117230.5638,2026-07-27T17:53:09.219Z,2026-11-01T03:59:00Z,2026-11-01T03:59:00Z,,,,,,,,,2026-09-10T16:38:51+00:00,-1,"[""Yes"", ""No""]","[0.325, 0.675]",87712920673252297509200151045391015262449055764880659907762503287643101055970
kalshi,KXPRESNOMD-28-JBP,https://kalshi.com/markets/kxpresnomd/democratic-primary-winner,https://kalshi.com/markets/kxpresnomd/democratic-primary-winner/kxpresnomd-28,Will J.B. Pritzker be the Democratic Presidential nominee in 2028?,J.B. Pritzker,KXPRESNOMD-28,2028 Democratic presidential nominee,KXPRESNOMD,Democratic Primary winner,Elections,"[""2028"", ""US Elections""]",open,binary,0.012,0.013,0.013,0.0125,0.9875,0.0125,0.001,5143249.08,24869.87,3496427.77,0,2024-11-06T15:00:00Z,2028-11-07T15:00:00Z,2028-11-07T15:00:00Z,,,,custom,,,,True,2026-09-10T16:40:30+00:00,,,,
kalshi,KXUCL1H-26SEP10PSVSHA-PSV,https://kalshi.com/markets/kxucl1h/champions-league-first-hal-winner,https://kalshi.com/markets/kxucl1h/champions-league-first-hal-winner/kxucl1h-26sep10psvsha,Eindhoven wins 1st Half,Eindhoven wins 1st Half,KXUCL1H-26SEP10PSVSHA,Eindhoven vs Shakhtar: First Half Winner,KXUCL1H,Champions League First Hal Winner,Sports,"[""Soccer""]",open,binary,0.5,0.51,0.51,0.505,0.495,0.505,0.01,29221.89,24795.45,29137.45,0,2026-09-08T17:07:00Z,2026-09-12T16:45:00Z,2026-09-12T16:45:00Z,,,,structured,,,,True,2026-09-10T16:39:06+00:00,,,,
polymarket,0xbbdddd29c2a58cea7357d668ebbf9ba25994e9be5a7569e8efc508c9cc936de3,https://polymarket.com/event/uefa-champions-league-2027-champion-20260701202025549/will-vfb-stuttgart-win-the-2026-27-uefa-champions-league-championship-20260701202025568,,Will VfB Stuttgart win the 2026-27 UEFA Champions League Championship?,VfB Stuttgart,659671,UEFA Champions League: 2027 Champion,uefa-champions-league-2027-champion-20260701202025549,UEFA Champions League: 2027 Champion,,[],open,binary,0.004,0.006,0.005,0.005,0.995,0.005,0.002,534416.9044179999,24752.47,,118042.91173,2026-07-02T19:04:46.095986Z,2027-05-30T23:59:00Z,2027-05-30T23:59:00Z,,,,,,,,,2026-09-10T16:38:51+00:00,-0.15,"[""Yes"", ""No""]","[0.005, 0.995]",22319423712664250000966446349436436521608203218255612444397107110591820588150
polymarket,0x45a79193a66e5078a29c625e78e0d4b9a059edef8e206097c48bbfe7eaf9590e,https://polymarket.com/event/who-will-be-the-next-prime-minister-of-israel-after-the-next-election/will-yair-lapid-be-the-next-prime-minister-of-israel,,Will Yair Lapid be the next Prime Minister of Israel?,Yair Lapid,81557,Prime Minister of Israel after the next election?,who-will-be-the-next-prime-minister-of-israel-after-the-next-election,Prime Minister of Israel after the next election?,,[],open,binary,,0.001,0.001,0.0005,0.9995,0.0005,0.001,1574558.7772229998,24747.904,,107073.16619,2025-11-15T00:27:04.253938Z,2026-12-31T00:00:00Z,2026-12-31T00:00:00Z,,,,,,,,,2026-09-10T16:38:51+00:00,-0.1,"[""Yes"", ""No""]","[0.0005, 0.9995]",30912854850866302644106316438153629460678506137655559406260043509960678109607
polymarket,0x950cee211f6cd1621bb753b4d5d0a3429d7221779a9b025736212d8bd76a9c0f,https://polymarket.com/event/cs2-pain-imp11-2026-09-10/cs2-pain-imp11-2026-09-10-map-handicap-home-1pt5,,Map Handicap: IMP (-1.5) vs paiN (+1.5),Map Handicap: IMP (-1.5) vs paiN (+1.5),997260,Counter-Strike: paiN vs Imperial (BO3) - PGL Masters Bucharest: South American Closed Qualifier Playoffs,cs2-pain-imp11-2026-09-10,Counter-Strike: paiN vs Imperial (BO3) - PGL Masters Bucharest: South American Closed Qualifier Playoffs,,[],open,binary,0.35,0.36,0.36,0.355,0.645,0.355,0.01,24740.355934,24740.355934,,11074.7575,2026-09-10T03:15:31Z,2026-09-11T05:00:00Z,2026-09-11T05:00:00Z,,,,,,,,,2026-09-10T16:38:51+00:00,,"[""Imperial"", ""paiN""]","[0.355, 0.645]",65086369243353104225459669317464893691709410576129499805860750907471323982703
polymarket,0x3762a0256255c8e035611449cf7b047271a2296f225cb023e5ba71c51dadb719,https://polymarket.com/event/will-apple-release-a-foldable-iphone-before-2027/will-apple-release-a-foldable-iphone-by-september-10,,Will Apple release a foldable iPhone by September 10?,September 10,103468,Will Apple release a foldable iPhone by...?,will-apple-release-a-foldable-iphone-before-2027,Will Apple release a foldable iPhone by...?,,[],open,binary,,0.002,0.001,0.001,0.999,0.001,0.002,66793.135596,24731.715328,,5893.73357,2026-09-02T19:38:02.628416Z,2026-09-10T23:59:00Z,2026-09-10T23:59:00Z,,,,,,,,,2026-09-10T16:38:51+00:00,-1.6,"[""Yes"", ""No""]","[0.001, 0.999]",74595268320870841417277780384714200320402400365220526935520861561975725047305
kalshi,KXATPWTA-26USO-SHEGAU,https://kalshi.com/markets/kxatpwta/men-and-women-tournament-winners,https://kalshi.com/markets/kxatpwta/men-and-women-tournament-winners/kxatpwta-26uso,Will Ben Shelton and Coco Gauff both win the US Open?,Ben Shelton and Coco Gauff,KXATPWTA-26USO,US Open Exacta,KXATPWTA,Men and Women Tournament Winners,Sports,"[""Tennis""]",open,binary,0.1,0.11,0.11,0.105,0.895,0.105,0.01,74818.84,24729.78,70634.54,0,2026-08-25T00:00:00Z,2026-09-28T02:00:00Z,2026-09-28T02:00:00Z,,,,custom,,,,True,2026-09-10T16:39:37+00:00,,,,
kalshi,KXDPWORLDTOURR1LEAD-AMIO26-TMCK,https://kalshi.com/markets/kxdpworldtourr1lead/dp-world-tour-r1-leader,https://kalshi.com/markets/kxdpworldtourr1lead/dp-world-tour-r1-leader/kxdpworldtourr1lead-amio26,Tom McKibbin leads at the end of Round 1,Tom McKibbin,KXDPWORLDTOURR1LEAD-AMIO26,Amgen Irish Open End of Round 1 Leader,KXDPWORLDTOURR1LEAD,DP World Tour R1 Leader,Sports,"[""Golf""]",open,binary,0.014,0.023,0.023,0.0185,0.9815,0.0185,0.009,27021.42,24713.62,26011.44,0,2026-09-07T00:10:00Z,2026-09-27T00:00:00Z,2026-09-27T00:00:00Z,,,,structured,,,,True,2026-09-10T16:39:15+00:00,,,,
kalshi,KXDPWORLDTOUR-AMIO26-NELV,https://kalshi.com/markets/kxdpworldtour/dp-world-tour-tournament-winner,https://kalshi.com/markets/kxdpworldtour/dp-world-tour-tournament-winner/kxdpworldtour-amio26,Will Nacho Elvira win the Amgen Irish Open?,Nacho Elvira,KXDPWORLDTOUR-AMIO26,Amgen Irish Open Winner,KXDPWORLDTOUR,DP World Tour Tournament Winner,Sports,"[""Golf""]",open,binary,0.001,0.009,0.001,0.005,0.995,0.005,0.008,40342.39,24700.29,39937.56,0,2026-09-05T16:05:00Z,2026-09-27T00:00:00Z,2026-09-27T00:00:00Z,,,,structured,,,,True,2026-09-10T16:39:19+00:00,,,,
kalshi,KXPRESNOMD-28-GN,https://kalshi.com/markets/kxpresnomd/democratic-primary-winner,https://kalshi.com/markets/kxpresnomd/democratic-primary-winner/kxpresnomd-28,Will Gavin Newsom be the Democratic Presidential nominee in 2028?,Gavin Newsom,KXPRESNOMD-28,2028 Democratic presidential nominee,KXPRESNOMD,Democratic Primary winner,Elections,"[""2028"", ""US Elections""]",open,binary,0.13,0.14,0.13,0.135,0.865,0.135,0.01,9890606.72,24690.08,4389364.16,0,2024-11-06T15:00:00Z,2028-11-07T15:00:00Z,2028-11-07T15:00:00Z,,,,custom,,,,True,2026-09-10T16:40:30+00:00,,,,
kalshi,KXPROVIDENCEMAYOR-26-BSMI,https://kalshi.com/markets/kxprovidencemayor/providence-mayor-winner,https://kalshi.com/markets/kxprovidencemayor/providence-mayor-winner/kxprovidencemayor-26,"Who will win the 2026 Providence, RI mayoral election?",Brett Smiley,KXPROVIDENCEMAYOR-26,Providence Mayor winner?,KXPROVIDENCEMAYOR,Providence Mayor winner,Elections,"[""Other US Elections""]",open,binary,0,0.01,0.01,0.005,0.995,0.005,0.01,57441.73,24651.25,38463.97,0,2026-05-27T22:00:00Z,2027-11-03T15:00:00Z,2027-11-03T15:00:00Z,,,,custom,,,,True,2026-09-10T16:40:07+00:00,,,,
polymarket,0x32898df77ef1a3e6b836f2bdb6e6ec0321cdf38237d039b9eb0bad8910e0b7b3,https://polymarket.com/event/por-ama-scb-2026-09-10/por-ama-scb-2026-09-10-scb,,Will SC Braga win on 2026-09-10?,SC Braga,937407,CF Estrela da Amadora vs. SC Braga,por-ama-scb-2026-09-10,CF Estrela da Amadora vs. SC Braga,,[],open,binary,0.61,0.62,0.62,0.615,0.385,0.615,0.01,25487.25528099999,24624.544856,,121401.5788,2026-08-30T17:45:26Z,2026-09-10T19:15:00Z,2026-09-10T19:15:00Z,,,,,,,,,2026-09-10T16:38:51+00:00,5,"[""Yes"", ""No""]","[0.615, 0.385]",84727410971104689420605367682615549478670704199141043431254349084790446242782
polymarket,0x752fa61c93f16c4b15e85b0bd438d9c684176b0ea7b319a84c8aca34616e8a8c,https://polymarket.com/event/what-price-will-bitcoin-hit-before-2027/will-bitcoin-dip-to-55000-by-december-31-2026-527-627-868-745-188-361-314-673-612-946-821-624-855-557-684-381-884-939-182-939-516,,"Will Bitcoin dip to $55,000 by December 31, 2026?","↓ 55,000",89502,What price will Bitcoin hit in 2026?,what-price-will-bitcoin-hit-before-2027,What price will Bitcoin hit in 2026?,,[],open,binary,0.19,0.21,0.2,0.2,0.8,0.2,0.02,5956473.872810001,24602.954088000002,,173844.6107,2025-11-24T19:07:21.188Z,2027-01-01T05:00:00Z,2027-01-01T05:00:00Z,,,,,,,,,2026-09-10T16:38:51+00:00,2.5,"[""Yes"", ""No""]","[0.2, 0.8]",115462087336983275104521488923966022755348986822352694745153736621832003960847
kalshi,KXTARIFFCHECKS-26-27,https://kalshi.com/markets/kxtariffchecks/will-americans-receive-tariff-dividends-in-2025,https://kalshi.com/markets/kxtariffchecks/will-americans-receive-tariff-dividends-in-2025/kxtariffchecks-26,Will it be reported that at least one million Americans have received checks of at least $1000 directly attributable to tariff revenue?,Before 2027,KXTARIFFCHECKS-26,Will Americans receive tariff stimulus checks?,KXTARIFFCHECKS,Will Americans receive tariff dividends in 2025?,Politics,"[""Trump""]",open,binary,0.045,0.057,0.045,0.051,0.949,0.051,0.012,1220332.51,24546.01,437669.13,0,2025-12-11T22:00:00Z,2027-01-01T04:59:00Z,2027-01-08T15:00:00Z,,,,,,,,True,2026-09-10T16:40:27+00:00,,,,
kalshi,KXUCLBTTS-26SEP10COMRBL-BTTS,https://kalshi.com/markets/kxuclbtts/champions-league-btts,https://kalshi.com/markets/kxuclbtts/champions-league-btts/kxuclbtts-26sep10comrbl,Both Teams To Score,Both Teams To Score,KXUCLBTTS-26SEP10COMRBL,Como vs Leipzig: BTTS,KXUCLBTTS,Champions League BTTS,Sports,"[""Soccer""]",open,binary,0.67,0.68,0.68,0.675,0.325,0.675,0.01,25505.35,24545.39,25445.18,0,2026-09-07T19:07:00Z,2026-09-13T01:00:00Z,2026-09-13T01:00:00Z,,,,,,,,True,2026-09-10T16:39:12+00:00,,,,
kalshi,KXMLBTOTAL-26SEP101215TBATL-12,https://kalshi.com/markets/kxmlbtotal/pro-baseball-total-points,https://kalshi.com/markets/kxmlbtotal/pro-baseball-total-points/kxmlbtotal-26sep101215tbatl,Over 11.5 runs scored,Over 11.5 runs scored,KXMLBTOTAL-26SEP101215TBATL,Tampa Bay vs Atlanta: Total Runs,KXMLBTOTAL,Pro Baseball Total Points,Sports,"[""Baseball""]",open,binary,0.12,0.14,0.13,0.13,0.87,0.13,0.02,24751.49,24511.19,23297.59,0,2026-09-09T17:51:00Z,2026-09-13T16:15:00Z,2026-09-13T16:15:00Z,,,,greater,11.5,,,True,2026-09-10T16:38:56+00:00,,,,
polymarket,0x2ce10d76461d282b726cd72b986d3b6e839753e02bb1848b83d29db4874f6488,https://polymarket.com/event/bitcoin-above-on-september-11-2026/bitcoin-above-78k-on-september-11-2026,,"Will the price of Bitcoin be above $78,000 on September 11?","78,000",964867,Bitcoin above ___ on September 11?,bitcoin-above-on-september-11-2026,Bitcoin above ___ on September 11?,,[],open,binary,0.25,0.26,0.26,0.255,0.745,0.255,0.01,33395.995461000006,24448.424039999998,,36734.995,2026-09-04T16:00:21Z,2026-09-11T16:00:00Z,2026-09-11T16:00:00Z,,,,,,,,,2026-09-10T16:38:51+00:00,-36,"[""Yes"", ""No""]","[0.255, 0.745]",9379179441851626218447105918599656798066930376788146603579307893596200389391
kalshi,KXNCAAF-27-OSU,https://kalshi.com/markets/kxncaaf/ncaaf-championship,https://kalshi.com/markets/kxncaaf/ncaaf-championship/kxncaaf-27,Will Ohio St. win the College Football Playoff National Championship?,Ohio St.,KXNCAAF-27,College Football National Championship Winner,KXNCAAF,NCAAF Championship,Sports,"[""Football""]",open,binary,0.12,0.13,0.12,0.125,0.875,0.125,0.01,1464520.09,24401.53,1225541.11,0,2026-01-21T22:00:00Z,2027-02-23T04:00:00Z,2027-02-23T04:00:00Z,,,,structured,,,,True,2026-09-10T16:40:25+00:00,,,,
kalshi,KXDPWORLDTOUR-AMIO26-LDEJ,https://kalshi.com/markets/kxdpworldtour/dp-world-tour-tournament-winner,https://kalshi.com/markets/kxdpworldtour/dp-world-tour-tournament-winner/kxdpworldtour-amio26,Will Louis De Jager win the Amgen Irish Open?,Louis De Jager,KXDPWORLDTOUR-AMIO26,Amgen Irish Open Winner,KXDPWORLDTOUR,DP World Tour Tournament Winner,Sports,"[""Golf""]",open,binary,0,0.001,0.003,0.0005,0.9995,0.0005,0.001,27278.6,24315.72,27278.6,0,2026-09-07T16:10:00Z,2026-09-27T00:00:00Z,2026-09-27T00:00:00Z,,,,structured,,,,True,2026-09-10T16:39:12+00:00,,,,
polymarket,0x2f7fd7124a7ff44d324a49cda1415371c7cc4ee111f60b288a3d6ad194319d15,https://polymarket.com/event/largest-company-end-of-september-1785358369147/will-company-a-be-the-largest-company-in-the-world-by-market-cap-on-september-30,,Will NVIDIA be the largest company in the world by market cap on September 30?,NVIDIA,770098,Largest Company end of September?,largest-company-end-of-september-1785358369147,Largest Company end of September?,,[],open,binary,0.96,0.967,0.966,0.9635,0.0365,0.9635,0.007,322537.19651199994,24192.941679999993,,73569.15657,2026-07-29T22:44:29.855976Z,2026-09-30T23:59:00Z,2026-09-30T23:59:00Z,,,,,,,,,2026-09-10T16:38:51+00:00,-0.95,"[""Yes"", ""No""]","[0.9635, 0.0365]",23705583736348706533988510839759433821053113814025766422082583385077433681175
kalshi,KXDPWORLDTOUR-AMIO26-MSTE,https://kalshi.com/markets/kxdpworldtour/dp-world-tour-tournament-winner,https://kalshi.com/markets/kxdpworldtour/dp-world-tour-tournament-winner/kxdpworldtour-amio26,Will Maximilian Steinlechner win the Amgen Irish Open?,Maximilian Steinlechner,KXDPWORLDTOUR-AMIO26,Amgen Irish Open Winner,KXDPWORLDTOUR,DP World Tour Tournament Winner,Sports,"[""Golf""]",open,binary,0.013,0.014,0.014,0.0135,0.9865,0.0135,0.001,42108.05,24167.88,36598.21,0,2026-09-07T16:10:00Z,2026-09-27T00:00:00Z,2026-09-27T00:00:00Z,,,,structured,,,,True,2026-09-10T16:39:12+00:00,,,,
polymarket,0x8a4196617dcb703e49d9bb36d3847bf6a75fd364dbd19f8d408ac944bf1a03d8,https://polymarket.com/event/fed-decision-in-december-20260729232808632/will-the-fed-increase-interest-rates-by-25-bps-after-the-december-2026-meeting-20260729232808636,,Will the Fed increase interest rates by 25 bps after the December 2026 meeting?,25 bps increase,770450,Fed Decision in December?,fed-decision-in-december-20260729232808632,Fed Decision in December?,,[],open,binary,0.49,0.5,0.49,0.495,0.505,0.495,0.01,163616.45564899992,24011.499999999996,,51322.0491,2026-07-30T00:55:13.207782Z,2026-12-09T23:59:00Z,2026-12-09T23:59:00Z,,,,,,,,,2026-09-10T16:38:51+00:00,6,"[""Yes"", ""No""]","[0.495, 0.505]",111662129652828266889360374468657435151479595863413519836161861837506140152890
kalshi,KXBTCD-26SEP1017-T80499.99,https://kalshi.com/markets/kxbtcd/bitcoin-price-above-below,https://kalshi.com/markets/kxbtcd/bitcoin-price-above-below/kxbtcd-26sep1017,"Bitcoin price on Sep 10, 2026?","$80,500 or above",KXBTCD-26SEP1017,"BTC price on Sep 10, 2026 at 5pm EDT?",KXBTCD,Bitcoin price Above/below,Crypto,"[""Hourly"", ""BTC""]",open,binary,0,0.01,0.01,0.005,0.995,0.005,0.01,23955.89,23955.89,15292.19,0,2026-09-09T20:00:00Z,2026-09-10T21:00:00Z,2026-09-17T21:00:00Z,,,,greater,80499.99,,BRTI,True,2026-09-10T16:39:01+00:00,,,,
kalshi,KXNFLCOTY-27-AGLE,https://kalshi.com/markets/kxnflcoty/ap-pro-football-coach-of-the-year,https://kalshi.com/markets/kxnflcoty/ap-pro-football-coach-of-the-year/kxnflcoty-27,Will Aaron Glenn win the Coach of the Year?,Aaron Glenn,KXNFLCOTY-27,Coach of the Year Winner?,KXNFLCOTY,AP Pro Football Coach Of The Year,Sports,"[""Football""]",open,binary,0.05,0.06,0.06,0.055,0.945,0.055,0.01,91232.13,23834.88,78977.29,0,2026-03-31T02:00:00Z,2028-02-28T15:00:00Z,2028-02-28T15:00:00Z,,,,custom,,,,True,2026-09-10T16:40:20+00:00,,,,
polymarket,0x4f7001aa8358add0d24f882618b534716b5e86b39de3a7339b1d0d312af7f959,https://polymarket.com/event/what-price-will-ethereum-hit-before-2027/will-ethereum-reach-2750-by-december-31-2026-from-june-8,,"Will Ethereum reach $2,750 by December 31, 2026?","↑ 2,750",89519,What price will Ethereum hit in 2026?,what-price-will-ethereum-hit-before-2027,What price will Ethereum hit in 2026?,,[],open,binary,0.65,0.67,0.64,0.66,0.34,0.66,0.02,85375.23863099999,23798.167465,,27327.3493,2026-06-08T05:03:37.876014Z,2027-01-01T05:00:00Z,2027-01-01T05:00:00Z,,,,,,,,,2026-09-10T16:38:51+00:00,-5,"[""Yes"", ""No""]","[0.66, 0.34]",109204197687767722729294908496033551963201953931111544169334789476829097062278
kalshi,KXNCAAFGAME-26SEP12UTMWVU-UTM,https://kalshi.com/markets/kxncaafgame/college-football-game,https://kalshi.com/markets/kxncaafgame/college-football-game/kxncaafgame-26sep12utmwvu,Tennessee-Martin wins,Tennessee-Martin,KXNCAAFGAME-26SEP12UTMWVU,Tennessee-Martin vs West Virginia,KXNCAAFGAME,College Football Game,Sports,"[""Football""]",open,binary,0,0.01,0.01,0.005,0.995,0.005,0.01,36475.08,23759.92,35243.01,0,2026-08-25T14:38:00Z,2026-09-14T17:00:00Z,2026-09-14T17:00:00Z,,,,structured,,,,True,2026-09-10T16:39:37+00:00,,,,
kalshi,KXMLB-26-TOR,https://kalshi.com/markets/kxmlb/world-series,https://kalshi.com/markets/kxmlb/world-series/kxmlb-26,Will Toronto win the 2026 Pro Baseball Championship?,Toronto,KXMLB-26,Pro Baseball Champion,KXMLB,World Series,Sports,"[""Baseball""]",open,binary,0.01,0.013,0.011,0.0115,0.9885,0.0115,0.003,2058086.04,23718.32,1620185.82,0,2025-12-17T15:00:00Z,2028-10-31T04:00:00Z,2028-10-31T04:00:00Z,,,,structured,,,,True,2026-09-10T16:40:27+00:00,,,,
kalshi,CONTROLS-2026-D,https://kalshi.com/markets/controls/senate-winner,https://kalshi.com/markets/controls/senate-winner/controls-2026,Will Democrats win the U.S. Senate in 2026?,Democratic Party,CONTROLS-2026,Which party will win the U.S. Senate?,CONTROLS,Senate winner,Elections,"[""US Elections""]",open,binary,0.47,0.48,0.47,0.475,0.525,0.475,0.01,3481660.83,23607.26,1715853.93,0,2024-11-06T15:00:00Z,2027-02-01T15:00:00Z,2027-02-01T15:00:00Z,,,,structured,,,,True,2026-09-10T16:40:30+00:00,,,,
polymarket,0x82a74b9f8f488be4a0183051992bd776c1c6fe29e640859f39d4b8a425596720,https://polymarket.com/event/uzb1-and-kkd-2026-09-10/uzb1-and-kkd-2026-09-10-and,,Will FC Andijon win on 2026-09-10?,FC Andijon,994319,FC Andijon vs. FK Kokand 1912,uzb1-and-kkd-2026-09-10,FC Andijon vs. FK Kokand 1912,,[],open,binary,0.999,1,0.999,0.9995,0.0005,0.9995,0.001,23567.543700000006,23567.543700000006,,70737.04955,2026-09-09T15:39:15Z,2026-09-10T14:00:00Z,2026-09-10T14:00:00Z,,,,,,,,,2026-09-10T16:38:51+00:00,54.45,"[""Yes"", ""No""]","[0.9995, 0.0005]",4247229383551900175053132103154484755120937352094796021540320767083616903928
kalshi,KXNFLDROTY-27-CHOW,https://kalshi.com/markets/kxnfldroty/ap-pro-football-defensive-rookie-of-the-year,https://kalshi.com/markets/kxnfldroty/ap-pro-football-defensive-rookie-of-the-year/kxnfldroty-27,Will Cashius Howell win the Defensive Rookie of the Year?,Cashius Howell,KXNFLDROTY-27,Defensive Rookie of the Year Winner?,KXNFLDROTY,AP Pro Football Defensive Rookie of the Year,Sports,"[""Football""]",open,binary,0.02,0.03,0.03,0.025,0.975,0.025,0.01,40141.86,23503.13,38847.71,0,2026-03-31T02:15:00Z,2028-02-28T15:00:00Z,2028-02-28T15:00:00Z,,,,structured,,,,True,2026-09-10T16:40:20+00:00,,,,
kalshi,KXNFLMATCHUP-27SB-DENDAL,https://kalshi.com/markets/kxnflmatchup/pro-football-matchups,https://kalshi.com/markets/kxnflmatchup/pro-football-matchups/kxnflmatchup-27sb,2026-27 Championship Game Matchup: Denver vs Dallas,Denver vs Dallas,KXNFLMATCHUP-27SB,Pro Football Championship Game Matchup,KXNFLMATCHUP,Pro Football Matchups,Sports,"[""Football""]",open,binary,0,0.01,0.01,0.005,0.995,0.005,0.01,60671.85,23472.3,60418.71,0,2026-07-21T19:00:00Z,2027-02-21T23:30:00Z,2027-02-21T23:30:00Z,,,,custom,,,,True,2026-09-10T16:39:58+00:00,,,,
kalshi,KXNFLNFCCHAMP-27-SF,https://kalshi.com/markets/kxnflnfcchamp/national-football-conference-champion,https://kalshi.com/markets/kxnflnfcchamp/national-football-conference-champion/kxnflnfcchamp-27,Will San Francisco win the Pro Football NFC Championship?,San Francisco,KXNFLNFCCHAMP-27,NFC Championship Winner,KXNFLNFCCHAMP,National Football Conference Champion,Sports,"[""Football""]",open,binary,0.08,0.09,0.09,0.085,0.915,0.085,0.01,412632.94,23464.24,329747,0,2026-02-07T15:00:00Z,2027-02-22T15:00:00Z,2027-02-22T15:00:00Z,,,,structured,,,,True,2026-09-10T16:40:23+00:00,,,,
kalshi,KXDPWORLDTOURR1LEAD-AMIO26-SSTR,https://kalshi.com/markets/kxdpworldtourr1lead/dp-world-tour-r1-leader,https://kalshi.com/markets/kxdpworldtourr1lead/dp-world-tour-r1-leader/kxdpworldtourr1lead-amio26,Sepp Straka leads at the end of Round 1,Sepp Straka,KXDPWORLDTOURR1LEAD-AMIO26,Amgen Irish Open End of Round 1 Leader,KXDPWORLDTOURR1LEAD,DP World Tour R1 Leader,Sports,"[""Golf""]",open,binary,0,0.001,0.01,0.0005,0.9995,0.0005,0.001,24485.7,23444.15,24048.15,0,2026-09-07T00:10:00Z,2026-09-27T00:00:00Z,2026-09-27T00:00:00Z,,,,structured,,,,True,2026-09-10T16:39:15+00:00,,,,
polymarket,0x532cb2acd61ffbf42e725ec67651967bd9f483dc883877f4ac7b32e7148f1942,https://polymarket.com/event/highest-temperature-in-warsaw-on-september-10-2026/highest-temperature-in-warsaw-on-september-10-2026-18c,,Will the highest temperature in Warsaw be 18°C on September 10?,18°C,986729,Highest temperature in Warsaw on September 10?,highest-temperature-in-warsaw-on-september-10-2026,Highest temperature in Warsaw on September 10?,,[],open,binary,,0.001,0.001,0.0005,0.9995,0.0005,0.001,26550.878731999994,23418.875035999998,,10839.75507,2026-09-08T04:57:32Z,2026-09-10T12:00:00Z,2026-09-10T12:00:00Z,,,,,,,,,2026-09-10T16:38:51+00:00,-19.45,"[""Yes"", ""No""]","[0.0005, 0.9995]",96546227896698919882595142990807044617937767789954966442094112513775483307908
kalshi,KXUCLTOTAL-26SEP10FENROM-2,https://kalshi.com/markets/kxucltotal/champions-league-total-goals,https://kalshi.com/markets/kxucltotal/champions-league-total-goals/kxucltotal-26sep10fenrom,Will over 1.5 goals be scored?,Over 1.5 goals scored,KXUCLTOTAL-26SEP10FENROM,Fenerbahce vs Roma: Total Goals,KXUCLTOTAL,Champions League Total Goals,Sports,"[""Soccer""]",open,binary,0.84,0.85,0.85,0.845,0.155,0.845,0.01,37091.55,23389.23,36778.41,0,2026-09-07T17:06:00Z,2026-09-12T22:45:00Z,2026-09-12T22:45:00Z,,,,greater,1.5,,,True,2026-09-10T16:39:12+00:00,,,,
polymarket,0xacec7e5b90ccb1ac4c950e3aff18156d6ce1bb7b0c87c001a281279412dca784,https://polymarket.com/event/what-price-will-bitcoin-hit-before-2027/will-bitcoin-reach-95000-by-december-31-2026-from-june-8,,"Will Bitcoin reach $95,000 by December 31, 2026?","↑ 95,000",89502,What price will Bitcoin hit in 2026?,what-price-will-bitcoin-hit-before-2027,What price will Bitcoin hit in 2026?,,[],open,binary,0.27,0.28,0.28,0.275,0.725,0.275,0.01,528930.250597,23333.520421999994,,49986.5509,2026-06-08T04:57:16.471Z,2027-01-01T05:00:00Z,2027-01-01T05:00:00Z,,,,,,,,,2026-09-10T16:38:51+00:00,-6,"[""Yes"", ""No""]","[0.275, 0.725]",37011650970792437921328530439273985710481032638212715110420998355785945483754
kalshi,KXNFLGAME-26SEP13GBMIN-MIN,https://kalshi.com/markets/kxnflgame/professional-football-game,https://kalshi.com/markets/kxnflgame/professional-football-game/kxnflgame-26sep13gbmin,Green Bay vs Minnesota Pro Football game: Minnesota wins?,Minnesota,KXNFLGAME-26SEP13GBMIN,Green Bay vs Minnesota,KXNFLGAME,Professional Football Game,Sports,"[""Football""]",open,binary,0.53,0.54,0.54,0.535,0.465,0.535,0.01,109160.04,23320.32,94994.88,0,2026-05-15T17:04:00Z,2026-09-15T20:25:00Z,2026-09-15T20:25:00Z,,,,structured,,,,True,2026-09-10T16:40:09+00:00,,,,
polymarket,0xc97ba6fe32b0e1e71d3af0be10bd0e5621b9efe3e8d74fd3694117053e984a79,https://polymarket.com/event/laptop-fdv-above-one-day-after-launch/laptop-fdv-above-3b-one-day-after-launch,,LAPTOP FDV above $3B one day after launch?,$3B,983493,$LAPTOP FDV above ___ one day after launch?,laptop-fdv-above-one-day-after-launch,$LAPTOP FDV above ___ one day after launch?,,[],open,binary,0.002,0.004,0.006,0.003,0.997,0.003,0.002,25893.289791999996,23313.612519,,42345.68896,2026-09-09T14:46:33Z,2026-12-31T23:59:00Z,2026-12-31T23:59:00Z,,,,,,,,,2026-09-10T16:38:51+00:00,-7.25,"[""Yes"", ""No""]","[0.003, 0.997]",105774520142859088202955502655505096556320596933972558458428847655896317281913
polymarket,0x3e7b0b572b56b0b4d607fed4289f89e4c6fe99b5cb9affe978de57dae1091474,https://polymarket.com/event/atp-tiafoe-shelton-2026-09-11/atp-tiafoe-shelton-2026-09-11,,US Open ATP: Frances Tiafoe vs Ben Shelton,,993326,US Open ATP: Frances Tiafoe vs Ben Shelton,atp-tiafoe-shelton-2026-09-11,US Open ATP: Frances Tiafoe vs Ben Shelton,,[],open,binary,0.26,0.27,0.27,0.265,0.735,0.265,0.01,23525.245889999995,23282.590879,,93248.0564,2026-09-09T11:05:19Z,2026-09-18T19:00:00Z,2026-09-18T19:00:00Z,,,,,,,,,2026-09-10T16:38:51+00:00,,"[""Frances Tiafoe"", ""Ben Shelton""]","[0.265, 0.735]",45142985566979950613691498711041026980713517202555577233670773072866460405325
kalshi,KXCS2GAME-26SEP100945MISMEG-MEG,https://kalshi.com/markets/kxcs2game/counter-strike-2-game,https://kalshi.com/markets/kxcs2game/counter-strike-2-game/kxcs2game-26sep100945mismeg,megoshort wins,megoshort,KXCS2GAME-26SEP100945MISMEG,Misa Esports vs. megoshort,KXCS2GAME,Counter-Strike 2 Game,Sports,"[""Esports""]",open,binary,0.39,0.41,0.41,0.4,0.6,0.4,0.02,23862.54,23270,10126.25,0,2026-09-08T23:20:00Z,2026-09-12T13:45:00Z,2026-09-12T13:45:00Z,,,,structured,,,,True,2026-09-10T16:39:05+00:00,,,,
kalshi,KXNFLAFCCHAMP-27-NE,https://kalshi.com/markets/kxnflafcchamp/american-football-conference-champion,https://kalshi.com/markets/kxnflafcchamp/american-football-conference-champion/kxnflafcchamp-27,Will New England win the Pro Football AFC Championship?,New England,KXNFLAFCCHAMP-27,AFC Championship Winner,KXNFLAFCCHAMP,American Football Conference Champion,Sports,"[""Football""]",open,binary,0.07,0.08,0.08,0.075,0.925,0.075,0.01,274379.7,23266.77,207673.64,0,2026-02-07T15:00:00Z,2027-02-22T15:00:00Z,2027-02-22T15:00:00Z,,,,structured,,,,True,2026-09-10T16:40:23+00:00,,,,
kalshi,KXATPMATCH-26SEP11ZVEKHA-KHA,https://kalshi.com/markets/kxatpmatch/atp-tennis-match,https://kalshi.com/markets/kxatpmatch/atp-tennis-match/kxatpmatch-26sep11zvekha,Karen Khachanov wins,Karen Khachanov,KXATPMATCH-26SEP11ZVEKHA,Zverev vs Khachanov,KXATPMATCH,ATP Tennis Match,Sports,"[""Tennis""]",open,binary,0.18,0.19,0.19,0.185,0.815,0.185,0.01,23377.69,23261.75,23330.67,0,2026-09-10T02:35:00Z,2026-09-25T19:00:00Z,2026-09-25T19:00:00Z,,,,structured,,,,True,2026-09-10T16:38:52+00:00,,,,
kalshi,KXNCAAFB12-26-COLO,https://kalshi.com/markets/kxncaafb12/big-12-champion,https://kalshi.com/markets/kxncaafb12/big-12-champion/kxncaafb12-26,Will Colorado win the College Football Big 12 Championship?,Colorado,KXNCAAFB12-26,College Football Big 12 Championship Winner,KXNCAAFB12,Big 12 Champion,Sports,"[""Football""]",open,binary,0.01,0.02,0.02,0.015,0.985,0.015,0.01,211004.67,23254.67,201678.15,0,2026-01-24T15:00:00Z,2027-01-02T15:00:00Z,2027-01-02T15:00:00Z,,,,structured,,,,True,2026-09-10T16:40:25+00:00,,,,
kalshi,KXNFLFIRSTTD-26SEP10SFLAR-LARPNACUA12,https://kalshi.com/markets/kxnflfirsttd/pro-football-first-touchdown,https://kalshi.com/markets/kxnflfirsttd/pro-football-first-touchdown/kxnflfirsttd-26sep10sflar,Puka Nacua: 1st Touchdown,Puka Nacua,KXNFLFIRSTTD-26SEP10SFLAR,San Francisco vs Los Angeles R: First Touchdown,KXNFLFIRSTTD,Pro Football First Touchdown,Sports,"[""Football""]",open,binary,0.08,0.09,0.09,0.085,0.915,0.085,0.01,23407.77,23167.54,23335.77,0,2026-09-09T18:19:00Z,2026-09-13T00:35:00Z,2026-09-13T00:35:00Z,,,,structured,,,,True,2026-09-10T16:38:56+00:00,,,,
kalshi,KXPRESPERSON-28-PBUT,https://kalshi.com/markets/kxpresperson/pres-person,https://kalshi.com/markets/kxpresperson/pres-person/kxpresperson-28,Who will win the next presidential election?,Pete Buttigieg,KXPRESPERSON-28,2028 U.S. Presidential Election winner?,KXPRESPERSON,Pres person,Elections,"[""2028"", ""US Elections""]",open,binary,0.028,0.033,0.035,0.0305,0.9695,0.0305,0.005,2387860.68,23110.21,1857867.91,0,2025-05-10T14:00:00Z,2029-11-07T15:00:00Z,2029-11-07T15:00:00Z,,,,custom,,,,True,2026-09-10T16:40:29+00:00,,,,
polymarket,0x020c1f2845e5df9332d9ef6fb387a6fd855c74fd3b2b27f11212307f3a4f8f24,https://polymarket.com/event/what-price-will-bitcoin-hit-september-7-13-2026/will-bitcoin-reach-90k-september-7-13-2026,,"Will Bitcoin reach $90,000 September 7-13?","↑ 90,000",980492,What price will Bitcoin hit September 7-13?,what-price-will-bitcoin-hit-september-7-13-2026,What price will Bitcoin hit September 7-13?,,[],open,binary,0.006,0.007,0.006,0.0065,0.9935,0.0065,0.001,69260.585805,23103.484454,,39172.80164,2026-09-07T04:00:17Z,2026-09-14T04:00:00Z,2026-09-14T04:00:00Z,,,,,,,,,2026-09-10T16:38:51+00:00,-0.75,"[""Yes"", ""No""]","[0.0065, 0.9935]",57901523262030491554650103062876265856077222862870888507770226255531212872495
polymarket,0xd8659b58a90d0d69fb1170f25b2b896871a1328115fd11c6f4cfe2b01a2a8ba0,https://polymarket.com/event/bab-el-mandeb-strait-effectively-closed-by/bab-el-mandeb-strait-effectively-closed-by-december-31-983-117-222-252,,Bab el-Mandeb Strait effectively closed by December 31?,December 31,276527,Bab el-Mandeb Strait effectively closed by...?,bab-el-mandeb-strait-effectively-closed-by,Bab el-Mandeb Strait effectively closed by...?,,[],open,binary,0.22,0.23,0.23,0.225,0.775,0.225,0.01,569442.9549459999,23091.300067000004,,63661.6052,2026-07-09T00:29:19.976Z,2027-01-01T04:59:00Z,2027-01-01T04:59:00Z,,,,,,,,,2026-09-10T16:38:51+00:00,6.5,"[""Yes"", ""No""]","[0.225, 0.775]",43976511902268111041633866799555037330317427315454056847054364885183934986197
kalshi,KXBTCD-26SEP1013-T76499.99,https://kalshi.com/markets/kxbtcd/bitcoin-price-above-below,https://kalshi.com/markets/kxbtcd/bitcoin-price-above-below/kxbtcd-26sep1013,"Bitcoin price on Sep 10, 2026?","$76,500 or above",KXBTCD-26SEP1013,"BTC price on Sep 10, 2026 at 1pm EDT?",KXBTCD,Bitcoin price Above/below,Crypto,"[""Hourly"", ""BTC""]",open,binary,0.98,0.99,0.98,0.985,0.015,0.985,0.01,28161.72,23087.69,18174.8,0,2026-09-10T16:00:00Z,2026-09-10T17:00:00Z,2026-09-17T17:00:00Z,,,,greater,76499.99,,BRTI,True,2026-09-10T16:39:01+00:00,,,,
kalshi,KXCS2GAME-26SEP101000TDPSHIN-SHIN,https://kalshi.com/markets/kxcs2game/counter-strike-2-game,https://kalshi.com/markets/kxcs2game/counter-strike-2-game/kxcs2game-26sep101000tdpshin,ShindeN wins,ShindeN,KXCS2GAME-26SEP101000TDPSHIN,Turma do Pagode vs. ShindeN,KXCS2GAME,Counter-Strike 2 Game,Sports,"[""Esports""]",open,binary,0.45,0.48,0.46,0.465,0.535,0.465,0.03,26389,23071.21,21623.45,0,2026-09-09T20:35:00Z,2026-09-12T14:00:00Z,2026-09-12T14:00:00Z,,,,structured,,,,True,2026-09-10T16:38:53+00:00,,,,
kalshi,KXGRECUPTOTAL-26SEP10ASTARIS-3,https://kalshi.com/markets/kxgrecuptotal/point-total,https://kalshi.com/markets/kxgrecuptotal/point-total/kxgrecuptotal-26sep10astaris,Will over 2.5 goals be scored?,Over 2.5 goals scored,KXGRECUPTOTAL-26SEP10ASTARIS,Asteras Tripolis vs Aris Thessaloniki: Total Goals,KXGRECUPTOTAL,Point Total,Sports,"[""Soccer""]",open,binary,0.03,0.04,0.03,0.035,0.965,0.035,0.01,28496.96,23043.24,13486.22,0,2026-09-09T15:07:00Z,2026-09-12T14:45:00Z,2026-09-12T14:45:00Z,,,,greater,2.5,,,True,2026-09-10T16:38:58+00:00,,,,
kalshi,KXWTI-26SEP1014-T96.49,https://kalshi.com/markets/kxwti/wti-oil-on-day,https://kalshi.com/markets/kxwti/wti-oil-on-day/kxwti-26sep1014,"Will the WTI crude oil settlement price be above 96.49 USD/Bbl on Sep 10, 2026?",Above $96.49,KXWTI-26SEP1014,"Oil Price (WTI) on Sep 10, 2026?",KXWTI,WTI oil on day,Commodities,"[""Oil & Gas""]",open,binary,0.99,1,0.99,0.995,0.005,0.995,0.01,23470.58,23002.27,8503.69,0,2026-09-08T23:30:00Z,2026-09-10T18:30:00Z,2026-09-17T19:30:00Z,,,,greater,96.49,,,True,2026-09-10T16:39:05+00:00,,,,
polymarket,0x576df0755393742f793a7a67016d482cd37ef1ef9d0623cc14fddafcadf1d83f,https://polymarket.com/event/rhode-island-governor-republican-primary-winner/will-aaron-guckian-win-the-2026-rhode-island-governor-republican-primary-election,,Will Aaron Guckian win the 2026 Rhode Island Governor Republican primary election?,Aaron Guckian,101762,Rhode Island Governor Republican Primary Winner,rhode-island-governor-republican-primary-winner,Rhode Island Governor Republican Primary Winner,,[],open,binary,0.986,0.998,0.997,0.992,0.008,0.992,0.012,59822.17248,22966.655031,,30282.56639,2025-12-11T04:44:53.706Z,2026-09-08T00:00:00Z,2026-09-08T00:00:00Z,,,,,,,,,2026-09-10T16:38:51+00:00,81.4,"[""Yes"", ""No""]","[0.992, 0.008]",27480166989060357291001664454487205062211581586397382937752876031870002486926
kalshi,KXNFLTOTAL-26SEP10SFLAR-55,https://kalshi.com/markets/kxnfltotal/pro-football-total-points,https://kalshi.com/markets/kxnfltotal/pro-football-total-points/kxnfltotal-26sep10sflar,Will there be over 54.5 points scored?,Over 54.5 points scored,KXNFLTOTAL-26SEP10SFLAR,San Francisco vs Los Angeles: Total Points,KXNFLTOTAL,Pro Football Total Points,Sports,"[""Football""]",open,binary,0.31,0.32,0.31,0.315,0.685,0.315,0.01,23159.17,22961.28,22309.27,0,2026-08-03T23:13:00Z,2026-09-13T00:35:00Z,2026-09-13T00:35:00Z,,,,greater,54.5,,,True,2026-09-10T16:39:52+00:00,,,,
kalshi,KXNETFLIXRANKSHOW-26SEP14-THE,https://kalshi.com/markets/kxnetflixrankshow/netflix-tv-ranking,https://kalshi.com/markets/kxnetflixrankshow/netflix-tv-ranking/kxnetflixrankshow-26sep14,"Will The Gentlemen: Season 2 be Top US Netflix Show on Sep 14, 2026?",The Gentlemen: Season 2,KXNETFLIXRANKSHOW-26SEP14,Top US Netflix Show this week?,KXNETFLIXRANKSHOW,Netflix TV ranking,Entertainment,"[""TV Charts"", ""Television""]",open,binary,0.01,0.05,0.05,0.03,0.97,0.03,0.04,32479.4,22955.49,28754.17,0,2026-09-09T00:00:00Z,2026-09-15T03:59:00Z,2026-09-21T14:00:00Z,,,,custom,,,,True,2026-09-10T16:39:06+00:00,,,,
polymarket,0x1e07c32b2e6543f6868bbcdf5d063e4ab2de4399a39194ea8911672e321bd0d5,https://polymarket.com/event/cs2-mars-withou-2026-09-10/cs2-mars-withou-2026-09-10,,Counter-Strike: Marsborne vs Without a Roof (BO3) - NSTLGA League Playoffs,Match Winner,996355,Counter-Strike: Marsborne vs Without a Roof (BO3) - NSTLGA League Playoffs,cs2-mars-withou-2026-09-10,Counter-Strike: Marsborne vs Without a Roof (BO3) - NSTLGA League Playoffs,,[],open,binary,0.55,0.56,0.56,0.555,0.445,0.555,0.01,22894.454890000005,22894.454889999994,,10598.0725,2026-09-09T22:56:55Z,2026-09-11T02:00:00Z,2026-09-11T02:00:00Z,,,,,,,,,2026-09-10T16:38:51+00:00,,"[""Marsborne"", ""Without a Roof""]","[0.555, 0.445]",47648257558672953596129026262323973852892158418435886030088116788142710741416
polymarket,0x7165254c0e15e62c2530e6d55a4483d132313c0d0a4aab26c925c192653d0ff3,https://polymarket.com/event/nfl-mia-lv-2026-09-13/nfl-mia-lv-2026-09-13-spread-home-3pt5,,Spread: Raiders (-3.5),Spread -3.5,795826,Dolphins vs. Raiders,nfl-mia-lv-2026-09-13,Dolphins vs. Raiders,,[],open,binary,0.45,0.46,0.46,0.455,0.545,0.455,0.01,41037.24678600001,22889.7417,,81779.4884,2026-08-04T16:02:41Z,2026-09-13T20:25:00Z,2026-09-13T20:25:00Z,,,,,,,,,2026-09-10T16:38:51+00:00,-4,"[""Raiders"", ""Dolphins""]","[0.455, 0.545]",39410928963083215029506970285905954682703481076314579336136420323531186276900
kalshi,KXBTCD-26SEP1017-T76249.99,https://kalshi.com/markets/kxbtcd/bitcoin-price-above-below,https://kalshi.com/markets/kxbtcd/bitcoin-price-above-below/kxbtcd-26sep1017,"Bitcoin price on Sep 10, 2026?","$76,250 or above",KXBTCD-26SEP1017,"BTC price on Sep 10, 2026 at 5pm EDT?",KXBTCD,Bitcoin price Above/below,Crypto,"[""Hourly"", ""BTC""]",open,binary,0.87,0.88,0.87,0.875,0.125,0.875,0.01,23374.9,22816.17,11478.51,0,2026-09-09T20:00:00Z,2026-09-10T21:00:00Z,2026-09-17T21:00:00Z,,,,greater,76249.99,,BRTI,True,2026-09-10T16:39:01+00:00,,,,
kalshi,KXNFLTD-26SEP10SFLAR-SFJTONGES88-1,https://kalshi.com/markets/kxnfltd/pro-football-touchdowns,https://kalshi.com/markets/kxnfltd/pro-football-touchdowns/kxnfltd-26sep10sflar,Jake Tonges: 1+ touchdowns,Jake Tonges: 1+,KXNFLTD-26SEP10SFLAR,San Francisco vs Los Angeles R: Touchdowns,KXNFLTD,Pro Football Touchdowns,Sports,"[""Football""]",open,binary,0.1,0.11,0.11,0.105,0.895,0.105,0.01,40790.94,22769.57,38870.99,0,2026-09-02T21:39:00Z,2026-09-13T00:35:00Z,2026-09-13T00:35:00Z,,,,greater,0.5,,,True,2026-09-10T16:39:26+00:00,,,,
polymarket,0xa467b14d51f01b957109d9cbb1d6c124fab2a089d52ed8f471d23c2812e743b7,https://polymarket.com/event/xi-jinping-out-before-2027/xi-jinping-out-before-2027,,Xi Jinping out before 2027?,,30828,Xi Jinping out before 2027?,xi-jinping-out-before-2027,Xi Jinping out before 2027?,,[],open,binary,0.037,0.038,0.037,0.0375,0.9625,0.0375,0.001,13126163.250219982,22684.584393,,226967.36472,2025-07-03T20:37:00.228Z,2027-01-01T04:59:00Z,2027-01-01T04:59:00Z,,,,,,,,,2026-09-10T16:38:51+00:00,-0.1,"[""Yes"", ""No""]","[0.0375, 0.9625]",32338220190071351435772801779725302244575775216413325951443816017994629993401
polymarket,0xcd2db5089faef5d50e02487d5fd3e64bd8ed45b28e48b298970dd2769a8fa9ae,https://polymarket.com/event/epl-liv-ful-2026-09-12/epl-liv-ful-2026-09-12-ful,,Will Fulham FC win on 2026-09-12?,Fulham FC,934152,Liverpool FC vs. Fulham FC,epl-liv-ful-2026-09-12,Liverpool FC vs. Fulham FC,,[],open,binary,0.13,0.14,0.13,0.135,0.865,0.135,0.01,23427.413222000003,22673.750828,,75165.3049,2026-08-30T04:00:15Z,2026-09-12T14:00:00Z,2026-09-12T14:00:00Z,,,,,,,,,2026-09-10T16:38:51+00:00,,"[""Yes"", ""No""]","[0.135, 0.865]",104269655456840471957419137116347841814669660956581390162082437947256613020570
polymarket,0xf529f721cd6442e8b203413116c2321b3159cc5950ae3d9400102b96498fdc12,https://polymarket.com/event/ucl-slp-rcl-2026-09-10/ucl-slp-rcl-2026-09-10-rcl,,Will Racing Club de Lens win on 2026-09-10?,Racing Club de Lens,931728,SK Slavia Praha vs. Racing Club de Lens,ucl-slp-rcl-2026-09-10,SK Slavia Praha vs. Racing Club de Lens,,[],open,binary,0.37,0.38,0.38,0.375,0.625,0.375,0.01,24757.771228999998,22637.414960000006,,269733.1138,2026-08-29T18:00:27Z,2026-09-10T19:00:00Z,2026-09-10T19:00:00Z,,,,,,,,,2026-09-10T16:38:51+00:00,2,"[""Yes"", ""No""]","[0.375, 0.625]",27485776170959252450623147036645548304815774992778493336793183520029460751234
kalshi,KXMLBHR-26SEP101305HOUPHI-PHIKSCHWARBER12-1,https://kalshi.com/markets/kxmlbhr/pro-baseball-home-runs,https://kalshi.com/markets/kxmlbhr/pro-baseball-home-runs/kxmlbhr-26sep101305houphi,Kyle Schwarber: 1+ home runs?,Kyle Schwarber: 1+,KXMLBHR-26SEP101305HOUPHI,Houston vs Philadelphia: Home Runs,KXMLBHR,Pro Baseball Home Runs,Sports,"[""Baseball""]",open,binary,0.29,0.3,0.3,0.295,0.705,0.295,0.01,23580.36,22554.3,23576.22,0,2026-09-10T04:10:00Z,2026-09-13T17:05:00Z,2026-09-13T17:05:00Z,,,,greater,0.5,,,True,2026-09-10T16:38:52+00:00,,,,
kalshi,KXLALIGAGAME-26SEP13RMARVC-RVC,https://kalshi.com/markets/kxlaligagame/la-liga-game,https://kalshi.com/markets/kxlaligagame/la-liga-game/kxlaligagame-26sep13rmarvc,Vallecano wins,Vallecano,KXLALIGAGAME-26SEP13RMARVC,Real Madrid vs Vallecano,KXLALIGAGAME,La Liga Game,Sports,"[""Soccer""]",open,binary,0.04,0.05,0.05,0.045,0.955,0.045,0.01,75012.37,22494.73,58867.37,0,2026-08-30T00:48:00Z,2026-09-16T01:00:00Z,2026-09-16T01:00:00Z,,,,structured,,,,True,2026-09-10T16:39:34+00:00,,,,
polymarket,0x4e81e9b507ceca8232920834b61082bd98d5132f621e19bd31cce54df7cc4684,https://polymarket.com/event/uae1-dub-sah-2026-09-10-more-markets/uae1-dub-sah-2026-09-10-total-3pt5,,Dubai United FC vs. Shabab Al Ahli Dubai: O/U 3.5,O/U 3.5,994449,Dubai United FC vs. Shabab Al Ahli Dubai - More Markets,uae1-dub-sah-2026-09-10-more-markets,Dubai United FC vs. Shabab Al Ahli Dubai - More Markets,,[],open,binary,,0.001,0.06,0.0005,0.9995,0.0005,0.001,22488.649796,22488.649796,,35760.44705,2026-09-09T15:56:23Z,2026-09-10T13:40:00Z,2026-09-10T13:40:00Z,,,,,,,,,2026-09-10T16:38:51+00:00,-48.45,"[""Over"", ""Under""]","[0.0005, 0.9995]",43097348765765030960692553397388897368129122695947167624695396538405052955516
kalshi,KXBTCY-27JAN0100-B22500,https://kalshi.com/markets/kxbtcy/btc-price-range-eoy,https://kalshi.com/markets/kxbtcy/btc-price-range-eoy/kxbtcy-27jan0100,"BTC price  on Jan 1, 2027?","20,000 to 24,999.99",KXBTCY-27JAN0100,Bitcoin price at the end of 2026,KXBTCY,BTC price range EOY,Crypto,"[""BTC""]",open,binary,0.008,0.011,0.011,0.0095,0.9905,0.0095,0.003,694914.25,22476.09,365780.72,0,2026-02-25T23:25:29Z,2027-01-01T05:00:00Z,2027-01-08T05:00:00Z,,,,between,20000,24999.99,,True,2026-09-10T16:40:22+00:00,,,,
kalshi,KXDPWORLDTOUR-AMIO26-JLEE,https://kalshi.com/markets/kxdpworldtour/dp-world-tour-tournament-winner,https://kalshi.com/markets/kxdpworldtour/dp-world-tour-tournament-winner/kxdpworldtour-amio26,Will Junghwan Lee win the Amgen Irish Open?,Junghwan Lee,KXDPWORLDTOUR-AMIO26,Amgen Irish Open Winner,KXDPWORLDTOUR,DP World Tour Tournament Winner,Sports,"[""Golf""]",open,binary,0,0.01,0.003,0.005,0.995,0.005,0.01,32058.41,22450.32,32058.41,0,2026-09-05T16:05:00Z,2026-09-27T00:00:00Z,2026-09-27T00:00:00Z,,,,structured,,,,True,2026-09-10T16:39:19+00:00,,,,
kalshi,KXDPWORLDTOUR-AMIO26-MLIN,https://kalshi.com/markets/kxdpworldtour/dp-world-tour-tournament-winner,https://kalshi.com/markets/kxdpworldtour/dp-world-tour-tournament-winner/kxdpworldtour-amio26,Will Mikael Lindberg win the Amgen Irish Open?,Mikael Lindberg,KXDPWORLDTOUR-AMIO26,Amgen Irish Open Winner,KXDPWORLDTOUR,DP World Tour Tournament Winner,Sports,"[""Golf""]",open,binary,0.001,0.003,0.001,0.002,0.998,0.002,0.002,34450.26,22439.21,22492.49,0,2026-09-05T16:05:00Z,2026-09-27T00:00:00Z,2026-09-27T00:00:00Z,,,,structured,,,,True,2026-09-10T16:39:19+00:00,,,,
polymarket,0xda0dc3b9d21321e7657248b3de8ce18d2cf00472374021d3dd93a342077f7e61,https://polymarket.com/event/which-company-has-the-best-ai-model-end-of-september-20260717143435868/will-google-have-the-best-ai-model-at-the-end-of-september-2026-20260717143137055,,Will Google have the best AI model at the end of September 2026?,Google,727186,Which company has the best AI model end of September?,which-company-has-the-best-ai-model-end-of-september-20260717143435868,Which company has the best AI model end of September?,,[],open,binary,0.024,0.032,0.033,0.028,0.972,0.028,0.008,268843.7270219999,22426.479599,,27048.23648,2026-07-21T00:30:55.427022Z,2026-10-01T03:59:00Z,2026-10-01T03:59:00Z,,,,,,,,,2026-09-10T16:38:51+00:00,0.75,"[""Yes"", ""No""]","[0.028, 0.972]",6166513038784917342431897762851411217960639130627784679394832073526314983946
polymarket,0x7a833b2745bc6911db3ef244e37287c9ab1be1e63ee71266d2c79326cafbe285,https://polymarket.com/event/next-round-of-us-iran-peace-talks-byptptpt-20260623022722982/us-x-iran-diplomatic-meeting-by-december-31-2026-745,,"US x Iran diplomatic meeting by December 31, 2026?","December 31, 2026",624218,Next round of US-Iran peace talks by...?,next-round-of-us-iran-peace-talks-byptptpt-20260623022722982,Next round of US-Iran peace talks by...?,,[],open,binary,0.32,0.34,0.32,0.33,0.67,0.33,0.02,242692.19280200006,22399.488229000006,,68473.407,2026-08-17T16:02:09Z,2026-12-31T23:59:00Z,2026-12-31T23:59:00Z,,,,,,,,,2026-09-10T16:38:51+00:00,-1.5,"[""Yes"", ""No""]","[0.33, 0.67]",75949079072300511635603600206567227738703160855900547778099294726738851616000
polymarket,0xb7e5cbd9d857bc23b5d7937aebaef0465bdf4c7f1d119d18c84ed43fdf5c91fd,https://polymarket.com/event/what-price-will-ethereum-hit-before-2027/will-ethereum-dip-to-2000-by-december-31-2026-from-august-24,,"Will Ethereum dip to $2,000 by December 31, 2026?","↓ 2,000",89519,What price will Ethereum hit in 2026?,what-price-will-ethereum-hit-before-2027,What price will Ethereum hit in 2026?,,[],open,binary,0.36,0.39,0.35,0.375,0.625,0.375,0.03,279562.28624000004,22373.638810000004,,23772.7294,2026-08-25T03:53:50Z,2027-01-01T05:00:00Z,2027-01-01T05:00:00Z,,,,,,,,,2026-09-10T16:38:51+00:00,4,"[""Yes"", ""No""]","[0.375, 0.625]",84768145019786095547717415732823502270141145470320952547313245070010555237775
kalshi,SENATEMI-26-R,https://kalshi.com/markets/senatemi/michigan-senate-race,https://kalshi.com/markets/senatemi/michigan-senate-race/senatemi-26,Will Republicans win the Senate race in Michigan?,Mike Rogers,SENATEMI-26,Michigan Senate winner?,SENATEMI,Michigan Senate race,Elections,"[""Senate""]",open,binary,0.36,0.37,0.37,0.365,0.635,0.365,0.01,1921854.84,22274.68,1342262.06,0,2024-12-03T15:00:00Z,2027-11-03T15:00:00Z,2027-11-03T15:00:00Z,,,,structured,,,,True,2026-09-10T16:40:30+00:00,,,,
kalshi,KXNFLAFCCHAMP-27-JAC,https://kalshi.com/markets/kxnflafcchamp/american-football-conference-champion,https://kalshi.com/markets/kxnflafcchamp/american-football-conference-champion/kxnflafcchamp-27,Will Jacksonville win the Pro Football AFC Championship?,Jacksonville,KXNFLAFCCHAMP-27,AFC Championship Winner,KXNFLAFCCHAMP,American Football Conference Champion,Sports,"[""Football""]",open,binary,0.05,0.06,0.06,0.055,0.945,0.055,0.01,176914.85,22202.23,155895.46,0,2026-02-07T15:00:00Z,2027-02-22T15:00:00Z,2027-02-22T15:00:00Z,,,,structured,,,,True,2026-09-10T16:40:23+00:00,,,,
kalshi,KXWTI-26SEP1014-T96.99,https://kalshi.com/markets/kxwti/wti-oil-on-day,https://kalshi.com/markets/kxwti/wti-oil-on-day/kxwti-26sep1014,"Will the WTI crude oil settlement price be above 96.99 USD/Bbl on Sep 10, 2026?",Above $96.99,KXWTI-26SEP1014,"Oil Price (WTI) on Sep 10, 2026?",KXWTI,WTI oil on day,Commodities,"[""Oil & Gas""]",open,binary,0.99,1,0.99,0.995,0.005,0.995,0.01,23182.75,22137.75,9505.96,0,2026-09-08T23:30:00Z,2026-09-10T18:30:00Z,2026-09-17T19:30:00Z,,,,greater,96.99,,,True,2026-09-10T16:39:05+00:00,,,,
polymarket,0xa34edb6c898232378a9cc08744842df2cd89d278ba45b012bed3ac10c7241c4d,https://polymarket.com/event/ballon-dor-winner-2026/will-lamine-yamal-win-the-2026-ballon-dor,,Will Lamine Yamal win the 2026 Ballon d'Or?,Lamine Yamal,48361,Ballon d'Or Winner 2026,ballon-dor-winner-2026,Ballon d'Or Winner 2026,,[],open,binary,0.159,0.16,0.16,0.1595,0.8405,0.1595,0.001,2210542.248316,22078.129395,,208516.90413,2025-09-22T23:39:06.170776Z,2026-10-31T00:00:00Z,2026-10-31T00:00:00Z,,,,,,,,,2026-09-10T16:38:51+00:00,-0.2,"[""Yes"", ""No""]","[0.1595, 0.8405]",10466835326554416965099784068156829774726248334728156046559014834812912458273
polymarket,0x0e67d952805a7d78b5ad867c12b558611991aeb56f7ec83ed64dde38d5e3e96c,https://polymarket.com/event/ucl-slp-rcl-2026-09-10-more-markets/ucl-slp-rcl-2026-09-10-total-2pt5,,SK Slavia Praha vs. Racing Club de Lens: O/U 2.5,O/U 2.5,931863,SK Slavia Praha vs. Racing Club de Lens - More Markets,ucl-slp-rcl-2026-09-10-more-markets,SK Slavia Praha vs. Racing Club de Lens - More Markets,,[],open,binary,0.59,0.6,0.6,0.595,0.405,0.595,0.01,22074.088410000004,22062.976558000002,,122192.7549,2026-08-29T18:15:48Z,2026-09-10T19:00:00Z,2026-09-10T19:00:00Z,,,,,,,,,2026-09-10T16:38:51+00:00,5.5,"[""Over"", ""Under""]","[0.595, 0.405]",48490196969859722410832148237162509737667418591858784137624989515569335913195
polymarket,0x68bc118dd23c2bdc59dea952282128cf664941005622e9502067dc19e3100627,https://polymarket.com/event/ucl-bay-bog-2026-09-10-more-markets/ucl-bay-bog-2026-09-10-spread-home-2pt5,,Spread: FC Bayern München (-2.5),FC Bayern München (-2.5),931862,FC Bayern München vs. FK Bodø/Glimt - More Markets,ucl-bay-bog-2026-09-10-more-markets,FC Bayern München vs. FK Bodø/Glimt - More Markets,,[],open,binary,0.64,0.65,0.65,0.645,0.355,0.645,0.01,24820.257747999996,22016.946548,,66416.5928,2026-08-29T18:15:37Z,2026-09-10T19:00:00Z,2026-09-10T19:00:00Z,,,,,,,,,2026-09-10T16:38:51+00:00,7,"[""FC Bayern M\u00fcnchen"", ""FK Bod\u00f8/Glimt""]","[0.645, 0.355]",72946365474716744648219162932365266154501080132751137693417871418799763356164
polymarket,0x261c26c492bc9452493b3e1c792f26b2e90ed7c1cd6f49f0cb7330b40145bde0,https://polymarket.com/event/kharg-island-no-longer-under-iranian-control-by-march-31/kharg-island-no-longer-under-iranian-control-by-december-31-20260730004337418,,Kharg Island no longer under Iranian control by December 31?,December 31,267102,Kharg Island no longer under Iranian control by...?,kharg-island-no-longer-under-iranian-control-by-march-31,Kharg Island no longer under Iranian control by...?,,[],open,binary,0.07,0.08,0.07,0.075,0.925,0.075,0.01,277026.599293,22006.434811,,86431.4603,2026-07-30T00:50:28.183445Z,2027-01-01T04:59:00Z,2027-01-01T04:59:00Z,,,,,,,,,2026-09-10T16:38:51+00:00,1,"[""Yes"", ""No""]","[0.075, 0.925]",81143229469963573855078465101077700973718156690198435778028767625311344952083
kalshi,KXUCLTOTAL-26SEP10PSVSHA-3,https://kalshi.com/markets/kxucltotal/champions-league-total-goals,https://kalshi.com/markets/kxucltotal/champions-league-total-goals/kxucltotal-26sep10psvsha,Will over 2.5 goals be scored?,Over 2.5 goals scored,KXUCLTOTAL-26SEP10PSVSHA,Eindhoven vs Shakhtar: Total Goals,KXUCLTOTAL,Champions League Total Goals,Sports,"[""Soccer""]",open,binary,0.68,0.69,0.69,0.685,0.315,0.685,0.01,26649.03,22003.4,26026.36,0,2026-09-07T17:06:00Z,2026-09-12T22:45:00Z,2026-09-12T22:45:00Z,,,,greater,2.5,,,True,2026-09-10T16:39:12+00:00,,,,
kalshi,KXNCAAFGAME-26SEP12TTUORST-ORST,https://kalshi.com/markets/kxncaafgame/college-football-game,https://kalshi.com/markets/kxncaafgame/college-football-game/kxncaafgame-26sep12ttuorst,Oregon St. wins,Oregon St.,KXNCAAFGAME-26SEP12TTUORST,Texas Tech vs Oregon St.,KXNCAAFGAME,College Football Game,Sports,"[""Football""]",open,binary,0.04,0.06,0.05,0.05,0.95,0.05,0.02,42816.49,21979.76,41126.65,0,2026-08-25T14:39:00Z,2026-09-14T23:30:00Z,2026-09-14T23:30:00Z,,,,structured,,,,True,2026-09-10T16:39:37+00:00,,,,
polymarket,0x06a27c2810eaca94b53e7a17f15ad47761399ba445a6b02039b2679da203262d,https://polymarket.com/event/next-french-presidential-election/will-xavier-bertrand-win-the-2027-french-presidential-election,,Will Xavier Bertrand win the 2027 French presidential election?,Xavier Bertrand,79987,Next French Presidential Election,next-french-presidential-election,Next French Presidential Election,,[],open,binary,,0.001,0.001,0.0005,0.9995,0.0005,0.001,5842207.548838999,21958.27,,167761.46088,2025-11-13T23:09:39.745834Z,2027-04-30T00:00:00Z,2027-04-30T00:00:00Z,,,,,,,,,2026-09-10T16:38:51+00:00,-0.1,"[""Yes"", ""No""]","[0.0005, 0.9995]",71877540523534201212958253000589157055215242511161152819251873195807458559662
polymarket,0xdb00edada1d102dc552cdcc96e1aa0712c740e1414388c0b61cd577ea3e92d4c,https://polymarket.com/event/ucl-psv-shd-2026-09-10/ucl-psv-shd-2026-09-10-shd,,Will FK Shakhtar Donetsk win on 2026-09-10?,FK Shakhtar Donetsk,931726,PSV vs. FK Shakhtar Donetsk,ucl-psv-shd-2026-09-10,PSV vs. FK Shakhtar Donetsk,,[],open,binary,0.15,0.16,0.16,0.155,0.845,0.155,0.01,22833.997390000004,21874.996787000004,,296181.3717,2026-08-29T18:00:25Z,2026-09-10T16:45:00Z,2026-09-10T16:45:00Z,,,,,,,,,2026-09-10T16:38:51+00:00,2,"[""Yes"", ""No""]","[0.155, 0.845]",63359845471601910994444279809659977147431016068331885107805212825517278802957
kalshi,KXBTCD-26SEP1117-T74999.99,https://kalshi.com/markets/kxbtcd/bitcoin-price-above-below,https://kalshi.com/markets/kxbtcd/bitcoin-price-above-below/kxbtcd-26sep1117,"Bitcoin price on Sep 11, 2026?","$75,000 or above",KXBTCD-26SEP1117,"BTC price on Sep 11, 2026 at 5pm EDT?",KXBTCD,Bitcoin price Above/below,Crypto,"[""Hourly"", ""BTC""]",open,binary,0.85,0.86,0.86,0.855,0.145,0.855,0.01,55985.42,21840.9,9307.93,0,2026-09-04T20:00:00Z,2026-09-11T21:00:00Z,2026-09-18T21:00:00Z,,,,greater,74999.99,,BRTI,True,2026-09-10T16:39:24+00:00,,,,
kalshi,KXDPWORLDTOURR1LEAD-AMIO26-SNOR,https://kalshi.com/markets/kxdpworldtourr1lead/dp-world-tour-r1-leader,https://kalshi.com/markets/kxdpworldtourr1lead/dp-world-tour-r1-leader/kxdpworldtourr1lead-amio26,Shaun Norris leads at the end of Round 1,Shaun Norris,KXDPWORLDTOURR1LEAD-AMIO26,Amgen Irish Open End of Round 1 Leader,KXDPWORLDTOURR1LEAD,DP World Tour R1 Leader,Sports,"[""Golf""]",open,binary,0,0.001,0.002,0.0005,0.9995,0.0005,0.001,27296.28,21781.89,27228.23,0,2026-09-07T00:10:00Z,2026-09-27T00:00:00Z,2026-09-27T00:00:00Z,,,,structured,,,,True,2026-09-10T16:39:15+00:00,,,,
polymarket,0x66e11d0cbba8959c1cd9ba02908297c805fe70239bde0c1de0b94ad2ded29a2f,https://polymarket.com/event/uefa-champions-league-2027-champion-20260701202025549/will-inter-milan-win-the-2026-27-uefa-champions-league-championship-20260701202025556,,Will Inter Milan win the 2026-27 UEFA Champions League Championship?,Inter Milan,659671,UEFA Champions League: 2027 Champion,uefa-champions-league-2027-champion-20260701202025549,UEFA Champions League: 2027 Champion,,[],open,binary,0.027,0.028,0.028,0.0275,0.9725,0.0275,0.001,596114.1663959998,21732.272762000004,,132614.32838,2026-07-02T19:03:40.780478Z,2027-05-30T23:59:00Z,2027-05-30T23:59:00Z,,,,,,,,,2026-09-10T16:38:51+00:00,,"[""Yes"", ""No""]","[0.0275, 0.9725]",8116898390055979608255505229568100454663270764075234220288895903415070788054
polymarket,0x825aa4592b3efdae16abb105be20cddfb02f643dd836d2f3121d1ba7e4700059,https://polymarket.com/event/openai-announces-another-millennium-prize-solution-by/will-openai-announce-another-millennium-prize-solution-by-september-30-2026,,"Will OpenAI announce another Millennium Prize solution by September 30, 2026?","September 30, 2026",994461,OpenAI announces another Millennium Prize solution by...?,openai-announces-another-millennium-prize-solution-by,OpenAI announces another Millennium Prize solution by...?,,[],open,binary,0.34,0.36,0.36,0.35,0.65,0.35,0.02,21724.452389,21724.452389,,2282.9437,2026-09-09T16:00:14Z,2026-10-01T03:59:00Z,2026-10-01T03:59:00Z,,,,,,,,,2026-09-10T16:38:51+00:00,23.5,"[""Yes"", ""No""]","[0.35, 0.65]",64212255472604180559122022021927000909748611025332694849360483180562685648523
polymarket,0x5759fb62768738cda38232974fa399fd8bfbbe6c04d891a2c4cdb71731f8f692,https://polymarket.com/event/how-many-different-countries-will-the-us-strike-in-2026/will-the-us-strike-9-countries-in-2026,,Will the US strike 9 countries in 2026?,9,79932,How many different countries will the US conduct military action against in 2026?,how-many-different-countries-will-the-us-strike-in-2026,How many different countries will the US conduct military action against in 2026?,,[],open,binary,0.282,0.3,0.286,0.291,0.709,0.291,0.018,86039.08271999999,21723.36,,38920.09816,2025-11-13T16:18:46.554948Z,2027-01-01T04:59:00Z,2027-01-01T04:59:00Z,,,,,,,,,2026-09-10T16:38:51+00:00,0.85,"[""Yes"", ""No""]","[0.291, 0.709]",83709243548896147834018257536806470793694018836347842521025792293632537250727
kalshi,KXUFCFIGHT-26SEP12FIOGRA-GRA,https://kalshi.com/markets/kxufcfight/ufc-fight,https://kalshi.com/markets/kxufcfight/ufc-fight/kxufcfight-26sep12fiogra,Alexa Grasso wins,Alexa Grasso,KXUFCFIGHT-26SEP12FIOGRA,Fight Night: Fiorot vs Grasso,KXUFCFIGHT,UFC Fight,Sports,"[""MMA""]",open,binary,0.31,0.32,0.32,0.315,0.685,0.315,0.01,38560.76,21705.6,38492.23,0,2026-09-08T17:30:00Z,2026-09-26T21:40:00Z,2026-09-26T21:40:00Z,,,,structured,,,,True,2026-09-10T16:39:06+00:00,,,,
kalshi,KXNFLGAME-26SEP13CLEJAC-CLE,https://kalshi.com/markets/kxnflgame/professional-football-game,https://kalshi.com/markets/kxnflgame/professional-football-game/kxnflgame-26sep13clejac,Cleveland vs Jacksonville Pro Football game: Cleveland wins?,Cleveland,KXNFLGAME-26SEP13CLEJAC,Cleveland vs Jacksonville,KXNFLGAME,Professional Football Game,Sports,"[""Football""]",open,binary,0.21,0.22,0.22,0.215,0.785,0.215,0.01,91105.88,21673.8,74658.17,0,2026-05-15T17:04:00Z,2026-09-15T17:00:00Z,2026-09-15T17:00:00Z,,,,structured,,,,True,2026-09-10T16:40:09+00:00,,,,
kalshi,KXDPWORLDTOUR-AMIO26-JLAG,https://kalshi.com/markets/kxdpworldtour/dp-world-tour-tournament-winner,https://kalshi.com/markets/kxdpworldtour/dp-world-tour-tournament-winner/kxdpworldtour-amio26,Will Joakim Lagergren win the Amgen Irish Open?,Joakim Lagergren,KXDPWORLDTOUR-AMIO26,Amgen Irish Open Winner,KXDPWORLDTOUR,DP World Tour Tournament Winner,Sports,"[""Golf""]",open,binary,0.001,0.003,0.006,0.002,0.998,0.002,0.002,66659.24,21636.14,66151.37,0,2026-09-05T16:05:00Z,2026-09-27T00:00:00Z,2026-09-27T00:00:00Z,,,,structured,,,,True,2026-09-10T16:39:19+00:00,,,,
polymarket,0x12dc2b61723b2a54fc1947a307389b5f32038e7a29a0e936ad1fe410b969d06a,https://polymarket.com/event/ballon-dor-winner-2026/will-harry-kane-win-the-2026-ballon-dor,,Will Harry Kane win the 2026 Ballon d'Or?,Harry Kane,48361,Ballon d'Or Winner 2026,ballon-dor-winner-2026,Ballon d'Or Winner 2026,,[],open,binary,0.621,0.622,0.621,0.6215,0.3785,0.6215,0.001,4090512.6872090017,21608.675242999994,,132637.03516,2025-09-22T23:39:11.955028Z,2026-10-31T00:00:00Z,2026-10-31T00:00:00Z,,,,,,,,,2026-09-10T16:38:51+00:00,-0.7,"[""Yes"", ""No""]","[0.6215, 0.3785]",72710166409980712002774407052535905861151156175854323762835102340552522606004
kalshi,KXBTCD-26SEP1013-T76599.99,https://kalshi.com/markets/kxbtcd/bitcoin-price-above-below,https://kalshi.com/markets/kxbtcd/bitcoin-price-above-below/kxbtcd-26sep1013,"Bitcoin price on Sep 10, 2026?","$76,600 or above",KXBTCD-26SEP1013,"BTC price on Sep 10, 2026 at 1pm EDT?",KXBTCD,Bitcoin price Above/below,Crypto,"[""Hourly"", ""BTC""]",open,binary,0.97,0.98,0.97,0.975,0.025,0.975,0.01,34006,21603.55,18272.85,0,2026-09-10T16:00:00Z,2026-09-10T17:00:00Z,2026-09-17T17:00:00Z,,,,greater,76599.99,,BRTI,True,2026-09-10T16:39:01+00:00,,,,
kalshi,KXCPIYOY-26AUG-T3.3,https://kalshi.com/markets/kxcpiyoy/inflation,https://kalshi.com/markets/kxcpiyoy/inflation/kxcpiyoy-26aug,Will the rate of CPI inflation be above 3.3% for the year ending in August 2026?,Above 3.3%,KXCPIYOY-26AUG,Inflation in August 2026 (CPI YoY),KXCPIYOY,Inflation,Economics,"[""Inflation""]",open,binary,0.61,0.62,0.62,0.615,0.385,0.615,0.01,161171.13,21598,117174.39,0,2026-06-09T22:15:00Z,2026-09-11T12:29:00Z,2026-12-11T14:00:00Z,,,,greater,3.3,,CPI,True,2026-09-10T16:40:06+00:00,,,,
polymarket,0xa4ddc18895cc7b14810283ef8f113939abffd3969c6a0e37f1897110c67e6f73,https://polymarket.com/event/hantavirus-pandemic-in-2026/hantavirus-pandemic-in-2026,,Hantavirus pandemic in 2026?,,448037,Hantavirus pandemic in 2026?,hantavirus-pandemic-in-2026,Hantavirus pandemic in 2026?,,[],open,binary,0.03,0.031,0.03,0.0305,0.9695,0.0305,0.001,18140579.627910037,21594.011748,,204064.21244,2026-05-04T14:28:59.402583Z,2027-01-01T04:59:00Z,2027-01-01T04:59:00Z,,,,,,,,,2026-09-10T16:38:51+00:00,,"[""Yes"", ""No""]","[0.0305, 0.9695]",51508280778202349361616850684455231843716212176724253736363122559269229712002
polymarket,0x934225abdf22ea08692f5411dd43ea16d859e7b30b880dbe521d8fc2cc3f013f,https://polymarket.com/event/next-french-presidential-election/will-sbastien-lecornu-win-the-2027-french-presidential-election,,Will Sébastien Lecornu win the 2027 French presidential election?,Sébastien Lecornu,79987,Next French Presidential Election,next-french-presidential-election,Next French Presidential Election,,[],open,binary,0.008,0.009,0.008,0.0085,0.9915,0.0085,0.001,1631108.2336750003,21574.646178,,213691.35802,2025-11-13T23:09:54.364Z,2027-04-30T00:00:00Z,2027-04-30T00:00:00Z,,,,,,,,,2026-09-10T16:38:51+00:00,-0.25,"[""Yes"", ""No""]","[0.0085, 0.9915]",56479574037559870494474863426788778064776404338812899351171813846265674472432
kalshi,KXNFLMVP-27-LJAC,https://kalshi.com/markets/kxnflmvp/ap-pro-football-regular-season-mvp,https://kalshi.com/markets/kxnflmvp/ap-pro-football-regular-season-mvp/kxnflmvp-27,Will Lamar Jackson win the MVP?,Lamar Jackson,KXNFLMVP-27,MVP Winner?,KXNFLMVP,AP Pro Football Regular Season MVP,Sports,"[""Football""]",open,binary,0.09,0.1,0.1,0.095,0.905,0.095,0.01,471734.39,21553.23,451628.29,0,2026-02-08T20:30:00Z,2028-02-12T15:00:00Z,2028-02-12T15:00:00Z,,,,structured,,,,True,2026-09-10T16:40:23+00:00,,,,
kalshi,KXNFLMVP-27-BMAY,https://kalshi.com/markets/kxnflmvp/ap-pro-football-regular-season-mvp,https://kalshi.com/markets/kxnflmvp/ap-pro-football-regular-season-mvp/kxnflmvp-27,Will Baker Mayfield win the MVP?,Baker Mayfield,KXNFLMVP-27,MVP Winner?,KXNFLMVP,AP Pro Football Regular Season MVP,Sports,"[""Football""]",open,binary,0.01,0.02,0.02,0.015,0.985,0.015,0.01,299533.69,21460.5,296756.53,0,2026-02-08T20:30:00Z,2028-02-12T15:00:00Z,2028-02-12T15:00:00Z,,,,structured,,,,True,2026-09-10T16:40:23+00:00,,,,
kalshi,KXUCL1HSPREAD-26SEP10BMUBOG-BMU2,https://kalshi.com/markets/kxucl1hspread/ucl-first-half-spread,https://kalshi.com/markets/kxucl1hspread/ucl-first-half-spread/kxucl1hspread-26sep10bmubog,Bayern Munich wins by more than 1.5 goals in the 1st Half,Bayern Munich wins the 1H by more than 1.5 goals,KXUCL1HSPREAD-26SEP10BMUBOG,Bayern Munich vs Bodoe/Glimt: First Half Spread,KXUCL1HSPREAD,UCL First Half Spread,Sports,"[""Soccer""]",open,binary,0.48,0.5,0.5,0.49,0.51,0.49,0.02,22587.88,21458.86,22178.27,0,2026-09-08T20:07:00Z,2026-09-12T19:00:00Z,2026-09-12T19:00:00Z,,,,greater,1.5,,,True,2026-09-10T16:39:06+00:00,,,,
polymarket,0xa1c436770d0eab2961940d7320b769c57bd0c2fd6ef8387207de99a20c821702,https://polymarket.com/event/what-price-will-wti-hit-in-september-2026/will-wti-dip-to-85-in-september-2026,,Will WTI Crude Oil (WTI) hit (LOW) $85 in September?,↓ $85,907966,What will WTI Crude Oil (WTI) hit in September 2026?,what-price-will-wti-hit-in-september-2026,What will WTI Crude Oil (WTI) hit in September 2026?,,[],open,binary,0.23,0.24,0.27,0.235,0.765,0.235,0.01,75498.502698,21446.993127,,31687.2991,2026-09-01T16:44:55Z,2026-10-01T03:59:59.999Z,2026-10-01T03:59:59.999Z,,,,,,,,,2026-09-10T16:38:51+00:00,-14,"[""Yes"", ""No""]","[0.235, 0.765]",113490599713343239474742133261226316445685307560192467398065406223877237611912
kalshi,KXUCLTOTAL-26SEP10BMUBOG-4,https://kalshi.com/markets/kxucltotal/champions-league-total-goals,https://kalshi.com/markets/kxucltotal/champions-league-total-goals/kxucltotal-26sep10bmubog,Will over 3.5 goals be scored?,Over 3.5 goals scored,KXUCLTOTAL-26SEP10BMUBOG,Bayern Munich vs Bodoe/Glimt: Total Goals,KXUCLTOTAL,Champions League Total Goals,Sports,"[""Soccer""]",open,binary,0.74,0.75,0.75,0.745,0.255,0.745,0.01,21551.2,21411.65,19026.03,0,2026-09-07T19:07:00Z,2026-09-13T01:00:00Z,2026-09-13T01:00:00Z,,,,greater,3.5,,,True,2026-09-10T16:39:12+00:00,,,,
kalshi,KXITFMATCH-26SEP09SCHWEN-SCH,https://kalshi.com/markets/kxitfmatch/itf-men-s-match,https://kalshi.com/markets/kxitfmatch/itf-men-s-match/kxitfmatch-26sep09schwen,Gabriel Schenekenberg wins,Gabriel Schenekenberg,KXITFMATCH-26SEP09SCHWEN,Schenekenberg vs Wendler Filho,KXITFMATCH,ITF Men's Match,Sports,"[""Tennis""]",open,binary,0.87,0.9,0.9,0.885,0.115,0.885,0.03,26158.07,21401.74,10026.25,0,2026-09-08T22:12:00Z,2026-09-23T14:00:00Z,2026-09-23T14:00:00Z,,,,structured,,,,True,2026-09-10T16:39:05+00:00,,,,
kalshi,KXDPWORLDTOURR1LEAD-AMIO26-BWIE,https://kalshi.com/markets/kxdpworldtourr1lead/dp-world-tour-r1-leader,https://kalshi.com/markets/kxdpworldtourr1lead/dp-world-tour-r1-leader/kxdpworldtourr1lead-amio26,Bernd Wiesberger leads at the end of Round 1,Bernd Wiesberger,KXDPWORLDTOURR1LEAD-AMIO26,Amgen Irish Open End of Round 1 Leader,KXDPWORLDTOURR1LEAD,DP World Tour R1 Leader,Sports,"[""Golf""]",open,binary,0,0.001,0.01,0.0005,0.9995,0.0005,0.001,29798.08,21383.53,29795.22,0,2026-09-07T00:10:00Z,2026-09-27T00:00:00Z,2026-09-27T00:00:00Z,,,,structured,,,,True,2026-09-10T16:39:15+00:00,,,,
polymarket,0x85b7eb83d58ead0dd40178d172da5f2cbe109182f7d0f7f270331921cc4424aa,https://polymarket.com/event/mlb-tex-sea-2026-09-10/mlb-tex-sea-2026-09-10-total-6pt5,,Texas Rangers vs. Seattle Mariners: O/U 6.5,O/U 6.5,964211,Texas Rangers vs. Seattle Mariners,mlb-tex-sea-2026-09-10,Texas Rangers vs. Seattle Mariners,,[],open,binary,0.52,0.53,0.51,0.525,0.475,0.525,0.01,21377.62761,21377.62761,,97122.012,2026-09-09T18:28:52Z,2026-09-10T20:10:00Z,2026-09-10T20:10:00Z,,,,,,,,,2026-09-10T16:38:51+00:00,,"[""Over"", ""Under""]","[0.525, 0.475]",30957220488914387174027082389476111954896186244535455825263124928735366040495
polymarket,0x6c8bc8cd9b2d64358ad995ccee8e998cf0f81a89c4be0b8e51eadf09c6be60ba,https://polymarket.com/event/what-price-will-bitcoin-hit-before-2027/will-bitcoin-dip-to-60k-by-december-31-2026-from-july-21,,"Will Bitcoin dip to $60,000 by December 31, 2026?","↓ 60,000",89502,What price will Bitcoin hit in 2026?,what-price-will-bitcoin-hit-before-2027,What price will Bitcoin hit in 2026?,,[],open,binary,0.27,0.29,0.29,0.28,0.72,0.28,0.02,681365.4570599999,21361.360114,,73191.6922,2026-07-21T06:43:09.912Z,2027-01-01T05:00:00Z,2027-01-01T05:00:00Z,,,,,,,,,2026-09-10T16:38:51+00:00,2.5,"[""Yes"", ""No""]","[0.28, 0.72]",104279604547231872129402198190232956636095665469278761891693384128061158683041
kalshi,KXAAAGASW-26SEP14-4.2400,https://kalshi.com/markets/kxaaagasw/us-gas-price-up,https://kalshi.com/markets/kxaaagasw/us-gas-price-up/kxaaagasw-26sep14,Will average **gas prices** be above $4.2400?,Above 4.2400,KXAAAGASW-26SEP14,US gas prices this week,KXAAAGASW,US gas price up,Economics,"[""Econ Weekly"", ""Oil and energy""]",open,binary,0.99,1,0.99,0.995,0.005,0.995,0.01,24389.67,21305.13,20768.39,0,2026-09-07T14:00:00Z,2026-09-14T03:59:00Z,2026-09-21T14:00:00Z,,,,greater,4.24,,,True,2026-09-10T16:39:13+00:00,,,,
kalshi,KXNFLFIRSTTD-26SEP10SFLAR-LARKWILLIAMS23,https://kalshi.com/markets/kxnflfirsttd/pro-football-first-touchdown,https://kalshi.com/markets/kxnflfirsttd/pro-football-first-touchdown/kxnflfirsttd-26sep10sflar,Kyren Williams: 1st Touchdown,Kyren Williams,KXNFLFIRSTTD-26SEP10SFLAR,San Francisco vs Los Angeles R: First Touchdown,KXNFLFIRSTTD,Pro Football First Touchdown,Sports,"[""Football""]",open,binary,0.13,0.14,0.14,0.135,0.865,0.135,0.01,26962.95,21295.2,23290.43,0,2026-09-02T21:39:00Z,2026-09-13T00:35:00Z,2026-09-13T00:35:00Z,,,,structured,,,,True,2026-09-10T16:39:26+00:00,,,,
kalshi,KXHEISMAN-27-RBEC,https://kalshi.com/markets/kxheisman/heisman-trophy-winner,https://kalshi.com/markets/kxheisman/heisman-trophy-winner/kxheisman-27,Who will win Heisman Trophy?,Rocco Becht,KXHEISMAN-27,Heisman Trophy Winner,KXHEISMAN,Heisman Trophy Winner,Sports,"[""Football""]",open,binary,0,0.01,0.01,0.005,0.995,0.005,0.01,202741.92,21262.49,182182.28,0,2026-03-31T16:00:00Z,2027-01-01T15:00:00Z,2027-01-15T15:00:00Z,,,,custom,,,,True,2026-09-10T16:40:20+00:00,,,,
kalshi,KXHORMUZNORM-26MAR17-B261101,https://kalshi.com/markets/kxhormuznorm/when-will-traffic-at-the-strait-of-hormuz-return-to-normal,https://kalshi.com/markets/kxhormuznorm/when-will-traffic-at-the-strait-of-hormuz-return-to-normal/kxhormuznorm-26mar17,"Will the 7-day moving average of transit calls through the Strait of Hormuz as reported by the IMF PortWatch be above 60 before November 1, 2026?","Before Nov 1, 2026",KXHORMUZNORM-26MAR17,When will traffic at the Strait of Hormuz return to normal?,KXHORMUZNORM,When will traffic at the Strait of Hormuz return to normal?,Politics,"[""International""]",open,binary,0.04,0.06,0.04,0.05,0.95,0.05,0.02,944885.63,21230.66,409363.49,0,2026-06-08T21:00:00Z,2026-11-01T14:59:00Z,2027-01-30T15:00:00Z,,,,custom,,,,True,2026-09-10T16:40:06+00:00,,,,
kalshi,KXATPMATCH-26SEP11ZVEKHA-ZVE,https://kalshi.com/markets/kxatpmatch/atp-tennis-match,https://kalshi.com/markets/kxatpmatch/atp-tennis-match/kxatpmatch-26sep11zvekha,Alexander Zverev wins,Alexander Zverev,KXATPMATCH-26SEP11ZVEKHA,Zverev vs Khachanov,KXATPMATCH,ATP Tennis Match,Sports,"[""Tennis""]",open,binary,0.81,0.82,0.82,0.815,0.185,0.815,0.01,21385.38,21180.94,21037.61,0,2026-09-10T02:35:00Z,2026-09-25T19:00:00Z,2026-09-25T19:00:00Z,,,,structured,,,,True,2026-09-10T16:38:52+00:00,,,,
polymarket,0xed92891d4f9c47e0ae0e452512184e75e9416a1c005c404a5b24474339a3852c,https://polymarket.com/event/what-price-will-ethereum-hit-in-september-2026/will-ethereum-dip-to-1600-in-september-2026,,"Will Ethereum dip to $1,600 in September?","↓ 1,600",946005,What price will Ethereum hit in September?,what-price-will-ethereum-hit-in-september-2026,What price will Ethereum hit in September?,,[],open,binary,0.013,0.021,0.014,0.017,0.983,0.017,0.008,59975.72357700001,21136.90359,,68472.33079,2026-09-01T05:07:25Z,2026-10-01T04:00:00Z,2026-10-01T04:00:00Z,,,,,,,,,2026-09-10T16:38:51+00:00,-0.55,"[""Yes"", ""No""]","[0.017, 0.983]",18078918301984933993477085896058973714668517990224186756091242837188185394812
polymarket,0x484252a68d9367df54f641765866693f16ac7a07d65d417bdbedc1c821d408f6,https://polymarket.com/event/ballon-dor-winner-2026/will-fabian-ruiz-win-the-2026-ballon-dor,,Will Fabian Ruiz win the 2026 Ballon d'Or?,Fabian Ruiz,48361,Ballon d'Or Winner 2026,ballon-dor-winner-2026,Ballon d'Or Winner 2026,,[],open,binary,0.007,0.009,0.01,0.008,0.992,0.008,0.002,1170191.6804880002,21103.490092,,155258.42497,2025-09-22T23:39:40.241Z,2026-10-31T00:00:00Z,2026-10-31T00:00:00Z,,,,,,,,,2026-09-10T16:38:51+00:00,,"[""Yes"", ""No""]","[0.008, 0.992]",108195640564166028303797840625325548216682391635068759939973120172828369844863
polymarket,0x36fd215387f80bb2ff1c059436f52394a5accababc77dea98d4ba3b6770c884e,https://polymarket.com/event/us-x-iran-effective-ceasefire-begins-byptptpt-2-week-pause/us-x-iran-effective-ceasefire-by-september-11,,US x Iran Effective Ceasefire by September 11?,September 11,950983,US x Iran Effective Ceasefire begins by...? (2 week pause),us-x-iran-effective-ceasefire-begins-byptptpt-2-week-pause,US x Iran Effective Ceasefire begins by...? (2 week pause),,[],open,binary,0.66,0.67,0.65,0.665,0.335,0.665,0.01,87189.50137800004,21021.947258,,48444.9224,2026-09-02T00:24:22Z,2026-09-11T23:59:00Z,2026-09-11T23:59:00Z,,,,,,,,,2026-09-10T16:38:51+00:00,6.5,"[""Yes"", ""No""]","[0.665, 0.335]",105964405201093262772405016621866393230668268590147803590929677280620246045766
kalshi,KXDSENATESEATS-27-50,https://kalshi.com/markets/kxdsenateseats/democratic-senate-seats,https://kalshi.com/markets/kxdsenateseats/democratic-senate-seats/kxdsenateseats-27,Will the Democratic Party hold 50 seats in the 120th Congress?,50,KXDSENATESEATS-27,How many Senate seats will Democrats hold after the Midterms?,KXDSENATESEATS,Democratic Senate seats,Elections,"[""Senate"", ""Senate Combos"", ""Election Combos""]",open,binary,0.15,0.16,0.15,0.155,0.845,0.155,0.01,146457.42,20993.33,120625.53,0,2025-12-20T16:00:00Z,2027-02-01T15:00:00Z,2027-02-01T15:00:00Z,,,,custom,50,50,,True,2026-09-10T16:40:27+00:00,,,,
kalshi,KXNFLAFCSOUTH-27-JAC,https://kalshi.com/markets/kxnflafcsouth/american-football-conference-south-winner,https://kalshi.com/markets/kxnflafcsouth/american-football-conference-south-winner/kxnflafcsouth-27,Will Jacksonville win the Pro Football AFC South Division?,Jacksonville,KXNFLAFCSOUTH-27,AFC South Division Winner,KXNFLAFCSOUTH,American Football Conference South Winner,Sports,"[""Football""]",open,binary,0.28,0.29,0.29,0.285,0.715,0.285,0.01,81230.09,20974.92,77465.17,0,2026-02-10T15:00:00Z,2027-01-25T15:00:00Z,2027-01-25T15:00:00Z,,,,structured,,,,True,2026-09-10T16:40:23+00:00,,,,
polymarket,0xc379c4b420b00afd99e427ccc93da241459fd858d79d61190ad091ae114185b7,https://polymarket.com/event/rhode-island-governor-republican-primary-winner/will-elaine-pelino-win-the-2026-rhode-island-governor-republican-primary-election,,Will Elaine Pelino win the 2026 Rhode Island Governor Republican primary election?,Elaine Pelino,101762,Rhode Island Governor Republican Primary Winner,rhode-island-governor-republican-primary-winner,Rhode Island Governor Republican Primary Winner,,[],open,binary,0.001,0.003,0.002,0.002,0.998,0.002,0.002,66387.80238399998,20966.259894,,31621.63242,2025-12-11T04:44:56.064Z,2026-09-08T00:00:00Z,2026-09-08T00:00:00Z,,,,,,,,,2026-09-10T16:38:51+00:00,-81.8,"[""Yes"", ""No""]","[0.002, 0.998]",88263278220588156149538007158191194667077179663694218145965687246339882512245
kalshi,KXNFLNFCWEST-27-ARI,https://kalshi.com/markets/kxnflnfcwest/national-football-conference-west-winner,https://kalshi.com/markets/kxnflnfcwest/national-football-conference-west-winner/kxnflnfcwest-27,Will Arizona win the Pro Football NFC West Division?,Arizona,KXNFLNFCWEST-27,NFC West Division Winner,KXNFLNFCWEST,National Football Conference West Winner,Sports,"[""Football""]",open,binary,0,0.01,0.01,0.005,0.995,0.005,0.01,127525.88,20919.58,107479.67,0,2026-02-10T15:00:00Z,2027-01-25T15:00:00Z,2027-01-25T15:00:00Z,,,,structured,,,,True,2026-09-10T16:40:23+00:00,,,,
kalshi,KXNFLMVP-27-TSHO,https://kalshi.com/markets/kxnflmvp/ap-pro-football-regular-season-mvp,https://kalshi.com/markets/kxnflmvp/ap-pro-football-regular-season-mvp/kxnflmvp-27,Will Tyler Shough win the MVP?,Tyler Shough,KXNFLMVP-27,MVP Winner?,KXNFLMVP,AP Pro Football Regular Season MVP,Sports,"[""Football""]",open,binary,0,0.01,0.01,0.005,0.995,0.005,0.01,1815760.72,20845.69,1275896.42,0,2026-02-08T20:30:00Z,2028-02-12T15:00:00Z,2028-02-12T15:00:00Z,,,,structured,,,,True,2026-09-10T16:40:23+00:00,,,,
polymarket,0xd62f4a5a6063a7a562699da464d0478a7dabbf659acc76cc07e767b54c7c78c0,https://polymarket.com/event/what-price-will-ethereum-hit-in-september-2026/will-ethereum-reach-3200-in-september-2026,,"Will Ethereum reach $3,200 in September?","↑ 3,200",946005,What price will Ethereum hit in September?,what-price-will-ethereum-hit-in-september-2026,What price will Ethereum hit in September?,,[],open,binary,0.06,0.073,0.065,0.0665,0.9335,0.0665,0.013,114094.52257999999,20829.579634,,58217.1769,2026-09-01T05:07:23Z,2026-10-01T04:00:00Z,2026-10-01T04:00:00Z,,,,,,,,,2026-09-10T16:38:51+00:00,-1.8,"[""Yes"", ""No""]","[0.0665, 0.9335]",13681717102244275505210716695805250711522144313140257628136491096958696437576
polymarket,0x7fef74a6510131cace536dbf9a1608d70c48bf604c53927b48489ab2b71741d3,https://polymarket.com/event/ucl-fen-rom-2026-09-10-more-markets/ucl-fen-rom-2026-09-10-spread-away-1pt5,,Spread: AS Roma (-1.5),AS Roma (-1.5),931866,Fenerbahçe SK vs. AS Roma - More Markets,ucl-fen-rom-2026-09-10-more-markets,Fenerbahçe SK vs. AS Roma - More Markets,,[],open,binary,0.27,0.28,0.28,0.275,0.725,0.275,0.01,21857.437085,20827.95117,,126175.8951,2026-08-29T18:16:09Z,2026-09-10T16:45:00Z,2026-09-10T16:45:00Z,,,,,,,,,2026-09-10T16:38:51+00:00,4,"[""AS Roma"", ""Fenerbah\u00e7e SK""]","[0.275, 0.725]",88892656087155385464649187146096479897649499300708156286745032044846726715391
polymarket,0x1f403ffb53e114cbc81c5f07a0f3971886c67b67af7c260f0117d3f63ba54af4,https://polymarket.com/event/largest-company-end-of-december-2026/will-tesla-be-the-largest-company-in-the-world-by-market-cap-on-december-31-139,,Will Tesla be the largest company in the world by market cap on December 31?,Tesla,79041,Largest Company end of December 2026?,largest-company-end-of-december-2026,Largest Company end of December 2026?,,[],open,binary,0.001,0.002,0.001,0.0015,0.9985,0.0015,0.001,893063.015857,20818.271,,267534.85362,2025-11-12T21:16:59.045806Z,2026-12-31T00:00:00Z,2026-12-31T00:00:00Z,,,,,,,,,2026-09-10T16:38:51+00:00,,"[""Yes"", ""No""]","[0.0015, 0.9985]",50967548204329017987830198881678379324925229642745345006556239550086450305683
kalshi,KXDPWORLDTOURR1LEAD-AMIO26-MELV,https://kalshi.com/markets/kxdpworldtourr1lead/dp-world-tour-r1-leader,https://kalshi.com/markets/kxdpworldtourr1lead/dp-world-tour-r1-leader/kxdpworldtourr1lead-amio26,Manuel Elvira leads at the end of Round 1,Manuel Elvira,KXDPWORLDTOURR1LEAD-AMIO26,Amgen Irish Open End of Round 1 Leader,KXDPWORLDTOURR1LEAD,DP World Tour R1 Leader,Sports,"[""Golf""]",open,binary,0,0.002,0.001,0.001,0.999,0.001,0.002,20795.64,20795.64,20300.86,0,2026-09-07T00:10:00Z,2026-09-27T00:00:00Z,2026-09-27T00:00:00Z,,,,structured,,,,True,2026-09-10T16:39:15+00:00,,,,
polymarket,0x37857363f2caaefa0c85de10543044fa6b6f1b6dc68d5f14db103da9ed57e943,https://polymarket.com/event/ucl-mnu-sf-2026-09-10-more-markets/ucl-mnu-sf-2026-09-10-btts,,Manchester United FC vs. Sabah FK: Both Teams to Score,Both Teams to Score,931861,Manchester United FC vs. Sabah FK - More Markets,ucl-mnu-sf-2026-09-10-more-markets,Manchester United FC vs. Sabah FK - More Markets,,[],open,binary,0.45,0.46,0.46,0.455,0.545,0.455,0.01,21237.939937000003,20778.669741,,62443.3468,2026-08-29T18:15:31Z,2026-09-10T19:00:00Z,2026-09-10T19:00:00Z,,,,,,,,,2026-09-10T16:38:51+00:00,-1.5,"[""Yes"", ""No""]","[0.455, 0.545]",89333661281386336910042981374192854176417920603199900635317759700573555797788
polymarket,0xc771628162ee0100dc74e1c71c14ed067c3cc0f90e85e9f2c1038a33967c52a5,https://polymarket.com/event/pro-football-2027-champion-20260729185915366/will-the-las-vegas-raiders-win-the-2027-nfl-league-championship,,Will the Las Vegas Raiders win the 2027 NFL league championship?,Las Vegas Raiders,202857,Pro Football: 2027 Champion,pro-football-2027-champion-20260729185915366,Pro Football: 2027 Champion,,[],open,binary,0.003,0.004,0.004,0.0035,0.9965,0.0035,0.001,1516706.9486470006,20769.23,,193439.2581,2026-02-09T00:43:26.218Z,2027-03-31T23:55:00Z,2027-03-31T23:55:00Z,,,,,,,,,2026-09-10T16:38:51+00:00,,"[""Yes"", ""No""]","[0.0035, 0.9965]",59226162751411958698158426899722532714096625688096542121038780675009172335910
kalshi,KXDPWORLDTOURMAKECUT-AMIO26-RCAB,https://kalshi.com/markets/kxdpworldtourmakecut/dp-world-tour-to-make-cut,https://kalshi.com/markets/kxdpworldtourmakecut/dp-world-tour-to-make-cut/kxdpworldtourmakecut-amio26,Rafa Cabrera Bello makes the cut,Rafa Cabrera Bello,KXDPWORLDTOURMAKECUT-AMIO26,Amgen Irish Open: To Make the Cut,KXDPWORLDTOURMAKECUT,DP World Tour To Make Cut,Sports,"[""Golf""]",open,binary,0,0.99,0.48,0.495,0.505,0.495,0.99,20750.07,20750.07,20750.07,0,2026-09-07T20:10:00Z,2026-10-11T00:00:00Z,2026-10-11T00:00:00Z,,,,structured,,,,True,2026-09-10T16:39:12+00:00,,,,
polymarket,0x13c7c15ca5351726f20a2a5db2987bdd9855ecc5a06a8a7d5eb15725b73965ab,https://polymarket.com/event/mlb-col-nyy-2026-09-10/mlb-col-nyy-2026-09-10,,Colorado Rockies vs. New York Yankees,,964212,Colorado Rockies vs. New York Yankees,mlb-col-nyy-2026-09-10,Colorado Rockies vs. New York Yankees,,[],open,binary,0.27,0.28,0.28,0.275,0.725,0.275,0.01,21196.039116,20723.265313000004,,338533.1913,2026-09-04T13:00:40Z,2026-09-17T23:05:00Z,2026-09-17T23:05:00Z,,,,,,,,,2026-09-10T16:38:51+00:00,-2,"[""Colorado Rockies"", ""New York Yankees""]","[0.275, 0.725]",2716714046243857716675391249001333793632778709774507210309950371221409161731
kalshi,KXMLBTOTAL-26SEP101215TBATL-13,https://kalshi.com/markets/kxmlbtotal/pro-baseball-total-points,https://kalshi.com/markets/kxmlbtotal/pro-baseball-total-points/kxmlbtotal-26sep101215tbatl,Over 12.5 runs scored,Over 12.5 runs scored,KXMLBTOTAL-26SEP101215TBATL,Tampa Bay vs Atlanta: Total Runs,KXMLBTOTAL,Pro Baseball Total Points,Sports,"[""Baseball""]",open,binary,0.07,0.08,0.08,0.075,0.925,0.075,0.01,21306.55,20703.87,19943.01,0,2026-09-09T17:51:00Z,2026-09-13T16:15:00Z,2026-09-13T16:15:00Z,,,,greater,12.5,,,True,2026-09-10T16:38:56+00:00,,,,
polymarket,0x100790c79f8b323be500cb6f0a993dd1d8184a4fae419b8ee260d810e5d4421b,https://polymarket.com/event/epl-che-hul-2026-09-12-more-markets/epl-che-hul-2026-09-12-total-3pt5,,Chelsea FC vs. Hull City AFC: O/U 3.5,O/U 3.5,934638,Chelsea FC vs. Hull City AFC - More Markets,epl-che-hul-2026-09-12-more-markets,Chelsea FC vs. Hull City AFC - More Markets,,[],open,binary,0.45,0.46,0.46,0.455,0.545,0.455,0.01,21442.313624000002,20635.394307,,50346.7685,2026-08-30T05:02:15Z,2026-09-12T14:00:00Z,2026-09-12T14:00:00Z,,,,,,,,,2026-09-10T16:38:51+00:00,-1,"[""Over"", ""Under""]","[0.455, 0.545]",1631928335891158593973301040242233640557039288749192574675533182346256017963
polymarket,0xda7529b0c94d63cce1ee4492612ab21a2fd1a91f89d3765b1d1f39826157644c,https://polymarket.com/event/uefa-champions-league-2027-champion-20260701202025549/will-napoli-win-the-2026-27-uefa-champions-league-championship-20260701202025557,,Will Napoli win the 2026-27 UEFA Champions League Championship?,Napoli,659671,UEFA Champions League: 2027 Champion,uefa-champions-league-2027-champion-20260701202025549,UEFA Champions League: 2027 Champion,,[],open,binary,0.005,0.006,0.006,0.0055,0.9945,0.0055,0.001,522957.79696699994,20615.309999999998,,111326.54604,2026-07-02T19:03:46.652427Z,2027-05-30T23:59:00Z,2027-05-30T23:59:00Z,,,,,,,,,2026-09-10T16:38:51+00:00,-0.1,"[""Yes"", ""No""]","[0.0055, 0.9945]",93045961894175676546838541868635025573328846663951470971342071027086180788730
polymarket,0x7b91997c6c8ca00643ab322f63af50acf1a0e9b86be130b67e5a19005215e252,https://polymarket.com/event/which-party-will-gain-most-seats-in-russian-parliamentary-election/will-the-communist-party-of-the-russian-federation-kprf-gain-the-most-seats-in-the-next-russian-parliamentary-election,,Will the Communist Party of the Russian Federation (KPRF) gain the most seats in the next Russian parliamentary election?,Communist Party of the Russian Federation (KPRF),149589,Which party will gain most seats in Russian Parliamentary Election?,which-party-will-gain-most-seats-in-russian-parliamentary-election,Which party will gain most seats in Russian Parliamentary Election?,,[],open,binary,0.01,0.012,0.013,0.011,0.989,0.011,0.002,1855464.347522,20552.414784999997,,255967.33547,2026-01-07T21:34:51.774902Z,2026-09-30T00:00:00Z,2026-09-30T00:00:00Z,,,,,,,,,2026-09-10T16:38:51+00:00,-0.05,"[""Yes"", ""No""]","[0.011, 0.989]",19112618633625535565556320701646114565922983454471380023487135794003446877114
kalshi,CONTROLS-2026-R,https://kalshi.com/markets/controls/senate-winner,https://kalshi.com/markets/controls/senate-winner/controls-2026,Will Republicans win the U.S. Senate in 2026?,Republican Party,CONTROLS-2026,Which party will win the U.S. Senate?,CONTROLS,Senate winner,Elections,"[""US Elections""]",open,binary,0.52,0.53,0.53,0.525,0.475,0.525,0.01,4610286.13,20514.41,2616794.67,0,2024-11-06T15:00:00Z,2027-02-01T15:00:00Z,2027-02-01T15:00:00Z,,,,structured,,,,True,2026-09-10T16:40:30+00:00,,,,
kalshi,KXDPWORLDTOUR-AMIO26-SMAZ,https://kalshi.com/markets/kxdpworldtour/dp-world-tour-tournament-winner,https://kalshi.com/markets/kxdpworldtour/dp-world-tour-tournament-winner/kxdpworldtour-amio26,Will Stefano Mazzoli win the Amgen Irish Open?,Stefano Mazzoli,KXDPWORLDTOUR-AMIO26,Amgen Irish Open Winner,KXDPWORLDTOUR,DP World Tour Tournament Winner,Sports,"[""Golf""]",open,binary,0,0.001,0.001,0.0005,0.9995,0.0005,0.001,22061.55,20509.97,22061.55,0,2026-09-05T16:05:00Z,2026-09-27T00:00:00Z,2026-09-27T00:00:00Z,,,,structured,,,,True,2026-09-10T16:39:19+00:00,,,,
kalshi,KXNFLAFCWEST-27-DEN,https://kalshi.com/markets/kxnflafcwest/american-football-conference-west-winner,https://kalshi.com/markets/kxnflafcwest/american-football-conference-west-winner/kxnflafcwest-27,Will Denver win the Pro Football AFC West Division?,Denver,KXNFLAFCWEST-27,AFC West Division Winner,KXNFLAFCWEST,American Football Conference West Winner,Sports,"[""Football""]",open,binary,0.34,0.35,0.35,0.345,0.655,0.345,0.01,137979.65,20471.77,127176.04,0,2026-02-10T15:00:00Z,2027-01-25T15:00:00Z,2027-01-25T15:00:00Z,,,,structured,,,,True,2026-09-10T16:40:23+00:00,,,,
polymarket,0xaf8816b7edf779f8f1d5e6882adc8824ba1f418544bec7b697a92e4f2372357d,https://polymarket.com/event/what-price-will-ethereum-hit-before-2027/will-ethereum-reach-3000-by-december-31-2026-from-june-8,,"Will Ethereum reach $3,000 by December 31, 2026?","↑ 3,000",89519,What price will Ethereum hit in 2026?,what-price-will-ethereum-hit-before-2027,What price will Ethereum hit in 2026?,,[],open,binary,0.46,0.47,0.46,0.465,0.535,0.465,0.01,115862.94390900001,20449.98,,29040.2495,2026-06-08T05:02:40.363755Z,2027-01-01T05:00:00Z,2027-01-01T05:00:00Z,,,,,,,,,2026-09-10T16:38:51+00:00,-2.5,"[""Yes"", ""No""]","[0.465, 0.535]",17572937743553622007574854767800179053257989607150990127742127678112949966531
kalshi,KXMLBKS-26SEP101610TEXSEA-SEALGILBERT36-7,https://kalshi.com/markets/kxmlbks/pro-baseball-strikeouts,https://kalshi.com/markets/kxmlbks/pro-baseball-strikeouts/kxmlbks-26sep101610texsea,Logan Gilbert: 7+ strikeouts?,Logan Gilbert: 7+,KXMLBKS-26SEP101610TEXSEA,Texas vs Seattle: Strikeouts,KXMLBKS,Pro Baseball Strikeouts,Sports,"[""Baseball""]",open,binary,0.56,0.57,0.57,0.565,0.435,0.565,0.01,20446.18,20446.18,19881.57,0,2026-09-10T01:25:00Z,2026-09-13T20:10:00Z,2026-09-13T20:10:00Z,,,,greater,6.5,,,True,2026-09-10T16:38:52+00:00,,,,
polymarket,0x48cede8a04d35c21de938dae2ce02c321b22d16ec42de692413f9128a4c59523,https://polymarket.com/event/highest-temperature-in-toronto-on-september-10-2026/highest-temperature-in-toronto-on-september-10-2026-24c,,Will the highest temperature in Toronto be 24°C on September 10?,24°C,988178,Highest temperature in Toronto on September 10?,highest-temperature-in-toronto-on-september-10-2026,Highest temperature in Toronto on September 10?,,[],open,binary,,0.001,0.001,0.0005,0.9995,0.0005,0.001,24219.137674,20402.219383,,4054.85456,2026-09-08T12:56:16Z,2026-09-10T12:00:00Z,2026-09-10T12:00:00Z,,,,,,,,,2026-09-10T16:38:51+00:00,-53.95,"[""Yes"", ""No""]","[0.0005, 0.9995]",68508682492563555825625898085815180597888413729440891929937035445413652146611
kalshi,KXLLM1-26DEC31-BAID,https://kalshi.com/markets/kxllm1/year-end-top-llm,https://kalshi.com/markets/kxllm1/year-end-top-llm/kxllm1-26dec31,"Best AI on Dec 31, 2026?",Ernie,KXLLM1-26DEC31,Best AI at the end of 2026?,KXLLM1,Year-end top LLM,Science and Technology,"[""AI""]",open,binary,0.001,0.002,0.002,0.0015,0.9985,0.0015,0.001,648507.63,20395.58,491777.6,0,2026-01-01T15:00:00Z,2026-12-31T15:00:00Z,2027-01-31T15:00:00Z,,,,custom,,,,True,2026-09-10T16:40:26+00:00,,,,
kalshi,KXWTI-26SEP1014-T95.99,https://kalshi.com/markets/kxwti/wti-oil-on-day,https://kalshi.com/markets/kxwti/wti-oil-on-day/kxwti-26sep1014,"Will the WTI crude oil settlement price be above 95.99 USD/Bbl on Sep 10, 2026?",Above $95.99,KXWTI-26SEP1014,"Oil Price (WTI) on Sep 10, 2026?",KXWTI,WTI oil on day,Commodities,"[""Oil & Gas""]",open,binary,0.99,1,0.99,0.995,0.005,0.995,0.01,21596.09,20392.97,9167.41,0,2026-09-08T23:30:00Z,2026-09-10T18:30:00Z,2026-09-17T19:30:00Z,,,,greater,95.99,,,True,2026-09-10T16:39:05+00:00,,,,
kalshi,KXNASDAQ100U-26SEP10H1600-T29209.99,https://kalshi.com/markets/kxnasdaq100u/nasdaq-above-below,https://kalshi.com/markets/kxnasdaq100u/nasdaq-above-below/kxnasdaq100u-26sep10h1600,"Will the Nasdaq-100 be above 29209.99 at the end of Sep 10, 2026 at 4pm EDT?","29,210 or above",KXNASDAQ100U-26SEP10H1600,"Nasdaq-100 price on Sep 10, 2026 at 4pm EDT?",KXNASDAQ100U,Nasdaq above/below,Financials,"[""Indices""]",open,binary,0.07,0.56,0.35,0.315,0.685,0.315,0.49,20392.83,20392.83,20061.66,0,2026-09-09T20:00:00Z,2026-09-10T20:00:00Z,2026-09-17T23:00:00Z,,,,greater_or_equal,29210,,,True,2026-09-10T16:39:02+00:00,,,,
polymarket,0x9cfa888e1d3fc507da8df1a381b9ca121f3542a9fe709e8e9d7eac41fbd45f13,https://polymarket.com/event/uefa-champions-league-2027-champion-20260701202025549/will-fenerbahe-win-the-2026-27-uefa-champions-league-championship,,Will Fenerbahçe win the 2026-27 UEFA Champions League Championship?,Fenerbahçe,659671,UEFA Champions League: 2027 Champion,uefa-champions-league-2027-champion-20260701202025549,UEFA Champions League: 2027 Champion,,[],open,binary,0.002,0.003,0.003,0.0025,0.9975,0.0025,0.001,309877.38199799997,20378.92,,303107.89479,2026-07-02T19:05:23.424Z,2027-05-30T23:59:00Z,2027-05-30T23:59:00Z,,,,,,,,,2026-09-10T16:38:51+00:00,,"[""Yes"", ""No""]","[0.0025, 0.9975]",105987988627088062917900078472998990392914885926056840667798015309483025020431
polymarket,0x6b1f39934601180abc56e9284c0d60a26f949992eaca06e8f77e013eda9c6257,https://polymarket.com/event/highest-temperature-in-lucknow-on-september-10-2026/highest-temperature-in-lucknow-on-september-10-2026-33c,,Will the highest temperature in Lucknow be 33°C on September 10?,33°C,986712,Highest temperature in Lucknow on September 10?,highest-temperature-in-lucknow-on-september-10-2026,Highest temperature in Lucknow on September 10?,,[],open,binary,,0.001,0.002,0.0005,0.9995,0.0005,0.001,21003.071042000003,20353.726968,,9473.75901,2026-09-08T04:56:52Z,2026-09-10T12:00:00Z,2026-09-10T12:00:00Z,,,,,,,,,2026-09-10T16:38:51+00:00,-42.95,"[""Yes"", ""No""]","[0.0005, 0.9995]",2677933168957399745357726855235048932197624664904860809837002901300061266924
polymarket,0xc3fb6eaf207d0ea8e5875270cebe8242bac8faa35c320f3d022d48ef4e217392,https://polymarket.com/event/what-price-will-bitcoin-hit-in-september-2026/will-bitcoin-reach-80k-in-september-2026-from-september-7,,"Will Bitcoin reach $80,000 in September?","↑ 80,000",946004,What price will Bitcoin hit in September?,what-price-will-bitcoin-hit-in-september-2026,What price will Bitcoin hit in September?,,[],open,binary,0.64,0.65,0.69,0.645,0.355,0.645,0.01,85559.262128,20332.19747,,56952.3886,2026-09-07T16:17:10Z,2026-10-01T04:00:00Z,2026-10-01T04:00:00Z,,,,,,,,,2026-09-10T16:38:51+00:00,-21.5,"[""Yes"", ""No""]","[0.645, 0.355]",46364303237419899608627414541711384020089010893184759854132936983484917089017
polymarket,0xcfc6e088b78e695e831e094f7aa1197c16b2436e5984b12fb9286361804b8e1b,https://polymarket.com/event/next-french-presidential-election/will-raphal-glucksmann-win-the-2027-french-presidential-election,,Will Raphaël Glucksmann win the 2027 French presidential election?,Raphaël Glucksmann,79987,Next French Presidential Election,next-french-presidential-election,Next French Presidential Election,,[],open,binary,0.018,0.019,0.018,0.0185,0.9815,0.0185,0.001,1703576.0408889998,20325.02,,213923.08337,2025-11-13T23:09:42.665048Z,2027-04-30T00:00:00Z,2027-04-30T00:00:00Z,,,,,,,,,2026-09-10T16:38:51+00:00,-0.1,"[""Yes"", ""No""]","[0.0185, 0.9815]",97531408855841405410232789703119036119573635076996943730887685044477538494161
polymarket,0xd9121fe8396b86e4a35fcc812f1ff2699ecf4ccfad909dfba7b269f413d7ee84,https://polymarket.com/event/uefa-champions-league-2027-champion-20260701202025549/will-bayern-munich-win-the-2026-27-uefa-champions-league-championship-20260701202025565,,Will Bayern Munich win the 2026-27 UEFA Champions League Championship?,Bayern Munich,659671,UEFA Champions League: 2027 Champion,uefa-champions-league-2027-champion-20260701202025549,UEFA Champions League: 2027 Champion,,[],open,binary,0.15,0.16,0.16,0.155,0.845,0.155,0.01,413826.395205,20274.468966,,175163.4945,2026-07-02T19:04:37.783789Z,2027-05-30T23:59:00Z,2027-05-30T23:59:00Z,,,,,,,,,2026-09-10T16:38:51+00:00,,"[""Yes"", ""No""]","[0.155, 0.845]",36647682121099890226193521278051923283520182706042810153100000109040570205141
polymarket,0x55a5a4b50b7947482e95af8f638fa0b8d9a46740c5cd04c6799443e83565176a,https://polymarket.com/event/largest-company-end-of-december-2026/will-apple-be-the-largest-company-in-the-world-by-market-cap-on-december-31-291,,Will Apple be the largest company in the world by market cap on December 31?,Apple,79041,Largest Company end of December 2026?,largest-company-end-of-december-2026,Largest Company end of December 2026?,,[],open,binary,0.171,0.18,0.178,0.1755,0.8245,0.1755,0.009,912477.685631,20271.841067,,141327.86256,2025-11-12T21:16:56.928637Z,2026-12-31T00:00:00Z,2026-12-31T00:00:00Z,,,,,,,,,2026-09-10T16:38:51+00:00,4.5,"[""Yes"", ""No""]","[0.1755, 0.8245]",9875273331604434310973374077817381730908757452538191940842519381772366848
kalshi,KXBTCD-26SEP1117-T78999.99,https://kalshi.com/markets/kxbtcd/bitcoin-price-above-below,https://kalshi.com/markets/kxbtcd/bitcoin-price-above-below/kxbtcd-26sep1117,"Bitcoin price on Sep 11, 2026?","$79,000 or above",KXBTCD-26SEP1117,"BTC price on Sep 11, 2026 at 5pm EDT?",KXBTCD,Bitcoin price Above/below,Crypto,"[""Hourly"", ""BTC""]",open,binary,0.14,0.15,0.15,0.145,0.855,0.145,0.01,111441.97,20261.46,36097.55,0,2026-09-04T20:00:00Z,2026-09-11T21:00:00Z,2026-09-18T21:00:00Z,,,,greater,78999.99,,BRTI,True,2026-09-10T16:39:24+00:00,,,,
kalshi,KXTRUEV-26SEP10-T1211.36,https://kalshi.com/markets/kxtruev/truflation-ev,https://kalshi.com/markets/kxtruev/truflation-ev/kxtruev-26sep10,"Will the Truflation EV Commodity Index on Sep 10, 2026 be above 1211.36?",Above 1211.36,KXTRUEV-26SEP10,"EV commodity prices on Sep 10, 2026",KXTRUEV,Truflation EV,Economics,"[""Econ Daily""]",open,binary,0.67,0.92,0.93,0.795,0.205,0.795,0.25,20245,20243,10792,0,2026-09-10T00:10:00Z,2026-09-11T03:59:00Z,2026-09-18T03:59:00Z,,,,greater,1211.36,,,True,2026-09-10T16:38:53+00:00,,,,
kalshi,KXDPWORLDTOURR1LEAD-AMIO26-MSTE,https://kalshi.com/markets/kxdpworldtourr1lead/dp-world-tour-r1-leader,https://kalshi.com/markets/kxdpworldtourr1lead/dp-world-tour-r1-leader/kxdpworldtourr1lead-amio26,Maximilian Steinlechner leads at the end of Round 1,Maximilian Steinlechner,KXDPWORLDTOURR1LEAD-AMIO26,Amgen Irish Open End of Round 1 Leader,KXDPWORLDTOURR1LEAD,DP World Tour R1 Leader,Sports,"[""Golf""]",open,binary,0.02,0.054,0.052,0.037,0.963,0.037,0.034,21867.86,20241.54,21867.86,0,2026-09-07T16:10:00Z,2026-09-27T00:00:00Z,2026-09-27T00:00:00Z,,,,structured,,,,True,2026-09-10T16:39:12+00:00,,,,
polymarket,0x1945a8b23e313ed7423b6b6fd556f9ab5578900376b565a61dc480a5f4f35d21,https://polymarket.com/event/democratic-presidential-nominee-2028/will-person-a-win-the-2028-democratic-presidential-nomination,,Will Hunter Biden win the 2028 Democratic presidential nomination?,Hunter Biden,30829,Democratic Presidential Nominee 2028,democratic-presidential-nominee-2028,Democratic Presidential Nominee 2028,,[],open,binary,0.004,0.006,0.006,0.005,0.995,0.005,0.002,44387072.30248105,20167.32799,,1138943.09336,2025-07-11T18:36:28.342Z,2028-11-07T00:00:00Z,2028-11-07T00:00:00Z,,,,,,,,,2026-09-10T16:38:51+00:00,,"[""Yes"", ""No""]","[0.005, 0.995]",11343337042526652606304508556838778144915122118685013460142819817079620240439
kalshi,KXNFLNFCWEST-27-SEA,https://kalshi.com/markets/kxnflnfcwest/national-football-conference-west-winner,https://kalshi.com/markets/kxnflnfcwest/national-football-conference-west-winner/kxnflnfcwest-27,Will Seattle win the Pro Football NFC West Division?,Seattle,KXNFLNFCWEST-27,NFC West Division Winner,KXNFLNFCWEST,National Football Conference West Winner,Sports,"[""Football""]",open,binary,0.28,0.29,0.29,0.285,0.715,0.285,0.01,89516.75,20146.5,75208.86,0,2026-02-10T15:00:00Z,2027-01-25T15:00:00Z,2027-01-25T15:00:00Z,,,,structured,,,,True,2026-09-10T16:40:23+00:00,,,,
polymarket,0x94388a0810d58676076347e2c078541dfb1f93f9c6e21def8d5a571e264af324,https://polymarket.com/event/mlb-tex-sea-2026-09-10/mlb-tex-sea-2026-09-10,,Texas Rangers vs. Seattle Mariners,,964211,Texas Rangers vs. Seattle Mariners,mlb-tex-sea-2026-09-10,Texas Rangers vs. Seattle Mariners,,[],open,binary,0.45,0.46,0.46,0.455,0.545,0.455,0.01,20183.764021,20119.572204000004,,288644.4823,2026-09-04T13:00:41Z,2026-09-17T20:10:00Z,2026-09-17T20:10:00Z,,,,,,,,,2026-09-10T16:38:51+00:00,,"[""Texas Rangers"", ""Seattle Mariners""]","[0.455, 0.545]",78544727324163345475409013065811699623710078599752385576030335036923637450541
kalshi,KXHIGHLAX-26SEP10-B89.5,https://kalshi.com/markets/kxhighlax/highest-temperature-in-los-angeles,https://kalshi.com/markets/kxhighlax/highest-temperature-in-los-angeles/kxhighlax-26sep10,"Will the maximum temperature be 89-90° on Sep 10, 2026?",89° to 90°,KXHIGHLAX-26SEP10,"Highest temperature in Los Angeles on Sep 10, 2026?",KXHIGHLAX,Highest temperature in Los Angeles,Climate and Weather,"[""Daily temperature""]",open,binary,0.04,0.05,0.07,0.045,0.955,0.045,0.01,20786.41,20099.18,15182.68,0,2026-09-09T14:00:00Z,2026-09-11T08:00:00Z,2026-09-17T14:00:00Z,,,,between,89,90,CLILAX,True,2026-09-10T16:38:58+00:00,,,,
kalshi,KXNASDAQ100U-26SEP10H1600-T29159.99,https://kalshi.com/markets/kxnasdaq100u/nasdaq-above-below,https://kalshi.com/markets/kxnasdaq100u/nasdaq-above-below/kxnasdaq100u-26sep10h1600,"Will the Nasdaq-100 be above 29159.99 at the end of Sep 10, 2026 at 4pm EDT?","29,160 or above",KXNASDAQ100U-26SEP10H1600,"Nasdaq-100 price on Sep 10, 2026 at 4pm EDT?",KXNASDAQ100U,Nasdaq above/below,Financials,"[""Indices""]",open,binary,0.28,0.58,0.51,0.43,0.57,0.43,0.3,20072.39,20064.39,20034.39,0,2026-09-09T20:00:00Z,2026-09-10T20:00:00Z,2026-09-17T23:00:00Z,,,,greater_or_equal,29160,,,True,2026-09-10T16:39:02+00:00,,,,
kalshi,KXMLBTEAMTOTAL-26SEP101215TBATL-TB4,https://kalshi.com/markets/kxmlbteamtotal/pro-baseball-team-total,https://kalshi.com/markets/kxmlbteamtotal/pro-baseball-team-total/kxmlbteamtotal-26sep101215tbatl,Will Tampa Bay score over 3.5 runs?,Tampa Bay over 3.5 runs scored,KXMLBTEAMTOTAL-26SEP101215TBATL,Tampa Bay vs Atlanta: Team Total,KXMLBTEAMTOTAL,Pro Baseball Team Total,Sports,"[""Baseball""]",open,binary,0.41,0.42,0.42,0.415,0.585,0.415,0.01,20714.05,20061.47,18720.02,0,2026-09-09T17:51:00Z,2026-09-13T16:15:00Z,2026-09-13T16:15:00Z,,,,greater,3.5,,,True,2026-09-10T16:38:56+00:00,,,,
kalshi,KXAAAGASW-26SEP14-4.0600,https://kalshi.com/markets/kxaaagasw/us-gas-price-up,https://kalshi.com/markets/kxaaagasw/us-gas-price-up/kxaaagasw-26sep14,Will average **gas prices** be above $4.0600?,Above 4.0600,KXAAAGASW-26SEP14,US gas prices this week,KXAAAGASW,US gas price up,Economics,"[""Econ Weekly"", ""Oil and energy""]",open,binary,0.99,1,0.99,0.995,0.005,0.995,0.01,23578.87,20054,21212,0,2026-09-07T14:00:00Z,2026-09-14T03:59:00Z,2026-09-21T14:00:00Z,,,,greater,4.06,,,True,2026-09-10T16:39:13+00:00,,,,
kalshi,KXNASDAQ100U-26SEP10H1600-T28999.99,https://kalshi.com/markets/kxnasdaq100u/nasdaq-above-below,https://kalshi.com/markets/kxnasdaq100u/nasdaq-above-below/kxnasdaq100u-26sep10h1600,"Will the Nasdaq-100 be above 28999.99 at the end of Sep 10, 2026 at 4pm EDT?","29,000 or above",KXNASDAQ100U-26SEP10H1600,"Nasdaq-100 price on Sep 10, 2026 at 4pm EDT?",KXNASDAQ100U,Nasdaq above/below,Financials,"[""Indices""]",open,binary,0.55,0.99,0.89,0.77,0.23,0.77,0.44,20021.25,20021.25,20015,0,2026-09-09T20:00:00Z,2026-09-10T20:00:00Z,2026-09-17T23:00:00Z,,,,greater_or_equal,29000,,,True,2026-09-10T16:39:02+00:00,,,,
kalshi,KXMLBTOTAL-26SEP101905COLNYY-9,https://kalshi.com/markets/kxmlbtotal/pro-baseball-total-points,https://kalshi.com/markets/kxmlbtotal/pro-baseball-total-points/kxmlbtotal-26sep101905colnyy,Over 8.5 runs scored,Over 8.5 runs scored,KXMLBTOTAL-26SEP101905COLNYY,Colorado vs New York Y: Total Runs,KXMLBTOTAL,Pro Baseball Total Points,Sports,"[""Baseball""]",open,binary,0.49,0.5,0.5,0.495,0.505,0.495,0.01,21015.43,20004.63,17769.88,0,2026-09-09T17:51:00Z,2026-09-13T23:05:00Z,2026-09-13T23:05:00Z,,,,greater,8.5,,,True,2026-09-10T16:38:56+00:00,,,,
kalshi,KXNASDAQ100U-26SEP10H1600-T29409.99,https://kalshi.com/markets/kxnasdaq100u/nasdaq-above-below,https://kalshi.com/markets/kxnasdaq100u/nasdaq-above-below/kxnasdaq100u-26sep10h1600,"Will the Nasdaq-100 be above 29409.99 at the end of Sep 10, 2026 at 4pm EDT?","29,410 or above",KXNASDAQ100U-26SEP10H1600,"Nasdaq-100 price on Sep 10, 2026 at 4pm EDT?",KXNASDAQ100U,Nasdaq above/below,Financials,"[""Indices""]",open,binary,0,0.27,0.06,0.135,0.865,0.135,0.27,20000.25,20000.25,20000,0,2026-09-09T20:00:00Z,2026-09-10T20:00:00Z,2026-09-17T23:00:00Z,,,,greater_or_equal,29410,,,True,2026-09-10T16:39:02+00:00,,,,
polymarket,0x9d519127f67ae57342d95335b4943a274b70517767e97f3c9c0faaff4d2350e6,https://polymarket.com/event/uae1-dub-sah-2026-09-10-more-markets/uae1-dub-sah-2026-09-10-total-1pt5,,Dubai United FC vs. Shabab Al Ahli Dubai: O/U 1.5,O/U 1.5,994449,Dubai United FC vs. Shabab Al Ahli Dubai - More Markets,uae1-dub-sah-2026-09-10-more-markets,Dubai United FC vs. Shabab Al Ahli Dubai - More Markets,,[],open,binary,0.999,1,0.999,0.9995,0.0005,0.9995,0.001,19997.899133,19997.899133000003,,31010.39126,2026-09-09T15:56:43Z,2026-09-10T13:40:00Z,2026-09-10T13:40:00Z,,,,,,,,,2026-09-10T16:38:51+00:00,13.45,"[""Over"", ""Under""]","[0.9995, 0.0005]",74302827887046250659492118847857469389382776037109200036102573786794799018352
kalshi,KXUCLGOAL-26SEP10FENROM-ROMDMALEN14-1,https://kalshi.com/markets/kxuclgoal/ucl-goalscorer,https://kalshi.com/markets/kxuclgoal/ucl-goalscorer/kxuclgoal-26sep10fenrom,Donyell Malen: 1+ goals,Donyell Malen: 1+,KXUCLGOAL-26SEP10FENROM,Fenerbahce vs Roma: Goalscorer,KXUCLGOAL,UCL Goalscorer,Sports,"[""Soccer""]",open,binary,0.46,0.49,0.49,0.475,0.525,0.475,0.03,26024.88,19980.22,25731.58,0,2026-09-10T15:55:00Z,2026-09-12T22:45:00Z,2026-09-12T22:45:00Z,,,,greater,0.5,,,True,2026-09-10T16:38:51+00:00,,,,
kalshi,KXNFLGAME-26SEP13BALIND-BAL,https://kalshi.com/markets/kxnflgame/professional-football-game,https://kalshi.com/markets/kxnflgame/professional-football-game/kxnflgame-26sep13balind,Baltimore vs Indianapolis Pro Football game: Baltimore wins?,Baltimore,KXNFLGAME-26SEP13BALIND,Baltimore vs Indianapolis,KXNFLGAME,Professional Football Game,Sports,"[""Football""]",open,binary,0.6,0.61,0.61,0.605,0.395,0.605,0.01,102809.39,19978.72,84238.23,0,2026-05-15T17:04:00Z,2026-09-15T17:00:00Z,2026-09-15T17:00:00Z,,,,structured,,,,True,2026-09-10T16:40:09+00:00,,,,
kalshi,KXSB-27-CAR,https://kalshi.com/markets/kxsb/super-bowl,https://kalshi.com/markets/kxsb/super-bowl/kxsb-27,Will Carolina win the 2027 Pro Football Championship?,Carolina,KXSB-27,2027 Pro Football Champion,KXSB,Super Bowl,Sports,"[""Football""]",open,binary,0,0.01,0.01,0.005,0.995,0.005,0.01,1811788.05,19968.18,1811215.05,0,2026-02-08T20:00:00Z,2029-02-13T23:30:00Z,2029-02-13T23:30:00Z,,,,structured,,,,True,2026-09-10T16:40:23+00:00,,,,
kalshi,KXNHL-27-PIT,https://kalshi.com/markets/kxnhl/stanley-cup,https://kalshi.com/markets/kxnhl/stanley-cup/kxnhl-27,Will Pittsburgh Penguins win the 2026-27 Stanley Cup® Finals?,Pittsburgh Penguins,KXNHL-27,2026-27 Stanley Cup® Finals Winner,KXNHL,Stanley Cup,Sports,"[""Hockey""]",open,binary,0,0.01,0.01,0.005,0.995,0.005,0.01,33383.19,19920.55,32784.84,0,2026-06-15T03:40:00Z,2029-06-30T14:00:00Z,2029-06-30T14:00:00Z,,,,structured,,,,True,2026-09-10T16:40:05+00:00,,,,
polymarket,0x91185c54b51ad9665dd9dff53ed977172ffa456f7583f4e5d5dce3dace25f0f9,https://polymarket.com/event/which-company-has-the-best-ai-model-end-of-september-20260717143435868/will-deepseek-have-the-best-ai-model-at-the-end-of-september-2026-20260717143137063,,Will DeepSeek have the best AI model at the end of September 2026?,DeepSeek,727186,Which company has the best AI model end of September?,which-company-has-the-best-ai-model-end-of-september-20260717143435868,Which company has the best AI model end of September?,,[],open,binary,,0.001,0.001,0.0005,0.9995,0.0005,0.001,161395.86422899997,19859.897,,46308.45991,2026-07-21T00:31:32.494546Z,2026-10-01T03:59:00Z,2026-10-01T03:59:00Z,,,,,,,,,2026-09-10T16:38:51+00:00,,"[""Yes"", ""No""]","[0.0005, 0.9995]",32561118587591266605534013182984397108201140288085522744318279548733235644128
kalshi,KXDPWORLDTOUR-AMIO26-DPUI,https://kalshi.com/markets/kxdpworldtour/dp-world-tour-tournament-winner,https://kalshi.com/markets/kxdpworldtour/dp-world-tour-tournament-winner/kxdpworldtour-amio26,Will David Puig win the Amgen Irish Open?,David Puig,KXDPWORLDTOUR-AMIO26,Amgen Irish Open Winner,KXDPWORLDTOUR,DP World Tour Tournament Winner,Sports,"[""Golf""]",open,binary,0.002,0.004,0.005,0.003,0.997,0.003,0.002,33062.19,19859.05,26503.92,0,2026-09-05T16:05:00Z,2026-09-27T00:00:00Z,2026-09-27T00:00:00Z,,,,structured,,,,True,2026-09-10T16:39:19+00:00,,,,
polymarket,0x5b5ecbfeef12e5787590f05bdfa0ae26833fe4c99fba4b522c32fae45248da21,https://polymarket.com/event/what-price-will-ethereum-hit-in-september-2026/will-ethereum-reach-4000-in-september-2026,,"Will Ethereum reach $4,000 in September?","↑ 4,000",946005,What price will Ethereum hit in September?,what-price-will-ethereum-hit-in-september-2026,What price will Ethereum hit in September?,,[],open,binary,0.007,0.008,0.008,0.0075,0.9925,0.0075,0.001,243828.74535700004,19832.334261,,82295.21774,2026-09-01T05:07:25Z,2026-10-01T04:00:00Z,2026-10-01T04:00:00Z,,,,,,,,,2026-09-10T16:38:51+00:00,-1,"[""Yes"", ""No""]","[0.0075, 0.9925]",12944224755440059829809604006040184183718483595915149937889159045619650428546
kalshi,KXNFLGAME-26SEP13WASPHI-PHI,https://kalshi.com/markets/kxnflgame/professional-football-game,https://kalshi.com/markets/kxnflgame/professional-football-game/kxnflgame-26sep13wasphi,Washington vs Philadelphia Pro Football game: Philadelphia wins?,Philadelphia,KXNFLGAME-26SEP13WASPHI,Washington vs Philadelphia,KXNFLGAME,Professional Football Game,Sports,"[""Football""]",open,binary,0.67,0.68,0.68,0.675,0.325,0.675,0.01,89742.11,19800.73,81332.97,0,2026-05-15T17:04:00Z,2026-09-15T20:25:00Z,2026-09-15T20:25:00Z,,,,structured,,,,True,2026-09-10T16:40:09+00:00,,,,
kalshi,KXUCLSPREAD-26SEP10COMRBL-COM3,https://kalshi.com/markets/kxuclspread/champions-league-spread,https://kalshi.com/markets/kxuclspread/champions-league-spread/kxuclspread-26sep10comrbl,Como wins by more than 2.5 goals?,Como wins by more than 2.5 goals,KXUCLSPREAD-26SEP10COMRBL,Como vs Leipzig: Spread,KXUCLSPREAD,Champions League Spread,Sports,"[""Soccer""]",open,binary,0.16,0.17,0.16,0.165,0.835,0.165,0.01,20931.41,19782.18,20875.66,0,2026-09-07T19:07:00Z,2026-09-13T01:00:00Z,2026-09-13T01:00:00Z,,,,greater,2.5,,,True,2026-09-10T16:39:12+00:00,,,,
polymarket,0x12aa13b3da17ceae1b0a59b5d5b77121e91bb79b4bb0b52bf6543ed3f8d0953b,https://polymarket.com/event/fed-decision-in-october-20260617190323537/will-the-fed-increase-interest-rates-by-25-bps-after-the-october-2026-meeting-20260617190324032,,Will the Fed increase interest rates by 25 bps after the October 2026 meeting?,25 bps increase,606422,Fed Decision in October?,fed-decision-in-october-20260617190323537,Fed Decision in October?,,[],open,binary,0.31,0.32,0.32,0.315,0.685,0.315,0.01,273430.27274400013,19772.668952,,183485.9163,2026-06-17T23:34:28.470106Z,2026-10-28T23:59:00Z,2026-10-28T23:59:00Z,,,,,,,,,2026-09-10T16:38:51+00:00,1,"[""Yes"", ""No""]","[0.315, 0.685]",55159722761418013044126414276680602270318000841690689684819994448621694923050
polymarket,0xc5e8abc4b06b82bf384e85c13e4c29a1f4175aaceb1879abbdf25e00a72abfda,https://polymarket.com/event/cs2-inox-blackp-2026-09-10/cs2-inox-blackp-2026-09-10,,Counter-Strike: INOX Division vs Black Phoenix (BO3) - CCT Europe Series #8 Group Stage,Match Winner,996642,Counter-Strike: INOX Division vs Black Phoenix (BO3) - CCT Europe Series #8 Group Stage,cs2-inox-blackp-2026-09-10,Counter-Strike: INOX Division vs Black Phoenix (BO3) - CCT Europe Series #8 Group Stage,,[],open,binary,0.74,0.75,0.75,0.745,0.255,0.745,0.01,19741.691828000003,19741.691828,,27718.7268,2026-09-10T00:05:37Z,2026-09-10T23:00:00Z,2026-09-10T23:00:00Z,,,,,,,,,2026-09-10T16:38:51+00:00,,"[""INOX Division"", ""Black Phoenix""]","[0.745, 0.255]",54860626726686570089748788580660668166029263449721907021825013178723630473096
kalshi,KXNFLMVP-27-JALL,https://kalshi.com/markets/kxnflmvp/ap-pro-football-regular-season-mvp,https://kalshi.com/markets/kxnflmvp/ap-pro-football-regular-season-mvp/kxnflmvp-27,Will Josh Allen win the MVP?,Josh Allen,KXNFLMVP-27,MVP Winner?,KXNFLMVP,AP Pro Football Regular Season MVP,Sports,"[""Football""]",open,binary,0.1,0.11,0.11,0.105,0.895,0.105,0.01,439984.11,19695.92,326359.7,0,2026-02-08T20:30:00Z,2028-02-12T15:00:00Z,2028-02-12T15:00:00Z,,,,structured,,,,True,2026-09-10T16:40:23+00:00,,,,
polymarket,0x64396449b471b10b006285fa49dd9a5df535694de7b4c703fdeb0d88d5c4cd33,https://polymarket.com/event/presidential-election-winner-2028/will-vivek-ramaswamy-win-the-2028-us-presidential-election,,Will Vivek Ramaswamy win the 2028 US Presidential Election?,Vivek Ramaswamy,31552,Presidential Election Winner 2028,presidential-election-winner-2028,Presidential Election Winner 2028,,[],open,binary,,0.001,0.001,0.0005,0.9995,0.0005,0.001,37937227.94919,19679.224,,1606880.54705,2025-07-11T19:06:08.616Z,2028-11-07T00:00:00Z,2028-11-07T00:00:00Z,,,,,,,,,2026-09-10T16:38:51+00:00,-0.05,"[""Yes"", ""No""]","[0.0005, 0.9995]",48067717079255656974334181122173546721823870434119599450595298250019538972254
kalshi,KXETHD-26SEP1017-T2459.99,https://kalshi.com/markets/kxethd/ethereum-price-above-below,https://kalshi.com/markets/kxethd/ethereum-price-above-below/kxethd-26sep1017,"Ethereum price at Sep 10, 2026 at 5pm EDT?","$2,460 or above",KXETHD-26SEP1017,"ETH price on Sep 10, 2026 at 5pm EDT?",KXETHD,Ethereum price Above/below,Crypto,"[""Hourly"", ""ETH""]",open,binary,0.16,0.17,0.13,0.165,0.835,0.165,0.01,19681.72,19656.72,10803.87,0,2026-09-09T20:00:00Z,2026-09-10T21:00:00Z,2026-09-17T21:00:00Z,,,,greater,2459.99,,ERTI,True,2026-09-10T16:39:01+00:00,,,,
polymarket,0xee574d7bad1c08c7d52e4b17ca645b426f4094fd61dfff381225033167036444,https://polymarket.com/event/lol-los-fur-2026-09-13/lol-los-fur-2026-09-13,,LoL: LOS vs FURIA Esports (BO5) - CBLOL Playoffs,Match Winner,982240,LoL: LOS vs FURIA Esports (BO5) - CBLOL Playoffs,lol-los-fur-2026-09-13,LoL: LOS vs FURIA Esports (BO5) - CBLOL Playoffs,,[],open,binary,0.82,0.86,0.81,0.84,0.16,0.84,0.04,26295.491981000006,19650.769185000005,,4980.4396,2026-09-07T11:40:39Z,2026-09-13T22:00:00Z,2026-09-13T22:00:00Z,,,,,,,,,2026-09-10T16:38:51+00:00,8,"[""LOS"", ""FURIA Esports""]","[0.84, 0.16]",56224341150506834237643364747628201538604292421235045793523105036445006607943
polymarket,0xce3c54c3e773e8b3bf73e4c12af93205b21195d03b9c386e22f274b9acfc2c56,https://polymarket.com/event/what-price-will-bitcoin-hit-before-2027/will-bitcoin-dip-to-50000-by-december-31-2026-454-325-222-878-949-487-451-853-523-111,,"Will Bitcoin dip to $50,000 by December 31, 2026?","↓ 50,000",89502,What price will Bitcoin hit in 2026?,what-price-will-bitcoin-hit-before-2027,What price will Bitcoin hit in 2026?,,[],open,binary,0.14,0.16,0.14,0.15,0.85,0.15,0.02,3593379.185735,19642.851335,,136083.9515,2026-02-05T14:48:04.952Z,2027-01-01T05:00:00Z,2027-01-01T05:00:00Z,,,,,,,,,2026-09-10T16:38:51+00:00,2,"[""Yes"", ""No""]","[0.15, 0.85]",13887983551129862992605123088744175927084435631400400451585519366058907542147
kalshi,KXNFLNFCCHAMP-27-SEA,https://kalshi.com/markets/kxnflnfcchamp/national-football-conference-champion,https://kalshi.com/markets/kxnflnfcchamp/national-football-conference-champion/kxnflnfcchamp-27,Will Seattle win the Pro Football NFC Championship?,Seattle,KXNFLNFCCHAMP-27,NFC Championship Winner,KXNFLNFCCHAMP,National Football Conference Champion,Sports,"[""Football""]",open,binary,0.11,0.13,0.13,0.12,0.88,0.12,0.02,535415.87,19574.23,322318.73,0,2026-02-07T15:00:00Z,2027-02-22T15:00:00Z,2027-02-22T15:00:00Z,,,,structured,,,,True,2026-09-10T16:40:23+00:00,,,,
polymarket,0x4d9ca2742a07651e2abee20648f041e73c97ef7c2bf048a2c2a202d2a856ced5,https://polymarket.com/event/what-price-will-bitcoin-hit-in-september-2026/will-bitcoin-dip-to-75k-in-september-2026,,"Will Bitcoin dip to $75,000 in September?","↓ 75,000",946004,What price will Bitcoin hit in September?,what-price-will-bitcoin-hit-in-september-2026,What price will Bitcoin hit in September?,,[],open,binary,0.77,0.78,0.76,0.775,0.225,0.775,0.01,285146.68724500004,19435.400529,,67510.9685,2026-09-01T05:07:19Z,2026-10-01T04:00:00Z,2026-10-01T04:00:00Z,,,,,,,,,2026-09-10T16:38:51+00:00,19,"[""Yes"", ""No""]","[0.775, 0.225]",71614294149761045250341803495546587007139052187428360469103433437522297039820
kalshi,KXNFLGAME-26SEP13CLEJAC-JAC,https://kalshi.com/markets/kxnflgame/professional-football-game,https://kalshi.com/markets/kxnflgame/professional-football-game/kxnflgame-26sep13clejac,Cleveland vs Jacksonville Pro Football game: Jacksonville wins?,Jacksonville,KXNFLGAME-26SEP13CLEJAC,Cleveland vs Jacksonville,KXNFLGAME,Professional Football Game,Sports,"[""Football""]",open,binary,0.78,0.79,0.79,0.785,0.215,0.785,0.01,90873.09,19408.28,70484.5,0,2026-05-15T17:04:00Z,2026-09-15T17:00:00Z,2026-09-15T17:00:00Z,,,,structured,,,,True,2026-09-10T16:40:09+00:00,,,,
kalshi,KXBTC50VS100-BTC-26DEC31,https://kalshi.com/markets/kxbtc50vs100/will-btc-fall-below-50k-before-hitting-100k,https://kalshi.com/markets/kxbtc50vs100/will-btc-fall-below-50k-before-hitting-100k/kxbtc50vs100-btc-26dec31,"Will BTC hit $50,000 before $100,000 by Dec 31, 2026?","50,000 first",KXBTC50VS100-BTC-26DEC31,"Will BTC hit $50,000 before $100,000?",KXBTC50VS100,Will BTC fall below 50k before hitting 100k?,Crypto,"[""BTC""]",open,binary,0.16,0.17,0.16,0.165,0.835,0.165,0.01,924777.33,19392.67,431058.61,0,2026-06-02T17:30:00Z,2027-01-01T04:59:00Z,2027-01-08T04:59:00Z,,,,,,,,True,2026-09-10T16:40:07+00:00,,,,
kalshi,KXNFLAFCEAST-27-BUF,https://kalshi.com/markets/kxnflafceast/american-football-conference-east-winner,https://kalshi.com/markets/kxnflafceast/american-football-conference-east-winner/kxnflafceast-27,Will Buffalo win the Pro Football AFC East Division?,Buffalo,KXNFLAFCEAST-27,AFC East Division Winner,KXNFLAFCEAST,American Football Conference East Winner,Sports,"[""Football""]",open,binary,0.6,0.61,0.61,0.605,0.395,0.605,0.01,139740.2,19360.14,107297.61,0,2026-02-10T15:00:00Z,2027-01-25T15:00:00Z,2027-01-25T15:00:00Z,,,,structured,,,,True,2026-09-10T16:40:23+00:00,,,,
kalshi,KXNFLSPREAD-26SEP13WASPHI-PHI5,https://kalshi.com/markets/kxnflspread/pro-football-spread,https://kalshi.com/markets/kxnflspread/pro-football-spread/kxnflspread-26sep13wasphi,Philadelphia wins by over 4.5 points?,Philadelphia wins by over 4.5 points,KXNFLSPREAD-26SEP13WASPHI,Washington vs Philadelphia: Spread,KXNFLSPREAD,Pro Football Spread,Sports,"[""Football""]",open,binary,0.52,0.53,0.53,0.525,0.475,0.525,0.01,38017.87,19303.67,30241.92,0,2026-08-03T23:13:00Z,2026-09-15T20:25:00Z,2026-09-15T20:25:00Z,,,,greater,4.5,,,True,2026-09-10T16:39:51+00:00,,,,
kalshi,KXNCAAFGAME-26SEP12ETSUUNC-ETSU,https://kalshi.com/markets/kxncaafgame/college-football-game,https://kalshi.com/markets/kxncaafgame/college-football-game/kxncaafgame-26sep12etsuunc,East Tennessee St. wins,East Tennessee St.,KXNCAAFGAME-26SEP12ETSUUNC,East Tennessee St. vs North Carolina,KXNCAAFGAME,College Football Game,Sports,"[""Football""]",open,binary,0.01,0.02,0.02,0.015,0.985,0.015,0.01,94261.98,19256.98,87977.99,0,2026-08-25T14:38:00Z,2026-09-14T16:00:00Z,2026-09-14T16:00:00Z,,,,structured,,,,True,2026-09-10T16:39:37+00:00,,,,
polymarket,0x8fd92ddb793d0dac4296b0d3978e6862e827ae0a6af722c9fa45939115d9cbf2,https://polymarket.com/event/what-price-will-bitcoin-hit-september-7-13-2026/will-bitcoin-dip-to-76k-september-7-13-2026,,"Will Bitcoin dip to $76,000 September 7-13?","↓ 76,000",980492,What price will Bitcoin hit September 7-13?,what-price-will-bitcoin-hit-september-7-13-2026,What price will Bitcoin hit September 7-13?,,[],open,binary,0.72,0.73,0.66,0.725,0.275,0.725,0.01,49941.47412399999,19195.016712,,33708.7843,2026-09-07T04:00:20Z,2026-09-14T04:00:00Z,2026-09-14T04:00:00Z,,,,,,,,,2026-09-10T16:38:51+00:00,34.5,"[""Yes"", ""No""]","[0.725, 0.275]",18006360764382094070681611674739317458976184946674847732684908476719812125942
polymarket,0xcc8ef67d4b6d269358df731ae725373c39765e4116eb62593aa710669e9d8e1c,https://polymarket.com/event/what-price-will-bitcoin-hit-september-7-13-2026/will-bitcoin-reach-84k-september-7-13-2026,,"Will Bitcoin reach $84,000 September 7-13?","↑ 84,000",980492,What price will Bitcoin hit September 7-13?,what-price-will-bitcoin-hit-september-7-13-2026,What price will Bitcoin hit September 7-13?,,[],open,binary,0.031,0.032,0.031,0.0315,0.9685,0.0315,0.001,68395.41009499998,19184.328911999997,,35471.03137,2026-09-07T04:00:18Z,2026-09-14T04:00:00Z,2026-09-14T04:00:00Z,,,,,,,,,2026-09-10T16:38:51+00:00,-12.85,"[""Yes"", ""No""]","[0.0315, 0.9685]",13373365296087436470152428985113515253297390156067612818238948035094886970955
kalshi,KXTRUMPMENTIONB-26SEP10-CHAR,https://kalshi.com/markets/kxtrumpmentionb/trump-mention-b,https://kalshi.com/markets/kxtrumpmentionb/trump-mention-b/kxtrumpmentionb-26sep10,What will Donald Trump say during RNC Midterm Convention?,Charlie / Kirk,KXTRUMPMENTIONB-26SEP10,Who will Trump mention during the RNC Midterm Convention?,KXTRUMPMENTIONB,Trump Mention B,Mentions,"[""Trump"", ""Politicians""]",open,binary,0.99,1,0.99,0.995,0.005,0.995,0.01,19883.85,19175.19,13346.19,0,2026-09-08T18:20:00Z,2026-09-24T14:00:00Z,2026-09-24T14:00:00Z,,,,custom,,,,True,2026-09-10T16:39:06+00:00,,,,
kalshi,KXUSAIRANAGREEMENT-27-26NOV,https://kalshi.com/markets/kxusairanagreement/us-iran-nuclear-deal,https://kalshi.com/markets/kxusairanagreement/us-iran-nuclear-deal/kxusairanagreement-27,Will the US agree to a new Iranian nuclear deal this year?,"Before Nov 1, 2026",KXUSAIRANAGREEMENT-27,US-Iran nuclear deal?,KXUSAIRANAGREEMENT,US Iran nuclear deal,Politics,"[""Iran""]",open,binary,0.02,0.03,0.03,0.025,0.975,0.025,0.01,304074.1,19153.1,169036.59,0,2026-05-21T15:00:00Z,2026-11-01T15:00:00Z,2026-11-01T15:00:00Z,,,,,,,,True,2026-09-10T16:40:08+00:00,,,,
kalshi,KXDPWORLDTOUR-AMIO26-ADEL,https://kalshi.com/markets/kxdpworldtour/dp-world-tour-tournament-winner,https://kalshi.com/markets/kxdpworldtour/dp-world-tour-tournament-winner/kxdpworldtour-amio26,Will Alejandro Del Rey win the Amgen Irish Open?,Alejandro Del Rey,KXDPWORLDTOUR-AMIO26,Amgen Irish Open Winner,KXDPWORLDTOUR,DP World Tour Tournament Winner,Sports,"[""Golf""]",open,binary,0.002,0.005,0.005,0.0035,0.9965,0.0035,0.003,19427.29,19146.82,11860.12,0,2026-09-05T16:05:00Z,2026-09-27T00:00:00Z,2026-09-27T00:00:00Z,,,,structured,,,,True,2026-09-10T16:39:19+00:00,,,,
kalshi,KXMLBSPREAD-26SEP101215TBATL-ATL3,https://kalshi.com/markets/kxmlbspread/pro-baseball-spread,https://kalshi.com/markets/kxmlbspread/pro-baseball-spread/kxmlbspread-26sep101215tbatl,Atlanta wins by over 2.5 runs?,Atlanta wins by over 2.5 runs,KXMLBSPREAD-26SEP101215TBATL,Tampa Bay vs Atlanta: Spread,KXMLBSPREAD,Pro Baseball Spread,Sports,"[""Baseball""]",open,binary,0.26,0.27,0.27,0.265,0.735,0.265,0.01,23482.23,19124.65,18481.13,0,2026-09-09T17:51:00Z,2026-09-13T16:15:00Z,2026-09-13T16:15:00Z,,,,greater,2.5,,,True,2026-09-10T16:38:56+00:00,,,,
polymarket,0xc4ebab9f2830f6df67ab1b98615d5a9be8eebd106fd0f37e9a25e4a4edcc427c,https://polymarket.com/event/where-will-the-next-next-round-of-us-iran-peace-talks-beptptpt-20260623023740663/will-no-qualifying-diplomatic-us-iran-meeting-occur-by-september-30-2026-20260622185050763,,"Will no qualifying diplomatic US-Iran meeting occur by September 30, 2026?",No Meeting by September 30,624242,Where will the next next round of US-Iran peace talks be...?,where-will-the-next-next-round-of-us-iran-peace-talks-beptptpt-20260623023740663,Where will the next next round of US-Iran peace talks be...?,,[],open,binary,0.924,0.93,0.931,0.927,0.073,0.927,0.006,1224222.688955,19111.672467000008,,87741.32807,2026-06-23T02:49:53.408743Z,2026-10-01T03:59:00Z,2026-10-01T03:59:00Z,,,,,,,,,2026-09-10T16:38:51+00:00,0.75,"[""Yes"", ""No""]","[0.927, 0.073]",10618696958805388450273982806566275602086720395274264354492776873006123003601
kalshi,KXMLB-26-CHC,https://kalshi.com/markets/kxmlb/world-series,https://kalshi.com/markets/kxmlb/world-series/kxmlb-26,Will Chicago C win the 2026 Pro Baseball Championship?,Chicago C,KXMLB-26,Pro Baseball Champion,KXMLB,World Series,Sports,"[""Baseball""]",open,binary,0.045,0.046,0.046,0.0455,0.9545,0.0455,0.001,2641151.91,19108.54,1678925.49,0,2025-12-17T15:00:00Z,2028-10-31T04:00:00Z,2028-10-31T04:00:00Z,,,,structured,,,,True,2026-09-10T16:40:27+00:00,,,,
polymarket,0xa350d827685d764596526f8e73181a049ccbcc2e3142108814a1c3e85e36244f,https://polymarket.com/event/elon-musk-of-tweets-september-4-september-11-2026/elon-musk-of-tweets-september-4-september-11-2026-280-299,,"Will Elon Musk post 280-299 tweets from September 4 to September 11, 2026?",280-299,945718,"Elon Musk # tweets September 4 - September 11, 2026?",elon-musk-of-tweets-september-4-september-11-2026,"Elon Musk # tweets September 4 - September 11, 2026?",,[],open,binary,,0.001,0.001,0.0005,0.9995,0.0005,0.001,60441.131779,19040.7865,,25637.82061,2026-09-01T04:00:34Z,2026-09-11T16:00:00Z,2026-09-11T16:00:00Z,,,,,,,,,2026-09-10T16:38:51+00:00,-0.2,"[""Yes"", ""No""]","[0.0005, 0.9995]",31535228616137998043283269995091144837253221071343706724801147951122948362197
kalshi,KXMLBNLMVP-26-SOHT,https://kalshi.com/markets/kxmlbnlmvp/pro-baseball-national-league-mvp,https://kalshi.com/markets/kxmlbnlmvp/pro-baseball-national-league-mvp/kxmlbnlmvp-26,Will Shohei Ohtani win NL MVP?,Shohei Ohtani,KXMLBNLMVP-26,NL MVP Winner?,KXMLBNLMVP,Pro Baseball National League MVP,Sports,"[""Baseball""]",open,binary,0,0.01,0.01,0.005,0.995,0.005,0.01,1207457.35,19022.78,451508.73,0,2026-02-02T15:00:00Z,2026-12-08T15:00:00Z,2026-12-08T15:00:00Z,,,,custom,,,,True,2026-09-10T16:40:25+00:00,,,,
polymarket,0x9cf563d7b55aa9aa876d5d7e55126347eee473f0ae56d799e325fdef2bf25297,https://polymarket.com/event/fed-decision-in-october-20260617190323537/will-the-fed-decrease-interest-rates-by-25-bps-after-the-october-2026-meeting-20260617190324030,,Will the Fed decrease interest rates by 25 bps after the October 2026 meeting?,25 bps decrease,606422,Fed Decision in October?,fed-decision-in-october-20260617190323537,Fed Decision in October?,,[],open,binary,0.024,0.034,0.025,0.029,0.971,0.029,0.01,557216.861305,18928.179367999997,,184035.5871,2026-06-18T00:02:08.765961Z,2026-10-28T23:59:00Z,2026-10-28T23:59:00Z,,,,,,,,,2026-09-10T16:38:51+00:00,0.4,"[""Yes"", ""No""]","[0.029, 0.971]",33268510350568915228897273528353467773422190590579607471427765079749830445947
kalshi,KXGRECUPGAME-26SEP10ASTARIS-TIE,https://kalshi.com/markets/kxgrecupgame/greek-cup-game,https://kalshi.com/markets/kxgrecupgame/greek-cup-game/kxgrecupgame-26sep10astaris,Tie is the result,Tie,KXGRECUPGAME-26SEP10ASTARIS,Asteras Tripolis vs Aris Thessaloniki,KXGRECUPGAME,Greek Cup Game,Sports,"[""Soccer""]",open,binary,0.95,0.96,0.95,0.955,0.045,0.955,0.01,28073.65,18892.34,15297.16,0,2026-09-06T00:41:00Z,2026-09-12T20:45:00Z,2026-09-12T20:45:00Z,,,,structured,,,,True,2026-09-10T16:39:17+00:00,,,,
polymarket,0x656235664464bcadcc586acb871051dadb7c7343b7e805a5eccc02815e20d7df,https://polymarket.com/event/cuban-regime-falls-in-2026/cuban-regime-falls-in-2026,,Cuban regime falls in 2026?,,259355,Cuban regime falls in 2026?,cuban-regime-falls-in-2026,Cuban regime falls in 2026?,,[],open,binary,0.09,0.12,0.08,0.105,0.895,0.105,0.03,1693105.1478880004,18887.639642,,39795.4718,2026-03-10T23:58:34.783414Z,2027-01-01T04:59:00Z,2027-01-01T04:59:00Z,,,,,,,,,2026-09-10T16:38:51+00:00,1,"[""Yes"", ""No""]","[0.105, 0.895]",15817672052205458642746211361748257031306114796905648075017940250831865046055
kalshi,KXNFLOPOTY-27-JSMI,https://kalshi.com/markets/kxnflopoty/ap-pro-football-offensive-player-of-the-year,https://kalshi.com/markets/kxnflopoty/ap-pro-football-offensive-player-of-the-year/kxnflopoty-27,Will Jaxon Smith-Njigba win the Offensive Player of the Year?,Jaxon Smith-Njigba,KXNFLOPOTY-27,Offensive Player of the Year Winner?,KXNFLOPOTY,AP Pro Football Offensive Player Of The Year,Sports,"[""Football""]",open,binary,0.04,0.06,0.06,0.05,0.95,0.05,0.02,35605.38,18883.93,30880.98,0,2026-02-10T15:00:00Z,2028-02-08T15:00:00Z,2028-02-08T15:00:00Z,,,,structured,,,,True,2026-09-10T16:40:23+00:00,,,,
kalshi,KXMLBPLAYOFFS-26-TOR,https://kalshi.com/markets/kxmlbplayoffs/pro-baseball-playoff-qualifiers,https://kalshi.com/markets/kxmlbplayoffs/pro-baseball-playoff-qualifiers/kxmlbplayoffs-26,Pro Baseball Playoff Qualifiers,Toronto,KXMLBPLAYOFFS-26,Pro Baseball Playoff Qualifiers,KXMLBPLAYOFFS,Pro Baseball Playoff Qualifiers,Sports,"[""Baseball""]",open,binary,0.33,0.34,0.33,0.335,0.665,0.335,0.01,224139.89,18865.16,93165.42,0,2025-12-17T15:00:00Z,2026-11-01T15:00:00Z,2026-11-01T15:00:00Z,,,,structured,,,,True,2026-09-10T16:40:27+00:00,,,,
polymarket,0x0c9ada12c527451fbdd43c0397a8a006b8aaf2a01567ae069d37220b51937595,https://polymarket.com/event/los-angeles-mayoral-election-117/will-karen-bass-win-the-2026-los-angeles-mayoral-election,,Will Karen Bass win the 2026 Los Angeles mayoral election?,Karen Bass,57111,Los Angeles Mayoral Election,los-angeles-mayoral-election-117,Los Angeles Mayoral Election,,[],open,binary,0.65,0.66,0.66,0.655,0.345,0.655,0.01,889035.3453709998,18823.747273,,79564.1938,2025-10-09T20:38:05.957959Z,2026-12-31T23:59:00Z,2026-12-31T23:59:00Z,,,,,,,,,2026-09-10T16:38:51+00:00,1,"[""Yes"", ""No""]","[0.655, 0.345]",21099887182068653164347641846316470453763034851874063977340528628016776716246
kalshi,KXDPWORLDTOUR-AMIO26-MKEN,https://kalshi.com/markets/kxdpworldtour/dp-world-tour-tournament-winner,https://kalshi.com/markets/kxdpworldtour/dp-world-tour-tournament-winner/kxdpworldtour-amio26,Will Max Kennedy win the Amgen Irish Open?,Max Kennedy,KXDPWORLDTOUR-AMIO26,Amgen Irish Open Winner,KXDPWORLDTOUR,DP World Tour Tournament Winner,Sports,"[""Golf""]",open,binary,0,0.001,0.001,0.0005,0.9995,0.0005,0.001,38272.08,18812.31,38272.08,0,2026-09-05T16:05:00Z,2026-09-27T00:00:00Z,2026-09-27T00:00:00Z,,,,structured,,,,True,2026-09-10T16:39:19+00:00,,,,
polymarket,0xa31e1b12ae153d9e0973e5491f878c3d41389e21a734736824fc7a411ae7744d,https://polymarket.com/event/what-price-will-ethereum-hit-september-7-13-2026/will-ethereum-reach-2700-september-7-13-2026,,"Will Ethereum reach $2,700 September 7-13?","↑ 2,700",980509,What price will Ethereum hit September 7-13?,what-price-will-ethereum-hit-september-7-13-2026,What price will Ethereum hit September 7-13?,,[],open,binary,0.03,0.046,0.057,0.038,0.962,0.038,0.016,30089.126109999997,18776.031846,,18797.39049,2026-09-07T04:00:29Z,2026-09-14T04:00:00Z,2026-09-14T04:00:00Z,,,,,,,,,2026-09-10T16:38:51+00:00,-12.2,"[""Yes"", ""No""]","[0.038, 0.962]",88074742041241929924791077704914495120755343870973325626585472602900415164643
polymarket,0x661848189bdb8c4512e81a1eae4d4c67b74bc133ff9f400f2e11ef62bae38eb0,https://polymarket.com/event/ucl-bay-bog-2026-09-10-exact-score/ucl-bay-bog-2026-09-10-exact-score-1-0,,Exact Score: FC Bayern München 1 - 0 FK Bodø/Glimt?,FC Bayern München 1 - 0 FK Bodø/Glimt,931797,FC Bayern München vs. FK Bodø/Glimt - Exact Score,ucl-bay-bog-2026-09-10-exact-score,FC Bayern München vs. FK Bodø/Glimt - Exact Score,,[],open,binary,0.026,0.029,0.029,0.0275,0.9725,0.0275,0.003,18918.964449,18761.964449,,111928.87943,2026-08-29T18:02:05Z,2026-09-10T19:00:00Z,2026-09-10T19:00:00Z,,,,,,,,,2026-09-10T16:38:51+00:00,-0.7,"[""Yes"", ""No""]","[0.0275, 0.9725]",66887024231711610059317801117288640499029640892504933660303572112366978378067
polymarket,0x523740838de0122e4b1995ed8c91c16ae995323c846670a32f7e85551098d37a,https://polymarket.com/event/mlb-col-nyy-2026-09-10/mlb-col-nyy-2026-09-10-spread-home-1pt5,,Spread: New York Yankees (-1.5),Spread -1.5,964212,Colorado Rockies vs. New York Yankees,mlb-col-nyy-2026-09-10,Colorado Rockies vs. New York Yankees,,[],open,binary,0.54,0.55,0.55,0.545,0.455,0.545,0.01,18757.766458,18757.766458000002,,184466.9649,2026-09-09T17:29:31Z,2026-09-10T23:05:00Z,2026-09-10T23:05:00Z,,,,,,,,,2026-09-10T16:38:51+00:00,,"[""New York Yankees"", ""Colorado Rockies""]","[0.545, 0.455]",90591000289261577431139660938472180617817122190474276709834243165900582773073
kalshi,KXNFLTD-26SEP10SFLAR-LARCPARKINSON84-1,https://kalshi.com/markets/kxnfltd/pro-football-touchdowns,https://kalshi.com/markets/kxnfltd/pro-football-touchdowns/kxnfltd-26sep10sflar,Colby Parkinson: 1+ touchdowns,Colby Parkinson: 1+,KXNFLTD-26SEP10SFLAR,San Francisco vs Los Angeles R: Touchdowns,KXNFLTD,Pro Football Touchdowns,Sports,"[""Football""]",open,binary,0.16,0.17,0.17,0.165,0.835,0.165,0.01,19507.03,18745.33,19365.04,0,2026-09-02T21:39:00Z,2026-09-13T00:35:00Z,2026-09-13T00:35:00Z,,,,greater,0.5,,,True,2026-09-10T16:39:26+00:00,,,,
kalshi,KXCOUNTYCHAMPMATCH-26SEP080530HAMNOT-HAM,https://kalshi.com/markets/kxcountychampmatch/county-championship-cricket-match,https://kalshi.com/markets/kxcountychampmatch/county-championship-cricket-match/kxcountychampmatch-26sep080530hamnot,Hampshire wins,Hampshire,KXCOUNTYCHAMPMATCH-26SEP080530HAMNOT,Nottinghamshire vs Hampshire,KXCOUNTYCHAMPMATCH,County Championship Cricket Match,Sports,"[""Cricket""]",open,binary,0.09,0.13,0.1,0.11,0.89,0.11,0.04,24975.3,18727.08,14714.84,0,2026-09-06T00:11:00Z,2026-09-14T09:30:00Z,2026-09-14T09:30:00Z,,,,structured,,,,True,2026-09-10T16:39:17+00:00,,,,
polymarket,0x3eba2dd1a35f14ccd4ba4442baabc92932b22ae99e9480f52d4863e486ab83c0,https://polymarket.com/event/uefa-champions-league-2027-champion-20260701202025549/will-aston-villa-win-the-2026-27-uefa-champions-league-championship-20260701202025551,,Will Aston Villa win the 2026-27 UEFA Champions League Championship?,Aston Villa,659671,UEFA Champions League: 2027 Champion,uefa-champions-league-2027-champion-20260701202025549,UEFA Champions League: 2027 Champion,,[],open,binary,0.01,0.011,0.011,0.0105,0.9895,0.0105,0.001,374535.087841,18718.970701,,149224.30297,2026-07-02T19:03:07.537642Z,2027-05-30T23:59:00Z,2027-05-30T23:59:00Z,,,,,,,,,2026-09-10T16:38:51+00:00,,"[""Yes"", ""No""]","[0.0105, 0.9895]",105101529642262379899123504787232852588886281907211376994534705472966938868733
kalshi,KXIPHONERELEASE-IPHONE18PRO-26OCT01,https://kalshi.com/markets/kxiphonerelease/iphone,https://kalshi.com/markets/kxiphonerelease/iphone/kxiphonerelease-iphone18pro,"Will Apple Inc. release iPhone 18 Pro before Oct 1, 2026?",Before Oct 2026,KXIPHONERELEASE-IPHONE18PRO,When will Apple Inc. release the iPhone 18 Pro?,KXIPHONERELEASE,iPhone,Financials,"[""Product launches"", ""Compute"", ""Companies""]",open,binary,0.99,1,0.99,0.995,0.005,0.995,0.01,263264.74,18700.55,245164.1,0,2026-07-23T14:50:00Z,2026-10-01T03:59:00Z,2026-10-08T14:00:00Z,,,,,,,,True,2026-09-10T16:39:57+00:00,,,,
polymarket,0x2762ff210a8315edd51d402795b30f971ba92adfa0f654247b3ec3b3b653f18d,https://polymarket.com/event/lal-rea-ray-2026-09-12/lal-rea-ray-2026-09-12-rea,,Will Real Madrid CF win on 2026-09-12?,Real Madrid CF,940186,Real Madrid CF vs. Rayo Vallecano de Madrid,lal-rea-ray-2026-09-12,Real Madrid CF vs. Rayo Vallecano de Madrid,,[],open,binary,0.88,0.89,0.89,0.885,0.115,0.885,0.01,30001.290667999998,18600.802407,,64847.0853,2026-08-31T06:00:16Z,2026-09-12T19:00:00Z,2026-09-12T19:00:00Z,,,,,,,,,2026-09-10T16:38:51+00:00,2,"[""Yes"", ""No""]","[0.885, 0.115]",99949119284698255227721477869491768581607505173358212985329185504744666733704
kalshi,KXGRECUPGAME-26SEP10ASTARIS-AST,https://kalshi.com/markets/kxgrecupgame/greek-cup-game,https://kalshi.com/markets/kxgrecupgame/greek-cup-game/kxgrecupgame-26sep10astaris,Asteras Tripolis wins,Asteras Tripolis,KXGRECUPGAME-26SEP10ASTARIS,Asteras Tripolis vs Aris Thessaloniki,KXGRECUPGAME,Greek Cup Game,Sports,"[""Soccer""]",open,binary,0.03,0.04,0.12,0.035,0.965,0.035,0.01,25979.28,18562.86,11360.01,0,2026-09-06T00:41:00Z,2026-09-12T20:45:00Z,2026-09-12T20:45:00Z,,,,structured,,,,True,2026-09-10T16:39:17+00:00,,,,
kalshi,KXNFL1H-26SEP10SFLAR-TIE,https://kalshi.com/markets/kxnfl1h/pro-football-1st-half-winner,https://kalshi.com/markets/kxnfl1h/pro-football-1st-half-winner/kxnfl1h-26sep10sflar,Will neither team win the 1st Half?,Tie 1st Half,KXNFL1H-26SEP10SFLAR,SF 49ers vs LA Rams: 1st Half Winner,KXNFL1H,Pro Football 1st Half Winner,Sports,"[""Football""]",open,binary,0.08,0.09,0.09,0.085,0.915,0.085,0.01,22909.6,18544.19,21355.02,0,2026-09-02T18:36:00Z,2026-09-13T00:35:00Z,2026-09-13T00:35:00Z,,,,structured,,,,True,2026-09-10T16:39:29+00:00,,,,
kalshi,KXUFCFIGHT-26SEP12MCMRAH-RAH,https://kalshi.com/markets/kxufcfight/ufc-fight,https://kalshi.com/markets/kxufcfight/ufc-fight/kxufcfight-26sep12mcmrah,Marwan Rahiki wins,Marwan Rahiki,KXUFCFIGHT-26SEP12MCMRAH,Fight Night: McMillen vs Rahiki,KXUFCFIGHT,UFC Fight,Sports,"[""MMA""]",open,binary,0.4,0.41,0.41,0.405,0.595,0.405,0.01,27318.66,18536.65,26000.59,0,2026-09-08T17:30:00Z,2026-09-26T22:00:00Z,2026-09-26T22:00:00Z,,,,structured,,,,True,2026-09-10T16:39:06+00:00,,,,
polymarket,0x71a21eab87c301a53f2f33fad4dca7a1e7da8911b847c82ca37ed49d859a17a0,https://polymarket.com/event/berlin-state-election-winner/will-cdu-win-the-most-seats-in-the-2026-berlin-state-elections,,Will CDU win the most seats in the 2026 Berlin state elections?,CDU,95248,Berlin State Election Winner,berlin-state-election-winner,Berlin State Election Winner,,[],open,binary,0.25,0.26,0.26,0.255,0.745,0.255,0.01,279984.81575300003,18491.891377999997,,76910.0609,2025-12-02T11:38:43.858Z,2026-09-20T00:00:00Z,2026-09-20T00:00:00Z,,,,,,,,,2026-09-10T16:38:51+00:00,-3,"[""Yes"", ""No""]","[0.255, 0.745]",15825754603876312502903119698982031844411870330182974791041852322557555300546
polymarket,0xd0d342e06ca9d5b1e5ddf66ad92b42b9cc6010823507c8e3107afe2ee1db8852,https://polymarket.com/event/ballon-dor-winner-2026/will-pau-cubarsi-win-the-2026-ballon-dor,,Will Pau Cubarsi win the 2026 Ballon d'Or?,Pau Cubarsi,48361,Ballon d'Or Winner 2026,ballon-dor-winner-2026,Ballon d'Or Winner 2026,,[],open,binary,0.001,0.002,0.001,0.0015,0.9985,0.0015,0.001,960252.3735769999,18491.6,,135270.94644,2025-09-22T23:39:37.872Z,2026-10-31T00:00:00Z,2026-10-31T00:00:00Z,,,,,,,,,2026-09-10T16:38:51+00:00,,"[""Yes"", ""No""]","[0.0015, 0.9985]",5264677211728439009834470236168077987240809170451856067063934287137178859748
kalshi,KXDPWORLDTOUR-AMIO26-RLAN,https://kalshi.com/markets/kxdpworldtour/dp-world-tour-tournament-winner,https://kalshi.com/markets/kxdpworldtour/dp-world-tour-tournament-winner/kxdpworldtour-amio26,Will Romain Langasque win the Amgen Irish Open?,Romain Langasque,KXDPWORLDTOUR-AMIO26,Amgen Irish Open Winner,KXDPWORLDTOUR,DP World Tour Tournament Winner,Sports,"[""Golf""]",open,binary,0.005,0.009,0.016,0.007,0.993,0.007,0.004,20007.2,18478.83,20007.2,0,2026-09-05T16:05:00Z,2026-09-27T00:00:00Z,2026-09-27T00:00:00Z,,,,structured,,,,True,2026-09-10T16:39:19+00:00,,,,
kalshi,KXNFLTD-26SEP10SFLAR-SFDSAMUEL19-1,https://kalshi.com/markets/kxnfltd/pro-football-touchdowns,https://kalshi.com/markets/kxnfltd/pro-football-touchdowns/kxnfltd-26sep10sflar,Deebo Samuel Sr.: 1+ touchdowns,Deebo Samuel Sr.: 1+,KXNFLTD-26SEP10SFLAR,San Francisco vs Los Angeles R: Touchdowns,KXNFLTD,Pro Football Touchdowns,Sports,"[""Football""]",open,binary,0.19,0.2,0.2,0.195,0.805,0.195,0.01,27287.95,18467.57,26886.93,0,2026-08-27T23:45:00Z,2026-09-13T00:35:00Z,2026-09-13T00:35:00Z,,,,greater,0.5,,,True,2026-09-10T16:39:35+00:00,,,,
polymarket,0x58998da8fa20593cf07618032acd580344a79279a8bcc3ed128b668d793c3d6f,https://polymarket.com/event/us-obtains-iranian-enriched-uranium-by/us-obtains-iranian-enriched-uranium-by-december-31-725-733-123-574-634,,US obtains Iranian enriched uranium by December 31?,December 31,329654,US obtains Iranian enriched uranium by...?,us-obtains-iranian-enriched-uranium-by,US obtains Iranian enriched uranium by...?,,[],open,binary,0.04,0.06,0.06,0.05,0.95,0.05,0.02,2229296.4757600003,18465.755229,,111484.2099,2026-04-17T15:50:04.131Z,2027-01-01T04:59:00Z,2027-01-01T04:59:00Z,,,,,,,,,2026-09-10T16:38:51+00:00,0.5,"[""Yes"", ""No""]","[0.05, 0.95]",114657271285511367879703365484572688248973675722511239339535646764098946050607
kalshi,KXFEDDECISION-26SEP-C26,https://kalshi.com/markets/kxfeddecision/fed-meeting,https://kalshi.com/markets/kxfeddecision/fed-meeting/kxfeddecision-26sep,Will the Federal Reserve Cut rates by >25bps at their September 2026 meeting?,Cut >25bps,KXFEDDECISION-26SEP,Fed decision in Sep 2026?,KXFEDDECISION,Fed meeting,Economics,"[""Fed""]",open,binary,0,0.01,0.01,0.005,0.995,0.005,0.01,1180153.46,18445.92,1171347.24,0,2025-09-29T14:00:00Z,2026-09-16T17:59:00Z,2026-12-16T18:01:00Z,,,,custom,,,,True,2026-09-10T16:40:29+00:00,,,,
kalshi,KXNCAAFTOTAL-26SEP10FAMUMIA-64,https://kalshi.com/markets/kxncaaftotal/college-football-total-points,https://kalshi.com/markets/kxncaaftotal/college-football-total-points/kxncaaftotal-26sep10famumia,Over 63.5 points scored,Over 63.5 points scored,KXNCAAFTOTAL-26SEP10FAMUMIA,Florida A&M vs Miami (FL): Total Points,KXNCAAFTOTAL,College Football Total Points,Sports,"[""Football""]",open,binary,0.52,0.55,0.52,0.535,0.465,0.535,0.03,20159.71,18433.67,17912.35,0,2026-09-04T16:07:00Z,2026-09-13T00:00:00Z,2026-09-13T00:00:00Z,,,,greater,63.5,,,True,2026-09-10T16:39:24+00:00,,,,
kalshi,KXDPWORLDTOURR1LEAD-AMIO26-MJOR,https://kalshi.com/markets/kxdpworldtourr1lead/dp-world-tour-r1-leader,https://kalshi.com/markets/kxdpworldtourr1lead/dp-world-tour-r1-leader/kxdpworldtourr1lead-amio26,Matthew Jordan leads at the end of Round 1,Matthew Jordan,KXDPWORLDTOURR1LEAD-AMIO26,Amgen Irish Open End of Round 1 Leader,KXDPWORLDTOURR1LEAD,DP World Tour R1 Leader,Sports,"[""Golf""]",open,binary,0,0.01,0.011,0.005,0.995,0.005,0.01,21916.84,18430.6,21916.84,0,2026-09-07T00:10:00Z,2026-09-27T00:00:00Z,2026-09-27T00:00:00Z,,,,structured,,,,True,2026-09-10T16:39:15+00:00,,,,
polymarket,0x2c108f623ac720d8f664bbaf14a9731141aa8955c1e48b02c766b772941674d8,https://polymarket.com/event/what-price-will-bitcoin-hit-in-september-2026/will-bitcoin-reach-85k-in-september-2026,,"Will Bitcoin reach $85,000 in September?","↑ 85,000",946004,What price will Bitcoin hit in September?,what-price-will-bitcoin-hit-in-september-2026,What price will Bitcoin hit in September?,,[],open,binary,0.25,0.26,0.27,0.255,0.745,0.255,0.01,323104.33724799997,18399.403416,,57201.7481,2026-09-01T05:07:15Z,2026-10-01T04:00:00Z,2026-10-01T04:00:00Z,,,,,,,,,2026-09-10T16:38:51+00:00,-15,"[""Yes"", ""No""]","[0.255, 0.745]",81780779224259491605896114548635727637676605965813881291062071590530581918897
polymarket,0x0c6050287f4c24243396b0488aeee214188a9629b09f199a2c67d03f71f1d01f,https://polymarket.com/event/ethereum-above-on-september-11-2026/ethereum-above-2700-on-september-11-2026,,"Will the price of Ethereum be above $2,700 on September 11?","2,700",964863,Ethereum above ___ on September 11?,ethereum-above-on-september-11-2026,Ethereum above ___ on September 11?,,[],open,binary,0.001,0.004,0.006,0.0025,0.9975,0.0025,0.003,36527.566529,18393.762457,,28601.83821,2026-09-04T16:00:17Z,2026-09-11T16:00:00Z,2026-09-11T16:00:00Z,,,,,,,,,2026-09-10T16:38:51+00:00,-4.7,"[""Yes"", ""No""]","[0.0025, 0.9975]",93402441891098098886427522279038110274058413743603965906226481377071648324114
polymarket,0x554f2d3b42d92d836f09c73b1f1b0d6756b7743f386b0abce25a7ee4f591d277,https://polymarket.com/event/ucl-psv-shd-2026-09-10-halftime-result/ucl-psv-shd-2026-09-10-halftime-result-home,,PSV leading at halftime?,PSV,931783,PSV vs. FK Shakhtar Donetsk - Halftime Result,ucl-psv-shd-2026-09-10-halftime-result,PSV vs. FK Shakhtar Donetsk - Halftime Result,,[],open,binary,0.49,0.5,0.5,0.495,0.505,0.495,0.01,18521.252145000002,18391.752145000002,,144409.1092,2026-08-29T18:01:41Z,2026-09-10T16:45:00Z,2026-09-10T16:45:00Z,,,,,,,,,2026-09-10T16:38:51+00:00,-2,"[""Yes"", ""No""]","[0.495, 0.505]",43364436506844122713829943858376799320749765325999136880984754937040637424621
kalshi,KXNFLMVP-27-PMAH,https://kalshi.com/markets/kxnflmvp/ap-pro-football-regular-season-mvp,https://kalshi.com/markets/kxnflmvp/ap-pro-football-regular-season-mvp/kxnflmvp-27,Will Patrick Mahomes win the MVP?,Patrick Mahomes,KXNFLMVP-27,MVP Winner?,KXNFLMVP,AP Pro Football Regular Season MVP,Sports,"[""Football""]",open,binary,0.06,0.07,0.07,0.065,0.935,0.065,0.01,663765.07,18361.09,488172.37,0,2026-02-08T20:30:00Z,2028-02-12T15:00:00Z,2028-02-12T15:00:00Z,,,,structured,,,,True,2026-09-10T16:40:23+00:00,,,,
polymarket,0x73463cf40eb2c83e845becbf16ad35e0a8a07863194bc76fd3af9a9d630b387f,https://polymarket.com/event/uefa-champions-league-2027-champion-20260701202025549/will-arsenal-win-the-2026-27-uefa-champions-league-championship-20260701202025552,,Will Arsenal win the 2026-27 UEFA Champions League Championship?,Arsenal,659671,UEFA Champions League: 2027 Champion,uefa-champions-league-2027-champion-20260701202025549,UEFA Champions League: 2027 Champion,,[],open,binary,0.14,0.15,0.15,0.145,0.855,0.145,0.01,476999.9352869999,18349.150315999996,,177653.2852,2026-07-02T19:03:16.596885Z,2027-05-30T23:59:00Z,2027-05-30T23:59:00Z,,,,,,,,,2026-09-10T16:38:51+00:00,,"[""Yes"", ""No""]","[0.145, 0.855]",43901405785924750229793277147927116360564476290216401880491136719593445150601
kalshi,SENATEMI-26-D,https://kalshi.com/markets/senatemi/michigan-senate-race,https://kalshi.com/markets/senatemi/michigan-senate-race/senatemi-26,Will Democratics win the Senate race in Michigan?,Abdul El-Sayed,SENATEMI-26,Michigan Senate winner?,SENATEMI,Michigan Senate race,Elections,"[""Senate""]",open,binary,0.63,0.64,0.64,0.635,0.365,0.635,0.01,1306842.55,18314.22,918320.62,0,2024-12-03T15:00:00Z,2027-11-03T15:00:00Z,2027-11-03T15:00:00Z,,,,structured,,,,True,2026-09-10T16:40:30+00:00,,,,
kalshi,KXBALLONDOR-26-KMBA,https://kalshi.com/markets/kxballondor/ballon-d-or,https://kalshi.com/markets/kxballondor/ballon-d-or/kxballondor-26,Who will win the Ballon d'Or in 2026?,Kylian Mbappe,KXBALLONDOR-26,Who will win the Ballon d'Or in 2026?,KXBALLONDOR,Ballon d'Or,Sports,"[""Soccer""]",open,binary,0.11,0.13,0.12,0.12,0.88,0.12,0.02,1349950.4,18216.28,739344.29,0,2026-01-24T01:00:00Z,2026-12-31T04:59:00Z,2027-12-31T15:00:00Z,,,,custom,,,,True,2026-09-10T16:40:25+00:00,,,,
polymarket,0x174ea87d011bfd0b230efc45e0b4d0756d38af91f0ffbab70013a582603c2be8,https://polymarket.com/event/next-french-presidential-election/will-jean-luc-mlenchon-win-the-2027-french-presidential-election,,Will Jean-Luc Mélenchon win the 2027 French presidential election?,Jean-Luc Mélenchon,79987,Next French Presidential Election,next-french-presidential-election,Next French Presidential Election,,[],open,binary,0.11,0.12,0.11,0.115,0.885,0.115,0.01,1396422.4527079994,18210.327399,,203051.101,2025-11-13T23:09:42.920622Z,2027-04-30T00:00:00Z,2027-04-30T00:00:00Z,,,,,,,,,2026-09-10T16:38:51+00:00,-1,"[""Yes"", ""No""]","[0.115, 0.885]",88550326946437280548248031502775629664259630024343210447063397951616199975032
polymarket,0xf2f5dc4958a69e44519a37859ff76366398f0bc9e6939b382e3836fd63fb0c01,https://polymarket.com/event/lol-ktc-dnsc-2026-09-11/lol-ktc-dnsc-2026-09-11,,LoL: KT Rolster Challengers vs DN SOOPers Challengers (BO5) - LCK Challengers League Playoffs,Match Winner,994534,LoL: KT Rolster Challengers vs DN SOOPers Challengers (BO5) - LCK Challengers League Playoffs,lol-ktc-dnsc-2026-09-11,LoL: KT Rolster Challengers vs DN SOOPers Challengers (BO5) - LCK Challengers League Playoffs,,[],open,binary,0.63,0.64,0.64,0.635,0.365,0.635,0.01,18208.844337000002,18208.844337,,12387.6346,2026-09-09T16:10:42Z,2026-09-11T14:00:00Z,2026-09-11T14:00:00Z,,,,,,,,,2026-09-10T16:38:51+00:00,4,"[""KT Rolster Challengers"", ""DN SOOPers Challengers""]","[0.635, 0.365]",697398528971002809774863019540806983256594427993075071193889501948483690956
polymarket,0xc2ea0e9bbe2da497f533cb1fecf389410c2095b1153b602fb81a7662f6ba7830,https://polymarket.com/event/ai-lab-announces-another-millennium-prize-solution-by/will-an-ai-lab-announce-another-millennium-prize-solution-by-december-31-2026,,"Will an AI lab announce another Millennium Prize solution by December 31, 2026?","December 31, 2026",990236,AI lab announces another Millennium Prize solution by...?,ai-lab-announces-another-millennium-prize-solution-by,AI lab announces another Millennium Prize solution by...?,,[],open,binary,0.68,0.7,0.7,0.69,0.31,0.69,0.02,47266.405387,18172.495892999996,,10052.1097,2026-09-08T19:29:33Z,2027-01-01T04:59:00Z,2027-01-01T04:59:00Z,,,,,,,,,2026-09-10T16:38:51+00:00,46,"[""Yes"", ""No""]","[0.69, 0.31]",80108765023562418278305756757327490293166310800251142023703626044311144753731
kalshi,KXMLBSPREAD-26SEP101305HOUPHI-HOU4,https://kalshi.com/markets/kxmlbspread/pro-baseball-spread,https://kalshi.com/markets/kxmlbspread/pro-baseball-spread/kxmlbspread-26sep101305houphi,Houston wins by over 3.5 runs?,Houston wins by over 3.5 runs,KXMLBSPREAD-26SEP101305HOUPHI,Houston vs Philadelphia: Spread,KXMLBSPREAD,Pro Baseball Spread,Sports,"[""Baseball""]",open,binary,0.14,0.15,0.15,0.145,0.855,0.145,0.01,19168.83,18167.83,18167.83,0,2026-09-09T20:10:00Z,2026-09-13T17:05:00Z,2026-09-13T17:05:00Z,,,,greater,3.5,,,True,2026-09-10T16:38:54+00:00,,,,
polymarket,0x67a229c77a9ac893f3895ed4dd1dfd1f89a6145da408bba530a544ec77ff6bfb,https://polymarket.com/event/mlb-world-series-champion-2026/will-the-cleveland-guardians-win-the-2026-world-series,,Will the Cleveland Guardians win the 2026 World Series?,Cleveland Guardians,179312,MLB World Series Champion 2026,mlb-world-series-champion-2026,MLB World Series Champion 2026,,[],open,binary,0.017,0.02,0.02,0.0185,0.9815,0.0185,0.003,1095995.997786,18104,,124146.6249,2026-01-21T20:45:06.603Z,2026-10-31T23:55:00Z,2026-10-31T23:55:00Z,,,,,,,,,2026-09-10T16:38:51+00:00,,"[""Yes"", ""No""]","[0.0185, 0.9815]",86836855507912353672331273895741550012643122260675758564432763672972116051156
polymarket,0x0bc7c68ea480d16bb3928a058ee5619aecd469bbdeddabc72c51a655b168f81e,https://polymarket.com/event/of-views-of-mrbeast-video-on-day-5-20260907/will-mrbeasts-latest-video-get-between-71-and-72-million-views-on-day-5-20260907,,Will MrBeast's latest video get between 71 and 72 million views on day 5?,71–72M,994115,# of views of MrBeast video on day 5?,of-views-of-mrbeast-video-on-day-5-20260907,# of views of MrBeast video on day 5?,,[],open,binary,,0.001,0.001,0.0005,0.9995,0.0005,0.001,18094.721853000003,18034.721853,,8714.51868,2026-09-09T14:44:55Z,2026-09-10T23:59:00Z,2026-09-10T23:59:00Z,,,,,,,,,2026-09-10T16:38:51+00:00,-54.45,"[""Yes"", ""No""]","[0.0005, 0.9995]",102837965411651230844385170065302767108326712430342099655079906377841199965054
kalshi,KXNFLTD-26SEP10SFLAR-LARKWILLIAMS23-1,https://kalshi.com/markets/kxnfltd/pro-football-touchdowns,https://kalshi.com/markets/kxnfltd/pro-football-touchdowns/kxnfltd-26sep10sflar,Kyren Williams: 1+ touchdowns,Kyren Williams: 1+,KXNFLTD-26SEP10SFLAR,San Francisco vs Los Angeles R: Touchdowns,KXNFLTD,Pro Football Touchdowns,Sports,"[""Football""]",open,binary,0.51,0.52,0.52,0.515,0.485,0.515,0.01,20892.07,18031.89,20298.81,0,2026-08-27T23:45:00Z,2026-09-13T00:35:00Z,2026-09-13T00:35:00Z,,,,greater,0.5,,,True,2026-09-10T16:39:35+00:00,,,,
polymarket,0x20fd4cf096367edbd429168764db975b582249a7a3818684d051f445a3efaed1,https://polymarket.com/event/next-french-presidential-election/will-dominique-de-villepin-win-the-2027-french-presidential-election,,Will Dominique de Villepin win the 2027 French presidential election?,Dominique de Villepin,79987,Next French Presidential Election,next-french-presidential-election,Next French Presidential Election,,[],open,binary,0.006,0.01,0.006,0.008,0.992,0.008,0.004,1828119.117016,17976.43,,185132.96426,2025-11-13T23:09:44.545728Z,2027-04-30T00:00:00Z,2027-04-30T00:00:00Z,,,,,,,,,2026-09-10T16:38:51+00:00,-1.35,"[""Yes"", ""No""]","[0.008, 0.992]",94391324985187701312427605791553049327097814064787849723991205429060004737042
polymarket,0x4b2504020058038664a9c363bb87991c0666133c41c1133549763caa48a1af47,https://polymarket.com/event/highest-temperature-in-warsaw-on-september-10-2026/highest-temperature-in-warsaw-on-september-10-2026-17c,,Will the highest temperature in Warsaw be 17°C on September 10?,17°C,986729,Highest temperature in Warsaw on September 10?,highest-temperature-in-warsaw-on-september-10-2026,Highest temperature in Warsaw on September 10?,,[],open,binary,,0.001,0.002,0.0005,0.9995,0.0005,0.001,19694.085537,17948.173837000002,,8290.94452,2026-09-08T04:57:32Z,2026-09-10T12:00:00Z,2026-09-10T12:00:00Z,,,,,,,,,2026-09-10T16:38:51+00:00,-3.45,"[""Yes"", ""No""]","[0.0005, 0.9995]",45014079694061459499160617664379843311530521035307504009240418456176854758662
polymarket,0x0a91645ed98ad09817e051a17466cff087b920393aefba0fe74e8735fc192f15,https://polymarket.com/event/laptop-fdv-above-one-day-after-launch/laptop-fdv-above-25m-one-day-after-launch,,LAPTOP FDV above $25M one day after launch?,$25M,983493,$LAPTOP FDV above ___ one day after launch?,laptop-fdv-above-one-day-after-launch,$LAPTOP FDV above ___ one day after launch?,,[],open,binary,0.997,0.998,0.998,0.9975,0.0025,0.9975,0.001,120633.99874499999,17944.468158,,49562.29839,2026-09-07T16:29:12Z,2026-12-31T23:59:00Z,2026-12-31T23:59:00Z,,,,,,,,,2026-09-10T16:38:51+00:00,1.2,"[""Yes"", ""No""]","[0.9975, 0.0025]",98255364887669934733864645030488537034263699416357729920734267612805930214172
kalshi,SENATEIA-26-R,https://kalshi.com/markets/senateia/iowa-senate-race,https://kalshi.com/markets/senateia/iowa-senate-race/senateia-26,Will Republicans win the Senate race in Iowa?,Ashley Hinson,SENATEIA-26,Iowa Senate winner?,SENATEIA,Iowa Senate race,Elections,"[""Senate""]",open,binary,0.65,0.67,0.67,0.66,0.34,0.66,0.02,1075019.83,17939.4,676870.81,0,2024-12-03T15:00:00Z,2027-11-03T15:00:00Z,2027-11-03T15:00:00Z,,,,structured,,,,True,2026-09-10T16:40:30+00:00,,,,
kalshi,KXNFLTD-26SEP10SFLAR-LARDADAMS17-2,https://kalshi.com/markets/kxnfltd/pro-football-touchdowns,https://kalshi.com/markets/kxnfltd/pro-football-touchdowns/kxnfltd-26sep10sflar,Davante Adams: 2+ touchdowns,Davante Adams: 2+,KXNFLTD-26SEP10SFLAR,San Francisco vs Los Angeles R: Touchdowns,KXNFLTD,Pro Football Touchdowns,Sports,"[""Football""]",open,binary,0.08,0.09,0.09,0.085,0.915,0.085,0.01,27013.84,17933.29,26820.26,0,2026-08-27T23:45:00Z,2026-09-13T00:35:00Z,2026-09-13T00:35:00Z,,,,greater,1.5,,,True,2026-09-10T16:39:35+00:00,,,,
kalshi,KXDPWORLDTOUR-AMIO26-SCRO,https://kalshi.com/markets/kxdpworldtour/dp-world-tour-tournament-winner,https://kalshi.com/markets/kxdpworldtour/dp-world-tour-tournament-winner/kxdpworldtour-amio26,Will Sean Crocker win the Amgen Irish Open?,Sean Crocker,KXDPWORLDTOUR-AMIO26,Amgen Irish Open Winner,KXDPWORLDTOUR,DP World Tour Tournament Winner,Sports,"[""Golf""]",open,binary,0,0.001,0.001,0.0005,0.9995,0.0005,0.001,20652.15,17924.26,20652.15,0,2026-09-05T16:05:00Z,2026-09-27T00:00:00Z,2026-09-27T00:00:00Z,,,,structured,,,,True,2026-09-10T16:39:19+00:00,,,,
polymarket,0x03334475ac38309c4f616d3ba5c383227fe6bd852dc57cb22bac020246d5fed7,https://polymarket.com/event/elon-musk-of-tweets-september-8-september-15-2026/elon-musk-of-tweets-september-8-september-15-2026-120-139,,"Will Elon Musk post 120-139 tweets from September 8 to September 15, 2026?",120-139,967957,"Elon Musk # tweets September 8 - September 15, 2026?",elon-musk-of-tweets-september-8-september-15-2026,"Elon Musk # tweets September 8 - September 15, 2026?",,[],open,binary,0.036,0.037,0.036,0.0365,0.9635,0.0365,0.001,44592.045352999994,17915.818766,,16427.75437,2026-09-05T04:00:52Z,2026-09-15T16:00:00Z,2026-09-15T16:00:00Z,,,,,,,,,2026-09-10T16:38:51+00:00,-2.2,"[""Yes"", ""No""]","[0.0365, 0.9635]",30729927239018731136603441390931417622454689021329642025807844285337009455421
kalshi,KXUFCFIGHT-26SEP12MORMORA-MOR,https://kalshi.com/markets/kxufcfight/ufc-fight,https://kalshi.com/markets/kxufcfight/ufc-fight/kxufcfight-26sep12mormora,Brandon Moreno wins,Brandon Moreno,KXUFCFIGHT-26SEP12MORMORA,Fight Night: Moreno vs Morales,KXUFCFIGHT,UFC Fight,Sports,"[""MMA""]",open,binary,0.47,0.48,0.49,0.475,0.525,0.475,0.01,21069.78,17907.4,21031.27,0,2026-09-08T17:30:00Z,2026-09-26T22:20:00Z,2026-09-26T22:20:00Z,,,,structured,,,,True,2026-09-10T16:39:06+00:00,,,,
polymarket,0x787e8ba97af12b05472bad952f9bf0c2da84b54a02d65ff2ea89f3efd268459f,https://polymarket.com/event/bkfibaw-usa-hun2-2026-09-10/bkfibaw-usa-hun2-2026-09-10,,USA vs. Hungary/Japan,,987173,USA vs. Hungary/Japan,bkfibaw-usa-hun2-2026-09-10,USA vs. Hungary/Japan,,[],open,binary,0.8,0.99,0.997,0.895,0.105,0.895,0.19,21943.022080000002,17881.654597,,45583.11962,2026-09-08T07:30:44Z,2026-09-17T16:00:00Z,2026-09-17T16:00:00Z,,,,,,,,,2026-09-10T16:38:51+00:00,-9.75,"[""USA"", ""Hungary/Japan""]","[0.895, 0.105]",84564401116766857455612385524950621004184717858900633402183624526411050436152
kalshi,KXWFIBASPREAD-26SEP101445ESPAUS-ESP7,https://kalshi.com/markets/kxwfibaspread/women-s-fiba-spread,https://kalshi.com/markets/kxwfibaspread/women-s-fiba-spread/kxwfibaspread-26sep101445espaus,Spain wins by over 6.5 points,Spain wins by over 6.5 points,KXWFIBASPREAD-26SEP101445ESPAUS,Spain vs Australia: Spread,KXWFIBASPREAD,Women's FIBA Spread,Sports,"[""Basketball""]",open,binary,0.57,0.62,0.64,0.595,0.405,0.595,0.05,17860.43,17860.43,17218.2,0,2026-09-10T00:05:00Z,2026-09-12T18:45:00Z,2026-09-12T18:45:00Z,,,,greater,6.5,,,True,2026-09-10T16:38:53+00:00,,,,
polymarket,0xeaaff20bb57c41ac42134572378c7a8ad021393f750389a3bc64401e637a91d2,https://polymarket.com/event/cs2-nip-inf6-2026-09-10/cs2-nip-inf6-2026-09-10,,Counter-Strike: NIP vs Infinite (BO3) - Thunderpick World Championship Closed Qualifier Group D,Match Winner,996082,Counter-Strike: NIP vs Infinite (BO3) - Thunderpick World Championship Closed Qualifier Group D,cs2-nip-inf6-2026-09-10,Counter-Strike: NIP vs Infinite (BO3) - Thunderpick World Championship Closed Qualifier Group D,,[],open,binary,0.73,0.74,0.74,0.735,0.265,0.735,0.01,17842.615888999997,17842.615889,,58054.1748,2026-09-09T21:35:25Z,2026-09-10T23:00:00Z,2026-09-10T23:00:00Z,,,,,,,,,2026-09-10T16:38:51+00:00,,"[""NIP"", ""Infinite""]","[0.735, 0.265]",55902667925670328379099402779881000554559380157207768274291165715062054913290
polymarket,0x51efb9291d42b7b408aa00ba7c58d5567adac5e0612218c9f450e25f7f240b1c,https://polymarket.com/event/what-price-will-bitcoin-hit-september-7-13-2026/will-bitcoin-reach-86k-september-7-13-2026,,"Will Bitcoin reach $86,000 September 7-13?","↑ 86,000",980492,What price will Bitcoin hit September 7-13?,what-price-will-bitcoin-hit-september-7-13-2026,What price will Bitcoin hit September 7-13?,,[],open,binary,0.006,0.014,0.017,0.01,0.99,0.01,0.008,37877.574796,17841.631199,,33449.61114,2026-09-07T04:00:23Z,2026-09-14T04:00:00Z,2026-09-14T04:00:00Z,,,,,,,,,2026-09-10T16:38:51+00:00,-5.5,"[""Yes"", ""No""]","[0.01, 0.99]",9680690693821061576252665615856472821923919197140265547203012898174531045775
kalshi,KXNFLGAME-26SEP13NODET-NO,https://kalshi.com/markets/kxnflgame/professional-football-game,https://kalshi.com/markets/kxnflgame/professional-football-game/kxnflgame-26sep13nodet,New Orleans vs Detroit Pro Football game: New Orleans wins?,New Orleans,KXNFLGAME-26SEP13NODET,New Orleans vs Detroit,KXNFLGAME,Professional Football Game,Sports,"[""Football""]",open,binary,0.25,0.26,0.26,0.255,0.745,0.255,0.01,109027.36,17835.17,88811.85,0,2026-05-15T17:04:00Z,2026-09-15T17:00:00Z,2026-09-15T17:00:00Z,,,,structured,,,,True,2026-09-10T16:40:09+00:00,,,,
kalshi,KXLIGAMXGAME-26SEP11ALAPAC-ALA,https://kalshi.com/markets/kxligamxgame/liga-mx-game,https://kalshi.com/markets/kxligamxgame/liga-mx-game/kxligamxgame-26sep11alapac,Atlante wins,Atlante,KXLIGAMXGAME-26SEP11ALAPAC,Atlante vs Pachuca,KXLIGAMXGAME,Liga MX Game,Sports,"[""Soccer""]",open,binary,0.31,0.32,0.32,0.315,0.685,0.315,0.01,27304.62,17831.96,26548.48,0,2026-08-29T00:49:00Z,2026-09-14T09:00:00Z,2026-09-14T09:00:00Z,,,,structured,,,,True,2026-09-10T16:39:34+00:00,,,,
kalshi,KXUFCFIGHT-26SEP12KLOGAN-KLO,https://kalshi.com/markets/kxufcfight/ufc-fight,https://kalshi.com/markets/kxufcfight/ufc-fight/kxufcfight-26sep12klogan,Drakkar Klose wins,Drakkar Klose,KXUFCFIGHT-26SEP12KLOGAN,Fight Night: Klose vs Gantt,KXUFCFIGHT,UFC Fight,Sports,"[""MMA""]",open,binary,0.22,0.23,0.23,0.225,0.775,0.225,0.01,20113.16,17823.24,19626.79,0,2026-09-08T17:29:00Z,2026-09-26T19:00:00Z,2026-09-26T19:00:00Z,,,,structured,,,,True,2026-09-10T16:39:06+00:00,,,,
kalshi,KXDPWORLDTOURR1LEAD-AMIO26-NELV,https://kalshi.com/markets/kxdpworldtourr1lead/dp-world-tour-r1-leader,https://kalshi.com/markets/kxdpworldtourr1lead/dp-world-tour-r1-leader/kxdpworldtourr1lead-amio26,Nacho Elvira leads at the end of Round 1,Nacho Elvira,KXDPWORLDTOURR1LEAD-AMIO26,Amgen Irish Open End of Round 1 Leader,KXDPWORLDTOURR1LEAD,DP World Tour R1 Leader,Sports,"[""Golf""]",open,binary,0,0.01,0.003,0.005,0.995,0.005,0.01,24498.67,17748.99,24498.67,0,2026-09-07T00:10:00Z,2026-09-27T00:00:00Z,2026-09-27T00:00:00Z,,,,structured,,,,True,2026-09-10T16:39:15+00:00,,,,
kalshi,KXMLB-26-STL,https://kalshi.com/markets/kxmlb/world-series,https://kalshi.com/markets/kxmlb/world-series/kxmlb-26,Will St. Louis win the 2026 Pro Baseball Championship?,St. Louis,KXMLB-26,Pro Baseball Champion,KXMLB,World Series,Sports,"[""Baseball""]",open,binary,0,0.001,0.001,0.0005,0.9995,0.0005,0.001,2370349.87,17744.31,1951355.54,0,2025-12-17T15:00:00Z,2028-10-31T04:00:00Z,2028-10-31T04:00:00Z,,,,structured,,,,True,2026-09-10T16:40:27+00:00,,,,
kalshi,KXNCAAFGAME-26SEP12WAGJMU-WAG,https://kalshi.com/markets/kxncaafgame/college-football-game,https://kalshi.com/markets/kxncaafgame/college-football-game/kxncaafgame-26sep12wagjmu,Wagner wins,Wagner,KXNCAAFGAME-26SEP12WAGJMU,Wagner vs James Madison,KXNCAAFGAME,College Football Game,Sports,"[""Football""]",open,binary,0,0.01,0.01,0.005,0.995,0.005,0.01,67329.82,17743.49,64594.82,0,2026-08-25T14:38:00Z,2026-09-14T19:30:00Z,2026-09-14T19:30:00Z,,,,structured,,,,True,2026-09-10T16:39:37+00:00,,,,
polymarket,0x62cf9f20cd870e990e8f369e96d3a57b82caa931e248355e843239a7ee7fd211,https://polymarket.com/event/what-price-will-wti-hit-in-september-2026/will-wti-dip-to-90-in-september-2026-from-september-4,,Will WTI Crude Oil (WTI) hit (LOW) $90 in September?,↓ $90,907966,What will WTI Crude Oil (WTI) hit in September 2026?,what-price-will-wti-hit-in-september-2026,What will WTI Crude Oil (WTI) hit in September 2026?,,[],open,binary,0.512,0.526,0.52,0.519,0.481,0.519,0.014,56102.367808999996,17723.623034,,31319.84235,2026-09-04T16:45:01Z,2026-10-01T03:59:59.999Z,2026-10-01T03:59:59.999Z,,,,,,,,,2026-09-10T16:38:51+00:00,-15.55,"[""Yes"", ""No""]","[0.519, 0.481]",106865169592299548286587696300190957552253330566906307858266701916595931430747
kalshi,KXBTCD-26SEP1017-T74999.99,https://kalshi.com/markets/kxbtcd/bitcoin-price-above-below,https://kalshi.com/markets/kxbtcd/bitcoin-price-above-below/kxbtcd-26sep1017,"Bitcoin price on Sep 10, 2026?","$75,000 or above",KXBTCD-26SEP1017,"BTC price on Sep 10, 2026 at 5pm EDT?",KXBTCD,Bitcoin price Above/below,Crypto,"[""Hourly"", ""BTC""]",open,binary,0.97,0.99,0.97,0.98,0.02,0.98,0.02,17701.49,17701.49,10108.18,0,2026-09-09T20:00:00Z,2026-09-10T21:00:00Z,2026-09-17T21:00:00Z,,,,greater,74999.99,,BRTI,True,2026-09-10T16:39:01+00:00,,,,
polymarket,0x508c917d0ee4a7a5535e825c3f85ee47d27fc1e72f88475d88daa4877da2a9d0,https://polymarket.com/event/pro-football-2027-champion-20260729185915366/will-the-new-york-jets-win-the-2027-nfl-league-championship,,Will the New York Jets win the 2027 NFL league championship?,New York Jets,202857,Pro Football: 2027 Champion,pro-football-2027-champion-20260729185915366,Pro Football: 2027 Champion,,[],open,binary,0.005,0.006,0.005,0.0055,0.9945,0.0055,0.001,2131638.790177,17648.873333999996,,322608.84389,2026-02-09T00:44:14.468Z,2027-03-31T23:55:00Z,2027-03-31T23:55:00Z,,,,,,,,,2026-09-10T16:38:51+00:00,,"[""Yes"", ""No""]","[0.0055, 0.9945]",35620040664307062505140509445997394221816856666002677359785585186304324108887
kalshi,KXRETIREMM-26,https://kalshi.com/markets/kxretiremm/mitch-mcconnell-resigning,https://kalshi.com/markets/kxretiremm/mitch-mcconnell-resigning/kxretiremm-26,Will Mitch McConnell resign his office early?,Before election day 2026,KXRETIREMM-26,Will Mitch McConnell resign his office before the midterms?,KXRETIREMM,Mitch McConnell resigning,Politics,"[""Congress""]",open,binary,0.065,0.07,0.071,0.0675,0.9325,0.0675,0.005,3112465.27,17599.39,1264836.27,0,2024-12-21T15:00:00Z,2026-11-03T15:00:00Z,2026-11-03T15:00:00Z,,,,,,,,True,2026-09-10T16:40:30+00:00,,,,
polymarket,0x772c3160c38278fc83a974ad93e663b7fe32d52589738e40ddfb6f007232a0a1,https://polymarket.com/event/cs2-gbc2-rev9-2026-09-10/cs2-gbc2-rev9-2026-09-10,,Counter-Strike: Gothboiclique vs REVENIX (BO1) - Roman Imperium Cup Group A,Match Winner,996338,Counter-Strike: Gothboiclique vs REVENIX (BO1) - Roman Imperium Cup Group A,cs2-gbc2-rev9-2026-09-10,Counter-Strike: Gothboiclique vs REVENIX (BO1) - Roman Imperium Cup Group A,,[],open,binary,,0.001,0.009,0.0005,0.9995,0.0005,0.001,17587.747418,17587.747418,,76048.02138,2026-09-09T22:55:29Z,2026-09-10T15:45:00Z,2026-09-10T15:45:00Z,,,,,,,,,2026-09-10T16:38:51+00:00,,"[""Gothboiclique"", ""REVENIX""]","[0.0005, 0.9995]",65795828075212479964654057013147934737957566479068488791370422050971092040478
kalshi,KXLALIGASPREAD-26SEP13LEVBAR-BAR2,https://kalshi.com/markets/kxlaligaspread/la-liga-spread,https://kalshi.com/markets/kxlaligaspread/la-liga-spread/kxlaligaspread-26sep13levbar,Barcelona wins by more than 1.5 goals?,Barcelona wins by more than 1.5 goals,KXLALIGASPREAD-26SEP13LEVBAR,Levante vs Barcelona: Spread,KXLALIGASPREAD,La Liga Spread,Sports,"[""Soccer""]",open,binary,0.67,0.68,0.68,0.675,0.325,0.675,0.01,28793.51,17557.68,27847.51,0,2026-09-06T15:06:00Z,2026-09-15T20:15:00Z,2026-09-15T20:15:00Z,,,,greater,1.5,,,True,2026-09-10T16:39:16+00:00,,,,
polymarket,0xf0b242310cdfea0eb196624ac9cc4822ced0f2282395bc3466f6232cd7b7279c,https://polymarket.com/event/what-price-will-bitcoin-hit-on-september-10-2026/will-bitcoin-reach-80k-on-september-10-2026,,"Will Bitcoin reach $80,000 on September 10?","↑ 80,000",997382,What price will Bitcoin hit on September 10?,what-price-will-bitcoin-hit-on-september-10-2026,What price will Bitcoin hit on September 10?,,[],open,binary,0.002,0.011,0.014,0.0065,0.9935,0.0065,0.009,17544.618738,17547.559915,,13233.95197,2026-09-10T04:00:16Z,2026-09-11T04:00:00Z,2026-09-11T04:00:00Z,,,,,,,,,2026-09-10T16:38:51+00:00,,"[""Yes"", ""No""]","[0.0065, 0.9935]",92409477749819271488817718637354555065351323189138024322875195208733303681722
kalshi,KXDPWORLDTOURR1LEAD-AMIO26-CHIL,https://kalshi.com/markets/kxdpworldtourr1lead/dp-world-tour-r1-leader,https://kalshi.com/markets/kxdpworldtourr1lead/dp-world-tour-r1-leader/kxdpworldtourr1lead-amio26,Calum Hill leads at the end of Round 1,Calum Hill,KXDPWORLDTOURR1LEAD-AMIO26,Amgen Irish Open End of Round 1 Leader,KXDPWORLDTOURR1LEAD,DP World Tour R1 Leader,Sports,"[""Golf""]",open,binary,0,0.002,0.01,0.001,0.999,0.001,0.002,17547.9,17535.38,17472.02,0,2026-09-07T00:10:00Z,2026-09-27T00:00:00Z,2026-09-27T00:00:00Z,,,,structured,,,,True,2026-09-10T16:39:15+00:00,,,,
kalshi,KXHIGHMIA-26SEP10-B92.5,https://kalshi.com/markets/kxhighmia/highest-temperature-in-miami,https://kalshi.com/markets/kxhighmia/highest-temperature-in-miami/kxhighmia-26sep10,"Will the maximum temperature be 92-93° on Sep 10, 2026?",92° to 93°,KXHIGHMIA-26SEP10,"Highest temperature in Miami on Sep 10, 2026?",KXHIGHMIA,Highest temperature in Miami,Climate and Weather,"[""Daily temperature""]",open,binary,0.08,0.11,0.07,0.095,0.905,0.095,0.03,18292.72,17499.27,7903.6,0,2026-09-09T14:00:00Z,2026-09-11T05:00:00Z,2026-09-17T14:00:00Z,,,,between,92,93,CLIMIA,True,2026-09-10T16:38:58+00:00,,,,
polymarket,0xee307e0609e90bd64e7bb75135662091ff438b043031d79337a67b4d1f54763d,https://polymarket.com/event/pro-football-2027-champion-20260729185915366/will-the-kansas-city-chiefs-win-the-2027-nfl-league-championship,,Will the Kansas City Chiefs win the 2027 NFL league championship?,Kansas City Chiefs,202857,Pro Football: 2027 Champion,pro-football-2027-champion-20260729185915366,Pro Football: 2027 Champion,,[],open,binary,0.062,0.063,0.062,0.0625,0.9375,0.0625,0.001,1408398.4275469994,17495.733875,,127016.83346,2026-02-09T00:43:20.148Z,2027-03-31T23:55:00Z,2027-03-31T23:55:00Z,,,,,,,,,2026-09-10T16:38:51+00:00,0.1,"[""Yes"", ""No""]","[0.0625, 0.9375]",69042190742678678187984887226901406327636174762281438864527733358265304680670
kalshi,KXNFLNFCEAST-27-DAL,https://kalshi.com/markets/kxnflnfceast/national-football-conference-east-winner,https://kalshi.com/markets/kxnflnfceast/national-football-conference-east-winner/kxnflnfceast-27,Will Dallas win the Pro Football NFC East Division?,Dallas,KXNFLNFCEAST-27,NFC East Division Winner,KXNFLNFCEAST,National Football Conference East Winner,Sports,"[""Football""]",open,binary,0.35,0.36,0.36,0.355,0.645,0.355,0.01,379194.02,17487.72,304026.11,0,2026-02-10T15:00:00Z,2027-01-25T15:00:00Z,2027-01-25T15:00:00Z,,,,structured,,,,True,2026-09-10T16:40:23+00:00,,,,
polymarket,0xa420c06a38af15d498415739be1d07fa8d53836723c8033c98f9db1fbd4bdab5,https://polymarket.com/event/will-apple-release-a-foldable-iphone-before-2027/will-apple-release-a-foldable-iphone-by-september-15-877-292,,Will Apple release a foldable iPhone by September 15?,September 15,103468,Will Apple release a foldable iPhone by...?,will-apple-release-a-foldable-iphone-before-2027,Will Apple release a foldable iPhone by...?,,[],open,binary,0.002,0.013,0.007,0.0075,0.9925,0.0075,0.011,72112.052097,17422.691885,,4323.70358,2026-09-02T09:47:26.827Z,2026-09-15T23:59:00Z,2026-09-15T23:59:00Z,,,,,,,,,2026-09-10T16:38:51+00:00,-7.75,"[""Yes"", ""No""]","[0.0075, 0.9925]",29097658576046070879405813983428707835241125931838086434002776710725067808836
polymarket,0x6a01d2fb5bb23d1f432add79047067c2f0651b5a41bfb8ceca2ed298d8178d2d,https://polymarket.com/event/what-price-will-ethereum-hit-on-september-10-2026/will-ethereum-reach-2750-on-september-10-2026,,"Will Ethereum reach $2,750 on September 10?","↑ 2,750",997386,What price will Ethereum hit on September 10?,what-price-will-ethereum-hit-on-september-10-2026,What price will Ethereum hit on September 10?,,[],open,binary,0.001,0.005,0.012,0.003,0.997,0.003,0.004,17410.630341999997,17410.630342,,12378.25564,2026-09-10T04:00:27Z,2026-09-11T04:00:00Z,2026-09-11T04:00:00Z,,,,,,,,,2026-09-10T16:38:51+00:00,,"[""Yes"", ""No""]","[0.003, 0.997]",98512843181876480411979153976479483936765583984873190864430584650011205378531
polymarket,0x3334c6a7022857b8484f718f28f1ff1c03603b1b3009c95eb9fa1996c29e160b,https://polymarket.com/event/ucl-bay-bog-2026-09-10-more-markets/ucl-bay-bog-2026-09-10-total-3pt5,,FC Bayern München vs. FK Bodø/Glimt: O/U 3.5,O/U 3.5,931862,FC Bayern München vs. FK Bodø/Glimt - More Markets,ucl-bay-bog-2026-09-10-more-markets,FC Bayern München vs. FK Bodø/Glimt - More Markets,,[],open,binary,0.74,0.75,0.75,0.745,0.255,0.745,0.01,17591.55521,17401.037819,,88376.434,2026-08-29T18:15:41Z,2026-09-10T19:00:00Z,2026-09-10T19:00:00Z,,,,,,,,,2026-09-10T16:38:51+00:00,5,"[""Over"", ""Under""]","[0.745, 0.255]",106276188893286740361217634211822422614572304789611371391805344905419435753684
polymarket,0x63eaf41ce1f475323e2202d7dfa3b1def8b82cd166f7007c50bfbf47615c7b01,https://polymarket.com/event/what-price-will-bitcoin-hit-before-2027/will-bitcoin-reach-110000-by-december-31-2026-658-339-969,,"Will Bitcoin reach $110,000 by December 31, 2026?","↑ 110,000",89502,What price will Bitcoin hit in 2026?,what-price-will-bitcoin-hit-before-2027,What price will Bitcoin hit in 2026?,,[],open,binary,0.1,0.11,0.11,0.105,0.895,0.105,0.01,1684513.4261920007,17386.07,,91139.5711,2025-11-24T19:07:15.97Z,2027-01-01T05:00:00Z,2027-01-01T05:00:00Z,,,,,,,,,2026-09-10T16:38:51+00:00,-3,"[""Yes"", ""No""]","[0.105, 0.895]",74843373582432484858627201602003648342208168490128239235522790524493414154441
polymarket,0x2125bcf270e85ccaa34930e8fa74a2c5490f945011deafae38d8da72a7f28d27,https://polymarket.com/event/uefa-champions-league-2027-champion-20260701202025549/will-galatasaray-win-the-2026-27-uefa-champions-league-championship-20260701202025577,,Will Galatasaray win the 2026-27 UEFA Champions League Championship?,Galatasaray,659671,UEFA Champions League: 2027 Champion,uefa-champions-league-2027-champion-20260701202025549,UEFA Champions League: 2027 Champion,,[],open,binary,0.002,0.003,0.002,0.0025,0.9975,0.0025,0.001,330333.62116399995,17379.403334000002,,270308.46037,2026-07-02T19:05:16.479122Z,2027-05-30T23:59:00Z,2027-05-30T23:59:00Z,,,,,,,,,2026-09-10T16:38:51+00:00,,"[""Yes"", ""No""]","[0.0025, 0.9975]",37235274069643596212861925289800974015038229343057468524186718238198125063603
polymarket,0x36984d19f8f8354a95665c7d4ed3dae783f20dfb205aba1f1b0d59386e2c80b3,https://polymarket.com/event/bitcoin-above-on-september-11-2026/bitcoin-above-84k-on-september-11-2026,,"Will the price of Bitcoin be above $84,000 on September 11?","84,000",964867,Bitcoin above ___ on September 11?,bitcoin-above-on-september-11-2026,Bitcoin above ___ on September 11?,,[],open,binary,0.001,0.002,0.006,0.0015,0.9985,0.0015,0.001,37036.335561,17363.352562,,42142.71443,2026-09-04T16:00:22Z,2026-09-11T16:00:00Z,2026-09-11T16:00:00Z,,,,,,,,,2026-09-10T16:38:51+00:00,-2.7,"[""Yes"", ""No""]","[0.0015, 0.9985]",20349791399504631295485283905432704687939746615748779609082350940911269230667
kalshi,KXNFLRECYDS-26SEP10SFLAR-SFCMCCAFFREY23-40,https://kalshi.com/markets/kxnflrecyds/pro-football-receiving-yards,https://kalshi.com/markets/kxnflrecyds/pro-football-receiving-yards/kxnflrecyds-26sep10sflar,Christian McCaffrey: 40+ receiving yards,Christian McCaffrey: 40+,KXNFLRECYDS-26SEP10SFLAR,San Francisco vs Los Angeles R: Receiving Yards,KXNFLRECYDS,Pro Football Receiving Yards,Sports,"[""Football""]",open,binary,0.49,0.5,0.5,0.495,0.505,0.495,0.01,22129.8,17356.4,21814.51,0,2026-08-27T23:46:00Z,2026-09-13T00:35:00Z,2026-09-13T00:35:00Z,,,,greater,39.5,,,True,2026-09-10T16:39:35+00:00,,,,
kalshi,KXDPWORLDTOURR1LEAD-AMIO26-TOLE,https://kalshi.com/markets/kxdpworldtourr1lead/dp-world-tour-r1-leader,https://kalshi.com/markets/kxdpworldtourr1lead/dp-world-tour-r1-leader/kxdpworldtourr1lead-amio26,Thorbjorn Olesen leads at the end of Round 1,Thorbjorn Olesen,KXDPWORLDTOURR1LEAD-AMIO26,Amgen Irish Open End of Round 1 Leader,KXDPWORLDTOURR1LEAD,DP World Tour R1 Leader,Sports,"[""Golf""]",open,binary,0,0.001,0.014,0.0005,0.9995,0.0005,0.001,18773.6,17345.07,18773.6,0,2026-09-07T00:10:00Z,2026-09-27T00:00:00Z,2026-09-27T00:00:00Z,,,,structured,,,,True,2026-09-10T16:39:15+00:00,,,,
