source,id,url,title,outcome_label,event_id,event_title,series_id,series_title,category,tags,status,market_type,yes_bid,yes_ask,last_price,yes_price,no_price,implied_probability,spread,volume,volume_24h,open_interest,liquidity,open_time,close_time,expiration_time,settled_time,result,settlement_value,strike_type,floor_strike,cap_strike,settlement_station,price_change_24h_pts,outcomes,outcome_prices,yes_token_id,fetched_at,event_url,can_close_early
polymarket,0x50606d73fc865b6f9ed85d4b073966e1f6f9ae3a4d857987670ca13ff1fc6115,https://polymarket.com/event/lal-bet-get-2026-09-17/lal-bet-get-2026-09-17-bet,Will Real Betis Balompié win on 2026-09-17?,Real Betis Balompié,963032,Real Betis Balompié vs. Getafe CF,lal-bet-get-2026-09-17,Real Betis Balompié vs. Getafe CF,,[],open,binary,0.64,0.65,0.65,0.645,0.355,0.645,0.01,4846082.148064003,4743658.109179995,,110450.4256,2026-09-04T06:00:14Z,2026-09-17T17:00:00Z,2026-09-17T17:00:00Z,,,,,,,,6,"[""Yes"", ""No""]","[0.645, 0.355]",113164113035928641075181534517842642614399357353911940419183518648001665735860,2026-09-17T17:13:45+00:00,,
kalshi,KXBTC15M-26SEP171315-15,https://kalshi.com/markets/kxbtc15m/bitcoin-price-up-down,BTC price up in next 15 mins?,"Target Price: $76,664.40",KXBTC15M-26SEP171315,"BTC 15 min · $76,664.40 target",KXBTC15M,Bitcoin price up down,Crypto,"[""BTC"", ""15 min"", ""15 Min Markets""]",open,binary,0.998,0.999,0.999,0.9985,0.0015,0.9985,0.001,2092835.21,1435917.86,710954.01,0,2026-09-17T17:00:00Z,2026-09-17T17:15:00Z,2026-09-24T17:15:00Z,,,,greater_or_equal,76664.4,,,,,,,2026-09-17T17:13:49+00:00,https://kalshi.com/markets/kxbtc15m/bitcoin-price-up-down/kxbtc15m-26sep171315,True
kalshi,KXWTAMATCH-26SEP17LAMSIE-SIE,https://kalshi.com/markets/kxwtamatch/wta-tennis-match,Solana Sierra wins,Solana Sierra,KXWTAMATCH-26SEP17LAMSIE,Lamens vs Sierra,KXWTAMATCH,WTA Tennis Match,Sports,"[""Tennis""]",open,binary,0.26,0.27,0.27,0.265,0.735,0.265,0.01,1353490.3,1322118.43,849904.29,0,2026-09-16T19:55:00Z,2026-10-01T18:00:00Z,2026-10-01T18:00:00Z,,,,structured,,,,,,,,2026-09-17T17:13:49+00:00,https://kalshi.com/markets/kxwtamatch/wta-tennis-match/kxwtamatch-26sep17lamsie,True
kalshi,KXLALIGAGAME-26SEP17RBBGET-RBB,https://kalshi.com/markets/kxlaligagame/la-liga-game,Real Betis wins,Real Betis,KXLALIGAGAME-26SEP17RBBGET,Real Betis vs Getafe,KXLALIGAGAME,La Liga Game,Sports,"[""Soccer""]",open,binary,0.64,0.65,0.65,0.645,0.355,0.645,0.01,1334105.62,1253375.4,1294312.69,0,2026-09-03T00:37:00Z,2026-09-19T23:00:00Z,2026-09-19T23:00:00Z,,,,structured,,,,,,,,2026-09-17T17:14:14+00:00,https://kalshi.com/markets/kxlaligagame/la-liga-game/kxlaligagame-26sep17rbbget,True
kalshi,KXNFLTOTAL-26SEP17DETBUF-55,https://kalshi.com/markets/kxnfltotal/pro-football-total-points,Full Game: over 54.5 points scored?,Over 54.5 points scored,KXNFLTOTAL-26SEP17DETBUF,Detroit vs Buffalo: Total Points,KXNFLTOTAL,Pro Football Total Points,Sports,"[""Football""]",open,binary,0.51,0.52,0.52,0.515,0.485,0.515,0.01,1192391.6,1155644.73,1132065.57,0,2026-09-11T01:05:00Z,2026-09-20T00:15:00Z,2026-09-20T00:15:00Z,,,,greater,54.5,,,,,,,2026-09-17T17:14:06+00:00,https://kalshi.com/markets/kxnfltotal/pro-football-total-points/kxnfltotal-26sep17detbuf,True
kalshi,KXMLBGAME-26SEP171235MILPIT-PIT,https://kalshi.com/markets/kxmlbgame/professional-baseball-game,Pittsburgh wins,Pittsburgh,KXMLBGAME-26SEP171235MILPIT,Milwaukee vs Pittsburgh,KXMLBGAME,Professional Baseball Game,Sports,"[""Baseball""]",open,binary,0.78,0.79,0.78,0.785,0.215,0.785,0.01,1163873.6,1101253.14,991730.15,0,2026-09-14T16:59:00Z,2026-09-20T16:35:00Z,2026-09-20T16:35:00Z,,,,structured,,,,,,,,2026-09-17T17:13:58+00:00,https://kalshi.com/markets/kxmlbgame/professional-baseball-game/kxmlbgame-26sep171235milpit,True
polymarket,0xdf9bf27ee5757c55b44b8b9826ddc9ec3a8809aa3278634c45edbb7fc8f1a3e3,https://polymarket.com/event/fed-decision-in-october-20260617190323537/will-there-be-no-change-in-fed-interest-rates-after-the-october-2026-meeting-20260617190324031,Will there be no change in Fed interest rates after the October 2026 meeting?,No change,606422,Fed Decision in October?,fed-decision-in-october-20260617190323537,Fed Decision in October?,,[],open,binary,0.52,0.53,0.53,0.525,0.475,0.525,0.01,1736513.4013839997,1068973.380106,,339410.4226,2026-06-18T00:02:51.727205Z,2026-10-28T23:59:00Z,2026-10-28T23:59:00Z,,,,,,,,-12,"[""Yes"", ""No""]","[0.525, 0.475]",111061902544814266207267295505639408607400625795891618462682726460921782993748,2026-09-17T17:13:45+00:00,,
kalshi,KXNCAAFGAME-26SEP19LSUMISS-MISS,https://kalshi.com/markets/kxncaafgame/college-football-game,Will Ole Miss win the LSU vs Ole Miss college football game?,Ole Miss,KXNCAAFGAME-26SEP19LSUMISS,LSU vs Ole Miss,KXNCAAFGAME,College Football Game,Sports,"[""Football""]",open,binary,0.45,0.46,0.46,0.455,0.545,0.455,0.01,1174736.86,1004228.83,737230.47,0,2026-05-20T19:10:00Z,2026-09-21T23:30:00Z,2026-09-21T23:30:00Z,,,,structured,,,,,,,,2026-09-17T17:14:35+00:00,https://kalshi.com/markets/kxncaafgame/college-football-game/kxncaafgame-26sep19lsumiss,True
kalshi,KXNFLGAME-26SEP17DETBUF-BUF,https://kalshi.com/markets/kxnflgame/professional-football-game,Buffalo wins,Buffalo,KXNFLGAME-26SEP17DETBUF,DET Lions vs BUF Bills,KXNFLGAME,Professional Football Game,Sports,"[""Football""]",open,binary,0.68,0.69,0.69,0.685,0.315,0.685,0.01,1654343.12,894106.07,1453453.2,0,2026-08-25T15:33:00Z,2026-09-20T00:15:00Z,2026-09-20T00:15:00Z,,,,structured,,,,,,,,2026-09-17T17:14:18+00:00,https://kalshi.com/markets/kxnflgame/professional-football-game/kxnflgame-26sep17detbuf,True
polymarket,0xa9e2303ea4190c96c06513cf1c3554777828f3845d27af44f1f166eae6d3a6b5,https://polymarket.com/event/efl-mnc-nor-2026-09-17/efl-mnc-nor-2026-09-17-mnc,Will Manchester City FC win on 2026-09-17?,Manchester City FC,962580,Manchester City FC vs. Norwich City FC,efl-mnc-nor-2026-09-17,Manchester City FC vs. Norwich City FC,,[],open,binary,0.86,0.87,0.87,0.865,0.135,0.865,0.01,865765.2682910004,804109.1346590004,,365631.8736,2026-09-04T04:00:16Z,2026-09-17T18:30:00Z,2026-09-17T18:30:00Z,,,,,,,,,"[""Yes"", ""No""]","[0.865, 0.135]",91702670092197358329157407057769524483919239248439417819070465967716824465138,2026-09-17T17:13:45+00:00,,
kalshi,KXNFLGAME-26SEP17DETBUF-DET,https://kalshi.com/markets/kxnflgame/professional-football-game,Detroit wins,Detroit,KXNFLGAME-26SEP17DETBUF,DET Lions vs BUF Bills,KXNFLGAME,Professional Football Game,Sports,"[""Football""]",open,binary,0.31,0.32,0.32,0.315,0.685,0.315,0.01,1265669.85,782126.1,1146249.62,0,2026-08-25T15:33:00Z,2026-09-20T00:15:00Z,2026-09-20T00:15:00Z,,,,structured,,,,,,,,2026-09-17T17:14:18+00:00,https://kalshi.com/markets/kxnflgame/professional-football-game/kxnflgame-26sep17detbuf,True
polymarket,0xe4f8971db4553964ada1afc3ee5c40877c60e8d3c495bdcbe27a1650c97b3937,https://polymarket.com/event/wta-jorge-kasints-2026-09-16/wta-jorge-kasints-2026-09-16,Caldas da Rainha: Francisca Jorge vs Victoria Jimenez Kasintseva,,1028665,Caldas da Rainha: Francisca Jorge vs Victoria Jimenez Kasintseva,wta-jorge-kasints-2026-09-16,Caldas da Rainha: Francisca Jorge vs Victoria Jimenez Kasintseva,,[],open,binary,0.999,1,0.999,0.9995,0.0005,0.9995,0.001,801083.2017869997,778398.9058429999,,860222.56155,2026-09-15T16:16:18Z,2026-09-23T08:00:00Z,2026-09-23T08:00:00Z,,,,,,,,53.45,"[""Francisca Jorge"", ""Victoria Jimenez Kasintseva""]","[0.9995, 0.0005]",32497485744718935692393739534271779803113856500392624434446588283607167948931,2026-09-17T17:13:45+00:00,,
polymarket,0x12aa13b3da17ceae1b0a59b5d5b77121e91bb79b4bb0b52bf6543ed3f8d0953b,https://polymarket.com/event/fed-decision-in-october-20260617190323537/will-the-fed-increase-interest-rates-by-25-bps-after-the-october-2026-meeting-20260617190324032,Will the Fed increase interest rates by 25 bps after the October 2026 meeting?,25 bps increase,606422,Fed Decision in October?,fed-decision-in-october-20260617190323537,Fed Decision in October?,,[],open,binary,0.47,0.48,0.48,0.475,0.525,0.475,0.01,1427138.565638,737345.899906,,246420.0804,2026-06-17T23:34:28.470106Z,2026-10-28T23:59:00Z,2026-10-28T23:59:00Z,,,,,,,,13,"[""Yes"", ""No""]","[0.475, 0.525]",55159722761418013044126414276680602270318000841690689684819994448621694923050,2026-09-17T17:13:45+00:00,,
polymarket,0xeb7a84325b6f707ce9aecf68c2980a44038737b9c5c1463960384f1769b33d6a,https://polymarket.com/event/cs2-navi-aur1-2026-09-17/cs2-navi-aur1-2026-09-17,Counter-Strike: Natus Vincere vs Aurora Gaming (BO3) - StarLadder StarSeries Playoffs,Match Winner,1005583,Counter-Strike: Natus Vincere vs Aurora Gaming (BO3) - StarLadder StarSeries Playoffs,cs2-navi-aur1-2026-09-17,Counter-Strike: Natus Vincere vs Aurora Gaming (BO3) - StarLadder StarSeries Playoffs,,[],open,binary,,0.001,0.01,0.0005,0.9995,0.0005,0.001,827117.2542680004,730151.8534810008,,552870.91308,2026-09-11T18:25:34Z,2026-09-17T21:00:00Z,2026-09-17T21:00:00Z,,,,,,,,-54.45,"[""Natus Vincere"", ""Aurora Gaming""]","[0.0005, 0.9995]",83274816028898299249061917296793424930233383898244144271638497948317608947972,2026-09-17T17:13:45+00:00,,
kalshi,KXMLBGAME-26SEP171235MILPIT-MIL,https://kalshi.com/markets/kxmlbgame/professional-baseball-game,Milwaukee wins,Milwaukee,KXMLBGAME-26SEP171235MILPIT,Milwaukee vs Pittsburgh,KXMLBGAME,Professional Baseball Game,Sports,"[""Baseball""]",open,binary,0.21,0.22,0.22,0.215,0.785,0.215,0.01,771189.31,690567.25,653384.36,0,2026-09-14T16:59:00Z,2026-09-20T16:35:00Z,2026-09-20T16:35:00Z,,,,structured,,,,,,,,2026-09-17T17:13:58+00:00,https://kalshi.com/markets/kxmlbgame/professional-baseball-game/kxmlbgame-26sep171235milpit,True
kalshi,KXNCAAF-27-TENN,https://kalshi.com/markets/kxncaaf/ncaaf-championship,Will Tennessee win the College Football Playoff National Championship?,Tennessee,KXNCAAF-27,College Football National Championship Winner,KXNCAAF,NCAAF Championship,Sports,"[""Football""]",open,binary,0.01,0.02,0.02,0.015,0.985,0.015,0.01,727297.12,601814.77,718271.8,0,2026-01-21T22:00:00Z,2027-02-23T04:00:00Z,2027-02-23T04:00:00Z,,,,structured,,,,,,,,2026-09-17T17:14:45+00:00,https://kalshi.com/markets/kxncaaf/ncaaf-championship/kxncaaf-27,True
kalshi,KXMLBGAME-26SEP171240LADCIN-LAD,https://kalshi.com/markets/kxmlbgame/professional-baseball-game,Los Angeles D wins,Los Angeles D,KXMLBGAME-26SEP171240LADCIN,Los Angeles D vs Cincinnati,KXMLBGAME,Professional Baseball Game,Sports,"[""Baseball""]",open,binary,0.87,0.88,0.87,0.875,0.125,0.875,0.01,620774.45,597610.46,542992.17,0,2026-09-14T16:59:00Z,2026-09-20T16:40:00Z,2026-09-20T16:40:00Z,,,,structured,,,,,,,,2026-09-17T17:13:58+00:00,https://kalshi.com/markets/kxmlbgame/professional-baseball-game/kxmlbgame-26sep171240ladcin,True
polymarket,0x61cf6674503820c8babc2d0ec1a314b161f606b42881a0eff8a03dcbb2e21fdd,https://polymarket.com/event/atp-pieczon-trungel-2026-09-17/atp-pieczon-trungel-2026-09-17,Szczecin: Filip Pieczonka vs Marco Trungelliti,,1030434,Szczecin: Filip Pieczonka vs Marco Trungelliti,atp-pieczon-trungel-2026-09-17,Szczecin: Filip Pieczonka vs Marco Trungelliti,,[],open,binary,,0.001,0.001,0.0005,0.9995,0.0005,0.001,587038.4652689999,582918.7821450006,,832321.16312,2026-09-15T23:05:40Z,2026-09-24T08:30:00Z,2026-09-24T08:30:00Z,,,,,,,,-16.95,"[""Filip Pieczonka"", ""Marco Trungelliti""]","[0.0005, 0.9995]",36104547002006951088398431553118035274838129072635660963491485437762117490233,2026-09-17T17:13:45+00:00,,
kalshi,KXITFMATCH-26SEP17BANELD-ELD,https://kalshi.com/markets/kxitfmatch/itf-men-s-match,Robin Eldin wins,Robin Eldin,KXITFMATCH-26SEP17BANELD,Banerjee vs Eldin,KXITFMATCH,ITF Men's Match,Sports,"[""Tennis""]",open,binary,0.07,0.08,0.08,0.075,0.925,0.075,0.01,570413.21,558524.34,333636.06,0,2026-09-16T21:12:00Z,2026-10-01T13:00:00Z,2026-10-01T13:00:00Z,,,,structured,,,,,,,,2026-09-17T17:13:48+00:00,https://kalshi.com/markets/kxitfmatch/itf-men-s-match/kxitfmatch-26sep17baneld,True
kalshi,CONTROLH-2026-R,https://kalshi.com/markets/controlh/house-winner,Will Republicans win the House in 2026?,Republican Party,CONTROLH-2026,Which party will win the U.S. House?,CONTROLH,House winner,Elections,"[""US Elections""]",open,binary,0.11,0.12,0.12,0.115,0.885,0.115,0.01,20328867.95,517323.25,12956166.69,0,2024-11-06T15:00:00Z,2027-02-01T15:00:00Z,2027-02-01T15:00:00Z,,,,structured,,,,,,,,2026-09-17T17:14:48+00:00,https://kalshi.com/markets/controlh/house-winner/controlh-2026,True
polymarket,0x502a94e5c525766d5ee7f16c6568131ba1b2cbadb69c703af05a6ef00336ed64,https://polymarket.com/event/which-party-will-gain-most-seats-in-russian-parliamentary-election/will-united-russia-er-gain-the-most-seats-in-the-next-russian-parliamentary-election,Will United Russia (ER) gain the most seats in the next Russian parliamentary election?,United Russia (ER),149589,Which party will gain most seats in Russian Parliamentary Election?,which-party-will-gain-most-seats-in-russian-parliamentary-election,Which party will gain most seats in Russian Parliamentary Election?,,[],open,binary,0.75,0.76,0.76,0.755,0.245,0.755,0.01,11727760.989511002,517272.377001,,594977.1885,2026-01-07T21:34:52.537984Z,2026-09-30T00:00:00Z,2026-09-30T00:00:00Z,,,,,,,,2,"[""Yes"", ""No""]","[0.755, 0.245]",20915769520649892253891152116814645067070024223185517956799957803974344024878,2026-09-17T17:13:45+00:00,,
kalshi,KXNFLTD-26SEP17DETBUF-BUFJALLEN17-1,https://kalshi.com/markets/kxnfltd/pro-football-touchdowns,Josh Allen: 1+ touchdowns,Josh Allen: 1+,KXNFLTD-26SEP17DETBUF,Detroit vs Buffalo: Touchdowns,KXNFLTD,Pro Football Touchdowns,Sports,"[""Football""]",open,binary,0.52,0.53,0.53,0.525,0.475,0.525,0.01,534320.5,496087.74,532591.19,0,2026-09-14T12:15:00Z,2026-09-20T00:15:00Z,2026-09-20T00:15:00Z,,,,greater,0.5,,,,,,,2026-09-17T17:14:00+00:00,https://kalshi.com/markets/kxnfltd/pro-football-touchdowns/kxnfltd-26sep17detbuf,True
kalshi,KXDPWORLDTOUR-BMPC26-RMCI,https://kalshi.com/markets/kxdpworldtour/dp-world-tour-tournament-winner,Will Rory McIlroy win the BMW PGA Championship?,Rory McIlroy,KXDPWORLDTOUR-BMPC26,BMW PGA Championship Winner,KXDPWORLDTOUR,DP World Tour Tournament Winner,Sports,"[""Golf""]",open,binary,0.079,0.08,0.08,0.0795,0.9205,0.0795,0.001,806954.03,487841.89,740643.04,0,2026-09-12T12:00:00Z,2026-10-04T00:00:00Z,2026-10-04T00:00:00Z,,,,structured,,,,,,,,2026-09-17T17:14:05+00:00,https://kalshi.com/markets/kxdpworldtour/dp-world-tour-tournament-winner/kxdpworldtour-bmpc26,True
polymarket,0x6bd56627aa21311850825edb27e53434a0e17a4f782be0086bc07f71eee00d0d,https://polymarket.com/event/putin-out-before-2027/putin-out-before-2027-346,"Putin out as President of Russia by December 31, 2026?","December 31, 2026",31195,Putin out as President of Russia by...?,putin-out-before-2027,Putin out as President of Russia by...?,,[],open,binary,0.04,0.05,0.04,0.045,0.955,0.045,0.01,21780887.152264003,459800.787534,,785453.6973,2025-07-06T22:30:10.584Z,2027-01-01T04:59:00Z,2027-01-01T04:59:00Z,,,,,,,,-1,"[""Yes"", ""No""]","[0.045, 0.955]",350977769852917329387037893294763093471844346281449484439085576212613048126,2026-09-17T17:13:45+00:00,,
polymarket,0xefa17dee3af09f69f9ddf245b969aa4efbe7c71cdf06ee49d694408bc33e2ed2,https://polymarket.com/event/uefa-champions-league-2027-champion-20260701202025549/will-shakhtar-donetsk-win-the-2026-27-uefa-champions-league-championship-20260701202025578,Will Shakhtar Donetsk win the 2026-27 UEFA Champions League Championship?,Shakhtar Donetsk,659671,UEFA Champions League: 2027 Champion,uefa-champions-league-2027-champion-20260701202025549,UEFA Champions League: 2027 Champion,,[],open,binary,0.001,0.002,0.002,0.0015,0.9985,0.0015,0.001,18828324.061999995,429396.713,,425744.41108,2026-07-02T19:05:19.55463Z,2027-05-30T23:59:00Z,2027-05-30T23:59:00Z,,,,,,,,,"[""Yes"", ""No""]","[0.0015, 0.9985]",33339798372916037220786136133406478491116150628220441951753426683441228279665,2026-09-17T17:13:45+00:00,,
kalshi,KXNCAAFGAME-26SEP19LSUMISS-LSU,https://kalshi.com/markets/kxncaafgame/college-football-game,Will LSU win the LSU vs Ole Miss college football game?,LSU,KXNCAAFGAME-26SEP19LSUMISS,LSU vs Ole Miss,KXNCAAFGAME,College Football Game,Sports,"[""Football""]",open,binary,0.54,0.55,0.55,0.545,0.455,0.545,0.01,866311.51,421483.84,643405.49,0,2026-05-20T19:10:00Z,2026-09-21T23:30:00Z,2026-09-21T23:30:00Z,,,,structured,,,,,,,,2026-09-17T17:14:35+00:00,https://kalshi.com/markets/kxncaafgame/college-football-game/kxncaafgame-26sep19lsumiss,True
kalshi,KXEFLCUPGAME-26SEP17MCINOR-MCI,https://kalshi.com/markets/kxeflcupgame/efl-cup-game,Reg Time: Manchester City wins,Reg Time: Manchester City,KXEFLCUPGAME-26SEP17MCINOR,Manchester City vs Norwich: Regulation Time Moneyline,KXEFLCUPGAME,EFL Cup Game,Sports,"[""Soccer""]",open,binary,0.88,0.89,0.89,0.885,0.115,0.885,0.01,410116.47,407935.2,385942.88,0,2026-09-10T00:35:00Z,2026-09-19T18:30:00Z,2026-09-19T18:30:00Z,,,,structured,,,,,,,,2026-09-17T17:14:11+00:00,https://kalshi.com/markets/kxeflcupgame/efl-cup-game/kxeflcupgame-26sep17mcinor,True
kalshi,KXMLBTOTAL-26SEP171240LADCIN-10,https://kalshi.com/markets/kxmlbtotal/pro-baseball-total-points,Over 9.5 runs scored,Over 9.5 runs scored,KXMLBTOTAL-26SEP171240LADCIN,Los Angeles D vs Cincinnati: Total Runs,KXMLBTOTAL,Pro Baseball Total Points,Sports,"[""Baseball""]",open,binary,0.74,0.75,0.76,0.745,0.255,0.745,0.01,406005.61,405861.29,385452.67,0,2026-09-17T00:50:00Z,2026-09-20T16:40:00Z,2026-09-20T16:40:00Z,,,,greater,9.5,,,,,,,2026-09-17T17:13:47+00:00,https://kalshi.com/markets/kxmlbtotal/pro-baseball-total-points/kxmlbtotal-26sep171240ladcin,True
polymarket,0xd3d35754ba5135aa8e67e2c5a4c18dee955cab3de50c3f4e14721804db4aca2b,https://polymarket.com/event/cs2-lg6-m80-2026-09-17/cs2-lg6-m80-2026-09-17,Counter-Strike: Luminosity vs M80 (BO1) - Logitech G Play Connect Group A,Match Winner,996097,Counter-Strike: Luminosity vs M80 (BO1) - Logitech G Play Connect Group A,cs2-lg6-m80-2026-09-17,Counter-Strike: Luminosity vs M80 (BO1) - Logitech G Play Connect Group A,,[],open,binary,0.86,0.87,0.88,0.865,0.135,0.865,0.01,437328.1421169999,403645.57875099994,,41315.4056,2026-09-09T21:36:39Z,2026-09-17T22:45:00Z,2026-09-17T22:45:00Z,,,,,,,,39,"[""Luminosity"", ""M80""]","[0.865, 0.135]",87797747703386799365714641774737101095314849121231809130531704639800006572098,2026-09-17T17:13:45+00:00,,
kalshi,KXITFWMATCH-26SEP17CATCIN-CAT,https://kalshi.com/markets/kxitfwmatch/itf-women-s-match,Ava Catanzarite wins,Ava Catanzarite,KXITFWMATCH-26SEP17CATCIN,Catanzarite vs Cinalli,KXITFWMATCH,ITF Women's Match,Sports,"[""Tennis""]",open,binary,0.34,0.35,0.35,0.345,0.655,0.345,0.01,417727.96,401752.32,156697.24,0,2026-09-16T22:11:00Z,2026-10-01T14:00:00Z,2026-10-01T14:00:00Z,,,,structured,,,,,,,,2026-09-17T17:13:48+00:00,https://kalshi.com/markets/kxitfwmatch/itf-women-s-match/kxitfwmatch-26sep17catcin,True
polymarket,0x1f999660bfedd6f731d803c988db20cac684598bf659feb9da1b974b2a98d597,https://polymarket.com/event/cs2-navi-aur1-2026-09-17/cs2-navi-aur1-2026-09-17-game2,Counter-Strike: Natus Vincere vs Aurora Gaming - Map 2 Winner,Map 2 Winner,1005583,Counter-Strike: Natus Vincere vs Aurora Gaming (BO3) - StarLadder StarSeries Playoffs,cs2-navi-aur1-2026-09-17,Counter-Strike: Natus Vincere vs Aurora Gaming (BO3) - StarLadder StarSeries Playoffs,,[],open,binary,,0.001,0.001,0.0005,0.9995,0.0005,0.001,446018.3478380003,395159.8764450004,,406017.58234,2026-09-11T18:25:33Z,2026-09-17T19:00:00Z,2026-09-17T19:00:00Z,,,,,,,,-56.45,"[""Natus Vincere"", ""Aurora Gaming""]","[0.0005, 0.9995]",85783649805490672639415553629330268595471220462389811342463421208615418052806,2026-09-17T17:13:45+00:00,,
kalshi,KXNCAAF-27-MISS,https://kalshi.com/markets/kxncaaf/ncaaf-championship,Will Ole Miss win the College Football Playoff National Championship?,Ole Miss,KXNCAAF-27,College Football National Championship Winner,KXNCAAF,NCAAF Championship,Sports,"[""Football""]",open,binary,0.02,0.03,0.02,0.025,0.975,0.025,0.01,2739422.18,388013.42,2047152.71,0,2026-01-21T22:00:00Z,2027-02-23T04:00:00Z,2027-02-23T04:00:00Z,,,,structured,,,,,,,,2026-09-17T17:14:45+00:00,https://kalshi.com/markets/kxncaaf/ncaaf-championship/kxncaaf-27,True
kalshi,KXT20MATCH-26SEP170915DUBROT-ROT,https://kalshi.com/markets/kxt20match/men-s-t20-cricket-match,Rotterdam Dockers wins,Rotterdam Dockers,KXT20MATCH-26SEP170915DUBROT,Rotterdam Dockers vs Dublin Guardians,KXT20MATCH,Men's T20 Cricket Match,Sports,"[""Cricket""]",open,binary,0.32,0.33,0.33,0.325,0.675,0.325,0.01,384665.28,383656.31,228635.63,0,2026-09-10T00:11:00Z,2026-09-19T17:15:00Z,2026-09-19T17:15:00Z,,,,structured,,,,,,,,2026-09-17T17:14:11+00:00,https://kalshi.com/markets/kxt20match/men-s-t20-cricket-match/kxt20match-26sep170915dubrot,True
kalshi,KXPGATOUR-BICA26-BKOH,https://kalshi.com/markets/kxpgatour/pga-tour,Will Ben Kohles win the Biltmore Championship Asheville?,Ben Kohles,KXPGATOUR-BICA26,Biltmore Championship Asheville Winner,KXPGATOUR,PGA Tour,Sports,"[""Golf""]",open,binary,0.027,0.039,0.039,0.033,0.967,0.033,0.012,534899.37,383007.04,519523.45,0,2026-09-13T23:05:00Z,2026-10-04T00:00:00Z,2026-10-04T00:00:00Z,,,,structured,,,,,,,,2026-09-17T17:14:02+00:00,https://kalshi.com/markets/kxpgatour/pga-tour/kxpgatour-bica26,True
kalshi,KXWTAMATCH-26SEP17LAMSIE-LAM,https://kalshi.com/markets/kxwtamatch/wta-tennis-match,Suzan Lamens wins,Suzan Lamens,KXWTAMATCH-26SEP17LAMSIE,Lamens vs Sierra,KXWTAMATCH,WTA Tennis Match,Sports,"[""Tennis""]",open,binary,0.73,0.74,0.74,0.735,0.265,0.735,0.01,416963.94,374953.51,275732.58,0,2026-09-16T19:55:00Z,2026-10-01T18:00:00Z,2026-10-01T18:00:00Z,,,,structured,,,,,,,,2026-09-17T17:13:49+00:00,https://kalshi.com/markets/kxwtamatch/wta-tennis-match/kxwtamatch-26sep17lamsie,True
polymarket,0xa69ef420d8b4075ad8ba8611d02c63cb2ece46f5c8c643af223c272689b0c96f,https://polymarket.com/event/fed-decision-in-october-20260617190323537/will-the-fed-decrease-interest-rates-by-50-bps-after-the-october-2026-meeting-20260617190324029,Will the Fed decrease interest rates by 50+ bps after the October 2026 meeting?,50+ bps decrease,606422,Fed Decision in October?,fed-decision-in-october-20260617190323537,Fed Decision in October?,,[],open,binary,0.003,0.004,0.004,0.0035,0.9965,0.0035,0.001,868881.0925419999,374759.26955399994,,289158.53279,2026-06-18T00:33:16.217093Z,2026-10-28T23:59:00Z,2026-10-28T23:59:00Z,,,,,,,,-0.05,"[""Yes"", ""No""]","[0.0035, 0.9965]",17010377994663817312158123655937348199252960045746746128731746451645055725586,2026-09-17T17:13:45+00:00,,
kalshi,KXMLBGAME-26SEP171510SDCOL-SD,https://kalshi.com/markets/kxmlbgame/professional-baseball-game,San Diego wins,San Diego,KXMLBGAME-26SEP171510SDCOL,San Diego vs Colorado,KXMLBGAME,Professional Baseball Game,Sports,"[""Baseball""]",open,binary,0.64,0.65,0.65,0.645,0.355,0.645,0.01,368577.46,367031.43,359705.42,0,2026-09-14T19:28:00Z,2026-09-20T19:10:00Z,2026-09-20T19:10:00Z,,,,structured,,,,,,,,2026-09-17T17:13:58+00:00,https://kalshi.com/markets/kxmlbgame/professional-baseball-game/kxmlbgame-26sep171510sdcol,True
polymarket,0x9cf563d7b55aa9aa876d5d7e55126347eee473f0ae56d799e325fdef2bf25297,https://polymarket.com/event/fed-decision-in-october-20260617190323537/will-the-fed-decrease-interest-rates-by-25-bps-after-the-october-2026-meeting-20260617190324030,Will the Fed decrease interest rates by 25 bps after the October 2026 meeting?,25 bps decrease,606422,Fed Decision in October?,fed-decision-in-october-20260617190323537,Fed Decision in October?,,[],open,binary,0.007,0.008,0.007,0.0075,0.9925,0.0075,0.001,1201499.384603,364500.5262820001,,342193.88893,2026-06-18T00:02:08.765961Z,2026-10-28T23:59:00Z,2026-10-28T23:59:00Z,,,,,,,,-0.85,"[""Yes"", ""No""]","[0.0075, 0.9925]",33268510350568915228897273528353467773422190590579607471427765079749830445947,2026-09-17T17:13:45+00:00,,
polymarket,0x191bb8d94ffd64eee630274001950c38948f174755272d640653d4bf47d3a5a4,https://polymarket.com/event/lal-bet-get-2026-09-17/lal-bet-get-2026-09-17-get,Will Getafe CF win on 2026-09-17?,Getafe CF,963032,Real Betis Balompié vs. Getafe CF,lal-bet-get-2026-09-17,Real Betis Balompié vs. Getafe CF,,[],open,binary,0.11,0.12,0.12,0.115,0.885,0.115,0.01,364178.55731000035,352854.567892,,109790.0377,2026-09-04T06:00:14Z,2026-09-17T17:00:00Z,2026-09-17T17:00:00Z,,,,,,,,-5,"[""Yes"", ""No""]","[0.115, 0.885]",49909180925790354674412406923264105579063609667994361385335649332988523923749,2026-09-17T17:13:45+00:00,,
kalshi,KXEFLCUPADVANCE-26SEP17MCINOR-MCI,https://kalshi.com/markets/kxeflcupadvance/efl-cup-advance,Manchester City To Advance,Manchester City advances,KXEFLCUPADVANCE-26SEP17MCINOR,Manchester City vs Norwich,KXEFLCUPADVANCE,EFL Cup Advance,Sports,"[""Soccer""]",open,binary,0.95,0.96,0.96,0.955,0.045,0.955,0.01,351120.76,348921.68,334848.89,0,2026-09-10T00:35:00Z,2026-09-19T18:30:00Z,2026-09-19T18:30:00Z,,,,structured,,,,,,,,2026-09-17T17:14:11+00:00,https://kalshi.com/markets/kxeflcupadvance/efl-cup-advance/kxeflcupadvance-26sep17mcinor,True
kalshi,KXPGATOUR-BICA26-JKOI,https://kalshi.com/markets/kxpgatour/pga-tour,Will Jackson Koivun win the Biltmore Championship Asheville?,Jackson Koivun,KXPGATOUR-BICA26,Biltmore Championship Asheville Winner,KXPGATOUR,PGA Tour,Sports,"[""Golf""]",open,binary,0.067,0.068,0.067,0.0675,0.9325,0.0675,0.001,706562.43,343478.93,621419.44,0,2026-09-13T23:05:00Z,2026-10-04T00:00:00Z,2026-10-04T00:00:00Z,,,,structured,,,,,,,,2026-09-17T17:14:02+00:00,https://kalshi.com/markets/kxpgatour/pga-tour/kxpgatour-bica26,True
kalshi,KXWTAMATCH-26SEP17LEMQUE-LEM,https://kalshi.com/markets/kxwtamatch/wta-tennis-match,Nauhany Vitoria Leme Da Silva wins,Nauhany Vitoria Leme Da Silva,KXWTAMATCH-26SEP17LEMQUE,Leme Da Silva vs Quevedo,KXWTAMATCH,WTA Tennis Match,Sports,"[""Tennis""]",open,binary,0.01,0.02,0.01,0.015,0.985,0.015,0.01,342302.85,339885.11,180856.47,0,2026-09-16T19:15:00Z,2026-10-01T18:00:00Z,2026-10-01T18:00:00Z,,,,structured,,,,,,,,2026-09-17T17:13:49+00:00,https://kalshi.com/markets/kxwtamatch/wta-tennis-match/kxwtamatch-26sep17lemque,True
kalshi,KXPRESNOMD-28-JBP,https://kalshi.com/markets/kxpresnomd/democratic-primary-winner,Will J.B. Pritzker be the Democratic Presidential nominee in 2028?,J.B. Pritzker,KXPRESNOMD-28,2028 Democratic presidential nominee,KXPRESNOMD,Democratic Primary winner,Elections,"[""2028"", ""US Elections""]",open,binary,0.019,0.022,0.024,0.0205,0.9795,0.0205,0.003,5606694.55,332659.96,3886179.71,0,2024-11-06T15:00:00Z,2028-11-07T15:00:00Z,2028-11-07T15:00:00Z,,,,custom,,,,,,,,2026-09-17T17:14:48+00:00,https://kalshi.com/markets/kxpresnomd/democratic-primary-winner/kxpresnomd-28,True
kalshi,SENATETX-26-R,https://kalshi.com/markets/senatetx/texas-senate-race,Will Republicans win the Senate race in Texas?,Ken Paxton,SENATETX-26,Texas Senate winner?,SENATETX,Texas Senate race,Elections,"[""Senate""]",open,binary,0.44,0.45,0.45,0.445,0.555,0.445,0.01,7399520.48,330894.53,4973150.24,0,2024-12-03T15:00:00Z,2027-11-03T15:00:00Z,2027-11-03T15:00:00Z,,,,structured,,,,,,,,2026-09-17T17:14:47+00:00,https://kalshi.com/markets/senatetx/texas-senate-race/senatetx-26,True
kalshi,KXPGATOUR-BICA26-NTAY,https://kalshi.com/markets/kxpgatour/pga-tour,Will Nick Taylor win the Biltmore Championship Asheville?,Nick Taylor,KXPGATOUR-BICA26,Biltmore Championship Asheville Winner,KXPGATOUR,PGA Tour,Sports,"[""Golf""]",open,binary,0.043,0.046,0.046,0.0445,0.9555,0.0445,0.003,405757.37,330819.19,389114.35,0,2026-09-13T23:05:00Z,2026-10-04T00:00:00Z,2026-10-04T00:00:00Z,,,,structured,,,,,,,,2026-09-17T17:14:02+00:00,https://kalshi.com/markets/kxpgatour/pga-tour/kxpgatour-bica26,True
polymarket,0x7acbea8c52e822fbe59a6467b8d87eecdb809c116921719311e63d39c457e530,https://polymarket.com/event/cs2-b8-m80-2026-09-17/cs2-b8-m80-2026-09-17,Counter-Strike: B8 vs M80 (BO1) - Logitech G Play Connect Group A,Match Winner,996099,Counter-Strike: B8 vs M80 (BO1) - Logitech G Play Connect Group A,cs2-b8-m80-2026-09-17,Counter-Strike: B8 vs M80 (BO1) - Logitech G Play Connect Group A,,[],open,binary,0.59,0.6,0.6,0.595,0.405,0.595,0.01,328230.98564399994,322726.56734700006,,112112.4622,2026-09-09T21:36:49Z,2026-09-17T23:30:00Z,2026-09-17T23:30:00Z,,,,,,,,1,"[""B8"", ""M80""]","[0.595, 0.405]",108611808410221953041811858079474187938867786902380092661898837846466393650859,2026-09-17T17:13:45+00:00,,
kalshi,KXWTACHALLENGERMATCH-26SEP17HERMAS-MAS,https://kalshi.com/markets/kxwtachallengermatch/challenger-wta,Rebeka Masarova wins,Rebeka Masarova,KXWTACHALLENGERMATCH-26SEP17HERMAS,Herrero Linana vs Masarova,KXWTACHALLENGERMATCH,Challenger WTA,Sports,"[""Tennis""]",open,binary,0.17,0.18,0.17,0.175,0.825,0.175,0.01,335905.63,317523.54,270141.16,0,2026-09-17T03:40:00Z,2026-10-01T15:30:00Z,2026-10-01T15:30:00Z,,,,structured,,,,,,,,2026-09-17T17:13:47+00:00,https://kalshi.com/markets/kxwtachallengermatch/challenger-wta/kxwtachallengermatch-26sep17hermas,True
kalshi,KXT20MATCH-26SEP170915DUBROT-DUB,https://kalshi.com/markets/kxt20match/men-s-t20-cricket-match,Dublin Guardians wins,Dublin Guardians,KXT20MATCH-26SEP170915DUBROT,Rotterdam Dockers vs Dublin Guardians,KXT20MATCH,Men's T20 Cricket Match,Sports,"[""Cricket""]",open,binary,0.67,0.68,0.67,0.675,0.325,0.675,0.01,321693.8,313764.73,146889.37,0,2026-09-10T00:11:00Z,2026-09-19T17:15:00Z,2026-09-19T17:15:00Z,,,,structured,,,,,,,,2026-09-17T17:14:11+00:00,https://kalshi.com/markets/kxt20match/men-s-t20-cricket-match/kxt20match-26sep170915dubrot,True
kalshi,KXITFWMATCH-26SEP17CATCIN-CIN,https://kalshi.com/markets/kxitfwmatch/itf-women-s-match,Luna Maria Cinalli wins,Luna Maria Cinalli,KXITFWMATCH-26SEP17CATCIN,Catanzarite vs Cinalli,KXITFWMATCH,ITF Women's Match,Sports,"[""Tennis""]",open,binary,0.65,0.66,0.66,0.655,0.345,0.655,0.01,319199.86,312345.58,197905.24,0,2026-09-16T22:11:00Z,2026-10-01T14:00:00Z,2026-10-01T14:00:00Z,,,,structured,,,,,,,,2026-09-17T17:13:48+00:00,https://kalshi.com/markets/kxitfwmatch/itf-women-s-match/kxitfwmatch-26sep17catcin,True
kalshi,KXDPWORLDTOUR-BMPC26-PREE,https://kalshi.com/markets/kxdpworldtour/dp-world-tour-tournament-winner,Will Patrick Reed win the BMW PGA Championship?,Patrick Reed,KXDPWORLDTOUR-BMPC26,BMW PGA Championship Winner,KXDPWORLDTOUR,DP World Tour Tournament Winner,Sports,"[""Golf""]",open,binary,0.06,0.061,0.06,0.0605,0.9395,0.0605,0.001,632184.86,309947.6,620630.81,0,2026-09-12T12:00:00Z,2026-10-04T00:00:00Z,2026-10-04T00:00:00Z,,,,structured,,,,,,,,2026-09-17T17:14:05+00:00,https://kalshi.com/markets/kxdpworldtour/dp-world-tour-tournament-winner/kxdpworldtour-bmpc26,True
kalshi,KXFEDDECISION-26OCT-H0,https://kalshi.com/markets/kxfeddecision/fed-meeting,Will the Federal Reserve Hike rates by 0bps at their October 2026 meeting?,Fed maintains rate,KXFEDDECISION-26OCT,Fed decision in Oct 2026?,KXFEDDECISION,Fed meeting,Economics,"[""Fed""]",open,binary,0.52,0.53,0.53,0.525,0.475,0.525,0.01,519783.62,309825.42,367436.42,0,2025-09-29T14:00:00Z,2026-10-28T17:59:00Z,2027-01-27T18:01:00Z,,,,custom,,,,,,,,2026-09-17T17:14:47+00:00,https://kalshi.com/markets/kxfeddecision/fed-meeting/kxfeddecision-26oct,True
kalshi,KXMLBGAME-26SEP171240LADCIN-CIN,https://kalshi.com/markets/kxmlbgame/professional-baseball-game,Cincinnati wins,Cincinnati,KXMLBGAME-26SEP171240LADCIN,Los Angeles D vs Cincinnati,KXMLBGAME,Professional Baseball Game,Sports,"[""Baseball""]",open,binary,0.11,0.12,0.12,0.115,0.885,0.115,0.01,338307.3,298187.57,280057.66,0,2026-09-14T16:59:00Z,2026-09-20T16:40:00Z,2026-09-20T16:40:00Z,,,,structured,,,,,,,,2026-09-17T17:13:58+00:00,https://kalshi.com/markets/kxmlbgame/professional-baseball-game/kxmlbgame-26sep171240ladcin,True
polymarket,0x83a30b70827a4b34455299be28919387bbba41f6c631445276485cad2d079308,https://polymarket.com/event/uel-rso-bou-2026-09-17/uel-rso-bou-2026-09-17-rso,Will Real Sociedad de Fútbol win on 2026-09-17?,Real Sociedad de Fútbol,965725,Real Sociedad de Fútbol vs. AFC Bournemouth,uel-rso-bou-2026-09-17,Real Sociedad de Fútbol vs. AFC Bournemouth,,[],open,binary,0.32,0.33,0.33,0.325,0.675,0.325,0.01,297907.5963429999,297169.64787799993,,427948.7358,2026-09-04T18:30:18Z,2026-09-17T19:00:00Z,2026-09-17T19:00:00Z,,,,,,,,,"[""Yes"", ""No""]","[0.325, 0.675]",52110220766960616812964929752346690749917048327239385946313628471305095488123,2026-09-17T17:13:45+00:00,,
kalshi,KXMLBTOTAL-26SEP171235MILPIT-9,https://kalshi.com/markets/kxmlbtotal/pro-baseball-total-points,Over 8.5 runs scored,Over 8.5 runs scored,KXMLBTOTAL-26SEP171235MILPIT,Milwaukee vs Pittsburgh: Total Runs,KXMLBTOTAL,Pro Baseball Total Points,Sports,"[""Baseball""]",open,binary,0.82,0.83,0.82,0.825,0.175,0.825,0.01,301980.37,295949.23,205239.28,0,2026-09-17T02:30:00Z,2026-09-20T16:35:00Z,2026-09-20T16:35:00Z,,,,greater,8.5,,,,,,,2026-09-17T17:13:47+00:00,https://kalshi.com/markets/kxmlbtotal/pro-baseball-total-points/kxmlbtotal-26sep171235milpit,True
kalshi,KXATPCHALLENGERMATCH-26SEP17MANBOB-BOB,https://kalshi.com/markets/kxatpchallengermatch/challenger-atp,Matisse Bobichon wins,Matisse Bobichon,KXATPCHALLENGERMATCH-26SEP17MANBOB,Mannarino vs Bobichon,KXATPCHALLENGERMATCH,Challenger ATP ,Sports,"[""Tennis""]",open,binary,0.44,0.45,0.45,0.445,0.555,0.445,0.01,315450.54,293747.77,185997.43,0,2026-09-17T03:10:00Z,2026-10-01T15:00:00Z,2026-10-01T15:00:00Z,,,,structured,,,,,,,,2026-09-17T17:13:47+00:00,https://kalshi.com/markets/kxatpchallengermatch/challenger-atp/kxatpchallengermatch-26sep17manbob,True
polymarket,0xde5d75ab7702875623ba509bc923241e1211da74a113521b3b70ddac930d7316,https://polymarket.com/event/fed-decision-in-october-20260617190323537/will-the-fed-increase-interest-rates-by-50-bps-after-the-october-2026-meeting-20260617190324033,Will the Fed increase interest rates by 50+ bps after the October 2026 meeting?,50+ bps increase,606422,Fed Decision in October?,fed-decision-in-october-20260617190323537,Fed Decision in October?,,[],open,binary,0.006,0.007,0.007,0.0065,0.9935,0.0065,0.001,748224.1475310001,293144.77511,,281961.42849,2026-06-17T23:34:32.59102Z,2026-10-28T23:59:00Z,2026-10-28T23:59:00Z,,,,,,,,-0.2,"[""Yes"", ""No""]","[0.0065, 0.9935]",18246296022868501258060085368606280205967114341141276439803424448463050819498,2026-09-17T17:13:45+00:00,,
kalshi,KXDPWORLDTOUR-BMPC26-JRAH,https://kalshi.com/markets/kxdpworldtour/dp-world-tour-tournament-winner,Will Jon Rahm win the BMW PGA Championship?,Jon Rahm,KXDPWORLDTOUR-BMPC26,BMW PGA Championship Winner,KXDPWORLDTOUR,DP World Tour Tournament Winner,Sports,"[""Golf""]",open,binary,0.001,0.002,0.001,0.0015,0.9985,0.0015,0.001,343250.42,288970.72,330229.31,0,2026-09-12T12:00:00Z,2026-10-04T00:00:00Z,2026-10-04T00:00:00Z,,,,structured,,,,,,,,2026-09-17T17:14:05+00:00,https://kalshi.com/markets/kxdpworldtour/dp-world-tour-tournament-winner/kxdpworldtour-bmpc26,True
kalshi,GOVPARTYFL-26-R,https://kalshi.com/markets/govpartyfl/florida-governor,Will the Republican party win the governorship in Florida,Byron Donalds,GOVPARTYFL-26,Florida Governor winner?,GOVPARTYFL,Florida Governor,Elections,"[""Governor""]",open,binary,0.78,0.79,0.79,0.785,0.215,0.785,0.01,1149457.4,288633.11,1010531.86,0,2025-01-26T15:00:00Z,2027-11-03T15:00:00Z,2027-11-03T15:00:00Z,,,,structured,,,,,,,,2026-09-17T17:14:47+00:00,https://kalshi.com/markets/govpartyfl/florida-governor/govpartyfl-26,True
polymarket,0x9cb23d04b2ded06147482076688b69b487a8d982c63ebdda2ab3678cf27cf390,https://polymarket.com/event/clarity-act-signed-into-law-in-2026/clarity-act-signed-into-law-in-2026,Clarity Act (H.R.3633) signed into law in 2026?,,158505,Clarity Act (H.R.3633) signed into law in 2026?,clarity-act-signed-into-law-in-2026,Clarity Act (H.R.3633) signed into law in 2026?,,[],open,binary,0.079,0.083,0.08,0.081,0.919,0.081,0.004,21602779.076661993,287984.2627029999,,553489.6099,2026-01-11T23:22:56.488713Z,2027-01-01T05:00:00Z,2027-01-01T05:00:00Z,,,,,,,,1.4,"[""Yes"", ""No""]","[0.081, 0.919]",35198549486569600595408965368290795524428922595732253580266052028158040373233,2026-09-17T17:13:45+00:00,,
polymarket,0x5d36f8d0cd8c413ae021aaba89d5c7b29631a517a8f79b05095cfbeca6808c73,https://polymarket.com/event/efl-mnc-nor-2026-09-17-more-markets/efl-mnc-nor-2026-09-17-spread-home-2pt5,Spread: Manchester City FC (-2.5),Manchester City FC (-2.5),965736,Manchester City FC vs. Norwich City FC - More Markets,efl-mnc-nor-2026-09-17-more-markets,Manchester City FC vs. Norwich City FC - More Markets,,[],open,binary,0.44,0.45,0.45,0.445,0.555,0.445,0.01,288454.67796299997,287284.471135,,155095.0475,2026-09-04T18:30:40Z,2026-09-17T18:30:00Z,2026-09-17T18:30:00Z,,,,,,,,-4.5,"[""Manchester City FC"", ""Norwich City FC""]","[0.445, 0.555]",49050562444544760109112750085958053883274994309138912834758876070107423641578,2026-09-17T17:13:45+00:00,,
kalshi,KXLALIGAGAME-26SEP17RBBGET-GET,https://kalshi.com/markets/kxlaligagame/la-liga-game,Getafe wins,Getafe,KXLALIGAGAME-26SEP17RBBGET,Real Betis vs Getafe,KXLALIGAGAME,La Liga Game,Sports,"[""Soccer""]",open,binary,0.12,0.13,0.13,0.125,0.875,0.125,0.01,295685.47,281228.94,231323,0,2026-09-03T00:37:00Z,2026-09-19T23:00:00Z,2026-09-19T23:00:00Z,,,,structured,,,,,,,,2026-09-17T17:14:14+00:00,https://kalshi.com/markets/kxlaligagame/la-liga-game/kxlaligagame-26sep17rbbget,True
kalshi,KXUELGAME-26SEP17LEVRBS-RBS,https://kalshi.com/markets/kxuelgame/uefa-europa-league-game,Salzburg wins,Salzburg,KXUELGAME-26SEP17LEVRBS,Levski Sofia vs Salzburg,KXUELGAME,UEFA Europa League Game,Sports,"[""Soccer""]",open,binary,0.44,0.45,0.45,0.445,0.555,0.445,0.01,278858.49,268990.77,239466.85,0,2026-09-03T00:39:00Z,2026-09-19T22:45:00Z,2026-09-19T22:45:00Z,,,,structured,,,,,,,,2026-09-17T17:14:14+00:00,https://kalshi.com/markets/kxuelgame/uefa-europa-league-game/kxuelgame-26sep17levrbs,True
kalshi,KXBUNDESLIGAGAME-26SEP18BMUUNI-BMU,https://kalshi.com/markets/kxbundesligagame/bundesliga-game,Bayern Munich wins,Bayern Munich,KXBUNDESLIGAGAME-26SEP18BMUUNI,Bayern Munich vs Union Berlin,KXBUNDESLIGAGAME,Bundesliga Game,Sports,"[""Soccer""]",open,binary,0.92,0.93,0.93,0.925,0.075,0.925,0.01,307610.91,267626.89,292739.7,0,2026-09-04T00:35:00Z,2026-09-21T00:30:00Z,2026-09-21T00:30:00Z,,,,structured,,,,,,,,2026-09-17T17:14:13+00:00,https://kalshi.com/markets/kxbundesligagame/bundesliga-game/kxbundesligagame-26sep18bmuuni,True
kalshi,SENATENE-26-R,https://kalshi.com/markets/senatene/nebraska-senate-race,Will Republicans win the Senate race in Nebraska?,Pete Ricketts,SENATENE-26,Nebraska Senate winner?,SENATENE,Nebraska Senate race,Elections,"[""Senate""]",open,binary,0.68,0.7,0.7,0.69,0.31,0.69,0.02,710795.21,264321.63,563323.91,0,2024-12-03T15:00:00Z,2027-11-03T15:00:00Z,2027-11-03T15:00:00Z,,,,structured,,,,,,,,2026-09-17T17:14:47+00:00,https://kalshi.com/markets/senatene/nebraska-senate-race/senatene-26,True
polymarket,0xc012b3a0c4bcfa36be53e270a6806e855afa863f3fbc57bd1a78beb936771e70,https://polymarket.com/event/efl-mnc-nor-2026-09-17/efl-mnc-nor-2026-09-17-nor,Will Norwich City FC win on 2026-09-17?,Norwich City FC,962580,Manchester City FC vs. Norwich City FC,efl-mnc-nor-2026-09-17,Manchester City FC vs. Norwich City FC,,[],open,binary,0.039,0.04,0.039,0.0395,0.9605,0.0395,0.001,270131.96613099996,261417.07228599995,,211419.98325,2026-09-04T04:00:16Z,2026-09-17T18:30:00Z,2026-09-17T18:30:00Z,,,,,,,,-0.55,"[""Yes"", ""No""]","[0.0395, 0.9605]",70055075669594558498856555992713888510079504805740681163304421096999136134130,2026-09-17T17:13:45+00:00,,
kalshi,KXPGATOUR-BICA26-JBRI,https://kalshi.com/markets/kxpgatour/pga-tour,Will Jacob Bridgeman win the Biltmore Championship Asheville?,Jacob Bridgeman,KXPGATOUR-BICA26,Biltmore Championship Asheville Winner,KXPGATOUR,PGA Tour,Sports,"[""Golf""]",open,binary,0.033,0.042,0.042,0.0375,0.9625,0.0375,0.009,670107.84,259721.99,560895.18,0,2026-09-13T23:05:00Z,2026-10-04T00:00:00Z,2026-10-04T00:00:00Z,,,,structured,,,,,,,,2026-09-17T17:14:02+00:00,https://kalshi.com/markets/kxpgatour/pga-tour/kxpgatour-bica26,True
kalshi,KXPGATOUR-BICA26-JPOS,https://kalshi.com/markets/kxpgatour/pga-tour,Will J.T. Poston win the Biltmore Championship Asheville?,J.T. Poston,KXPGATOUR-BICA26,Biltmore Championship Asheville Winner,KXPGATOUR,PGA Tour,Sports,"[""Golf""]",open,binary,0.022,0.026,0.027,0.024,0.976,0.024,0.004,594950.8,257218.14,582121.29,0,2026-09-13T23:05:00Z,2026-10-04T00:00:00Z,2026-10-04T00:00:00Z,,,,structured,,,,,,,,2026-09-17T17:14:02+00:00,https://kalshi.com/markets/kxpgatour/pga-tour/kxpgatour-bica26,True
kalshi,KXBALANCEPOWERCOMBO-27FEB-RR,https://kalshi.com/markets/kxbalancepowercombo/congress-balance-of-power-combo,Will House Control be Republican AND Senate Control be Republican for Feb 2027?,Republicans sweep,KXBALANCEPOWERCOMBO-27FEB,2026 Midterms: Congress Balance of Power?,KXBALANCEPOWERCOMBO,Congress balance of power combo,Elections,"[""Senate"", ""House"", ""Mixed Combos"", ""US Elections"", ""Election Combos""]",open,binary,0.11,0.12,0.11,0.115,0.885,0.115,0.01,6302447.25,254433.92,4307427.13,0,2025-12-11T15:00:00Z,2027-02-01T15:00:00Z,2027-02-08T15:00:00Z,,,,custom,,,,,,,,2026-09-17T17:14:46+00:00,https://kalshi.com/markets/kxbalancepowercombo/congress-balance-of-power-combo/kxbalancepowercombo-27feb,True
kalshi,KXNFLSPREAD-26SEP17DETBUF-BUF6,https://kalshi.com/markets/kxnflspread/pro-football-spread,Buffalo wins by over 5.5 points?,Buffalo wins by over 5.5 points,KXNFLSPREAD-26SEP17DETBUF,Detroit vs Buffalo: Spread,KXNFLSPREAD,Pro Football Spread,Sports,"[""Football""]",open,binary,0.49,0.5,0.49,0.495,0.505,0.495,0.01,269561.71,252403.77,205819.41,0,2026-09-11T01:05:00Z,2026-09-20T00:15:00Z,2026-09-20T00:15:00Z,,,,greater,5.5,,,,,,,2026-09-17T17:14:06+00:00,https://kalshi.com/markets/kxnflspread/pro-football-spread/kxnflspread-26sep17detbuf,True
kalshi,KXDJTATTACKWARSH-27-JAN,https://kalshi.com/markets/kxdjtattackwarsh/will-trump-publicly-criticize-kevin-warsh,Will Trump publicly criticize Kevin Warsh before Jan 2027?,"Before Jan 1, 2027",KXDJTATTACKWARSH-27,Will Trump publicly criticize Kevin Warsh?,KXDJTATTACKWARSH,Will Trump publicly criticize Kevin Warsh?,Politics,"[""Trump""]",open,binary,0.38,0.39,0.36,0.385,0.615,0.385,0.01,424210.06,250384.55,290434.19,0,2026-05-11T21:00:00Z,2027-01-01T04:59:00Z,2027-01-08T15:00:00Z,,,,,,,,,,,,2026-09-17T17:14:36+00:00,https://kalshi.com/markets/kxdjtattackwarsh/will-trump-publicly-criticize-kevin-warsh/kxdjtattackwarsh-27,True
kalshi,KXATPCHALLENGERMATCH-26SEP17MANBOB-MAN,https://kalshi.com/markets/kxatpchallengermatch/challenger-atp,Adrian Mannarino wins,Adrian Mannarino,KXATPCHALLENGERMATCH-26SEP17MANBOB,Mannarino vs Bobichon,KXATPCHALLENGERMATCH,Challenger ATP ,Sports,"[""Tennis""]",open,binary,0.55,0.56,0.56,0.555,0.445,0.555,0.01,463006.07,249878.09,415585.16,0,2026-09-17T03:10:00Z,2026-10-01T15:00:00Z,2026-10-01T15:00:00Z,,,,structured,,,,,,,,2026-09-17T17:13:47+00:00,https://kalshi.com/markets/kxatpchallengermatch/challenger-atp/kxatpchallengermatch-26sep17manbob,True
polymarket,0x98933c78b5e277b62d91a6c174b412218de000b54c4c67ec8673bf561cec6e81,https://polymarket.com/event/democratic-presidential-nominee-2028/will-ruben-gallego-win-the-2028-democratic-presidential-nomination,Will Ruben Gallego win the 2028 Democratic presidential nomination?,Ruben Gallego,30829,Democratic Presidential Nominee 2028,democratic-presidential-nominee-2028,Democratic Presidential Nominee 2028,,[],open,binary,0.001,0.002,0.001,0.0015,0.9985,0.0015,0.001,8807237.164941,243491.42,,875821.87182,2025-07-11T18:36:38.525Z,2028-11-07T00:00:00Z,2028-11-07T00:00:00Z,,,,,,,,0.1,"[""Yes"", ""No""]","[0.0015, 0.9985]",94658518227479141344875476648819337938746150529318297759951212169676959854478,2026-09-17T17:13:45+00:00,,
kalshi,KXNFLSPREAD-26SEP17DETBUF-BUF5,https://kalshi.com/markets/kxnflspread/pro-football-spread,Buffalo wins by over 4.5 points?,Buffalo wins by over 4.5 points,KXNFLSPREAD-26SEP17DETBUF,Detroit vs Buffalo: Spread,KXNFLSPREAD,Pro Football Spread,Sports,"[""Football""]",open,binary,0.51,0.52,0.52,0.515,0.485,0.515,0.01,581561.4,241922.06,438824.93,0,2026-09-11T01:05:00Z,2026-09-20T00:15:00Z,2026-09-20T00:15:00Z,,,,greater,4.5,,,,,,,2026-09-17T17:14:06+00:00,https://kalshi.com/markets/kxnflspread/pro-football-spread/kxnflspread-26sep17detbuf,True
polymarket,0x2114744e53589a5c071ccb16f06b789c1200b3a098bc3274b1c06d0595b8f5dd,https://polymarket.com/event/wta-avanesy-charaev-2026-09-17/wta-avanesy-charaev-2026-09-17,Sao Paulo Open: Elina Avanesyan vs Alina Charaeva,,1035371,Sao Paulo Open: Elina Avanesyan vs Alina Charaeva,wta-avanesy-charaev-2026-09-17,Sao Paulo Open: Elina Avanesyan vs Alina Charaeva,,[],open,binary,,0.001,0.008,0.0005,0.9995,0.0005,0.001,240910.38878800004,239468.61878799993,,171369.15683,2026-09-16T22:14:17Z,2026-09-24T13:00:00Z,2026-09-24T13:00:00Z,,,,,,,,,"[""Elina Avanesyan"", ""Alina Charaeva""]","[0.0005, 0.9995]",80248516607920428553293728633381260904334558377253526459376322203880601899306,2026-09-17T17:13:45+00:00,,
kalshi,KXMLBSPREAD-26SEP171240LADCIN-LAD2,https://kalshi.com/markets/kxmlbspread/pro-baseball-spread,Los Angeles D wins by over 1.5 runs?,Los Angeles D wins by over 1.5 runs,KXMLBSPREAD-26SEP171240LADCIN,Los Angeles D vs Cincinnati: Spread,KXMLBSPREAD,Pro Baseball Spread,Sports,"[""Baseball""]",open,binary,0.8,0.81,0.76,0.805,0.195,0.805,0.01,239224.69,239082.71,203298.24,0,2026-09-17T00:50:00Z,2026-09-20T16:40:00Z,2026-09-20T16:40:00Z,,,,greater,1.5,,,,,,,2026-09-17T17:13:47+00:00,https://kalshi.com/markets/kxmlbspread/pro-baseball-spread/kxmlbspread-26sep171240ladcin,True
kalshi,KXRATECUTCOUNT-26DEC31-T16,https://kalshi.com/markets/kxratecutcount/number-of-rate-cuts,Will the Fed cut rates 16 times?,Exactly 16 cuts,KXRATECUTCOUNT-26DEC31,Number of rate cuts in 2026?,KXRATECUTCOUNT,Number of rate cuts,Economics,"[""Fed""]",open,binary,0,0.002,0.001,0.001,0.999,0.001,0.002,241172.73,237090.24,240172.73,0,2025-09-29T14:00:00Z,2027-01-01T04:59:00Z,2027-01-01T15:00:00Z,,,,between,16,16,,,,,,2026-09-17T17:14:47+00:00,https://kalshi.com/markets/kxratecutcount/number-of-rate-cuts/kxratecutcount-26dec31,True
kalshi,KXPGATOUR-BICA26-DCHA,https://kalshi.com/markets/kxpgatour/pga-tour,Will Davis Chatfield win the Biltmore Championship Asheville?,Davis Chatfield,KXPGATOUR-BICA26,Biltmore Championship Asheville Winner,KXPGATOUR,PGA Tour,Sports,"[""Golf""]",open,binary,0.004,0.005,0.005,0.0045,0.9955,0.0045,0.001,353063.46,227758.75,348063.46,0,2026-09-13T23:05:00Z,2026-10-04T00:00:00Z,2026-10-04T00:00:00Z,,,,structured,,,,,,,,2026-09-17T17:14:02+00:00,https://kalshi.com/markets/kxpgatour/pga-tour/kxpgatour-bica26,True
kalshi,KXMLBSPREAD-26SEP171235MILPIT-MIL2,https://kalshi.com/markets/kxmlbspread/pro-baseball-spread,Milwaukee wins by over 1.5 runs?,Milwaukee wins by over 1.5 runs,KXMLBSPREAD-26SEP171235MILPIT,Milwaukee vs Pittsburgh: Spread,KXMLBSPREAD,Pro Baseball Spread,Sports,"[""Baseball""]",open,binary,0.14,0.15,0.15,0.145,0.855,0.145,0.01,227774.53,224785.74,189548.66,0,2026-09-17T02:30:00Z,2026-09-20T16:35:00Z,2026-09-20T16:35:00Z,,,,greater,1.5,,,,,,,2026-09-17T17:13:47+00:00,https://kalshi.com/markets/kxmlbspread/pro-baseball-spread/kxmlbspread-26sep171235milpit,True
polymarket,0x2eeedf6ff2f6542262631e8aec61b670d0942f03eac71e787a3f4c2643e81f39,https://polymarket.com/event/mlb-lad-cin-2026-09-17/mlb-lad-cin-2026-09-17-total-9pt5,Los Angeles Dodgers vs. Cincinnati Reds: O/U 9.5,O/U 9.5,1004387,Los Angeles Dodgers vs. Cincinnati Reds,mlb-lad-cin-2026-09-17,Los Angeles Dodgers vs. Cincinnati Reds,,[],open,binary,0.74,0.76,0.66,0.75,0.25,0.75,0.02,221746.98643299998,221698.41500399998,,6033.7918,2026-09-16T23:28:56Z,2026-09-17T16:40:00Z,2026-09-17T16:40:00Z,,,,,,,,,"[""Over"", ""Under""]","[0.75, 0.25]",33552483675712385840561715422947197609248241507763242700912961677109575904656,2026-09-17T17:13:45+00:00,,
kalshi,KXLALIGAGAME-26SEP19SEVBAR-BAR,https://kalshi.com/markets/kxlaligagame/la-liga-game,Barcelona wins,Barcelona,KXLALIGAGAME-26SEP19SEVBAR,Sevilla vs Barcelona,KXLALIGAGAME,La Liga Game,Sports,"[""Soccer""]",open,binary,0.82,0.83,0.83,0.825,0.175,0.825,0.01,271730.78,213463.04,266814.97,0,2026-09-05T00:42:00Z,2026-09-22T01:00:00Z,2026-09-22T01:00:00Z,,,,structured,,,,,,,,2026-09-17T17:14:13+00:00,https://kalshi.com/markets/kxlaligagame/la-liga-game/kxlaligagame-26sep19sevbar,True
kalshi,KXPGATOUR-BICA26-MPEN,https://kalshi.com/markets/kxpgatour/pga-tour,Will Marco Penge win the Biltmore Championship Asheville?,Marco Penge,KXPGATOUR-BICA26,Biltmore Championship Asheville Winner,KXPGATOUR,PGA Tour,Sports,"[""Golf""]",open,binary,0.024,0.026,0.024,0.025,0.975,0.025,0.002,262850.83,205875.67,262671.84,0,2026-09-13T23:05:00Z,2026-10-04T00:00:00Z,2026-10-04T00:00:00Z,,,,structured,,,,,,,,2026-09-17T17:14:02+00:00,https://kalshi.com/markets/kxpgatour/pga-tour/kxpgatour-bica26,True
kalshi,KXMLBSPREAD-26SEP171310ATHTB-TB2,https://kalshi.com/markets/kxmlbspread/pro-baseball-spread,Tampa Bay wins by over 1.5 runs?,Tampa Bay wins by over 1.5 runs,KXMLBSPREAD-26SEP171310ATHTB,A's vs Tampa Bay: Spread,KXMLBSPREAD,Pro Baseball Spread,Sports,"[""Baseball""]",open,binary,0.54,0.56,0.58,0.55,0.45,0.55,0.02,209643.94,205580.77,199741.73,0,2026-09-16T18:50:00Z,2026-09-20T17:10:00Z,2026-09-20T17:10:00Z,,,,greater,1.5,,,,,,,2026-09-17T17:13:49+00:00,https://kalshi.com/markets/kxmlbspread/pro-baseball-spread/kxmlbspread-26sep171310athtb,True
kalshi,KXGOLD15M-26SEP171315-15,https://kalshi.com/markets/kxgold15m/gold-15-minute,Gold price up in next 15 mins?,"Target Price: $4,362.40",KXGOLD15M-26SEP171315,"Gold 15 min · $4,362.40 target",KXGOLD15M,Gold 15-minute,Commodities,"[""Metals""]",open,binary,0.73,0.74,0.74,0.735,0.265,0.735,0.01,340565.2,201590.85,61531.63,0,2026-09-17T17:00:00Z,2026-09-17T17:15:00Z,2026-09-24T17:15:00Z,,,,greater_or_equal,4362.4,,,,,,,2026-09-17T17:13:47+00:00,https://kalshi.com/markets/kxgold15m/gold-15-minute/kxgold15m-26sep171315,True
kalshi,KXPGATOUR-BICA26-NDUN,https://kalshi.com/markets/kxpgatour/pga-tour,Will Nick Dunlap win the Biltmore Championship Asheville?,Nick Dunlap,KXPGATOUR-BICA26,Biltmore Championship Asheville Winner,KXPGATOUR,PGA Tour,Sports,"[""Golf""]",open,binary,0.002,0.005,0.005,0.0035,0.9965,0.0035,0.003,361497.98,199889.78,312861.08,0,2026-09-13T23:05:00Z,2026-10-04T00:00:00Z,2026-10-04T00:00:00Z,,,,structured,,,,,,,,2026-09-17T17:14:02+00:00,https://kalshi.com/markets/kxpgatour/pga-tour/kxpgatour-bica26,True
kalshi,KXPGATOUR-BICA26-CCON,https://kalshi.com/markets/kxpgatour/pga-tour,Will Corey Conners win the Biltmore Championship Asheville?,Corey Conners,KXPGATOUR-BICA26,Biltmore Championship Asheville Winner,KXPGATOUR,PGA Tour,Sports,"[""Golf""]",open,binary,0.002,0.011,0.018,0.0065,0.9935,0.0065,0.009,259456.07,199078.18,229294.75,0,2026-09-13T23:05:00Z,2026-10-04T00:00:00Z,2026-10-04T00:00:00Z,,,,structured,,,,,,,,2026-09-17T17:14:02+00:00,https://kalshi.com/markets/kxpgatour/pga-tour/kxpgatour-bica26,True
kalshi,CONTROLH-2026-D,https://kalshi.com/markets/controlh/house-winner,Will Democrats win the House in 2026?,Democratic Party,CONTROLH-2026,Which party will win the U.S. House?,CONTROLH,House winner,Elections,"[""US Elections""]",open,binary,0.88,0.89,0.88,0.885,0.115,0.885,0.01,11527823.33,197888.56,7485741.98,0,2024-11-06T15:00:00Z,2027-02-01T15:00:00Z,2027-02-01T15:00:00Z,,,,structured,,,,,,,,2026-09-17T17:14:48+00:00,https://kalshi.com/markets/controlh/house-winner/controlh-2026,True
kalshi,KXPGATOUR-BICA26-NECH,https://kalshi.com/markets/kxpgatour/pga-tour,Will Nicolas Echavarria win the Biltmore Championship Asheville?,Nicolas Echavarria,KXPGATOUR-BICA26,Biltmore Championship Asheville Winner,KXPGATOUR,PGA Tour,Sports,"[""Golf""]",open,binary,0.001,0.002,0.001,0.0015,0.9985,0.0015,0.001,434033.93,197735.29,417390.75,0,2026-09-13T23:05:00Z,2026-10-04T00:00:00Z,2026-10-04T00:00:00Z,,,,structured,,,,,,,,2026-09-17T17:14:02+00:00,https://kalshi.com/markets/kxpgatour/pga-tour/kxpgatour-bica26,True
polymarket,0xb8c2c15bb0fe3fc4fb408517eed4bd0aa3d6eff21f8d540479e7e930e01fef1f,https://polymarket.com/event/crint-ind-afg-2026-09-17/crint-ind-afg-2026-09-17,Afghanistan Tour of India T20s: India vs Afghanistan,,999350,Afghanistan Tour of India T20s: India vs Afghanistan,crint-ind-afg-2026-09-17,Afghanistan Tour of India T20s: India vs Afghanistan,,[],open,binary,0.999,1,0.999,0.9995,0.0005,0.9995,0.001,202739.09815600008,197428.06395300006,,233132.47223,2026-09-10T14:16:19Z,2026-09-24T09:30:00Z,2026-09-24T09:30:00Z,,,,,,,,10.7,"[""India"", ""Afghanistan""]","[0.9995, 0.0005]",106233743764937872273933068885152509858230242907173261790828698492002062526420,2026-09-17T17:13:45+00:00,,
kalshi,KXPGATOUR-BICA26-BJAM,https://kalshi.com/markets/kxpgatour/pga-tour,Will Benjamin James win the Biltmore Championship Asheville?,Benjamin James,KXPGATOUR-BICA26,Biltmore Championship Asheville Winner,KXPGATOUR,PGA Tour,Sports,"[""Golf""]",open,binary,0.022,0.029,0.029,0.0255,0.9745,0.0255,0.007,399295.05,193693.04,371430.99,0,2026-09-13T23:05:00Z,2026-10-04T00:00:00Z,2026-10-04T00:00:00Z,,,,structured,,,,,,,,2026-09-17T17:14:02+00:00,https://kalshi.com/markets/kxpgatour/pga-tour/kxpgatour-bica26,True
kalshi,KXUELGAME-26SEP17JUVNIJ-JUV,https://kalshi.com/markets/kxuelgame/uefa-europa-league-game,Juventus wins,Juventus,KXUELGAME-26SEP17JUVNIJ,Juventus vs Nijmegen,KXUELGAME,UEFA Europa League Game,Sports,"[""Soccer""]",open,binary,0.84,0.85,0.85,0.845,0.155,0.845,0.01,209493.12,192985.84,153678.37,0,2026-09-03T00:39:00Z,2026-09-20T01:00:00Z,2026-09-20T01:00:00Z,,,,structured,,,,,,,,2026-09-17T17:14:14+00:00,https://kalshi.com/markets/kxuelgame/uefa-europa-league-game/kxuelgame-26sep17juvnij,True
kalshi,KXMLBGAME-26SEP171310ATHTB-TB,https://kalshi.com/markets/kxmlbgame/professional-baseball-game,Tampa Bay wins,Tampa Bay,KXMLBGAME-26SEP171310ATHTB,A's vs Tampa Bay,KXMLBGAME,Professional Baseball Game,Sports,"[""Baseball""]",open,binary,0.72,0.73,0.73,0.725,0.275,0.725,0.01,200546.55,189147.48,192132.41,0,2026-09-14T17:25:00Z,2026-09-20T17:10:00Z,2026-09-20T17:10:00Z,,,,structured,,,,,,,,2026-09-17T17:13:58+00:00,https://kalshi.com/markets/kxmlbgame/professional-baseball-game/kxmlbgame-26sep171310athtb,True
kalshi,KXFEDDECISION-26OCT-H25,https://kalshi.com/markets/kxfeddecision/fed-meeting,Will the Federal Reserve Hike rates by 25bps at their October 2026 meeting?,Hike 25bps,KXFEDDECISION-26OCT,Fed decision in Oct 2026?,KXFEDDECISION,Fed meeting,Economics,"[""Fed""]",open,binary,0.47,0.48,0.48,0.475,0.525,0.475,0.01,332364.19,187569.24,204390.64,0,2025-09-29T14:00:00Z,2026-10-28T17:59:00Z,2027-01-27T18:01:00Z,,,,custom,,,,,,,,2026-09-17T17:14:47+00:00,https://kalshi.com/markets/kxfeddecision/fed-meeting/kxfeddecision-26oct,True
kalshi,KXSB-27-KC,https://kalshi.com/markets/kxsb/super-bowl,Will Kansas City win the 2027 Pro Football Championship?,Kansas City,KXSB-27,2027 Pro Football Champion,KXSB,Super Bowl,Sports,"[""Football""]",open,binary,0.06,0.07,0.07,0.065,0.935,0.065,0.01,4235849.19,187317.72,3813295.9,0,2026-02-08T20:00:00Z,2029-02-13T23:30:00Z,2029-02-13T23:30:00Z,,,,structured,,,,,,,,2026-09-17T17:14:44+00:00,https://kalshi.com/markets/kxsb/super-bowl/kxsb-27,True
polymarket,0x71dd44fa5059fbed28a279172185d3623aa34ce86be1936281df26b5d1b87200,https://polymarket.com/event/us-announces-end-of-iranian-blockade-byptptpt-20260713152715080/us-announces-end-of-iranian-blockade-by-september-21-2026,"US announces end of Iranian blockade by September 21, 2026?",September 21,699735,US announces end of Iranian blockade by...?,us-announces-end-of-iranian-blockade-byptptpt-20260713152715080,US announces end of Iranian blockade by...?,,[],open,binary,0.02,0.025,0.024,0.0225,0.9775,0.0225,0.005,1142858.104073,186396.45109600006,,102168.00466,2026-08-18T16:40:06.64854Z,2026-09-22T03:59:00Z,2026-09-22T03:59:00Z,,,,,,,,-2.3,"[""Yes"", ""No""]","[0.0225, 0.9775]",94770042529883309392255966715551132169012522769091385480819155582901630638873,2026-09-17T17:13:45+00:00,,
kalshi,KXPGATOUR-BICA26-BHOR,https://kalshi.com/markets/kxpgatour/pga-tour,Will Billy Horschel win the Biltmore Championship Asheville?,Billy Horschel,KXPGATOUR-BICA26,Biltmore Championship Asheville Winner,KXPGATOUR,PGA Tour,Sports,"[""Golf""]",open,binary,0.012,0.013,0.017,0.0125,0.9875,0.0125,0.001,589852.04,185200.98,584852.04,0,2026-09-13T23:05:00Z,2026-10-04T00:00:00Z,2026-10-04T00:00:00Z,,,,structured,,,,,,,,2026-09-17T17:14:02+00:00,https://kalshi.com/markets/kxpgatour/pga-tour/kxpgatour-bica26,True
kalshi,KXNCAAFGAME-26SEP18PRSTORE-PRST,https://kalshi.com/markets/kxncaafgame/college-football-game,Portland St. wins,Portland St.,KXNCAAFGAME-26SEP18PRSTORE,Portland St. vs Oregon,KXNCAAFGAME,College Football Game,Sports,"[""Football""]",open,binary,0,0.01,0.01,0.005,0.995,0.005,0.01,634953.96,185034.66,634488.96,0,2026-09-05T04:08:00Z,2026-09-21T02:30:00Z,2026-09-21T02:30:00Z,,,,structured,,,,,,,,2026-09-17T17:14:13+00:00,https://kalshi.com/markets/kxncaafgame/college-football-game/kxncaafgame-26sep18prstore,True
kalshi,KXMLBGAME-26SEP172005BOSTEX-TEX,https://kalshi.com/markets/kxmlbgame/professional-baseball-game,Texas wins,Texas,KXMLBGAME-26SEP172005BOSTEX,Boston vs Texas,KXMLBGAME,Professional Baseball Game,Sports,"[""Baseball""]",open,binary,0.47,0.48,0.48,0.475,0.525,0.475,0.01,185180.12,185001.09,175472.16,0,2026-09-15T00:25:00Z,2026-09-21T00:05:00Z,2026-09-21T00:05:00Z,,,,structured,,,,,,,,2026-09-17T17:13:56+00:00,https://kalshi.com/markets/kxmlbgame/professional-baseball-game/kxmlbgame-26sep172005bostex,True
kalshi,KXPGATOUR-BICA26-AWIS,https://kalshi.com/markets/kxpgatour/pga-tour,Will Aaron Wise win the Biltmore Championship Asheville?,Aaron Wise,KXPGATOUR-BICA26,Biltmore Championship Asheville Winner,KXPGATOUR,PGA Tour,Sports,"[""Golf""]",open,binary,0.001,0.003,0.005,0.002,0.998,0.002,0.002,302332.22,180563.38,206322.22,0,2026-09-13T23:05:00Z,2026-10-04T00:00:00Z,2026-10-04T00:00:00Z,,,,structured,,,,,,,,2026-09-17T17:14:02+00:00,https://kalshi.com/markets/kxpgatour/pga-tour/kxpgatour-bica26,True
kalshi,KXBTCD-26SEP1717-T76499.99,https://kalshi.com/markets/kxbtcd/bitcoin-price-above-below,"Bitcoin price on Sep 17, 2026?","$76,500 or above",KXBTCD-26SEP1717,"BTC price on Sep 17, 2026 at 5pm EDT?",KXBTCD,Bitcoin price Above/below,Crypto,"[""Hourly"", ""BTC""]",open,binary,0.71,0.72,0.71,0.715,0.285,0.715,0.01,182576.84,179277.46,28160.64,0,2026-09-16T20:00:00Z,2026-09-17T21:00:00Z,2026-09-24T21:00:00Z,,,,greater,76499.99,,BRTI,,,,,2026-09-17T17:13:51+00:00,https://kalshi.com/markets/kxbtcd/bitcoin-price-above-below/kxbtcd-26sep1717,True
kalshi,KXMLBTOTAL-26SEP171310ATHTB-8,https://kalshi.com/markets/kxmlbtotal/pro-baseball-total-points,Over 7.5 runs scored,Over 7.5 runs scored,KXMLBTOTAL-26SEP171310ATHTB,A's vs Tampa Bay: Total Runs,KXMLBTOTAL,Pro Baseball Total Points,Sports,"[""Baseball""]",open,binary,0.48,0.49,0.49,0.485,0.515,0.485,0.01,181745.25,176761.16,166670.96,0,2026-09-16T18:50:00Z,2026-09-20T17:10:00Z,2026-09-20T17:10:00Z,,,,greater,7.5,,,,,,,2026-09-17T17:13:49+00:00,https://kalshi.com/markets/kxmlbtotal/pro-baseball-total-points/kxmlbtotal-26sep171310athtb,True
polymarket,0x1bb8e43db9d50a8fdbc8ef3cf3a0281afcb1d6dc3c13a671d45b92ae38f3a3b1,https://polymarket.com/event/mlb-mil-pit-2026-09-17/mlb-mil-pit-2026-09-17,Milwaukee Brewers vs. Pittsburgh Pirates,,1004384,Milwaukee Brewers vs. Pittsburgh Pirates,mlb-mil-pit-2026-09-17,Milwaukee Brewers vs. Pittsburgh Pirates,,[],open,binary,0.377,0.383,0.372,0.38,0.62,0.38,0.006,248071.41468099988,176357.23461400002,,91889.28871,2026-09-11T13:00:30Z,2026-09-24T16:35:00Z,2026-09-24T16:35:00Z,,,,,,,,-17.85,"[""Milwaukee Brewers"", ""Pittsburgh Pirates""]","[0.38, 0.62]",56705998604347211322978715192154276039091017708121335522755751827167005946276,2026-09-17T17:13:45+00:00,,
kalshi,KXLALIGAGAME-26SEP17MCFVIL-VIL,https://kalshi.com/markets/kxlaligagame/la-liga-game,Villarreal wins,Villarreal,KXLALIGAGAME-26SEP17MCFVIL,Malaga vs Villarreal,KXLALIGAGAME,La Liga Game,Sports,"[""Soccer""]",open,binary,0.49,0.5,0.5,0.495,0.505,0.495,0.01,188589.6,175445.59,165560.41,0,2026-09-03T00:37:00Z,2026-09-20T01:30:00Z,2026-09-20T01:30:00Z,,,,structured,,,,,,,,2026-09-17T17:14:14+00:00,https://kalshi.com/markets/kxlaligagame/la-liga-game/kxlaligagame-26sep17mcfvil,True
polymarket,0xd9fb1184af0064e5e34b129f5b79afa5a17b7e32f2953ab05efed82315fee6d4,https://polymarket.com/event/will-china-invade-taiwan-before-2027/will-china-invade-taiwan-before-2027,Will China invade Taiwan by end of 2026?,,34044,Will China invade Taiwan by end of 2026?,will-china-invade-taiwan-before-2027,Will China invade Taiwan by end of 2026?,,[],open,binary,0.038,0.039,0.038,0.0385,0.9615,0.0385,0.001,41768881.471231855,175381.77234099997,,588891.66228,2025-07-24T23:37:56.3Z,2026-12-31T00:00:00Z,2026-12-31T00:00:00Z,,,,,,,,,"[""Yes"", ""No""]","[0.0385, 0.9615]",94559586571241563470235664821564670251180951772614764383113614156422396181162,2026-09-17T17:13:45+00:00,,
kalshi,KXPGATOUR-BICA26-ATOS,https://kalshi.com/markets/kxpgatour/pga-tour,Will Alejandro Tosti win the Biltmore Championship Asheville?,Alejandro Tosti,KXPGATOUR-BICA26,Biltmore Championship Asheville Winner,KXPGATOUR,PGA Tour,Sports,"[""Golf""]",open,binary,0.001,0.002,0.002,0.0015,0.9985,0.0015,0.001,206677.99,171997.83,206640.02,0,2026-09-13T23:05:00Z,2026-10-04T00:00:00Z,2026-10-04T00:00:00Z,,,,structured,,,,,,,,2026-09-17T17:14:02+00:00,https://kalshi.com/markets/kxpgatour/pga-tour/kxpgatour-bica26,True
kalshi,KXNFLGAME-26SEP20CARATL-ATL,https://kalshi.com/markets/kxnflgame/professional-football-game,Atlanta wins,Atlanta,KXNFLGAME-26SEP20CARATL,CAR Panthers vs ATL Falcons,KXNFLGAME,Professional Football Game,Sports,"[""Football""]",open,binary,0.43,0.44,0.44,0.435,0.565,0.435,0.01,196322.64,171413.73,188411.39,0,2026-08-25T15:33:00Z,2026-09-22T17:00:00Z,2026-09-22T17:00:00Z,,,,structured,,,,,,,,2026-09-17T17:14:18+00:00,https://kalshi.com/markets/kxnflgame/professional-football-game/kxnflgame-26sep20caratl,True
kalshi,KXBTCD-26SEP1717-T76249.99,https://kalshi.com/markets/kxbtcd/bitcoin-price-above-below,"Bitcoin price on Sep 17, 2026?","$76,250 or above",KXBTCD-26SEP1717,"BTC price on Sep 17, 2026 at 5pm EDT?",KXBTCD,Bitcoin price Above/below,Crypto,"[""Hourly"", ""BTC""]",open,binary,0.86,0.87,0.87,0.865,0.135,0.865,0.01,173026.45,170606.54,60454.45,0,2026-09-16T20:00:00Z,2026-09-17T21:00:00Z,2026-09-24T21:00:00Z,,,,greater,76249.99,,BRTI,,,,,2026-09-17T17:13:51+00:00,https://kalshi.com/markets/kxbtcd/bitcoin-price-above-below/kxbtcd-26sep1717,True
kalshi,KXDPWORLDTOUR-BMPC26-BKOE,https://kalshi.com/markets/kxdpworldtour/dp-world-tour-tournament-winner,Will Brooks Koepka win the BMW PGA Championship?,Brooks Koepka,KXDPWORLDTOUR-BMPC26,BMW PGA Championship Winner,KXDPWORLDTOUR,DP World Tour Tournament Winner,Sports,"[""Golf""]",open,binary,0.001,0.003,0.004,0.002,0.998,0.002,0.002,307254.9,170500.43,301798.33,0,2026-09-12T12:00:00Z,2026-10-04T00:00:00Z,2026-10-04T00:00:00Z,,,,structured,,,,,,,,2026-09-17T17:14:05+00:00,https://kalshi.com/markets/kxdpworldtour/dp-world-tour-tournament-winner/kxdpworldtour-bmpc26,True
polymarket,0xaa49a7412f36c5902e19bbee7570abd3ccc7b51d72c76c0f8526d9a1876d74eb,https://polymarket.com/event/bank-of-japan-decision-in-september-20260616002734979/will-the-bank-of-japan-announce-a-50-bps-increase-at-the-september-2026-meeting-20260616223724871,Will the Bank of Japan announce a 50+ bps increase at the September 2026 meeting?,50+ bps increase,606452,Bank of Japan Decision in September?,bank-of-japan-decision-in-september-20260616002734979,Bank of Japan Decision in September?,,[],open,binary,0.001,0.002,0.002,0.0015,0.9985,0.0015,0.001,391289.160273,167348.812405,,131891.80854,2026-06-17T23:32:33.975876Z,2026-09-18T15:59:00Z,2026-09-18T15:59:00Z,,,,,,,,-0.9,"[""Yes"", ""No""]","[0.0015, 0.9985]",103132202609309728827090712113710241319061353485478554519590882633645711636771,2026-09-17T17:13:45+00:00,,
kalshi,KXPGATOUR-BICA26-CDAV,https://kalshi.com/markets/kxpgatour/pga-tour,Will Cameron Davis win the Biltmore Championship Asheville?,Cameron Davis,KXPGATOUR-BICA26,Biltmore Championship Asheville Winner,KXPGATOUR,PGA Tour,Sports,"[""Golf""]",open,binary,0.001,0.005,0.005,0.003,0.997,0.003,0.004,289628.6,163968.44,278205.23,0,2026-09-13T23:05:00Z,2026-10-04T00:00:00Z,2026-10-04T00:00:00Z,,,,structured,,,,,,,,2026-09-17T17:14:02+00:00,https://kalshi.com/markets/kxpgatour/pga-tour/kxpgatour-bica26,True
kalshi,KXDPWORLDTOUR-BMPC26-ARAI,https://kalshi.com/markets/kxdpworldtour/dp-world-tour-tournament-winner,Will Aaron Rai win the BMW PGA Championship?,Aaron Rai,KXDPWORLDTOUR-BMPC26,BMW PGA Championship Winner,KXDPWORLDTOUR,DP World Tour Tournament Winner,Sports,"[""Golf""]",open,binary,0.088,0.093,0.09,0.0905,0.9095,0.0905,0.005,265901.37,162296.2,248470.55,0,2026-09-12T12:00:00Z,2026-10-04T00:00:00Z,2026-10-04T00:00:00Z,,,,structured,,,,,,,,2026-09-17T17:14:05+00:00,https://kalshi.com/markets/kxdpworldtour/dp-world-tour-tournament-winner/kxdpworldtour-bmpc26,True
kalshi,KXMLBGAME-26SEP172005BOSTEX-BOS,https://kalshi.com/markets/kxmlbgame/professional-baseball-game,Boston wins,Boston,KXMLBGAME-26SEP172005BOSTEX,Boston vs Texas,KXMLBGAME,Professional Baseball Game,Sports,"[""Baseball""]",open,binary,0.53,0.54,0.54,0.535,0.465,0.535,0.01,162421.75,161316.31,118326.51,0,2026-09-15T00:25:00Z,2026-09-21T00:05:00Z,2026-09-21T00:05:00Z,,,,structured,,,,,,,,2026-09-17T17:13:56+00:00,https://kalshi.com/markets/kxmlbgame/professional-baseball-game/kxmlbgame-26sep172005bostex,True
kalshi,KXBTCD-26SEP1717-T75999.99,https://kalshi.com/markets/kxbtcd/bitcoin-price-above-below,"Bitcoin price on Sep 17, 2026?","$76,000 or above",KXBTCD-26SEP1717,"BTC price on Sep 17, 2026 at 5pm EDT?",KXBTCD,Bitcoin price Above/below,Crypto,"[""Hourly"", ""BTC""]",open,binary,0.93,0.94,0.93,0.935,0.065,0.935,0.01,160865.32,160326.18,69018.82,0,2026-09-16T20:00:00Z,2026-09-17T21:00:00Z,2026-09-24T21:00:00Z,,,,greater,75999.99,,BRTI,,,,,2026-09-17T17:13:51+00:00,https://kalshi.com/markets/kxbtcd/bitcoin-price-above-below/kxbtcd-26sep1717,True
polymarket,0x94ffc785f73c9d70c0c9550b2412842d025d20d02f9e9e20a18cc4598944cbc5,https://polymarket.com/event/russia-parliamentary-election-winner/will-united-russia-er-win-the-most-seats-in-the-next-russian-parliamentary-election,Will United Russia (ER) win the most seats in the next Russian parliamentary election?,United Russia (ER),149565,Russia Parliamentary Election Winner,russia-parliamentary-election-winner,Russia Parliamentary Election Winner,,[],open,binary,0.991,0.992,0.992,0.9915,0.0085,0.9915,0.001,1362265.341925,159721.994431,,293328.3165,2026-01-07T21:27:45.212078Z,2026-09-30T00:00:00Z,2026-09-30T00:00:00Z,,,,,,,,0.1,"[""Yes"", ""No""]","[0.9915, 0.0085]",54057248988363035974143180194809082793011092510899400087326333477908849736030,2026-09-17T17:13:45+00:00,,
kalshi,CONTROLS-2026-R,https://kalshi.com/markets/controls/senate-winner,Will Republicans win the U.S. Senate in 2026?,Republican Party,CONTROLS-2026,Which party will win the U.S. Senate?,CONTROLS,Senate winner,Elections,"[""US Elections""]",open,binary,0.42,0.43,0.43,0.425,0.575,0.425,0.01,5020388.89,159687.11,2865734.56,0,2024-11-06T15:00:00Z,2027-02-01T15:00:00Z,2027-02-01T15:00:00Z,,,,structured,,,,,,,,2026-09-17T17:14:48+00:00,https://kalshi.com/markets/controls/senate-winner/controls-2026,True
kalshi,KXPGATOUR-BICA26-JSUB,https://kalshi.com/markets/kxpgatour/pga-tour,Will Jackson Suber win the Biltmore Championship Asheville?,Jackson Suber,KXPGATOUR-BICA26,Biltmore Championship Asheville Winner,KXPGATOUR,PGA Tour,Sports,"[""Golf""]",open,binary,0.02,0.022,0.02,0.021,0.979,0.021,0.002,513857.8,157686.61,500430.54,0,2026-09-13T23:05:00Z,2026-10-04T00:00:00Z,2026-10-04T00:00:00Z,,,,structured,,,,,,,,2026-09-17T17:14:02+00:00,https://kalshi.com/markets/kxpgatour/pga-tour/kxpgatour-bica26,True
kalshi,KXDPWORLDTOUR-BMPC26-THAT,https://kalshi.com/markets/kxdpworldtour/dp-world-tour-tournament-winner,Will Tyrrell Hatton win the BMW PGA Championship?,Tyrrell Hatton,KXDPWORLDTOUR-BMPC26,BMW PGA Championship Winner,KXDPWORLDTOUR,DP World Tour Tournament Winner,Sports,"[""Golf""]",open,binary,0.009,0.015,0.015,0.012,0.988,0.012,0.006,289915.65,157081.69,285417.88,0,2026-09-12T12:00:00Z,2026-10-04T00:00:00Z,2026-10-04T00:00:00Z,,,,structured,,,,,,,,2026-09-17T17:14:05+00:00,https://kalshi.com/markets/kxdpworldtour/dp-world-tour-tournament-winner/kxdpworldtour-bmpc26,True
kalshi,KXDANCINGWITHTHESTARS-26DEC31-MHIG,https://kalshi.com/markets/kxdancingwiththestars/who-will-win-dancing-with-the-stars,Will Maura Higgins win Dancing with the Stars Season 35?,Maura Higgins,KXDANCINGWITHTHESTARS-26DEC31,Dancing with the Stars Season 35 · Winner,KXDANCINGWITHTHESTARS,Who will win dancing with the stars?,Entertainment,"[""Television"", ""Dancing with the Stars""]",open,binary,0.24,0.25,0.24,0.245,0.755,0.245,0.01,214378.37,155447.55,112452.48,0,2026-09-02T16:08:00Z,2027-01-07T15:00:00Z,2027-01-07T15:00:00Z,,,,custom,,,,,,,,2026-09-17T17:14:14+00:00,https://kalshi.com/markets/kxdancingwiththestars/who-will-win-dancing-with-the-stars/kxdancingwiththestars-26dec31,True
polymarket,0xc80307dfabb96cffbdd615abf23082104fdb777015e76c5779a10fab9f1c5dbc,https://polymarket.com/event/elon-musk-of-tweets-september-11-september-18-2026/elon-musk-of-tweets-september-11-september-18-2026-160-179,"Will Elon Musk post 160-179 tweets from September 11 to September 18, 2026?",160-179,986503,"Elon Musk # tweets September 11 - September 18, 2026?",elon-musk-of-tweets-september-11-september-18-2026,"Elon Musk # tweets September 11 - September 18, 2026?",,[],open,binary,0.018,0.019,0.018,0.0185,0.9815,0.0185,0.001,270461.7962659997,153028.09054700003,,34792.64566,2026-09-08T04:00:42Z,2026-09-18T16:00:00Z,2026-09-18T16:00:00Z,,,,,,,,-3.45,"[""Yes"", ""No""]","[0.0185, 0.9815]",21073944466209022418836988941856349977676797472101106627683388961898565846088,2026-09-17T17:13:45+00:00,,
polymarket,0xaac7042e2a1e276b6138c71303bf0291ca76a80e28caa51852a4f268f07f673e,https://polymarket.com/event/mlb-lad-cin-2026-09-17/mlb-lad-cin-2026-09-17,Los Angeles Dodgers vs. Cincinnati Reds,,1004387,Los Angeles Dodgers vs. Cincinnati Reds,mlb-lad-cin-2026-09-17,Los Angeles Dodgers vs. Cincinnati Reds,,[],open,binary,0.83,0.84,0.84,0.835,0.165,0.835,0.01,197159.67178799998,150298.14641100002,,81942.4481,2026-09-11T13:00:31Z,2026-09-24T16:40:00Z,2026-09-24T16:40:00Z,,,,,,,,22,"[""Los Angeles Dodgers"", ""Cincinnati Reds""]","[0.835, 0.165]",68155594926993002971794565071431726319173389818386859538812234587360708933602,2026-09-17T17:13:45+00:00,,
kalshi,KXBTCD-26SEP1717-T76999.99,https://kalshi.com/markets/kxbtcd/bitcoin-price-above-below,"Bitcoin price on Sep 17, 2026?","$77,000 or above",KXBTCD-26SEP1717,"BTC price on Sep 17, 2026 at 5pm EDT?",KXBTCD,Bitcoin price Above/below,Crypto,"[""Hourly"", ""BTC""]",open,binary,0.31,0.32,0.31,0.315,0.685,0.315,0.01,149134.21,149019.21,65337.51,0,2026-09-16T20:00:00Z,2026-09-17T21:00:00Z,2026-09-24T21:00:00Z,,,,greater,76999.99,,BRTI,,,,,2026-09-17T17:13:51+00:00,https://kalshi.com/markets/kxbtcd/bitcoin-price-above-below/kxbtcd-26sep1717,True
kalshi,KXITFMATCH-26SEP17BANELD-BAN,https://kalshi.com/markets/kxitfmatch/itf-men-s-match,Samir Banerjee wins,Samir Banerjee,KXITFMATCH-26SEP17BANELD,Banerjee vs Eldin,KXITFMATCH,ITF Men's Match,Sports,"[""Tennis""]",open,binary,0.92,0.93,0.92,0.925,0.075,0.925,0.01,153737.59,148815.27,136327.16,0,2026-09-16T21:12:00Z,2026-10-01T13:00:00Z,2026-10-01T13:00:00Z,,,,structured,,,,,,,,2026-09-17T17:13:48+00:00,https://kalshi.com/markets/kxitfmatch/itf-men-s-match/kxitfmatch-26sep17baneld,True
kalshi,KXMLBF5TOTAL-26SEP171240LADCIN-6,https://kalshi.com/markets/kxmlbf5total/first-5-innings-total,First 5 innings: Over 5.5 runs,Over 5.5 runs in the first 5 innings,KXMLBF5TOTAL-26SEP171240LADCIN,Los Angeles D vs Cincinnati: First 5 Innings Total,KXMLBF5TOTAL,First 5 Innings Total,Sports,"[""Baseball""]",open,binary,0.79,0.82,0.82,0.805,0.195,0.805,0.03,148751.25,148149.9,127984.61,0,2026-09-17T00:50:00Z,2026-09-20T16:40:00Z,2026-09-20T16:40:00Z,,,,greater,5.5,,,,,,,2026-09-17T17:13:47+00:00,https://kalshi.com/markets/kxmlbf5total/first-5-innings-total/kxmlbf5total-26sep171240ladcin,True
kalshi,KXNFLFIRSTTD-26SEP17DETBUF-BUFDKINCAID86,https://kalshi.com/markets/kxnflfirsttd/pro-football-first-touchdown,Dalton Kincaid: 1st Touchdown,Dalton Kincaid,KXNFLFIRSTTD-26SEP17DETBUF,Detroit vs Buffalo: 1st Touchdown,KXNFLFIRSTTD,Pro Football First Touchdown,Sports,"[""Football""]",open,binary,0.06,0.07,0.07,0.065,0.935,0.065,0.01,170880.73,147287.33,170002.18,0,2026-09-15T09:15:00Z,2026-09-20T00:15:00Z,2026-09-20T00:15:00Z,,,,structured,,,,,,,,2026-09-17T17:13:55+00:00,https://kalshi.com/markets/kxnflfirsttd/pro-football-first-touchdown/kxnflfirsttd-26sep17detbuf,True
kalshi,KXPGATOUR-BICA26-TFIN,https://kalshi.com/markets/kxpgatour/pga-tour,Will Tony Finau win the Biltmore Championship Asheville?,Tony Finau,KXPGATOUR-BICA26,Biltmore Championship Asheville Winner,KXPGATOUR,PGA Tour,Sports,"[""Golf""]",open,binary,0.007,0.01,0.009,0.0085,0.9915,0.0085,0.003,470731.88,146320.78,416584.14,0,2026-09-13T23:05:00Z,2026-10-04T00:00:00Z,2026-10-04T00:00:00Z,,,,structured,,,,,,,,2026-09-17T17:14:02+00:00,https://kalshi.com/markets/kxpgatour/pga-tour/kxpgatour-bica26,True
polymarket,0xaab58cad3348a57761c0417f6751487e2d4815edcb8ae7fd00e1f8dff8a091c6,https://polymarket.com/event/mlb-bos-tex-2026-09-17/mlb-bos-tex-2026-09-17,Boston Red Sox vs. Texas Rangers,,1004400,Boston Red Sox vs. Texas Rangers,mlb-bos-tex-2026-09-17,Boston Red Sox vs. Texas Rangers,,[],open,binary,0.523,0.524,0.524,0.5235,0.4765,0.5235,0.001,145376.075952,145271.19971000002,,764706.68572,2026-09-11T13:00:40Z,2026-09-25T00:05:00Z,2026-09-25T00:05:00Z,,,,,,,,0.65,"[""Boston Red Sox"", ""Texas Rangers""]","[0.5235, 0.4765]",49203374199912059801186434967959043357298847059498724573973369150667060541902,2026-09-17T17:13:45+00:00,,
kalshi,KXPGATOUR-BICA26-DTHO,https://kalshi.com/markets/kxpgatour/pga-tour,Will Davis Thompson win the Biltmore Championship Asheville?,Davis Thompson,KXPGATOUR-BICA26,Biltmore Championship Asheville Winner,KXPGATOUR,PGA Tour,Sports,"[""Golf""]",open,binary,0.018,0.032,0.02,0.025,0.975,0.025,0.014,807858.98,144966.99,789632.07,0,2026-09-13T23:05:00Z,2026-10-04T00:00:00Z,2026-10-04T00:00:00Z,,,,structured,,,,,,,,2026-09-17T17:14:02+00:00,https://kalshi.com/markets/kxpgatour/pga-tour/kxpgatour-bica26,True
kalshi,KXMLBF5-26SEP171235MILPIT-MIL,https://kalshi.com/markets/kxmlbf5/first-5-innings-winner,Milwaukee first 5 innings winner,Milwaukee wins first 5 innings,KXMLBF5-26SEP171235MILPIT,Milwaukee vs Pittsburgh: First 5 Innings,KXMLBF5,First 5 Innings Winner,Sports,"[""Baseball""]",open,binary,0.11,0.12,0.12,0.115,0.885,0.115,0.01,146090.76,144581.11,103432.54,0,2026-09-17T02:30:00Z,2026-09-20T16:35:00Z,2026-09-20T16:35:00Z,,,,structured,,,,,,,,2026-09-17T17:13:47+00:00,https://kalshi.com/markets/kxmlbf5/first-5-innings-winner/kxmlbf5-26sep171235milpit,True
polymarket,0xc89266786402aaabe78111eb91c6764d86857bbc4427c82b91d60a5ef69a70d0,https://polymarket.com/event/ballon-dor-winner-2026/will-erling-haaland-win-the-2026-ballon-dor,Will Erling Haaland win the 2026 Ballon d'Or?,Erling Haaland,48361,Ballon d'Or Winner 2026,ballon-dor-winner-2026,Ballon d'Or Winner 2026,,[],open,binary,0.002,0.003,0.002,0.0025,0.9975,0.0025,0.001,1907788.699457,144400.354124,,340354.94641,2025-09-22T23:39:02.010671Z,2026-10-31T00:00:00Z,2026-10-31T00:00:00Z,,,,,,,,0.1,"[""Yes"", ""No""]","[0.0025, 0.9975]",28452090262595806306683841543702974671789939255165753137157118490078999198778,2026-09-17T17:13:45+00:00,,
polymarket,0x9fba18a452162844d2ffe5f0b2bb374c7033d2b5bce7fb770fb71a4a698ef5ae,https://polymarket.com/event/lal-mala-vil-2026-09-17/lal-mala-vil-2026-09-17-vil,Will Villarreal CF win on 2026-09-17?,Villarreal CF,963034,Málaga CF vs. Villarreal CF,lal-mala-vil-2026-09-17,Málaga CF vs. Villarreal CF,,[],open,binary,0.48,0.49,0.49,0.485,0.515,0.485,0.01,474912.6018869999,143360.022959,,596757.699,2026-09-04T06:00:14Z,2026-09-17T19:30:00Z,2026-09-17T19:30:00Z,,,,,,,,-1,"[""Yes"", ""No""]","[0.485, 0.515]",20225819075735750518365188677478094505021941228264467345757873405930797678127,2026-09-17T17:13:45+00:00,,
kalshi,KXHEISMAN-27-KJEN,https://kalshi.com/markets/kxheisman/heisman-trophy-winner,Who will win Heisman Trophy?,Kevin Jennings,KXHEISMAN-27,Heisman Trophy Winner,KXHEISMAN,Heisman Trophy Winner,Sports,"[""Football""]",open,binary,0.02,0.03,0.03,0.025,0.975,0.025,0.01,982036.67,143326.56,863367.79,0,2026-06-25T19:30:00Z,2027-01-01T15:00:00Z,2027-01-15T15:00:00Z,,,,custom,,,,,,,,2026-09-17T17:14:32+00:00,https://kalshi.com/markets/kxheisman/heisman-trophy-winner/kxheisman-27,True
kalshi,KXDPWORLDTOUR-BMPC26-VHOV,https://kalshi.com/markets/kxdpworldtour/dp-world-tour-tournament-winner,Will Viktor Hovland win the BMW PGA Championship?,Viktor Hovland,KXDPWORLDTOUR-BMPC26,BMW PGA Championship Winner,KXDPWORLDTOUR,DP World Tour Tournament Winner,Sports,"[""Golf""]",open,binary,0.065,0.069,0.065,0.067,0.933,0.067,0.004,235925.38,142184.97,234506.79,0,2026-09-12T12:00:00Z,2026-10-04T00:00:00Z,2026-10-04T00:00:00Z,,,,structured,,,,,,,,2026-09-17T17:14:05+00:00,https://kalshi.com/markets/kxdpworldtour/dp-world-tour-tournament-winner/kxdpworldtour-bmpc26,True
kalshi,KXDPWORLDTOUR-BMPC26-JROS,https://kalshi.com/markets/kxdpworldtour/dp-world-tour-tournament-winner,Will Justin Rose win the BMW PGA Championship?,Justin Rose,KXDPWORLDTOUR-BMPC26,BMW PGA Championship Winner,KXDPWORLDTOUR,DP World Tour Tournament Winner,Sports,"[""Golf""]",open,binary,0.001,0.004,0.002,0.0025,0.9975,0.0025,0.003,290873.79,139969.95,287846.01,0,2026-09-12T12:00:00Z,2026-10-04T00:00:00Z,2026-10-04T00:00:00Z,,,,structured,,,,,,,,2026-09-17T17:14:05+00:00,https://kalshi.com/markets/kxdpworldtour/dp-world-tour-tournament-winner/kxdpworldtour-bmpc26,True
kalshi,KXDPWORLDTOUR-BMPC26-LABE,https://kalshi.com/markets/kxdpworldtour/dp-world-tour-tournament-winner,Will Ludvig Åberg win the BMW PGA Championship?,Ludvig Åberg,KXDPWORLDTOUR-BMPC26,BMW PGA Championship Winner,KXDPWORLDTOUR,DP World Tour Tournament Winner,Sports,"[""Golf""]",open,binary,0.12,0.14,0.14,0.13,0.87,0.13,0.02,188227.77,139926.1,147605.5,0,2026-09-12T12:00:00Z,2026-10-04T00:00:00Z,2026-10-04T00:00:00Z,,,,structured,,,,,,,,2026-09-17T17:14:05+00:00,https://kalshi.com/markets/kxdpworldtour/dp-world-tour-tournament-winner/kxdpworldtour-bmpc26,True
kalshi,KXWTASETWINNER-26SEP17LAMSIE-2-SIE,https://kalshi.com/markets/kxwtasetwinner/wta-set-winner,Will Solana Sierra win set 2 in the Suzan Lamens vs Solana Sierra match,Solana Sierra,KXWTASETWINNER-26SEP17LAMSIE-2,Suzan Lamens vs Solana Sierra: Set 2 Winner,KXWTASETWINNER,WTA Set Winner,Sports,"[""Tennis""]",open,binary,0.4,0.42,0.42,0.41,0.59,0.41,0.02,148593.53,139520.95,132098.8,0,2026-09-16T20:10:00Z,2026-10-01T18:00:00Z,2026-10-01T18:00:00Z,,,,structured,,,,,,,,2026-09-17T17:13:49+00:00,https://kalshi.com/markets/kxwtasetwinner/wta-set-winner/kxwtasetwinner-26sep17lamsie-2,True
kalshi,KXNFLTD-26SEP17DETBUF-BUFJCOOK4-1,https://kalshi.com/markets/kxnfltd/pro-football-touchdowns,James Cook III: 1+ touchdowns,James Cook III: 1+,KXNFLTD-26SEP17DETBUF,Detroit vs Buffalo: Touchdowns,KXNFLTD,Pro Football Touchdowns,Sports,"[""Football""]",open,binary,0.54,0.55,0.55,0.545,0.455,0.545,0.01,178291.37,138503.44,177858.27,0,2026-09-14T12:15:00Z,2026-09-20T00:15:00Z,2026-09-20T00:15:00Z,,,,greater,0.5,,,,,,,2026-09-17T17:14:00+00:00,https://kalshi.com/markets/kxnfltd/pro-football-touchdowns/kxnfltd-26sep17detbuf,True
kalshi,KXPGAR1LEAD-BICA26-BKOH,https://kalshi.com/markets/kxpgar1lead/pga-round-1-leader,Ben Kohles leads at the end of Round 1,Ben Kohles,KXPGAR1LEAD-BICA26,Biltmore Championship Asheville End of Round 1 Leader,KXPGAR1LEAD,PGA Round 1 Leader,Sports,"[""Golf""]",open,binary,0,0.006,0.006,0.003,0.997,0.003,0.006,156891,137138.1,129632.19,0,2026-09-14T00:10:00Z,2026-10-04T00:00:00Z,2026-10-04T00:00:00Z,,,,structured,,,,,,,,2026-09-17T17:14:02+00:00,https://kalshi.com/markets/kxpgar1lead/pga-round-1-leader/kxpgar1lead-bica26,True
kalshi,KXDPWORLDTOUR-BMPC26-TLAW,https://kalshi.com/markets/kxdpworldtour/dp-world-tour-tournament-winner,Will Thriston Lawrence win the BMW PGA Championship?,Thriston Lawrence,KXDPWORLDTOUR-BMPC26,BMW PGA Championship Winner,KXDPWORLDTOUR,DP World Tour Tournament Winner,Sports,"[""Golf""]",open,binary,0.001,0.003,0.002,0.002,0.998,0.002,0.002,268501.97,136239.73,238509.05,0,2026-09-12T12:00:00Z,2026-10-04T00:00:00Z,2026-10-04T00:00:00Z,,,,structured,,,,,,,,2026-09-17T17:14:05+00:00,https://kalshi.com/markets/kxdpworldtour/dp-world-tour-tournament-winner/kxdpworldtour-bmpc26,True
kalshi,KXWTACHALLENGERMATCH-26SEP17HERMAS-HER,https://kalshi.com/markets/kxwtachallengermatch/challenger-wta,Alicia Herrero Linana wins,Alicia Herrero Linana,KXWTACHALLENGERMATCH-26SEP17HERMAS,Herrero Linana vs Masarova,KXWTACHALLENGERMATCH,Challenger WTA,Sports,"[""Tennis""]",open,binary,0.82,0.83,0.83,0.825,0.175,0.825,0.01,150887.88,136091.56,100909.38,0,2026-09-17T03:40:00Z,2026-10-01T15:30:00Z,2026-10-01T15:30:00Z,,,,structured,,,,,,,,2026-09-17T17:13:47+00:00,https://kalshi.com/markets/kxwtachallengermatch/challenger-wta/kxwtachallengermatch-26sep17hermas,True
kalshi,KXPRESNOMR-28-JH,https://kalshi.com/markets/kxpresnomr/republican-primary-winner,Will Josh Hawley be the nominee for the Presidency for the Republican party?,Josh Hawley,KXPRESNOMR-28,2028 Republican presidential nominee,KXPRESNOMR,Republican Primary winner,Elections,"[""2028"", ""US Elections""]",open,binary,0.004,0.007,0.004,0.0055,0.9945,0.0055,0.003,1533005.64,136040.83,1286223.49,0,2024-11-06T15:00:00Z,2028-11-07T15:00:00Z,2028-11-07T15:00:00Z,,,,custom,,,,,,,,2026-09-17T17:14:48+00:00,https://kalshi.com/markets/kxpresnomr/republican-primary-winner/kxpresnomr-28,True
kalshi,KXNCAAFGAME-26SEP19MERGT-MER,https://kalshi.com/markets/kxncaafgame/college-football-game,Mercer wins,Mercer,KXNCAAFGAME-26SEP19MERGT,Mercer vs Georgia Tech,KXNCAAFGAME,College Football Game,Sports,"[""Football""]",open,binary,0,0.01,0.01,0.005,0.995,0.005,0.01,420214.76,134885.33,415344.86,0,2026-09-05T16:08:00Z,2026-09-21T16:00:00Z,2026-09-21T16:00:00Z,,,,structured,,,,,,,,2026-09-17T17:14:13+00:00,https://kalshi.com/markets/kxncaafgame/college-football-game/kxncaafgame-26sep19mergt,True
polymarket,0xc9615bb82d6535d630ff98e8094060bc767d8b9446516e98f84d2001a35e50e7,https://polymarket.com/event/which-party-will-gain-most-seats-in-russian-parliamentary-election/will-new-people-nl-gain-the-most-seats-in-the-next-russian-parliamentary-election,Will New People (NL) gain the most seats in the next Russian parliamentary election?,New People (NL),149589,Which party will gain most seats in Russian Parliamentary Election?,which-party-will-gain-most-seats-in-russian-parliamentary-election,Which party will gain most seats in Russian Parliamentary Election?,,[],open,binary,0.205,0.206,0.206,0.2055,0.7945,0.2055,0.001,3365946.9149470003,134413.118666,,251204.04218,2026-01-07T21:34:54.347508Z,2026-09-30T00:00:00Z,2026-09-30T00:00:00Z,,,,,,,,-1.55,"[""Yes"", ""No""]","[0.2055, 0.7945]",11579523374077486340625849389871632811698420338620172235121664865203221472748,2026-09-17T17:13:45+00:00,,
polymarket,0x5db999fad322cea2914535aae5517060c3f80ad6d8c0231cde2124a434d16846,https://polymarket.com/event/will-the-us-invade-iran-before-2027/will-the-us-invade-iran-before-2027,Will the U.S. invade Iran before 2027?,,73130,Will the U.S. invade Iran before 2027?,will-the-us-invade-iran-before-2027,Will the U.S. invade Iran before 2027?,,[],open,binary,0.16,0.17,0.16,0.165,0.835,0.165,0.01,66568122.68212603,133985.310651,,774630.764,2025-11-05T17:52:17.414Z,2027-01-01T04:59:00Z,2027-01-01T04:59:00Z,,,,,,,,,"[""Yes"", ""No""]","[0.165, 0.835]",55115078421062885512539156303747803058407616201213034911037320915726138659123,2026-09-17T17:13:45+00:00,,
kalshi,KXUELGAME-26SEP17OFITSG-TSG,https://kalshi.com/markets/kxuelgame/uefa-europa-league-game,Hoffenheim wins,Hoffenheim,KXUELGAME-26SEP17OFITSG,OFI Crete vs Hoffenheim,KXUELGAME,UEFA Europa League Game,Sports,"[""Soccer""]",open,binary,0.71,0.72,0.72,0.715,0.285,0.715,0.01,134557.84,133260.8,128533.56,0,2026-09-03T00:39:00Z,2026-09-19T22:45:00Z,2026-09-19T22:45:00Z,,,,structured,,,,,,,,2026-09-17T17:14:14+00:00,https://kalshi.com/markets/kxuelgame/uefa-europa-league-game/kxuelgame-26sep17ofitsg,True
kalshi,KXUELTOTAL-26SEP17OFITSG-4,https://kalshi.com/markets/kxueltotal/europa-league-total,Will over 3.5 goals be scored?,Over 3.5 goals scored,KXUELTOTAL-26SEP17OFITSG,OFI Crete vs Hoffenheim: Total Goals,KXUELTOTAL,Europa League Total,Sports,"[""Soccer""]",open,binary,0.24,0.25,0.25,0.245,0.755,0.245,0.01,132074.64,132015.38,113619.23,0,2026-09-10T17:10:00Z,2026-09-19T16:45:00Z,2026-09-19T16:45:00Z,,,,greater,3.5,,,,,,,2026-09-17T17:14:11+00:00,https://kalshi.com/markets/kxueltotal/europa-league-total/kxueltotal-26sep17ofitsg,True
kalshi,KXNBA-27-OKC,https://kalshi.com/markets/kxnba/pro-basketball-champion,Will Oklahoma City win the 2027 Pro Basketball Finals?,Oklahoma City,KXNBA-27,2027 Pro Basketball Champion,KXNBA,Pro Basketball Champion,Sports,"[""Basketball""]",open,binary,0.21,0.22,0.21,0.215,0.785,0.215,0.01,652667.68,131271.58,511633.75,0,2026-06-14T08:00:00Z,2029-07-30T14:00:00Z,2029-07-30T14:00:00Z,,,,structured,,,,,,,,2026-09-17T17:14:33+00:00,https://kalshi.com/markets/kxnba/pro-basketball-champion/kxnba-27,True
polymarket,0xa04f9a5818493b03a94d86c6323b7c9d8e060fa86b7e1ed3c0a2ad9a5517425b,https://polymarket.com/event/which-party-will-gain-most-seats-in-russian-parliamentary-election/will-a-just-russia-for-truth-srzp-gain-the-most-seats-in-the-next-russian-parliamentary-election,Will A Just Russia – For Truth (SRZP) gain the most seats in the next Russian parliamentary election?,A Just Russia – For Truth (SRZP),149589,Which party will gain most seats in Russian Parliamentary Election?,which-party-will-gain-most-seats-in-russian-parliamentary-election,Which party will gain most seats in Russian Parliamentary Election?,,[],open,binary,0.001,0.002,0.001,0.0015,0.9985,0.0015,0.001,3208336.355938,130426.77499999998,,406021.41569,2026-01-07T21:34:52.28413Z,2026-09-30T00:00:00Z,2026-09-30T00:00:00Z,,,,,,,,,"[""Yes"", ""No""]","[0.0015, 0.9985]",110147522983295364410360843655613380113369733862822151390122875655395261530519,2026-09-17T17:13:45+00:00,,
polymarket,0x50a35dd8f8d1dc251a6f3df70794eab797202747494119ac04f8f377d4e77670,https://polymarket.com/event/nfl-det-buf-2026-09-18/nfl-det-buf-2026-09-18,Lions vs. Bills,,810546,Lions vs. Bills,nfl-det-buf-2026-09-18,Lions vs. Bills,,[],open,binary,0.31,0.32,0.32,0.315,0.685,0.315,0.01,162022.579118,129132.89403099999,,3772513.3122,2026-08-07T12:00:28Z,2026-09-18T00:15:00Z,2026-09-18T00:15:00Z,,,,,,,,-1,"[""Lions"", ""Bills""]","[0.315, 0.685]",35946349809644018221594766900800697897892667107929166603091569173318790894279,2026-09-17T17:13:45+00:00,,
kalshi,KXWTAMATCH-26SEP17LEMQUE-QUE,https://kalshi.com/markets/kxwtamatch/wta-tennis-match,Kaitlin Quevedo wins,Kaitlin Quevedo,KXWTAMATCH-26SEP17LEMQUE,Leme Da Silva vs Quevedo,KXWTAMATCH,WTA Tennis Match,Sports,"[""Tennis""]",open,binary,0.98,0.99,0.98,0.985,0.015,0.985,0.01,136238.05,129068.21,100207.53,0,2026-09-16T19:15:00Z,2026-10-01T18:00:00Z,2026-10-01T18:00:00Z,,,,structured,,,,,,,,2026-09-17T17:13:49+00:00,https://kalshi.com/markets/kxwtamatch/wta-tennis-match/kxwtamatch-26sep17lemque,True
kalshi,KXT20MATCH-26SEP171330SRIENG-ENG,https://kalshi.com/markets/kxt20match/men-s-t20-cricket-match,England wins,England,KXT20MATCH-26SEP171330SRIENG,England vs Sri Lanka,KXT20MATCH,Men's T20 Cricket Match,Sports,"[""Cricket""]",open,binary,0.87,0.88,0.88,0.875,0.125,0.875,0.01,253825.31,128262.96,190768.36,0,2026-09-15T00:11:00Z,2026-09-19T21:30:00Z,2026-09-19T21:30:00Z,,,,structured,,,,,,,,2026-09-17T17:13:56+00:00,https://kalshi.com/markets/kxt20match/men-s-t20-cricket-match/kxt20match-26sep171330srieng,True
kalshi,KXATPCHALLENGERMATCH-26SEP17GALSAI-SAI,https://kalshi.com/markets/kxatpchallengermatch/challenger-atp,Nikolas Sanchez Izquierdo wins,Nikolas Sanchez Izquierdo,KXATPCHALLENGERMATCH-26SEP17GALSAI,Galan vs Sanchez Izquierdo,KXATPCHALLENGERMATCH,Challenger ATP ,Sports,"[""Tennis""]",open,binary,0.62,0.63,0.63,0.625,0.375,0.625,0.01,139856.93,127841.12,131503.73,0,2026-09-17T03:10:00Z,2026-10-01T15:00:00Z,2026-10-01T15:00:00Z,,,,structured,,,,,,,,2026-09-17T17:13:47+00:00,https://kalshi.com/markets/kxatpchallengermatch/challenger-atp/kxatpchallengermatch-26sep17galsai,True
kalshi,KXWT20MATCH-26SEP180800CHNBAN-CHN,https://kalshi.com/markets/kxwt20match/women-s-t20-match,China wins,China,KXWT20MATCH-26SEP180800CHNBAN,Bangladesh vs China,KXWT20MATCH,Women's T20 Match,Sports,"[""Cricket""]",open,binary,0.49,0.5,0.49,0.495,0.505,0.495,0.01,136491.09,127456.81,74132.75,0,2026-09-11T00:10:00Z,2026-09-20T16:00:00Z,2026-09-20T16:00:00Z,,,,structured,,,,,,,,2026-09-17T17:14:06+00:00,https://kalshi.com/markets/kxwt20match/women-s-t20-match/kxwt20match-26sep180800chnban,True
polymarket,0x5e082f0b57f47a29044aa35b4c5658393122e659d5feae521c06b57cdd7f905c,https://polymarket.com/event/how-many-fed-rate-cuts-in-2026/will-1-fed-rate-cut-happen-in-2026,Will 1 Fed rate cut happen in 2026?,1 (25 bps),51456,How many Fed rate cuts in 2026?,how-many-fed-rate-cuts-in-2026,How many Fed rate cuts in 2026?,,[],open,binary,0.017,0.019,0.018,0.018,0.982,0.018,0.002,3173029.548574,126260.25621900003,,177984.23957,2025-09-29T22:24:47.834711Z,2026-12-31T00:00:00Z,2026-12-31T00:00:00Z,,,,,,,,-3.35,"[""Yes"", ""No""]","[0.018, 0.982]",113379839734351069617987084078322474966003108854908079701423911002443710490196,2026-09-17T17:13:45+00:00,,
polymarket,0xbb5df221a8f1475d306a5992e35689ae6b6603df17102cb5da8d7161aa336a5b,https://polymarket.com/event/uel-juv-nec-2026-09-17/uel-juv-nec-2026-09-17-juv,Will Juventus FC win on 2026-09-17?,Juventus FC,965738,Juventus FC vs. NEC,uel-juv-nec-2026-09-17,Juventus FC vs. NEC,,[],open,binary,0.84,0.85,0.85,0.845,0.155,0.845,0.01,128817.44116299998,125633.90752700003,,259070.8068,2026-09-04T18:30:30Z,2026-09-17T19:00:00Z,2026-09-17T19:00:00Z,,,,,,,,4,"[""Yes"", ""No""]","[0.845, 0.155]",92231993292445212794360814568215086229164685847497550216814870201145947112226,2026-09-17T17:13:45+00:00,,
polymarket,0x8423d656824034ef0c7d27ee32fabd21263461cae31cf516a7a5ece6679dac1e,https://polymarket.com/event/cs2-furia-mibr-2026-09-17/cs2-furia-mibr-2026-09-17,Counter-Strike: FURIA vs MIBR (BO3) - StarLadder StarSeries Playoffs,Match Winner,1005584,Counter-Strike: FURIA vs MIBR (BO3) - StarLadder StarSeries Playoffs,cs2-furia-mibr-2026-09-17,Counter-Strike: FURIA vs MIBR (BO3) - StarLadder StarSeries Playoffs,,[],open,binary,0.59,0.61,0.61,0.6,0.4,0.6,0.02,185756.02207500007,125187.56545599997,,27623.8826,2026-09-11T18:25:37Z,2026-09-17T23:15:00Z,2026-09-17T23:15:00Z,,,,,,,,-9.5,"[""FURIA"", ""MIBR""]","[0.6, 0.4]",108098906104658008339606455099669090051669236259264470074883341549339025135082,2026-09-17T17:13:45+00:00,,
kalshi,KXPGATOUR-BICA26-MGRE,https://kalshi.com/markets/kxpgatour/pga-tour,Will Max Greyserman win the Biltmore Championship Asheville?,Max Greyserman,KXPGATOUR-BICA26,Biltmore Championship Asheville Winner,KXPGATOUR,PGA Tour,Sports,"[""Golf""]",open,binary,0.057,0.072,0.079,0.0645,0.9355,0.0645,0.015,157247.09,124221.91,146970.71,0,2026-09-13T23:05:00Z,2026-10-04T00:00:00Z,2026-10-04T00:00:00Z,,,,structured,,,,,,,,2026-09-17T17:14:02+00:00,https://kalshi.com/markets/kxpgatour/pga-tour/kxpgatour-bica26,True
polymarket,0xa08a5ce99e14ce0b22767af6f16c08a2ab012249444c20887193a9a3e98e11fc,https://polymarket.com/event/strait-of-hormuz-traffic-returns-to-normal-by-september-30-20260702154339440/strait-of-hormuz-traffic-returns-to-normal-by-september-30-20260702154339440,Strait of Hormuz traffic returns to normal by September 30?,,660109,Strait of Hormuz traffic returns to normal by September 30?,strait-of-hormuz-traffic-returns-to-normal-by-september-30-20260702154339440,Strait of Hormuz traffic returns to normal by September 30?,,[],open,binary,0.008,0.011,0.01,0.0095,0.9905,0.0095,0.003,8828489.859602,123030.61648200001,,289804.66771,2026-07-02T21:49:47.480763Z,2026-09-30T00:00:00Z,2026-09-30T00:00:00Z,,,,,,,,-0.45,"[""Yes"", ""No""]","[0.0095, 0.9905]",23545193122217391289335133742859160842475987880562465754342378273033942179195,2026-09-17T17:13:45+00:00,,
polymarket,0xace3c72c24fccb6731433483ece41c780432d84850edccd5a6bf3147ccea62a9,https://polymarket.com/event/will-the-us-confirm-that-aliens-exist-before-2027/will-the-us-confirm-that-aliens-exist-by-september-30-396,Will the US confirm that aliens exist by September 30?,September 30,90177,Will the US confirm that aliens exist by...?,will-the-us-confirm-that-aliens-exist-before-2027,Will the US confirm that aliens exist by...?,,[],open,binary,0.005,0.006,0.006,0.0055,0.9945,0.0055,0.001,5760032.206279999,121631.78517799999,,327594.90728,2026-04-20T16:14:03.578497Z,2026-10-01T03:59:00Z,2026-10-01T03:59:00Z,,,,,,,,-0.55,"[""Yes"", ""No""]","[0.0055, 0.9945]",105069795193894788513793544317232573603113601482800430284884125529472460504203,2026-09-17T17:13:45+00:00,,
polymarket,0x6c1f77b97d9c504f0cd893bce227e17979ea9c472b749fbf06d10568900cdcfa,https://polymarket.com/event/uel-lev2-rbs-2026-09-17/uel-lev2-rbs-2026-09-17-rbs,Will FC Red Bull Salzburg win on 2026-09-17?,FC Red Bull Salzburg,960207,PFK Levski Sofia vs. FC Red Bull Salzburg,uel-lev2-rbs-2026-09-17,PFK Levski Sofia vs. FC Red Bull Salzburg,,[],open,binary,0.44,0.45,0.45,0.445,0.555,0.445,0.01,124846.03341499994,119925.40670599989,,103878.9508,2026-09-03T18:30:19Z,2026-09-17T16:45:00Z,2026-09-17T16:45:00Z,,,,,,,,2,"[""Yes"", ""No""]","[0.445, 0.555]",97966447494946507608160238653753807398786779680694502226879719886877305842882,2026-09-17T17:13:45+00:00,,
kalshi,KXPGATOUR-BICA26-VWHA,https://kalshi.com/markets/kxpgatour/pga-tour,Will Vince Whaley win the Biltmore Championship Asheville?,Vince Whaley,KXPGATOUR-BICA26,Biltmore Championship Asheville Winner,KXPGATOUR,PGA Tour,Sports,"[""Golf""]",open,binary,0.001,0.002,0.002,0.0015,0.9985,0.0015,0.001,136908.8,119692.08,136903.8,0,2026-09-13T23:05:00Z,2026-10-04T00:00:00Z,2026-10-04T00:00:00Z,,,,structured,,,,,,,,2026-09-17T17:14:02+00:00,https://kalshi.com/markets/kxpgatour/pga-tour/kxpgatour-bica26,True
polymarket,0x58d5cc2bf06a3289b127049239aee051f3b941f219efebbca02d3f50f0eb2a64,https://polymarket.com/event/next-prime-minister-of-sweden/will-magdalena-andersson-be-the-next-prime-minister-of-sweden,Will Magdalena Andersson be the next Prime Minister of Sweden?,Magdalena Andersson,166435,Next Prime Minister of Sweden,next-prime-minister-of-sweden,Next Prime Minister of Sweden,,[],open,binary,0.94,0.95,0.94,0.945,0.055,0.945,0.01,1926854.1786820004,118899.675927,,108142.7543,2026-01-19T20:34:34.381805Z,2026-09-13T00:00:00Z,2026-09-13T00:00:00Z,,,,,,,,3,"[""Yes"", ""No""]","[0.945, 0.055]",6761884778816083542753350539779617201084594664234729655783875952381923983097,2026-09-17T17:13:45+00:00,,
kalshi,KXWTAMATCH-26SEP17ORTBAD-ORT,https://kalshi.com/markets/kxwtamatch/wta-tennis-match,Jazmin Ortenzi wins,Jazmin Ortenzi,KXWTAMATCH-26SEP17ORTBAD,Ortenzi vs Badosa,KXWTAMATCH,WTA Tennis Match,Sports,"[""Tennis""]",open,binary,0.08,0.09,0.09,0.085,0.915,0.085,0.01,118618.3,118618.3,118602.18,0,2026-09-17T00:25:00Z,2026-10-01T17:30:00Z,2026-10-01T17:30:00Z,,,,structured,,,,,,,,2026-09-17T17:13:48+00:00,https://kalshi.com/markets/kxwtamatch/wta-tennis-match/kxwtamatch-26sep17ortbad,True
kalshi,KXPGATOUR-BICA26-CLAM,https://kalshi.com/markets/kxpgatour/pga-tour,Will Christo Lamprecht win the Biltmore Championship Asheville?,Christo Lamprecht,KXPGATOUR-BICA26,Biltmore Championship Asheville Winner,KXPGATOUR,PGA Tour,Sports,"[""Golf""]",open,binary,0.001,0.002,0.002,0.0015,0.9985,0.0015,0.001,180619.55,117921.51,180609.55,0,2026-09-13T23:05:00Z,2026-10-04T00:00:00Z,2026-10-04T00:00:00Z,,,,structured,,,,,,,,2026-09-17T17:14:02+00:00,https://kalshi.com/markets/kxpgatour/pga-tour/kxpgatour-bica26,True
kalshi,KXMLBRFI-26SEP171310ATHTB,https://kalshi.com/markets/kxmlbrfi/pro-baseball-run-in-first-inning,1st inning: Over 0.5 runs,Over 0.5 runs in the 1st inning,KXMLBRFI-26SEP171310ATHTB,A's vs Tampa Bay: First Inning Run,KXMLBRFI,Pro Baseball Run in First Inning,Sports,"[""Baseball""]",open,binary,0.37,0.4,0.37,0.385,0.615,0.385,0.03,137230.27,116910.98,97970.22,0,2026-09-14T17:40:00Z,2026-09-20T17:10:00Z,2026-09-20T17:10:00Z,,,,greater_or_equal,1,,,,,,,2026-09-17T17:13:58+00:00,https://kalshi.com/markets/kxmlbrfi/pro-baseball-run-in-first-inning/kxmlbrfi-26sep171310athtb,True
kalshi,KXPGATOUR-BICA26-LGLO,https://kalshi.com/markets/kxpgatour/pga-tour,Will Lucas Glover win the Biltmore Championship Asheville?,Lucas Glover,KXPGATOUR-BICA26,Biltmore Championship Asheville Winner,KXPGATOUR,PGA Tour,Sports,"[""Golf""]",open,binary,0.004,0.006,0.006,0.005,0.995,0.005,0.002,329162.67,116295.05,329157.67,0,2026-09-13T23:05:00Z,2026-10-04T00:00:00Z,2026-10-04T00:00:00Z,,,,structured,,,,,,,,2026-09-17T17:14:02+00:00,https://kalshi.com/markets/kxpgatour/pga-tour/kxpgatour-bica26,True
polymarket,0xdc6484945fb907c5abbc67f78368935d6a3cf43e1b69c9e02c7f34f59f77b11b,https://polymarket.com/event/cfb-portst-ore-2026-09-18/cfb-portst-ore-2026-09-18,Portland State vs. Oregon,,985282,Portland State vs. Oregon,cfb-portst-ore-2026-09-18,Portland State vs. Oregon,,[],open,binary,,0.002,0.002,0.001,0.999,0.001,0.002,327048.798,115320.02299999999,,522072.76022,2026-09-07T22:00:54Z,2026-09-19T02:30:00Z,2026-09-19T02:30:00Z,,,,,,,,-0.2,"[""Portland State"", ""Oregon""]","[0.001, 0.999]",95060315935107701945120630191119311245001137620151296612312216812616024593207,2026-09-17T17:13:45+00:00,,
polymarket,0x04adf4f078bc7672f368a73b3b831e08eb58cd0dedef91f00eeaf4b83205f62c,https://polymarket.com/event/mlb-sd-col-2026-09-17/mlb-sd-col-2026-09-17,San Diego Padres vs. Colorado Rockies,,1004392,San Diego Padres vs. Colorado Rockies,mlb-sd-col-2026-09-17,San Diego Padres vs. Colorado Rockies,,[],open,binary,0.645,0.646,0.646,0.6455,0.3545,0.6455,0.001,115194.41507399997,114993.366969,,361477.28049,2026-09-11T13:00:35Z,2026-09-24T19:10:00Z,2026-09-24T19:10:00Z,,,,,,,,4.6,"[""San Diego Padres"", ""Colorado Rockies""]","[0.6455, 0.3545]",39656313834170143114305758709810270938932902200087079611139727815256982797396,2026-09-17T17:13:45+00:00,,
polymarket,0xe50c71cc5e2372bf0f6194a02e51459dd03b2c7b2d78a0d4650e5f36c425338b,https://polymarket.com/event/democratic-presidential-nominee-2028/will-elissa-slotkin-win-the-2028-democratic-presidential-nomination,Will Elissa Slotkin win the 2028 Democratic presidential nomination?,Elissa Slotkin,30829,Democratic Presidential Nominee 2028,democratic-presidential-nominee-2028,Democratic Presidential Nominee 2028,,[],open,binary,0.001,0.002,0.002,0.0015,0.9985,0.0015,0.001,1297523.342781,114509.3215,,1444286.97501,2025-07-11T18:36:44.703Z,2028-11-07T00:00:00Z,2028-11-07T00:00:00Z,,,,,,,,-0.1,"[""Yes"", ""No""]","[0.0015, 0.9985]",48455736546094517370011063312529885328905072240106316551156607253162886762655,2026-09-17T17:13:45+00:00,,
kalshi,KXPGATOUR-BICA26-ZBAU,https://kalshi.com/markets/kxpgatour/pga-tour,Will Zachary Bauchou win the Biltmore Championship Asheville?,Zachary Bauchou,KXPGATOUR-BICA26,Biltmore Championship Asheville Winner,KXPGATOUR,PGA Tour,Sports,"[""Golf""]",open,binary,0.01,0.014,0.015,0.012,0.988,0.012,0.004,134632.7,113664.6,132460.25,0,2026-09-13T23:05:00Z,2026-10-04T00:00:00Z,2026-10-04T00:00:00Z,,,,structured,,,,,,,,2026-09-17T17:14:02+00:00,https://kalshi.com/markets/kxpgatour/pga-tour/kxpgatour-bica26,True
polymarket,0x024b68f77bfc019341ee3db8f57c103334e4b9430bba4746d8c94aafd8b36fee,https://polymarket.com/event/what-price-will-bitcoin-hit-before-2027/will-bitcoin-dip-to-45000-by-december-31-2026-674-923-755-971-998-525-926-245-316-517-544-589-965-923-986-841-815-224-586-231-289-533-573,"Will Bitcoin dip to $45,000 by December 31, 2026?","↓ 45,000",89502,What price will Bitcoin hit in 2026?,what-price-will-bitcoin-hit-before-2027,What price will Bitcoin hit in 2026?,,[],open,binary,0.06,0.07,0.06,0.065,0.935,0.065,0.01,7436749.214054001,113564.48528800003,,273735.7718,2025-11-24T19:07:15.386Z,2027-01-01T05:00:00Z,2027-01-01T05:00:00Z,,,,,,,,-2,"[""Yes"", ""No""]","[0.065, 0.935]",9894510651052373088408067031031513212801618531203062911959630395716258202132,2026-09-17T17:13:45+00:00,,
kalshi,KXNCAAF-27-ORE,https://kalshi.com/markets/kxncaaf/ncaaf-championship,Will Oregon win the College Football Playoff National Championship?,Oregon,KXNCAAF-27,College Football National Championship Winner,KXNCAAF,NCAAF Championship,Sports,"[""Football""]",open,binary,0.03,0.04,0.04,0.035,0.965,0.035,0.01,2585231.48,113081.61,2093222.14,0,2026-01-21T22:00:00Z,2027-02-23T04:00:00Z,2027-02-23T04:00:00Z,,,,structured,,,,,,,,2026-09-17T17:14:45+00:00,https://kalshi.com/markets/kxncaaf/ncaaf-championship/kxncaaf-27,True
kalshi,KXNFLGAME-26SEP21NYGLAR-NYG,https://kalshi.com/markets/kxnflgame/professional-football-game,New York G wins,New York G,KXNFLGAME-26SEP21NYGLAR,NY Giants vs LA Rams,KXNFLGAME,Professional Football Game,Sports,"[""Football""]",open,binary,0.26,0.27,0.27,0.265,0.735,0.265,0.01,808175.3,112667.5,583818.75,0,2026-08-25T15:33:00Z,2026-09-24T00:15:00Z,2026-09-24T00:15:00Z,,,,structured,,,,,,,,2026-09-17T17:14:18+00:00,https://kalshi.com/markets/kxnflgame/professional-football-game/kxnflgame-26sep21nyglar,True
kalshi,KXDPWORLDTOUR-BMPC26-JNIE,https://kalshi.com/markets/kxdpworldtour/dp-world-tour-tournament-winner,Will Joaquin Niemann win the BMW PGA Championship?,Joaquin Niemann,KXDPWORLDTOUR-BMPC26,BMW PGA Championship Winner,KXDPWORLDTOUR,DP World Tour Tournament Winner,Sports,"[""Golf""]",open,binary,0.032,0.048,0.049,0.04,0.96,0.04,0.016,254412.02,112526.07,246995.4,0,2026-09-12T12:00:00Z,2026-10-04T00:00:00Z,2026-10-04T00:00:00Z,,,,structured,,,,,,,,2026-09-17T17:14:05+00:00,https://kalshi.com/markets/kxdpworldtour/dp-world-tour-tournament-winner/kxdpworldtour-bmpc26,True
polymarket,0x16c63b7cc37f012b9f59ee164ec03877914c701d06d48291ae8d6fc08a088b0d,https://polymarket.com/event/balance-of-power-2026-midterms/2026-balance-of-power-d-senate-d-house-949,"2026 Balance of Power: D Senate, D House",Democrats Sweep,32228,Balance of Power: 2026 Midterms,balance-of-power-2026-midterms,Balance of Power: 2026 Midterms,,[],open,binary,0.59,0.6,0.6,0.595,0.405,0.595,0.01,3269734.0035239994,112347.18840500001,,244886.4729,2025-07-11T21:05:18.843Z,2026-11-03T00:00:00Z,2026-11-03T00:00:00Z,,,,,,,,1,"[""Yes"", ""No""]","[0.595, 0.405]",34722410608062854697106861099776685947172185964394483545370684749662285977831,2026-09-17T17:13:45+00:00,,
kalshi,KXCS2GAME-26SEP171000M80LG-M80,https://kalshi.com/markets/kxcs2game/counter-strike-2-game,M80 wins,M80,KXCS2GAME-26SEP171000M80LG,M80 vs. Luminosity,KXCS2GAME,Counter-Strike 2 Game,Sports,"[""Esports""]",open,binary,0.01,0.02,0.02,0.015,0.985,0.015,0.01,117388.96,112284.25,98747.43,0,2026-09-15T00:05:00Z,2026-09-19T14:00:00Z,2026-09-19T14:00:00Z,,,,structured,,,,,,,,2026-09-17T17:13:56+00:00,https://kalshi.com/markets/kxcs2game/counter-strike-2-game/kxcs2game-26sep171000m80lg,True
polymarket,0x054725b2a7971376f7924a7021221b12acc50fe78d97817824fe411704d5b5a2,https://polymarket.com/event/brazil-presidential-election/will-romeu-zema-win-the-2026-brazilian-presidential-election,Will Romeu Zema win the 2026 Brazilian presidential election?,Romeu Zema,45915,Brazil Presidential Election,brazil-presidential-election,Brazil Presidential Election,,[],open,binary,,0.001,0.001,0.0005,0.9995,0.0005,0.001,7520279.913735997,111955.727,,386318.15869,2025-09-18T20:08:08.109Z,2026-10-04T00:00:00Z,2026-10-04T00:00:00Z,,,,,,,,-0.1,"[""Yes"", ""No""]","[0.0005, 0.9995]",44340846524235712899508083510503343345123518718867913608211694999290628967401,2026-09-17T17:13:45+00:00,,
kalshi,KXDPWORLDTOUR-BMPC26-DPUI,https://kalshi.com/markets/kxdpworldtour/dp-world-tour-tournament-winner,Will David Puig win the BMW PGA Championship?,David Puig,KXDPWORLDTOUR-BMPC26,BMW PGA Championship Winner,KXDPWORLDTOUR,DP World Tour Tournament Winner,Sports,"[""Golf""]",open,binary,0.001,0.003,0.005,0.002,0.998,0.002,0.002,129009.42,110238.94,129009.42,0,2026-09-12T12:00:00Z,2026-10-04T00:00:00Z,2026-10-04T00:00:00Z,,,,structured,,,,,,,,2026-09-17T17:14:05+00:00,https://kalshi.com/markets/kxdpworldtour/dp-world-tour-tournament-winner/kxdpworldtour-bmpc26,True
polymarket,0xc9974a27e7b2a815b9fb528317b520ec86577a43566708312a7ce1f6d6ce4da7,https://polymarket.com/event/mlb-oak-tb-2026-09-17/mlb-oak-tb-2026-09-17,Athletics vs. Tampa Bay Rays,,1004390,Athletics vs. Tampa Bay Rays,mlb-oak-tb-2026-09-17,Athletics vs. Tampa Bay Rays,,[],open,binary,0.286,0.287,0.293,0.2865,0.7135,0.2865,0.001,136389.62839000003,109607.89290500002,,83073.34824,2026-09-11T13:00:32Z,2026-09-24T17:10:00Z,2026-09-24T17:10:00Z,,,,,,,,3.15,"[""Athletics"", ""Tampa Bay Rays""]","[0.2865, 0.7135]",101991248514016779546212518432183308107856325894027943903526641944312623767276,2026-09-17T17:13:45+00:00,,
kalshi,KXMLBF5TOTAL-26SEP171235MILPIT-5,https://kalshi.com/markets/kxmlbf5total/first-5-innings-total,First 5 innings: Over 4.5 runs,Over 4.5 runs in the first 5 innings,KXMLBF5TOTAL-26SEP171235MILPIT,Milwaukee vs Pittsburgh: First 5 Innings Total,KXMLBF5TOTAL,First 5 Innings Total,Sports,"[""Baseball""]",open,binary,0.99,1,0.99,0.995,0.005,0.995,0.01,111332.12,109429.74,91581.82,0,2026-09-17T02:30:00Z,2026-09-20T16:35:00Z,2026-09-20T16:35:00Z,,,,greater,4.5,,,,,,,2026-09-17T17:13:47+00:00,https://kalshi.com/markets/kxmlbf5total/first-5-innings-total/kxmlbf5total-26sep171235milpit,True
kalshi,KXUELGAME-26SEP17RSOBOU-RSO,https://kalshi.com/markets/kxuelgame/uefa-europa-league-game,Real Sociedad wins,Real Sociedad,KXUELGAME-26SEP17RSOBOU,Real Sociedad vs Bournemouth,KXUELGAME,UEFA Europa League Game,Sports,"[""Soccer""]",open,binary,0.32,0.33,0.33,0.325,0.675,0.325,0.01,109660.6,107950.45,90611.06,0,2026-09-03T00:39:00Z,2026-09-20T01:00:00Z,2026-09-20T01:00:00Z,,,,structured,,,,,,,,2026-09-17T17:14:13+00:00,https://kalshi.com/markets/kxuelgame/uefa-europa-league-game/kxuelgame-26sep17rsobou,True
kalshi,KXBTCD-26SEP1717-T76749.99,https://kalshi.com/markets/kxbtcd/bitcoin-price-above-below,"Bitcoin price on Sep 17, 2026?","$76,750 or above",KXBTCD-26SEP1717,"BTC price on Sep 17, 2026 at 5pm EDT?",KXBTCD,Bitcoin price Above/below,Crypto,"[""Hourly"", ""BTC""]",open,binary,0.5,0.51,0.5,0.505,0.495,0.505,0.01,107373.95,107334.91,31127.07,0,2026-09-16T20:00:00Z,2026-09-17T21:00:00Z,2026-09-24T21:00:00Z,,,,greater,76749.99,,BRTI,,,,,2026-09-17T17:13:51+00:00,https://kalshi.com/markets/kxbtcd/bitcoin-price-above-below/kxbtcd-26sep1717,True
kalshi,KXPGAR1LEAD-BICA26-WGOR,https://kalshi.com/markets/kxpgar1lead/pga-round-1-leader,Will Gordon leads at the end of Round 1,Will Gordon,KXPGAR1LEAD-BICA26,Biltmore Championship Asheville End of Round 1 Leader,KXPGAR1LEAD,PGA Round 1 Leader,Sports,"[""Golf""]",open,binary,0,0.029,0.009,0.0145,0.9855,0.0145,0.029,107980.05,107187.44,92882.33,0,2026-09-14T00:10:00Z,2026-10-04T00:00:00Z,2026-10-04T00:00:00Z,,,,structured,,,,,,,,2026-09-17T17:14:02+00:00,https://kalshi.com/markets/kxpgar1lead/pga-round-1-leader/kxpgar1lead-bica26,True
kalshi,KXWNBAGAME-26SEP17PHXPDX-PHX,https://kalshi.com/markets/kxwnbagame/women-s-pro-basketball-game,Phoenix wins,Phoenix,KXWNBAGAME-26SEP17PHXPDX,Phoenix vs Portland,KXWNBAGAME,Women's Pro Basketball Game,Sports,"[""Basketball""]",open,binary,0.58,0.59,0.59,0.585,0.415,0.585,0.01,107973.45,107162.27,68172.06,0,2026-09-15T02:10:00Z,2026-09-20T02:00:00Z,2026-09-20T02:00:00Z,,,,structured,,,,,,,,2026-09-17T17:13:55+00:00,https://kalshi.com/markets/kxwnbagame/women-s-pro-basketball-game/kxwnbagame-26sep17phxpdx,True
polymarket,0x4d4bceee5f59f75230c6438f69fc913a6da7afa4098ce0734655045c02a730fc,https://polymarket.com/event/republican-presidential-nominee-2028/will-josh-hawley-win-the-2028-republican-presidential-nomination,Will Josh Hawley win the 2028 Republican presidential nomination?,Josh Hawley,31875,Republican Presidential Nominee 2028,republican-presidential-nominee-2028,Republican Presidential Nominee 2028,,[],open,binary,0.003,0.004,0.003,0.0035,0.9965,0.0035,0.001,20407877.94851899,106824.017998,,998779.79021,2025-07-11T19:42:18.131Z,2028-11-07T00:00:00Z,2028-11-07T00:00:00Z,,,,,,,,,"[""Yes"", ""No""]","[0.0035, 0.9965]",16959950591508656523048029588253513417107455151269158025695062757254216051157,2026-09-17T17:13:45+00:00,,
kalshi,KXPGAR1LEAD-BICA26-MGRE,https://kalshi.com/markets/kxpgar1lead/pga-round-1-leader,Max Greyserman leads at the end of Round 1,Max Greyserman,KXPGAR1LEAD-BICA26,Biltmore Championship Asheville End of Round 1 Leader,KXPGAR1LEAD,PGA Round 1 Leader,Sports,"[""Golf""]",open,binary,0.28,0.33,0.33,0.305,0.695,0.305,0.05,122902.44,106643.41,118540.41,0,2026-09-14T00:10:00Z,2026-10-04T00:00:00Z,2026-10-04T00:00:00Z,,,,structured,,,,,,,,2026-09-17T17:14:02+00:00,https://kalshi.com/markets/kxpgar1lead/pga-round-1-leader/kxpgar1lead-bica26,True
polymarket,0x7b91997c6c8ca00643ab322f63af50acf1a0e9b86be130b67e5a19005215e252,https://polymarket.com/event/which-party-will-gain-most-seats-in-russian-parliamentary-election/will-the-communist-party-of-the-russian-federation-kprf-gain-the-most-seats-in-the-next-russian-parliamentary-election,Will the Communist Party of the Russian Federation (KPRF) gain the most seats in the next Russian parliamentary election?,Communist Party of the Russian Federation (KPRF),149589,Which party will gain most seats in Russian Parliamentary Election?,which-party-will-gain-most-seats-in-russian-parliamentary-election,Which party will gain most seats in Russian Parliamentary Election?,,[],open,binary,0.012,0.013,0.017,0.0125,0.9875,0.0125,0.001,2286962.269762,106309.04011,,184008.42907,2026-01-07T21:34:51.774902Z,2026-09-30T00:00:00Z,2026-09-30T00:00:00Z,,,,,,,,-0.3,"[""Yes"", ""No""]","[0.0125, 0.9875]",19112618633625535565556320701646114565922983454471380023487135794003446877114,2026-09-17T17:13:45+00:00,,
kalshi,KXMLBSPREAD-26SEP171510SDCOL-SD2,https://kalshi.com/markets/kxmlbspread/pro-baseball-spread,San Diego wins by over 1.5 runs?,San Diego wins by over 1.5 runs,KXMLBSPREAD-26SEP171510SDCOL,San Diego vs Colorado: Spread,KXMLBSPREAD,Pro Baseball Spread,Sports,"[""Baseball""]",open,binary,0.54,0.55,0.54,0.545,0.455,0.545,0.01,105833.15,105707.64,93900.97,0,2026-09-16T18:50:00Z,2026-09-20T19:10:00Z,2026-09-20T19:10:00Z,,,,greater,1.5,,,,,,,2026-09-17T17:13:49+00:00,https://kalshi.com/markets/kxmlbspread/pro-baseball-spread/kxmlbspread-26sep171510sdcol,True
polymarket,0xae52724320522345ea3366be8e7cffa2e0b238485c84696c31cd827365b31f44,https://polymarket.com/event/dota2-nemiga-lynx-2026-09-17/dota2-nemiga-lynx-2026-09-17-game1,Dota 2: Nemiga Gaming vs Team Lynx - Game 1 Winner,Game 1 Winner,1033123,Dota 2: Nemiga Gaming vs Team Lynx (BO3) - European Pro League Group A,dota2-nemiga-lynx-2026-09-17,Dota 2: Nemiga Gaming vs Team Lynx (BO3) - European Pro League Group A,,[],open,binary,0.999,1,0.999,0.9995,0.0005,0.9995,0.001,106656.360278,105056.11027799998,,526875.91382,2026-09-16T13:19:45Z,2026-09-17T19:00:00Z,2026-09-17T19:00:00Z,,,,,,,,56.95,"[""Nemiga Gaming"", ""Team Lynx""]","[0.9995, 0.0005]",45588215493377593349577814560901265110674342113021905688180135566067381282123,2026-09-17T17:13:45+00:00,,
kalshi,KXMLB-26-CLE,https://kalshi.com/markets/kxmlb/world-series,Will Cleveland win the 2026 Pro Baseball Championship?,Cleveland,KXMLB-26,Pro Baseball Champion,KXMLB,World Series,Sports,"[""Baseball""]",open,binary,0.04,0.041,0.041,0.0405,0.9595,0.0405,0.001,2419527.19,104662.38,1627426.45,0,2025-12-17T15:00:00Z,2028-10-31T04:00:00Z,2028-10-31T04:00:00Z,,,,structured,,,,,,,,2026-09-17T17:14:46+00:00,https://kalshi.com/markets/kxmlb/world-series/kxmlb-26,True
kalshi,KXLALIGATOTAL-26SEP17RBBGET-3,https://kalshi.com/markets/kxlaligatotal/la-liga-total,Will over 2.5 goals be scored?,Over 2.5 goals scored,KXLALIGATOTAL-26SEP17RBBGET,Real Betis vs Getafe: Total Goals,KXLALIGATOTAL,La Liga Total,Sports,"[""Soccer""]",open,binary,0.44,0.45,0.45,0.445,0.555,0.445,0.01,109584.16,103928.69,71104.38,0,2026-09-10T17:10:00Z,2026-09-19T17:00:00Z,2026-09-19T17:00:00Z,,,,greater,2.5,,,,,,,2026-09-17T17:14:11+00:00,https://kalshi.com/markets/kxlaligatotal/la-liga-total/kxlaligatotal-26sep17rbbget,True
polymarket,0xa467b14d51f01b957109d9cbb1d6c124fab2a089d52ed8f471d23c2812e743b7,https://polymarket.com/event/xi-jinping-out-before-2027/xi-jinping-out-before-2027,Xi Jinping out before 2027?,,30828,Xi Jinping out before 2027?,xi-jinping-out-before-2027,Xi Jinping out before 2027?,,[],open,binary,0.043,0.044,0.044,0.0435,0.9565,0.0435,0.001,13418843.330456993,103385.561949,,453638.83115,2025-07-03T20:37:00.228Z,2027-01-01T04:59:00Z,2027-01-01T04:59:00Z,,,,,,,,-0.4,"[""Yes"", ""No""]","[0.0435, 0.9565]",32338220190071351435772801779725302244575775216413325951443816017994629993401,2026-09-17T17:13:45+00:00,,
polymarket,0x8824f3353d4a2e65ebc1517e3633587ffd6adb0fcfbd03fea5dce6995db29341,https://polymarket.com/event/cs2-lg6-nip-2026-09-17/cs2-lg6-nip-2026-09-17,Counter-Strike: Luminosity vs NIP (BO1) - Logitech G Play Connect Group A,Match Winner,996098,Counter-Strike: Luminosity vs NIP (BO1) - Logitech G Play Connect Group A,cs2-lg6-nip-2026-09-17,Counter-Strike: Luminosity vs NIP (BO1) - Logitech G Play Connect Group A,,[],open,binary,0.47,0.48,0.48,0.475,0.525,0.475,0.01,104688.82810500001,103040.15399,,152778.4893,2026-09-09T21:36:46Z,2026-09-17T23:30:00Z,2026-09-17T23:30:00Z,,,,,,,,-0.5,"[""Luminosity"", ""NIP""]","[0.475, 0.525]",33965221530168079028697194841188168426381351601604650045776827559709242151948,2026-09-17T17:13:45+00:00,,
kalshi,KXMLBHR-26SEP171240LADCIN-CINEDELACRUZ44-1,https://kalshi.com/markets/kxmlbhr/pro-baseball-home-runs,Elly De La Cruz: 1+ home runs?,Elly De La Cruz: 1+,KXMLBHR-26SEP171240LADCIN,Los Angeles D vs Cincinnati: Home Runs,KXMLBHR,Pro Baseball Home Runs,Sports,"[""Baseball""]",open,binary,0.17,0.18,0.18,0.175,0.825,0.175,0.01,103216.95,103022.59,76165.24,0,2026-09-17T04:10:00Z,2026-09-20T16:40:00Z,2026-09-20T16:40:00Z,,,,greater,0.5,,,,,,,2026-09-17T17:13:47+00:00,https://kalshi.com/markets/kxmlbhr/pro-baseball-home-runs/kxmlbhr-26sep171240ladcin,True
polymarket,0xce78c5ba09b2ed9d7ac15bf154e2da2b905f9c2bb41491fcb3f8a077079a4031,https://polymarket.com/event/nfl-det-buf-2026-09-18/nfl-det-buf-2026-09-18-total-54pt5,Lions vs. Bills: O/U 54.5,O/U 54.5,810546,Lions vs. Bills,nfl-det-buf-2026-09-18,Lions vs. Bills,,[],open,binary,0.51,0.52,0.51,0.515,0.485,0.515,0.01,111388.16235999997,102698.35233999998,,372752.7811,2026-08-11T16:02:21Z,2026-09-18T00:15:00Z,2026-09-18T00:15:00Z,,,,,,,,2,"[""Over"", ""Under""]","[0.515, 0.485]",15455116583748066133242709571014238072018112269648272613188396926260042234387,2026-09-17T17:13:45+00:00,,
kalshi,KXPGAR1LEAD-BICA26-CDAV,https://kalshi.com/markets/kxpgar1lead/pga-round-1-leader,Cameron Davis leads at the end of Round 1,Cameron Davis,KXPGAR1LEAD-BICA26,Biltmore Championship Asheville End of Round 1 Leader,KXPGAR1LEAD,PGA Round 1 Leader,Sports,"[""Golf""]",open,binary,0,0.032,0.005,0.016,0.984,0.016,0.032,117996.26,102390.41,98328.12,0,2026-09-14T00:10:00Z,2026-10-04T00:00:00Z,2026-10-04T00:00:00Z,,,,structured,,,,,,,,2026-09-17T17:14:02+00:00,https://kalshi.com/markets/kxpgar1lead/pga-round-1-leader/kxpgar1lead-bica26,True
kalshi,KXPGATOUR-BICA26-TMOO,https://kalshi.com/markets/kxpgatour/pga-tour,Will Taylor Moore win the Biltmore Championship Asheville?,Taylor Moore,KXPGATOUR-BICA26,Biltmore Championship Asheville Winner,KXPGATOUR,PGA Tour,Sports,"[""Golf""]",open,binary,0.002,0.005,0.006,0.0035,0.9965,0.0035,0.003,108130.72,101245.7,108130.72,0,2026-09-13T23:05:00Z,2026-10-04T00:00:00Z,2026-10-04T00:00:00Z,,,,structured,,,,,,,,2026-09-17T17:14:02+00:00,https://kalshi.com/markets/kxpgatour/pga-tour/kxpgatour-bica26,True
polymarket,0x1e2a43aedbda4e7f6e416440ac737529edbaf86f6d4d09eb800c111a08ee713a,https://polymarket.com/event/lal-bet-get-2026-09-17-more-markets/lal-bet-get-2026-09-17-spread-home-1pt5,Spread: Real Betis Balompié (-1.5),Real Betis Balompié (-1.5),963196,Real Betis Balompié vs. Getafe CF - More Markets,lal-bet-get-2026-09-17-more-markets,Real Betis Balompié vs. Getafe CF - More Markets,,[],open,binary,0.34,0.36,0.37,0.35,0.65,0.35,0.02,111288.88562900001,101162.469778,,58330.5526,2026-09-04T07:01:05Z,2026-09-17T17:00:00Z,2026-09-17T17:00:00Z,,,,,,,,4.5,"[""Real Betis Balompi\u00e9"", ""Getafe CF""]","[0.35, 0.65]",114220453732155030080999037106737963730914761092362580284036719376122596043263,2026-09-17T17:13:45+00:00,,
polymarket,0x45c738d344ec615edefd4e35f8999be72f6b454c6c0b3f5102d1a13c37ce8ba6,https://polymarket.com/event/bun-bay-uni-2026-09-18/bun-bay-uni-2026-09-18-bay,Will FC Bayern München win on 2026-09-18?,FC Bayern München,967956,FC Bayern München vs. 1. FC Union Berlin,bun-bay-uni-2026-09-18,FC Bayern München vs. 1. FC Union Berlin,,[],open,binary,0.92,0.93,0.93,0.925,0.075,0.925,0.01,121998.03985100004,101080.406491,,379292.989,2026-09-05T04:00:13Z,2026-09-18T18:30:00Z,2026-09-18T18:30:00Z,,,,,,,,,"[""Yes"", ""No""]","[0.925, 0.075]",18063892165563136891286975962051256097590482817303847631557437815876853731343,2026-09-17T17:13:45+00:00,,
kalshi,KXNASDAQ100U-26SEP17H1600-T29429.99,https://kalshi.com/markets/kxnasdaq100u/nasdaq-above-below,"Will the Nasdaq-100 be above 29429.99 at the end of Sep 17, 2026 at 4pm EDT?","29,430 or above",KXNASDAQ100U-26SEP17H1600,"Nasdaq-100 price on Sep 17, 2026 at 4pm EDT?",KXNASDAQ100U,Nasdaq above/below,Financials,"[""Indices""]",open,binary,0.56,0.59,0.6,0.575,0.425,0.575,0.03,100305.08,100305.08,100234.56,0,2026-09-16T20:00:00Z,2026-09-17T20:00:00Z,2026-09-24T23:00:00Z,,,,greater_or_equal,29430,,,,,,,2026-09-17T17:13:51+00:00,https://kalshi.com/markets/kxnasdaq100u/nasdaq-above-below/kxnasdaq100u-26sep17h1600,True
kalshi,KXUFCFIGHT-26SEP19TSARUF-RUF,https://kalshi.com/markets/kxufcfight/ufc-fight,Mauricio Ruffy wins,Mauricio Ruffy,KXUFCFIGHT-26SEP19TSARUF,331: Tsarukyan vs Ruffy,KXUFCFIGHT,UFC Fight,Sports,"[""MMA""]",open,binary,0.27,0.28,0.28,0.275,0.725,0.275,0.01,289207.47,99992.26,268144.22,0,2026-09-06T04:45:00Z,2026-10-04T02:00:00Z,2026-10-04T02:00:00Z,,,,structured,,,,,,,,2026-09-17T17:14:12+00:00,https://kalshi.com/markets/kxufcfight/ufc-fight/kxufcfight-26sep19tsaruf,True
polymarket,0x1b51c78e46d21b2092f2c32cff05b90b0522ac5d1f1e3d5609cd2be17e3b36ad,https://polymarket.com/event/uel-ofi-hof-2026-09-17/uel-ofi-hof-2026-09-17-hof,Will TSG 1899 Hoffenheim win on 2026-09-17?,TSG 1899 Hoffenheim,960208,OFI vs. TSG 1899 Hoffenheim,uel-ofi-hof-2026-09-17,OFI vs. TSG 1899 Hoffenheim,,[],open,binary,0.73,0.74,0.74,0.735,0.265,0.735,0.01,140296.49051399995,99750.70908899998,,101641.5841,2026-09-03T18:30:21Z,2026-09-17T16:45:00Z,2026-09-17T16:45:00Z,,,,,,,,4,"[""Yes"", ""No""]","[0.735, 0.265]",91567454457462030886787993807609931980225292175305321128980878981350985779055,2026-09-17T17:13:45+00:00,,
kalshi,KXLALIGASPREAD-26SEP17RBBGET-RBB2,https://kalshi.com/markets/kxlaligaspread/la-liga-spread,Real Betis wins by more than 1.5 goals?,Real Betis wins by more than 1.5 goals,KXLALIGASPREAD-26SEP17RBBGET,Real Betis vs Getafe: Spread,KXLALIGASPREAD,La Liga Spread,Sports,"[""Soccer""]",open,binary,0.37,0.42,0.38,0.395,0.605,0.395,0.05,104926.57,99257.35,97034.09,0,2026-09-10T17:10:00Z,2026-09-19T17:00:00Z,2026-09-19T17:00:00Z,,,,greater,1.5,,,,,,,2026-09-17T17:14:11+00:00,https://kalshi.com/markets/kxlaligaspread/la-liga-spread/kxlaligaspread-26sep17rbbget,True
kalshi,KXPGATOUR-BICA26-ECOL,https://kalshi.com/markets/kxpgatour/pga-tour,Will Eric Cole win the Biltmore Championship Asheville?,Eric Cole,KXPGATOUR-BICA26,Biltmore Championship Asheville Winner,KXPGATOUR,PGA Tour,Sports,"[""Golf""]",open,binary,0.018,0.03,0.029,0.024,0.976,0.024,0.012,240831.75,99095.07,235641.43,0,2026-09-13T23:05:00Z,2026-10-04T00:00:00Z,2026-10-04T00:00:00Z,,,,structured,,,,,,,,2026-09-17T17:14:02+00:00,https://kalshi.com/markets/kxpgatour/pga-tour/kxpgatour-bica26,True
kalshi,KXPGAR1LEAD-BICA26-MHUG,https://kalshi.com/markets/kxpgar1lead/pga-round-1-leader,Mackenzie Hughes leads at the end of Round 1,Mackenzie Hughes,KXPGAR1LEAD-BICA26,Biltmore Championship Asheville End of Round 1 Leader,KXPGAR1LEAD,PGA Round 1 Leader,Sports,"[""Golf""]",open,binary,0.035,0.059,0.082,0.047,0.953,0.047,0.024,111227.96,98728.56,91974.02,0,2026-09-14T00:10:00Z,2026-10-04T00:00:00Z,2026-10-04T00:00:00Z,,,,structured,,,,,,,,2026-09-17T17:14:02+00:00,https://kalshi.com/markets/kxpgar1lead/pga-round-1-leader/kxpgar1lead-bica26,True
kalshi,KXRATECUT-26DEC31,https://kalshi.com/markets/kxratecut/fed-rate-cut,Will the Federal Reserve cut rates before 2027?,Cuts,KXRATECUT-26DEC31,Fed rate cut before 2027?,KXRATECUT,Fed rate cut,Economics,"[""Fed""]",open,binary,0.049,0.056,0.053,0.0525,0.9475,0.0525,0.007,1323242.97,98276.51,545416.12,0,2026-02-26T15:00:00Z,2027-01-01T04:59:00Z,2027-01-01T15:00:00Z,,,,,,,,,,,,2026-09-17T17:14:43+00:00,https://kalshi.com/markets/kxratecut/fed-rate-cut/kxratecut-26dec31,True
kalshi,KXMLB-26-SD,https://kalshi.com/markets/kxmlb/world-series,Will San Diego win the 2026 Pro Baseball Championship?,San Diego,KXMLB-26,Pro Baseball Champion,KXMLB,World Series,Sports,"[""Baseball""]",open,binary,0.041,0.047,0.047,0.044,0.956,0.044,0.006,3100178.16,97533.12,2328412.32,0,2025-12-17T15:00:00Z,2028-10-31T04:00:00Z,2028-10-31T04:00:00Z,,,,structured,,,,,,,,2026-09-17T17:14:46+00:00,https://kalshi.com/markets/kxmlb/world-series/kxmlb-26,True
polymarket,0x69b547a99088602456fbce087cbc5a503c8b902b3ba58e8873aa771b0bee46a5,https://polymarket.com/event/what-price-will-bitcoin-hit-in-september-2026/will-bitcoin-reach-90k-in-september-2026,"Will Bitcoin reach $90,000 in September?","↑ 90,000",946004,What price will Bitcoin hit in September?,what-price-will-bitcoin-hit-in-september-2026,What price will Bitcoin hit in September?,,[],open,binary,0.033,0.037,0.038,0.035,0.965,0.035,0.004,332381.680465,97400.42486000001,,136641.30919,2026-09-01T05:07:14Z,2026-10-01T04:00:00Z,2026-10-01T04:00:00Z,,,,,,,,-1.5,"[""Yes"", ""No""]","[0.035, 0.965]",109310241204748219450206481030209385302693105169008720334568386742768385563899,2026-09-17T17:13:45+00:00,,
kalshi,KXUELGAME-26SEP17OFITSG-OFI,https://kalshi.com/markets/kxuelgame/uefa-europa-league-game,OFI Crete wins,OFI Crete,KXUELGAME-26SEP17OFITSG,OFI Crete vs Hoffenheim,KXUELGAME,UEFA Europa League Game,Sports,"[""Soccer""]",open,binary,0.08,0.09,0.09,0.085,0.915,0.085,0.01,106162.75,97023.51,80947.85,0,2026-09-03T00:39:00Z,2026-09-19T22:45:00Z,2026-09-19T22:45:00Z,,,,structured,,,,,,,,2026-09-17T17:14:14+00:00,https://kalshi.com/markets/kxuelgame/uefa-europa-league-game/kxuelgame-26sep17ofitsg,True
kalshi,SENATEME-26-R,https://kalshi.com/markets/senateme/maine-senate-race,Will Republicans win the Senate race in Maine?,Susan Collins,SENATEME-26,Maine Senate winner?,SENATEME,Maine Senate race,Elections,"[""Senate""]",open,binary,0.32,0.33,0.33,0.325,0.675,0.325,0.01,2911081.61,95646.12,1692603.75,0,2024-12-03T15:00:00Z,2027-11-03T15:00:00Z,2027-11-03T15:00:00Z,,,,structured,,,,,,,,2026-09-17T17:14:47+00:00,https://kalshi.com/markets/senateme/maine-senate-race/senateme-26,True
kalshi,KXBALLONDOR-26-LMES,https://kalshi.com/markets/kxballondor/ballon-d-or,Who will win the Ballon d'Or in 2026?,Lionel Messi,KXBALLONDOR-26,Who will win the Ballon d'Or in 2026?,KXBALLONDOR,Ballon d'Or,Sports,"[""Soccer""]",open,binary,0.04,0.06,0.04,0.05,0.95,0.05,0.02,1286897.05,94604.43,683091.19,0,2026-01-24T01:00:00Z,2026-12-31T04:59:00Z,2027-12-31T15:00:00Z,,,,custom,,,,,,,,2026-09-17T17:14:44+00:00,https://kalshi.com/markets/kxballondor/ballon-d-or/kxballondor-26,True
kalshi,KXWTACHALLENGERMATCH-26SEP17BARRIS-RIS,https://kalshi.com/markets/kxwtachallengermatch/challenger-wta,Mia Ristic wins,Mia Ristic,KXWTACHALLENGERMATCH-26SEP17BARRIS,Barthel vs Ristic,KXWTACHALLENGERMATCH,Challenger WTA,Sports,"[""Tennis""]",open,binary,0.57,0.58,0.58,0.575,0.425,0.575,0.01,94569.14,94569.14,41650.4,0,2026-09-16T20:10:00Z,2026-10-01T08:00:00Z,2026-10-01T08:00:00Z,,,,structured,,,,,,,,2026-09-17T17:13:49+00:00,https://kalshi.com/markets/kxwtachallengermatch/challenger-wta/kxwtachallengermatch-26sep17barris,True
kalshi,KXPGATOUR-BICA26-BBRO,https://kalshi.com/markets/kxpgatour/pga-tour,Will Blades Brown win the Biltmore Championship Asheville?,Blades Brown,KXPGATOUR-BICA26,Biltmore Championship Asheville Winner,KXPGATOUR,PGA Tour,Sports,"[""Golf""]",open,binary,0.002,0.005,0.009,0.0035,0.9965,0.0035,0.003,332518.47,94270.85,330399.05,0,2026-09-13T23:05:00Z,2026-10-04T00:00:00Z,2026-10-04T00:00:00Z,,,,structured,,,,,,,,2026-09-17T17:14:02+00:00,https://kalshi.com/markets/kxpgatour/pga-tour/kxpgatour-bica26,True
kalshi,SENATEAK-26-R,https://kalshi.com/markets/senateak/alaska-senate-race,Will Republicans win the Senate race in Alaska?,Republican party,SENATEAK-26,Alaska Senate winner?,SENATEAK,Alaska Senate race,Elections,"[""Senate""]",open,binary,0.31,0.32,0.31,0.315,0.685,0.315,0.01,576069.49,93592.19,286029.19,0,2024-12-03T15:00:00Z,2027-11-03T15:00:00Z,2027-11-03T15:00:00Z,,,,structured,,,,,,,,2026-09-17T17:14:47+00:00,https://kalshi.com/markets/senateak/alaska-senate-race/senateak-26,True
polymarket,0x30f729ef18553d8956bfd7ae7a1e96dbad07e2476160239b23ec10e6cdc5f01b,https://polymarket.com/event/ballon-dor-winner-2026/will-rodri-win-the-2026-ballon-dor,Will Rodri win the 2026 Ballon d'Or?,Rodri,48361,Ballon d'Or Winner 2026,ballon-dor-winner-2026,Ballon d'Or Winner 2026,,[],open,binary,0.04,0.05,0.05,0.045,0.955,0.045,0.01,1914610.1530820015,93083.8037,,128613.6944,2025-09-22T23:39:38.126Z,2026-10-31T00:00:00Z,2026-10-31T00:00:00Z,,,,,,,,,"[""Yes"", ""No""]","[0.045, 0.955]",78803948342995070838836736012795017072053448960983345349841661545681081452350,2026-09-17T17:13:45+00:00,,
polymarket,0x913581dc6f16ad7018bbfb51f6e2fa0a4bdd305212ef7976efb5cf0209304cb6,https://polymarket.com/event/what-price-will-bitcoin-hit-in-september-2026/will-bitcoin-reach-100k-in-september-2026,"Will Bitcoin reach $100,000 in September?","↑ 100,000",946004,What price will Bitcoin hit in September?,what-price-will-bitcoin-hit-in-september-2026,What price will Bitcoin hit in September?,,[],open,binary,0.006,0.008,0.006,0.007,0.993,0.007,0.002,732544.7971089999,92793.82164400001,,252588.34025,2026-09-01T05:07:13Z,2026-10-01T04:00:00Z,2026-10-01T04:00:00Z,,,,,,,,-0.65,"[""Yes"", ""No""]","[0.007, 0.993]",8311037427502185580288498577713852658107445693333243027687152653006657478496,2026-09-17T17:13:45+00:00,,
kalshi,KXDPWORLDTOUR-BMPC26-RFOX,https://kalshi.com/markets/kxdpworldtour/dp-world-tour-tournament-winner,Will Ryan Fox win the BMW PGA Championship?,Ryan Fox,KXDPWORLDTOUR-BMPC26,BMW PGA Championship Winner,KXDPWORLDTOUR,DP World Tour Tournament Winner,Sports,"[""Golf""]",open,binary,0.022,0.023,0.023,0.0225,0.9775,0.0225,0.001,195108.52,92170.81,189586.46,0,2026-09-12T12:00:00Z,2026-10-04T00:00:00Z,2026-10-04T00:00:00Z,,,,structured,,,,,,,,2026-09-17T17:14:05+00:00,https://kalshi.com/markets/kxdpworldtour/dp-world-tour-tournament-winner/kxdpworldtour-bmpc26,True
polymarket,0xb5be9ec37fe6ef59539f1cfb3dd840c17b3a4c94f713b89eda04e7cded30246c,https://polymarket.com/event/wta-lamens-sierra-2026-09-17/wta-lamens-sierra-2026-09-17,Sao Paulo Open: Suzan Lamens vs Solana Sierra,,1035373,Sao Paulo Open: Suzan Lamens vs Solana Sierra,wta-lamens-sierra-2026-09-17,Sao Paulo Open: Suzan Lamens vs Solana Sierra,,[],open,binary,0.81,0.82,0.79,0.815,0.185,0.815,0.01,192443.15011999998,91824.24852,,148019.4385,2026-09-16T22:14:21Z,2026-09-24T13:00:00Z,2026-09-24T13:00:00Z,,,,,,,,,"[""Suzan Lamens"", ""Solana Sierra""]","[0.815, 0.185]",113564759047517139203192575058023398742889495992414601169526401748889037578888,2026-09-17T17:13:45+00:00,,
kalshi,KXNFLGAME-26SEP20PHITEN-PHI,https://kalshi.com/markets/kxnflgame/professional-football-game,Philadelphia wins,Philadelphia,KXNFLGAME-26SEP20PHITEN,PHI Eagles vs TEN Titans,KXNFLGAME,Professional Football Game,Sports,"[""Football""]",open,binary,0.75,0.76,0.76,0.755,0.245,0.755,0.01,516926.61,89134.32,466427.51,0,2026-08-25T15:33:00Z,2026-09-22T17:00:00Z,2026-09-22T17:00:00Z,,,,structured,,,,,,,,2026-09-17T17:14:18+00:00,https://kalshi.com/markets/kxnflgame/professional-football-game/kxnflgame-26sep20phiten,True
kalshi,KXMLBGAME-26SEP171510SDCOL-COL,https://kalshi.com/markets/kxmlbgame/professional-baseball-game,Colorado wins,Colorado,KXMLBGAME-26SEP171510SDCOL,San Diego vs Colorado,KXMLBGAME,Professional Baseball Game,Sports,"[""Baseball""]",open,binary,0.35,0.36,0.36,0.355,0.645,0.355,0.01,88677.77,88570.87,81483.22,0,2026-09-14T19:28:00Z,2026-09-20T19:10:00Z,2026-09-20T19:10:00Z,,,,structured,,,,,,,,2026-09-17T17:13:58+00:00,https://kalshi.com/markets/kxmlbgame/professional-baseball-game/kxmlbgame-26sep171510sdcol,True
kalshi,KXMLBGAME-26SEP171310ATHTB-ATH,https://kalshi.com/markets/kxmlbgame/professional-baseball-game,A's wins,A's,KXMLBGAME-26SEP171310ATHTB,A's vs Tampa Bay,KXMLBGAME,Professional Baseball Game,Sports,"[""Baseball""]",open,binary,0.27,0.28,0.28,0.275,0.725,0.275,0.01,97413.2,88301.9,90520.73,0,2026-09-14T17:25:00Z,2026-09-20T17:10:00Z,2026-09-20T17:10:00Z,,,,structured,,,,,,,,2026-09-17T17:13:58+00:00,https://kalshi.com/markets/kxmlbgame/professional-baseball-game/kxmlbgame-26sep171310athtb,True
kalshi,KXPGAR1LEAD-BICA26-JKOI,https://kalshi.com/markets/kxpgar1lead/pga-round-1-leader,Jackson Koivun leads at the end of Round 1,Jackson Koivun,KXPGAR1LEAD-BICA26,Biltmore Championship Asheville End of Round 1 Leader,KXPGAR1LEAD,PGA Round 1 Leader,Sports,"[""Golf""]",open,binary,0.003,0.017,0.031,0.01,0.99,0.01,0.014,115125.92,88246.83,111460.86,0,2026-09-14T00:10:00Z,2026-10-04T00:00:00Z,2026-10-04T00:00:00Z,,,,structured,,,,,,,,2026-09-17T17:14:02+00:00,https://kalshi.com/markets/kxpgar1lead/pga-round-1-leader/kxpgar1lead-bica26,True
kalshi,CONTROLS-2026-D,https://kalshi.com/markets/controls/senate-winner,Will Democrats win the U.S. Senate in 2026?,Democratic Party,CONTROLS-2026,Which party will win the U.S. Senate?,CONTROLS,Senate winner,Elections,"[""US Elections""]",open,binary,0.57,0.58,0.57,0.575,0.425,0.575,0.01,3992023.58,88119,2045649.19,0,2024-11-06T15:00:00Z,2027-02-01T15:00:00Z,2027-02-01T15:00:00Z,,,,structured,,,,,,,,2026-09-17T17:14:48+00:00,https://kalshi.com/markets/controls/senate-winner/controls-2026,True
polymarket,0x8a42bb4cb9b9f157b539611f6a8c122388f652570cfc3c07d538e7df2bb78894,https://polymarket.com/event/next-prime-minister-of-sweden/will-ulf-kristersson-be-the-next-prime-minister-of-sweden,Will Ulf Kristersson be the next Prime Minister of Sweden?,Ulf Kristersson,166435,Next Prime Minister of Sweden,next-prime-minister-of-sweden,Next Prime Minister of Sweden,,[],open,binary,0.02,0.031,0.02,0.0255,0.9745,0.0255,0.011,1496682.5247609993,88057.31047800001,,132826.65171,2026-01-19T20:34:34.639305Z,2026-09-13T00:00:00Z,2026-09-13T00:00:00Z,,,,,,,,-3.95,"[""Yes"", ""No""]","[0.0255, 0.9745]",19884202204363090591845974364927513432419394537229594683046302661092511466716,2026-09-17T17:13:45+00:00,,
polymarket,0xa03d6aa64d13ad2965f73e1e1aa4f5aecdc3d544d3cf8819ef2f3d3240396c74,https://polymarket.com/event/moscow-air-traffic-suspended-byptptpt-20260824/moscow-air-traffic-suspended-by-september-15-20260824,Moscow air traffic suspended by September 15?,September 15,907011,Moscow air traffic suspended by...?,moscow-air-traffic-suspended-byptptpt-20260824,Moscow air traffic suspended by...?,,[],open,binary,,0.001,0.001,0.0005,0.9995,0.0005,0.001,119982.57124099993,87923.72531100002,,317849.8041,2026-08-24T23:12:08Z,2026-09-16T03:59:00Z,2026-09-16T03:59:00Z,,,,,,,,-39.8,"[""Yes"", ""No""]","[0.0005, 0.9995]",105537158440817903235574456695331574570920345890513388767187107698426408294231,2026-09-17T17:13:45+00:00,,
kalshi,KXUELGAME-26SEP17CRYLPO-LPO,https://kalshi.com/markets/kxuelgame/uefa-europa-league-game,Lech Poznan wins,Lech Poznan,KXUELGAME-26SEP17CRYLPO,Crystal Palace vs Lech Poznan,KXUELGAME,UEFA Europa League Game,Sports,"[""Soccer""]",open,binary,0.09,0.1,0.1,0.095,0.905,0.095,0.01,88747.95,87854.94,76606.11,0,2026-09-03T00:39:00Z,2026-09-20T01:00:00Z,2026-09-20T01:00:00Z,,,,structured,,,,,,,,2026-09-17T17:14:14+00:00,https://kalshi.com/markets/kxuelgame/uefa-europa-league-game/kxuelgame-26sep17crylpo,True
kalshi,KXNFLFIRSTTD-26SEP17DETBUF-BUFJALLEN17,https://kalshi.com/markets/kxnflfirsttd/pro-football-first-touchdown,Josh Allen: 1st Touchdown,Josh Allen,KXNFLFIRSTTD-26SEP17DETBUF,Detroit vs Buffalo: 1st Touchdown,KXNFLFIRSTTD,Pro Football First Touchdown,Sports,"[""Football""]",open,binary,0.11,0.12,0.12,0.115,0.885,0.115,0.01,100683.28,87821.3,99006.57,0,2026-09-15T09:15:00Z,2026-09-20T00:15:00Z,2026-09-20T00:15:00Z,,,,structured,,,,,,,,2026-09-17T17:13:55+00:00,https://kalshi.com/markets/kxnflfirsttd/pro-football-first-touchdown/kxnflfirsttd-26sep17detbuf,True
kalshi,KXNFLGAME-26SEP20LVLAC-LV,https://kalshi.com/markets/kxnflgame/professional-football-game,Las Vegas wins,Las Vegas,KXNFLGAME-26SEP20LVLAC,LV Raiders vs LA Chargers,KXNFLGAME,Professional Football Game,Sports,"[""Football""]",open,binary,0.27,0.28,0.28,0.275,0.725,0.275,0.01,369936.8,87597.26,340079.89,0,2026-08-25T15:33:00Z,2026-09-22T20:05:00Z,2026-09-22T20:05:00Z,,,,structured,,,,,,,,2026-09-17T17:14:18+00:00,https://kalshi.com/markets/kxnflgame/professional-football-game/kxnflgame-26sep20lvlac,True
polymarket,0xff54c0bca341ff5ff0d1e2aeef4d883635104d7b9582cb9bdaf503b4141abdfb,https://polymarket.com/event/cfb-lsu-miss-2026-09-19/cfb-lsu-miss-2026-09-19,LSU vs. Ole Miss,,985390,LSU vs. Ole Miss,cfb-lsu-miss-2026-09-19,LSU vs. Ole Miss,,[],open,binary,0.54,0.55,0.55,0.545,0.455,0.545,0.01,94371.49526299999,87562.946247,,86772.1662,2026-09-07T22:05:06Z,2026-09-19T23:30:00Z,2026-09-19T23:30:00Z,,,,,,,,-5,"[""LSU"", ""Ole Miss""]","[0.545, 0.455]",19564593770859840064490089776426162235848281930400402150825440930594812480248,2026-09-17T17:13:45+00:00,,
kalshi,KXLALIGA1H-26SEP17RBBGET-RBB,https://kalshi.com/markets/kxlaliga1h/la-liga-first-half-winner,Real Betis wins 1st Half,Real Betis wins 1st Half,KXLALIGA1H-26SEP17RBBGET,Real Betis vs Getafe: First Half Winner,KXLALIGA1H,La Liga First Half Winner,Sports,"[""Soccer""]",open,binary,0.43,0.44,0.45,0.435,0.565,0.435,0.01,89974.59,87090.01,88428.87,0,2026-09-15T17:06:00Z,2026-09-19T17:00:00Z,2026-09-19T17:00:00Z,,,,structured,,,,,,,,2026-09-17T17:13:54+00:00,https://kalshi.com/markets/kxlaliga1h/la-liga-first-half-winner/kxlaliga1h-26sep17rbbget,True
polymarket,0x1ff6b38e85edac1d8ab1b654ecf1fee9f1830386f5251316c7b581f9e05f0120,https://polymarket.com/event/nfl-mia-sf-2026-09-20/nfl-mia-sf-2026-09-20-spread-home-12pt5,Spread: SF (-12.5),Spread -12.5,827218,Dolphins vs. 49ers,nfl-mia-sf-2026-09-20,Dolphins vs. 49ers,,[],open,binary,0.5,0.51,0.51,0.505,0.495,0.505,0.01,86580.92519000001,86580.92519,,80123.9363,2026-09-08T20:01:18Z,2026-09-20T20:25:00Z,2026-09-20T20:25:00Z,,,,,,,,-2.5,"[""SF"", ""MIA""]","[0.505, 0.495]",11405663166693844811557328709946700087247729439956472640813690636765169281284,2026-09-17T17:13:45+00:00,,
polymarket,0x8c48f3acf4177b5ceb012a8a2dc7a9c219eeae4a032d6ddcbc3c2ffab907439a,https://polymarket.com/event/which-party-will-gain-most-seats-in-russian-parliamentary-election/will-the-liberal-democratic-party-of-russia-ldpr-gain-the-most-seats-in-the-next-russian-parliamentary-election,Will the Liberal Democratic Party of Russia (LDPR) gain the most seats in the next Russian parliamentary election?,Liberal Democratic Party of Russia (LDPR),149589,Which party will gain most seats in Russian Parliamentary Election?,which-party-will-gain-most-seats-in-russian-parliamentary-election,Which party will gain most seats in Russian Parliamentary Election?,,[],open,binary,0.021,0.022,0.021,0.0215,0.9785,0.0215,0.001,4031757.6149209994,84870.17801199999,,292759.80475,2026-01-07T21:34:52.030175Z,2026-09-30T00:00:00Z,2026-09-30T00:00:00Z,,,,,,,,-0.15,"[""Yes"", ""No""]","[0.0215, 0.9785]",15542559311360205718528742674119037507303557005670729042870301990328002599887,2026-09-17T17:13:45+00:00,,
kalshi,KXPGAR1LEAD-BICA26-EGRI,https://kalshi.com/markets/kxpgar1lead/pga-round-1-leader,Emiliano Grillo leads at the end of Round 1,Emiliano Grillo,KXPGAR1LEAD-BICA26,Biltmore Championship Asheville End of Round 1 Leader,KXPGAR1LEAD,PGA Round 1 Leader,Sports,"[""Golf""]",open,binary,0,0.021,0.021,0.0105,0.9895,0.0105,0.021,98255.85,84817.18,98193.85,0,2026-09-14T00:10:00Z,2026-10-04T00:00:00Z,2026-10-04T00:00:00Z,,,,structured,,,,,,,,2026-09-17T17:14:02+00:00,https://kalshi.com/markets/kxpgar1lead/pga-round-1-leader/kxpgar1lead-bica26,True
polymarket,0xc65fb00eb998335039e5120dc390967576c4bfaee22a2342a17ced0fbc2c7e4e,https://polymarket.com/event/which-party-will-gain-most-seats-in-russian-parliamentary-election/will-yabloko-gain-the-most-seats-in-the-next-russian-parliamentary-election,Will Yabloko gain the most seats in the next Russian parliamentary election?,Yabloko,149589,Which party will gain most seats in Russian Parliamentary Election?,which-party-will-gain-most-seats-in-russian-parliamentary-election,Which party will gain most seats in Russian Parliamentary Election?,,[],open,binary,0.002,0.003,0.003,0.0025,0.9975,0.0025,0.001,2283136.670943,84523.40758199999,,354786.93924,2026-01-07T21:34:54.093Z,2026-09-30T00:00:00Z,2026-09-30T00:00:00Z,,,,,,,,-0.2,"[""Yes"", ""No""]","[0.0025, 0.9975]",58721985681065679385223615049978282300963455822470759257650539113974997280205,2026-09-17T17:13:45+00:00,,
polymarket,0xcfbc2e5fbabb9e8a03bf234367244d4c97eaaf3ac33e2ba001541ee3e0e62416,https://polymarket.com/event/israel-closes-its-airspace-by/israel-closes-its-airspace-by-september-30,Israel closes its airspace by September 30?,September 30,449163,Israel closes its airspace by...?,israel-closes-its-airspace-by,Israel closes its airspace by...?,,[],open,binary,0.982,0.986,0.984,0.984,0.016,0.984,0.004,3233144.5174659993,84051.94992500001,,187263.85587,2026-08-18T16:27:12.036146Z,2026-10-01T03:59:00Z,2026-10-01T03:59:00Z,,,,,,,,0.75,"[""Yes"", ""No""]","[0.984, 0.016]",101040420236481079077393026772174192261262803877417817462744147440746788606483,2026-09-17T17:13:45+00:00,,
kalshi,KXNCAAFSPREAD-26SEP17SYRPITT-PITT11,https://kalshi.com/markets/kxncaafspread/college-football-spread,Pittsburgh wins by over 10.5 points,Pittsburgh wins by over 10.5 points,KXNCAAFSPREAD-26SEP17SYRPITT,Syracuse vs Pittsburgh: Spread,KXNCAAFSPREAD,College Football Spread,Sports,"[""Football""]",open,binary,0.49,0.5,0.49,0.495,0.505,0.495,0.01,122615.52,83867.7,103220.45,0,2026-09-11T01:07:00Z,2026-09-19T23:30:00Z,2026-09-19T23:30:00Z,,,,greater,10.5,,,,,,,2026-09-17T17:14:06+00:00,https://kalshi.com/markets/kxncaafspread/college-football-spread/kxncaafspread-26sep17syrpitt,True
kalshi,KXBTCD-26SEP1717-T74999.99,https://kalshi.com/markets/kxbtcd/bitcoin-price-above-below,"Bitcoin price on Sep 17, 2026?","$75,000 or above",KXBTCD-26SEP1717,"BTC price on Sep 17, 2026 at 5pm EDT?",KXBTCD,Bitcoin price Above/below,Crypto,"[""Hourly"", ""BTC""]",open,binary,0.97,0.98,0.98,0.975,0.025,0.975,0.01,83845.52,83845.52,53261.43,0,2026-09-16T20:00:00Z,2026-09-17T21:00:00Z,2026-09-24T21:00:00Z,,,,greater,74999.99,,BRTI,,,,,2026-09-17T17:13:51+00:00,https://kalshi.com/markets/kxbtcd/bitcoin-price-above-below/kxbtcd-26sep1717,True
polymarket,0x95fc6a4ed7f6856d26aa7f21b9f902d05c9cf76b616fd3463de4d147f7a9126b,https://polymarket.com/event/bab-el-mandeb-strait-effectively-closed-by/bab-el-mandeb-strait-effectively-closed-by-september-30-999-671-939,Bab el-Mandeb Strait effectively closed by September 30?,September 30,276527,Bab el-Mandeb Strait effectively closed by...?,bab-el-mandeb-strait-effectively-closed-by,Bab el-Mandeb Strait effectively closed by...?,,[],open,binary,0.04,0.044,0.039,0.042,0.958,0.042,0.004,3179882.292820001,83845.34840700001,,150816.63372,2026-05-06T00:27:57.775Z,2026-10-01T03:59:00Z,2026-10-01T03:59:00Z,,,,,,,,-1.25,"[""Yes"", ""No""]","[0.042, 0.958]",79492971912420892776290893910148058147353983898749011679176479416889510526578,2026-09-17T17:13:45+00:00,,
polymarket,0x46991c8a2b6494ac93efb82d0a98096746eb822213d9489b6c5bf75358687f68,https://polymarket.com/event/lal-lev-bil-2026-09-16/lal-lev-bil-2026-09-16-bil,Will Athletic Club win on 2026-09-16?,Athletic Club,957881,Levante UD vs. Athletic Club,lal-lev-bil-2026-09-16,Levante UD vs. Athletic Club,,[],open,binary,0.38,0.41,0.38,0.395,0.605,0.395,0.03,97307.36775499996,83373.97690300003,,5687.8333,2026-09-03T06:00:16Z,2026-09-16T19:30:00Z,2026-09-16T19:30:00Z,,,,,,,,-5,"[""Yes"", ""No""]","[0.395, 0.605]",3068227102579122382947733713157536171421887447079707106440524622158036236691,2026-09-17T17:13:45+00:00,,
polymarket,0x06e8048638c6fd0eebc2d1db27fc11231f67a23673c29ee17320be5fe5a9187f,https://polymarket.com/event/cs2-mzp-gl1-2026-09-17/cs2-mzp-gl1-2026-09-17,Counter-Strike: Metizport vs GamerLegion (BO1) - Logitech G Play Connect Group A,Match Winner,996096,Counter-Strike: Metizport vs GamerLegion (BO1) - Logitech G Play Connect Group A,cs2-mzp-gl1-2026-09-17,Counter-Strike: Metizport vs GamerLegion (BO1) - Logitech G Play Connect Group A,,[],open,binary,0.95,0.96,0.95,0.955,0.045,0.955,0.01,101731.87231599992,83148.53956599998,,41550.9291,2026-09-09T21:36:33Z,2026-09-17T22:10:00Z,2026-09-17T22:10:00Z,,,,,,,,58,"[""Metizport"", ""GamerLegion""]","[0.955, 0.045]",86477768215490270920569187870776431575886528102518769881949695761943534843969,2026-09-17T17:13:45+00:00,,
kalshi,KXPGATOUR-BICA26-EGRI,https://kalshi.com/markets/kxpgatour/pga-tour,Will Emiliano Grillo win the Biltmore Championship Asheville?,Emiliano Grillo,KXPGATOUR-BICA26,Biltmore Championship Asheville Winner,KXPGATOUR,PGA Tour,Sports,"[""Golf""]",open,binary,0.002,0.01,0.011,0.006,0.994,0.006,0.008,209019.07,83075.66,209019.07,0,2026-09-13T23:05:00Z,2026-10-04T00:00:00Z,2026-10-04T00:00:00Z,,,,structured,,,,,,,,2026-09-17T17:14:02+00:00,https://kalshi.com/markets/kxpgatour/pga-tour/kxpgatour-bica26,True
kalshi,KXNFLTD-26SEP17DETBUF-DETTMARTIN17-1,https://kalshi.com/markets/kxnfltd/pro-football-touchdowns,Tay Martin: 1+ touchdowns,Tay Martin: 1+,KXNFLTD-26SEP17DETBUF,Detroit vs Buffalo: Touchdowns,KXNFLTD,Pro Football Touchdowns,Sports,"[""Football""]",open,binary,0.03,0.04,0.04,0.035,0.965,0.035,0.01,82464.7,82464.7,82464.7,0,2026-09-17T15:00:00Z,2026-09-20T00:15:00Z,2026-09-20T00:15:00Z,,,,greater,0.5,,,,,,,2026-09-17T17:13:46+00:00,https://kalshi.com/markets/kxnfltd/pro-football-touchdowns/kxnfltd-26sep17detbuf,True
kalshi,KXNFLFIRSTTD-26SEP17DETBUF-DETSLAPORTA87,https://kalshi.com/markets/kxnflfirsttd/pro-football-first-touchdown,Sam LaPorta: 1st Touchdown,Sam LaPorta,KXNFLFIRSTTD-26SEP17DETBUF,Detroit vs Buffalo: 1st Touchdown,KXNFLFIRSTTD,Pro Football First Touchdown,Sports,"[""Football""]",open,binary,0.04,0.05,0.05,0.045,0.955,0.045,0.01,95938.44,82225.82,95842.68,0,2026-09-15T09:15:00Z,2026-09-20T00:15:00Z,2026-09-20T00:15:00Z,,,,structured,,,,,,,,2026-09-17T17:13:55+00:00,https://kalshi.com/markets/kxnflfirsttd/pro-football-first-touchdown/kxnflfirsttd-26sep17detbuf,True
kalshi,KXBTCD-26SEP1717-T75749.99,https://kalshi.com/markets/kxbtcd/bitcoin-price-above-below,"Bitcoin price on Sep 17, 2026?","$75,750 or above",KXBTCD-26SEP1717,"BTC price on Sep 17, 2026 at 5pm EDT?",KXBTCD,Bitcoin price Above/below,Crypto,"[""Hourly"", ""BTC""]",open,binary,0.96,0.97,0.96,0.965,0.035,0.965,0.01,81776.55,81776.55,51454.24,0,2026-09-16T20:00:00Z,2026-09-17T21:00:00Z,2026-09-24T21:00:00Z,,,,greater,75749.99,,BRTI,,,,,2026-09-17T17:13:51+00:00,https://kalshi.com/markets/kxbtcd/bitcoin-price-above-below/kxbtcd-26sep1717,True
kalshi,KXHORMUZNORM-26MAR17-B261001,https://kalshi.com/markets/kxhormuznorm/when-will-traffic-at-the-strait-of-hormuz-return-to-normal,"Will the 7-day moving average of transit calls through the Strait of Hormuz as reported by the IMF PortWatch be above 60 before October 1, 2026?","Before Oct 1, 2026",KXHORMUZNORM-26MAR17,When will traffic at the Strait of Hormuz return to normal?,KXHORMUZNORM,When will traffic at the Strait of Hormuz return to normal?,Politics,"[""International""]",open,binary,0,0.01,0.01,0.005,0.995,0.005,0.01,3131206.72,80659.92,1112521.5,0,2026-04-14T00:00:00Z,2026-10-01T13:59:00Z,2026-12-30T14:00:00Z,,,,custom,,,,,,,,2026-09-17T17:14:42+00:00,https://kalshi.com/markets/kxhormuznorm/when-will-traffic-at-the-strait-of-hormuz-return-to-normal/kxhormuznorm-26mar17,True
kalshi,KXBTCD-26SEP1717-T77249.99,https://kalshi.com/markets/kxbtcd/bitcoin-price-above-below,"Bitcoin price on Sep 17, 2026?","$77,250 or above",KXBTCD-26SEP1717,"BTC price on Sep 17, 2026 at 5pm EDT?",KXBTCD,Bitcoin price Above/below,Crypto,"[""Hourly"", ""BTC""]",open,binary,0.16,0.17,0.14,0.165,0.835,0.165,0.01,84572.55,80607.45,55021.32,0,2026-09-16T20:00:00Z,2026-09-17T21:00:00Z,2026-09-24T21:00:00Z,,,,greater,77249.99,,BRTI,,,,,2026-09-17T17:13:51+00:00,https://kalshi.com/markets/kxbtcd/bitcoin-price-above-below/kxbtcd-26sep1717,True
kalshi,KXUELGAME-26SEP17BESOLM-BES,https://kalshi.com/markets/kxuelgame/uefa-europa-league-game,Besiktas wins,Besiktas,KXUELGAME-26SEP17BESOLM,Besiktas vs Marseille,KXUELGAME,UEFA Europa League Game,Sports,"[""Soccer""]",open,binary,0.56,0.57,0.57,0.565,0.435,0.565,0.01,152594.16,80456.29,134479.52,0,2026-09-03T00:39:00Z,2026-09-20T01:00:00Z,2026-09-20T01:00:00Z,,,,structured,,,,,,,,2026-09-17T17:14:14+00:00,https://kalshi.com/markets/kxuelgame/uefa-europa-league-game/kxuelgame-26sep17besolm,True
polymarket,0x4e4f77e7dbf4cab666e9a1943674d7ae66348e862df03ea6f44b11eb95731928,https://polymarket.com/event/which-party-will-win-the-house-in-2026/will-the-republican-party-control-the-house-after-the-2026-midterm-elections,Will the Republican Party control the House after the 2026 Midterm elections?,Republican Party,32225,Which party will win the House in 2026?,which-party-will-win-the-house-in-2026,Which party will win the House in 2026?,,[],open,binary,0.11,0.12,0.11,0.115,0.885,0.115,0.01,4814755.571704,80223.30975199999,,1151908.5478,2025-07-11T19:50:45.943Z,2026-11-03T00:00:00Z,2026-11-03T00:00:00Z,,,,,,,,-2,"[""Yes"", ""No""]","[0.115, 0.885]",65139230827417363158752884968303867495725894165574887635816574090175320800482,2026-09-17T17:13:45+00:00,,
polymarket,0x1ed4c66816f9b71581c49b612e6317473cbb991773555a87ba402c30311b360b,https://polymarket.com/event/elon-musk-of-tweets-september-11-september-18-2026/elon-musk-of-tweets-september-11-september-18-2026-280-299,"Will Elon Musk post 280-299 tweets from September 11 to September 18, 2026?",280-299,986503,"Elon Musk # tweets September 11 - September 18, 2026?",elon-musk-of-tweets-september-11-september-18-2026,"Elon Musk # tweets September 11 - September 18, 2026?",,[],open,binary,,0.001,0.001,0.0005,0.9995,0.0005,0.001,142959.283101,79802.071744,,30275.618,2026-09-08T04:00:42Z,2026-09-18T16:00:00Z,2026-09-18T16:00:00Z,,,,,,,,-0.3,"[""Yes"", ""No""]","[0.0005, 0.9995]",40838082471260209237411552056108628882928098357879058318430947498244433748159,2026-09-17T17:13:45+00:00,,
polymarket,0x34ed4ad7a7825f168e1084f53e8f60a161579d783b2740e50aa52f710925a136,https://polymarket.com/event/next-french-presidential-election/will-sgolne-royal-win-the-2027-french-presidential-election,Will Ségolène Royal win the 2027 French presidential election?,Ségolène Royal,79987,Next French Presidential Election,next-french-presidential-election,Next French Presidential Election,,[],open,binary,0.001,0.002,0.002,0.0015,0.9985,0.0015,0.001,6395356.409691,78893.852167,,209314.05627,2025-11-13T23:09:45.311428Z,2027-04-30T00:00:00Z,2027-04-30T00:00:00Z,,,,,,,,-0.1,"[""Yes"", ""No""]","[0.0015, 0.9985]",84076705244364178126697754730242283842575751486659062354818892653573605561738,2026-09-17T17:13:45+00:00,,
kalshi,KXPRESNOMD-28-BOBA,https://kalshi.com/markets/kxpresnomd/democratic-primary-winner,Will Barack Obama be the Democratic Presidential nominee in 2028?,Barack Obama,KXPRESNOMD-28,2028 Democratic presidential nominee,KXPRESNOMD,Democratic Primary winner,Elections,"[""2028"", ""US Elections""]",open,binary,0.001,0.003,0.003,0.002,0.998,0.002,0.002,5755643.41,78585.25,4307902.77,0,2025-03-20T20:30:51Z,2028-11-07T15:00:00Z,2028-11-07T15:00:00Z,,,,custom,,,,,,,,2026-09-17T17:14:47+00:00,https://kalshi.com/markets/kxpresnomd/democratic-primary-winner/kxpresnomd-28,True
polymarket,0xc3794a8d3a34d04b9f39773e35c4cecdac89d32eab93e8589d9a6f03e04e9490,https://polymarket.com/event/dtrump-out-as-president-by-september-30/dtrump-out-as-president-by-september-30,Trump out as President by September 30?,,956176,Trump out as President by September 30?,dtrump-out-as-president-by-september-30,Trump out as President by September 30?,,[],open,binary,0.005,0.007,0.005,0.006,0.994,0.006,0.002,1001566.0084210002,78150.943404,,190301.28884,2026-09-02T21:12:57Z,2026-10-01T03:59:00Z,2026-10-01T03:59:00Z,,,,,,,,,"[""Yes"", ""No""]","[0.006, 0.994]",6121218352389247881246006291990310720710516288829209381613978118836000554470,2026-09-17T17:13:45+00:00,,
kalshi,KXPGATOUR-BICA26-WGOR,https://kalshi.com/markets/kxpgatour/pga-tour,Will Will Gordon win the Biltmore Championship Asheville?,Will Gordon,KXPGATOUR-BICA26,Biltmore Championship Asheville Winner,KXPGATOUR,PGA Tour,Sports,"[""Golf""]",open,binary,0.001,0.002,0.002,0.0015,0.9985,0.0015,0.001,200970.3,78121.48,199882.77,0,2026-09-13T23:05:00Z,2026-10-04T00:00:00Z,2026-10-04T00:00:00Z,,,,structured,,,,,,,,2026-09-17T17:14:02+00:00,https://kalshi.com/markets/kxpgatour/pga-tour/kxpgatour-bica26,True
kalshi,KXPGATOUR-BICA26-CKIR,https://kalshi.com/markets/kxpgatour/pga-tour,Will Chris Kirk win the Biltmore Championship Asheville?,Chris Kirk,KXPGATOUR-BICA26,Biltmore Championship Asheville Winner,KXPGATOUR,PGA Tour,Sports,"[""Golf""]",open,binary,0.027,0.037,0.032,0.032,0.968,0.032,0.01,144724.52,78063.78,139210.65,0,2026-09-13T23:05:00Z,2026-10-04T00:00:00Z,2026-10-04T00:00:00Z,,,,structured,,,,,,,,2026-09-17T17:14:02+00:00,https://kalshi.com/markets/kxpgatour/pga-tour/kxpgatour-bica26,True
kalshi,KXDPWORLDTOUR-BMPC26-ASCO,https://kalshi.com/markets/kxdpworldtour/dp-world-tour-tournament-winner,Will Adam Scott win the BMW PGA Championship?,Adam Scott,KXDPWORLDTOUR-BMPC26,BMW PGA Championship Winner,KXDPWORLDTOUR,DP World Tour Tournament Winner,Sports,"[""Golf""]",open,binary,0.08,0.081,0.081,0.0805,0.9195,0.0805,0.001,114587.23,77963.08,87362.05,0,2026-09-12T12:00:00Z,2026-10-04T00:00:00Z,2026-10-04T00:00:00Z,,,,structured,,,,,,,,2026-09-17T17:14:05+00:00,https://kalshi.com/markets/kxdpworldtour/dp-world-tour-tournament-winner/kxdpworldtour-bmpc26,True
kalshi,KXUFCFIGHT-26SEP19VANPAN-PAN,https://kalshi.com/markets/kxufcfight/ufc-fight,Alexandre Pantoja wins,Alexandre Pantoja,KXUFCFIGHT-26SEP19VANPAN,331: Van vs Pantoja,KXUFCFIGHT,UFC Fight,Sports,"[""MMA""]",open,binary,0.43,0.44,0.44,0.435,0.565,0.435,0.01,319772.28,77874.77,273086.39,0,2026-09-06T04:45:00Z,2026-10-04T02:20:00Z,2026-10-04T02:20:00Z,,,,structured,,,,,,,,2026-09-17T17:14:12+00:00,https://kalshi.com/markets/kxufcfight/ufc-fight/kxufcfight-26sep19vanpan,True
kalshi,KXPGATOUR-BICA26-WMOU,https://kalshi.com/markets/kxpgatour/pga-tour,Will William Mouw win the Biltmore Championship Asheville?,William Mouw,KXPGATOUR-BICA26,Biltmore Championship Asheville Winner,KXPGATOUR,PGA Tour,Sports,"[""Golf""]",open,binary,0,0.001,0.001,0.0005,0.9995,0.0005,0.001,204333.39,77812.84,143754.19,0,2026-09-13T23:05:00Z,2026-10-04T00:00:00Z,2026-10-04T00:00:00Z,,,,structured,,,,,,,,2026-09-17T17:14:02+00:00,https://kalshi.com/markets/kxpgatour/pga-tour/kxpgatour-bica26,True
polymarket,0x628bee7486266ad03b6d7c0e64667c60d6d73a5d22b113747be2a77c4e26c580,https://polymarket.com/event/elon-musk-of-tweets-september-11-september-18-2026/elon-musk-of-tweets-september-11-september-18-2026-220-239,"Will Elon Musk post 220-239 tweets from September 11 to September 18, 2026?",220-239,986503,"Elon Musk # tweets September 11 - September 18, 2026?",elon-musk-of-tweets-september-11-september-18-2026,"Elon Musk # tweets September 11 - September 18, 2026?",,[],open,binary,0.05,0.053,0.05,0.0515,0.9485,0.0515,0.003,128613.97731399999,77689.361785,,32133.13086,2026-09-08T04:00:42Z,2026-09-18T16:00:00Z,2026-09-18T16:00:00Z,,,,,,,,-11.35,"[""Yes"", ""No""]","[0.0515, 0.9485]",40070145238378000798724655737841169262432342493990719547604292181062418562244,2026-09-17T17:13:45+00:00,,
kalshi,KXNCAAFGAME-26SEP19SIUILL-SIU,https://kalshi.com/markets/kxncaafgame/college-football-game,Southern Illinois wins,Southern Illinois,KXNCAAFGAME-26SEP19SIUILL,Southern Illinois vs Illinois,KXNCAAFGAME,College Football Game,Sports,"[""Football""]",open,binary,0,0.01,0.01,0.005,0.995,0.005,0.01,211880.9,77524.09,211833.79,0,2026-09-05T19:08:00Z,2026-09-21T18:00:00Z,2026-09-21T18:00:00Z,,,,structured,,,,,,,,2026-09-17T17:14:13+00:00,https://kalshi.com/markets/kxncaafgame/college-football-game/kxncaafgame-26sep19siuill,True
polymarket,0x067f4aea4fabac87713a1339085e76aa792c578918900aa484b58114a4d9e249,https://polymarket.com/event/dota2-nemiga-lynx-2026-09-17/dota2-nemiga-lynx-2026-09-17-game2,Dota 2: Nemiga Gaming vs Team Lynx - Game 2 Winner,Game 2 Winner,1033123,Dota 2: Nemiga Gaming vs Team Lynx (BO3) - European Pro League Group A,dota2-nemiga-lynx-2026-09-17,Dota 2: Nemiga Gaming vs Team Lynx (BO3) - European Pro League Group A,,[],open,binary,0.03,0.05,0.05,0.04,0.96,0.04,0.02,108591.1029200001,77282.21791999995,,53274.7163,2026-09-16T13:19:47Z,2026-09-17T19:00:00Z,2026-09-17T19:00:00Z,,,,,,,,-39,"[""Nemiga Gaming"", ""Team Lynx""]","[0.04, 0.96]",65255108867427855451052231927749280283018178030466936104355881664199394465060,2026-09-17T17:13:45+00:00,,
polymarket,0x3db052315d8e06325af1cc1009f33d4f2174bc7795c68b46f01b4ef34b2a06e0,https://polymarket.com/event/what-price-will-wti-hit-in-september-2026/will-wti-dip-to-100-in-september-2026-from-september-14,Will WTI Crude Oil (WTI) hit (LOW) $100 in September?,↓ $100,907966,What will WTI Crude Oil (WTI) hit in September 2026?,what-price-will-wti-hit-in-september-2026,What will WTI Crude Oil (WTI) hit in September 2026?,,[],open,binary,0.999,1,0.999,0.9995,0.0005,0.9995,0.001,119635.39569999998,76157.25353700001,,127263.62712,2026-09-14T16:46:08Z,2026-10-01T03:59:59.999Z,2026-10-01T03:59:59.999Z,,,,,,,,6.65,"[""Yes"", ""No""]","[0.9995, 0.0005]",109812606640248864171665335291363719995881194001080264133304689395492783960877,2026-09-17T17:13:45+00:00,,
kalshi,KXPGAR1LEAD-BICA26-NTAY,https://kalshi.com/markets/kxpgar1lead/pga-round-1-leader,Nick Taylor leads at the end of Round 1,Nick Taylor,KXPGAR1LEAD-BICA26,Biltmore Championship Asheville End of Round 1 Leader,KXPGAR1LEAD,PGA Round 1 Leader,Sports,"[""Golf""]",open,binary,0.015,0.032,0.033,0.0235,0.9765,0.0235,0.017,81892.81,75770.29,68144.1,0,2026-09-14T00:10:00Z,2026-10-04T00:00:00Z,2026-10-04T00:00:00Z,,,,structured,,,,,,,,2026-09-17T17:14:02+00:00,https://kalshi.com/markets/kxpgar1lead/pga-round-1-leader/kxpgar1lead-bica26,True
polymarket,0x7034c00a24f9edbf325fd5a0b9a63412e469fc8cd2aa9b060fb5ba8e10d7ebef,https://polymarket.com/event/ballon-dor-winner-2026/will-lionel-messi-win-the-2026-ballon-dor,Will Lionel Messi win the 2026 Ballon d'Or?,Lionel Messi,48361,Ballon d'Or Winner 2026,ballon-dor-winner-2026,Ballon d'Or Winner 2026,,[],open,binary,0.039,0.04,0.04,0.0395,0.9605,0.0395,0.001,2694362.571099001,75407.528303,,167835.13356,2025-09-22T23:39:35.764Z,2026-10-31T00:00:00Z,2026-10-31T00:00:00Z,,,,,,,,0.7,"[""Yes"", ""No""]","[0.0395, 0.9605]",14940935985254400645996902276818598247231942791302218826999289776538227075176,2026-09-17T17:13:45+00:00,,
kalshi,KXUELTOTAL-26SEP17LEVRBS-3,https://kalshi.com/markets/kxueltotal/europa-league-total,Will over 2.5 goals be scored?,Over 2.5 goals scored,KXUELTOTAL-26SEP17LEVRBS,Levski Sofia vs Salzburg: Total Goals,KXUELTOTAL,Europa League Total,Sports,"[""Soccer""]",open,binary,0.34,0.36,0.36,0.35,0.65,0.35,0.02,86214.45,75377.68,56248.92,0,2026-09-10T17:10:00Z,2026-09-19T16:45:00Z,2026-09-19T16:45:00Z,,,,greater,2.5,,,,,,,2026-09-17T17:14:11+00:00,https://kalshi.com/markets/kxueltotal/europa-league-total/kxueltotal-26sep17levrbs,True
polymarket,0x386a631f08cd363f4d3f14ca082d066424bb805dbdf31122f75d0ecaa8a09ac8,https://polymarket.com/event/uel-bes-olm-2026-09-17/uel-bes-olm-2026-09-17-bes,Will Beşiktaş JK win on 2026-09-17?,Beşiktaş JK,965729,Beşiktaş JK vs. Olympique de Marseille,uel-bes-olm-2026-09-17,Beşiktaş JK vs. Olympique de Marseille,,[],open,binary,0.56,0.57,0.56,0.565,0.435,0.565,0.01,187886.60829900007,75020.51802300006,,351808.1587,2026-09-04T18:30:24Z,2026-09-17T19:00:00Z,2026-09-17T19:00:00Z,,,,,,,,3,"[""Yes"", ""No""]","[0.565, 0.435]",31894607603286346420933737001307040531787284898904636968977717941130912063967,2026-09-17T17:13:45+00:00,,
kalshi,SENATETX-26-D,https://kalshi.com/markets/senatetx/texas-senate-race,Will Democratics win the Senate race in Texas?,James Talarico,SENATETX-26,Texas Senate winner?,SENATETX,Texas Senate race,Elections,"[""Senate""]",open,binary,0.54,0.55,0.54,0.545,0.455,0.545,0.01,5244257.46,74448.31,3517345.42,0,2024-12-03T15:00:00Z,2027-11-03T15:00:00Z,2027-11-03T15:00:00Z,,,,structured,,,,,,,,2026-09-17T17:14:47+00:00,https://kalshi.com/markets/senatetx/texas-senate-race/senatetx-26,True
kalshi,KXT20MATCH-26SEP171330SRIENG-SRI,https://kalshi.com/markets/kxt20match/men-s-t20-cricket-match,Sri Lanka wins,Sri Lanka,KXT20MATCH-26SEP171330SRIENG,England vs Sri Lanka,KXT20MATCH,Men's T20 Cricket Match,Sports,"[""Cricket""]",open,binary,0.12,0.13,0.12,0.125,0.875,0.125,0.01,93839.43,74190.4,78528.26,0,2026-09-15T00:11:00Z,2026-09-19T21:30:00Z,2026-09-19T21:30:00Z,,,,structured,,,,,,,,2026-09-17T17:13:56+00:00,https://kalshi.com/markets/kxt20match/men-s-t20-cricket-match/kxt20match-26sep171330srieng,True
polymarket,0x909659c9436228e2be56d5582ba6188166f2f8bf3c596335512c8f2e380d01ec,https://polymarket.com/event/democratic-presidential-nominee-2028/will-kamala-harris-win-the-2028-democratic-presidential-nomination-641,Will Kamala Harris win the 2028 Democratic presidential nomination?,Kamala Harris,30829,Democratic Presidential Nominee 2028,democratic-presidential-nominee-2028,Democratic Presidential Nominee 2028,,[],open,binary,0.096,0.097,0.097,0.0965,0.9035,0.0965,0.001,13385305.375752976,74042.334027,,298450.03384,2025-07-11T18:36:03.15Z,2028-11-07T00:00:00Z,2028-11-07T00:00:00Z,,,,,,,,1.45,"[""Yes"", ""No""]","[0.0965, 0.9035]",38171024903091354977195167437673496224420673639143973968032407064172828043588,2026-09-17T17:13:45+00:00,,
kalshi,KXPGATOUR-BICA26-KYU,https://kalshi.com/markets/kxpgatour/pga-tour,Will Kevin Yu win the Biltmore Championship Asheville?,Kevin Yu,KXPGATOUR-BICA26,Biltmore Championship Asheville Winner,KXPGATOUR,PGA Tour,Sports,"[""Golf""]",open,binary,0.013,0.017,0.019,0.015,0.985,0.015,0.004,156221.57,73818.39,156123.56,0,2026-09-13T23:05:00Z,2026-10-04T00:00:00Z,2026-10-04T00:00:00Z,,,,structured,,,,,,,,2026-09-17T17:14:02+00:00,https://kalshi.com/markets/kxpgatour/pga-tour/kxpgatour-bica26,True
kalshi,KXMLB-26-TB,https://kalshi.com/markets/kxmlb/world-series,Will Tampa Bay win the 2026 Pro Baseball Championship?,Tampa Bay,KXMLB-26,Pro Baseball Champion,KXMLB,World Series,Sports,"[""Baseball""]",open,binary,0.088,0.09,0.09,0.089,0.911,0.089,0.002,2356600.93,73743.84,1528045.09,0,2025-12-17T15:00:00Z,2028-10-31T04:00:00Z,2028-10-31T04:00:00Z,,,,structured,,,,,,,,2026-09-17T17:14:46+00:00,https://kalshi.com/markets/kxmlb/world-series/kxmlb-26,True
kalshi,KXMLB-26-AZ,https://kalshi.com/markets/kxmlb/world-series,Will Arizona win the 2026 Pro Baseball Championship?,Arizona,KXMLB-26,Pro Baseball Champion,KXMLB,World Series,Sports,"[""Baseball""]",open,binary,0.003,0.006,0.005,0.0045,0.9955,0.0045,0.003,2316869.38,73694.37,1698825.96,0,2025-12-17T15:00:00Z,2028-10-31T04:00:00Z,2028-10-31T04:00:00Z,,,,structured,,,,,,,,2026-09-17T17:14:46+00:00,https://kalshi.com/markets/kxmlb/world-series/kxmlb-26,True
kalshi,KXPRESNOMD-28-CMUR,https://kalshi.com/markets/kxpresnomd/democratic-primary-winner,Will Chris Murphy be the Democratic Presidential nominee in 2028?,Chris Murphy,KXPRESNOMD-28,2028 Democratic presidential nominee,KXPRESNOMD,Democratic Primary winner,Elections,"[""2028"", ""US Elections""]",open,binary,0.005,0.007,0.007,0.006,0.994,0.006,0.002,4025758.55,73518.98,3139156.06,0,2025-07-22T02:40:00Z,2028-11-07T15:00:00Z,2028-11-07T15:00:00Z,,,,custom,,,,,,,,2026-09-17T17:14:47+00:00,https://kalshi.com/markets/kxpresnomd/democratic-primary-winner/kxpresnomd-28,True
polymarket,0x6c9bd12ca2dded7eb4c688a3200e94f143cc95984eb1952ab71f7ec31e07cf8c,https://polymarket.com/event/mecklenburg-vorpommern-parliamentary-election-winner/will-afd-win-the-most-seats-in-the-2026-mecklenburg-vorpommern-parliamentary-elections,Will AfD win the most seats in the 2026 Mecklenburg-Vorpommern parliamentary elections?,AfD,204566,Mecklenburg-Vorpommern Parliamentary Election Winner,mecklenburg-vorpommern-parliamentary-election-winner,Mecklenburg-Vorpommern Parliamentary Election Winner,,[],open,binary,0.75,0.76,0.76,0.755,0.245,0.755,0.01,481466.4472169999,73240.605099,,105946.7824,2026-02-11T20:20:06.772158Z,2026-09-20T00:00:00Z,2026-09-20T00:00:00Z,,,,,,,,-4,"[""Yes"", ""No""]","[0.755, 0.245]",35602493632810760738386198296948892290967628762024875561300523660752297123327,2026-09-17T17:13:45+00:00,,
kalshi,KXPGATOUR-BICA26-ANOV,https://kalshi.com/markets/kxpgatour/pga-tour,Will Andrew Novak win the Biltmore Championship Asheville?,Andrew Novak,KXPGATOUR-BICA26,Biltmore Championship Asheville Winner,KXPGATOUR,PGA Tour,Sports,"[""Golf""]",open,binary,0.023,0.029,0.025,0.026,0.974,0.026,0.006,129493.45,72740.58,124409.89,0,2026-09-13T23:05:00Z,2026-10-04T00:00:00Z,2026-10-04T00:00:00Z,,,,structured,,,,,,,,2026-09-17T17:14:02+00:00,https://kalshi.com/markets/kxpgatour/pga-tour/kxpgatour-bica26,True
kalshi,KXRETIREMM-26,https://kalshi.com/markets/kxretiremm/mitch-mcconnell-resigning,Will Mitch McConnell resign his office early?,Before election day 2026,KXRETIREMM-26,Will Mitch McConnell resign his office before the midterms?,KXRETIREMM,Mitch McConnell resigning,Politics,"[""Congress""]",open,binary,0.034,0.035,0.034,0.0345,0.9655,0.0345,0.001,3538940.43,72418.07,1359482.4,0,2024-12-21T15:00:00Z,2026-11-03T15:00:00Z,2026-11-03T15:00:00Z,,,,,,,,,,,,2026-09-17T17:14:47+00:00,https://kalshi.com/markets/kxretiremm/mitch-mcconnell-resigning/kxretiremm-26,True
kalshi,KXBTCD-26SEP1717-T75499.99,https://kalshi.com/markets/kxbtcd/bitcoin-price-above-below,"Bitcoin price on Sep 17, 2026?","$75,500 or above",KXBTCD-26SEP1717,"BTC price on Sep 17, 2026 at 5pm EDT?",KXBTCD,Bitcoin price Above/below,Crypto,"[""Hourly"", ""BTC""]",open,binary,0.97,0.98,0.98,0.975,0.025,0.975,0.01,72315.58,72315.58,46863.66,0,2026-09-16T20:00:00Z,2026-09-17T21:00:00Z,2026-09-24T21:00:00Z,,,,greater,75499.99,,BRTI,,,,,2026-09-17T17:13:51+00:00,https://kalshi.com/markets/kxbtcd/bitcoin-price-above-below/kxbtcd-26sep1717,True
polymarket,0x8f68d5432811c920ca592162c60ce225d95888ca1a412a075a79114b52ef3031,https://polymarket.com/event/mlb-sd-col-2026-09-17/mlb-sd-col-2026-09-17-total-10pt5,San Diego Padres vs. Colorado Rockies: O/U 10.5,O/U 10.5,1004392,San Diego Padres vs. Colorado Rockies,mlb-sd-col-2026-09-17,San Diego Padres vs. Colorado Rockies,,[],open,binary,0.51,0.52,0.52,0.515,0.485,0.515,0.01,72561.33377999999,71880.93377999999,,297223.262,2026-09-16T18:29:07Z,2026-09-17T19:10:00Z,2026-09-17T19:10:00Z,,,,,,,,,"[""Over"", ""Under""]","[0.515, 0.485]",61714738775469735251424599143462891261993644326173783436715088522924373084757,2026-09-17T17:13:45+00:00,,
kalshi,KXNBA-27-LAL,https://kalshi.com/markets/kxnba/pro-basketball-champion,Will Los Angeles L win the 2027 Pro Basketball Finals?,Los Angeles L,KXNBA-27,2027 Pro Basketball Champion,KXNBA,Pro Basketball Champion,Sports,"[""Basketball""]",open,binary,0.02,0.03,0.03,0.025,0.975,0.025,0.01,1850306.47,71863.83,1706051.28,0,2026-06-14T08:00:00Z,2029-07-30T14:00:00Z,2029-07-30T14:00:00Z,,,,structured,,,,,,,,2026-09-17T17:14:33+00:00,https://kalshi.com/markets/kxnba/pro-basketball-champion/kxnba-27,True
polymarket,0xbb4d51e6364066d92eb6f9b8413dd7193de70966736044463b205834805a1f3b,https://polymarket.com/event/will-the-iranian-regime-fall-by-the-end-of-2026/will-the-iranian-regime-fall-by-the-end-of-2026,Will the Iranian regime fall before 2027?,,72347,Will the Iranian regime fall before 2027?,will-the-iranian-regime-fall-by-the-end-of-2026,Will the Iranian regime fall before 2027?,,[],open,binary,0.06,0.07,0.07,0.065,0.935,0.065,0.01,26038538.745914,71861.733602,,593245.5709,2025-11-03T23:52:00.295Z,2027-01-01T04:59:00Z,2027-01-01T04:59:00Z,,,,,,,,-2,"[""Yes"", ""No""]","[0.065, 0.935]",10991849228756847439673778874175365458450913336396982752046655649803657501964,2026-09-17T17:13:45+00:00,,
kalshi,KXSB-27-DAL,https://kalshi.com/markets/kxsb/super-bowl,Will Dallas win the 2027 Pro Football Championship?,Dallas,KXSB-27,2027 Pro Football Champion,KXSB,Super Bowl,Sports,"[""Football""]",open,binary,0.03,0.04,0.03,0.035,0.965,0.035,0.01,8263320.24,71322.93,6235524.06,0,2026-02-08T20:00:00Z,2029-02-13T23:30:00Z,2029-02-13T23:30:00Z,,,,structured,,,,,,,,2026-09-17T17:14:44+00:00,https://kalshi.com/markets/kxsb/super-bowl/kxsb-27,True
kalshi,KXPGATOUR-BICA26-RHIS,https://kalshi.com/markets/kxpgatour/pga-tour,Will Ryo Hisatsune win the Biltmore Championship Asheville?,Ryo Hisatsune,KXPGATOUR-BICA26,Biltmore Championship Asheville Winner,KXPGATOUR,PGA Tour,Sports,"[""Golf""]",open,binary,0.006,0.012,0.01,0.009,0.991,0.009,0.006,199570.62,71284.92,179546.55,0,2026-09-13T23:05:00Z,2026-10-04T00:00:00Z,2026-10-04T00:00:00Z,,,,structured,,,,,,,,2026-09-17T17:14:02+00:00,https://kalshi.com/markets/kxpgatour/pga-tour/kxpgatour-bica26,True
kalshi,KXNCAAFGAME-26SEP19UNIIOWA-UNI,https://kalshi.com/markets/kxncaafgame/college-football-game,Northern Iowa wins,Northern Iowa,KXNCAAFGAME-26SEP19UNIIOWA,Northern Iowa vs Iowa,KXNCAAFGAME,College Football Game,Sports,"[""Football""]",open,binary,0,0.01,0.01,0.005,0.995,0.005,0.01,133852.29,71071.63,133771.29,0,2026-09-05T22:07:00Z,2026-09-21T20:00:00Z,2026-09-21T20:00:00Z,,,,structured,,,,,,,,2026-09-17T17:14:13+00:00,https://kalshi.com/markets/kxncaafgame/college-football-game/kxncaafgame-26sep19uniiowa,True
kalshi,KXNBA-27-TOR,https://kalshi.com/markets/kxnba/pro-basketball-champion,Will Toronto win the 2027 Pro Basketball Finals?,Toronto,KXNBA-27,2027 Pro Basketball Champion,KXNBA,Pro Basketball Champion,Sports,"[""Basketball""]",open,binary,0.02,0.03,0.03,0.025,0.975,0.025,0.01,892267.89,70903,659815.86,0,2026-06-14T08:00:00Z,2029-07-30T14:00:00Z,2029-07-30T14:00:00Z,,,,structured,,,,,,,,2026-09-17T17:14:33+00:00,https://kalshi.com/markets/kxnba/pro-basketball-champion/kxnba-27,True
kalshi,KXNFLTD-26SEP17DETBUF-DETBWRIGHT89-1,https://kalshi.com/markets/kxnfltd/pro-football-touchdowns,Brock Wright: 1+ touchdowns,Brock Wright: 1+,KXNFLTD-26SEP17DETBUF,Detroit vs Buffalo: Touchdowns,KXNFLTD,Pro Football Touchdowns,Sports,"[""Football""]",open,binary,0.07,0.08,0.08,0.075,0.925,0.075,0.01,72141.81,70353.21,72137.64,0,2026-09-15T02:15:00Z,2026-09-20T00:15:00Z,2026-09-20T00:15:00Z,,,,greater,0.5,,,,,,,2026-09-17T17:13:55+00:00,https://kalshi.com/markets/kxnfltd/pro-football-touchdowns/kxnfltd-26sep17detbuf,True
kalshi,KXPGATOUR-BICA26-JDAH,https://kalshi.com/markets/kxpgatour/pga-tour,Will Joel Dahmen win the Biltmore Championship Asheville?,Joel Dahmen,KXPGATOUR-BICA26,Biltmore Championship Asheville Winner,KXPGATOUR,PGA Tour,Sports,"[""Golf""]",open,binary,0.002,0.009,0.007,0.0055,0.9945,0.0055,0.007,96766.86,69778.03,96766.86,0,2026-09-13T23:05:00Z,2026-10-04T00:00:00Z,2026-10-04T00:00:00Z,,,,structured,,,,,,,,2026-09-17T17:14:02+00:00,https://kalshi.com/markets/kxpgatour/pga-tour/kxpgatour-bica26,True
kalshi,KXDPWORLDTOURR1LEAD-BMPC26-ASCO,https://kalshi.com/markets/kxdpworldtourr1lead/dp-world-tour-r1-leader,Adam Scott leads at the end of Round 1,Adam Scott,KXDPWORLDTOURR1LEAD-BMPC26,BMW PGA Championship End of Round 1 Leader,KXDPWORLDTOURR1LEAD,DP World Tour R1 Leader,Sports,"[""Golf""]",open,binary,0,0.007,0.002,0.0035,0.9965,0.0035,0.007,69835.18,69741.6,51548.78,0,2026-09-14T00:10:00Z,2026-10-04T00:00:00Z,2026-10-04T00:00:00Z,,,,structured,,,,,,,,2026-09-17T17:14:02+00:00,https://kalshi.com/markets/kxdpworldtourr1lead/dp-world-tour-r1-leader/kxdpworldtourr1lead-bmpc26,True
polymarket,0x424a35de2ed7150339423462d110256fd1a40b6a5f07c0002433bc89201798d7,https://polymarket.com/event/bank-of-japan-decision-in-september-20260616002734979/will-the-bank-of-japan-announce-a-25-bps-increase-at-the-september-2026-meeting-20260616223724870,Will the Bank of Japan announce a 25 bps increase at the September 2026 meeting?,25 bps increase,606452,Bank of Japan Decision in September?,bank-of-japan-decision-in-september-20260616002734979,Bank of Japan Decision in September?,,[],open,binary,0.997,1,0.998,0.9985,0.0015,0.9985,0.003,369875.559128,69598.407476,,246783.0545,2026-06-17T23:47:07.336714Z,2026-09-18T15:59:00Z,2026-09-18T15:59:00Z,,,,,,,,1.7,"[""Yes"", ""No""]","[0.9985, 0.0015]",34224127560083720453608705144696778706696450679056926524338211964623002524966,2026-09-17T17:13:45+00:00,,
kalshi,KXMLBTOTAL-26SEP171240LADCIN-11,https://kalshi.com/markets/kxmlbtotal/pro-baseball-total-points,Over 10.5 runs scored,Over 10.5 runs scored,KXMLBTOTAL-26SEP171240LADCIN,Los Angeles D vs Cincinnati: Total Runs,KXMLBTOTAL,Pro Baseball Total Points,Sports,"[""Baseball""]",open,binary,0.63,0.64,0.63,0.635,0.365,0.635,0.01,70197.24,69506.03,60518.21,0,2026-09-17T00:50:00Z,2026-09-20T16:40:00Z,2026-09-20T16:40:00Z,,,,greater,10.5,,,,,,,2026-09-17T17:13:47+00:00,https://kalshi.com/markets/kxmlbtotal/pro-baseball-total-points/kxmlbtotal-26sep171240ladcin,True
polymarket,0x70cdd37011b38e6e3845f80d3d2e25b65176867067df7c435262a434be8ad5d4,https://polymarket.com/event/uel-ofi-hof-2026-09-17-more-markets/uel-ofi-hof-2026-09-17-total-3pt5,OFI vs. TSG 1899 Hoffenheim: O/U 3.5,O/U 3.5,960294,OFI vs. TSG 1899 Hoffenheim - More Markets,uel-ofi-hof-2026-09-17-more-markets,OFI vs. TSG 1899 Hoffenheim - More Markets,,[],open,binary,0.24,0.25,0.3,0.245,0.755,0.245,0.01,77548.45172499996,69250.697748,,56924.4815,2026-09-03T18:45:27Z,2026-09-17T16:45:00Z,2026-09-17T16:45:00Z,,,,,,,,-15,"[""Over"", ""Under""]","[0.245, 0.755]",50166977743336277580119847756901688641702519959253052841770164228813193011188,2026-09-17T17:13:45+00:00,,
polymarket,0xda4fbe6eec3d6cc6f6d14785f25f86823514b0b4b37c63227af5b2670f2627f4,https://polymarket.com/event/berlin-state-election-winner/will-linke-win-the-most-seats-in-the-2026-berlin-state-elections,Will Linke win the most seats in the 2026 Berlin state elections?,Linke,95248,Berlin State Election Winner,berlin-state-election-winner,Berlin State Election Winner,,[],open,binary,0.61,0.62,0.61,0.615,0.385,0.615,0.01,381526.137016,69026.34944600001,,98900.3011,2025-12-02T11:38:45.384Z,2026-09-20T00:00:00Z,2026-09-20T00:00:00Z,,,,,,,,-7,"[""Yes"", ""No""]","[0.615, 0.385]",102682832966209969978965796495958715590593079468512867290824407541600306279619,2026-09-17T17:13:45+00:00,,
kalshi,KXDPWORLDTOURR1LEAD-BMPC26-RMCI,https://kalshi.com/markets/kxdpworldtourr1lead/dp-world-tour-r1-leader,Rory McIlroy leads at the end of Round 1,Rory McIlroy,KXDPWORLDTOURR1LEAD-BMPC26,BMW PGA Championship End of Round 1 Leader,KXDPWORLDTOURR1LEAD,DP World Tour R1 Leader,Sports,"[""Golf""]",open,binary,0,0.001,0.001,0.0005,0.9995,0.0005,0.001,85000.55,68965.03,80310.48,0,2026-09-14T00:10:00Z,2026-10-04T00:00:00Z,2026-10-04T00:00:00Z,,,,structured,,,,,,,,2026-09-17T17:14:02+00:00,https://kalshi.com/markets/kxdpworldtourr1lead/dp-world-tour-r1-leader/kxdpworldtourr1lead-bmpc26,True
kalshi,KXDPWORLDTOUR-BMPC26-AFIT,https://kalshi.com/markets/kxdpworldtour/dp-world-tour-tournament-winner,Will Alex Fitzpatrick win the BMW PGA Championship?,Alex Fitzpatrick,KXDPWORLDTOUR-BMPC26,BMW PGA Championship Winner,KXDPWORLDTOUR,DP World Tour Tournament Winner,Sports,"[""Golf""]",open,binary,0.002,0.006,0.005,0.004,0.996,0.004,0.004,122000.46,68904.11,113120.54,0,2026-09-12T12:00:00Z,2026-10-04T00:00:00Z,2026-10-04T00:00:00Z,,,,structured,,,,,,,,2026-09-17T17:14:05+00:00,https://kalshi.com/markets/kxdpworldtour/dp-world-tour-tournament-winner/kxdpworldtour-bmpc26,True
kalshi,KXWTACHALLENGERMATCH-26SEP17KOEKNU-KNU,https://kalshi.com/markets/kxwtachallengermatch/challenger-wta,Gabriela Knutson wins,Gabriela Knutson,KXWTACHALLENGERMATCH-26SEP17KOEKNU,Koevermans vs Knutson,KXWTACHALLENGERMATCH,Challenger WTA,Sports,"[""Tennis""]",open,binary,0.62,0.63,0.62,0.625,0.375,0.625,0.01,75252.86,68855.75,66901.47,0,2026-09-17T02:50:00Z,2026-10-01T14:40:00Z,2026-10-01T14:40:00Z,,,,structured,,,,,,,,2026-09-17T17:13:47+00:00,https://kalshi.com/markets/kxwtachallengermatch/challenger-wta/kxwtachallengermatch-26sep17koeknu,True
kalshi,KXFEDDECISION-26OCT-C25,https://kalshi.com/markets/kxfeddecision/fed-meeting,Will the Federal Reserve Cut rates by 25bps at their October 2026 meeting?,Cut 25bps,KXFEDDECISION-26OCT,Fed decision in Oct 2026?,KXFEDDECISION,Fed meeting,Economics,"[""Fed""]",open,binary,0,0.01,0.01,0.005,0.995,0.005,0.01,441833.62,68146.17,323362.08,0,2025-09-29T14:00:00Z,2026-10-28T17:59:00Z,2027-01-27T18:01:00Z,,,,custom,,,,,,,,2026-09-17T17:14:47+00:00,https://kalshi.com/markets/kxfeddecision/fed-meeting/kxfeddecision-26oct,True
kalshi,KXHORMUZNORM-26MAR17-B261101,https://kalshi.com/markets/kxhormuznorm/when-will-traffic-at-the-strait-of-hormuz-return-to-normal,"Will the 7-day moving average of transit calls through the Strait of Hormuz as reported by the IMF PortWatch be above 60 before November 1, 2026?","Before Nov 1, 2026",KXHORMUZNORM-26MAR17,When will traffic at the Strait of Hormuz return to normal?,KXHORMUZNORM,When will traffic at the Strait of Hormuz return to normal?,Politics,"[""International""]",open,binary,0.04,0.05,0.05,0.045,0.955,0.045,0.01,1082231.09,68101.91,494541.86,0,2026-06-08T21:00:00Z,2026-11-01T14:59:00Z,2027-01-30T15:00:00Z,,,,custom,,,,,,,,2026-09-17T17:14:34+00:00,https://kalshi.com/markets/kxhormuznorm/when-will-traffic-at-the-strait-of-hormuz-return-to-normal/kxhormuznorm-26mar17,True
kalshi,KXNBA-27-HOU,https://kalshi.com/markets/kxnba/pro-basketball-champion,Will Houston win the 2027 Pro Basketball Finals?,Houston,KXNBA-27,2027 Pro Basketball Champion,KXNBA,Pro Basketball Champion,Sports,"[""Basketball""]",open,binary,0.01,0.02,0.01,0.015,0.985,0.015,0.01,268442.1,68058,263163.1,0,2026-06-14T08:00:00Z,2029-07-30T14:00:00Z,2029-07-30T14:00:00Z,,,,structured,,,,,,,,2026-09-17T17:14:33+00:00,https://kalshi.com/markets/kxnba/pro-basketball-champion/kxnba-27,True
kalshi,KXWT20MATCH-26SEP180800CHNBAN-BAN,https://kalshi.com/markets/kxwt20match/women-s-t20-match,Bangladesh wins,Bangladesh,KXWT20MATCH-26SEP180800CHNBAN,Bangladesh vs China,KXWT20MATCH,Women's T20 Match,Sports,"[""Cricket""]",open,binary,0.5,0.51,0.51,0.505,0.495,0.505,0.01,80651.36,67987.21,40790.22,0,2026-09-11T00:10:00Z,2026-09-20T16:00:00Z,2026-09-20T16:00:00Z,,,,structured,,,,,,,,2026-09-17T17:14:06+00:00,https://kalshi.com/markets/kxwt20match/women-s-t20-match/kxwt20match-26sep180800chnban,True
polymarket,0x3be6a50ef2fae0f4e3b8f69e3f45666d8932779a1ba754ba74e1ff4bcddcb359,https://polymarket.com/event/lal-sev-bar-2026-09-19/lal-sev-bar-2026-09-19-bar,Will FC Barcelona win on 2026-09-19?,FC Barcelona,974247,Sevilla FC vs. FC Barcelona,lal-sev-bar-2026-09-19,Sevilla FC vs. FC Barcelona,,[],open,binary,0.82,0.83,0.83,0.825,0.175,0.825,0.01,90772.03136500003,67924.882845,,189655.6152,2026-09-06T06:00:19Z,2026-09-19T19:00:00Z,2026-09-19T19:00:00Z,,,,,,,,2,"[""Yes"", ""No""]","[0.825, 0.175]",70582627163113602350878402374353915138152347570140651655581807842862381713575,2026-09-17T17:13:45+00:00,,
polymarket,0xbb3df6892fccad118d31518e82ec0249189a83cf12e94a5ea6d1726272714598,https://polymarket.com/event/mlb-mil-pit-2026-09-17/mlb-mil-pit-2026-09-17-total-8pt5,Milwaukee Brewers vs. Pittsburgh Pirates: O/U 8.5,O/U 8.5,1004384,Milwaukee Brewers vs. Pittsburgh Pirates,mlb-mil-pit-2026-09-17,Milwaukee Brewers vs. Pittsburgh Pirates,,[],open,binary,0.68,0.69,0.68,0.685,0.315,0.685,0.01,67701.58356999999,67656.37986599999,,22474.2481,2026-09-16T23:28:47Z,2026-09-17T16:35:00Z,2026-09-17T16:35:00Z,,,,,,,,,"[""Over"", ""Under""]","[0.685, 0.315]",106177056724449805929655179972529333894043000675915733982667194427580103517832,2026-09-17T17:13:45+00:00,,
kalshi,KXXIUSA-26JUL07-OCT01,https://kalshi.com/markets/kxxiusa/will-xi-jinping-visit-the-usa,"Will Xi Jinping visit the United States of America before Oct 1, 2026?","Before Oct 1, 2026",KXXIUSA-26JUL07,Will Xi Jinping visit the United States?,KXXIUSA,Will Xi Jinping visit the USA?,Politics,"[""International""]",open,binary,0.95,0.96,0.96,0.955,0.045,0.955,0.01,197976.3,67462.03,137936.3,0,2026-07-07T23:00:00Z,2026-10-01T14:00:00Z,2026-10-08T14:00:00Z,,,,custom,,,,,,,,2026-09-17T17:14:30+00:00,https://kalshi.com/markets/kxxiusa/will-xi-jinping-visit-the-usa/kxxiusa-26jul07,True
polymarket,0x9eb7ac1524fdacb46ceb8758454f0004c7b117eae76e6295852643644bb862c1,https://polymarket.com/event/presidential-election-winner-2028/will-james-talarico-win-the-2028-us-presidential-election,Will James Talarico win the 2028 US Presidential Election?,James Talarico,31552,Presidential Election Winner 2028,presidential-election-winner-2028,Presidential Election Winner 2028,,[],open,binary,0.007,0.008,0.008,0.0075,0.9925,0.0075,0.001,7230087.502463998,67379.783854,,742081.55169,2025-07-11T19:06:20.546Z,2028-11-07T00:00:00Z,2028-11-07T00:00:00Z,,,,,,,,,"[""Yes"", ""No""]","[0.0075, 0.9925]",92909595831677784305960426832337551335132297174712723670055008600724483830120,2026-09-17T17:13:45+00:00,,
polymarket,0x12dc2b61723b2a54fc1947a307389b5f32038e7a29a0e936ad1fe410b969d06a,https://polymarket.com/event/ballon-dor-winner-2026/will-harry-kane-win-the-2026-ballon-dor,Will Harry Kane win the 2026 Ballon d'Or?,Harry Kane,48361,Ballon d'Or Winner 2026,ballon-dor-winner-2026,Ballon d'Or Winner 2026,,[],open,binary,0.557,0.567,0.573,0.562,0.438,0.562,0.01,4290654.085635,67287.68042099998,,97281.1449,2025-09-22T23:39:11.955028Z,2026-10-31T00:00:00Z,2026-10-31T00:00:00Z,,,,,,,,1.05,"[""Yes"", ""No""]","[0.562, 0.438]",72710166409980712002774407052535905861151156175854323762835102340552522606004,2026-09-17T17:13:45+00:00,,
polymarket,0x66e11d0cbba8959c1cd9ba02908297c805fe70239bde0c1de0b94ad2ded29a2f,https://polymarket.com/event/uefa-champions-league-2027-champion-20260701202025549/will-inter-milan-win-the-2026-27-uefa-champions-league-championship-20260701202025556,Will Inter Milan win the 2026-27 UEFA Champions League Championship?,Inter Milan,659671,UEFA Champions League: 2027 Champion,uefa-champions-league-2027-champion-20260701202025549,UEFA Champions League: 2027 Champion,,[],open,binary,0.027,0.028,0.027,0.0275,0.9725,0.0275,0.001,703099.4658019999,67076.063159,,133775.84192,2026-07-02T19:03:40.780478Z,2027-05-30T23:59:00Z,2027-05-30T23:59:00Z,,,,,,,,-0.2,"[""Yes"", ""No""]","[0.0275, 0.9725]",8116898390055979608255505229568100454663270764075234220288895903415070788054,2026-09-17T17:13:45+00:00,,
kalshi,KXSAVEACT-27-JAN04,https://kalshi.com/markets/kxsaveact/will-the-save-act-become-law,"Will ""SAVE Act"" (H.R. 22) becomes law before Jan 4, 2027?","Before Jan 4, 2027",KXSAVEACT-27,Will the SAVE Act become law?,KXSAVEACT,Will the SAVE Act become law?,Politics,"[""Congress""]",open,binary,0.031,0.035,0.031,0.033,0.967,0.033,0.004,13676496.26,67011.28,4627968.43,0,2025-03-07T15:00:00Z,2027-01-04T15:00:00Z,2027-01-04T15:00:00Z,,,,,,,,,,,,2026-09-17T17:14:47+00:00,https://kalshi.com/markets/kxsaveact/will-the-save-act-become-law/kxsaveact-27,True
kalshi,KXPGAR1LEAD-BICA26-VWHA,https://kalshi.com/markets/kxpgar1lead/pga-round-1-leader,Vince Whaley leads at the end of Round 1,Vince Whaley,KXPGAR1LEAD-BICA26,Biltmore Championship Asheville End of Round 1 Leader,KXPGAR1LEAD,PGA Round 1 Leader,Sports,"[""Golf""]",open,binary,0,0.004,0.005,0.002,0.998,0.002,0.004,73994.1,66972.52,73994.1,0,2026-09-14T00:10:00Z,2026-10-04T00:00:00Z,2026-10-04T00:00:00Z,,,,structured,,,,,,,,2026-09-17T17:14:02+00:00,https://kalshi.com/markets/kxpgar1lead/pga-round-1-leader/kxpgar1lead-bica26,True
polymarket,0xe0d9f508a249e0070db06eb7d1e1fb17eb23c963f6fb722c4c3f81e23240c1cd,https://polymarket.com/event/how-many-fed-rate-cuts-in-2026/will-2-fed-rate-cuts-happen-in-2026,Will 2 Fed rate cuts happen in 2026?,2 (50 bps),51456,How many Fed rate cuts in 2026?,how-many-fed-rate-cuts-in-2026,How many Fed rate cuts in 2026?,,[],open,binary,0.002,0.003,0.002,0.0025,0.9975,0.0025,0.001,3167428.392945,66299.755816,,162905.03345,2025-09-29T22:24:47.580779Z,2026-12-31T00:00:00Z,2026-12-31T00:00:00Z,,,,,,,,-0.5,"[""Yes"", ""No""]","[0.0025, 0.9975]",72535544017897924722695722172278828562733090748474862987195303914909938482758,2026-09-17T17:13:45+00:00,,
kalshi,KXMLB-26-BAL,https://kalshi.com/markets/kxmlb/world-series,Will Baltimore win the 2026 Pro Baseball Championship?,Baltimore,KXMLB-26,Pro Baseball Champion,KXMLB,World Series,Sports,"[""Baseball""]",open,binary,0.001,0.002,0.001,0.0015,0.9985,0.0015,0.001,2491732.63,66295.89,1522478.12,0,2025-12-17T15:00:00Z,2028-10-31T04:00:00Z,2028-10-31T04:00:00Z,,,,structured,,,,,,,,2026-09-17T17:14:46+00:00,https://kalshi.com/markets/kxmlb/world-series/kxmlb-26,True
polymarket,0xe300ef3e8db2845bf70756f9346ba69db2ecfa25919057ff5b71ff771cf0afc1,https://polymarket.com/event/nfl-cin-hou-2026-09-20/nfl-cin-hou-2026-09-20,Bengals vs. Texans,,827184,Bengals vs. Texans,nfl-cin-hou-2026-09-20,Bengals vs. Texans,,[],open,binary,0.41,0.42,0.41,0.415,0.585,0.415,0.01,87566.85651799999,66004.48041599999,,559684.4809,2026-08-10T12:00:44Z,2026-09-20T17:00:00Z,2026-09-20T17:00:00Z,,,,,,,,,"[""Bengals"", ""Texans""]","[0.415, 0.585]",96921573503617126500615129455417023047354912755039317870396413599639243715693,2026-09-17T17:13:45+00:00,,
polymarket,0x6ffd3d98eadf3cae0f9363aa2969246880d780f67d5f5b3747d26a32af2dd698,https://polymarket.com/event/uel-rso-bou-2026-09-17/uel-rso-bou-2026-09-17-bou,Will AFC Bournemouth win on 2026-09-17?,AFC Bournemouth,965725,Real Sociedad de Fútbol vs. AFC Bournemouth,uel-rso-bou-2026-09-17,Real Sociedad de Fútbol vs. AFC Bournemouth,,[],open,binary,0.41,0.42,0.42,0.415,0.585,0.415,0.01,68395.18495700002,65974.73689400003,,502624.701,2026-09-04T18:30:18Z,2026-09-17T19:00:00Z,2026-09-17T19:00:00Z,,,,,,,,,"[""Yes"", ""No""]","[0.415, 0.585]",17545166727829668876069069110285874747759991847705667692987357145648656774013,2026-09-17T17:13:45+00:00,,
polymarket,0x4e280b807fd6465d84cf13444bb0d298329b055c841a77cc0ba72d49e95e1591,https://polymarket.com/event/mlb-oak-tb-2026-09-17/mlb-oak-tb-2026-09-17-spread-home-1pt5,Spread: Tampa Bay Rays (-1.5),Spread -1.5,1004390,Athletics vs. Tampa Bay Rays,mlb-oak-tb-2026-09-17,Athletics vs. Tampa Bay Rays,,[],open,binary,0.52,0.53,0.53,0.525,0.475,0.525,0.01,66924.10405699999,65739.701542,,91754.8581,2026-09-16T18:29:01Z,2026-09-17T17:10:00Z,2026-09-17T17:10:00Z,,,,,,,,,"[""Tampa Bay Rays"", ""Athletics""]","[0.525, 0.475]",99623189048581502195139371932295280525716599963476721029014417540992443286193,2026-09-17T17:13:45+00:00,,
kalshi,KXNBA-27-BOS,https://kalshi.com/markets/kxnba/pro-basketball-champion,Will Boston win the 2027 Pro Basketball Finals?,Boston,KXNBA-27,2027 Pro Basketball Champion,KXNBA,Pro Basketball Champion,Sports,"[""Basketball""]",open,binary,0.04,0.05,0.05,0.045,0.955,0.045,0.01,509378.13,65713.81,446173.02,0,2026-06-14T08:00:00Z,2029-07-30T14:00:00Z,2029-07-30T14:00:00Z,,,,structured,,,,,,,,2026-09-17T17:14:33+00:00,https://kalshi.com/markets/kxnba/pro-basketball-champion/kxnba-27,True
polymarket,0x07b8fa4675bdaed962dee8483719d7453afab32ac11130aaa310928babb31152,https://polymarket.com/event/lal-bet-get-2026-09-17-more-markets/lal-bet-get-2026-09-17-total-2pt5,Real Betis Balompié vs. Getafe CF: O/U 2.5,O/U 2.5,963196,Real Betis Balompié vs. Getafe CF - More Markets,lal-bet-get-2026-09-17-more-markets,Real Betis Balompié vs. Getafe CF - More Markets,,[],open,binary,0.45,0.46,0.46,0.455,0.545,0.455,0.01,99235.133285,65533.66313399999,,64648.0156,2026-09-04T07:01:05Z,2026-09-17T17:00:00Z,2026-09-17T17:00:00Z,,,,,,,,2,"[""Over"", ""Under""]","[0.455, 0.545]",45024632121071622712143607721400181271509010879055734308196363615542721201719,2026-09-17T17:13:45+00:00,,
polymarket,0x1f2be6118486a83063777ae3cc88d2e04b8d6f84ec46fcd137596431bcb3cfc9,https://polymarket.com/event/what-price-will-bitcoin-hit-in-september-2026/will-bitcoin-dip-to-65k-in-september-2026,"Will Bitcoin dip to $65,000 in September?","↓ 65,000",946004,What price will Bitcoin hit in September?,what-price-will-bitcoin-hit-in-september-2026,What price will Bitcoin hit in September?,,[],open,binary,0.031,0.038,0.04,0.0345,0.9655,0.0345,0.007,469963.8330430001,65425.674571,,138868.19919,2026-09-01T05:07:19Z,2026-10-01T04:00:00Z,2026-10-01T04:00:00Z,,,,,,,,-7.05,"[""Yes"", ""No""]","[0.0345, 0.9655]",39452210129885373432567248526860370218350063100514381486171852534138077470688,2026-09-17T17:13:45+00:00,,
kalshi,KXPGAR1LEAD-BICA26-RHIS,https://kalshi.com/markets/kxpgar1lead/pga-round-1-leader,Ryo Hisatsune leads at the end of Round 1,Ryo Hisatsune,KXPGAR1LEAD-BICA26,Biltmore Championship Asheville End of Round 1 Leader,KXPGAR1LEAD,PGA Round 1 Leader,Sports,"[""Golf""]",open,binary,0,0.01,0.001,0.005,0.995,0.005,0.01,90116.31,65382.23,90116.31,0,2026-09-14T00:10:00Z,2026-10-04T00:00:00Z,2026-10-04T00:00:00Z,,,,structured,,,,,,,,2026-09-17T17:14:02+00:00,https://kalshi.com/markets/kxpgar1lead/pga-round-1-leader/kxpgar1lead-bica26,True
polymarket,0x48b0b0bca515f68fccf95af4793dbd0edbfec1f8ec6e8df2c0f69ba74f8c4722,https://polymarket.com/event/trump-out-as-president-before-2027/trump-out-as-president-before-2027,Trump out as President before 2027?,,73969,Trump out as President before 2027?,trump-out-as-president-before-2027,Trump out as President before 2027?,,[],open,binary,0.05,0.06,0.06,0.055,0.945,0.055,0.01,11719681.437961007,65349.384203,,316145.1031,2025-11-05T21:57:19.399255Z,2027-01-01T04:59:00Z,2027-01-01T04:59:00Z,,,,,,,,-1,"[""Yes"", ""No""]","[0.055, 0.945]",59252515735652674747158950210016502214756531287333895140318848923768750410355,2026-09-17T17:13:45+00:00,,
kalshi,KXMLBF5-26SEP171235MILPIT-PIT,https://kalshi.com/markets/kxmlbf5/first-5-innings-winner,Pittsburgh first 5 innings winner,Pittsburgh wins first 5 innings,KXMLBF5-26SEP171235MILPIT,Milwaukee vs Pittsburgh: First 5 Innings,KXMLBF5,First 5 Innings Winner,Sports,"[""Baseball""]",open,binary,0.76,0.77,0.76,0.765,0.235,0.765,0.01,66131.07,65302.61,64406.56,0,2026-09-17T02:30:00Z,2026-09-20T16:35:00Z,2026-09-20T16:35:00Z,,,,structured,,,,,,,,2026-09-17T17:13:47+00:00,https://kalshi.com/markets/kxmlbf5/first-5-innings-winner/kxmlbf5-26sep171235milpit,True
polymarket,0x747dc809fb79e1b05be09c42d6179459a58de2ef3e40f02484a4e1260f741f75,https://polymarket.com/event/will-the-us-confirm-that-aliens-exist-before-2027/will-the-us-confirm-that-aliens-exist-before-2027-789-924-249,Will the US confirm that aliens exist before 2027?,December 31,90177,Will the US confirm that aliens exist by...?,will-the-us-confirm-that-aliens-exist-before-2027,Will the US confirm that aliens exist by...?,,[],open,binary,0.038,0.039,0.039,0.0385,0.9615,0.0385,0.001,38633095.641568005,65302.041863,,587912.25957,2025-11-25T18:05:19.721Z,2027-01-01T04:59:00Z,2027-01-01T04:59:00Z,,,,,,,,-0.45,"[""Yes"", ""No""]","[0.0385, 0.9615]",107505882767731489358349912513945399560393482969656700824895970500493757150417,2026-09-17T17:13:45+00:00,,
kalshi,KXNFLMVP-27-CWIL,https://kalshi.com/markets/kxnflmvp/ap-pro-football-regular-season-mvp,Will Caleb Williams win the MVP?,Caleb Williams,KXNFLMVP-27,MVP Winner?,KXNFLMVP,AP Pro Football Regular Season MVP,Sports,"[""Football""]",open,binary,0.11,0.12,0.12,0.115,0.885,0.115,0.01,1051867.78,65279.58,937450.64,0,2026-02-08T20:30:00Z,2028-02-12T15:00:00Z,2028-02-12T15:00:00Z,,,,structured,,,,,,,,2026-09-17T17:14:44+00:00,https://kalshi.com/markets/kxnflmvp/ap-pro-football-regular-season-mvp/kxnflmvp-27,True
kalshi,KXPGATOUR-BICA26-KKIS,https://kalshi.com/markets/kxpgatour/pga-tour,Will Kevin Kisner win the Biltmore Championship Asheville?,Kevin Kisner,KXPGATOUR-BICA26,Biltmore Championship Asheville Winner,KXPGATOUR,PGA Tour,Sports,"[""Golf""]",open,binary,0,0.002,0.002,0.001,0.999,0.001,0.002,90699.2,65187.63,90699.2,0,2026-09-13T23:05:00Z,2026-10-04T00:00:00Z,2026-10-04T00:00:00Z,,,,structured,,,,,,,,2026-09-17T17:14:02+00:00,https://kalshi.com/markets/kxpgatour/pga-tour/kxpgatour-bica26,True
kalshi,KXNFLTD-26SEP17DETBUF-DETJGOFF16-1,https://kalshi.com/markets/kxnfltd/pro-football-touchdowns,Jared Goff: 1+ touchdowns,Jared Goff: 1+,KXNFLTD-26SEP17DETBUF,Detroit vs Buffalo: Touchdowns,KXNFLTD,Pro Football Touchdowns,Sports,"[""Football""]",open,binary,0.04,0.05,0.05,0.045,0.955,0.045,0.01,146844.42,64971.12,144899.7,0,2026-09-14T23:15:00Z,2026-09-20T00:15:00Z,2026-09-20T00:15:00Z,,,,greater,0.5,,,,,,,2026-09-17T17:13:56+00:00,https://kalshi.com/markets/kxnfltd/pro-football-touchdowns/kxnfltd-26sep17detbuf,True
kalshi,KXMLBHR-26SEP171310ATHTB-TBJCAMINERO13-1,https://kalshi.com/markets/kxmlbhr/pro-baseball-home-runs,Junior Caminero: 1+ home runs?,Junior Caminero: 1+,KXMLBHR-26SEP171310ATHTB,A's vs Tampa Bay: Home Runs,KXMLBHR,Pro Baseball Home Runs,Sports,"[""Baseball""]",open,binary,0.22,0.24,0.24,0.23,0.77,0.23,0.02,66277.11,64902.74,66180.44,0,2026-09-17T03:11:00Z,2026-09-20T17:10:00Z,2026-09-20T17:10:00Z,,,,greater,0.5,,,,,,,2026-09-17T17:13:47+00:00,https://kalshi.com/markets/kxmlbhr/pro-baseball-home-runs/kxmlbhr-26sep171310athtb,True
kalshi,KXNCAAF-27-LSU,https://kalshi.com/markets/kxncaaf/ncaaf-championship,Will LSU win the College Football Playoff National Championship?,LSU,KXNCAAF-27,College Football National Championship Winner,KXNCAAF,NCAAF Championship,Sports,"[""Football""]",open,binary,0.06,0.07,0.07,0.065,0.935,0.065,0.01,3184164.2,64756.35,2775483.32,0,2026-01-21T22:00:00Z,2027-02-23T04:00:00Z,2027-02-23T04:00:00Z,,,,structured,,,,,,,,2026-09-17T17:14:45+00:00,https://kalshi.com/markets/kxncaaf/ncaaf-championship/kxncaaf-27,True
kalshi,KXBALANCEPOWERCOMBO-27FEB-RD,https://kalshi.com/markets/kxbalancepowercombo/congress-balance-of-power-combo,Will House Control be Republican AND Senate Control be Democratic for Feb 2027?,"R-House, D-Senate",KXBALANCEPOWERCOMBO-27FEB,2026 Midterms: Congress Balance of Power?,KXBALANCEPOWERCOMBO,Congress balance of power combo,Elections,"[""Senate"", ""House"", ""Mixed Combos"", ""US Elections"", ""Election Combos""]",open,binary,0.012,0.013,0.012,0.0125,0.9875,0.0125,0.001,3036750.99,64717.53,2203277.69,0,2025-12-11T15:00:00Z,2027-02-01T15:00:00Z,2027-02-08T15:00:00Z,,,,custom,,,,,,,,2026-09-17T17:14:46+00:00,https://kalshi.com/markets/kxbalancepowercombo/congress-balance-of-power-combo/kxbalancepowercombo-27feb,True
kalshi,KXNFLSPREAD-26SEP17DETBUF-BUF7,https://kalshi.com/markets/kxnflspread/pro-football-spread,Buffalo wins by over 6.5 points?,Buffalo wins by over 6.5 points,KXNFLSPREAD-26SEP17DETBUF,Detroit vs Buffalo: Spread,KXNFLSPREAD,Pro Football Spread,Sports,"[""Football""]",open,binary,0.45,0.46,0.46,0.455,0.545,0.455,0.01,75153.75,64458.05,64699.86,0,2026-09-11T01:05:00Z,2026-09-20T00:15:00Z,2026-09-20T00:15:00Z,,,,greater,6.5,,,,,,,2026-09-17T17:14:06+00:00,https://kalshi.com/markets/kxnflspread/pro-football-spread/kxnflspread-26sep17detbuf,True
polymarket,0xc9edea0ed9ea7ac560b2231302e153f64a059e09c08d8ed14b496305728d0770,https://polymarket.com/event/elon-musk-of-tweets-september-11-september-18-2026/elon-musk-of-tweets-september-11-september-18-2026-180-199,"Will Elon Musk post 180-199 tweets from September 11 to September 18, 2026?",180-199,986503,"Elon Musk # tweets September 11 - September 18, 2026?",elon-musk-of-tweets-september-11-september-18-2026,"Elon Musk # tweets September 11 - September 18, 2026?",,[],open,binary,0.56,0.57,0.57,0.565,0.435,0.565,0.01,140735.81087799993,64243.037415,,10100.6385,2026-09-08T04:00:42Z,2026-09-18T16:00:00Z,2026-09-18T16:00:00Z,,,,,,,,24,"[""Yes"", ""No""]","[0.565, 0.435]",74711379555529340176668827977879596278954460052897534213403500228415372600292,2026-09-17T17:13:45+00:00,,
polymarket,0xc0fff3b5ed4d7c82647b11050d56629450902b05c1562d8476df1452ae46510a,https://polymarket.com/event/what-price-will-wti-hit-in-september-2026/will-wti-dip-to-95-in-september-2026,Will WTI Crude Oil (WTI) hit (LOW) $95 in September?,↓ $95,907966,What will WTI Crude Oil (WTI) hit in September 2026?,what-price-will-wti-hit-in-september-2026,What will WTI Crude Oil (WTI) hit in September 2026?,,[],open,binary,0.76,0.78,0.8,0.77,0.23,0.77,0.02,223069.250281,63683.21864100001,,66900.8417,2026-09-09T16:44:59Z,2026-10-01T03:59:59.999Z,2026-10-01T03:59:59.999Z,,,,,,,,12.5,"[""Yes"", ""No""]","[0.77, 0.23]",6222784785313230294327029188015606088069622624510802248578044329127504364661,2026-09-17T17:13:45+00:00,,
polymarket,0x7742a04b33fb5a5b15474a7c70f3c073922c1f471bddc66ceb01c1ffd1841829,https://polymarket.com/event/mecklenburg-vorpommern-parliamentary-election-winner/will-spd-win-the-most-seats-in-the-2026-mecklenburg-vorpommern-parliamentary-elections,Will SPD win the most seats in the 2026 Mecklenburg-Vorpommern parliamentary elections?,SPD,204566,Mecklenburg-Vorpommern Parliamentary Election Winner,mecklenburg-vorpommern-parliamentary-election-winner,Mecklenburg-Vorpommern Parliamentary Election Winner,,[],open,binary,0.22,0.23,0.22,0.225,0.775,0.225,0.01,413651.64889600006,63294.647949000006,,139107.0655,2026-02-11T20:20:18.837764Z,2026-09-20T00:00:00Z,2026-09-20T00:00:00Z,,,,,,,,1.5,"[""Yes"", ""No""]","[0.225, 0.775]",25008791305942260763315945325578111861295232893525817968684747264190717299294,2026-09-17T17:13:45+00:00,,
polymarket,0x694595d0a008f10e4701285d071e4b08407495f6f8a6bd8cbdd7de522fa9b463,https://polymarket.com/event/los-angeles-mayoral-election-117/will-nithya-raman-win-the-2026-los-angeles-mayoral-election-876,Will Nithya Raman win the 2026 Los Angeles mayoral election?,Nithya Raman,57111,Los Angeles Mayoral Election,los-angeles-mayoral-election-117,Los Angeles Mayoral Election,,[],open,binary,0.406,0.409,0.409,0.4075,0.5925,0.4075,0.003,1638171.5741329999,62925.21395599999,,127399.01252,2025-10-09T20:38:10.292Z,2026-12-31T23:59:00Z,2026-12-31T23:59:00Z,,,,,,,,4.85,"[""Yes"", ""No""]","[0.4075, 0.5925]",50292933818751585369672690878774599873941191925538325333138798248932182222864,2026-09-17T17:13:45+00:00,,
kalshi,KXNFLGAME-26SEP20PITNE-PIT,https://kalshi.com/markets/kxnflgame/professional-football-game,Pittsburgh wins,Pittsburgh,KXNFLGAME-26SEP20PITNE,PIT Steelers vs NE Patriots,KXNFLGAME,Professional Football Game,Sports,"[""Football""]",open,binary,0.32,0.33,0.33,0.325,0.675,0.325,0.01,223126.18,62541.2,203789.96,0,2026-08-25T15:33:00Z,2026-09-22T17:00:00Z,2026-09-22T17:00:00Z,,,,structured,,,,,,,,2026-09-17T17:14:18+00:00,https://kalshi.com/markets/kxnflgame/professional-football-game/kxnflgame-26sep20pitne,True
kalshi,KXPGATOUR-BICA26-AHAD,https://kalshi.com/markets/kxpgatour/pga-tour,Will Adam Hadwin win the Biltmore Championship Asheville?,Adam Hadwin,KXPGATOUR-BICA26,Biltmore Championship Asheville Winner,KXPGATOUR,PGA Tour,Sports,"[""Golf""]",open,binary,0,0.002,0.004,0.001,0.999,0.001,0.002,65964.56,62535.7,65964.56,0,2026-09-13T23:05:00Z,2026-10-04T00:00:00Z,2026-10-04T00:00:00Z,,,,structured,,,,,,,,2026-09-17T17:14:02+00:00,https://kalshi.com/markets/kxpgatour/pga-tour/kxpgatour-bica26,True
kalshi,KXNFLSPREAD-26SEP17DETBUF-BUF4,https://kalshi.com/markets/kxnflspread/pro-football-spread,Buffalo wins by over 3.5 points?,Buffalo wins by over 3.5 points,KXNFLSPREAD-26SEP17DETBUF,Detroit vs Buffalo: Spread,KXNFLSPREAD,Pro Football Spread,Sports,"[""Football""]",open,binary,0.56,0.57,0.56,0.565,0.435,0.565,0.01,100189.38,62525.54,89353.37,0,2026-09-11T01:05:00Z,2026-09-20T00:15:00Z,2026-09-20T00:15:00Z,,,,greater,3.5,,,,,,,2026-09-17T17:14:06+00:00,https://kalshi.com/markets/kxnflspread/pro-football-spread/kxnflspread-26sep17detbuf,True
polymarket,0x8c568aee3d723609d9f1722cf8e1e4add6d9caa3778532ce38f72d9763c73e92,https://polymarket.com/event/bitcoin-above-on-september-18-2026/bitcoin-above-80k-on-september-18-2026,"Will the price of Bitcoin be above $80,000 on September 18?","80,000",1005110,Bitcoin above ___ on September 18?,bitcoin-above-on-september-18-2026,Bitcoin above ___ on September 18?,,[],open,binary,0.011,0.015,0.015,0.013,0.987,0.013,0.004,87236.78284700004,62206.252280999994,,50108.92975,2026-09-11T16:00:19Z,2026-09-18T16:00:00Z,2026-09-18T16:00:00Z,,,,,,,,-3.35,"[""Yes"", ""No""]","[0.013, 0.987]",85004523817178116307342877234793085072359631638401192565637979155840327624326,2026-09-17T17:13:45+00:00,,
polymarket,0x41d3cc14bdced56abc767d1057813e05a9d6fe4b06fde38aec5b6cef637bd0d8,https://polymarket.com/event/epl-mac-sun-2026-09-20/epl-mac-sun-2026-09-20-mac,Will Manchester City FC win on 2026-09-20?,Manchester City FC,980496,Manchester City FC vs. Sunderland AFC,epl-mac-sun-2026-09-20,Manchester City FC vs. Sunderland AFC,,[],open,binary,0.75,0.76,0.75,0.755,0.245,0.755,0.01,68927.22158399997,62120.932138,,153229.2474,2026-09-07T04:00:12Z,2026-09-20T13:00:00Z,2026-09-20T13:00:00Z,,,,,,,,-1,"[""Yes"", ""No""]","[0.755, 0.245]",170341872623084525596084798433485071001245084260380563358394305600979377593,2026-09-17T17:13:45+00:00,,
polymarket,0x05297f854d3b757d5e51a1a29c7f225a80b14b2a161d6b7f9a61677da7a80ced,https://polymarket.com/event/brazil-presidential-election/will-renan-santos-win-the-2026-brazilian-presidential-election,Will Renan Santos win the 2026 Brazilian presidential election?,Renan Santos,45915,Brazil Presidential Election,brazil-presidential-election,Brazil Presidential Election,,[],open,binary,0.011,0.013,0.01,0.012,0.988,0.012,0.002,13600888.262177994,62055.605897,,416946.52603,2025-09-18T20:08:04.285Z,2026-10-04T00:00:00Z,2026-10-04T00:00:00Z,,,,,,,,-0.15,"[""Yes"", ""No""]","[0.012, 0.988]",93998891488819623915454849994768171534113749478841216025646247933473925258016,2026-09-17T17:13:45+00:00,,
kalshi,KXNFLOROTY-27-JSTRAND18,https://kalshi.com/markets/kxnfloroty/ap-pro-football-offensive-rookie-of-the-year,Will Jack Strand win the Offensive Rookie of the Year?,Jack Strand,KXNFLOROTY-27,Offensive Rookie of the Year Winner?,KXNFLOROTY,AP Pro Football Offensive Rookie of the Year,Sports,"[""Football""]",open,binary,0.01,0.02,0.02,0.015,0.985,0.015,0.01,71407.44,62031.05,71357.44,0,2026-09-15T16:30:00Z,2028-02-28T15:00:00Z,2028-02-28T15:00:00Z,,,,structured,,,,,,,,2026-09-17T17:13:54+00:00,https://kalshi.com/markets/kxnfloroty/ap-pro-football-offensive-rookie-of-the-year/kxnfloroty-27,True
kalshi,KXEFLCUPSPREAD-26SEP17MCINOR-MCI3,https://kalshi.com/markets/kxeflcupspread/efl-cup-spread,Reg Time: Manchester City wins by more than 2.5 goals?,Reg Time: Manchester City wins by more than 2.5 goals,KXEFLCUPSPREAD-26SEP17MCINOR,Manchester City vs Norwich: Regulation Time Spread,KXEFLCUPSPREAD,EFL Cup Spread,Sports,"[""Soccer""]",open,binary,0.45,0.46,0.46,0.455,0.545,0.455,0.01,63192.04,61894.66,49395.19,0,2026-09-14T19:06:00Z,2026-09-19T18:30:00Z,2026-09-19T18:30:00Z,,,,greater,2.5,,,,,,,2026-09-17T17:13:58+00:00,https://kalshi.com/markets/kxeflcupspread/efl-cup-spread/kxeflcupspread-26sep17mcinor,True
polymarket,0xb64e4e073ef1242216ceeb1971e4fc5bc9094532558e89014b240992baac0c35,https://polymarket.com/event/bank-of-japan-decision-in-september-20260616002734979/will-the-bank-of-japan-announce-no-change-at-the-september-2026-meeting-20260616223724869,Will the Bank of Japan announce no change at the September 2026 meeting?,No change,606452,Bank of Japan Decision in September?,bank-of-japan-decision-in-september-20260616002734979,Bank of Japan Decision in September?,,[],open,binary,0.002,0.003,0.004,0.0025,0.9975,0.0025,0.001,309801.08471400006,61837.090534999996,,139060.61506,2026-06-17T23:39:16.62904Z,2026-09-18T15:59:00Z,2026-09-18T15:59:00Z,,,,,,,,-0.65,"[""Yes"", ""No""]","[0.0025, 0.9975]",112431461021505836897916787462152469473019876346204991863467631318352621795701,2026-09-17T17:13:45+00:00,,
polymarket,0xc067e1192d6c9df83bf5662ca19c61966faeed19c660db5cd6159966e9f1390d,https://polymarket.com/event/nfl-det-buf-2026-09-18/nfl-det-buf-2026-09-18-spread-home-6pt5,Spread: Bills (-6.5),Spread -6.5,810546,Lions vs. Bills,nfl-det-buf-2026-09-18,Lions vs. Bills,,[],open,binary,0.46,0.47,0.46,0.465,0.535,0.465,0.01,64669.964232000006,61809.85312,,195712.742,2026-08-11T16:02:19Z,2026-09-18T00:15:00Z,2026-09-18T00:15:00Z,,,,,,,,2,"[""Bills"", ""Lions""]","[0.465, 0.535]",78876025739687215620261655529616679114295608769616969530078638604194597131209,2026-09-17T17:13:45+00:00,,
kalshi,KXBTCD-26SEP1717-T77499.99,https://kalshi.com/markets/kxbtcd/bitcoin-price-above-below,"Bitcoin price on Sep 17, 2026?","$77,500 or above",KXBTCD-26SEP1717,"BTC price on Sep 17, 2026 at 5pm EDT?",KXBTCD,Bitcoin price Above/below,Crypto,"[""Hourly"", ""BTC""]",open,binary,0.07,0.08,0.08,0.075,0.925,0.075,0.01,61655.58,61655.58,29806.44,0,2026-09-16T20:00:00Z,2026-09-17T21:00:00Z,2026-09-24T21:00:00Z,,,,greater,77499.99,,BRTI,,,,,2026-09-17T17:13:51+00:00,https://kalshi.com/markets/kxbtcd/bitcoin-price-above-below/kxbtcd-26sep1717,True
kalshi,KXITFMATCH-26SEP17FAUBAT-FAU,https://kalshi.com/markets/kxitfmatch/itf-men-s-match,Thomas Faurel wins,Thomas Faurel,KXITFMATCH-26SEP17FAUBAT,Faurel vs Batsabaken,KXITFMATCH,ITF Men's Match,Sports,"[""Tennis""]",open,binary,0.91,0.92,0.92,0.915,0.085,0.915,0.01,61550.57,61550.57,57288.99,0,2026-09-17T00:11:00Z,2026-10-01T16:00:00Z,2026-10-01T16:00:00Z,,,,structured,,,,,,,,2026-09-17T17:13:48+00:00,https://kalshi.com/markets/kxitfmatch/itf-men-s-match/kxitfmatch-26sep17faubat,True
kalshi,KXITFWMATCH-26SEP17NAHLOP-LOP,https://kalshi.com/markets/kxitfwmatch/itf-women-s-match,Paola Lopez wins,Paola Lopez,KXITFWMATCH-26SEP17NAHLOP,Nahmias Melo Rodrigues vs Lopez,KXITFWMATCH,ITF Women's Match,Sports,"[""Tennis""]",open,binary,0.63,0.65,0.64,0.64,0.36,0.64,0.02,64273.21,61399.11,49314.64,0,2026-09-16T23:41:00Z,2026-10-01T15:30:00Z,2026-10-01T15:30:00Z,,,,structured,,,,,,,,2026-09-17T17:13:48+00:00,https://kalshi.com/markets/kxitfwmatch/itf-women-s-match/kxitfwmatch-26sep17nahlop,True
kalshi,KXDPWORLDTOUR-BMPC26-TFLE,https://kalshi.com/markets/kxdpworldtour/dp-world-tour-tournament-winner,Will Tommy Fleetwood win the BMW PGA Championship?,Tommy Fleetwood,KXDPWORLDTOUR-BMPC26,BMW PGA Championship Winner,KXDPWORLDTOUR,DP World Tour Tournament Winner,Sports,"[""Golf""]",open,binary,0.009,0.011,0.009,0.01,0.99,0.01,0.002,145170.09,61191.3,134841.4,0,2026-09-12T12:00:00Z,2026-10-04T00:00:00Z,2026-10-04T00:00:00Z,,,,structured,,,,,,,,2026-09-17T17:14:05+00:00,https://kalshi.com/markets/kxdpworldtour/dp-world-tour-tournament-winner/kxdpworldtour-bmpc26,True
polymarket,0x27ee6e757b41e70f00e62ffd90596473d904527b1bb703ad67b484a0b5c357d5,https://polymarket.com/event/mlb-lad-cin-2026-09-17/mlb-lad-cin-2026-09-17-spread-away-1pt5,Spread: Los Angeles Dodgers (-1.5),Spread -1.5,1004387,Los Angeles Dodgers vs. Cincinnati Reds,mlb-lad-cin-2026-09-17,Los Angeles Dodgers vs. Cincinnati Reds,,[],open,binary,0.68,0.7,0.5,0.69,0.31,0.69,0.02,61067.79451199999,61067.79451200001,,22237.6061,2026-09-16T23:28:55Z,2026-09-17T16:40:00Z,2026-09-17T16:40:00Z,,,,,,,,,"[""Los Angeles Dodgers"", ""Cincinnati Reds""]","[0.69, 0.31]",8881388645784157019450389244774137797865981365997995935024036933250458079709,2026-09-17T17:13:45+00:00,,
polymarket,0x553d342c2e6e3ce19b764812a9a5c97fe24a963fad2e4b8d03bbc4f88726a2a6,https://polymarket.com/event/nfl-det-buf-2026-09-18/nfl-det-buf-2026-09-18-spread-home-3pt5,Spread: Bills (-3.5),Spread -3.5,810546,Lions vs. Bills,nfl-det-buf-2026-09-18,Lions vs. Bills,,[],open,binary,0.56,0.57,0.57,0.565,0.435,0.565,0.01,69605.95201899999,60982.55628,,1368329.4011,2026-08-11T16:02:18Z,2026-09-18T00:15:00Z,2026-09-18T00:15:00Z,,,,,,,,1,"[""Bills"", ""Lions""]","[0.565, 0.435]",23010415766228788436016861699416051529364184293477700460942900159052135308466,2026-09-17T17:13:45+00:00,,
kalshi,KXSB-27-CHI,https://kalshi.com/markets/kxsb/super-bowl,Will Chicago win the 2027 Pro Football Championship?,Chicago,KXSB-27,2027 Pro Football Champion,KXSB,Super Bowl,Sports,"[""Football""]",open,binary,0.04,0.05,0.05,0.045,0.955,0.045,0.01,5705983.46,60748.18,4887025.36,0,2026-02-08T20:00:00Z,2029-02-13T23:30:00Z,2029-02-13T23:30:00Z,,,,structured,,,,,,,,2026-09-17T17:14:44+00:00,https://kalshi.com/markets/kxsb/super-bowl/kxsb-27,True
polymarket,0xde1f5d1a53413c168544c5aeb8390f272b93d7a539de644d1985cb6f1e2bad22,https://polymarket.com/event/efl-mnc-nor-2026-09-17/efl-mnc-nor-2026-09-17-draw,Will Manchester City FC vs. Norwich City FC end in a draw?,Draw (Manchester City FC vs. Norwich City FC),962580,Manchester City FC vs. Norwich City FC,efl-mnc-nor-2026-09-17,Manchester City FC vs. Norwich City FC,,[],open,binary,0.08,0.09,0.09,0.085,0.915,0.085,0.01,61056.73188899999,60715.85078,,211265.4565,2026-09-04T04:00:16Z,2026-09-17T18:30:00Z,2026-09-17T18:30:00Z,,,,,,,,-1,"[""Yes"", ""No""]","[0.085, 0.915]",76786183395318796060470317429586370422316083640980965712272813232093313027007,2026-09-17T17:13:45+00:00,,
kalshi,KXNCAAFGAME-26SEP18HOUTTU-HOU,https://kalshi.com/markets/kxncaafgame/college-football-game,Will Houston win the Houston vs Texas Tech college football game?,Houston,KXNCAAFGAME-26SEP18HOUTTU,Houston vs Texas Tech,KXNCAAFGAME,College Football Game,Sports,"[""Football""]",open,binary,0.26,0.27,0.27,0.265,0.735,0.265,0.01,189550.66,60533.27,158100.17,0,2026-05-20T19:09:00Z,2026-09-21T00:00:00Z,2026-09-21T00:00:00Z,,,,structured,,,,,,,,2026-09-17T17:14:35+00:00,https://kalshi.com/markets/kxncaafgame/college-football-game/kxncaafgame-26sep18houttu,True
kalshi,KXITFMATCH-26SEP17PINSVE-PIN,https://kalshi.com/markets/kxitfmatch/itf-men-s-match,Lucca Pinto wins,Lucca Pinto,KXITFMATCH-26SEP17PINSVE,Pinto vs Sverzut Corsini,KXITFMATCH,ITF Men's Match,Sports,"[""Tennis""]",open,binary,0.69,0.72,0.73,0.705,0.295,0.705,0.03,60415.39,60415.39,60415.39,0,2026-09-17T02:11:00Z,2026-10-01T18:00:00Z,2026-10-01T18:00:00Z,,,,structured,,,,,,,,2026-09-17T17:13:47+00:00,https://kalshi.com/markets/kxitfmatch/itf-men-s-match/kxitfmatch-26sep17pinsve,True
polymarket,0x7068f6ff5769fbf33474fc99c236ffe0317760e74eb381a575a90528cbfb3f43,https://polymarket.com/event/cfb-ncst-vand-2026-09-19/cfb-ncst-vand-2026-09-19,NC State vs. Vanderbilt,,985300,NC State vs. Vanderbilt,cfb-ncst-vand-2026-09-19,NC State vs. Vanderbilt,,[],open,binary,0.39,0.4,0.39,0.395,0.605,0.395,0.01,76442.000665,60050.299438,,52996.6303,2026-09-07T22:01:35Z,2026-09-19T16:45:00Z,2026-09-19T16:45:00Z,,,,,,,,2,"[""NC State"", ""Vanderbilt""]","[0.395, 0.605]",75625962851639102983106666387743308845248346090795534409545058326273930904468,2026-09-17T17:13:45+00:00,,
kalshi,KXSB-27-NYG,https://kalshi.com/markets/kxsb/super-bowl,Will New York G win the 2027 Pro Football Championship?,New York G,KXSB-27,2027 Pro Football Champion,KXSB,Super Bowl,Sports,"[""Football""]",open,binary,0.02,0.03,0.03,0.025,0.975,0.025,0.01,5114744.96,60018.39,4661533.27,0,2026-02-08T20:00:00Z,2029-02-13T23:30:00Z,2029-02-13T23:30:00Z,,,,structured,,,,,,,,2026-09-17T17:14:44+00:00,https://kalshi.com/markets/kxsb/super-bowl/kxsb-27,True
kalshi,KXCS2GAME-26SEP171000ENCEHON-ENCE,https://kalshi.com/markets/kxcs2game/counter-strike-2-game,ENCE wins,ENCE,KXCS2GAME-26SEP171000ENCEHON,ENCE vs. Honvéd,KXCS2GAME,Counter-Strike 2 Game,Sports,"[""Esports""]",open,binary,0.99,1,0.99,0.995,0.005,0.995,0.01,59980.71,59772.61,32018.44,0,2026-09-16T22:15:00Z,2026-09-19T14:00:00Z,2026-09-19T14:00:00Z,,,,structured,,,,,,,,2026-09-17T17:13:48+00:00,https://kalshi.com/markets/kxcs2game/counter-strike-2-game/kxcs2game-26sep171000encehon,True
polymarket,0xcef612d525e93b637d04a83ac79693de16fbf133b4052a6d843664b76d834e0a,https://polymarket.com/event/bitcoin-above-on-september-18-2026/bitcoin-above-84k-on-september-18-2026,"Will the price of Bitcoin be above $84,000 on September 18?","84,000",1005110,Bitcoin above ___ on September 18?,bitcoin-above-on-september-18-2026,Bitcoin above ___ on September 18?,,[],open,binary,0.001,0.002,0.002,0.0015,0.9985,0.0015,0.001,81568.25449000004,59265.606524,,50413.42488,2026-09-11T16:00:17Z,2026-09-18T16:00:00Z,2026-09-18T16:00:00Z,,,,,,,,-1.2,"[""Yes"", ""No""]","[0.0015, 0.9985]",102257813957288175138033660401664486182373686655121395566976367260033555827002,2026-09-17T17:13:45+00:00,,
kalshi,KXPGAR1LEAD-BICA26-LGLO,https://kalshi.com/markets/kxpgar1lead/pga-round-1-leader,Lucas Glover leads at the end of Round 1,Lucas Glover,KXPGAR1LEAD-BICA26,Biltmore Championship Asheville End of Round 1 Leader,KXPGAR1LEAD,PGA Round 1 Leader,Sports,"[""Golf""]",open,binary,0,0.003,0.001,0.0015,0.9985,0.0015,0.003,72278.66,59210.63,72278.66,0,2026-09-14T00:10:00Z,2026-10-04T00:00:00Z,2026-10-04T00:00:00Z,,,,structured,,,,,,,,2026-09-17T17:14:02+00:00,https://kalshi.com/markets/kxpgar1lead/pga-round-1-leader/kxpgar1lead-bica26,True
kalshi,KXNCAAFSPREAD-26SEP19LSUMISS-LSU3,https://kalshi.com/markets/kxncaafspread/college-football-spread,LSU wins by over 2.5 points,LSU wins by over 2.5 points,KXNCAAFSPREAD-26SEP19LSUMISS,LSU vs Ole Miss: Spread,KXNCAAFSPREAD,College Football Spread,Sports,"[""Football""]",open,binary,0.5,0.51,0.5,0.505,0.495,0.505,0.01,129615.86,59139.68,104329.45,0,2026-09-13T04:06:00Z,2026-09-21T23:30:00Z,2026-09-21T23:30:00Z,,,,greater,2.5,,,,,,,2026-09-17T17:14:04+00:00,https://kalshi.com/markets/kxncaafspread/college-football-spread/kxncaafspread-26sep19lsumiss,True
polymarket,0xd4e77ba6f29fc093509d24f508631abd445ecf506bbdc9c4c80e60256a318527,https://polymarket.com/event/how-many-fed-rate-cuts-in-2026/will-no-fed-rate-cuts-happen-in-2026,Will no Fed rate cuts happen in 2026?,0 (0 bps),51456,How many Fed rate cuts in 2026?,how-many-fed-rate-cuts-in-2026,How many Fed rate cuts in 2026?,,[],open,binary,0.953,0.954,0.953,0.9535,0.0465,0.9535,0.001,8424403.264278,59031.20536,,126888.0883,2025-09-29T22:24:45.988997Z,2026-12-31T00:00:00Z,2026-12-31T00:00:00Z,,,,,,,,2.1,"[""Yes"", ""No""]","[0.9535, 0.0465]",12403602920039269077597917340921667997547115084613238528792639013246536343316,2026-09-17T17:13:45+00:00,,
kalshi,KXNFLREC-26SEP17DETBUF-DETITESLAA18-2,https://kalshi.com/markets/kxnflrec/pro-football-player-receptions,Isaac TeSlaa: 2+ receptions,Isaac TeSlaa: 2+,KXNFLREC-26SEP17DETBUF,Detroit vs Buffalo: Receptions,KXNFLREC,Pro Football Player Receptions,Sports,"[""Football""]",open,binary,0.51,0.52,0.51,0.515,0.485,0.515,0.01,66020.6,58659.84,64704.51,0,2026-09-15T13:15:00Z,2026-09-20T00:15:00Z,2026-09-20T00:15:00Z,,,,greater,1.5,,,,,,,2026-09-17T17:13:55+00:00,https://kalshi.com/markets/kxnflrec/pro-football-player-receptions/kxnflrec-26sep17detbuf,True
kalshi,KXMLBOUTS-26SEP171240LADCIN-LADJWROBLESKI70-15,https://kalshi.com/markets/kxmlbouts/pro-baseball-outs-recorded,Justin Wrobleski: 15+ Outs Recorded?,Justin Wrobleski: 15+,KXMLBOUTS-26SEP171240LADCIN,Los Angeles D vs Cincinnati: Outs Recorded,KXMLBOUTS,Pro Baseball Outs Recorded,Sports,"[""Baseball""]",open,binary,0.22,0.23,0.23,0.225,0.775,0.225,0.01,58715.11,58632.61,39562.3,0,2026-09-17T03:55:00Z,2026-09-20T16:40:00Z,2026-09-20T16:40:00Z,,,,greater,14.5,,,,,,,2026-09-17T17:13:47+00:00,https://kalshi.com/markets/kxmlbouts/pro-baseball-outs-recorded/kxmlbouts-26sep171240ladcin,True
polymarket,0x536b507838dcdac8966510d84abb8f1c51362d632ab2023b94e810ba6fdf5cb7,https://polymarket.com/event/brazil-presidential-election/will-augusto-cury-win-the-2026-brazilian-presidential-election,Will Augusto Cury win the 2026 Brazilian presidential election?,Augusto Cury,45915,Brazil Presidential Election,brazil-presidential-election,Brazil Presidential Election,,[],open,binary,0.001,0.002,0.002,0.0015,0.9985,0.0015,0.001,4967223.492450004,58523.778,,371142.6136,2025-09-18T20:08:19.443427Z,2026-10-04T00:00:00Z,2026-10-04T00:00:00Z,,,,,,,,-0.1,"[""Yes"", ""No""]","[0.0015, 0.9985]",61078489744701316174218443335134825688547680779921710765642429680039972907213,2026-09-17T17:13:45+00:00,,
polymarket,0x967c7742cdf23f843b4aca4ca36abd466e30f93b355c943adfee8221f7ef4b7f,https://polymarket.com/event/elon-musk-of-tweets-september-11-september-18-2026/elon-musk-of-tweets-september-11-september-18-2026-240-259,"Will Elon Musk post 240-259 tweets from September 11 to September 18, 2026?",240-259,986503,"Elon Musk # tweets September 11 - September 18, 2026?",elon-musk-of-tweets-september-11-september-18-2026,"Elon Musk # tweets September 11 - September 18, 2026?",,[],open,binary,0.006,0.008,0.006,0.007,0.993,0.007,0.002,111486.72524000003,58258.681900999996,,21630.21923,2026-09-08T04:00:42Z,2026-09-18T16:00:00Z,2026-09-18T16:00:00Z,,,,,,,,-2.85,"[""Yes"", ""No""]","[0.007, 0.993]",33364059134809173975265840974732279039383921340591487795107174696294347964701,2026-09-17T17:13:45+00:00,,
kalshi,KXPGAR1LEAD-BICA26-RBRE,https://kalshi.com/markets/kxpgar1lead/pga-round-1-leader,Ryan Brehm leads at the end of Round 1,Ryan Brehm,KXPGAR1LEAD-BICA26,Biltmore Championship Asheville End of Round 1 Leader,KXPGAR1LEAD,PGA Round 1 Leader,Sports,"[""Golf""]",open,binary,0,0.001,0.001,0.0005,0.9995,0.0005,0.001,66352.08,58244.81,59770.46,0,2026-09-14T00:10:00Z,2026-10-04T00:00:00Z,2026-10-04T00:00:00Z,,,,structured,,,,,,,,2026-09-17T17:14:02+00:00,https://kalshi.com/markets/kxpgar1lead/pga-round-1-leader/kxpgar1lead-bica26,True
polymarket,0xaa945c2a9a2d7870ca1f3c6b6615a32c01557b822e24f0044cf86abf798cc88d,https://polymarket.com/event/who-will-trump-publicly-insult-by-september-30-2026/will-donald-trump-publicly-insult-kevin-warsh-by-september-30-2026,"Will Donald Trump publicly insult Kevin Warsh by September 30, 2026?",Kevin Warsh,956177,Who will Trump publicly insult by September 30?,who-will-trump-publicly-insult-by-september-30-2026,Who will Trump publicly insult by September 30?,,[],open,binary,0.07,0.09,0.08,0.08,0.92,0.08,0.02,73048.570061,58120.55518400001,,6839.4458,2026-09-02T21:15:52Z,2026-09-30T23:59:00Z,2026-09-30T23:59:00Z,,,,,,,,-22,"[""Yes"", ""No""]","[0.08, 0.92]",52001199618505379872758921003163034683730029758005646660847290868816448166356,2026-09-17T17:13:45+00:00,,
kalshi,KXSB-27-JAC,https://kalshi.com/markets/kxsb/super-bowl,Will Jacksonville win the 2027 Pro Football Championship?,Jacksonville,KXSB-27,2027 Pro Football Champion,KXSB,Super Bowl,Sports,"[""Football""]",open,binary,0.03,0.04,0.04,0.035,0.965,0.035,0.01,2942809.81,57948.88,2685534.61,0,2026-02-08T20:00:00Z,2029-02-13T23:30:00Z,2029-02-13T23:30:00Z,,,,structured,,,,,,,,2026-09-17T17:14:44+00:00,https://kalshi.com/markets/kxsb/super-bowl/kxsb-27,True
kalshi,KXPGATOUR-BICA26-BMAR,https://kalshi.com/markets/kxpgatour/pga-tour,Will Ben Martin win the Biltmore Championship Asheville?,Ben Martin,KXPGATOUR-BICA26,Biltmore Championship Asheville Winner,KXPGATOUR,PGA Tour,Sports,"[""Golf""]",open,binary,0,0.003,0.002,0.0015,0.9985,0.0015,0.003,190402.83,57605.01,185402.83,0,2026-09-13T23:05:00Z,2026-10-04T00:00:00Z,2026-10-04T00:00:00Z,,,,structured,,,,,,,,2026-09-17T17:14:02+00:00,https://kalshi.com/markets/kxpgatour/pga-tour/kxpgatour-bica26,True
kalshi,KXUELGAME-26SEP17CELFTC-CEL,https://kalshi.com/markets/kxuelgame/uefa-europa-league-game,Celtic wins,Celtic,KXUELGAME-26SEP17CELFTC,Celtic vs Ferencvarosi,KXUELGAME,UEFA Europa League Game,Sports,"[""Soccer""]",open,binary,0.57,0.58,0.58,0.575,0.425,0.575,0.01,60304.23,57569.82,57865.49,0,2026-09-03T00:39:00Z,2026-09-20T01:00:00Z,2026-09-20T01:00:00Z,,,,structured,,,,,,,,2026-09-17T17:14:14+00:00,https://kalshi.com/markets/kxuelgame/uefa-europa-league-game/kxuelgame-26sep17celftc,True
kalshi,KXBTC2026200-27JAN01-200000,https://kalshi.com/markets/kxbtc2026200/will-bitcoin-hit-200k-in-2026,"Will Bitcoin be above $200000 by Jan 1, 2027 at 11:59PM ET?",Above $200000,KXBTC2026200-27JAN01,Will Bitcoin be above $200k by 2027?,KXBTC2026200,Will Bitcoin hit 200k in 2026? ,Crypto,"[""BTC""]",open,binary,0.02,0.03,0.03,0.025,0.975,0.025,0.01,8945818.34,57538.41,3633624.46,0,2025-10-10T14:00:00Z,2027-01-01T05:00:00Z,2027-01-31T05:00:00Z,,,,greater,200000,,,,,,,2026-09-17T17:14:47+00:00,https://kalshi.com/markets/kxbtc2026200/will-bitcoin-hit-200k-in-2026/kxbtc2026200-27jan01,True
polymarket,0xdf011a255635e3cb1fa453255eed2a17de90ce426754f067425da0df9b576a97,https://polymarket.com/event/atp-mannari-bobicho-2026-09-17/atp-mannari-bobicho-2026-09-17,Rennes: Adrian Mannarino vs Matisse Bobichon,,1030436,Rennes: Adrian Mannarino vs Matisse Bobichon,atp-mannari-bobicho-2026-09-17,Rennes: Adrian Mannarino vs Matisse Bobichon,,[],open,binary,0.53,0.54,0.55,0.535,0.465,0.535,0.01,76623.90203700002,57496.03795299999,,124387.0191,2026-09-15T23:05:44Z,2026-09-24T08:00:00Z,2026-09-24T08:00:00Z,,,,,,,,-25,"[""Adrian Mannarino"", ""Matisse Bobichon""]","[0.535, 0.465]",110193261424319409952011050663981459143749727545923384003044150158456844695488,2026-09-17T17:13:45+00:00,,
kalshi,KXLALIGAGAME-26SEP20ATMRMA-RMA,https://kalshi.com/markets/kxlaligagame/la-liga-game,Real Madrid wins,Real Madrid,KXLALIGAGAME-26SEP20ATMRMA,Atletico vs Real Madrid,KXLALIGAGAME,La Liga Game,Sports,"[""Soccer""]",open,binary,0.5,0.51,0.51,0.505,0.495,0.505,0.01,133816.58,57472.2,112395.82,0,2026-09-06T00:37:00Z,2026-09-22T20:15:00Z,2026-09-22T20:15:00Z,,,,structured,,,,,,,,2026-09-17T17:14:13+00:00,https://kalshi.com/markets/kxlaligagame/la-liga-game/kxlaligagame-26sep20atmrma,True
kalshi,KXPGATOUR-BICA26-KHIR,https://kalshi.com/markets/kxpgatour/pga-tour,Will Kensei Hirata win the Biltmore Championship Asheville?,Kensei Hirata,KXPGATOUR-BICA26,Biltmore Championship Asheville Winner,KXPGATOUR,PGA Tour,Sports,"[""Golf""]",open,binary,0,0.001,0.001,0.0005,0.9995,0.0005,0.001,275222.69,57466.67,262362.69,0,2026-09-13T23:05:00Z,2026-10-04T00:00:00Z,2026-10-04T00:00:00Z,,,,structured,,,,,,,,2026-09-17T17:14:02+00:00,https://kalshi.com/markets/kxpgatour/pga-tour/kxpgatour-bica26,True
polymarket,0xd8659b58a90d0d69fb1170f25b2b896871a1328115fd11c6f4cfe2b01a2a8ba0,https://polymarket.com/event/bab-el-mandeb-strait-effectively-closed-by/bab-el-mandeb-strait-effectively-closed-by-december-31-983-117-222-252,Bab el-Mandeb Strait effectively closed by December 31?,December 31,276527,Bab el-Mandeb Strait effectively closed by...?,bab-el-mandeb-strait-effectively-closed-by,Bab el-Mandeb Strait effectively closed by...?,,[],open,binary,0.2,0.21,0.2,0.205,0.795,0.205,0.01,874060.2205509999,57318.973512000004,,96391.5972,2026-07-09T00:29:19.976Z,2027-01-01T04:59:00Z,2027-01-01T04:59:00Z,,,,,,,,-3,"[""Yes"", ""No""]","[0.205, 0.795]",43976511902268111041633866799555037330317427315454056847054364885183934986197,2026-09-17T17:13:45+00:00,,
kalshi,KXDPWORLDTOURR1LEAD-BMPC26-ARAI,https://kalshi.com/markets/kxdpworldtourr1lead/dp-world-tour-r1-leader,Aaron Rai leads at the end of Round 1,Aaron Rai,KXDPWORLDTOURR1LEAD-BMPC26,BMW PGA Championship End of Round 1 Leader,KXDPWORLDTOURR1LEAD,DP World Tour R1 Leader,Sports,"[""Golf""]",open,binary,0.43,0.48,0.48,0.455,0.545,0.455,0.05,75199.38,57113.96,57448.95,0,2026-09-14T00:10:00Z,2026-10-04T00:00:00Z,2026-10-04T00:00:00Z,,,,structured,,,,,,,,2026-09-17T17:14:02+00:00,https://kalshi.com/markets/kxdpworldtourr1lead/dp-world-tour-r1-leader/kxdpworldtourr1lead-bmpc26,True
polymarket,0xcee04ba47d02f6c64642369b34193c355f64de1b9ae425c71ea4efef1989d271,https://polymarket.com/event/us-announces-end-of-iranian-blockade-byptptpt-20260713152715080/us-announces-end-of-iranian-blockade-by-october-31-2026-20260727171711632-895-372-622-413-171-454-592-696,"US announces end of Iranian blockade by October 31, 2026?",October 31,699735,US announces end of Iranian blockade by...?,us-announces-end-of-iranian-blockade-byptptpt-20260713152715080,US announces end of Iranian blockade by...?,,[],open,binary,0.33,0.34,0.33,0.335,0.665,0.335,0.01,1343485.141217,57096.618387,,114333.8091,2026-07-27T17:53:09.219Z,2026-11-01T03:59:00Z,2026-11-01T03:59:00Z,,,,,,,,-3.5,"[""Yes"", ""No""]","[0.335, 0.665]",87712920673252297509200151045391015262449055764880659907762503287643101055970,2026-09-17T17:13:45+00:00,,
kalshi,KXPGATOUR-BICA26-DRIL,https://kalshi.com/markets/kxpgatour/pga-tour,Will Davis Riley win the Biltmore Championship Asheville?,Davis Riley,KXPGATOUR-BICA26,Biltmore Championship Asheville Winner,KXPGATOUR,PGA Tour,Sports,"[""Golf""]",open,binary,0.002,0.005,0.005,0.0035,0.9965,0.0035,0.003,274782.57,56824.46,206782.57,0,2026-09-13T23:05:00Z,2026-10-04T00:00:00Z,2026-10-04T00:00:00Z,,,,structured,,,,,,,,2026-09-17T17:14:02+00:00,https://kalshi.com/markets/kxpgatour/pga-tour/kxpgatour-bica26,True
kalshi,KXMLBTOTAL-26SEP171510SDCOL-11,https://kalshi.com/markets/kxmlbtotal/pro-baseball-total-points,Over 10.5 runs scored,Over 10.5 runs scored,KXMLBTOTAL-26SEP171510SDCOL,San Diego vs Colorado: Total Runs,KXMLBTOTAL,Pro Baseball Total Points,Sports,"[""Baseball""]",open,binary,0.51,0.52,0.52,0.515,0.485,0.515,0.01,56627.2,56623.2,49252.89,0,2026-09-16T18:50:00Z,2026-09-20T19:10:00Z,2026-09-20T19:10:00Z,,,,greater,10.5,,,,,,,2026-09-17T17:13:49+00:00,https://kalshi.com/markets/kxmlbtotal/pro-baseball-total-points/kxmlbtotal-26sep171510sdcol,True
kalshi,KXMLBF5-26SEP171240LADCIN-LAD,https://kalshi.com/markets/kxmlbf5/first-5-innings-winner,Los Angeles D first 5 innings winner,Los Angeles D wins first 5 innings,KXMLBF5-26SEP171240LADCIN,Los Angeles D vs Cincinnati: First 5 Innings,KXMLBF5,First 5 Innings Winner,Sports,"[""Baseball""]",open,binary,0.89,0.93,0.93,0.91,0.09,0.91,0.04,61557.82,56623.16,51704.27,0,2026-09-17T00:50:00Z,2026-09-20T16:40:00Z,2026-09-20T16:40:00Z,,,,structured,,,,,,,,2026-09-17T17:13:47+00:00,https://kalshi.com/markets/kxmlbf5/first-5-innings-winner/kxmlbf5-26sep171240ladcin,True
polymarket,0x57d0b5bc9b8ba9a19153d17b123cfd70bc6644f60fdd3539c5de6442f39a880f,https://polymarket.com/event/lal-bet-get-2026-09-17/lal-bet-get-2026-09-17-draw,Will Real Betis Balompié vs. Getafe CF end in a draw?,Draw (Real Betis Balompié vs. Getafe CF),963032,Real Betis Balompié vs. Getafe CF,lal-bet-get-2026-09-17,Real Betis Balompié vs. Getafe CF,,[],open,binary,0.23,0.24,0.23,0.235,0.765,0.235,0.01,58352.724440999984,56509.967614000016,,110394.1817,2026-09-04T06:00:14Z,2026-09-17T17:00:00Z,2026-09-17T17:00:00Z,,,,,,,,-2,"[""Yes"", ""No""]","[0.235, 0.765]",113432427021402914716207558744183321818116968726863373889721447973003555566754,2026-09-17T17:13:45+00:00,,
kalshi,KXPRESNOMD-28-HBID,https://kalshi.com/markets/kxpresnomd/democratic-primary-winner,Will Hunter Biden be the Democratic Presidential nominee in 2028?,Hunter Biden,KXPRESNOMD-28,2028 Democratic presidential nominee,KXPRESNOMD,Democratic Primary winner,Elections,"[""2028"", ""US Elections""]",open,binary,0.003,0.004,0.004,0.0035,0.9965,0.0035,0.001,8020743.32,56459.99,3961016.13,0,2025-07-23T21:10:00Z,2028-11-07T15:00:00Z,2028-11-07T15:00:00Z,,,,custom,,,,,,,,2026-09-17T17:14:47+00:00,https://kalshi.com/markets/kxpresnomd/democratic-primary-winner/kxpresnomd-28,True
polymarket,0x307a1ed89d60b61002dd5bbf00e1408c5ed2ab3fcdb056191ca7ef9bc34d38f3,https://polymarket.com/event/which-party-will-win-the-senate-in-2026/will-the-democratic-party-control-the-senate-after-the-2026-midterm-elections,Will the Democratic Party control the Senate after the 2026 Midterm elections?,Democratic Party,32224,Which party will win the Senate in 2026?,which-party-will-win-the-senate-in-2026,Which party will win the Senate in 2026?,,[],open,binary,0.59,0.6,0.6,0.595,0.405,0.595,0.01,2762422.5898449994,56098.193057,,310104.7995,2025-07-11T19:48:59.128Z,2026-11-03T00:00:00Z,2026-11-03T00:00:00Z,,,,,,,,1,"[""Yes"", ""No""]","[0.595, 0.405]",113287701564209339913693347405685749986285999146352375265161592243948562084773,2026-09-17T17:13:45+00:00,,
polymarket,0x5905f53c0163447a47a73e0533cc5a2e570e3c24c66809d12eec514f1056a90f,https://polymarket.com/event/uel-rso-bou-2026-09-17-total-corners/uel-rso-bou-2026-09-17-corners-total-10pt5,Real Sociedad de Fútbol vs. AFC Bournemouth: O/U 10.5 Total Corners,Total Corners: O/U 10.5,965797,Real Sociedad de Fútbol vs. AFC Bournemouth - Total Corners,uel-rso-bou-2026-09-17-total-corners,Real Sociedad de Fútbol vs. AFC Bournemouth - Total Corners,,[],open,binary,0.45,0.46,0.46,0.455,0.545,0.455,0.01,55811.870947,55811.87094700001,,30321.4474,2026-09-04T18:34:47Z,2026-09-17T19:00:00Z,2026-09-17T19:00:00Z,,,,,,,,-2.5,"[""Over"", ""Under""]","[0.455, 0.545]",106119192059805716400313108827080621852341864408156066666665666534736935357897,2026-09-17T17:13:45+00:00,,
kalshi,KXHOUSERACE-NY01-26-D,https://kalshi.com/markets/kxhouserace/house-race-winner,Will Democratic win the House race for NY-01?,Chris Gallant,KXHOUSERACE-NY01-26,NY-01 House winner?,KXHOUSERACE,House Race Winner?,Elections,"[""House"", ""US Elections""]",open,binary,0.21,0.23,0.21,0.22,0.78,0.22,0.02,74877.82,55802.81,59937.91,0,2026-01-07T01:09:00Z,2027-11-03T15:00:00Z,2027-11-03T15:00:00Z,,,,structured,,,,,,,,2026-09-17T17:14:45+00:00,https://kalshi.com/markets/kxhouserace/house-race-winner/kxhouserace-ny01-26,True
polymarket,0x7586a96520578acaaaa4ea84a2582f197f84255da1f3392a7aa300386c187b37,https://polymarket.com/event/who-will-be-the-next-prime-minister-of-israel-after-the-next-election/will-benjamin-netanyahu-be-the-next-prime-minister-of-israel,Will Benjamin Netanyahu be the next Prime Minister of Israel?,Benjamin Netanyahu,81557,Prime Minister of Israel after the next election?,who-will-be-the-next-prime-minister-of-israel-after-the-next-election,Prime Minister of Israel after the next election?,,[],open,binary,0.3,0.31,0.31,0.305,0.695,0.305,0.01,3983895.700716999,55775.82397700001,,244177.2772,2025-11-15T00:27:02.243822Z,2026-12-31T00:00:00Z,2026-12-31T00:00:00Z,,,,,,,,1,"[""Yes"", ""No""]","[0.305, 0.695]",20006732765674855733524007935991362439352594042415161039767275461950712817548,2026-09-17T17:13:45+00:00,,
kalshi,KXRATECUTCOUNT-26DEC31-T15,https://kalshi.com/markets/kxratecutcount/number-of-rate-cuts,Will the Fed cut rates 15 times?,Exactly 15 cuts,KXRATECUTCOUNT-26DEC31,Number of rate cuts in 2026?,KXRATECUTCOUNT,Number of rate cuts,Economics,"[""Fed""]",open,binary,0,0.004,0.001,0.002,0.998,0.002,0.004,317965.8,55684.09,314953.8,0,2025-09-29T14:00:00Z,2027-01-01T04:59:00Z,2027-01-01T15:00:00Z,,,,between,15,15,,,,,,2026-09-17T17:14:47+00:00,https://kalshi.com/markets/kxratecutcount/number-of-rate-cuts/kxratecutcount-26dec31,True
kalshi,KXSB-27-BUF,https://kalshi.com/markets/kxsb/super-bowl,Will Buffalo win the 2027 Pro Football Championship?,Buffalo,KXSB-27,2027 Pro Football Champion,KXSB,Super Bowl,Sports,"[""Football""]",open,binary,0.09,0.1,0.1,0.095,0.905,0.095,0.01,6160986.25,55584.48,4248450.42,0,2026-02-08T20:00:00Z,2029-02-13T23:30:00Z,2029-02-13T23:30:00Z,,,,structured,,,,,,,,2026-09-17T17:14:44+00:00,https://kalshi.com/markets/kxsb/super-bowl/kxsb-27,True
kalshi,KXNFLTD-26SEP17DETBUF-BUFJALLEN17-2,https://kalshi.com/markets/kxnfltd/pro-football-touchdowns,Josh Allen: 2+ touchdowns,Josh Allen: 2+,KXNFLTD-26SEP17DETBUF,Detroit vs Buffalo: Touchdowns,KXNFLTD,Pro Football Touchdowns,Sports,"[""Football""]",open,binary,0.15,0.16,0.16,0.155,0.845,0.155,0.01,68080.13,55571.2,61731.57,0,2026-09-15T18:14:00Z,2026-09-20T00:15:00Z,2026-09-20T00:15:00Z,,,,greater,1.5,,,,,,,2026-09-17T17:13:53+00:00,https://kalshi.com/markets/kxnfltd/pro-football-touchdowns/kxnfltd-26sep17detbuf,True
kalshi,KXISRNLGAME-26SEP17RANIKG-RAN,https://kalshi.com/markets/kxisrnlgame/liga-leumit-game,Ra`anana wins,Ra`anana,KXISRNLGAME-26SEP17RANIKG,Ra`anana vs Maccabi Ironi Kiryat Gat,KXISRNLGAME,Liga Leumit Game,Sports,"[""Soccer""]",open,binary,0.38,0.4,0.39,0.39,0.61,0.39,0.02,56098.48,55458.82,42876.84,0,2026-09-13T00:39:00Z,2026-09-19T16:00:00Z,2026-09-19T16:00:00Z,,,,structured,,,,,,,,2026-09-17T17:14:04+00:00,https://kalshi.com/markets/kxisrnlgame/liga-leumit-game/kxisrnlgame-26sep17ranikg,True
polymarket,0x46477994c02fdd4f7be7eacc58d343457d80333d92e5c4ad9a3117274d0e5639,https://polymarket.com/event/kharg-island-no-longer-under-iranian-control-by-march-31/kharg-island-no-longer-under-iranian-control-by-september-30-20260730004207224,Kharg Island no longer under Iranian control by September 30?,September 30,267102,Kharg Island no longer under Iranian control by...?,kharg-island-no-longer-under-iranian-control-by-march-31,Kharg Island no longer under Iranian control by...?,,[],open,binary,0.006,0.007,0.008,0.0065,0.9935,0.0065,0.001,1486751.782091,55283.012377,,199534.06185,2026-07-30T00:49:43.16103Z,2026-10-01T03:59:00Z,2026-10-01T03:59:00Z,,,,,,,,-0.55,"[""Yes"", ""No""]","[0.0065, 0.9935]",96189502204227781235785567019151308983559978995662677899952915271147601680025,2026-09-17T17:13:45+00:00,,
kalshi,KXUELGAME-26SEP17RSOBOU-BOU,https://kalshi.com/markets/kxuelgame/uefa-europa-league-game,Bournemouth wins,Bournemouth,KXUELGAME-26SEP17RSOBOU,Real Sociedad vs Bournemouth,KXUELGAME,UEFA Europa League Game,Sports,"[""Soccer""]",open,binary,0.41,0.42,0.42,0.415,0.585,0.415,0.01,58479.41,55083.99,48851.42,0,2026-09-03T00:39:00Z,2026-09-20T01:00:00Z,2026-09-20T01:00:00Z,,,,structured,,,,,,,,2026-09-17T17:14:13+00:00,https://kalshi.com/markets/kxuelgame/uefa-europa-league-game/kxuelgame-26sep17rsobou,True
kalshi,KXFEDDECISION-26DEC-H25,https://kalshi.com/markets/kxfeddecision/fed-meeting,Will the Federal Reserve Hike rates by 25bps at their December 2026 meeting?,Hike 25bps,KXFEDDECISION-26DEC,Fed decision in Dec 2026?,KXFEDDECISION,Fed meeting,Economics,"[""Fed""]",open,binary,0.68,0.69,0.69,0.685,0.315,0.685,0.01,96722.78,55057.05,71607.89,0,2025-09-29T14:00:00Z,2026-12-09T18:59:00Z,2027-03-10T19:01:00Z,,,,custom,,,,,,,,2026-09-17T17:14:47+00:00,https://kalshi.com/markets/kxfeddecision/fed-meeting/kxfeddecision-26dec,True
kalshi,KXPGATOUR-BICA26-RHJG,https://kalshi.com/markets/kxpgatour/pga-tour,Will Rasmus Højgaard win the Biltmore Championship Asheville?,Rasmus Højgaard,KXPGATOUR-BICA26,Biltmore Championship Asheville Winner,KXPGATOUR,PGA Tour,Sports,"[""Golf""]",open,binary,0,0.001,0.001,0.0005,0.9995,0.0005,0.001,172649.35,54849.3,161846.73,0,2026-09-13T23:05:00Z,2026-10-04T00:00:00Z,2026-10-04T00:00:00Z,,,,structured,,,,,,,,2026-09-17T17:14:02+00:00,https://kalshi.com/markets/kxpgatour/pga-tour/kxpgatour-bica26,True
kalshi,GOVPARTYWI-26-R,https://kalshi.com/markets/govpartywi/wisconsin-governor,Will the Republican party win the governorship in Wisconsin,Tom Tiffany,GOVPARTYWI-26,Wisconsin Governor winner?,GOVPARTYWI,Wisconsin Governor,Elections,"[""Governor""]",open,binary,0.18,0.2,0.19,0.19,0.81,0.19,0.02,673776.91,54486.5,388411.41,0,2025-01-26T15:00:00Z,2027-11-03T15:00:00Z,2027-11-03T15:00:00Z,,,,structured,,,,,,,,2026-09-17T17:14:47+00:00,https://kalshi.com/markets/govpartywi/wisconsin-governor/govpartywi-26,True
kalshi,KXITFWMATCH-26SEP17YOSSHI-SHI,https://kalshi.com/markets/kxitfwmatch/itf-women-s-match,Ena Shibahara wins,Ena Shibahara,KXITFWMATCH-26SEP17YOSSHI,Yoshimoto vs Shibahara,KXITFWMATCH,ITF Women's Match,Sports,"[""Tennis""]",open,binary,0.67,0.69,0.67,0.68,0.32,0.68,0.02,54345.77,54345.77,54345.77,0,2026-09-17T10:11:00Z,2026-10-02T02:00:00Z,2026-10-02T02:00:00Z,,,,structured,,,,,,,,2026-09-17T17:13:46+00:00,https://kalshi.com/markets/kxitfwmatch/itf-women-s-match/kxitfwmatch-26sep17yosshi,True
kalshi,KXDPWORLDTOUR-BMPC26-MMAN,https://kalshi.com/markets/kxdpworldtour/dp-world-tour-tournament-winner,Will Matteo Manassero win the BMW PGA Championship?,Matteo Manassero,KXDPWORLDTOUR-BMPC26,BMW PGA Championship Winner,KXDPWORLDTOUR,DP World Tour Tournament Winner,Sports,"[""Golf""]",open,binary,0,0.001,0.003,0.0005,0.9995,0.0005,0.001,75384.39,54336.9,75384.39,0,2026-09-12T12:00:00Z,2026-10-04T00:00:00Z,2026-10-04T00:00:00Z,,,,structured,,,,,,,,2026-09-17T17:14:05+00:00,https://kalshi.com/markets/kxdpworldtour/dp-world-tour-tournament-winner/kxdpworldtour-bmpc26,True
kalshi,KXPRESNOMD-28-KH,https://kalshi.com/markets/kxpresnomd/democratic-primary-winner,Will Kamala Harris be the Democratic Presidential nominee in 2028?,Kamala Harris,KXPRESNOMD-28,2028 Democratic presidential nominee,KXPRESNOMD,Democratic Primary winner,Elections,"[""2028"", ""US Elections""]",open,binary,0.08,0.083,0.08,0.0815,0.9185,0.0815,0.003,7735536.24,54326.74,4818286.82,0,2024-11-06T15:00:00Z,2028-11-07T15:00:00Z,2028-11-07T15:00:00Z,,,,custom,,,,,,,,2026-09-17T17:14:48+00:00,https://kalshi.com/markets/kxpresnomd/democratic-primary-winner/kxpresnomd-28,True
kalshi,KXPGAR1LEAD-BICA26-JBRI,https://kalshi.com/markets/kxpgar1lead/pga-round-1-leader,Jacob Bridgeman leads at the end of Round 1,Jacob Bridgeman,KXPGAR1LEAD-BICA26,Biltmore Championship Asheville End of Round 1 Leader,KXPGAR1LEAD,PGA Round 1 Leader,Sports,"[""Golf""]",open,binary,0.011,0.023,0.013,0.017,0.983,0.017,0.012,74130.1,54256.96,73832.76,0,2026-09-14T00:10:00Z,2026-10-04T00:00:00Z,2026-10-04T00:00:00Z,,,,structured,,,,,,,,2026-09-17T17:14:02+00:00,https://kalshi.com/markets/kxpgar1lead/pga-round-1-leader/kxpgar1lead-bica26,True
polymarket,0x3f722dacc4867f77a892ceec273d70b7f055dbbe21703185a94ac47a2e457935,https://polymarket.com/event/bitcoin-above-on-september-18-2026/bitcoin-above-74k-on-september-18-2026,"Will the price of Bitcoin be above $74,000 on September 18?","74,000",1005110,Bitcoin above ___ on September 18?,bitcoin-above-on-september-18-2026,Bitcoin above ___ on September 18?,,[],open,binary,0.977,0.978,0.978,0.9775,0.0225,0.9775,0.001,65421.340831000016,54124.947588,,52022.29705,2026-09-11T16:00:19Z,2026-09-18T16:00:00Z,2026-09-18T16:00:00Z,,,,,,,,19.25,"[""Yes"", ""No""]","[0.9775, 0.0225]",99923612387450030019021900272607064195196998336475566961520438853436099906964,2026-09-17T17:13:45+00:00,,
kalshi,KXDPWORLDTOUR-BMPC26-TMCK,https://kalshi.com/markets/kxdpworldtour/dp-world-tour-tournament-winner,Will Tom McKibbin win the BMW PGA Championship?,Tom McKibbin,KXDPWORLDTOUR-BMPC26,BMW PGA Championship Winner,KXDPWORLDTOUR,DP World Tour Tournament Winner,Sports,"[""Golf""]",open,binary,0.001,0.003,0.004,0.002,0.998,0.002,0.002,82221.86,54006.56,78112.58,0,2026-09-12T12:00:00Z,2026-10-04T00:00:00Z,2026-10-04T00:00:00Z,,,,structured,,,,,,,,2026-09-17T17:14:05+00:00,https://kalshi.com/markets/kxdpworldtour/dp-world-tour-tournament-winner/kxdpworldtour-bmpc26,True
kalshi,KXBTCY-27JAN0100-B142500,https://kalshi.com/markets/kxbtcy/btc-price-range-eoy,"BTC price  on Jan 1, 2027?","140,000 to 144,999.99",KXBTCY-27JAN0100,Bitcoin price at the end of 2026,KXBTCY,BTC price range EOY,Crypto,"[""BTC""]",open,binary,0.003,0.004,0.002,0.0035,0.9965,0.0035,0.001,519871.52,53931.75,347734.39,0,2026-02-25T23:25:29Z,2027-01-01T05:00:00Z,2027-01-08T05:00:00Z,,,,between,140000,144999.99,,,,,,2026-09-17T17:14:43+00:00,https://kalshi.com/markets/kxbtcy/btc-price-range-eoy/kxbtcy-27jan0100,True
kalshi,KXMLBGAME-26SEP171915PHINYM-PHI,https://kalshi.com/markets/kxmlbgame/professional-baseball-game,Philadelphia wins,Philadelphia,KXMLBGAME-26SEP171915PHINYM,Philadelphia vs New York M,KXMLBGAME,Professional Baseball Game,Sports,"[""Baseball""]",open,binary,0.45,0.46,0.46,0.455,0.545,0.455,0.01,54057.65,53856.02,53257.49,0,2026-09-14T23:25:00Z,2026-09-20T23:15:00Z,2026-09-20T23:15:00Z,,,,structured,,,,,,,,2026-09-17T17:13:56+00:00,https://kalshi.com/markets/kxmlbgame/professional-baseball-game/kxmlbgame-26sep171915phinym,True
polymarket,0x0c9ada12c527451fbdd43c0397a8a006b8aaf2a01567ae069d37220b51937595,https://polymarket.com/event/los-angeles-mayoral-election-117/will-karen-bass-win-the-2026-los-angeles-mayoral-election,Will Karen Bass win the 2026 Los Angeles mayoral election?,Karen Bass,57111,Los Angeles Mayoral Election,los-angeles-mayoral-election-117,Los Angeles Mayoral Election,,[],open,binary,0.59,0.6,0.59,0.595,0.405,0.595,0.01,975944.9048380001,53838.91131599999,,68412.4772,2025-10-09T20:38:05.957959Z,2026-12-31T23:59:00Z,2026-12-31T23:59:00Z,,,,,,,,-5,"[""Yes"", ""No""]","[0.595, 0.405]",21099887182068653164347641846316470453763034851874063977340528628016776716246,2026-09-17T17:13:45+00:00,,
polymarket,0x1a01bf78f56a507fcb666d564d8c8b91b0750679163ed6e96746102c9b7d285d,https://polymarket.com/event/brazil-presidential-election/will-flvio-bolsonaro-win-the-2026-brazilian-presidential-election,Will Flávio Bolsonaro win the 2026 Brazilian presidential election?,Flávio Bolsonaro,45915,Brazil Presidential Election,brazil-presidential-election,Brazil Presidential Election,,[],open,binary,0.544,0.548,0.549,0.546,0.454,0.546,0.004,10876588.323045997,53035.13223700001,,323774.53838,2025-09-18T20:08:06.281Z,2026-10-04T00:00:00Z,2026-10-04T00:00:00Z,,,,,,,,0.85,"[""Yes"", ""No""]","[0.546, 0.454]",109876868437950584369987384406356259939519193117253465815665152916226511121427,2026-09-17T17:13:45+00:00,,
polymarket,0x2a25f3fd54fd0b18fee936f7f6b701e119c86f08f6d2a621b995193851014fb3,https://polymarket.com/event/saudi-oil-pipeline-east-west-restarts-byptptpt/saudi-oil-pipeline-east-west-restarts-by-september-30,Saudi Oil Pipeline (East-West) restarts by September 30?,September 30,1007040,Saudi Oil Pipeline (East-West) restarts by...?,saudi-oil-pipeline-east-west-restarts-byptptpt,Saudi Oil Pipeline (East-West) restarts by...?,,[],open,binary,0.66,0.67,0.66,0.665,0.335,0.665,0.01,262630.3698909998,52854.30579899999,,65205.3296,2026-09-11T23:26:24Z,2026-10-01T03:59:00Z,2026-10-01T03:59:00Z,,,,,,,,2.5,"[""Yes"", ""No""]","[0.665, 0.335]",82451877629171120215863095786536212994223779959523554468642312484613145998263,2026-09-17T17:13:45+00:00,,
kalshi,KXNFLTD-26SEP17DETBUF-DETJWILLIAMS1-1,https://kalshi.com/markets/kxnfltd/pro-football-touchdowns,Jameson Williams: 1+ touchdowns,Jameson Williams: 1+,KXNFLTD-26SEP17DETBUF,Detroit vs Buffalo: Touchdowns,KXNFLTD,Pro Football Touchdowns,Sports,"[""Football""]",open,binary,0.29,0.3,0.3,0.295,0.705,0.295,0.01,70052.33,52790.44,69859.99,0,2026-09-14T12:15:00Z,2026-09-20T00:15:00Z,2026-09-20T00:15:00Z,,,,greater,0.5,,,,,,,2026-09-17T17:14:00+00:00,https://kalshi.com/markets/kxnfltd/pro-football-touchdowns/kxnfltd-26sep17detbuf,True
kalshi,KXNCAAFSPREAD-26SEP19LSUMISS-LSU4,https://kalshi.com/markets/kxncaafspread/college-football-spread,LSU wins by over 3.5 points,LSU wins by over 3.5 points,KXNCAAFSPREAD-26SEP19LSUMISS,LSU vs Ole Miss: Spread,KXNCAAFSPREAD,College Football Spread,Sports,"[""Football""]",open,binary,0.41,0.43,0.41,0.42,0.58,0.42,0.02,95579.55,52508.64,70205.96,0,2026-09-13T04:06:00Z,2026-09-21T23:30:00Z,2026-09-21T23:30:00Z,,,,greater,3.5,,,,,,,2026-09-17T17:14:04+00:00,https://kalshi.com/markets/kxncaafspread/college-football-spread/kxncaafspread-26sep19lsumiss,True
kalshi,KXDPWORLDTOUR-BMPC26-BSCH,https://kalshi.com/markets/kxdpworldtour/dp-world-tour-tournament-winner,Will Benjamin Schmidt win the BMW PGA Championship?,Benjamin Schmidt,KXDPWORLDTOUR-BMPC26,BMW PGA Championship Winner,KXDPWORLDTOUR,DP World Tour Tournament Winner,Sports,"[""Golf""]",open,binary,0,0.002,0.002,0.001,0.999,0.001,0.002,67650.24,52394.93,67300.24,0,2026-09-12T12:00:00Z,2026-10-04T00:00:00Z,2026-10-04T00:00:00Z,,,,structured,,,,,,,,2026-09-17T17:14:05+00:00,https://kalshi.com/markets/kxdpworldtour/dp-world-tour-tournament-winner/kxdpworldtour-bmpc26,True
kalshi,KXCRYPTOSTRUCTURE-26JAN-27,https://kalshi.com/markets/kxcryptostructure/crypto-market-structure,"Will a crypto market structure bill becomes law before Jan 1, 2027?","Before Jan 1, 2027",KXCRYPTOSTRUCTURE-26JAN,Will the Clarity Act become law?,KXCRYPTOSTRUCTURE,Crypto market structure,Politics,"[""Congress""]",open,binary,0.072,0.078,0.079,0.075,0.925,0.075,0.006,2265099.97,52096.57,620773.78,0,2025-12-04T01:00:00Z,2027-01-01T15:00:00Z,2027-01-01T15:00:00Z,,,,,,,,,,,,2026-09-17T17:14:46+00:00,https://kalshi.com/markets/kxcryptostructure/crypto-market-structure/kxcryptostructure-26jan,True
polymarket,0x5899cb29acd77c44c2c832b031f4d3db09991cbee9441dcbfc78ae3733f12e7c,https://polymarket.com/event/elon-musk-of-tweets-september-11-september-18-2026/elon-musk-of-tweets-september-11-september-18-2026-200-219,"Will Elon Musk post 200-219 tweets from September 11 to September 18, 2026?",200-219,986503,"Elon Musk # tweets September 11 - September 18, 2026?",elon-musk-of-tweets-september-11-september-18-2026,"Elon Musk # tweets September 11 - September 18, 2026?",,[],open,binary,0.36,0.37,0.37,0.365,0.635,0.365,0.01,123893.48315799996,52095.61377099998,,9809.1918,2026-09-08T04:00:42Z,2026-09-18T16:00:00Z,2026-09-18T16:00:00Z,,,,,,,,-6,"[""Yes"", ""No""]","[0.365, 0.635]",7607194062239026367183830383431150648846185906871265260068885671842900567590,2026-09-17T17:13:45+00:00,,
kalshi,KXMLBGAME-26SEP171915KCHOU-HOU,https://kalshi.com/markets/kxmlbgame/professional-baseball-game,Houston wins,Houston,KXMLBGAME-26SEP171915KCHOU,Kansas City vs Houston,KXMLBGAME,Professional Baseball Game,Sports,"[""Baseball""]",open,binary,0.58,0.59,0.59,0.585,0.415,0.585,0.01,52813.99,52001.55,49589.86,0,2026-09-14T23:25:00Z,2026-09-20T23:15:00Z,2026-09-20T23:15:00Z,,,,structured,,,,,,,,2026-09-17T17:13:56+00:00,https://kalshi.com/markets/kxmlbgame/professional-baseball-game/kxmlbgame-26sep171915kchou,True
polymarket,0xc3fb6eaf207d0ea8e5875270cebe8242bac8faa35c320f3d022d48ef4e217392,https://polymarket.com/event/what-price-will-bitcoin-hit-in-september-2026/will-bitcoin-reach-80k-in-september-2026-from-september-7,"Will Bitcoin reach $80,000 in September?","↑ 80,000",946004,What price will Bitcoin hit in September?,what-price-will-bitcoin-hit-in-september-2026,What price will Bitcoin hit in September?,,[],open,binary,0.49,0.5,0.48,0.495,0.505,0.495,0.01,397123.83519499993,51978.795160999995,,69476.2692,2026-09-07T16:17:10Z,2026-10-01T04:00:00Z,2026-10-01T04:00:00Z,,,,,,,,8,"[""Yes"", ""No""]","[0.495, 0.505]",46364303237419899608627414541711384020089010893184759854132936983484917089017,2026-09-17T17:13:45+00:00,,
kalshi,KXPGATOUR-BICA26-MROZ,https://kalshi.com/markets/kxpgatour/pga-tour,Will Marcelo Rozo win the Biltmore Championship Asheville?,Marcelo Rozo,KXPGATOUR-BICA26,Biltmore Championship Asheville Winner,KXPGATOUR,PGA Tour,Sports,"[""Golf""]",open,binary,0,0.001,0.001,0.0005,0.9995,0.0005,0.001,65117.96,51960.52,65117.96,0,2026-09-13T23:05:00Z,2026-10-04T00:00:00Z,2026-10-04T00:00:00Z,,,,structured,,,,,,,,2026-09-17T17:14:02+00:00,https://kalshi.com/markets/kxpgatour/pga-tour/kxpgatour-bica26,True
kalshi,KXNFLTD-26SEP17DETBUF-DETJGIBBS0-1,https://kalshi.com/markets/kxnfltd/pro-football-touchdowns,Jahmyr Gibbs: 1+ touchdowns,Jahmyr Gibbs: 1+,KXNFLTD-26SEP17DETBUF,Detroit vs Buffalo: Touchdowns,KXNFLTD,Pro Football Touchdowns,Sports,"[""Football""]",open,binary,0.67,0.68,0.68,0.675,0.325,0.675,0.01,69462.73,51871.96,68468.22,0,2026-09-14T12:15:00Z,2026-09-20T00:15:00Z,2026-09-20T00:15:00Z,,,,greater,0.5,,,,,,,2026-09-17T17:14:00+00:00,https://kalshi.com/markets/kxnfltd/pro-football-touchdowns/kxnfltd-26sep17detbuf,True
kalshi,KXNFLTOTAL-26SEP17DETBUF-53,https://kalshi.com/markets/kxnfltotal/pro-football-total-points,Full Game: over 52.5 points scored?,Over 52.5 points scored,KXNFLTOTAL-26SEP17DETBUF,Detroit vs Buffalo: Total Points,KXNFLTOTAL,Pro Football Total Points,Sports,"[""Football""]",open,binary,0.58,0.59,0.58,0.585,0.415,0.585,0.01,66472.8,51869.39,60783.88,0,2026-09-11T01:05:00Z,2026-09-20T00:15:00Z,2026-09-20T00:15:00Z,,,,greater,52.5,,,,,,,2026-09-17T17:14:06+00:00,https://kalshi.com/markets/kxnfltotal/pro-football-total-points/kxnfltotal-26sep17detbuf,True
kalshi,KXPGAR1LEAD-BICA26-MHUB,https://kalshi.com/markets/kxpgar1lead/pga-round-1-leader,Mark Hubbard leads at the end of Round 1,Mark Hubbard,KXPGAR1LEAD-BICA26,Biltmore Championship Asheville End of Round 1 Leader,KXPGAR1LEAD,PGA Round 1 Leader,Sports,"[""Golf""]",open,binary,0,0.001,0.002,0.0005,0.9995,0.0005,0.001,70815.83,51714.52,70813.83,0,2026-09-14T00:10:00Z,2026-10-04T00:00:00Z,2026-10-04T00:00:00Z,,,,structured,,,,,,,,2026-09-17T17:14:02+00:00,https://kalshi.com/markets/kxpgar1lead/pga-round-1-leader/kxpgar1lead-bica26,True
kalshi,KXPGATOUR-BICA26-KVEN,https://kalshi.com/markets/kxpgatour/pga-tour,Will Kris Ventura win the Biltmore Championship Asheville?,Kris Ventura,KXPGATOUR-BICA26,Biltmore Championship Asheville Winner,KXPGATOUR,PGA Tour,Sports,"[""Golf""]",open,binary,0.002,0.005,0.005,0.0035,0.9965,0.0035,0.003,117962.79,51613.82,115813.02,0,2026-09-13T23:05:00Z,2026-10-04T00:00:00Z,2026-10-04T00:00:00Z,,,,structured,,,,,,,,2026-09-17T17:14:02+00:00,https://kalshi.com/markets/kxpgatour/pga-tour/kxpgatour-bica26,True
polymarket,0x430751274480232547064a75eb29ceead00b95cf3e21709911a147cfada04e16,https://polymarket.com/event/how-many-seats-will-united-russia-win-in-the-next-russian-legislative-election/will-united-russia-win-fewer-than-280-seats-in-the-next-russian-state-duma-election,Will United Russia win fewer than 280 seats in the next Russian State Duma election?,<280,147974,United Russia seats in the next Russian legislative election?,how-many-seats-will-united-russia-win-in-the-next-russian-legislative-election,United Russia seats in the next Russian legislative election?,,[],open,binary,0.018,0.019,0.018,0.0185,0.9815,0.0185,0.001,337374.971099,51573.108583,,137046.27446,2026-01-07T22:34:31.425088Z,2026-09-20T00:00:00Z,2026-09-20T00:00:00Z,,,,,,,,-1.55,"[""Yes"", ""No""]","[0.0185, 0.9815]",26864710114110854020382485231173523573999433514840714492045583910038521396538,2026-09-17T17:13:45+00:00,,
kalshi,KXHOUSERACE-FL14-26-D,https://kalshi.com/markets/kxhouserace/house-race-winner,Will Democratic win the House race for FL-14?,Kathy Castor,KXHOUSERACE-FL14-26,FL-14 House winner?,KXHOUSERACE,House Race Winner?,Elections,"[""House"", ""US Elections""]",open,binary,0.63,0.64,0.63,0.635,0.365,0.635,0.01,109129.85,51563.14,77923.02,0,2026-01-07T01:06:00Z,2027-11-03T15:00:00Z,2027-11-03T15:00:00Z,,,,structured,,,,,,,,2026-09-17T17:14:45+00:00,https://kalshi.com/markets/kxhouserace/house-race-winner/kxhouserace-fl14-26,True
kalshi,HOUSEMT1-26-R,https://kalshi.com/markets/housemt1/house-mt-1,Will Republican win the House race for MT-1?,Aaron Flint,HOUSEMT1-26,MT-01 House winner?,HOUSEMT1,House MT 1,Elections,"[""House""]",open,binary,0.66,0.68,0.68,0.67,0.33,0.67,0.02,63005.16,51519.44,56276.66,0,2025-07-01T21:00:00Z,2027-11-03T15:00:00Z,2027-11-03T15:00:00Z,,,,structured,,,,,,,,2026-09-17T17:14:47+00:00,https://kalshi.com/markets/housemt1/house-mt-1/housemt1-26,True
kalshi,KXBTCD-26SEP1717-T75249.99,https://kalshi.com/markets/kxbtcd/bitcoin-price-above-below,"Bitcoin price on Sep 17, 2026?","$75,250 or above",KXBTCD-26SEP1717,"BTC price on Sep 17, 2026 at 5pm EDT?",KXBTCD,Bitcoin price Above/below,Crypto,"[""Hourly"", ""BTC""]",open,binary,0.97,0.98,0.98,0.975,0.025,0.975,0.01,51429.65,51429.65,42802.84,0,2026-09-16T20:00:00Z,2026-09-17T21:00:00Z,2026-09-24T21:00:00Z,,,,greater,75249.99,,BRTI,,,,,2026-09-17T17:13:51+00:00,https://kalshi.com/markets/kxbtcd/bitcoin-price-above-below/kxbtcd-26sep1717,True
polymarket,0xc4435df23facee8c4cd86090310c7835c2a0425646b2588b0a02e67fa42f444e,https://polymarket.com/event/presidential-election-winner-2028/will-glenn-youngkin-win-the-2028-us-presidential-election,Will Glenn Youngkin win the 2028 US Presidential Election?,Glenn Youngkin,31552,Presidential Election Winner 2028,presidential-election-winner-2028,Presidential Election Winner 2028,,[],open,binary,0.001,0.002,0.002,0.0015,0.9985,0.0015,0.001,27516827.482643005,51233.6485,,1229544.45449,2025-07-11T19:05:58.404Z,2028-11-07T00:00:00Z,2028-11-07T00:00:00Z,,,,,,,,-0.1,"[""Yes"", ""No""]","[0.0015, 0.9985]",631059815958854406224163480574507434200946764542129005247984171366597476420,2026-09-17T17:13:45+00:00,,
kalshi,HOUSEPA1-26-D,https://kalshi.com/markets/housepa1/house-pa-1,Will Democratic win the House race for PA-1?,Bob Harvie,HOUSEPA1-26,PA-01 House winner?,HOUSEPA1,House PA 1,Elections,"[""House""]",open,binary,0.38,0.4,0.39,0.39,0.61,0.39,0.02,117166.98,50861.53,110655.05,0,2025-07-01T21:00:00Z,2027-11-03T15:00:00Z,2027-11-03T15:00:00Z,,,,structured,,,,,,,,2026-09-17T17:14:47+00:00,https://kalshi.com/markets/housepa1/house-pa-1/housepa1-26,True
polymarket,0x87e6b428636e5a7261b4e6ea516e0c1977e795fbd0e93610e74a6b0cda6d8f89,https://polymarket.com/event/uel-ofi-hof-2026-09-17-more-markets/uel-ofi-hof-2026-09-17-total-4pt5,OFI vs. TSG 1899 Hoffenheim: O/U 4.5,O/U 4.5,960294,OFI vs. TSG 1899 Hoffenheim - More Markets,uel-ofi-hof-2026-09-17-more-markets,OFI vs. TSG 1899 Hoffenheim - More Markets,,[],open,binary,0.14,0.15,0.31,0.145,0.855,0.145,0.01,53225.129497,50687.121686,,62031.0292,2026-09-03T18:45:24Z,2026-09-17T16:45:00Z,2026-09-17T16:45:00Z,,,,,,,,-7,"[""Over"", ""Under""]","[0.145, 0.855]",69072881174733238499024652518333186879630830701512635874197555634999775289748,2026-09-17T17:13:45+00:00,,
kalshi,KXWT20MATCH-26SEP170100INDJAP-IND,https://kalshi.com/markets/kxwt20match/women-s-t20-match,India wins,India,KXWT20MATCH-26SEP170100INDJAP,Japan vs India,KXWT20MATCH,Women's T20 Match,Sports,"[""Cricket""]",open,binary,0.98,0.99,0.98,0.985,0.015,0.985,0.01,57115.73,50648.59,54379.29,0,2026-09-11T00:10:00Z,2026-09-19T09:00:00Z,2026-09-19T09:00:00Z,,,,structured,,,,,,,,2026-09-17T17:14:06+00:00,https://kalshi.com/markets/kxwt20match/women-s-t20-match/kxwt20match-26sep170100indjap,True
polymarket,0xd382a88824ddaffaab3c2fdb327339c79d4afd7705b83eb9d75bce1fb9fef1db,https://polymarket.com/event/efl-mnc-nor-2026-09-17-exact-score/efl-mnc-nor-2026-09-17-exact-score-1-1,Exact Score: Manchester City FC 1 - 1 Norwich City FC?,Manchester City FC 1 - 1 Norwich City FC,962590,Manchester City FC vs. Norwich City FC - Exact Score,efl-mnc-nor-2026-09-17-exact-score,Manchester City FC vs. Norwich City FC - Exact Score,,[],open,binary,0.041,0.044,0.041,0.0425,0.9575,0.0425,0.003,50462.580637,50306.330637,,106498.11311,2026-09-04T04:00:37Z,2026-09-17T18:30:00Z,2026-09-17T18:30:00Z,,,,,,,,0.25,"[""Yes"", ""No""]","[0.0425, 0.9575]",30558468859275618572356852334591529103313149516921848991960625892687087841851,2026-09-17T17:13:45+00:00,,
kalshi,KXPGAR1LEAD-BICA26-CKIR,https://kalshi.com/markets/kxpgar1lead/pga-round-1-leader,Chris Kirk leads at the end of Round 1,Chris Kirk,KXPGAR1LEAD-BICA26,Biltmore Championship Asheville End of Round 1 Leader,KXPGAR1LEAD,PGA Round 1 Leader,Sports,"[""Golf""]",open,binary,0.001,0.016,0.013,0.0085,0.9915,0.0085,0.015,64678.74,50300.55,61996.06,0,2026-09-14T00:10:00Z,2026-10-04T00:00:00Z,2026-10-04T00:00:00Z,,,,structured,,,,,,,,2026-09-17T17:14:02+00:00,https://kalshi.com/markets/kxpgar1lead/pga-round-1-leader/kxpgar1lead-bica26,True
kalshi,KXUELBTTS-26SEP17RSOBOU-BTTS,https://kalshi.com/markets/kxuelbtts/europa-league-btts,Both Teams To Score,Both Teams To Score,KXUELBTTS-26SEP17RSOBOU,Real Sociedad vs Bournemouth: BTTS,KXUELBTTS,Europa League BTTS,Sports,"[""Soccer""]",open,binary,0.64,0.65,0.65,0.645,0.355,0.645,0.01,52765.41,50264.64,51967.9,0,2026-09-10T19:06:00Z,2026-09-19T19:00:00Z,2026-09-19T19:00:00Z,,,,,,,,,,,,2026-09-17T17:14:07+00:00,https://kalshi.com/markets/kxuelbtts/europa-league-btts/kxuelbtts-26sep17rsobou,True
kalshi,KXPGATOUR-BICA26-CVIL,https://kalshi.com/markets/kxpgatour/pga-tour,Will Camilo Villegas win the Biltmore Championship Asheville?,Camilo Villegas,KXPGATOUR-BICA26,Biltmore Championship Asheville Winner,KXPGATOUR,PGA Tour,Sports,"[""Golf""]",open,binary,0,0.001,0.001,0.0005,0.9995,0.0005,0.001,73440.68,50147.93,69152.74,0,2026-09-13T23:05:00Z,2026-10-04T00:00:00Z,2026-10-04T00:00:00Z,,,,structured,,,,,,,,2026-09-17T17:14:02+00:00,https://kalshi.com/markets/kxpgatour/pga-tour/kxpgatour-bica26,True
polymarket,0xb12854f4a63e0f5127b21612c75c3b68de062d8f8426039460ee8e59c1be3a33,https://polymarket.com/event/nfl-no-bal-2026-09-20/nfl-no-bal-2026-09-20-spread-home-8pt5,Spread: BAL (-8.5),Spread -8.5,827176,Saints vs. Ravens,nfl-no-bal-2026-09-20,Saints vs. Ravens,,[],open,binary,0.48,0.49,0.5,0.485,0.515,0.485,0.01,50087.02441300001,50044.13762,,79839.2344,2026-09-08T20:01:24Z,2026-09-20T17:00:00Z,2026-09-20T17:00:00Z,,,,,,,,1,"[""BAL"", ""NO""]","[0.485, 0.515]",95009834439551329215863813290674137297337607018081246069106546575849454756153,2026-09-17T17:13:45+00:00,,
kalshi,KXNFLFIRSTTD-26SEP20CINHOU-HOUCSTROUD7,https://kalshi.com/markets/kxnflfirsttd/pro-football-first-touchdown,C.J. Stroud: 1st Touchdown,C.J. Stroud,KXNFLFIRSTTD-26SEP20CINHOU,Cincinnati vs Houston: 1st Touchdown,KXNFLFIRSTTD,Pro Football First Touchdown,Sports,"[""Football""]",open,binary,0,0.03,0.02,0.015,0.985,0.015,0.03,50023,50023,50023,0,2026-09-15T23:18:00Z,2026-09-22T17:00:00Z,2026-09-22T17:00:00Z,,,,structured,,,,,,,,2026-09-17T17:13:53+00:00,https://kalshi.com/markets/kxnflfirsttd/pro-football-first-touchdown/kxnflfirsttd-26sep20cinhou,True
kalshi,KXNCAAF-27-TXAM,https://kalshi.com/markets/kxncaaf/ncaaf-championship,Will Texas A&M win the College Football Playoff National Championship?,Texas A&M,KXNCAAF-27,College Football National Championship Winner,KXNCAAF,NCAAF Championship,Sports,"[""Football""]",open,binary,0.02,0.03,0.03,0.025,0.975,0.025,0.01,806115.44,49942.02,741934.23,0,2026-01-21T22:00:00Z,2027-02-23T04:00:00Z,2027-02-23T04:00:00Z,,,,structured,,,,,,,,2026-09-17T17:14:45+00:00,https://kalshi.com/markets/kxncaaf/ncaaf-championship/kxncaaf-27,True
kalshi,SENATEMI-26-D,https://kalshi.com/markets/senatemi/michigan-senate-race,Will Democratics win the Senate race in Michigan?,Abdul El-Sayed,SENATEMI-26,Michigan Senate winner?,SENATEMI,Michigan Senate race,Elections,"[""Senate""]",open,binary,0.64,0.65,0.64,0.645,0.355,0.645,0.01,1452084.17,49831.81,994865.93,0,2024-12-03T15:00:00Z,2027-11-03T15:00:00Z,2027-11-03T15:00:00Z,,,,structured,,,,,,,,2026-09-17T17:14:47+00:00,https://kalshi.com/markets/senatemi/michigan-senate-race/senatemi-26,True
kalshi,KXNFLFIRSTTD-26SEP17DETBUF-DETASTBROWN14,https://kalshi.com/markets/kxnflfirsttd/pro-football-first-touchdown,Amon-Ra St. Brown: 1st Touchdown,Amon-Ra St. Brown,KXNFLFIRSTTD-26SEP17DETBUF,Detroit vs Buffalo: 1st Touchdown,KXNFLFIRSTTD,Pro Football First Touchdown,Sports,"[""Football""]",open,binary,0.07,0.08,0.08,0.075,0.925,0.075,0.01,61451.65,49755.61,61408.41,0,2026-09-15T09:15:00Z,2026-09-20T00:15:00Z,2026-09-20T00:15:00Z,,,,structured,,,,,,,,2026-09-17T17:13:55+00:00,https://kalshi.com/markets/kxnflfirsttd/pro-football-first-touchdown/kxnflfirsttd-26sep17detbuf,True
polymarket,0x4df9bc858156a616c55f1f37dfa3291dffbcb781127f334594c69fae489b1b68,https://polymarket.com/event/spx-up-or-down-on-september-17-2026/spx-up-or-down-on-september-17-2026,S&P 500 (SPX) Up or Down on September 17?,,1032794,S&P 500 (SPX) Up or Down on September 17?,spx-up-or-down-on-september-17-2026,S&P 500 (SPX) Up or Down on September 17?,,[],open,binary,0.985,0.999,0.984,0.992,0.008,0.992,0.014,49666.422302000006,49646.422302,,22259.40653,2026-09-16T12:00:55Z,2026-09-17T20:00:00Z,2026-09-17T20:00:00Z,,,,,,,,29.7,"[""Up"", ""Down""]","[0.992, 0.008]",95029060810883920815931053648652831397782607989103838449699606683129027184721,2026-09-17T17:13:45+00:00,,
polymarket,0x87dcc11f32f7395b16059fbbcbbf0aeb9e383a609e4289125e234e204d9a8bd8,https://polymarket.com/event/mlb-min-laa-2026-09-17/mlb-min-laa-2026-09-17,Minnesota Twins vs. Los Angeles Angels,,1004402,Minnesota Twins vs. Los Angeles Angels,mlb-min-laa-2026-09-17,Minnesota Twins vs. Los Angeles Angels,,[],open,binary,0.5,0.51,0.51,0.505,0.495,0.505,0.01,49539.93416599999,49539.934166,,361052.7463,2026-09-11T13:00:41Z,2026-09-25T01:38:00Z,2026-09-25T01:38:00Z,,,,,,,,,"[""Minnesota Twins"", ""Los Angeles Angels""]","[0.505, 0.495]",87914157936545886154168013125881932120278704704140998256869275877495269304327,2026-09-17T17:13:45+00:00,,
kalshi,KXPGAR1LEAD-BICA26-BJAM,https://kalshi.com/markets/kxpgar1lead/pga-round-1-leader,Benjamin James leads at the end of Round 1,Benjamin James,KXPGAR1LEAD-BICA26,Biltmore Championship Asheville End of Round 1 Leader,KXPGAR1LEAD,PGA Round 1 Leader,Sports,"[""Golf""]",open,binary,0.014,0.023,0.023,0.0185,0.9815,0.0185,0.009,63586.36,49477.4,62584.36,0,2026-09-14T00:10:00Z,2026-10-04T00:00:00Z,2026-10-04T00:00:00Z,,,,structured,,,,,,,,2026-09-17T17:14:02+00:00,https://kalshi.com/markets/kxpgar1lead/pga-round-1-leader/kxpgar1lead-bica26,True
kalshi,KXPGATOUR-BICA26-ZBLA,https://kalshi.com/markets/kxpgatour/pga-tour,Will Zac Blair win the Biltmore Championship Asheville?,Zac Blair,KXPGATOUR-BICA26,Biltmore Championship Asheville Winner,KXPGATOUR,PGA Tour,Sports,"[""Golf""]",open,binary,0,0.007,0.009,0.0035,0.9965,0.0035,0.007,124131.53,49467.87,122273.67,0,2026-09-13T23:05:00Z,2026-10-04T00:00:00Z,2026-10-04T00:00:00Z,,,,structured,,,,,,,,2026-09-17T17:14:02+00:00,https://kalshi.com/markets/kxpgatour/pga-tour/kxpgatour-bica26,True
kalshi,KXEPLGAME-26SEP18BRECFC-CFC,https://kalshi.com/markets/kxeplgame/english-premier-league-game,Chelsea wins,Chelsea,KXEPLGAME-26SEP18BRECFC,Brentford vs Chelsea,KXEPLGAME,English Premier League Game,Sports,"[""Soccer""]",open,binary,0.41,0.42,0.42,0.415,0.585,0.415,0.01,193365.92,49281.89,159095.09,0,2026-09-04T00:36:00Z,2026-09-21T01:00:00Z,2026-09-21T01:00:00Z,,,,structured,,,,,,,,2026-09-17T17:14:13+00:00,https://kalshi.com/markets/kxeplgame/english-premier-league-game/kxeplgame-26sep18brecfc,True
kalshi,KXSB-27-LAR,https://kalshi.com/markets/kxsb/super-bowl,Will Los Angeles R win the 2027 Pro Football Championship?,Los Angeles R,KXSB-27,2027 Pro Football Champion,KXSB,Super Bowl,Sports,"[""Football""]",open,binary,0.12,0.13,0.13,0.125,0.875,0.125,0.01,8581179.47,49212.89,6137683.21,0,2026-02-08T20:00:00Z,2029-02-13T23:30:00Z,2029-02-13T23:30:00Z,,,,structured,,,,,,,,2026-09-17T17:14:44+00:00,https://kalshi.com/markets/kxsb/super-bowl/kxsb-27,True
kalshi,KXDANCINGWITHTHESTARS-26DEC31-GROD,https://kalshi.com/markets/kxdancingwiththestars/who-will-win-dancing-with-the-stars,Will Guillermo Rodriguez win Dancing with the Stars Season 35?,Guillermo Rodriguez,KXDANCINGWITHTHESTARS-26DEC31,Dancing with the Stars Season 35 · Winner,KXDANCINGWITHTHESTARS,Who will win dancing with the stars?,Entertainment,"[""Television"", ""Dancing with the Stars""]",open,binary,0,0.01,0.01,0.005,0.995,0.005,0.01,125517.74,49202.07,100298.37,0,2026-09-02T16:08:00Z,2027-01-07T15:00:00Z,2027-01-07T15:00:00Z,,,,custom,,,,,,,,2026-09-17T17:14:14+00:00,https://kalshi.com/markets/kxdancingwiththestars/who-will-win-dancing-with-the-stars/kxdancingwiththestars-26dec31,True
kalshi,KXPRESPERSON-28-AOCA,https://kalshi.com/markets/kxpresperson/pres-person,Who will win the next presidential election?,Alexandria Ocasio-Cortez,KXPRESPERSON-28,2028 U.S. Presidential Election winner?,KXPRESPERSON,Pres person,Elections,"[""2028"", ""US Elections""]",open,binary,0.092,0.093,0.091,0.0925,0.9075,0.0925,0.001,4209225.45,49169.66,2417078.38,0,2025-05-10T14:00:00Z,2029-11-07T15:00:00Z,2029-11-07T15:00:00Z,,,,custom,,,,,,,,2026-09-17T17:14:47+00:00,https://kalshi.com/markets/kxpresperson/pres-person/kxpresperson-28,True
kalshi,KXLALIGATOTAL-26SEP17RBBGET-1,https://kalshi.com/markets/kxlaligatotal/la-liga-total,Will over 0.5 goals be scored?,Over 0.5 goals scored,KXLALIGATOTAL-26SEP17RBBGET,Real Betis vs Getafe: Total Goals,KXLALIGATOTAL,La Liga Total,Sports,"[""Soccer""]",open,binary,0.91,0.93,0.91,0.92,0.08,0.92,0.02,53145.38,48939.36,52845.73,0,2026-09-10T17:10:00Z,2026-09-19T17:00:00Z,2026-09-19T17:00:00Z,,,,greater,0.5,,,,,,,2026-09-17T17:14:11+00:00,https://kalshi.com/markets/kxlaligatotal/la-liga-total/kxlaligatotal-26sep17rbbget,True
polymarket,0xec31f0e9d0b499b663646b764bc227acbbbd7a6fce800fbd39ced7a8cf1d02a3,https://polymarket.com/event/uel-cry-lep-2026-09-17/uel-cry-lep-2026-09-17-cry,Will Crystal Palace FC win on 2026-09-17?,Crystal Palace FC,965728,Crystal Palace FC vs. KKS Lech Poznań,uel-cry-lep-2026-09-17,Crystal Palace FC vs. KKS Lech Poznań,,[],open,binary,0.73,0.74,0.74,0.735,0.265,0.735,0.01,55355.011384999976,48746.303463,,196069.6705,2026-09-04T18:30:23Z,2026-09-17T19:00:00Z,2026-09-17T19:00:00Z,,,,,,,,4,"[""Yes"", ""No""]","[0.735, 0.265]",36442001590803547438038993276456324916855344286201183620340956477050531999915,2026-09-17T17:13:45+00:00,,
kalshi,KXNFLGAME-26SEP20MINCHI-MIN,https://kalshi.com/markets/kxnflgame/professional-football-game,Minnesota wins,Minnesota,KXNFLGAME-26SEP20MINCHI,MIN Vikings vs CHI Bears,KXNFLGAME,Professional Football Game,Sports,"[""Football""]",open,binary,0.34,0.35,0.35,0.345,0.655,0.345,0.01,204317.09,48565.25,180647.65,0,2026-08-25T15:33:00Z,2026-09-22T17:00:00Z,2026-09-22T17:00:00Z,,,,structured,,,,,,,,2026-09-17T17:14:18+00:00,https://kalshi.com/markets/kxnflgame/professional-football-game/kxnflgame-26sep20minchi,True
kalshi,KXPGAR1LEAD-BICA26-CCON,https://kalshi.com/markets/kxpgar1lead/pga-round-1-leader,Corey Conners leads at the end of Round 1,Corey Conners,KXPGAR1LEAD-BICA26,Biltmore Championship Asheville End of Round 1 Leader,KXPGAR1LEAD,PGA Round 1 Leader,Sports,"[""Golf""]",open,binary,0,0.019,0.002,0.0095,0.9905,0.0095,0.019,71813.56,48407.01,69693.73,0,2026-09-14T00:10:00Z,2026-10-04T00:00:00Z,2026-10-04T00:00:00Z,,,,structured,,,,,,,,2026-09-17T17:14:02+00:00,https://kalshi.com/markets/kxpgar1lead/pga-round-1-leader/kxpgar1lead-bica26,True
polymarket,0xb55b2b13aee7a480ab0695912a65cb34a5fe5e84d5da810873d9c3e1182f9fd0,https://polymarket.com/event/will-the-iranian-regime-fall-by-september-30-20260629143335077/will-the-iranian-regime-fall-by-september-30-20260629143335077,Will the Iranian regime fall by September 30?,,649418,Will the Iranian regime fall by September 30?,will-the-iranian-regime-fall-by-september-30-20260629143335077,Will the Iranian regime fall by September 30?,,[],open,binary,0.004,0.005,0.005,0.0045,0.9955,0.0045,0.001,2293274.187782,48342.70391699999,,291279.96877,2026-06-29T23:53:27.300806Z,2026-10-01T03:59:00Z,2026-10-01T03:59:00Z,,,,,,,,-0.25,"[""Yes"", ""No""]","[0.0045, 0.9955]",93072680587597848124353231527396118393869934555953068321248693141177342449662,2026-09-17T17:13:45+00:00,,
kalshi,KXMLB-26-HOU,https://kalshi.com/markets/kxmlb/world-series,Will Houston win the 2026 Pro Baseball Championship?,Houston,KXMLB-26,Pro Baseball Champion,KXMLB,World Series,Sports,"[""Baseball""]",open,binary,0.017,0.022,0.021,0.0195,0.9805,0.0195,0.005,2292606.99,48340.38,1681916.6,0,2025-12-17T15:00:00Z,2028-10-31T04:00:00Z,2028-10-31T04:00:00Z,,,,structured,,,,,,,,2026-09-17T17:14:46+00:00,https://kalshi.com/markets/kxmlb/world-series/kxmlb-26,True
kalshi,KXDJTATTACKWARSH-26SEP-26SEP18,https://kalshi.com/markets/kxdjtattackwarsh/will-trump-publicly-criticize-kevin-warsh,"Will Trump publicly criticize Kevin Warsh before Sep 18, 2026?","Before Sep 18, 2026",KXDJTATTACKWARSH-27,Will Trump publicly criticize Kevin Warsh?,KXDJTATTACKWARSH,Will Trump publicly criticize Kevin Warsh?,Politics,"[""Trump""]",open,binary,0.01,0.02,0.01,0.015,0.985,0.015,0.01,48114.44,48110.37,33295.74,0,2026-09-16T16:45:00Z,2026-09-18T03:59:00Z,2026-09-25T14:00:00Z,,,,,,,,,,,,2026-09-17T17:13:49+00:00,https://kalshi.com/markets/kxdjtattackwarsh/will-trump-publicly-criticize-kevin-warsh/kxdjtattackwarsh-27,True
kalshi,KXCBDECISIONJAPAN-26SEP17-H25P,https://kalshi.com/markets/kxcbdecisionjapan/bank-of-japan-policy-interest-rate-decision,Will the Bank of Japan Hike more than 25bps at the September 2026 Monetary Policy Meeting?,Hike more than 25bps,KXCBDECISIONJAPAN-26SEP17,Bank of Japan rate decision in September,KXCBDECISIONJAPAN,Bank Of Japan policy interest rate decision,Economics,"[""Global Central Banks""]",open,binary,0,0.01,0.01,0.005,0.995,0.005,0.01,154194.35,48023.55,124693.92,0,2026-07-28T21:15:00Z,2026-09-18T02:29:00Z,2026-09-25T02:30:00Z,,,,custom,,,,,,,,2026-09-17T17:14:27+00:00,https://kalshi.com/markets/kxcbdecisionjapan/bank-of-japan-policy-interest-rate-decision/kxcbdecisionjapan-26sep17,True
kalshi,KXPGAR1LEAD-BICA26-BHOR,https://kalshi.com/markets/kxpgar1lead/pga-round-1-leader,Billy Horschel leads at the end of Round 1,Billy Horschel,KXPGAR1LEAD-BICA26,Biltmore Championship Asheville End of Round 1 Leader,KXPGAR1LEAD,PGA Round 1 Leader,Sports,"[""Golf""]",open,binary,0,0.021,0.003,0.0105,0.9895,0.0105,0.021,58684.21,47793.84,54139.92,0,2026-09-14T00:10:00Z,2026-10-04T00:00:00Z,2026-10-04T00:00:00Z,,,,structured,,,,,,,,2026-09-17T17:14:02+00:00,https://kalshi.com/markets/kxpgar1lead/pga-round-1-leader/kxpgar1lead-bica26,True
kalshi,KXLALIGA1H-26SEP17RBBGET-TIE,https://kalshi.com/markets/kxlaliga1h/la-liga-first-half-winner,Tie 1st Half,Tie 1st Half,KXLALIGA1H-26SEP17RBBGET,Real Betis vs Getafe: First Half Winner,KXLALIGA1H,La Liga First Half Winner,Sports,"[""Soccer""]",open,binary,0.44,0.45,0.45,0.445,0.555,0.445,0.01,49874.16,47681.83,41224.25,0,2026-09-15T17:06:00Z,2026-09-19T17:00:00Z,2026-09-19T17:00:00Z,,,,structured,,,,,,,,2026-09-17T17:13:54+00:00,https://kalshi.com/markets/kxlaliga1h/la-liga-first-half-winner/kxlaliga1h-26sep17rbbget,True
kalshi,KXMLB-26-MIN,https://kalshi.com/markets/kxmlb/world-series,Will Minnesota win the 2026 Pro Baseball Championship?,Minnesota,KXMLB-26,Pro Baseball Champion,KXMLB,World Series,Sports,"[""Baseball""]",open,binary,0,0.001,0.001,0.0005,0.9995,0.0005,0.001,1915882.28,47598.44,1335177.11,0,2025-12-17T15:00:00Z,2028-10-31T04:00:00Z,2028-10-31T04:00:00Z,,,,structured,,,,,,,,2026-09-17T17:14:46+00:00,https://kalshi.com/markets/kxmlb/world-series/kxmlb-26,True
polymarket,0xde1ddd3994f4eb4361b09450fe7c0e57b0ddb9c0424d8862cc8d5a6a50486253,https://polymarket.com/event/nfl-nyg-la-2026-09-22/nfl-nyg-la-2026-09-22-spread-home-9pt5,Spread: LA (-9.5),Spread -9.5,832909,Giants vs. Rams,nfl-nyg-la-2026-09-22,Giants vs. Rams,,[],open,binary,0.44,0.45,0.45,0.445,0.555,0.445,0.01,47411.00205499999,47256.61205500008,,15381.992,2026-09-08T20:01:16Z,2026-09-22T00:15:00Z,2026-09-22T00:15:00Z,,,,,,,,2,"[""LA"", ""NYG""]","[0.445, 0.555]",29646819869862603487026925801697459093339669160930912266973549285942309907656,2026-09-17T17:13:45+00:00,,
polymarket,0x176e84015b1cc54d470836ef1d8a60753e17fa232d9b55e9aa8dde580d03f436,https://polymarket.com/event/friedrich-merz-out-as-chancellor-of-germany-before-2027/friedrich-merz-out-as-chancellor-of-germany-before-2027,"Friedrich Merz out as Chancellor of Germany before December 31, 2026?","December 31, 2026",73223,Friedrich Merz out as Chancellor of Germany by...?,friedrich-merz-out-as-chancellor-of-germany-before-2027,Friedrich Merz out as Chancellor of Germany by...?,,[],open,binary,0.22,0.23,0.23,0.225,0.775,0.225,0.01,1473893.9556650005,47162.253941,,83217.1668,2025-11-05T19:35:55.838Z,2027-01-01T04:59:00Z,2027-01-01T04:59:00Z,,,,,,,,3,"[""Yes"", ""No""]","[0.225, 0.775]",27554074579538085152312757613342843137057353684724415806149658005255326639761,2026-09-17T17:13:45+00:00,,
polymarket,0x73ce3fb136057c30b4396e8da8bea604c5777e30dc6fb081bada9f2a9e0d9ba6,https://polymarket.com/event/uel-lev2-rbs-2026-09-17-more-markets/uel-lev2-rbs-2026-09-17-total-2pt5,PFK Levski Sofia vs. FC Red Bull Salzburg: O/U 2.5,O/U 2.5,960295,PFK Levski Sofia vs. FC Red Bull Salzburg - More Markets,uel-lev2-rbs-2026-09-17-more-markets,PFK Levski Sofia vs. FC Red Bull Salzburg - More Markets,,[],open,binary,0.39,0.46,0.4,0.425,0.575,0.425,0.07,48923.78398500002,47059.361017999996,,15959.6586,2026-09-03T18:45:33Z,2026-09-17T16:45:00Z,2026-09-17T16:45:00Z,,,,,,,,-15,"[""Over"", ""Under""]","[0.425, 0.575]",76408860124993250794324425841503548027356523427981127915444960915935537027959,2026-09-17T17:13:45+00:00,,
kalshi,KXEGYPLTOTAL-26SEP17ENPPYR-3,https://kalshi.com/markets/kxegypltotal/point-total,Will over 2.5 goals be scored?,Over 2.5 goals scored,KXEGYPLTOTAL-26SEP17ENPPYR,Enppi vs Pyramids: Total Goals,KXEGYPLTOTAL,Point Total,Sports,"[""Soccer""]",open,binary,0.45,0.46,0.44,0.455,0.545,0.455,0.01,47905.87,46969.89,46144.63,0,2026-09-16T17:06:00Z,2026-09-19T17:00:00Z,2026-09-19T17:00:00Z,,,,greater,2.5,,,,,,,2026-09-17T17:13:49+00:00,https://kalshi.com/markets/kxegypltotal/point-total/kxegypltotal-26sep17enppyr,True
kalshi,GOVPARTYFL-26-D,https://kalshi.com/markets/govpartyfl/florida-governor,Will the Democratic party win the governorship in Florida,David Jolly,GOVPARTYFL-26,Florida Governor winner?,GOVPARTYFL,Florida Governor,Elections,"[""Governor""]",open,binary,0.2,0.21,0.21,0.205,0.795,0.205,0.01,472665.37,46933.73,332664.77,0,2025-01-26T15:00:00Z,2027-11-03T15:00:00Z,2027-11-03T15:00:00Z,,,,structured,,,,,,,,2026-09-17T17:14:47+00:00,https://kalshi.com/markets/govpartyfl/florida-governor/govpartyfl-26,True
kalshi,KXNFLMVP-27-JBUR,https://kalshi.com/markets/kxnflmvp/ap-pro-football-regular-season-mvp,Will Joe Burrow win the MVP?,Joe Burrow,KXNFLMVP-27,MVP Winner?,KXNFLMVP,AP Pro Football Regular Season MVP,Sports,"[""Football""]",open,binary,0.05,0.08,0.08,0.065,0.935,0.065,0.03,901984.3,46536.15,765009.88,0,2026-02-08T20:30:00Z,2028-02-12T15:00:00Z,2028-02-12T15:00:00Z,,,,structured,,,,,,,,2026-09-17T17:14:44+00:00,https://kalshi.com/markets/kxnflmvp/ap-pro-football-regular-season-mvp/kxnflmvp-27,True
polymarket,0xa34edb6c898232378a9cc08744842df2cd89d278ba45b012bed3ac10c7241c4d,https://polymarket.com/event/ballon-dor-winner-2026/will-lamine-yamal-win-the-2026-ballon-dor,Will Lamine Yamal win the 2026 Ballon d'Or?,Lamine Yamal,48361,Ballon d'Or Winner 2026,ballon-dor-winner-2026,Ballon d'Or Winner 2026,,[],open,binary,0.208,0.214,0.214,0.211,0.789,0.211,0.006,2445934.475663,46502.44220899999,,137944.21121,2025-09-22T23:39:06.170776Z,2026-10-31T00:00:00Z,2026-10-31T00:00:00Z,,,,,,,,-0.9,"[""Yes"", ""No""]","[0.211, 0.789]",10466835326554416965099784068156829774726248334728156046559014834812912458273,2026-09-17T17:13:45+00:00,,
polymarket,0xc788500313fb20ebab5b6577c3dcfc24e911e44e45c3aebabb8eee4bb70f4431,https://polymarket.com/event/putin-out-before-2027/putin-out-as-president-of-russia-by-september-30-2026,"Putin out as President of Russia by September 30, 2026?","September 30, 2026",31195,Putin out as President of Russia by...?,putin-out-before-2027,Putin out as President of Russia by...?,,[],open,binary,0.004,0.005,0.004,0.0045,0.9955,0.0045,0.001,1346728.3434899997,46428.538916,,113128.78065,2026-07-06T21:34:47.715Z,2026-10-01T03:59:00Z,2026-10-01T03:59:00Z,,,,,,,,-0.15,"[""Yes"", ""No""]","[0.0045, 0.9955]",40976483682554536017504172547966843907849775688824741280797351049178911106148,2026-09-17T17:13:45+00:00,,
kalshi,KXMLBTOTAL-26SEP171240LADCIN-12,https://kalshi.com/markets/kxmlbtotal/pro-baseball-total-points,Over 11.5 runs scored,Over 11.5 runs scored,KXMLBTOTAL-26SEP171240LADCIN,Los Angeles D vs Cincinnati: Total Runs,KXMLBTOTAL,Pro Baseball Total Points,Sports,"[""Baseball""]",open,binary,0.53,0.54,0.53,0.535,0.465,0.535,0.01,47911.87,46344.49,40405.21,0,2026-09-17T00:50:00Z,2026-09-20T16:40:00Z,2026-09-20T16:40:00Z,,,,greater,11.5,,,,,,,2026-09-17T17:13:47+00:00,https://kalshi.com/markets/kxmlbtotal/pro-baseball-total-points/kxmlbtotal-26sep171240ladcin,True
polymarket,0x87c5598e1bf2c62cea81fb3c11289bca1cd10361fa593ad8823ea624be7e25b7,https://polymarket.com/event/atp-legout-nakash-2026-09-16/atp-legout-nakash-2026-09-16,Tiburon: Timo Legout vs Bryce Nakashima,,1030431,Tiburon: Timo Legout vs Bryce Nakashima,atp-legout-nakash-2026-09-16,Tiburon: Timo Legout vs Bryce Nakashima,,[],open,binary,0.63,0.64,0.64,0.635,0.365,0.635,0.01,46128.81879599999,45982.069382999995,,146266.3849,2026-09-15T23:05:30Z,2026-09-23T17:00:00Z,2026-09-23T17:00:00Z,,,,,,,,-2,"[""Timo Legout"", ""Bryce Nakashima""]","[0.635, 0.365]",66341926795815299350961071473094971879085607262799096375341769318219482148471,2026-09-17T17:13:45+00:00,,
kalshi,KXPRESNOMD-28-JOSS,https://kalshi.com/markets/kxpresnomd/democratic-primary-winner,Will Jon Ossoff be the Democratic Presidential nominee in 2028?,Jon Ossoff,KXPRESNOMD-28,2028 Democratic presidential nominee,KXPRESNOMD,Democratic Primary winner,Elections,"[""2028"", ""US Elections""]",open,binary,0.16,0.17,0.17,0.165,0.835,0.165,0.01,7947361.29,45911.68,4798500.55,0,2025-05-23T17:01:15Z,2028-11-07T15:00:00Z,2028-11-07T15:00:00Z,,,,custom,,,,,,,,2026-09-17T17:14:47+00:00,https://kalshi.com/markets/kxpresnomd/democratic-primary-winner/kxpresnomd-28,True
kalshi,KXNFLSPREAD-26SEP17DETBUF-BUF8,https://kalshi.com/markets/kxnflspread/pro-football-spread,Buffalo wins by over 7.5 points?,Buffalo wins by over 7.5 points,KXNFLSPREAD-26SEP17DETBUF,Detroit vs Buffalo: Spread,KXNFLSPREAD,Pro Football Spread,Sports,"[""Football""]",open,binary,0.38,0.39,0.38,0.385,0.615,0.385,0.01,49121.53,45867.55,48193.02,0,2026-09-11T01:05:00Z,2026-09-20T00:15:00Z,2026-09-20T00:15:00Z,,,,greater,7.5,,,,,,,2026-09-17T17:14:06+00:00,https://kalshi.com/markets/kxnflspread/pro-football-spread/kxnflspread-26sep17detbuf,True
kalshi,KXNFLSPREAD-26SEP20MINCHI-CHI6,https://kalshi.com/markets/kxnflspread/pro-football-spread,Chicago wins by over 5.5 points?,Chicago wins by over 5.5 points,KXNFLSPREAD-26SEP20MINCHI,Minnesota vs Chicago: Spread,KXNFLSPREAD,Pro Football Spread,Sports,"[""Football""]",open,binary,0.45,0.46,0.45,0.455,0.545,0.455,0.01,79530.76,45756.39,77534.23,0,2026-09-14T01:05:00Z,2026-09-22T17:00:00Z,2026-09-22T17:00:00Z,,,,greater,5.5,,,,,,,2026-09-17T17:14:02+00:00,https://kalshi.com/markets/kxnflspread/pro-football-spread/kxnflspread-26sep20minchi,True
kalshi,KXPGAR1LEAD-BICA26-AHAD,https://kalshi.com/markets/kxpgar1lead/pga-round-1-leader,Adam Hadwin leads at the end of Round 1,Adam Hadwin,KXPGAR1LEAD-BICA26,Biltmore Championship Asheville End of Round 1 Leader,KXPGAR1LEAD,PGA Round 1 Leader,Sports,"[""Golf""]",open,binary,0,0.03,0.001,0.015,0.985,0.015,0.03,51527.8,45744.41,50017.8,0,2026-09-14T00:10:00Z,2026-10-04T00:00:00Z,2026-10-04T00:00:00Z,,,,structured,,,,,,,,2026-09-17T17:14:02+00:00,https://kalshi.com/markets/kxpgar1lead/pga-round-1-leader/kxpgar1lead-bica26,True
kalshi,KXITFWMATCH-26SEP17NAHLOP-NAH,https://kalshi.com/markets/kxitfwmatch/itf-women-s-match,Beatriz Nahmias Melo Rodrigues wins,Beatriz Nahmias Melo Rodrigues,KXITFWMATCH-26SEP17NAHLOP,Nahmias Melo Rodrigues vs Lopez,KXITFWMATCH,ITF Women's Match,Sports,"[""Tennis""]",open,binary,0.34,0.37,0.37,0.355,0.645,0.355,0.03,49203.73,45641.58,31662.51,0,2026-09-16T23:41:00Z,2026-10-01T15:30:00Z,2026-10-01T15:30:00Z,,,,structured,,,,,,,,2026-09-17T17:13:48+00:00,https://kalshi.com/markets/kxitfwmatch/itf-women-s-match/kxitfwmatch-26sep17nahlop,True
kalshi,KXNCAAFGAME-26SEP19AKRMINN-AKR,https://kalshi.com/markets/kxncaafgame/college-football-game,Akron wins,Akron,KXNCAAFGAME-26SEP19AKRMINN,Akron vs Minnesota,KXNCAAFGAME,College Football Game,Sports,"[""Football""]",open,binary,0.04,0.06,0.06,0.05,0.95,0.05,0.02,59164.31,45572.57,33966.69,0,2026-09-05T16:08:00Z,2026-09-21T16:00:00Z,2026-09-21T16:00:00Z,,,,structured,,,,,,,,2026-09-17T17:14:13+00:00,https://kalshi.com/markets/kxncaafgame/college-football-game/kxncaafgame-26sep19akrminn,True
kalshi,KXNCAAFGAME-26SEP19WYOCMU-WYO,https://kalshi.com/markets/kxncaafgame/college-football-game,Wyoming wins,Wyoming,KXNCAAFGAME-26SEP19WYOCMU,Wyoming vs Central Michigan,KXNCAAFGAME,College Football Game,Sports,"[""Football""]",open,binary,0.49,0.5,0.5,0.495,0.505,0.495,0.01,46687.13,45458,46626.72,0,2026-09-05T19:08:00Z,2026-09-21T17:00:00Z,2026-09-21T17:00:00Z,,,,structured,,,,,,,,2026-09-17T17:14:13+00:00,https://kalshi.com/markets/kxncaafgame/college-football-game/kxncaafgame-26sep19wyocmu,True
polymarket,0xbca3d70ec52a5a441ccc365a3b1b48b9cd0f08dfff4bc5871e2cd92d0d92caa1,https://polymarket.com/event/brazil-presidential-election/will-ronaldo-caiado-win-the-2026-brazilian-presidential-election,Will Ronaldo Caiado win the 2026 Brazilian presidential election?,Ronaldo Caiado,45915,Brazil Presidential Election,brazil-presidential-election,Brazil Presidential Election,,[],open,binary,0.001,0.002,0.001,0.0015,0.9985,0.0015,0.001,7635635.488361999,45364.00399999999,,1131746.79408,2025-09-18T20:08:05.843Z,2026-10-04T00:00:00Z,2026-10-04T00:00:00Z,,,,,,,,,"[""Yes"", ""No""]","[0.0015, 0.9985]",36262307788727352725358528951052957737657822670589615830114396216160368496388,2026-09-17T17:13:45+00:00,,
polymarket,0x193a2b23024d940a21763234869d3f6d2b994b13e607305f871452bf7131eb56,https://polymarket.com/event/what-price-will-bitcoin-hit-in-september-2026/will-bitcoin-reach-77pt5k-in-september-2026-from-september-15,"Will Bitcoin reach $77,500 in September?","↑ 77,500",946004,What price will Bitcoin hit in September?,what-price-will-bitcoin-hit-in-september-2026,What price will Bitcoin hit in September?,,[],open,binary,0.87,0.89,0.86,0.88,0.12,0.88,0.02,55852.462205999975,45355.659913,,76135.6598,2026-09-15T16:17:11Z,2026-10-01T04:00:00Z,2026-10-01T04:00:00Z,,,,,,,,17,"[""Yes"", ""No""]","[0.88, 0.12]",55879090236049227767281461329984627261970073232390805351360680579908043045263,2026-09-17T17:13:45+00:00,,
kalshi,KXNFLTD-26SEP17DETBUF-DETASTBROWN14-1,https://kalshi.com/markets/kxnfltd/pro-football-touchdowns,Amon-Ra St. Brown: 1+ touchdowns,Amon-Ra St. Brown: 1+,KXNFLTD-26SEP17DETBUF,Detroit vs Buffalo: Touchdowns,KXNFLTD,Pro Football Touchdowns,Sports,"[""Football""]",open,binary,0.43,0.44,0.44,0.435,0.565,0.435,0.01,66895.46,45329.64,65431.35,0,2026-09-14T12:15:00Z,2026-09-20T00:15:00Z,2026-09-20T00:15:00Z,,,,greater,0.5,,,,,,,2026-09-17T17:14:00+00:00,https://kalshi.com/markets/kxnfltd/pro-football-touchdowns/kxnfltd-26sep17detbuf,True
kalshi,KXDPWORLDTOUR-BMPC26-KREI,https://kalshi.com/markets/kxdpworldtour/dp-world-tour-tournament-winner,Will Kristoffer Reitan win the BMW PGA Championship?,Kristoffer Reitan,KXDPWORLDTOUR-BMPC26,BMW PGA Championship Winner,KXDPWORLDTOUR,DP World Tour Tournament Winner,Sports,"[""Golf""]",open,binary,0.002,0.006,0.005,0.004,0.996,0.004,0.004,76247.27,45285.51,76169.33,0,2026-09-12T12:00:00Z,2026-10-04T00:00:00Z,2026-10-04T00:00:00Z,,,,structured,,,,,,,,2026-09-17T17:14:05+00:00,https://kalshi.com/markets/kxdpworldtour/dp-world-tour-tournament-winner/kxdpworldtour-bmpc26,True
kalshi,KXLALIGABTTS-26SEP17RBBGET-BTTS,https://kalshi.com/markets/kxlaligabtts/la-liga-btts,Both Teams To Score,Both Teams To Score,KXLALIGABTTS-26SEP17RBBGET,Real Betis vs Getafe: BTTS,KXLALIGABTTS,La Liga BTTS,Sports,"[""Soccer""]",open,binary,0.44,0.46,0.47,0.45,0.55,0.45,0.02,47672.92,45239.23,44748.28,0,2026-09-10T17:10:00Z,2026-09-19T17:00:00Z,2026-09-19T17:00:00Z,,,,,,,,,,,,2026-09-17T17:14:11+00:00,https://kalshi.com/markets/kxlaligabtts/la-liga-btts/kxlaligabtts-26sep17rbbget,True
polymarket,0x30174f3f46398e37c96a07b45916e01eab9a8a854ecb624ac73a91a8490fd074,https://polymarket.com/event/us-announces-end-of-iranian-blockade-byptptpt-20260713152715080/us-announces-end-of-iranian-blockade-by-september-30-2026-20260727171615364-722-649-646-561-213-644-414-831,"US announces end of Iranian blockade by September 30, 2026?",September 30,699735,US announces end of Iranian blockade by...?,us-announces-end-of-iranian-blockade-byptptpt-20260713152715080,US announces end of Iranian blockade by...?,,[],open,binary,0.12,0.13,0.13,0.125,0.875,0.125,0.01,3350684.794725001,45169.937948,,139069.9115,2026-07-27T17:53:14.04Z,2026-10-01T03:59:00Z,2026-10-01T03:59:00Z,,,,,,,,-3,"[""Yes"", ""No""]","[0.125, 0.875]",88752597571738831347942513760817776151125290177540731190810686943474863159303,2026-09-17T17:13:45+00:00,,
kalshi,KXLIGAMXGAME-26SEP19AMECDG-CDG,https://kalshi.com/markets/kxligamxgame/liga-mx-game,Guadalajara wins,Guadalajara,KXLIGAMXGAME-26SEP19AMECDG,America vs Guadalajara,KXLIGAMXGAME,Liga MX Game,Sports,"[""Soccer""]",open,binary,0.38,0.39,0.39,0.385,0.615,0.385,0.01,174812.47,45019.03,162728.58,0,2026-09-06T00:38:00Z,2026-09-22T09:00:00Z,2026-09-22T09:00:00Z,,,,structured,,,,,,,,2026-09-17T17:14:13+00:00,https://kalshi.com/markets/kxligamxgame/liga-mx-game/kxligamxgame-26sep19amecdg,True
kalshi,KXEGYPLGAME-26SEP16ENPPYR-PYR,https://kalshi.com/markets/kxegyplgame/egyptian-premier-league-game,Pyramids wins,Pyramids,KXEGYPLGAME-26SEP16ENPPYR,Enppi vs Pyramids,KXEGYPLGAME,Egyptian Premier League Game,Sports,"[""Soccer""]",open,binary,0.69,0.7,0.7,0.695,0.305,0.695,0.01,46599.74,44971.62,43263.95,0,2026-09-12T00:37:00Z,2026-09-18T17:00:00Z,2026-09-18T17:00:00Z,,,,structured,,,,,,,,2026-09-17T17:14:05+00:00,https://kalshi.com/markets/kxegyplgame/egyptian-premier-league-game/kxegyplgame-26sep16enppyr,True
kalshi,KXMLBSPREAD-26SEP171240LADCIN-LAD3,https://kalshi.com/markets/kxmlbspread/pro-baseball-spread,Los Angeles D wins by over 2.5 runs?,Los Angeles D wins by over 2.5 runs,KXMLBSPREAD-26SEP171240LADCIN,Los Angeles D vs Cincinnati: Spread,KXMLBSPREAD,Pro Baseball Spread,Sports,"[""Baseball""]",open,binary,0.69,0.7,0.73,0.695,0.305,0.695,0.01,50709.88,44971.07,41098.27,0,2026-09-17T00:50:00Z,2026-09-20T16:40:00Z,2026-09-20T16:40:00Z,,,,greater,2.5,,,,,,,2026-09-17T17:13:47+00:00,https://kalshi.com/markets/kxmlbspread/pro-baseball-spread/kxmlbspread-26sep171240ladcin,True
kalshi,KXDPWORLDTOUR-BMPC26-RGER,https://kalshi.com/markets/kxdpworldtour/dp-world-tour-tournament-winner,Will Ryan Gerard win the BMW PGA Championship?,Ryan Gerard,KXDPWORLDTOUR-BMPC26,BMW PGA Championship Winner,KXDPWORLDTOUR,DP World Tour Tournament Winner,Sports,"[""Golf""]",open,binary,0.066,0.067,0.067,0.0665,0.9335,0.0665,0.001,92466.38,44936.84,88416.65,0,2026-09-12T12:00:00Z,2026-10-04T00:00:00Z,2026-10-04T00:00:00Z,,,,structured,,,,,,,,2026-09-17T17:14:05+00:00,https://kalshi.com/markets/kxdpworldtour/dp-world-tour-tournament-winner/kxdpworldtour-bmpc26,True
polymarket,0x357ee5e692658d4dae5b7fe59bae12cef029f2ebffb5452f4d439a1934d84211,https://polymarket.com/event/which-cities-will-russia-enter-by-december-31/will-russia-enter-kramatorsk-by-december-31-2026,"Will Russia enter Kramatorsk by December 31, 2026?",Kramatorsk,474389,Which cities will Russia enter by December 31?,which-cities-will-russia-enter-by-december-31,Which cities will Russia enter by December 31?,,[],open,binary,0.2,0.21,0.21,0.205,0.795,0.205,0.01,175250.35803899998,44925.55523900001,,24469.1935,2026-05-11T20:07:53.053491Z,2027-01-01T04:59:00Z,2027-01-01T04:59:00Z,,,,,,,,,"[""Yes"", ""No""]","[0.205, 0.795]",83473057297942697835674763016131088636295100054055517877167056680303626307739,2026-09-17T17:13:45+00:00,,
kalshi,KXNFLGAME-26SEP20MIASF-MIA,https://kalshi.com/markets/kxnflgame/professional-football-game,Miami wins,Miami,KXNFLGAME-26SEP20MIASF,MIA Dolphins vs SF 49ers,KXNFLGAME,Professional Football Game,Sports,"[""Football""]",open,binary,0.1,0.11,0.11,0.105,0.895,0.105,0.01,186654.9,44916.25,158937.53,0,2026-08-25T15:33:00Z,2026-09-22T20:25:00Z,2026-09-22T20:25:00Z,,,,structured,,,,,,,,2026-09-17T17:14:18+00:00,https://kalshi.com/markets/kxnflgame/professional-football-game/kxnflgame-26sep20miasf,True
kalshi,SENATEAK-26-D,https://kalshi.com/markets/senateak/alaska-senate-race,Will Democratics win the Senate race in Alaska?,Democratic party,SENATEAK-26,Alaska Senate winner?,SENATEAK,Alaska Senate race,Elections,"[""Senate""]",open,binary,0.68,0.69,0.7,0.685,0.315,0.685,0.01,452417.23,44821.6,286967.64,0,2024-12-03T15:00:00Z,2027-11-03T15:00:00Z,2027-11-03T15:00:00Z,,,,structured,,,,,,,,2026-09-17T17:14:47+00:00,https://kalshi.com/markets/senateak/alaska-senate-race/senateak-26,True
kalshi,SENATEMI-26-R,https://kalshi.com/markets/senatemi/michigan-senate-race,Will Republicans win the Senate race in Michigan?,Mike Rogers,SENATEMI-26,Michigan Senate winner?,SENATEMI,Michigan Senate race,Elections,"[""Senate""]",open,binary,0.35,0.36,0.36,0.355,0.645,0.355,0.01,2196964.85,44743,1537102.01,0,2024-12-03T15:00:00Z,2027-11-03T15:00:00Z,2027-11-03T15:00:00Z,,,,structured,,,,,,,,2026-09-17T17:14:47+00:00,https://kalshi.com/markets/senatemi/michigan-senate-race/senatemi-26,True
kalshi,KXNCAAFGAME-26SEP19UNMOKLA-UNM,https://kalshi.com/markets/kxncaafgame/college-football-game,New Mexico wins,New Mexico,KXNCAAFGAME-26SEP19UNMOKLA,New Mexico vs Oklahoma,KXNCAAFGAME,College Football Game,Sports,"[""Football""]",open,binary,0.06,0.07,0.07,0.065,0.935,0.065,0.01,85978.11,44737.14,84750.58,0,2026-09-06T01:07:00Z,2026-09-21T23:30:00Z,2026-09-21T23:30:00Z,,,,structured,,,,,,,,2026-09-17T17:14:13+00:00,https://kalshi.com/markets/kxncaafgame/college-football-game/kxncaafgame-26sep19unmokla,True
kalshi,KXNFLFIRSTTD-26SEP17DETBUF-DETITESLAA18,https://kalshi.com/markets/kxnflfirsttd/pro-football-first-touchdown,Isaac TeSlaa: 1st Touchdown,Isaac TeSlaa,KXNFLFIRSTTD-26SEP17DETBUF,Detroit vs Buffalo: 1st Touchdown,KXNFLFIRSTTD,Pro Football First Touchdown,Sports,"[""Football""]",open,binary,0.02,0.03,0.03,0.025,0.975,0.025,0.01,71076.62,44609.42,71076.62,0,2026-09-15T09:15:00Z,2026-09-20T00:15:00Z,2026-09-20T00:15:00Z,,,,structured,,,,,,,,2026-09-17T17:13:55+00:00,https://kalshi.com/markets/kxnflfirsttd/pro-football-first-touchdown/kxnflfirsttd-26sep17detbuf,True
kalshi,KXBTCD-26SEP1717-T77999.99,https://kalshi.com/markets/kxbtcd/bitcoin-price-above-below,"Bitcoin price on Sep 17, 2026?","$78,000 or above",KXBTCD-26SEP1717,"BTC price on Sep 17, 2026 at 5pm EDT?",KXBTCD,Bitcoin price Above/below,Crypto,"[""Hourly"", ""BTC""]",open,binary,0.02,0.03,0.02,0.025,0.975,0.025,0.01,44591.71,44591.71,18740.14,0,2026-09-16T20:00:00Z,2026-09-17T21:00:00Z,2026-09-24T21:00:00Z,,,,greater,77999.99,,BRTI,,,,,2026-09-17T17:13:51+00:00,https://kalshi.com/markets/kxbtcd/bitcoin-price-above-below/kxbtcd-26sep1717,True
kalshi,KXMLB-26-CHC,https://kalshi.com/markets/kxmlb/world-series,Will Chicago C win the 2026 Pro Baseball Championship?,Chicago C,KXMLB-26,Pro Baseball Champion,KXMLB,World Series,Sports,"[""Baseball""]",open,binary,0.046,0.048,0.049,0.047,0.953,0.047,0.002,2843132.96,44500.3,1807129.46,0,2025-12-17T15:00:00Z,2028-10-31T04:00:00Z,2028-10-31T04:00:00Z,,,,structured,,,,,,,,2026-09-17T17:14:46+00:00,https://kalshi.com/markets/kxmlb/world-series/kxmlb-26,True
kalshi,KXNBA-27-CLE,https://kalshi.com/markets/kxnba/pro-basketball-champion,Will Cleveland win the 2027 Pro Basketball Finals?,Cleveland,KXNBA-27,2027 Pro Basketball Champion,KXNBA,Pro Basketball Champion,Sports,"[""Basketball""]",open,binary,0.02,0.03,0.03,0.025,0.975,0.025,0.01,948071.38,44461.21,696724.6,0,2026-06-14T08:00:00Z,2029-07-30T14:00:00Z,2029-07-30T14:00:00Z,,,,structured,,,,,,,,2026-09-17T17:14:33+00:00,https://kalshi.com/markets/kxnba/pro-basketball-champion/kxnba-27,True
kalshi,KXDPWORLDTOUR-BMPC26-MFIT,https://kalshi.com/markets/kxdpworldtour/dp-world-tour-tournament-winner,Will Matt Fitzpatrick win the BMW PGA Championship?,Matt Fitzpatrick,KXDPWORLDTOUR-BMPC26,BMW PGA Championship Winner,KXDPWORLDTOUR,DP World Tour Tournament Winner,Sports,"[""Golf""]",open,binary,0.009,0.012,0.012,0.0105,0.9895,0.0105,0.003,97429.92,44210.46,93760,0,2026-09-12T12:00:00Z,2026-10-04T00:00:00Z,2026-10-04T00:00:00Z,,,,structured,,,,,,,,2026-09-17T17:14:05+00:00,https://kalshi.com/markets/kxdpworldtour/dp-world-tour-tournament-winner/kxdpworldtour-bmpc26,True
polymarket,0x2c108f623ac720d8f664bbaf14a9731141aa8955c1e48b02c766b772941674d8,https://polymarket.com/event/what-price-will-bitcoin-hit-in-september-2026/will-bitcoin-reach-85k-in-september-2026,"Will Bitcoin reach $85,000 in September?","↑ 85,000",946004,What price will Bitcoin hit in September?,what-price-will-bitcoin-hit-in-september-2026,What price will Bitcoin hit in September?,,[],open,binary,0.11,0.12,0.12,0.115,0.885,0.115,0.01,537796.7349220001,43935.433078,,87631.7171,2026-09-01T05:07:15Z,2026-10-01T04:00:00Z,2026-10-01T04:00:00Z,,,,,,,,-2,"[""Yes"", ""No""]","[0.115, 0.885]",81780779224259491605896114548635727637676605965813881291062071590530581918897,2026-09-17T17:13:45+00:00,,
polymarket,0x13322e30a9c22e75fe2db590db47d12514170a8d40f2bf17fab918a84b06c9dc,https://polymarket.com/event/lal-lev-bil-2026-09-16/lal-lev-bil-2026-09-16-lev,Will Levante UD win on 2026-09-16?,Levante UD,957881,Levante UD vs. Athletic Club,lal-lev-bil-2026-09-16,Levante UD vs. Athletic Club,,[],open,binary,0.3,0.32,0.28,0.31,0.69,0.31,0.02,51334.810460000015,43807.073457,,26015.003,2026-09-03T06:00:16Z,2026-09-16T19:30:00Z,2026-09-16T19:30:00Z,,,,,,,,3.5,"[""Yes"", ""No""]","[0.31, 0.69]",28033714562179248107619358836440830649647001745106869357485248197032568176815,2026-09-17T17:13:45+00:00,,
kalshi,KXNFLPASSYDS-26SEP17DETBUF-BUFJALLEN17-250,https://kalshi.com/markets/kxnflpassyds/pro-football-passing-yards,Josh Allen: 250+ passing yards,Josh Allen: 250+,KXNFLPASSYDS-26SEP17DETBUF,Detroit vs Buffalo: Passing Yards,KXNFLPASSYDS,Pro Football Passing Yards,Sports,"[""Football""]",open,binary,0.51,0.52,0.52,0.515,0.485,0.515,0.01,64291.82,43765.65,58219.34,0,2026-09-14T23:15:00Z,2026-09-20T00:15:00Z,2026-09-20T00:15:00Z,,,,greater,249.5,,,,,,,2026-09-17T17:13:56+00:00,https://kalshi.com/markets/kxnflpassyds/pro-football-passing-yards/kxnflpassyds-26sep17detbuf,True
polymarket,0x335197ca4b90930eb3a77aac749501033f2579a4372a6cc13649e7e93815895f,https://polymarket.com/event/lol-we-jdg-2026-09-18/lol-we-jdg-2026-09-18,LoL: Team WE vs JD Gaming (BO5) - LPL Regional Finals Playoffs,Match Winner,982573,LoL: Team WE vs JD Gaming (BO5) - LPL Regional Finals Playoffs,lol-we-jdg-2026-09-18,LoL: Team WE vs JD Gaming (BO5) - LPL Regional Finals Playoffs,,[],open,binary,0.39,0.4,0.4,0.395,0.605,0.395,0.01,75175.846812,43680.855520000005,,134044.5783,2026-09-07T12:20:42Z,2026-09-18T15:00:00Z,2026-09-18T15:00:00Z,,,,,,,,-2,"[""Team WE"", ""JD Gaming""]","[0.395, 0.605]",36590174590310721499058030844565262384974738546991011333755092074521980597514,2026-09-17T17:13:45+00:00,,
kalshi,KXUCL-27-BAR,https://kalshi.com/markets/kxucl/uefa-champions-league,Will Barcelona win the Champions League?,Barcelona,KXUCL-27,Champions League Winner,KXUCL,UEFA Champions League,Sports,"[""Soccer""]",open,binary,0.23,0.24,0.24,0.235,0.765,0.235,0.01,907213.04,43650.99,628921.93,0,2026-06-03T23:20:00Z,2027-06-19T21:00:00Z,2027-06-19T21:00:00Z,,,,structured,,,,,,,,2026-09-17T17:14:34+00:00,https://kalshi.com/markets/kxucl/uefa-champions-league/kxucl-27,True
kalshi,KXPGATOUR-BICA26-HLI,https://kalshi.com/markets/kxpgatour/pga-tour,Will Hao-Tong Li win the Biltmore Championship Asheville?,Hao-Tong Li,KXPGATOUR-BICA26,Biltmore Championship Asheville Winner,KXPGATOUR,PGA Tour,Sports,"[""Golf""]",open,binary,0.007,0.009,0.009,0.008,0.992,0.008,0.002,228508.2,43633.62,228398.36,0,2026-09-13T23:05:00Z,2026-10-04T00:00:00Z,2026-10-04T00:00:00Z,,,,structured,,,,,,,,2026-09-17T17:14:02+00:00,https://kalshi.com/markets/kxpgatour/pga-tour/kxpgatour-bica26,True
kalshi,KXUFCFIGHT-26SEP19VANPAN-VAN,https://kalshi.com/markets/kxufcfight/ufc-fight,Joshua van wins,Joshua van,KXUFCFIGHT-26SEP19VANPAN,331: Van vs Pantoja,KXUFCFIGHT,UFC Fight,Sports,"[""MMA""]",open,binary,0.56,0.57,0.57,0.565,0.435,0.565,0.01,341349.3,43554.53,274299.79,0,2026-09-06T04:45:00Z,2026-10-04T02:20:00Z,2026-10-04T02:20:00Z,,,,structured,,,,,,,,2026-09-17T17:14:12+00:00,https://kalshi.com/markets/kxufcfight/ufc-fight/kxufcfight-26sep19vanpan,True
kalshi,KXETHD-26SEP1717-T2399.99,https://kalshi.com/markets/kxethd/ethereum-price-above-below,"Ethereum price at Sep 17, 2026 at 5pm EDT?","$2,400 or above",KXETHD-26SEP1717,"ETH price on Sep 17, 2026 at 5pm EDT?",KXETHD,Ethereum price Above/below,Crypto,"[""Hourly"", ""ETH""]",open,binary,0.99,1,0.99,0.995,0.005,0.995,0.01,43235.67,43235.67,17463.7,0,2026-09-16T20:00:00Z,2026-09-17T21:00:00Z,2026-09-24T21:00:00Z,,,,greater,2399.99,,ERTI,,,,,2026-09-17T17:13:51+00:00,https://kalshi.com/markets/kxethd/ethereum-price-above-below/kxethd-26sep1717,True
kalshi,KXNFLTOTAL-26SEP20SEAARI-42,https://kalshi.com/markets/kxnfltotal/pro-football-total-points,Full Game: over 41.5 points scored?,Over 41.5 points scored,KXNFLTOTAL-26SEP20SEAARI,Seattle vs Arizona: Total Points,KXNFLTOTAL,Pro Football Total Points,Sports,"[""Football""]",open,binary,0.49,0.5,0.5,0.495,0.505,0.495,0.01,45719.55,43146.75,44879.71,0,2026-09-14T01:05:00Z,2026-09-22T20:25:00Z,2026-09-22T20:25:00Z,,,,greater,41.5,,,,,,,2026-09-17T17:14:01+00:00,https://kalshi.com/markets/kxnfltotal/pro-football-total-points/kxnfltotal-26sep20seaari,True
kalshi,KXPGAR1LEAD-BICA26-CLAM,https://kalshi.com/markets/kxpgar1lead/pga-round-1-leader,Christo Lamprecht leads at the end of Round 1,Christo Lamprecht,KXPGAR1LEAD-BICA26,Biltmore Championship Asheville End of Round 1 Leader,KXPGAR1LEAD,PGA Round 1 Leader,Sports,"[""Golf""]",open,binary,0,0.02,0.001,0.01,0.99,0.01,0.02,49242.64,43136.64,49042.64,0,2026-09-14T00:10:00Z,2026-10-04T00:00:00Z,2026-10-04T00:00:00Z,,,,structured,,,,,,,,2026-09-17T17:14:02+00:00,https://kalshi.com/markets/kxpgar1lead/pga-round-1-leader/kxpgar1lead-bica26,True
kalshi,KXATPCHALLENGERMATCH-26SEP17GALSAI-GAL,https://kalshi.com/markets/kxatpchallengermatch/challenger-atp,Daniel Elahi Galan wins,Daniel Elahi Galan,KXATPCHALLENGERMATCH-26SEP17GALSAI,Galan vs Sanchez Izquierdo,KXATPCHALLENGERMATCH,Challenger ATP ,Sports,"[""Tennis""]",open,binary,0.37,0.38,0.37,0.375,0.625,0.375,0.01,45727.66,43010.23,38258.52,0,2026-09-17T03:10:00Z,2026-10-01T15:00:00Z,2026-10-01T15:00:00Z,,,,structured,,,,,,,,2026-09-17T17:13:47+00:00,https://kalshi.com/markets/kxatpchallengermatch/challenger-atp/kxatpchallengermatch-26sep17galsai,True
kalshi,KXSB-27-HOU,https://kalshi.com/markets/kxsb/super-bowl,Will Houston win the 2027 Pro Football Championship?,Houston,KXSB-27,2027 Pro Football Champion,KXSB,Super Bowl,Sports,"[""Football""]",open,binary,0.03,0.04,0.04,0.035,0.965,0.035,0.01,4680912.25,42825.93,3350431.22,0,2026-02-08T20:00:00Z,2029-02-13T23:30:00Z,2029-02-13T23:30:00Z,,,,structured,,,,,,,,2026-09-17T17:14:44+00:00,https://kalshi.com/markets/kxsb/super-bowl/kxsb-27,True
kalshi,KXUELGAME-26SEP17LEVRBS-LEV,https://kalshi.com/markets/kxuelgame/uefa-europa-league-game,Levski Sofia wins,Levski Sofia,KXUELGAME-26SEP17LEVRBS,Levski Sofia vs Salzburg,KXUELGAME,UEFA Europa League Game,Sports,"[""Soccer""]",open,binary,0.24,0.25,0.25,0.245,0.755,0.245,0.01,43977.82,42570.27,32705.39,0,2026-09-03T00:39:00Z,2026-09-19T22:45:00Z,2026-09-19T22:45:00Z,,,,structured,,,,,,,,2026-09-17T17:14:14+00:00,https://kalshi.com/markets/kxuelgame/uefa-europa-league-game/kxuelgame-26sep17levrbs,True
kalshi,KXNFLSPREAD-26SEP20SEAARI-SEA4,https://kalshi.com/markets/kxnflspread/pro-football-spread,Seattle wins by over 3.5 points?,Seattle wins by over 3.5 points,KXNFLSPREAD-26SEP20SEAARI,Seattle vs Arizona: Spread,KXNFLSPREAD,Pro Football Spread,Sports,"[""Football""]",open,binary,0.51,0.52,0.52,0.515,0.485,0.515,0.01,54232.12,42331.12,53695.15,0,2026-09-14T01:05:00Z,2026-09-22T20:25:00Z,2026-09-22T20:25:00Z,,,,greater,3.5,,,,,,,2026-09-17T17:14:01+00:00,https://kalshi.com/markets/kxnflspread/pro-football-spread/kxnflspread-26sep20seaari,True
kalshi,KXMLB-26-TEX,https://kalshi.com/markets/kxmlb/world-series,Will Texas win the 2026 Pro Baseball Championship?,Texas,KXMLB-26,Pro Baseball Champion,KXMLB,World Series,Sports,"[""Baseball""]",open,binary,0.015,0.023,0.024,0.019,0.981,0.019,0.008,1989096.25,42264.11,1348556.34,0,2025-12-17T15:00:00Z,2028-10-31T04:00:00Z,2028-10-31T04:00:00Z,,,,structured,,,,,,,,2026-09-17T17:14:46+00:00,https://kalshi.com/markets/kxmlb/world-series/kxmlb-26,True
kalshi,KXNCAAFGAME-26SEP19UGAARK-ARK,https://kalshi.com/markets/kxncaafgame/college-football-game,Arkansas wins,Arkansas,KXNCAAFGAME-26SEP19UGAARK,Georgia vs Arkansas,KXNCAAFGAME,College Football Game,Sports,"[""Football""]",open,binary,0.05,0.06,0.05,0.055,0.945,0.055,0.01,92597.67,42085.72,82513.41,0,2026-09-05T16:08:00Z,2026-09-21T16:00:00Z,2026-09-21T16:00:00Z,,,,structured,,,,,,,,2026-09-17T17:14:13+00:00,https://kalshi.com/markets/kxncaafgame/college-football-game/kxncaafgame-26sep19ugaark,True
kalshi,KXPGATOUR-BICA26-KNAK,https://kalshi.com/markets/kxpgatour/pga-tour,Will Keita Nakajima win the Biltmore Championship Asheville?,Keita Nakajima,KXPGATOUR-BICA26,Biltmore Championship Asheville Winner,KXPGATOUR,PGA Tour,Sports,"[""Golf""]",open,binary,0.002,0.007,0.008,0.0045,0.9955,0.0045,0.005,88575.48,42055.2,56314.42,0,2026-09-13T23:05:00Z,2026-10-04T00:00:00Z,2026-10-04T00:00:00Z,,,,structured,,,,,,,,2026-09-17T17:14:02+00:00,https://kalshi.com/markets/kxpgatour/pga-tour/kxpgatour-bica26,True
kalshi,KXPGAR1LEAD-BICA26-DCHA,https://kalshi.com/markets/kxpgar1lead/pga-round-1-leader,Davis Chatfield leads at the end of Round 1,Davis Chatfield,KXPGAR1LEAD-BICA26,Biltmore Championship Asheville End of Round 1 Leader,KXPGAR1LEAD,PGA Round 1 Leader,Sports,"[""Golf""]",open,binary,0.004,0.009,0.004,0.0065,0.9935,0.0065,0.005,59471.06,41921.13,59234.18,0,2026-09-14T00:10:00Z,2026-10-04T00:00:00Z,2026-10-04T00:00:00Z,,,,structured,,,,,,,,2026-09-17T17:14:02+00:00,https://kalshi.com/markets/kxpgar1lead/pga-round-1-leader/kxpgar1lead-bica26,True
polymarket,0x8a5c0b5fc339f2dbaf584def66bcf8bff94d91f0250562e452782fed3d18f821,https://polymarket.com/event/crude-oil-all-time-high-by/will-crude-oil-reach-a-new-all-time-high-by-december-31,Will Crude Oil reach a new all-time high by December 31?,December 31,435099,Crude Oil all time high by...?,crude-oil-all-time-high-by,Crude Oil all time high by...?,,[],open,binary,0.12,0.14,0.13,0.13,0.87,0.13,0.02,1275376.3034390002,41819.665253,,84204.1589,2026-04-30T18:40:25.304027Z,2027-01-01T04:59:00Z,2027-01-01T04:59:00Z,,,,,,,,-3,"[""Yes"", ""No""]","[0.13, 0.87]",89220876555191016916241799318314090743516702009053928118059298766028257434413,2026-09-17T17:13:45+00:00,,
kalshi,KXPGAR1LEAD-BICA26-ADUM,https://kalshi.com/markets/kxpgar1lead/pga-round-1-leader,Adrien Dumont De Chassart leads at the end of Round 1,Adrien Dumont De Chassart,KXPGAR1LEAD-BICA26,Biltmore Championship Asheville End of Round 1 Leader,KXPGAR1LEAD,PGA Round 1 Leader,Sports,"[""Golf""]",open,binary,0,0.009,0.015,0.0045,0.9955,0.0045,0.009,50023.44,41796.92,44410.5,0,2026-09-14T00:10:00Z,2026-10-04T00:00:00Z,2026-10-04T00:00:00Z,,,,structured,,,,,,,,2026-09-17T17:14:02+00:00,https://kalshi.com/markets/kxpgar1lead/pga-round-1-leader/kxpgar1lead-bica26,True
polymarket,0xd7b7147b215c5c31c31a9c54d6e6c6643638fb602402ca8cfdd09644c54bdb70,https://polymarket.com/event/what-price-will-wti-hit-in-september-2026/will-wti-reach-105-in-september-2026-from-september-16,Will WTI Crude Oil (WTI) hit (HIGH) $105 in September?,↑ $105,907966,What will WTI Crude Oil (WTI) hit in September 2026?,what-price-will-wti-hit-in-september-2026,What will WTI Crude Oil (WTI) hit in September 2026?,,[],open,binary,0.48,0.52,0.48,0.5,0.5,0.5,0.04,41887.489116,41701.455782,,28564.435,2026-09-16T16:43:51Z,2026-10-01T03:59:59.999Z,2026-10-01T03:59:59.999Z,,,,,,,,-24.5,"[""Yes"", ""No""]","[0.5, 0.5]",4040504988600425951977678769699024642848232259213369529341646919575506575099,2026-09-17T17:13:45+00:00,,
kalshi,KXMLBTOTAL-26SEP171235MILPIT-8,https://kalshi.com/markets/kxmlbtotal/pro-baseball-total-points,Over 7.5 runs scored,Over 7.5 runs scored,KXMLBTOTAL-26SEP171235MILPIT,Milwaukee vs Pittsburgh: Total Runs,KXMLBTOTAL,Pro Baseball Total Points,Sports,"[""Baseball""]",open,binary,0.82,0.83,0.76,0.825,0.175,0.825,0.01,45331.88,41661.02,36124.01,0,2026-09-17T02:30:00Z,2026-09-20T16:35:00Z,2026-09-20T16:35:00Z,,,,greater,7.5,,,,,,,2026-09-17T17:13:47+00:00,https://kalshi.com/markets/kxmlbtotal/pro-baseball-total-points/kxmlbtotal-26sep171235milpit,True
polymarket,0xc949f5ad36b48204535f874f81bf559f91b034f67d5991b771bbc7d44f0fe405,https://polymarket.com/event/bitcoin-above-on-september-18-2026/bitcoin-above-72k-on-september-18-2026,"Will the price of Bitcoin be above $72,000 on September 18?","72,000",1005110,Bitcoin above ___ on September 18?,bitcoin-above-on-september-18-2026,Bitcoin above ___ on September 18?,,[],open,binary,0.995,0.997,0.997,0.996,0.004,0.996,0.002,63101.461379,41651.431127,,50263.2693,2026-09-11T16:00:18Z,2026-09-18T16:00:00Z,2026-09-18T16:00:00Z,,,,,,,,5.5,"[""Yes"", ""No""]","[0.996, 0.004]",87917709931102758828146600652918870798971651548097685469871820725519334747594,2026-09-17T17:13:45+00:00,,
kalshi,KXCS2GAME-26SEP171000ENCEHON-HON,https://kalshi.com/markets/kxcs2game/counter-strike-2-game,Honvéd wins,Honvéd,KXCS2GAME-26SEP171000ENCEHON,ENCE vs. Honvéd,KXCS2GAME,Counter-Strike 2 Game,Sports,"[""Esports""]",open,binary,0,0.01,0.01,0.005,0.995,0.005,0.01,41622.13,41622.13,25004.37,0,2026-09-16T22:15:00Z,2026-09-19T14:00:00Z,2026-09-19T14:00:00Z,,,,structured,,,,,,,,2026-09-17T17:13:48+00:00,https://kalshi.com/markets/kxcs2game/counter-strike-2-game/kxcs2game-26sep171000encehon,True
polymarket,0xd5d9fc47718bd553592d126b1fa5e87183d27f3936975b0c04cc0f2dec1f1bb4,https://polymarket.com/event/which-party-will-win-the-house-in-2026/will-the-democratic-party-control-the-house-after-the-2026-midterm-elections,Will the Democratic Party control the House after the 2026 Midterm elections?,Democratic Party,32225,Which party will win the House in 2026?,which-party-will-win-the-house-in-2026,Which party will win the House in 2026?,,[],open,binary,0.88,0.89,0.89,0.885,0.115,0.885,0.01,6592165.521416001,41513.84972,,1299746.4427,2025-07-11T19:50:44.885Z,2026-11-03T00:00:00Z,2026-11-03T00:00:00Z,,,,,,,,1,"[""Yes"", ""No""]","[0.885, 0.115]",83247781037352156539108067944461291821683755894607244160607042790356561625563,2026-09-17T17:13:45+00:00,,
kalshi,KXMLB-26-MIL,https://kalshi.com/markets/kxmlb/world-series,Will Milwaukee win the 2026 Pro Baseball Championship?,Milwaukee,KXMLB-26,Pro Baseball Champion,KXMLB,World Series,Sports,"[""Baseball""]",open,binary,0.155,0.162,0.162,0.1585,0.8415,0.1585,0.007,4193363.69,41477.62,2712756.06,0,2025-12-17T15:00:00Z,2028-10-31T04:00:00Z,2028-10-31T04:00:00Z,,,,structured,,,,,,,,2026-09-17T17:14:46+00:00,https://kalshi.com/markets/kxmlb/world-series/kxmlb-26,True
kalshi,KXPGAR1LEAD-BICA26-SJAE,https://kalshi.com/markets/kxpgar1lead/pga-round-1-leader,Stephan Jaeger leads at the end of Round 1,Stephan Jaeger,KXPGAR1LEAD-BICA26,Biltmore Championship Asheville End of Round 1 Leader,KXPGAR1LEAD,PGA Round 1 Leader,Sports,"[""Golf""]",open,binary,0,0.01,0.007,0.005,0.995,0.005,0.01,56489.91,41418.34,56489.91,0,2026-09-14T00:10:00Z,2026-10-04T00:00:00Z,2026-10-04T00:00:00Z,,,,structured,,,,,,,,2026-09-17T17:14:02+00:00,https://kalshi.com/markets/kxpgar1lead/pga-round-1-leader/kxpgar1lead-bica26,True
kalshi,KXRATECUTCOUNT-26DEC31-T1,https://kalshi.com/markets/kxratecutcount/number-of-rate-cuts,Will the Fed cut rates 1 times?,Exactly 1 cut,KXRATECUTCOUNT-26DEC31,Number of rate cuts in 2026?,KXRATECUTCOUNT,Number of rate cuts,Economics,"[""Fed""]",open,binary,0.043,0.047,0.042,0.045,0.955,0.045,0.004,1055410.22,41399.93,410519.89,0,2025-09-29T14:00:00Z,2027-01-01T04:59:00Z,2027-01-01T15:00:00Z,,,,between,1,1,,,,,,2026-09-17T17:14:47+00:00,https://kalshi.com/markets/kxratecutcount/number-of-rate-cuts/kxratecutcount-26dec31,True
polymarket,0xbdd54adcdfc01d5e5c748aa0f65a1736c0f2b9491197f221d2f1ece291612e23,https://polymarket.com/event/epl-bre-che-2026-09-18/epl-bre-che-2026-09-18-che,Will Chelsea FC win on 2026-09-18?,Chelsea FC,967958,Brentford FC vs. Chelsea FC,epl-bre-che-2026-09-18,Brentford FC vs. Chelsea FC,,[],open,binary,0.4,0.41,0.41,0.405,0.595,0.405,0.01,73361.03804599993,41347.440299,,271725.0084,2026-09-05T04:00:13Z,2026-09-18T19:00:00Z,2026-09-18T19:00:00Z,,,,,,,,-1,"[""Yes"", ""No""]","[0.405, 0.595]",16072961920521112482414000943907313769148721189135516614413936317958935388343,2026-09-17T17:13:45+00:00,,
polymarket,0x88d67705780a3d922317ecb0c78a947a306174d0510df2ae89394d5abfb28206,https://polymarket.com/event/democratic-presidential-nominee-2028/will-barack-obama-win-the-2028-democratic-presidential-nomination-265,Will Barack Obama win the 2028 Democratic presidential nomination?,Barack Obama,30829,Democratic Presidential Nominee 2028,democratic-presidential-nominee-2028,Democratic Presidential Nominee 2028,,[],open,binary,0.001,0.002,0.002,0.0015,0.9985,0.0015,0.001,34105020.047860034,41226.649,,2514809.01518,2025-07-11T18:36:22.421Z,2028-11-07T00:00:00Z,2028-11-07T00:00:00Z,,,,,,,,,"[""Yes"", ""No""]","[0.0015, 0.9985]",88927218779847397120407909832537568114340511586397698395193736044476021744522,2026-09-17T17:13:45+00:00,,
kalshi,KXPGAR1LEAD-BICA26-ECOL,https://kalshi.com/markets/kxpgar1lead/pga-round-1-leader,Eric Cole leads at the end of Round 1,Eric Cole,KXPGAR1LEAD-BICA26,Biltmore Championship Asheville End of Round 1 Leader,KXPGAR1LEAD,PGA Round 1 Leader,Sports,"[""Golf""]",open,binary,0.018,0.028,0.028,0.023,0.977,0.023,0.01,51901.26,41206.92,51891.26,0,2026-09-14T00:10:00Z,2026-10-04T00:00:00Z,2026-10-04T00:00:00Z,,,,structured,,,,,,,,2026-09-17T17:14:02+00:00,https://kalshi.com/markets/kxpgar1lead/pga-round-1-leader/kxpgar1lead-bica26,True
kalshi,KXBTCD-26SEP1714-T76799.99,https://kalshi.com/markets/kxbtcd/bitcoin-price-above-below,"Bitcoin price on Sep 17, 2026?","$76,800 or above",KXBTCD-26SEP1714,"BTC price on Sep 17, 2026 at 2pm EDT?",KXBTCD,Bitcoin price Above/below,Crypto,"[""Hourly"", ""BTC""]",open,binary,0.4,0.41,0.41,0.405,0.595,0.405,0.01,44912.26,41182.09,24670.8,0,2026-09-17T17:00:00Z,2026-09-17T18:00:00Z,2026-09-24T18:00:00Z,,,,greater,76799.99,,BRTI,,,,,2026-09-17T17:13:51+00:00,https://kalshi.com/markets/kxbtcd/bitcoin-price-above-below/kxbtcd-26sep1714,True
kalshi,KXDPWORLDTOURR1LEAD-BMPC26-LABE,https://kalshi.com/markets/kxdpworldtourr1lead/dp-world-tour-r1-leader,Ludvig Aberg leads at the end of Round 1,Ludvig Aberg,KXDPWORLDTOURR1LEAD-BMPC26,BMW PGA Championship End of Round 1 Leader,KXDPWORLDTOURR1LEAD,DP World Tour R1 Leader,Sports,"[""Golf""]",open,binary,0,0.03,0.01,0.015,0.985,0.015,0.03,45888.13,41116.29,39140.89,0,2026-09-14T00:10:00Z,2026-10-04T00:00:00Z,2026-10-04T00:00:00Z,,,,structured,,,,,,,,2026-09-17T17:14:02+00:00,https://kalshi.com/markets/kxdpworldtourr1lead/dp-world-tour-r1-leader/kxdpworldtourr1lead-bmpc26,True
kalshi,KXPGAR1LEAD-BICA26-NDUN,https://kalshi.com/markets/kxpgar1lead/pga-round-1-leader,Nick Dunlap leads at the end of Round 1,Nick Dunlap,KXPGAR1LEAD-BICA26,Biltmore Championship Asheville End of Round 1 Leader,KXPGAR1LEAD,PGA Round 1 Leader,Sports,"[""Golf""]",open,binary,0,0.01,0.007,0.005,0.995,0.005,0.01,41116.36,41027.1,41116.36,0,2026-09-14T00:10:00Z,2026-10-04T00:00:00Z,2026-10-04T00:00:00Z,,,,structured,,,,,,,,2026-09-17T17:14:02+00:00,https://kalshi.com/markets/kxpgar1lead/pga-round-1-leader/kxpgar1lead-bica26,True
kalshi,KXNFLFIRSTTD-26SEP17DETBUF-DETJWILLIAMS1,https://kalshi.com/markets/kxnflfirsttd/pro-football-first-touchdown,Jameson Williams: 1st Touchdown,Jameson Williams,KXNFLFIRSTTD-26SEP17DETBUF,Detroit vs Buffalo: 1st Touchdown,KXNFLFIRSTTD,Pro Football First Touchdown,Sports,"[""Football""]",open,binary,0.05,0.06,0.06,0.055,0.945,0.055,0.01,51329.76,40999.43,50657.35,0,2026-09-15T09:15:00Z,2026-09-20T00:15:00Z,2026-09-20T00:15:00Z,,,,structured,,,,,,,,2026-09-17T17:13:55+00:00,https://kalshi.com/markets/kxnflfirsttd/pro-football-first-touchdown/kxnflfirsttd-26sep17detbuf,True
kalshi,KXDANCINGWITHTHESTARS-26DEC31-AGLE,https://kalshi.com/markets/kxdancingwiththestars/who-will-win-dancing-with-the-stars,Will Amber Glenn win Dancing with the Stars Season 35?,Amber Glenn,KXDANCINGWITHTHESTARS-26DEC31,Dancing with the Stars Season 35 · Winner,KXDANCINGWITHTHESTARS,Who will win dancing with the stars?,Entertainment,"[""Television"", ""Dancing with the Stars""]",open,binary,0.11,0.13,0.14,0.12,0.88,0.12,0.02,88985.53,40854.91,69679.21,0,2026-09-02T16:08:00Z,2027-01-07T15:00:00Z,2027-01-07T15:00:00Z,,,,custom,,,,,,,,2026-09-17T17:14:14+00:00,https://kalshi.com/markets/kxdancingwiththestars/who-will-win-dancing-with-the-stars/kxdancingwiththestars-26dec31,True
polymarket,0x8a4196617dcb703e49d9bb36d3847bf6a75fd364dbd19f8d408ac944bf1a03d8,https://polymarket.com/event/fed-decision-in-december-20260729232808632/will-the-fed-increase-interest-rates-by-25-bps-after-the-december-2026-meeting-20260729232808636,Will the Fed increase interest rates by 25 bps after the December 2026 meeting?,25 bps increase,770450,Fed Decision in December?,fed-decision-in-december-20260729232808632,Fed Decision in December?,,[],open,binary,0.67,0.68,0.67,0.675,0.325,0.675,0.01,277755.04431,40796.243897,,108066.1616,2026-07-30T00:55:13.207782Z,2026-12-09T23:59:00Z,2026-12-09T23:59:00Z,,,,,,,,7,"[""Yes"", ""No""]","[0.675, 0.325]",111662129652828266889360374468657435151479595863413519836161861837506140152890,2026-09-17T17:13:45+00:00,,
kalshi,KXBTCD-26SEP1714-T76699.99,https://kalshi.com/markets/kxbtcd/bitcoin-price-above-below,"Bitcoin price on Sep 17, 2026?","$76,700 or above",KXBTCD-26SEP1714,"BTC price on Sep 17, 2026 at 2pm EDT?",KXBTCD,Bitcoin price Above/below,Crypto,"[""Hourly"", ""BTC""]",open,binary,0.59,0.6,0.59,0.595,0.405,0.595,0.01,51216.07,40757.2,27192.54,0,2026-09-17T17:00:00Z,2026-09-17T18:00:00Z,2026-09-24T18:00:00Z,,,,greater,76699.99,,BRTI,,,,,2026-09-17T17:13:51+00:00,https://kalshi.com/markets/kxbtcd/bitcoin-price-above-below/kxbtcd-26sep1714,True
kalshi,KXEFLCUPADVANCE-26SEP17MCINOR-NOR,https://kalshi.com/markets/kxeflcupadvance/efl-cup-advance,Norwich To Advance,Norwich advances,KXEFLCUPADVANCE-26SEP17MCINOR,Manchester City vs Norwich,KXEFLCUPADVANCE,EFL Cup Advance,Sports,"[""Soccer""]",open,binary,0.04,0.06,0.05,0.05,0.95,0.05,0.02,41283.09,40689.92,35171.18,0,2026-09-10T00:35:00Z,2026-09-19T18:30:00Z,2026-09-19T18:30:00Z,,,,structured,,,,,,,,2026-09-17T17:14:11+00:00,https://kalshi.com/markets/kxeflcupadvance/efl-cup-advance/kxeflcupadvance-26sep17mcinor,True
polymarket,0x36ca388f5ce7e8570f12ac9112bd8210b99394adc2683775a7d53b02eae0109a,https://polymarket.com/event/elon-musk-of-tweets-september-11-september-18-2026/elon-musk-of-tweets-september-11-september-18-2026-260-279,"Will Elon Musk post 260-279 tweets from September 11 to September 18, 2026?",260-279,986503,"Elon Musk # tweets September 11 - September 18, 2026?",elon-musk-of-tweets-september-11-september-18-2026,"Elon Musk # tweets September 11 - September 18, 2026?",,[],open,binary,0.001,0.002,0.002,0.0015,0.9985,0.0015,0.001,99882.18021000002,40656.393432,,24555.72259,2026-09-08T04:00:42Z,2026-09-18T16:00:00Z,2026-09-18T16:00:00Z,,,,,,,,-0.65,"[""Yes"", ""No""]","[0.0015, 0.9985]",90161419627398305639606177400835956704524507417021957895305779276212224901525,2026-09-17T17:13:45+00:00,,
polymarket,0xc3210fbb791fd5a4b847ea1eeb9d131d72c496f627d6ef4138d0e5036103af0c,https://polymarket.com/event/bitcoin-above-on-september-18-2026/bitcoin-above-78k-on-september-18-2026,"Will the price of Bitcoin be above $78,000 on September 18?","78,000",1005110,Bitcoin above ___ on September 18?,bitcoin-above-on-september-18-2026,Bitcoin above ___ on September 18?,,[],open,binary,0.16,0.17,0.16,0.165,0.835,0.165,0.01,48582.33502800001,40589.388237,,48601.5084,2026-09-11T16:00:18Z,2026-09-18T16:00:00Z,2026-09-18T16:00:00Z,,,,,,,,1.5,"[""Yes"", ""No""]","[0.165, 0.835]",34340993316789536575530913892034860428237707693034309053303767970958915506286,2026-09-17T17:13:45+00:00,,
kalshi,KXPGATOUR-BICA26-MKIM,https://kalshi.com/markets/kxpgatour/pga-tour,Will Michael Kim win the Biltmore Championship Asheville?,Michael Kim,KXPGATOUR-BICA26,Biltmore Championship Asheville Winner,KXPGATOUR,PGA Tour,Sports,"[""Golf""]",open,binary,0.01,0.014,0.014,0.012,0.988,0.012,0.004,281962.92,40472.5,259960.64,0,2026-09-13T23:05:00Z,2026-10-04T00:00:00Z,2026-10-04T00:00:00Z,,,,structured,,,,,,,,2026-09-17T17:14:02+00:00,https://kalshi.com/markets/kxpgatour/pga-tour/kxpgatour-bica26,True
kalshi,KXMLBRFI-26SEP172138MINLAA,https://kalshi.com/markets/kxmlbrfi/pro-baseball-run-in-first-inning,1st inning: Over 0.5 runs,Over 0.5 runs in the 1st inning,KXMLBRFI-26SEP172138MINLAA,Minnesota vs Los Angeles A: First Inning Run,KXMLBRFI,Pro Baseball Run in First Inning,Sports,"[""Baseball""]",open,binary,0.45,0.46,0.45,0.455,0.545,0.455,0.01,40395.15,40389.48,40395.15,0,2026-09-15T02:10:00Z,2026-09-21T01:38:00Z,2026-09-21T01:38:00Z,,,,greater_or_equal,1,,,,,,,2026-09-17T17:13:55+00:00,https://kalshi.com/markets/kxmlbrfi/pro-baseball-run-in-first-inning/kxmlbrfi-26sep172138minlaa,True
kalshi,KXNFLTD-26SEP17DETBUF-DETITESLAA18-1,https://kalshi.com/markets/kxnfltd/pro-football-touchdowns,Isaac TeSlaa: 1+ touchdowns,Isaac TeSlaa: 1+,KXNFLTD-26SEP17DETBUF,Detroit vs Buffalo: Touchdowns,KXNFLTD,Pro Football Touchdowns,Sports,"[""Football""]",open,binary,0.14,0.15,0.15,0.145,0.855,0.145,0.01,98035.33,40298.16,91256.52,0,2026-09-15T00:15:00Z,2026-09-20T00:15:00Z,2026-09-20T00:15:00Z,,,,greater,0.5,,,,,,,2026-09-17T17:13:56+00:00,https://kalshi.com/markets/kxnfltd/pro-football-touchdowns/kxnfltd-26sep17detbuf,True
kalshi,KXDPWORLDTOUR-BMPC26-RNEE,https://kalshi.com/markets/kxdpworldtour/dp-world-tour-tournament-winner,Will Rasmus Neergaard-Petersen win the BMW PGA Championship?,Rasmus Neergaard-Petersen,KXDPWORLDTOUR-BMPC26,BMW PGA Championship Winner,KXDPWORLDTOUR,DP World Tour Tournament Winner,Sports,"[""Golf""]",open,binary,0.022,0.025,0.026,0.0235,0.9765,0.0235,0.003,81854.06,40237.9,81854.06,0,2026-09-12T12:00:00Z,2026-10-04T00:00:00Z,2026-10-04T00:00:00Z,,,,structured,,,,,,,,2026-09-17T17:14:05+00:00,https://kalshi.com/markets/kxdpworldtour/dp-world-tour-tournament-winner/kxdpworldtour-bmpc26,True
kalshi,KXPRESNOMD-28-ZMAM,https://kalshi.com/markets/kxpresnomd/democratic-primary-winner,Will Zohran Mamdani be the Democratic Presidential nominee in 2028?,Zohran Mamdani,KXPRESNOMD-28,2028 Democratic presidential nominee,KXPRESNOMD,Democratic Primary winner,Elections,"[""2028"", ""US Elections""]",open,binary,0.001,0.002,0.002,0.0015,0.9985,0.0015,0.001,8718776.81,40218.44,3976086.38,0,2025-06-27T15:28:00Z,2028-11-07T15:00:00Z,2028-11-07T15:00:00Z,,,,custom,,,,,,,,2026-09-17T17:14:47+00:00,https://kalshi.com/markets/kxpresnomd/democratic-primary-winner/kxpresnomd-28,True
polymarket,0x87091dc5932f015d80c40e71e47cb043c3f8b6098484eb5bc3943cf35ee9afc1,https://polymarket.com/event/ballon-dor-winner-2026/will-kylian-mbapp-win-the-2026-ballon-dor,Will Kylian Mbappé win the 2026 Ballon d'Or?,Kylian Mbappé,48361,Ballon d'Or Winner 2026,ballon-dor-winner-2026,Ballon d'Or Winner 2026,,[],open,binary,0.104,0.108,0.108,0.106,0.894,0.106,0.004,2335198.3892999985,39985.566391,,106502.08468,2025-09-22T23:39:02.264031Z,2026-10-31T00:00:00Z,2026-10-31T00:00:00Z,,,,,,,,-1.15,"[""Yes"", ""No""]","[0.106, 0.894]",95640549996905293510297955529586737178285694064878854803914367446504739764113,2026-09-17T17:13:45+00:00,,
kalshi,KXLALIGATOTAL-26SEP17RBBGET-2,https://kalshi.com/markets/kxlaligatotal/la-liga-total,Will over 1.5 goals be scored?,Over 1.5 goals scored,KXLALIGATOTAL-26SEP17RBBGET,Real Betis vs Getafe: Total Goals,KXLALIGATOTAL,La Liga Total,Sports,"[""Soccer""]",open,binary,0.7,0.71,0.81,0.705,0.295,0.705,0.01,42303.25,39978.66,38225.72,0,2026-09-10T17:10:00Z,2026-09-19T17:00:00Z,2026-09-19T17:00:00Z,,,,greater,1.5,,,,,,,2026-09-17T17:14:11+00:00,https://kalshi.com/markets/kxlaligatotal/la-liga-total/kxlaligatotal-26sep17rbbget,True
kalshi,KXMLBHR-26SEP171310ATHTB-TBYDIAZ2-1,https://kalshi.com/markets/kxmlbhr/pro-baseball-home-runs,Yandy Díaz: 1+ home runs?,Yandy Díaz: 1+,KXMLBHR-26SEP171310ATHTB,A's vs Tampa Bay: Home Runs,KXMLBHR,Pro Baseball Home Runs,Sports,"[""Baseball""]",open,binary,0.15,0.16,0.17,0.155,0.845,0.155,0.01,39939.07,39939.07,39467.07,0,2026-09-17T03:11:00Z,2026-09-20T17:10:00Z,2026-09-20T17:10:00Z,,,,greater,0.5,,,,,,,2026-09-17T17:13:47+00:00,https://kalshi.com/markets/kxmlbhr/pro-baseball-home-runs/kxmlbhr-26sep171310athtb,True
kalshi,KXUELGAME-26SEP17CRYLPO-CRY,https://kalshi.com/markets/kxuelgame/uefa-europa-league-game,Crystal Palace wins,Crystal Palace,KXUELGAME-26SEP17CRYLPO,Crystal Palace vs Lech Poznan,KXUELGAME,UEFA Europa League Game,Sports,"[""Soccer""]",open,binary,0.73,0.74,0.74,0.735,0.265,0.735,0.01,42213.74,39926.48,39779.37,0,2026-09-03T00:39:00Z,2026-09-20T01:00:00Z,2026-09-20T01:00:00Z,,,,structured,,,,,,,,2026-09-17T17:14:14+00:00,https://kalshi.com/markets/kxuelgame/uefa-europa-league-game/kxuelgame-26sep17crylpo,True
kalshi,KXEFLCUPBTTS-26SEP17MCINOR-BTTS,https://kalshi.com/markets/kxeflcupbtts/btts,Reg Time: Both Teams To Score,Reg Time: Both Teams To Score,KXEFLCUPBTTS-26SEP17MCINOR,Manchester City vs Norwich: Regulation Time BTTS,KXEFLCUPBTTS,BTTS,Sports,"[""Soccer""]",open,binary,0.45,0.46,0.46,0.455,0.545,0.455,0.01,40095.25,39870.19,28521.55,0,2026-09-14T19:06:00Z,2026-09-19T18:30:00Z,2026-09-19T18:30:00Z,,,,,,,,,,,,2026-09-17T17:13:58+00:00,https://kalshi.com/markets/kxeflcupbtts/btts/kxeflcupbtts-26sep17mcinor,True
kalshi,KXETHD-26SEP1717-T2479.99,https://kalshi.com/markets/kxethd/ethereum-price-above-below,"Ethereum price at Sep 17, 2026 at 5pm EDT?","$2,480 or above",KXETHD-26SEP1717,"ETH price on Sep 17, 2026 at 5pm EDT?",KXETHD,Ethereum price Above/below,Crypto,"[""Hourly"", ""ETH""]",open,binary,0.27,0.28,0.35,0.275,0.725,0.275,0.01,39787.95,39787.95,18921.03,0,2026-09-16T20:00:00Z,2026-09-17T21:00:00Z,2026-09-24T21:00:00Z,,,,greater,2479.99,,ERTI,,,,,2026-09-17T17:13:51+00:00,https://kalshi.com/markets/kxethd/ethereum-price-above-below/kxethd-26sep1717,True
polymarket,0x4255ffaae08929ba32c64f174cf270d082cc742560ddcfe98ed211c848a055f6,https://polymarket.com/event/will-xi-jinping-visit-us-before-2027/will-xi-jinping-visit-us-by-september-23,Will Xi Jinping visit US by September 23?,September 23,208023,Will Xi Jinping visit US by...?,will-xi-jinping-visit-us-before-2027,Will Xi Jinping visit US by...?,,[],open,binary,0.9,0.92,0.91,0.91,0.09,0.91,0.02,62506.415636,39782.08934,,41869.8154,2026-09-03T10:55:17Z,2026-09-23T23:59:00Z,2026-09-23T23:59:00Z,,,,,,,,8.5,"[""Yes"", ""No""]","[0.91, 0.09]",101321181564088158422227723212690947232239133887829457369315741265791512587789,2026-09-17T17:13:45+00:00,,
kalshi,KXWTI-26SEP1714-T97.49,https://kalshi.com/markets/kxwti/wti-oil-on-day,"Will the WTI crude oil settlement price be above 97.49 USD/Bbl on Sep 17, 2026?",Above $97.49,KXWTI-26SEP1714,"Oil Price (WTI) on Sep 17, 2026?",KXWTI,WTI oil on day,Commodities,"[""Oil & Gas""]",open,binary,0.47,0.49,0.45,0.48,0.52,0.48,0.02,40126.07,39760.81,18937.99,0,2026-09-15T23:30:00Z,2026-09-17T18:30:00Z,2026-09-24T19:30:00Z,,,,greater,97.49,,,,,,,2026-09-17T17:13:53+00:00,https://kalshi.com/markets/kxwti/wti-oil-on-day/kxwti-26sep1714,True
kalshi,KXUFCFIGHT-26SEP19STESHA-SHA,https://kalshi.com/markets/kxufcfight/ufc-fight,Sean Sharaf wins,Sean Sharaf,KXUFCFIGHT-26SEP19STESHA,331: Steveson vs Sharaf,KXUFCFIGHT,UFC Fight,Sports,"[""MMA""]",open,binary,0.08,0.09,0.09,0.085,0.915,0.085,0.01,132205.53,39734.09,120857.23,0,2026-09-06T04:45:00Z,2026-10-04T00:00:00Z,2026-10-04T00:00:00Z,,,,structured,,,,,,,,2026-09-17T17:14:12+00:00,https://kalshi.com/markets/kxufcfight/ufc-fight/kxufcfight-26sep19stesha,True
kalshi,KXCS2GAME-26SEP171000EXRBLA-EXR,https://kalshi.com/markets/kxcs2game/counter-strike-2-game,ex-RUSTEC wins,ex-RUSTEC,KXCS2GAME-26SEP171000EXRBLA,ex-RUSTEC vs. Black Phoenix,KXCS2GAME,Counter-Strike 2 Game,Sports,"[""Esports""]",open,binary,0.57,0.61,0.41,0.59,0.41,0.59,0.04,44227.37,39693.46,23901.24,0,2026-09-16T22:50:00Z,2026-09-19T14:00:00Z,2026-09-19T14:00:00Z,,,,structured,,,,,,,,2026-09-17T17:13:48+00:00,https://kalshi.com/markets/kxcs2game/counter-strike-2-game/kxcs2game-26sep171000exrbla,True
kalshi,KXPGATOUR-BICA26-JKEE,https://kalshi.com/markets/kxpgatour/pga-tour,Will Johnny Keefer win the Biltmore Championship Asheville?,Johnny Keefer,KXPGATOUR-BICA26,Biltmore Championship Asheville Winner,KXPGATOUR,PGA Tour,Sports,"[""Golf""]",open,binary,0.01,0.013,0.013,0.0115,0.9885,0.0115,0.003,77650.69,39620.59,64198.66,0,2026-09-13T23:05:00Z,2026-10-04T00:00:00Z,2026-10-04T00:00:00Z,,,,structured,,,,,,,,2026-09-17T17:14:02+00:00,https://kalshi.com/markets/kxpgatour/pga-tour/kxpgatour-bica26,True
kalshi,KXDANCINGWITHTHESTARS-26DEC31-JSTIL,https://kalshi.com/markets/kxdancingwiththestars/who-will-win-dancing-with-the-stars,Will Julia Stiles win Dancing with the Stars Season 35?,Julia Stiles,KXDANCINGWITHTHESTARS-26DEC31,Dancing with the Stars Season 35 · Winner,KXDANCINGWITHTHESTARS,Who will win dancing with the stars?,Entertainment,"[""Television"", ""Dancing with the Stars""]",open,binary,0.05,0.07,0.08,0.06,0.94,0.06,0.02,91098.31,39566.15,60755.07,0,2026-09-02T16:08:00Z,2027-01-07T15:00:00Z,2027-01-07T15:00:00Z,,,,custom,,,,,,,,2026-09-17T17:14:14+00:00,https://kalshi.com/markets/kxdancingwiththestars/who-will-win-dancing-with-the-stars/kxdancingwiththestars-26dec31,True
kalshi,KXLALIGASCORE-26SEP17RBBGET-RBB2GET1,https://kalshi.com/markets/kxlaligascore/correct-score,Final score Real Betis Seville wins 2-1?,Real Betis Seville wins 2-1,KXLALIGASCORE-26SEP17RBBGET,Real Betis Seville vs Getafe CF: Correct Score,KXLALIGASCORE,Correct Score,Sports,"[""Soccer""]",open,binary,0.1,0.12,0.11,0.11,0.89,0.11,0.02,39576.46,39564.91,39571.12,0,2026-09-15T17:10:00Z,2026-09-19T23:00:00Z,2026-09-19T23:00:00Z,,,,custom,,,,,,,,2026-09-17T17:13:54+00:00,https://kalshi.com/markets/kxlaligascore/correct-score/kxlaligascore-26sep17rbbget,True
kalshi,KXBTCD-26SEP1817-T75999.99,https://kalshi.com/markets/kxbtcd/bitcoin-price-above-below,"Bitcoin price on Sep 18, 2026?","$76,000 or above",KXBTCD-26SEP1817,"BTC price on Sep 18, 2026 at 5pm EDT?",KXBTCD,Bitcoin price Above/below,Crypto,"[""Hourly"", ""BTC""]",open,binary,0.73,0.74,0.72,0.735,0.265,0.735,0.01,83865.86,39558.82,22351.88,0,2026-09-11T20:00:00Z,2026-09-18T21:00:00Z,2026-09-25T21:00:00Z,,,,greater,75999.99,,BRTI,,,,,2026-09-17T17:14:06+00:00,https://kalshi.com/markets/kxbtcd/bitcoin-price-above-below/kxbtcd-26sep1817,True
kalshi,KXDPWORLDTOURR1LEAD-BMPC26-JLAG,https://kalshi.com/markets/kxdpworldtourr1lead/dp-world-tour-r1-leader,Joakim Lagergren leads at the end of Round 1,Joakim Lagergren,KXDPWORLDTOURR1LEAD-BMPC26,BMW PGA Championship End of Round 1 Leader,KXDPWORLDTOURR1LEAD,DP World Tour R1 Leader,Sports,"[""Golf""]",open,binary,0.41,0.51,0.51,0.46,0.54,0.46,0.1,39643.26,39526.41,30437.09,0,2026-09-14T00:10:00Z,2026-10-04T00:00:00Z,2026-10-04T00:00:00Z,,,,structured,,,,,,,,2026-09-17T17:14:02+00:00,https://kalshi.com/markets/kxdpworldtourr1lead/dp-world-tour-r1-leader/kxdpworldtourr1lead-bmpc26,True
polymarket,0x1cadccc29386c1913644c6197f92a7147d1db345ccfa3cab1429da293c9e7524,https://polymarket.com/event/what-price-will-wti-hit-in-september-2026/will-wti-reach-110-in-september-2026,Will WTI Crude Oil (WTI) hit (HIGH) $110 in September?,↑ $110,907966,What will WTI Crude Oil (WTI) hit in September 2026?,what-price-will-wti-hit-in-september-2026,What will WTI Crude Oil (WTI) hit in September 2026?,,[],open,binary,0.22,0.23,0.23,0.225,0.775,0.225,0.01,616068.865924,39473.617979,,93741.545,2026-08-25T04:02:10Z,2026-10-01T03:59:59.999Z,2026-10-01T03:59:59.999Z,,,,,,,,-8.5,"[""Yes"", ""No""]","[0.225, 0.775]",1469665914957747794159473535172018678649224031448821828800084553716875180650,2026-09-17T17:13:45+00:00,,
kalshi,KXNFLTOTAL-26SEP17DETBUF-54,https://kalshi.com/markets/kxnfltotal/pro-football-total-points,Full Game: over 53.5 points scored?,Over 53.5 points scored,KXNFLTOTAL-26SEP17DETBUF,Detroit vs Buffalo: Total Points,KXNFLTOTAL,Pro Football Total Points,Sports,"[""Football""]",open,binary,0.55,0.56,0.56,0.555,0.445,0.555,0.01,179611.3,39331.1,171971.75,0,2026-09-11T01:05:00Z,2026-09-20T00:15:00Z,2026-09-20T00:15:00Z,,,,greater,53.5,,,,,,,2026-09-17T17:14:06+00:00,https://kalshi.com/markets/kxnfltotal/pro-football-total-points/kxnfltotal-26sep17detbuf,True
kalshi,KXITFMATCH-26SEP17FAUBAT-BAT,https://kalshi.com/markets/kxitfmatch/itf-men-s-match,Yannis Batsabaken wins,Yannis Batsabaken,KXITFMATCH-26SEP17FAUBAT,Faurel vs Batsabaken,KXITFMATCH,ITF Men's Match,Sports,"[""Tennis""]",open,binary,0.08,0.1,0.1,0.09,0.91,0.09,0.02,39297.77,39240.4,31974.79,0,2026-09-17T00:11:00Z,2026-10-01T16:00:00Z,2026-10-01T16:00:00Z,,,,structured,,,,,,,,2026-09-17T17:13:48+00:00,https://kalshi.com/markets/kxitfmatch/itf-men-s-match/kxitfmatch-26sep17faubat,True
kalshi,KXDPWORLDTOUR-BMPC26-SLOW,https://kalshi.com/markets/kxdpworldtour/dp-world-tour-tournament-winner,Will Shane Lowry win the BMW PGA Championship?,Shane Lowry,KXDPWORLDTOUR-BMPC26,BMW PGA Championship Winner,KXDPWORLDTOUR,DP World Tour Tournament Winner,Sports,"[""Golf""]",open,binary,0.012,0.017,0.012,0.0145,0.9855,0.0145,0.005,123737.66,39231.67,114451.61,0,2026-09-12T12:00:00Z,2026-10-04T00:00:00Z,2026-10-04T00:00:00Z,,,,structured,,,,,,,,2026-09-17T17:14:05+00:00,https://kalshi.com/markets/kxdpworldtour/dp-world-tour-tournament-winner/kxdpworldtour-bmpc26,True
kalshi,KXPGATOUR-BICA26-PCOO,https://kalshi.com/markets/kxpgatour/pga-tour,Will Pierceson Coody win the Biltmore Championship Asheville?,Pierceson Coody,KXPGATOUR-BICA26,Biltmore Championship Asheville Winner,KXPGATOUR,PGA Tour,Sports,"[""Golf""]",open,binary,0.013,0.024,0.02,0.0185,0.9815,0.0185,0.011,91827.6,39158.61,86755.36,0,2026-09-13T23:05:00Z,2026-10-04T00:00:00Z,2026-10-04T00:00:00Z,,,,structured,,,,,,,,2026-09-17T17:14:02+00:00,https://kalshi.com/markets/kxpgatour/pga-tour/kxpgatour-bica26,True
polymarket,0xd0d342e06ca9d5b1e5ddf66ad92b42b9cc6010823507c8e3107afe2ee1db8852,https://polymarket.com/event/ballon-dor-winner-2026/will-pau-cubarsi-win-the-2026-ballon-dor,Will Pau Cubarsi win the 2026 Ballon d'Or?,Pau Cubarsi,48361,Ballon d'Or Winner 2026,ballon-dor-winner-2026,Ballon d'Or Winner 2026,,[],open,binary,,0.002,0.001,0.001,0.999,0.001,0.002,1093293.047578,39090.716,,165102.54895,2025-09-22T23:39:37.872Z,2026-10-31T00:00:00Z,2026-10-31T00:00:00Z,,,,,,,,-0.05,"[""Yes"", ""No""]","[0.001, 0.999]",5264677211728439009834470236168077987240809170451856067063934287137178859748,2026-09-17T17:13:45+00:00,,
kalshi,KXDJTATTACKWARSH-26SEP-26DEC01,https://kalshi.com/markets/kxdjtattackwarsh/will-trump-publicly-criticize-kevin-warsh,"Will Trump publicly criticize Kevin Warsh before Dec 1, 2026?","Before Dec 1, 2026",KXDJTATTACKWARSH-27,Will Trump publicly criticize Kevin Warsh?,KXDJTATTACKWARSH,Will Trump publicly criticize Kevin Warsh?,Politics,"[""Trump""]",open,binary,0.29,0.3,0.3,0.295,0.705,0.295,0.01,39015.63,39015.63,33103.19,0,2026-09-16T16:45:00Z,2026-12-01T04:59:00Z,2026-12-08T15:00:00Z,,,,,,,,,,,,2026-09-17T17:13:49+00:00,https://kalshi.com/markets/kxdjtattackwarsh/will-trump-publicly-criticize-kevin-warsh/kxdjtattackwarsh-27,True
polymarket,0x6c5da023077d015e91aaf9c5a6a3af8b3fcb03b390be602cbaf3139e4034ffae,https://polymarket.com/event/ethereum-above-on-september-18-2026/ethereum-above-2600-on-september-18-2026,"Will the price of Ethereum be above $2,600 on September 18?","2,600",1005106,Ethereum above ___ on September 18?,ethereum-above-on-september-18-2026,Ethereum above ___ on September 18?,,[],open,binary,0.014,0.03,0.028,0.022,0.978,0.022,0.016,49486.36729899999,38978.13000999999,,37597.03252,2026-09-11T16:00:13Z,2026-09-18T16:00:00Z,2026-09-18T16:00:00Z,,,,,,,,-1.9,"[""Yes"", ""No""]","[0.022, 0.978]",49454871466980071461721852154071567768280713204406386238745493751063118195033,2026-09-17T17:13:45+00:00,,
kalshi,KXBTCMAX150-25-26DEC31-149999.99,https://kalshi.com/markets/kxbtcmax150/when-will-bitcoin-hit-150k,"Will Bitcoin be above $149999.99 by Dec 31, 2026 at 11:59PM ET?",Before January 2027,KXBTCMAX150-25,When will Bitcoin hit $150k?,KXBTCMAX150,When will bitcoin hit 150k?,Crypto,"[""BTC""]",open,binary,0.03,0.04,0.04,0.035,0.965,0.035,0.01,1357566.38,38950.08,653200.79,0,2026-04-04T17:00:00Z,2027-01-01T04:59:00Z,2027-01-31T04:59:00Z,,,,greater,149999.99,,,,,,,2026-09-17T17:14:42+00:00,https://kalshi.com/markets/kxbtcmax150/when-will-bitcoin-hit-150k/kxbtcmax150-25,True
polymarket,0x1a0ee6650a9706f7adf9bd36ec5cdb001d5c89ac586b0d9a9f3b6c03f3082823,https://polymarket.com/event/what-price-will-ethereum-hit-in-september-2026/will-ethereum-reach-2600-in-september-2026-from-september-15,"Will Ethereum reach $2,600 in September?","↑ 2,600",946005,What price will Ethereum hit in September?,what-price-will-ethereum-hit-in-september-2026,What price will Ethereum hit in September?,,[],open,binary,0.58,0.6,0.59,0.59,0.41,0.59,0.02,139571.97568400003,38826.798725,,51590.4343,2026-09-15T16:18:24Z,2026-10-01T04:00:00Z,2026-10-01T04:00:00Z,,,,,,,,12.5,"[""Yes"", ""No""]","[0.59, 0.41]",105124148773088097866098298574198124393664254186910200841740479235374792571057,2026-09-17T17:13:45+00:00,,
kalshi,KXRATECUTCOUNT-26DEC31-T6,https://kalshi.com/markets/kxratecutcount/number-of-rate-cuts,Will the Fed cut rates 6 times?,Exactly 6 cuts,KXRATECUTCOUNT-26DEC31,Number of rate cuts in 2026?,KXRATECUTCOUNT,Number of rate cuts,Economics,"[""Fed""]",open,binary,0,0.003,0.001,0.0015,0.9985,0.0015,0.003,370120.02,38812.77,276293.65,0,2025-09-29T14:00:00Z,2027-01-01T04:59:00Z,2027-01-01T15:00:00Z,,,,between,6,6,,,,,,2026-09-17T17:14:47+00:00,https://kalshi.com/markets/kxratecutcount/number-of-rate-cuts/kxratecutcount-26dec31,True
kalshi,KXDPWORLDTOUR-BMPC26-JSPA,https://kalshi.com/markets/kxdpworldtour/dp-world-tour-tournament-winner,Will J.J. Spaun win the BMW PGA Championship?,J.J. Spaun,KXDPWORLDTOUR-BMPC26,BMW PGA Championship Winner,KXDPWORLDTOUR,DP World Tour Tournament Winner,Sports,"[""Golf""]",open,binary,0.01,0.014,0.01,0.012,0.988,0.012,0.004,76597.03,38785.78,74738.72,0,2026-09-12T12:00:00Z,2026-10-04T00:00:00Z,2026-10-04T00:00:00Z,,,,structured,,,,,,,,2026-09-17T17:14:05+00:00,https://kalshi.com/markets/kxdpworldtour/dp-world-tour-tournament-winner/kxdpworldtour-bmpc26,True
kalshi,KXMLBALMVP-26-JCAM,https://kalshi.com/markets/kxmlbalmvp/pro-baseball-american-league-mvp,Will Junior Caminero win AL MVP?,Junior Caminero,KXMLBALMVP-26,AL MVP Winner?,KXMLBALMVP,Pro Baseball American League MVP,Sports,"[""Baseball""]",open,binary,0.08,0.09,0.09,0.085,0.915,0.085,0.01,478844.04,38768.01,294504.93,0,2026-02-02T15:00:00Z,2026-12-08T15:00:00Z,2026-12-08T15:00:00Z,,,,custom,,,,,,,,2026-09-17T17:14:44+00:00,https://kalshi.com/markets/kxmlbalmvp/pro-baseball-american-league-mvp/kxmlbalmvp-26,True
kalshi,KXBALANCEPOWERCOMBO-27FEB-DD,https://kalshi.com/markets/kxbalancepowercombo/congress-balance-of-power-combo,Will House Control be Democratic AND Senate Control be Democratic for Feb 2027?,Democrats sweep,KXBALANCEPOWERCOMBO-27FEB,2026 Midterms: Congress Balance of Power?,KXBALANCEPOWERCOMBO,Congress balance of power combo,Elections,"[""Senate"", ""House"", ""Mixed Combos"", ""US Elections"", ""Election Combos""]",open,binary,0.57,0.58,0.57,0.575,0.425,0.575,0.01,3300271.2,38692.63,1992284.87,0,2025-12-11T15:00:00Z,2027-02-01T15:00:00Z,2027-02-08T15:00:00Z,,,,custom,,,,,,,,2026-09-17T17:14:46+00:00,https://kalshi.com/markets/kxbalancepowercombo/congress-balance-of-power-combo/kxbalancepowercombo-27feb,True
kalshi,KXBTCD-26SEP1817-T75499.99,https://kalshi.com/markets/kxbtcd/bitcoin-price-above-below,"Bitcoin price on Sep 18, 2026?","$75,500 or above",KXBTCD-26SEP1817,"BTC price on Sep 18, 2026 at 5pm EDT?",KXBTCD,Bitcoin price Above/below,Crypto,"[""Hourly"", ""BTC""]",open,binary,0.84,0.85,0.84,0.845,0.155,0.845,0.01,91786.52,38614.7,10080.36,0,2026-09-11T20:00:00Z,2026-09-18T21:00:00Z,2026-09-25T21:00:00Z,,,,greater,75499.99,,BRTI,,,,,2026-09-17T17:14:06+00:00,https://kalshi.com/markets/kxbtcd/bitcoin-price-above-below/kxbtcd-26sep1817,True
polymarket,0x0b4cc3b739e1dfe5d73274740e7308b6fb389c5af040c3a174923d928d134bee,https://polymarket.com/event/will-jesus-christ-return-before-2027/will-jesus-christ-return-before-2027,Will Jesus Christ return before 2027?,,90178,Will Jesus Christ return before 2027?,will-jesus-christ-return-before-2027,Will Jesus Christ return before 2027?,,[],open,binary,0.019,0.02,0.019,0.0195,0.9805,0.0195,0.001,65757716.8034347,38552.72968200003,,528089.00546,2025-11-25T18:08:21.296Z,2027-01-01T04:59:00Z,2027-01-01T04:59:00Z,,,,,,,,0.1,"[""Yes"", ""No""]","[0.0195, 0.9805]",69324317355037271422943965141382095011871956039434394956830818206664869608517,2026-09-17T17:13:45+00:00,,
kalshi,KXSB-27-SF,https://kalshi.com/markets/kxsb/super-bowl,Will San Francisco win the 2027 Pro Football Championship?,San Francisco,KXSB-27,2027 Pro Football Champion,KXSB,Super Bowl,Sports,"[""Football""]",open,binary,0.07,0.08,0.08,0.075,0.925,0.075,0.01,6689129.04,38470,5277105.28,0,2026-02-08T20:00:00Z,2029-02-13T23:30:00Z,2029-02-13T23:30:00Z,,,,structured,,,,,,,,2026-09-17T17:14:44+00:00,https://kalshi.com/markets/kxsb/super-bowl/kxsb-27,True
kalshi,KXNFLGAME-26SEP20CINHOU-CIN,https://kalshi.com/markets/kxnflgame/professional-football-game,Cincinnati wins,Cincinnati,KXNFLGAME-26SEP20CINHOU,CIN Bengals vs HOU Texans,KXNFLGAME,Professional Football Game,Sports,"[""Football""]",open,binary,0.4,0.41,0.41,0.405,0.595,0.405,0.01,118027.05,38353.86,92025.52,0,2026-08-25T15:33:00Z,2026-09-22T17:00:00Z,2026-09-22T17:00:00Z,,,,structured,,,,,,,,2026-09-17T17:14:18+00:00,https://kalshi.com/markets/kxnflgame/professional-football-game/kxnflgame-26sep20cinhou,True
kalshi,KXNCAAFTOTAL-26SEP17SYRPITT-52,https://kalshi.com/markets/kxncaaftotal/college-football-total-points,Over 51.5 points scored,Over 51.5 points scored,KXNCAAFTOTAL-26SEP17SYRPITT,Syracuse vs Pittsburgh: Total Points,KXNCAAFTOTAL,College Football Total Points,Sports,"[""Football""]",open,binary,0.5,0.51,0.51,0.505,0.495,0.505,0.01,44221.95,38349.3,34673.75,0,2026-09-11T01:07:00Z,2026-09-19T23:30:00Z,2026-09-19T23:30:00Z,,,,greater,51.5,,,,,,,2026-09-17T17:14:06+00:00,https://kalshi.com/markets/kxncaaftotal/college-football-total-points/kxncaaftotal-26sep17syrpitt,True
kalshi,KXNFLTD-26SEP17DETBUF-BUFDMOORE2-1,https://kalshi.com/markets/kxnfltd/pro-football-touchdowns,DJ Moore: 1+ touchdowns,DJ Moore: 1+,KXNFLTD-26SEP17DETBUF,Detroit vs Buffalo: Touchdowns,KXNFLTD,Pro Football Touchdowns,Sports,"[""Football""]",open,binary,0.34,0.35,0.35,0.345,0.655,0.345,0.01,47200.55,38287.31,47144.96,0,2026-09-14T12:15:00Z,2026-09-20T00:15:00Z,2026-09-20T00:15:00Z,,,,greater,0.5,,,,,,,2026-09-17T17:14:00+00:00,https://kalshi.com/markets/kxnfltd/pro-football-touchdowns/kxnfltd-26sep17detbuf,True
kalshi,KXDANCINGWITHTHESTARS-26DEC31-JDEW,https://kalshi.com/markets/kxdancingwiththestars/who-will-win-dancing-with-the-stars,Will Jenna Dewan win Dancing with the Stars Season 35?,Jenna Dewan,KXDANCINGWITHTHESTARS-26DEC31,Dancing with the Stars Season 35 · Winner,KXDANCINGWITHTHESTARS,Who will win dancing with the stars?,Entertainment,"[""Television"", ""Dancing with the Stars""]",open,binary,0.16,0.17,0.17,0.165,0.835,0.165,0.01,107924.99,38282.29,69610.04,0,2026-09-02T16:08:00Z,2027-01-07T15:00:00Z,2027-01-07T15:00:00Z,,,,custom,,,,,,,,2026-09-17T17:14:14+00:00,https://kalshi.com/markets/kxdancingwiththestars/who-will-win-dancing-with-the-stars/kxdancingwiththestars-26dec31,True
kalshi,KXMLBHR-26SEP171240LADCIN-LADFFREEMAN5-1,https://kalshi.com/markets/kxmlbhr/pro-baseball-home-runs,Freddie Freeman: 1+ home runs?,Freddie Freeman: 1+,KXMLBHR-26SEP171240LADCIN,Los Angeles D vs Cincinnati: Home Runs,KXMLBHR,Pro Baseball Home Runs,Sports,"[""Baseball""]",open,binary,0.12,0.13,0.13,0.125,0.875,0.125,0.01,38226.12,38185.87,37363.73,0,2026-09-17T04:10:00Z,2026-09-20T16:40:00Z,2026-09-20T16:40:00Z,,,,greater,0.5,,,,,,,2026-09-17T17:13:47+00:00,https://kalshi.com/markets/kxmlbhr/pro-baseball-home-runs/kxmlbhr-26sep171240ladcin,True
polymarket,0x9f50939c394897a984d04522b61cf62da5aaa7fc50a2b3da362accaeffe38078,https://polymarket.com/event/ballon-dor-winner-2026/will-khvicha-kvaratskhelia-win-the-2026-ballon-dor,Will Khvicha Kvaratskhelia win the 2026 Ballon d'Or?,Khvicha Kvaratskhelia,48361,Ballon d'Or Winner 2026,ballon-dor-winner-2026,Ballon d'Or Winner 2026,,[],open,binary,0.02,0.025,0.021,0.0225,0.9775,0.0225,0.005,1705079.3247730003,38037.562343,,119649.68826,2025-09-22T23:39:25.749Z,2026-10-31T00:00:00Z,2026-10-31T00:00:00Z,,,,,,,,,"[""Yes"", ""No""]","[0.0225, 0.9775]",12622519606415978744877534783705265610788882249231449850262189360805525437274,2026-09-17T17:13:45+00:00,,
kalshi,KXPGAR1LEAD-BICA26-HLEB,https://kalshi.com/markets/kxpgar1lead/pga-round-1-leader,Hank Lebioda leads at the end of Round 1,Hank Lebioda,KXPGAR1LEAD-BICA26,Biltmore Championship Asheville End of Round 1 Leader,KXPGAR1LEAD,PGA Round 1 Leader,Sports,"[""Golf""]",open,binary,0,0.021,0.001,0.0105,0.9895,0.0105,0.021,42569.89,38010.71,28860.6,0,2026-09-14T00:10:00Z,2026-10-04T00:00:00Z,2026-10-04T00:00:00Z,,,,structured,,,,,,,,2026-09-17T17:14:02+00:00,https://kalshi.com/markets/kxpgar1lead/pga-round-1-leader/kxpgar1lead-bica26,True
kalshi,KXUELTEAMTOTAL-26SEP17JUVNIJ-JUV3,https://kalshi.com/markets/kxuelteamtotal/team-total,Will Juventus score over 2.5 goals?,Juventus over 2.5 goals,KXUELTEAMTOTAL-26SEP17JUVNIJ,Juventus vs Nijmegen: Team Total,KXUELTEAMTOTAL,Team Total,Sports,"[""Soccer""]",open,binary,0.58,0.59,0.59,0.585,0.415,0.585,0.01,37944.13,37843.49,33843.66,0,2026-09-15T19:06:00Z,2026-09-20T01:00:00Z,2026-09-20T01:00:00Z,,,,greater,2.5,,,,,,,2026-09-17T17:13:53+00:00,https://kalshi.com/markets/kxuelteamtotal/team-total/kxuelteamtotal-26sep17juvnij,True
kalshi,KXNCAAFGAME-26SEP18MIAWAKE-WAKE,https://kalshi.com/markets/kxncaafgame/college-football-game,Wake Forest wins,Wake Forest,KXNCAAFGAME-26SEP18MIAWAKE,Miami (FL) vs Wake Forest,KXNCAAFGAME,College Football Game,Sports,"[""Football""]",open,binary,0.07,0.08,0.08,0.075,0.925,0.075,0.01,130184.41,37781.02,104699.32,0,2026-09-05T01:07:00Z,2026-09-20T23:30:00Z,2026-09-20T23:30:00Z,,,,structured,,,,,,,,2026-09-17T17:14:13+00:00,https://kalshi.com/markets/kxncaafgame/college-football-game/kxncaafgame-26sep18miawake,True
polymarket,0xcc07b3849d6bf4b59c3ebe0f487a41d4acaee67686fea24f398ea286772d8562,https://polymarket.com/event/bitcoin-above-on-september-18-2026/bitcoin-above-68k-on-september-18-2026,"Will the price of Bitcoin be above $68,000 on September 18?","68,000",1005110,Bitcoin above ___ on September 18?,bitcoin-above-on-september-18-2026,Bitcoin above ___ on September 18?,,[],open,binary,0.999,1,0.999,0.9995,0.0005,0.9995,0.001,71889.65687799998,37679.033315,,55382.4635,2026-09-11T16:00:17Z,2026-09-18T16:00:00Z,2026-09-18T16:00:00Z,,,,,,,,0.85,"[""Yes"", ""No""]","[0.9995, 0.0005]",41541469643301598660598912249958473087011933895887769150974793765998830702908,2026-09-17T17:13:45+00:00,,
kalshi,KXPGATOUR-BICA26-MHUG,https://kalshi.com/markets/kxpgatour/pga-tour,Will Mackenzie Hughes win the Biltmore Championship Asheville?,Mackenzie Hughes,KXPGATOUR-BICA26,Biltmore Championship Asheville Winner,KXPGATOUR,PGA Tour,Sports,"[""Golf""]",open,binary,0.049,0.05,0.05,0.0495,0.9505,0.0495,0.001,47218.91,37596.22,44462.75,0,2026-09-13T23:05:00Z,2026-10-04T00:00:00Z,2026-10-04T00:00:00Z,,,,structured,,,,,,,,2026-09-17T17:14:02+00:00,https://kalshi.com/markets/kxpgatour/pga-tour/kxpgatour-bica26,True
kalshi,KXNFLSPREAD-26SEP17DETBUF-BUF3,https://kalshi.com/markets/kxnflspread/pro-football-spread,Buffalo wins by over 2.5 points?,Buffalo wins by over 2.5 points,KXNFLSPREAD-26SEP17DETBUF,Detroit vs Buffalo: Spread,KXNFLSPREAD,Pro Football Spread,Sports,"[""Football""]",open,binary,0.64,0.65,0.65,0.645,0.355,0.645,0.01,74078.69,37570.93,63180.5,0,2026-09-11T01:05:00Z,2026-09-20T00:15:00Z,2026-09-20T00:15:00Z,,,,greater,2.5,,,,,,,2026-09-17T17:14:06+00:00,https://kalshi.com/markets/kxnflspread/pro-football-spread/kxnflspread-26sep17detbuf,True
kalshi,KXPGATOUR-BICA26-CPHI,https://kalshi.com/markets/kxpgatour/pga-tour,Will Chandler Phillips win the Biltmore Championship Asheville?,Chandler Phillips,KXPGATOUR-BICA26,Biltmore Championship Asheville Winner,KXPGATOUR,PGA Tour,Sports,"[""Golf""]",open,binary,0.002,0.003,0.003,0.0025,0.9975,0.0025,0.001,120947.32,37530,120947.32,0,2026-09-13T23:05:00Z,2026-10-04T00:00:00Z,2026-10-04T00:00:00Z,,,,structured,,,,,,,,2026-09-17T17:14:02+00:00,https://kalshi.com/markets/kxpgatour/pga-tour/kxpgatour-bica26,True
kalshi,KXUELGAME-26SEP17BESOLM-OLM,https://kalshi.com/markets/kxuelgame/uefa-europa-league-game,Marseille wins,Marseille,KXUELGAME-26SEP17BESOLM,Besiktas vs Marseille,KXUELGAME,UEFA Europa League Game,Sports,"[""Soccer""]",open,binary,0.21,0.22,0.22,0.215,0.785,0.215,0.01,44378.93,37516.39,40662.8,0,2026-09-03T00:39:00Z,2026-09-20T01:00:00Z,2026-09-20T01:00:00Z,,,,structured,,,,,,,,2026-09-17T17:14:14+00:00,https://kalshi.com/markets/kxuelgame/uefa-europa-league-game/kxuelgame-26sep17besolm,True
kalshi,KXHIGHLAX-26SEP17-B79.5,https://kalshi.com/markets/kxhighlax/highest-temperature-in-los-angeles,"Will the maximum temperature be 79-80° on Sep 17, 2026?",79° to 80°,KXHIGHLAX-26SEP17,"Highest temperature in Los Angeles on Sep 17, 2026?",KXHIGHLAX,Highest temperature in Los Angeles,Climate and Weather,"[""Daily temperature""]",open,binary,0.05,0.06,0.05,0.055,0.945,0.055,0.01,37580.77,37431.95,27915.03,0,2026-09-16T14:00:00Z,2026-09-18T08:00:00Z,2026-09-24T14:00:00Z,,,,between,79,80,CLILAX,,,,,2026-09-17T17:13:50+00:00,https://kalshi.com/markets/kxhighlax/highest-temperature-in-los-angeles/kxhighlax-26sep17,True
polymarket,0x3d094b1dc1258f76b8e7299cab2f140209e5ec0eb236d914b85b8b0dd4229971,https://polymarket.com/event/sea-mon-sas-2026-09-18/sea-mon-sas-2026-09-18-sas,Will US Sassuolo Calcio win on 2026-09-18?,US Sassuolo Calcio,967022,AC Monza vs. US Sassuolo Calcio,sea-mon-sas-2026-09-18,AC Monza vs. US Sassuolo Calcio,,[],open,binary,0.39,0.4,0.4,0.395,0.605,0.395,0.01,37826.74009600001,37386.03943500001,,153054.9653,2026-09-04T23:00:14Z,2026-09-18T18:45:00Z,2026-09-18T18:45:00Z,,,,,,,,-1.5,"[""Yes"", ""No""]","[0.395, 0.605]",82224526535519188126868008329011629872769418408260310018340577093620045890692,2026-09-17T17:13:45+00:00,,
kalshi,KXDPWORLDTOURR1LEAD-BMPC26-PREE,https://kalshi.com/markets/kxdpworldtourr1lead/dp-world-tour-r1-leader,Patrick Reed leads at the end of Round 1,Patrick Reed,KXDPWORLDTOURR1LEAD-BMPC26,BMW PGA Championship End of Round 1 Leader,KXDPWORLDTOURR1LEAD,DP World Tour R1 Leader,Sports,"[""Golf""]",open,binary,0,0.009,0.01,0.0045,0.9955,0.0045,0.009,60821.17,37235.99,60658.32,0,2026-09-14T00:10:00Z,2026-10-04T00:00:00Z,2026-10-04T00:00:00Z,,,,structured,,,,,,,,2026-09-17T17:14:02+00:00,https://kalshi.com/markets/kxdpworldtourr1lead/dp-world-tour-r1-leader/kxdpworldtourr1lead-bmpc26,True
kalshi,KXPGATOUR-BICA26-LGRI,https://kalshi.com/markets/kxpgatour/pga-tour,Will Lanto Griffin win the Biltmore Championship Asheville?,Lanto Griffin,KXPGATOUR-BICA26,Biltmore Championship Asheville Winner,KXPGATOUR,PGA Tour,Sports,"[""Golf""]",open,binary,0.002,0.004,0.004,0.003,0.997,0.003,0.002,105523.84,37207.47,105523.84,0,2026-09-13T23:05:00Z,2026-10-04T00:00:00Z,2026-10-04T00:00:00Z,,,,structured,,,,,,,,2026-09-17T17:14:02+00:00,https://kalshi.com/markets/kxpgatour/pga-tour/kxpgatour-bica26,True
kalshi,KXITFDOUBLES-26SEP17DELRIOARCTAL-DELRIO,https://kalshi.com/markets/kxitfdoubles/itf-doubles-match,De La Cierva Sanchez / Rios Perez wins,De La Cierva Sanchez / Rios Perez,KXITFDOUBLES-26SEP17DELRIOARCTAL,De La Cierva Sanchez / Rios Perez vs Arce Fernandez / Talavera Cortes,KXITFDOUBLES,ITF Doubles Match,Sports,"[""Tennis""]",open,binary,0,0.01,0.01,0.005,0.995,0.005,0.01,40644.31,37087.91,22409.03,0,2026-09-16T21:41:00Z,2026-10-01T13:30:00Z,2026-10-01T13:30:00Z,,,,structured,,,,,,,,2026-09-17T17:13:48+00:00,https://kalshi.com/markets/kxitfdoubles/itf-doubles-match/kxitfdoubles-26sep17delrioarctal,True
kalshi,KXMLSGAME-26SEP20MIASD-MIA,https://kalshi.com/markets/kxmlsgame/major-league-soccer-game,Miami wins,Miami,KXMLSGAME-26SEP20MIASD,Miami vs San Diego FC,KXMLSGAME,Major League Soccer Game,Sports,"[""Soccer""]",open,binary,0.65,0.66,0.66,0.655,0.345,0.655,0.01,39545.29,36802.46,11994.46,0,2026-09-06T00:39:00Z,2026-09-23T05:00:00Z,2026-09-23T05:00:00Z,,,,structured,,,,,,,,2026-09-17T17:14:13+00:00,https://kalshi.com/markets/kxmlsgame/major-league-soccer-game/kxmlsgame-26sep20miasd,True
kalshi,KXMLBTOTAL-26SEP172138MINLAA-8,https://kalshi.com/markets/kxmlbtotal/pro-baseball-total-points,Over 7.5 runs scored,Over 7.5 runs scored,KXMLBTOTAL-26SEP172138MINLAA,Minnesota vs Los Angeles A: Total Runs,KXMLBTOTAL,Pro Baseball Total Points,Sports,"[""Baseball""]",open,binary,0.49,0.5,0.49,0.495,0.505,0.495,0.01,36786.24,36784.32,36358.33,0,2026-09-17T00:50:00Z,2026-09-21T01:38:00Z,2026-09-21T01:38:00Z,,,,greater,7.5,,,,,,,2026-09-17T17:13:47+00:00,https://kalshi.com/markets/kxmlbtotal/pro-baseball-total-points/kxmlbtotal-26sep172138minlaa,True
kalshi,KXBTCD-26SEP1817-T76499.99,https://kalshi.com/markets/kxbtcd/bitcoin-price-above-below,"Bitcoin price on Sep 18, 2026?","$76,500 or above",KXBTCD-26SEP1817,"BTC price on Sep 18, 2026 at 5pm EDT?",KXBTCD,Bitcoin price Above/below,Crypto,"[""Hourly"", ""BTC""]",open,binary,0.58,0.59,0.59,0.585,0.415,0.585,0.01,92377.06,36743.09,30541.49,0,2026-09-11T20:00:00Z,2026-09-18T21:00:00Z,2026-09-25T21:00:00Z,,,,greater,76499.99,,BRTI,,,,,2026-09-17T17:14:06+00:00,https://kalshi.com/markets/kxbtcd/bitcoin-price-above-below/kxbtcd-26sep1817,True
polymarket,0xe2b4dbd364b00f873096a9247829ae30cb1dcebc4b228be5ed282de66ce60215,https://polymarket.com/event/wta-stefano-tubello-2026-09-17/wta-stefano-tubello-2026-09-17,Ljubljana: Samira De Stefano vs Alice Tubello,,1033798,Ljubljana: Samira De Stefano vs Alice Tubello,wta-stefano-tubello-2026-09-17,Ljubljana: Samira De Stefano vs Alice Tubello,,[],open,binary,0.52,0.53,0.52,0.525,0.475,0.525,0.01,36739.286473,36739.286473,,101450.8129,2026-09-16T16:14:22Z,2026-09-24T08:30:00Z,2026-09-24T08:30:00Z,,,,,,,,-3,"[""Samira De Stefano"", ""Alice Tubello""]","[0.525, 0.475]",66666530256940641520204418548608765141025642143266509051786266510426606224999,2026-09-17T17:13:45+00:00,,
kalshi,KXWTACHALLENGERMATCH-26SEP17BARRIS-BAR,https://kalshi.com/markets/kxwtachallengermatch/challenger-wta,Mona Barthel wins,Mona Barthel,KXWTACHALLENGERMATCH-26SEP17BARRIS,Barthel vs Ristic,KXWTACHALLENGERMATCH,Challenger WTA,Sports,"[""Tennis""]",open,binary,0.42,0.43,0.43,0.425,0.575,0.425,0.01,36630.31,36630.31,12974.26,0,2026-09-16T20:10:00Z,2026-10-01T08:00:00Z,2026-10-01T08:00:00Z,,,,structured,,,,,,,,2026-09-17T17:13:49+00:00,https://kalshi.com/markets/kxwtachallengermatch/challenger-wta/kxwtachallengermatch-26sep17barris,True
kalshi,KXBTCD-26SEP1714-T76899.99,https://kalshi.com/markets/kxbtcd/bitcoin-price-above-below,"Bitcoin price on Sep 17, 2026?","$76,900 or above",KXBTCD-26SEP1714,"BTC price on Sep 17, 2026 at 2pm EDT?",KXBTCD,Bitcoin price Above/below,Crypto,"[""Hourly"", ""BTC""]",open,binary,0.24,0.25,0.25,0.245,0.755,0.245,0.01,39760.39,36567.07,22557.97,0,2026-09-17T17:00:00Z,2026-09-17T18:00:00Z,2026-09-24T18:00:00Z,,,,greater,76899.99,,BRTI,,,,,2026-09-17T17:13:51+00:00,https://kalshi.com/markets/kxbtcd/bitcoin-price-above-below/kxbtcd-26sep1714,True
kalshi,KXNCAAFGAME-26SEP19MSSTSCAR-MSST,https://kalshi.com/markets/kxncaafgame/college-football-game,Mississippi St. wins,Mississippi St.,KXNCAAFGAME-26SEP19MSSTSCAR,Mississippi St. vs South Carolina,KXNCAAFGAME,College Football Game,Sports,"[""Football""]",open,binary,0.38,0.39,0.39,0.385,0.615,0.385,0.01,139465.77,36547,119364.15,0,2026-09-05T22:07:00Z,2026-09-21T20:15:00Z,2026-09-21T20:15:00Z,,,,structured,,,,,,,,2026-09-17T17:14:13+00:00,https://kalshi.com/markets/kxncaafgame/college-football-game/kxncaafgame-26sep19msstscar,True
polymarket,0x8dbac1bf1e011f186cd62d26757ec368ea5fdcf1c0dd8d931df0c613b309718c,https://polymarket.com/event/largest-company-end-of-september-1785358369147/will-company-c-be-the-largest-company-in-the-world-by-market-cap-on-september-30,Will Apple be the largest company in the world by market cap on September 30?,Apple,770098,Largest Company end of September?,largest-company-end-of-september-1785358369147,Largest Company end of September?,,[],open,binary,0.028,0.031,0.03,0.0295,0.9705,0.0295,0.003,345716.1743750001,36524.381848,,111034.80189,2026-07-29T22:44:40.054815Z,2026-09-30T23:59:00Z,2026-09-30T23:59:00Z,,,,,,,,-5.05,"[""Yes"", ""No""]","[0.0295, 0.9705]",16478316053646921296729034019554519840110001466229869274618614366503964308841,2026-09-17T17:13:45+00:00,,
kalshi,KXNFLFIRSTTD-26SEP17DETBUF-BUFDMOORE2,https://kalshi.com/markets/kxnflfirsttd/pro-football-first-touchdown,DJ Moore: 1st Touchdown,DJ Moore,KXNFLFIRSTTD-26SEP17DETBUF,Detroit vs Buffalo: 1st Touchdown,KXNFLFIRSTTD,Pro Football First Touchdown,Sports,"[""Football""]",open,binary,0.06,0.07,0.07,0.065,0.935,0.065,0.01,47081.14,36481.88,46657.72,0,2026-09-15T09:15:00Z,2026-09-20T00:15:00Z,2026-09-20T00:15:00Z,,,,structured,,,,,,,,2026-09-17T17:13:55+00:00,https://kalshi.com/markets/kxnflfirsttd/pro-football-first-touchdown/kxnflfirsttd-26sep17detbuf,True
kalshi,KXCS2GAME-26SEP171000M80LG-LG,https://kalshi.com/markets/kxcs2game/counter-strike-2-game,Luminosity wins,Luminosity,KXCS2GAME-26SEP171000M80LG,M80 vs. Luminosity,KXCS2GAME,Counter-Strike 2 Game,Sports,"[""Esports""]",open,binary,0.97,0.98,0.97,0.975,0.025,0.975,0.01,40766.98,36449.11,35261.17,0,2026-09-15T00:05:00Z,2026-09-19T14:00:00Z,2026-09-19T14:00:00Z,,,,structured,,,,,,,,2026-09-17T17:13:56+00:00,https://kalshi.com/markets/kxcs2game/counter-strike-2-game/kxcs2game-26sep171000m80lg,True
kalshi,KXDPWORLDTOUR-BMPC26-JLAG,https://kalshi.com/markets/kxdpworldtour/dp-world-tour-tournament-winner,Will Joakim Lagergren win the BMW PGA Championship?,Joakim Lagergren,KXDPWORLDTOUR-BMPC26,BMW PGA Championship Winner,KXDPWORLDTOUR,DP World Tour Tournament Winner,Sports,"[""Golf""]",open,binary,0.022,0.025,0.026,0.0235,0.9765,0.0235,0.003,49514.93,36428.05,46631.01,0,2026-09-12T12:00:00Z,2026-10-04T00:00:00Z,2026-10-04T00:00:00Z,,,,structured,,,,,,,,2026-09-17T17:14:05+00:00,https://kalshi.com/markets/kxdpworldtour/dp-world-tour-tournament-winner/kxdpworldtour-bmpc26,True
kalshi,KXNFLGAME-26SEP20JACDEN-JAC,https://kalshi.com/markets/kxnflgame/professional-football-game,Jacksonville wins,Jacksonville,KXNFLGAME-26SEP20JACDEN,JAC Jaguars vs DEN Broncos,KXNFLGAME,Professional Football Game,Sports,"[""Football""]",open,binary,0.41,0.42,0.42,0.415,0.585,0.415,0.01,152179.76,36220.81,138303.46,0,2026-08-25T15:33:00Z,2026-09-22T20:05:00Z,2026-09-22T20:05:00Z,,,,structured,,,,,,,,2026-09-17T17:14:18+00:00,https://kalshi.com/markets/kxnflgame/professional-football-game/kxnflgame-26sep20jacden,True
kalshi,KXDPWORLDTOUR-BMPC26-PHAR,https://kalshi.com/markets/kxdpworldtour/dp-world-tour-tournament-winner,Will Padraig Harrington win the BMW PGA Championship?,Padraig Harrington,KXDPWORLDTOUR-BMPC26,BMW PGA Championship Winner,KXDPWORLDTOUR,DP World Tour Tournament Winner,Sports,"[""Golf""]",open,binary,0,0.001,0.001,0.0005,0.9995,0.0005,0.001,46560.94,36159.58,46560.94,0,2026-09-12T12:00:00Z,2026-10-04T00:00:00Z,2026-10-04T00:00:00Z,,,,structured,,,,,,,,2026-09-17T17:14:05+00:00,https://kalshi.com/markets/kxdpworldtour/dp-world-tour-tournament-winner/kxdpworldtour-bmpc26,True
polymarket,0x4ee7d3721d55f80f96c85072ff5fec40e02842a4f27f47e8055292300aca3e52,https://polymarket.com/event/what-price-will-bitcoin-hit-in-september-2026/will-bitcoin-dip-to-57pt5k-in-september-2026,"Will Bitcoin dip to $57,500 in September?","↓ 57,500",946004,What price will Bitcoin hit in September?,what-price-will-bitcoin-hit-in-september-2026,What price will Bitcoin hit in September?,,[],open,binary,0.008,0.01,0.01,0.009,0.991,0.009,0.002,383508.5539640001,36008.035125,,173084.14121,2026-09-01T05:07:18Z,2026-10-01T04:00:00Z,2026-10-01T04:00:00Z,,,,,,,,-1,"[""Yes"", ""No""]","[0.009, 0.991]",86805621617324018225702385040944099780925813312770283595837888343913585369763,2026-09-17T17:13:45+00:00,,
polymarket,0x46ca741da4abd7ffa993f59ac65bfe83de43ae027accac71d263a493e44064e7,https://polymarket.com/event/us-announces-end-of-iranian-blockade-byptptpt-20260713152715080/us-announces-end-of-iranian-blockade-by-december-31-2026-20260727171803489-375-949-645-919-269-157-255-857,"US announces end of Iranian blockade by December 31, 2026?",December 31,699735,US announces end of Iranian blockade by...?,us-announces-end-of-iranian-blockade-byptptpt-20260713152715080,US announces end of Iranian blockade by...?,,[],open,binary,0.599,0.607,0.606,0.603,0.397,0.603,0.008,1781585.9281149989,35887.385456,,198344.68568,2026-07-27T17:52:56.467Z,2027-01-01T04:59:00Z,2027-01-01T04:59:00Z,,,,,,,,-0.95,"[""Yes"", ""No""]","[0.603, 0.397]",86011229287950365043519117852041614651767455889324682112682327985496937935368,2026-09-17T17:13:45+00:00,,
polymarket,0xd1796c09d0d6f876f8580086ae9808ec991784e3a74b25a1830a25de71a78c96,https://polymarket.com/event/netanyahu-out-before-2027/netanyahu-out-before-2027-684-719-226-657,Netanyahu out by end of 2026?,December 31,34051,Netanyahu out by...?,netanyahu-out-before-2027,Netanyahu out by...?,,[],open,binary,0.5,0.51,0.5,0.505,0.495,0.505,0.01,2492441.645012,35772.216589,,85832.3544,2025-07-24T23:38:14.261Z,2027-01-01T04:59:00Z,2027-01-01T04:59:00Z,,,,,,,,-3,"[""Yes"", ""No""]","[0.505, 0.495]",114694726451307654528948558967898493662917070661203465131156925998487819889437,2026-09-17T17:13:45+00:00,,
kalshi,KXNCAAFGAME-26SEP19KENTOSU-KENT,https://kalshi.com/markets/kxncaafgame/college-football-game,Kent St. wins,Kent St.,KXNCAAFGAME-26SEP19KENTOSU,Kent St. vs Ohio St.,KXNCAAFGAME,College Football Game,Sports,"[""Football""]",open,binary,0,0.01,0.01,0.005,0.995,0.005,0.01,240074.86,35737.17,230016.33,0,2026-09-05T16:08:00Z,2026-09-21T16:00:00Z,2026-09-21T16:00:00Z,,,,structured,,,,,,,,2026-09-17T17:14:13+00:00,https://kalshi.com/markets/kxncaafgame/college-football-game/kxncaafgame-26sep19kentosu,True
kalshi,KXNCAAFGAME-26SEP17SYRPITT-SYR,https://kalshi.com/markets/kxncaafgame/college-football-game,Syracuse wins,Syracuse,KXNCAAFGAME-26SEP17SYRPITT,Syracuse vs Pittsburgh,KXNCAAFGAME,College Football Game,Sports,"[""Football""]",open,binary,0.21,0.22,0.22,0.215,0.785,0.215,0.01,61622.64,35592.14,55619.77,0,2026-09-04T01:08:00Z,2026-09-19T23:30:00Z,2026-09-19T23:30:00Z,,,,structured,,,,,,,,2026-09-17T17:14:13+00:00,https://kalshi.com/markets/kxncaafgame/college-football-game/kxncaafgame-26sep17syrpitt,True
polymarket,0x8051623db55634137146bb8403cb2c08231dea6a43ec8ab9f0a06630a6159488,https://polymarket.com/event/efl-mnc-nor-2026-09-17-more-markets/efl-mnc-nor-2026-09-17-btts,Manchester City FC vs. Norwich City FC: Both Teams to Score,Both Teams to Score,965736,Manchester City FC vs. Norwich City FC - More Markets,efl-mnc-nor-2026-09-17-more-markets,Manchester City FC vs. Norwich City FC - More Markets,,[],open,binary,0.46,0.47,0.45,0.465,0.535,0.465,0.01,36534.23622800001,35587.405325,,81509.0555,2026-09-04T18:30:42Z,2026-09-17T18:30:00Z,2026-09-17T18:30:00Z,,,,,,,,-1,"[""Yes"", ""No""]","[0.465, 0.535]",62016330520123870838212017936657516780910741167624795232748243769060375667878,2026-09-17T17:13:45+00:00,,
kalshi,KXNFLTD-26SEP17DETBUF-BUFJALLEN17-3,https://kalshi.com/markets/kxnfltd/pro-football-touchdowns,Josh Allen: 3+ touchdowns,Josh Allen: 3+,KXNFLTD-26SEP17DETBUF,Detroit vs Buffalo: Touchdowns,KXNFLTD,Pro Football Touchdowns,Sports,"[""Football""]",open,binary,0.03,0.04,0.04,0.035,0.965,0.035,0.01,53463.38,35576.58,49027.1,0,2026-09-15T18:14:00Z,2026-09-20T00:15:00Z,2026-09-20T00:15:00Z,,,,greater,2.5,,,,,,,2026-09-17T17:13:53+00:00,https://kalshi.com/markets/kxnfltd/pro-football-touchdowns/kxnfltd-26sep17detbuf,True
kalshi,KXLALIGATEAMTOTAL-26SEP17RBBGET-RBB2,https://kalshi.com/markets/kxlaligateamtotal/team-total,Will Real Betis score over 1.5 goals?,Real Betis over 1.5 goals,KXLALIGATEAMTOTAL-26SEP17RBBGET,Real Betis vs Getafe: Team Total,KXLALIGATEAMTOTAL,Team Total,Sports,"[""Soccer""]",open,binary,0.55,0.56,0.56,0.555,0.445,0.555,0.01,35929.38,35452.34,35359.14,0,2026-09-15T17:06:00Z,2026-09-19T23:00:00Z,2026-09-19T23:00:00Z,,,,greater,1.5,,,,,,,2026-09-17T17:13:54+00:00,https://kalshi.com/markets/kxlaligateamtotal/team-total/kxlaligateamtotal-26sep17rbbget,True
kalshi,KXPGAR1LEAD-BICA26-BBRO,https://kalshi.com/markets/kxpgar1lead/pga-round-1-leader,Blades Brown leads at the end of Round 1,Blades Brown,KXPGAR1LEAD-BICA26,Biltmore Championship Asheville End of Round 1 Leader,KXPGAR1LEAD,PGA Round 1 Leader,Sports,"[""Golf""]",open,binary,0,0.011,0.005,0.0055,0.9945,0.0055,0.011,52211.62,35395.71,52207.62,0,2026-09-14T00:10:00Z,2026-10-04T00:00:00Z,2026-10-04T00:00:00Z,,,,structured,,,,,,,,2026-09-17T17:14:02+00:00,https://kalshi.com/markets/kxpgar1lead/pga-round-1-leader/kxpgar1lead-bica26,True
kalshi,KXWTI-26SEP1714-T96.99,https://kalshi.com/markets/kxwti/wti-oil-on-day,"Will the WTI crude oil settlement price be above 96.99 USD/Bbl on Sep 17, 2026?",Above $96.99,KXWTI-26SEP1714,"Oil Price (WTI) on Sep 17, 2026?",KXWTI,WTI oil on day,Commodities,"[""Oil & Gas""]",open,binary,0.74,0.75,0.75,0.745,0.255,0.745,0.01,36958.02,35301.53,21080.28,0,2026-09-15T23:30:00Z,2026-09-17T18:30:00Z,2026-09-24T19:30:00Z,,,,greater,96.99,,,,,,,2026-09-17T17:13:53+00:00,https://kalshi.com/markets/kxwti/wti-oil-on-day/kxwti-26sep1714,True
polymarket,0x0844f5be2e87761e128eac1b68d4880b47aa06ff4108be71eaaf7ed3fc463d41,https://polymarket.com/event/will-xi-jinping-visit-us-before-2027/will-xi-jinping-visit-us-by-september-30,Will Xi Jinping visit US by September 30?,September 30,208023,Will Xi Jinping visit US by...?,will-xi-jinping-visit-us-before-2027,Will Xi Jinping visit US by...?,,[],open,binary,0.961,0.969,0.969,0.965,0.035,0.965,0.008,288583.61967099993,35266.879245,,77865.28991,2026-08-21T07:35:07.303Z,2026-09-30T23:59:00Z,2026-09-30T23:59:00Z,,,,,,,,3.25,"[""Yes"", ""No""]","[0.965, 0.035]",90464506602136350767784706783189506727827951756941578015494993747105229931522,2026-09-17T17:13:45+00:00,,
kalshi,KXUEL1HTOTAL-26SEP17OFITSG-2,https://kalshi.com/markets/kxuel1htotal/1st-half-total,Over 1.5 1H goals scored,Over 1.5 1H goals scored,KXUEL1HTOTAL-26SEP17OFITSG,OFI Crete vs Hoffenheim: First Half Total,KXUEL1HTOTAL,1st Half Total,Sports,"[""Soccer""]",open,binary,0.16,0.17,0.17,0.165,0.835,0.165,0.01,35408.77,35257.31,29358.86,0,2026-09-15T17:06:00Z,2026-09-19T16:45:00Z,2026-09-19T16:45:00Z,,,,greater,1.5,,,,,,,2026-09-17T17:13:54+00:00,https://kalshi.com/markets/kxuel1htotal/1st-half-total/kxuel1htotal-26sep17ofitsg,True
polymarket,0x684e5b72d4e407695397a79ed75ef37273c2655ca2548791a4153233d3744696,https://polymarket.com/event/largest-company-end-of-december-2026/will-nvidia-be-the-largest-company-in-the-world-by-market-cap-on-december-31-244,Will NVIDIA be the largest company in the world by market cap on December 31?,NVIDIA,79041,Largest Company end of December 2026?,largest-company-end-of-december-2026,Largest Company end of December 2026?,,[],open,binary,0.7,0.71,0.71,0.705,0.295,0.705,0.01,1240605.8909659996,35182.465252,,100192.0612,2025-11-12T21:16:56.414786Z,2026-12-31T00:00:00Z,2026-12-31T00:00:00Z,,,,,,,,-2.5,"[""Yes"", ""No""]","[0.705, 0.295]",11876606915924142133615854761923277060697657209957870741155164849437788272266,2026-09-17T17:13:45+00:00,,
polymarket,0xfc56871f1c96dcfc4b1254879253f1ec66d0f215e0633012fa83b78a9081cbf4,https://polymarket.com/event/uel-ofi-hof-2026-09-17-more-markets/uel-ofi-hof-2026-09-17-spread-away-1pt5,Spread: TSG 1899 Hoffenheim (-1.5),TSG 1899 Hoffenheim (-1.5),960294,OFI vs. TSG 1899 Hoffenheim - More Markets,uel-ofi-hof-2026-09-17-more-markets,OFI vs. TSG 1899 Hoffenheim - More Markets,,[],open,binary,0.48,0.49,0.5,0.485,0.515,0.485,0.01,38000.874653000006,35166.487167,,45742.0304,2026-09-03T18:45:25Z,2026-09-17T16:45:00Z,2026-09-17T16:45:00Z,,,,,,,,2,"[""TSG 1899 Hoffenheim"", ""OFI""]","[0.485, 0.515]",84027229456349080298782369327345178257913460218289788440987738681427553156190,2026-09-17T17:13:45+00:00,,
kalshi,KXINXU-26SEP17H1600-T7614.9999,https://kalshi.com/markets/kxinxu/s-p-500-above-below,"Will the S&P 500 be above 7614.9999 on Sep 17, 2026 at 4pm EDT?","7,615 or above",KXINXU-26SEP17H1600,"S&P price on Sep 17, 2026 at 4pm EDT?",KXINXU,S&P 500 above/below,Financials,"[""Markets"", ""Indices""]",open,binary,0.9,0.92,0.91,0.91,0.09,0.91,0.02,35145.98,35145.98,27709.18,0,2026-09-16T20:00:00Z,2026-09-17T20:00:00Z,2026-09-24T23:00:00Z,,,,greater_or_equal,7615,,,,,,,2026-09-17T17:13:51+00:00,https://kalshi.com/markets/kxinxu/s-p-500-above-below/kxinxu-26sep17h1600,True
kalshi,GOVPARTYCA-26-R,https://kalshi.com/markets/govpartyca/california-governor,Will the Republican party win the governorship in California,Steve Hilton,GOVPARTYCA-26,California Governor winner?,GOVPARTYCA,California Governor,Elections,"[""Governor""]",open,binary,0.032,0.038,0.038,0.035,0.965,0.035,0.006,1127371.72,35093.46,567173.82,0,2025-01-10T15:00:00Z,2027-11-03T15:00:00Z,2027-11-03T15:00:00Z,,,,structured,,,,,,,,2026-09-17T17:14:47+00:00,https://kalshi.com/markets/govpartyca/california-governor/govpartyca-26,True
kalshi,SENATEOHS-26-D,https://kalshi.com/markets/senateohs/special-senate-election-in-ohio,Will Democratics win the Senate race in Ohio?,Sherrod Brown,SENATEOHS-26,Ohio Senate winner?,SENATEOHS,Special Senate election in Ohio,Elections,"[""Senate""]",open,binary,0.53,0.54,0.54,0.535,0.465,0.535,0.01,1643437.22,35063.51,1182979.45,0,2024-12-04T15:00:00Z,2027-11-03T15:00:00Z,2027-11-03T15:00:00Z,,,,structured,,,,,,,,2026-09-17T17:14:47+00:00,https://kalshi.com/markets/senateohs/special-senate-election-in-ohio/senateohs-26,True
kalshi,KXMLB-26-LAD,https://kalshi.com/markets/kxmlb/world-series,Will Los Angeles D win the 2026 Pro Baseball Championship?,Los Angeles D,KXMLB-26,Pro Baseball Champion,KXMLB,World Series,Sports,"[""Baseball""]",open,binary,0.29,0.309,0.29,0.2995,0.7005,0.2995,0.019,5465532,35049.9,2724217.83,0,2025-12-17T15:00:00Z,2028-10-31T04:00:00Z,2028-10-31T04:00:00Z,,,,structured,,,,,,,,2026-09-17T17:14:46+00:00,https://kalshi.com/markets/kxmlb/world-series/kxmlb-26,True
kalshi,KXPGATOUR-BICA26-THOG,https://kalshi.com/markets/kxpgatour/pga-tour,Will Tom Hoge win the Biltmore Championship Asheville?,Tom Hoge,KXPGATOUR-BICA26,Biltmore Championship Asheville Winner,KXPGATOUR,PGA Tour,Sports,"[""Golf""]",open,binary,0.003,0.004,0.006,0.0035,0.9965,0.0035,0.001,152068.03,35002,150268.03,0,2026-09-13T23:05:00Z,2026-10-04T00:00:00Z,2026-10-04T00:00:00Z,,,,structured,,,,,,,,2026-09-17T17:14:02+00:00,https://kalshi.com/markets/kxpgatour/pga-tour/kxpgatour-bica26,True
kalshi,KXMLBTOTAL-26SEP171235MILPIT-10,https://kalshi.com/markets/kxmlbtotal/pro-baseball-total-points,Over 9.5 runs scored,Over 9.5 runs scored,KXMLBTOTAL-26SEP171235MILPIT,Milwaukee vs Pittsburgh: Total Runs,KXMLBTOTAL,Pro Baseball Total Points,Sports,"[""Baseball""]",open,binary,0.73,0.74,0.73,0.735,0.265,0.735,0.01,35901.37,34993.7,28739.92,0,2026-09-17T02:30:00Z,2026-09-20T16:35:00Z,2026-09-20T16:35:00Z,,,,greater,9.5,,,,,,,2026-09-17T17:13:47+00:00,https://kalshi.com/markets/kxmlbtotal/pro-baseball-total-points/kxmlbtotal-26sep171235milpit,True
kalshi,KXMLB-26-NYY,https://kalshi.com/markets/kxmlb/world-series,Will New York Y win the 2026 Pro Baseball Championship?,New York Y,KXMLB-26,Pro Baseball Champion,KXMLB,World Series,Sports,"[""Baseball""]",open,binary,0.122,0.123,0.123,0.1225,0.8775,0.1225,0.001,3906872.26,34986.54,2136842.63,0,2025-12-17T15:00:00Z,2028-10-31T04:00:00Z,2028-10-31T04:00:00Z,,,,structured,,,,,,,,2026-09-17T17:14:46+00:00,https://kalshi.com/markets/kxmlb/world-series/kxmlb-26,True
kalshi,SENATEIA-26-R,https://kalshi.com/markets/senateia/iowa-senate-race,Will Republicans win the Senate race in Iowa?,Ashley Hinson,SENATEIA-26,Iowa Senate winner?,SENATEIA,Iowa Senate race,Elections,"[""Senate""]",open,binary,0.6,0.61,0.61,0.605,0.395,0.605,0.01,1172271.56,34940.62,708406,0,2024-12-03T15:00:00Z,2027-11-03T15:00:00Z,2027-11-03T15:00:00Z,,,,structured,,,,,,,,2026-09-17T17:14:47+00:00,https://kalshi.com/markets/senateia/iowa-senate-race/senateia-26,True
polymarket,0x63e89bec83a4793994c937bd041cd5b9035917249382c9d97b6e62749180a13a,https://polymarket.com/event/what-price-will-wti-hit-in-september-2026/will-wti-reach-150-in-september-2026,Will WTI Crude Oil (WTI) hit (HIGH) $150 in September?,↑ $150,907966,What will WTI Crude Oil (WTI) hit in September 2026?,what-price-will-wti-hit-in-september-2026,What will WTI Crude Oil (WTI) hit in September 2026?,,[],open,binary,0.005,0.008,0.004,0.0065,0.9935,0.0065,0.003,383601.36959199986,34934.1902,,205951.98213,2026-08-25T04:02:10Z,2026-10-01T03:59:59.999Z,2026-10-01T03:59:59.999Z,,,,,,,,-0.5,"[""Yes"", ""No""]","[0.0065, 0.9935]",111687640145574168884498082287755281891083061574227544269972956823778407304003,2026-09-17T17:13:45+00:00,,
kalshi,KXCS2GAME-26SEP171000EXRBLA-BLA,https://kalshi.com/markets/kxcs2game/counter-strike-2-game,Black Phoenix wins,Black Phoenix,KXCS2GAME-26SEP171000EXRBLA,ex-RUSTEC vs. Black Phoenix,KXCS2GAME,Counter-Strike 2 Game,Sports,"[""Esports""]",open,binary,0.42,0.43,0.43,0.425,0.575,0.425,0.01,36367.19,34917.96,20731.46,0,2026-09-16T22:50:00Z,2026-09-19T14:00:00Z,2026-09-19T14:00:00Z,,,,structured,,,,,,,,2026-09-17T17:13:48+00:00,https://kalshi.com/markets/kxcs2game/counter-strike-2-game/kxcs2game-26sep171000exrbla,True
kalshi,KXPGATOUR-BICA26-ADUM,https://kalshi.com/markets/kxpgatour/pga-tour,Will Adrien Dumont De Chassart win the Biltmore Championship Asheville?,Adrien Dumont De Chassart,KXPGATOUR-BICA26,Biltmore Championship Asheville Winner,KXPGATOUR,PGA Tour,Sports,"[""Golf""]",open,binary,0.006,0.01,0.01,0.008,0.992,0.008,0.004,59561.78,34906.46,58383.24,0,2026-09-13T23:05:00Z,2026-10-04T00:00:00Z,2026-10-04T00:00:00Z,,,,structured,,,,,,,,2026-09-17T17:14:02+00:00,https://kalshi.com/markets/kxpgatour/pga-tour/kxpgatour-bica26,True
kalshi,KXSB-27-SEA,https://kalshi.com/markets/kxsb/super-bowl,Will Seattle win the 2027 Pro Football Championship?,Seattle,KXSB-27,2027 Pro Football Champion,KXSB,Super Bowl,Sports,"[""Football""]",open,binary,0.06,0.07,0.07,0.065,0.935,0.065,0.01,5151142.32,34880.98,4021373.53,0,2026-02-08T20:00:00Z,2029-02-13T23:30:00Z,2029-02-13T23:30:00Z,,,,structured,,,,,,,,2026-09-17T17:14:44+00:00,https://kalshi.com/markets/kxsb/super-bowl/kxsb-27,True
kalshi,KXMLBGAME-26SEP171915PHINYM-NYM,https://kalshi.com/markets/kxmlbgame/professional-baseball-game,New York M wins,New York M,KXMLBGAME-26SEP171915PHINYM,Philadelphia vs New York M,KXMLBGAME,Professional Baseball Game,Sports,"[""Baseball""]",open,binary,0.54,0.55,0.55,0.545,0.455,0.545,0.01,37115,34832.15,33441.59,0,2026-09-14T23:25:00Z,2026-09-20T23:15:00Z,2026-09-20T23:15:00Z,,,,structured,,,,,,,,2026-09-17T17:13:56+00:00,https://kalshi.com/markets/kxmlbgame/professional-baseball-game/kxmlbgame-26sep171915phinym,True
polymarket,0x6cb472b68a5435a165a81c715af4d531db937e5a1c08b96880eebe1904847e3a,https://polymarket.com/event/rus-ore-kra-2026-09-17/rus-ore-kra-2026-09-17-ore,Will FK Orenburg win on 2026-09-17?,FK Orenburg,959960,FK Orenburg vs. FK Krasnodar,rus-ore-kra-2026-09-17,FK Orenburg vs. FK Krasnodar,,[],open,binary,,0.001,0.001,0.0005,0.9995,0.0005,0.001,34870.24844399999,34791.58103799999,,14664.3777,2026-09-03T17:45:11Z,2026-09-17T13:15:00Z,2026-09-17T13:15:00Z,,,,,,,,-19.95,"[""Yes"", ""No""]","[0.0005, 0.9995]",58208088131288885624864538978062702659371178690527858248119763171795705163221,2026-09-17T17:13:45+00:00,,
kalshi,KXBUNDESLIGATOTAL-26SEP18BMUUNI-5,https://kalshi.com/markets/kxbundesligatotal/bundesliga-total,Will over 4.5 goals be scored?,Over 4.5 goals scored,KXBUNDESLIGATOTAL-26SEP18BMUUNI,Bayern Munich vs Union Berlin: Total Goals,KXBUNDESLIGATOTAL,Bundesliga Total,Sports,"[""Soccer""]",open,binary,0.55,0.56,0.55,0.555,0.445,0.555,0.01,38014.59,34764.79,35994.74,0,2026-09-11T19:06:00Z,2026-09-20T18:30:00Z,2026-09-20T18:30:00Z,,,,greater,4.5,,,,,,,2026-09-17T17:14:05+00:00,https://kalshi.com/markets/kxbundesligatotal/bundesliga-total/kxbundesligatotal-26sep18bmuuni,True
kalshi,SENATEOHS-26-R,https://kalshi.com/markets/senateohs/special-senate-election-in-ohio,Will Republicans win the Senate race in Ohio?,Jon Husted,SENATEOHS-26,Ohio Senate winner?,SENATEOHS,Special Senate election in Ohio,Elections,"[""Senate""]",open,binary,0.46,0.47,0.46,0.465,0.535,0.465,0.01,1680490.24,34750.66,1121830.45,0,2024-12-04T15:00:00Z,2027-11-03T15:00:00Z,2027-11-03T15:00:00Z,,,,structured,,,,,,,,2026-09-17T17:14:47+00:00,https://kalshi.com/markets/senateohs/special-senate-election-in-ohio/senateohs-26,True
kalshi,KXNFLFIRSTTD-26SEP17DETBUF-BUFJCOOK4,https://kalshi.com/markets/kxnflfirsttd/pro-football-first-touchdown,James Cook III: 1st Touchdown,James Cook III,KXNFLFIRSTTD-26SEP17DETBUF,Detroit vs Buffalo: 1st Touchdown,KXNFLFIRSTTD,Pro Football First Touchdown,Sports,"[""Football""]",open,binary,0.13,0.14,0.14,0.135,0.865,0.135,0.01,43465.8,34662.45,41908.93,0,2026-09-15T09:15:00Z,2026-09-20T00:15:00Z,2026-09-20T00:15:00Z,,,,structured,,,,,,,,2026-09-17T17:13:55+00:00,https://kalshi.com/markets/kxnflfirsttd/pro-football-first-touchdown/kxnflfirsttd-26sep17detbuf,True
kalshi,KXNFLTD-26SEP17DETBUF-DETSLAPORTA87-1,https://kalshi.com/markets/kxnfltd/pro-football-touchdowns,Sam LaPorta: 1+ touchdowns,Sam LaPorta: 1+,KXNFLTD-26SEP17DETBUF,Detroit vs Buffalo: Touchdowns,KXNFLTD,Pro Football Touchdowns,Sports,"[""Football""]",open,binary,0.28,0.29,0.29,0.285,0.715,0.285,0.01,66368.98,34594.13,61395.12,0,2026-09-14T12:15:00Z,2026-09-20T00:15:00Z,2026-09-20T00:15:00Z,,,,greater,0.5,,,,,,,2026-09-17T17:14:00+00:00,https://kalshi.com/markets/kxnfltd/pro-football-touchdowns/kxnfltd-26sep17detbuf,True
kalshi,KXNFLFIRSTTD-26SEP17DETBUF-BUFDKNOX88,https://kalshi.com/markets/kxnflfirsttd/pro-football-first-touchdown,Dawson Knox: 1st Touchdown,Dawson Knox,KXNFLFIRSTTD-26SEP17DETBUF,Detroit vs Buffalo: 1st Touchdown,KXNFLFIRSTTD,Pro Football First Touchdown,Sports,"[""Football""]",open,binary,0.02,0.03,0.03,0.025,0.975,0.025,0.01,41829.59,34551.81,41517.46,0,2026-09-15T09:15:00Z,2026-09-20T00:15:00Z,2026-09-20T00:15:00Z,,,,structured,,,,,,,,2026-09-17T17:13:55+00:00,https://kalshi.com/markets/kxnflfirsttd/pro-football-first-touchdown/kxnflfirsttd-26sep17detbuf,True
kalshi,KXNFLRECYDS-26SEP17DETBUF-BUFDMOORE2-60,https://kalshi.com/markets/kxnflrecyds/pro-football-receiving-yards,DJ Moore: 60+ receiving yards,DJ Moore: 60+,KXNFLRECYDS-26SEP17DETBUF,Detroit vs Buffalo: Receiving Yards,KXNFLRECYDS,Pro Football Receiving Yards,Sports,"[""Football""]",open,binary,0.53,0.54,0.54,0.535,0.465,0.535,0.01,54307.18,34485.97,51470.29,0,2026-09-15T00:15:00Z,2026-09-20T00:15:00Z,2026-09-20T00:15:00Z,,,,greater,59.5,,,,,,,2026-09-17T17:13:56+00:00,https://kalshi.com/markets/kxnflrecyds/pro-football-receiving-yards/kxnflrecyds-26sep17detbuf,True
polymarket,0xfd155fdd279dc1f5aaa451285a2f98777fcf7d37719d630aa7918472e5d57ce2,https://polymarket.com/event/kanye-west-performs-in-russia-by-october-31/kanye-west-performs-in-russia-by-october-31,Kanye West performs in Russia by October 31?,,875294,Kanye West performs in Russia by October 31?,kanye-west-performs-in-russia-by-october-31,Kanye West performs in Russia by October 31?,,[],open,binary,0.23,0.25,0.23,0.24,0.76,0.24,0.02,507481.88691199996,34470.785713,,12155.6594,2026-08-19T11:53:41Z,2026-11-01T03:59:00Z,2026-11-01T03:59:00Z,,,,,,,,3.5,"[""Yes"", ""No""]","[0.24, 0.76]",46823860506224273130758300745094541598747497878859270908164688978256679771702,2026-09-17T17:13:45+00:00,,
kalshi,KXRATECUTCOUNT-26DEC31-T2,https://kalshi.com/markets/kxratecutcount/number-of-rate-cuts,Will the Fed cut rates 2 times?,Exactly 2 cuts,KXRATECUTCOUNT-26DEC31,Number of rate cuts in 2026?,KXRATECUTCOUNT,Number of rate cuts,Economics,"[""Fed""]",open,binary,0.014,0.015,0.014,0.0145,0.9855,0.0145,0.001,888968.42,34403.16,469631.34,0,2025-09-29T14:00:00Z,2027-01-01T04:59:00Z,2027-01-01T15:00:00Z,,,,between,2,2,,,,,,2026-09-17T17:14:47+00:00,https://kalshi.com/markets/kxratecutcount/number-of-rate-cuts/kxratecutcount-26dec31,True
polymarket,0x5e587a88658fe8d467a87c363b9b12debf8b3bc3210d7fd601a07003602fd3af,https://polymarket.com/event/cs2-hon1-ence-2026-09-17/cs2-hon1-ence-2026-09-17,Counter-Strike: Honvéd vs ENCE (BO3) - CCT Europe Series #9 Group Stage,Match Winner,1035790,Counter-Strike: Honvéd vs ENCE (BO3) - CCT Europe Series #9 Group Stage,cs2-hon1-ence-2026-09-17,Counter-Strike: Honvéd vs ENCE (BO3) - CCT Europe Series #9 Group Stage,,[],open,binary,,0.001,0.04,0.0005,0.9995,0.0005,0.001,39432.43231900001,34306.36410699999,,187224.30163,2026-09-17T00:25:34Z,2026-09-17T20:00:00Z,2026-09-17T20:00:00Z,,,,,,,,,"[""Honv\u00e9d"", ""ENCE""]","[0.0005, 0.9995]",44112194532305202396497994977309103528980336497111268532429422668387326349177,2026-09-17T17:13:45+00:00,,
kalshi,KXNCAAF-27-ALA,https://kalshi.com/markets/kxncaaf/ncaaf-championship,Will Alabama win the College Football Playoff National Championship?,Alabama,KXNCAAF-27,College Football National Championship Winner,KXNCAAF,NCAAF Championship,Sports,"[""Football""]",open,binary,0.03,0.04,0.04,0.035,0.965,0.035,0.01,1561586.9,34292.69,1263672.94,0,2026-01-21T22:00:00Z,2027-02-23T04:00:00Z,2027-02-23T04:00:00Z,,,,structured,,,,,,,,2026-09-17T17:14:45+00:00,https://kalshi.com/markets/kxncaaf/ncaaf-championship/kxncaaf-27,True
kalshi,KXMLBGAME-26SEP171940DETCWS-CWS,https://kalshi.com/markets/kxmlbgame/professional-baseball-game,Chicago WS wins,Chicago WS,KXMLBGAME-26SEP171940DETCWS,Detroit vs Chicago WS,KXMLBGAME,Professional Baseball Game,Sports,"[""Baseball""]",open,binary,0.52,0.53,0.53,0.525,0.475,0.525,0.01,34811.64,34108,33724.46,0,2026-09-14T23:55:00Z,2026-09-20T23:40:00Z,2026-09-20T23:40:00Z,,,,structured,,,,,,,,2026-09-17T17:13:56+00:00,https://kalshi.com/markets/kxmlbgame/professional-baseball-game/kxmlbgame-26sep171940detcws,True
polymarket,0x6114306f724135bd1db2f5f3169386decf18f618653c196ef0a6c1afd27f4c73,https://polymarket.com/event/brazil-presidential-election-first-round-2nd-place/will-flvio-bolsonaro-finish-in-second-place-in-the-first-round-of-the-2026-brazilian-presidential-election,Will Flávio Bolsonaro finish in second place in the first round of the 2026 Brazilian presidential election?,Flávio Bolsonaro,204972,Brazil Presidential Election First Round: 2nd Place,brazil-presidential-election-first-round-2nd-place,Brazil Presidential Election First Round: 2nd Place,,[],open,binary,0.76,0.77,0.77,0.765,0.235,0.765,0.01,889537.594107,34037.922818,,84512.1826,2026-02-11T22:51:11.028988Z,2026-10-04T00:00:00Z,2026-10-04T00:00:00Z,,,,,,,,,"[""Yes"", ""No""]","[0.765, 0.235]",49821065181473419798146957267480015506102711160660718636601116902870701340131,2026-09-17T17:13:45+00:00,,
polymarket,0x8ee27c276a1bee094293751285d8a6697674b023196cb21fdd14bf3ca12f6ec0,https://polymarket.com/event/brazil-presidential-election-first-round-2nd-place/will-luiz-incio-lula-da-silva-finish-in-second-place-in-the-first-round-of-the-2026-brazilian-presidential-election,Will Luiz Inácio Lula da Silva finish in second place in the first round of the 2026 Brazilian presidential election?,Luiz Inácio Lula da Silva,204972,Brazil Presidential Election First Round: 2nd Place,brazil-presidential-election-first-round-2nd-place,Brazil Presidential Election First Round: 2nd Place,,[],open,binary,0.222,0.228,0.235,0.225,0.775,0.225,0.006,780378.37716,34025.214474,,129144.74506,2026-02-11T22:50:26.863498Z,2026-10-04T00:00:00Z,2026-10-04T00:00:00Z,,,,,,,,-0.7,"[""Yes"", ""No""]","[0.225, 0.775]",109856098174983029722649567789098297237073018943808237804563416414463140161494,2026-09-17T17:13:45+00:00,,
kalshi,KXETHD-26SEP1717-T2439.99,https://kalshi.com/markets/kxethd/ethereum-price-above-below,"Ethereum price at Sep 17, 2026 at 5pm EDT?","$2,440 or above",KXETHD-26SEP1717,"ETH price on Sep 17, 2026 at 5pm EDT?",KXETHD,Ethereum price Above/below,Crypto,"[""Hourly"", ""ETH""]",open,binary,0.88,0.89,0.9,0.885,0.115,0.885,0.01,34006.15,34005.9,12810.68,0,2026-09-16T20:00:00Z,2026-09-17T21:00:00Z,2026-09-24T21:00:00Z,,,,greater,2439.99,,ERTI,,,,,2026-09-17T17:13:51+00:00,https://kalshi.com/markets/kxethd/ethereum-price-above-below/kxethd-26sep1717,True
kalshi,KXEPLGAME-26SEP19BRIARS-ARS,https://kalshi.com/markets/kxeplgame/english-premier-league-game,Arsenal wins,Arsenal,KXEPLGAME-26SEP19BRIARS,Brighton vs Arsenal,KXEPLGAME,English Premier League Game,Sports,"[""Soccer""]",open,binary,0.57,0.58,0.58,0.575,0.425,0.575,0.01,212633.07,33924.82,169265.34,0,2026-09-05T00:40:00Z,2026-09-21T20:00:00Z,2026-09-21T20:00:00Z,,,,structured,,,,,,,,2026-09-17T17:14:13+00:00,https://kalshi.com/markets/kxeplgame/english-premier-league-game/kxeplgame-26sep19briars,True
polymarket,0x070312637ff200867e1316b2a4e31c7f2492610c78dd0851608c23f6ef9f3d7a,https://polymarket.com/event/how-many-seats-will-united-russia-win-in-the-next-russian-legislative-election/will-united-russia-win-between-280-and-294-seats-in-the-next-russian-state-duma-election,Will United Russia win between 280 and 294 seats in the next Russian State Duma election?,280–294,147974,United Russia seats in the next Russian legislative election?,how-many-seats-will-united-russia-win-in-the-next-russian-legislative-election,United Russia seats in the next Russian legislative election?,,[],open,binary,0.015,0.018,0.019,0.0165,0.9835,0.0165,0.003,124055.23003499997,33882.121023,,123239.79193,2026-01-07T22:34:33.76361Z,2026-09-20T00:00:00Z,2026-09-20T00:00:00Z,,,,,,,,,"[""Yes"", ""No""]","[0.0165, 0.9835]",29437823723140217357074249766661895936487312248581068076596261606725152484192,2026-09-17T17:13:45+00:00,,
kalshi,KXPGATOUR-BICA26-KROY,https://kalshi.com/markets/kxpgatour/pga-tour,Will Kevin Roy win the Biltmore Championship Asheville?,Kevin Roy,KXPGATOUR-BICA26,Biltmore Championship Asheville Winner,KXPGATOUR,PGA Tour,Sports,"[""Golf""]",open,binary,0.011,0.012,0.012,0.0115,0.9885,0.0115,0.001,62365.42,33870.39,60405.46,0,2026-09-13T23:05:00Z,2026-10-04T00:00:00Z,2026-10-04T00:00:00Z,,,,structured,,,,,,,,2026-09-17T17:14:02+00:00,https://kalshi.com/markets/kxpgatour/pga-tour/kxpgatour-bica26,True
kalshi,KXNCAAFGAME-26SEP19UTSATEX-UTSA,https://kalshi.com/markets/kxncaafgame/college-football-game,UTSA wins,UTSA,KXNCAAFGAME-26SEP19UTSATEX,UTSA vs Texas,KXNCAAFGAME,College Football Game,Sports,"[""Football""]",open,binary,0.01,0.03,0.02,0.02,0.98,0.02,0.02,125494.45,33867.37,116456.43,0,2026-09-06T01:07:00Z,2026-09-22T00:00:00Z,2026-09-22T00:00:00Z,,,,structured,,,,,,,,2026-09-17T17:14:13+00:00,https://kalshi.com/markets/kxncaafgame/college-football-game/kxncaafgame-26sep19utsatex,True
polymarket,0x46f2f457e14ee9021ebd0ef4c27eacd98fdceaf7f2938b484e2551e9e3275ae8,https://polymarket.com/event/next-french-presidential-election/will-douard-philippe-win-the-2027-french-presidential-election,Will Édouard Philippe win the 2027 French presidential election?,Édouard Philippe,79987,Next French Presidential Election,next-french-presidential-election,Next French Presidential Election,,[],open,binary,0.24,0.25,0.25,0.245,0.755,0.245,0.01,1666683.9300549997,33767.075484,,229213.332,2025-11-13T23:09:38.980334Z,2027-04-30T00:00:00Z,2027-04-30T00:00:00Z,,,,,,,,,"[""Yes"", ""No""]","[0.245, 0.755]",84846382165343032223975853870946110241285484772019446686866815597350660955868,2026-09-17T17:13:45+00:00,,
kalshi,KXMETXCOMBO-26NOV-TAL-COL,https://kalshi.com/markets/kxmetxcombo/me-tx-combo,Will Texas Senate be James Talarico wins AND Maine Senate be Susan Collins wins for Nov 2026?,James Talarico and Susan Collins,KXMETXCOMBO-26NOV,Maine-Texas Senate Combo,KXMETXCOMBO,ME-TX Combo,Elections,"[""Senate"", ""US Elections"", ""Senate Combos"", ""Election Combos""]",open,binary,0.13,0.15,0.15,0.14,0.86,0.14,0.02,191635.97,33695.19,102727.83,0,2026-05-31T21:00:00Z,2027-11-03T14:00:00Z,2027-11-10T14:00:00Z,,,,custom,,,,,,,,2026-09-17T17:14:34+00:00,https://kalshi.com/markets/kxmetxcombo/me-tx-combo/kxmetxcombo-26nov,True
kalshi,KXHIGHLAX-26SEP17-B77.5,https://kalshi.com/markets/kxhighlax/highest-temperature-in-los-angeles,"Will the maximum temperature be 77-78° on Sep 17, 2026?",77° to 78°,KXHIGHLAX-26SEP17,"Highest temperature in Los Angeles on Sep 17, 2026?",KXHIGHLAX,Highest temperature in Los Angeles,Climate and Weather,"[""Daily temperature""]",open,binary,0.39,0.4,0.4,0.395,0.605,0.395,0.01,34244.73,33659.12,23605.9,0,2026-09-16T14:00:00Z,2026-09-18T08:00:00Z,2026-09-24T14:00:00Z,,,,between,77,78,CLILAX,,,,,2026-09-17T17:13:50+00:00,https://kalshi.com/markets/kxhighlax/highest-temperature-in-los-angeles/kxhighlax-26sep17,True
polymarket,0x0e2036d352c814105dc386c4005505404ac2eb4f14c4d51eab7344e51e14519b,https://polymarket.com/event/bitcoin-above-on-september-18-2026/bitcoin-above-82k-on-september-18-2026,"Will the price of Bitcoin be above $82,000 on September 18?","82,000",1005110,Bitcoin above ___ on September 18?,bitcoin-above-on-september-18-2026,Bitcoin above ___ on September 18?,,[],open,binary,0.002,0.004,0.003,0.003,0.997,0.003,0.002,58640.06583399999,33647.15886,,53603.19618,2026-09-11T16:00:19Z,2026-09-18T16:00:00Z,2026-09-18T16:00:00Z,,,,,,,,-1.7,"[""Yes"", ""No""]","[0.003, 0.997]",113354186467228828748466173554294228625501762690332052294271232315065165659393,2026-09-17T17:13:45+00:00,,
kalshi,KXOSCARPIC-27-BLA,https://kalshi.com/markets/kxoscarpic/oscar-for-best-picture,Will The Black Ball win Best Picture at the Oscars?,The Black Ball,KXOSCARPIC-27,Oscar Winner: Best Picture,KXOSCARPIC,Oscar for Best Picture,Entertainment,"[""Oscars"", ""Awards""]",open,binary,0.18,0.19,0.19,0.185,0.815,0.185,0.01,365003.8,33595.09,304726.6,0,2026-05-27T16:00:00Z,2027-12-31T15:00:00Z,2027-12-31T15:00:00Z,,,,custom,,,,,,,,2026-09-17T17:14:34+00:00,https://kalshi.com/markets/kxoscarpic/oscar-for-best-picture/kxoscarpic-27,True
polymarket,0x06375ff8ab2f9c0c2fc3436b4620c8db7bebe19d7f85ecfec5aaa03f2d689cca,https://polymarket.com/event/mlb-det-cws-2026-09-17/mlb-det-cws-2026-09-17,Detroit Tigers vs. Chicago White Sox,,1004397,Detroit Tigers vs. Chicago White Sox,mlb-det-cws-2026-09-17,Detroit Tigers vs. Chicago White Sox,,[],open,binary,0.49,0.5,0.5,0.495,0.505,0.495,0.01,33738.221401,33559.61140100001,,307952.9609,2026-09-11T13:00:38Z,2026-09-24T23:40:00Z,2026-09-24T23:40:00Z,,,,,,,,6,"[""Detroit Tigers"", ""Chicago White Sox""]","[0.495, 0.505]",14164807882210064641348101654293159152497072996863725534693805113135708006302,2026-09-17T17:13:45+00:00,,
kalshi,KXDJTATTACKWARSH-26SEP-26OCT01,https://kalshi.com/markets/kxdjtattackwarsh/will-trump-publicly-criticize-kevin-warsh,"Will Trump publicly criticize Kevin Warsh before Oct 1, 2026?","Before Oct 1, 2026",KXDJTATTACKWARSH-27,Will Trump publicly criticize Kevin Warsh?,KXDJTATTACKWARSH,Will Trump publicly criticize Kevin Warsh?,Politics,"[""Trump""]",open,binary,0.07,0.08,0.08,0.075,0.925,0.075,0.01,33538.33,33538.33,25730.95,0,2026-09-16T16:45:00Z,2026-10-01T03:59:00Z,2026-10-08T14:00:00Z,,,,,,,,,,,,2026-09-17T17:13:49+00:00,https://kalshi.com/markets/kxdjtattackwarsh/will-trump-publicly-criticize-kevin-warsh/kxdjtattackwarsh-27,True
polymarket,0xe5d4351ecdbf12088d18440d99bf03fbec8da7456e06b6dd034ad2c2787e732f,https://polymarket.com/event/cs2-furia-mibr-2026-09-17/cs2-furia-mibr-2026-09-17-map-handicap-away-1pt5,Map Handicap: FURIA (-1.5) vs MIBR (+1.5),Map Handicap: FURIA (-1.5) vs MIBR (+1.5),1005584,Counter-Strike: FURIA vs MIBR (BO3) - StarLadder StarSeries Playoffs,cs2-furia-mibr-2026-09-17,Counter-Strike: FURIA vs MIBR (BO3) - StarLadder StarSeries Playoffs,,[],open,binary,0.42,0.43,0.43,0.425,0.575,0.425,0.01,36171.51328699999,33409.170757,,47734.2063,2026-09-16T17:35:21Z,2026-09-17T23:15:00Z,2026-09-17T23:15:00Z,,,,,,,,,"[""FURIA"", ""MIBR""]","[0.425, 0.575]",4878338595162221019633505782502074433801629684375513543740584826614840320660,2026-09-17T17:13:45+00:00,,
kalshi,KXWTASETWINNER-26SEP17LAMSIE-2-LAM,https://kalshi.com/markets/kxwtasetwinner/wta-set-winner,Will Suzan Lamens win set 2 in the Suzan Lamens vs Solana Sierra match,Suzan Lamens,KXWTASETWINNER-26SEP17LAMSIE-2,Suzan Lamens vs Solana Sierra: Set 2 Winner,KXWTASETWINNER,WTA Set Winner,Sports,"[""Tennis""]",open,binary,0.58,0.59,0.58,0.585,0.415,0.585,0.01,35602.29,33372.53,30189.09,0,2026-09-16T20:10:00Z,2026-10-01T18:00:00Z,2026-10-01T18:00:00Z,,,,structured,,,,,,,,2026-09-17T17:13:49+00:00,https://kalshi.com/markets/kxwtasetwinner/wta-set-winner/kxwtasetwinner-26sep17lamsie-2,True
kalshi,KXNFL1H-26SEP17DETBUF-TIE,https://kalshi.com/markets/kxnfl1h/pro-football-1st-half-winner,Will neither team win the 1st Half?,Tie 1st Half,KXNFL1H-26SEP17DETBUF,Detroit vs Buffalo: 1st Half Winner,KXNFL1H,Pro Football 1st Half Winner,Sports,"[""Football""]",open,binary,0.08,0.09,0.09,0.085,0.915,0.085,0.01,38131.35,33356.59,38010.49,0,2026-09-15T16:35:00Z,2026-09-20T00:15:00Z,2026-09-20T00:15:00Z,,,,structured,,,,,,,,2026-09-17T17:13:54+00:00,https://kalshi.com/markets/kxnfl1h/pro-football-1st-half-winner/kxnfl1h-26sep17detbuf,True
kalshi,KXPGAR1LEAD-BICA26-RHOJ,https://kalshi.com/markets/kxpgar1lead/pga-round-1-leader,Rasmus Hojgaard leads at the end of Round 1,Rasmus Hojgaard,KXPGAR1LEAD-BICA26,Biltmore Championship Asheville End of Round 1 Leader,KXPGAR1LEAD,PGA Round 1 Leader,Sports,"[""Golf""]",open,binary,0,0.009,0.005,0.0045,0.9955,0.0045,0.009,54191.04,33148.51,51502.69,0,2026-09-14T00:10:00Z,2026-10-04T00:00:00Z,2026-10-04T00:00:00Z,,,,structured,,,,,,,,2026-09-17T17:14:02+00:00,https://kalshi.com/markets/kxpgar1lead/pga-round-1-leader/kxpgar1lead-bica26,True
kalshi,KXMLBNLMVP-26-PCRO,https://kalshi.com/markets/kxmlbnlmvp/pro-baseball-national-league-mvp,Will Pete Crow-Armstrong win NL MVP?,Pete Crow-Armstrong,KXMLBNLMVP-26,NL MVP Winner?,KXMLBNLMVP,Pro Baseball National League MVP,Sports,"[""Baseball""]",open,binary,0.98,0.99,0.98,0.985,0.015,0.985,0.01,1271199.31,33007.22,503324.79,0,2026-02-02T15:00:00Z,2026-12-08T15:00:00Z,2026-12-08T15:00:00Z,,,,custom,,,,,,,,2026-09-17T17:14:44+00:00,https://kalshi.com/markets/kxmlbnlmvp/pro-baseball-national-league-mvp/kxmlbnlmvp-26,True
polymarket,0x89bc014b4bb443bb2a47f58e80cf212a78de644f2a5c319f6e587879595367e9,https://polymarket.com/event/laliga-2027-champion-20260701200737375/will-villarreal-win-the-2026-27-laliga-championship-20260701200737390,Will Villarreal win the 2026-27 LALIGA Championship?,Villarreal,659548,LALIGA: 2027 Champion,laliga-2027-champion-20260701200737375,LALIGA: 2027 Champion,,[],open,binary,0.002,0.003,0.002,0.0025,0.9975,0.0025,0.001,404594.389978,32988.5085,,272441.90018,2026-07-02T18:17:30.818595Z,2027-05-30T23:59:00Z,2027-05-30T23:59:00Z,,,,,,,,,"[""Yes"", ""No""]","[0.0025, 0.9975]",113425062535644332921371280980545220084690407039886754096111209549228191875637,2026-09-17T17:13:45+00:00,,
kalshi,KXEARNINGSMENTIONAZO-26SEP22-SSS,https://kalshi.com/markets/kxearningsmentionazo/auto-zone,What will AutoZone say during their next earnings call?,Same Store Sales,KXEARNINGSMENTIONAZO-26SEP22,What will AutoZone say during their next earnings call?,KXEARNINGSMENTIONAZO,Auto Zone,Mentions,"[""Earnings""]",open,binary,0.98,0.99,0.98,0.985,0.015,0.985,0.01,34378.18,32963.45,19055.17,0,2026-08-26T20:30:00Z,2026-12-31T15:00:00Z,2026-12-31T15:00:00Z,,,,custom,,,,,,,,2026-09-17T17:14:17+00:00,https://kalshi.com/markets/kxearningsmentionazo/auto-zone/kxearningsmentionazo-26sep22,True
kalshi,KXNFLSPREAD-26SEP20CLETB-TB9,https://kalshi.com/markets/kxnflspread/pro-football-spread,Tampa Bay wins by over 8.5 points?,Tampa Bay wins by over 8.5 points,KXNFLSPREAD-26SEP20CLETB,Cleveland vs Tampa Bay: Spread,KXNFLSPREAD,Pro Football Spread,Sports,"[""Football""]",open,binary,0.48,0.49,0.49,0.485,0.515,0.485,0.01,69813.75,32923.77,65640.47,0,2026-09-14T01:05:00Z,2026-09-22T17:00:00Z,2026-09-22T17:00:00Z,,,,greater,8.5,,,,,,,2026-09-17T17:14:02+00:00,https://kalshi.com/markets/kxnflspread/pro-football-spread/kxnflspread-26sep20cletb,True
kalshi,KXLIGAMXGAME-26SEP19AMECDG-AME,https://kalshi.com/markets/kxligamxgame/liga-mx-game,America wins,America,KXLIGAMXGAME-26SEP19AMECDG,America vs Guadalajara,KXLIGAMXGAME,Liga MX Game,Sports,"[""Soccer""]",open,binary,0.37,0.38,0.38,0.375,0.625,0.375,0.01,113652.42,32859.17,107341.14,0,2026-09-06T00:38:00Z,2026-09-22T09:00:00Z,2026-09-22T09:00:00Z,,,,structured,,,,,,,,2026-09-17T17:14:13+00:00,https://kalshi.com/markets/kxligamxgame/liga-mx-game/kxligamxgame-26sep19amecdg,True
kalshi,KXDANCINGWITHTHESTARS-26DEC31-HSHU,https://kalshi.com/markets/kxdancingwiththestars/who-will-win-dancing-with-the-stars,Will Harry Shum Jr. win Dancing with the Stars Season 35?,Harry Shum Jr.,KXDANCINGWITHTHESTARS-26DEC31,Dancing with the Stars Season 35 · Winner,KXDANCINGWITHTHESTARS,Who will win dancing with the stars?,Entertainment,"[""Television"", ""Dancing with the Stars""]",open,binary,0.2,0.21,0.21,0.205,0.795,0.205,0.01,106650.42,32841.84,84487.86,0,2026-09-02T16:08:00Z,2027-01-07T15:00:00Z,2027-01-07T15:00:00Z,,,,custom,,,,,,,,2026-09-17T17:14:14+00:00,https://kalshi.com/markets/kxdancingwiththestars/who-will-win-dancing-with-the-stars/kxdancingwiththestars-26dec31,True
kalshi,KXUFCFIGHT-26SEP19TSARUF-TSA,https://kalshi.com/markets/kxufcfight/ufc-fight,Arman Tsarukyan wins,Arman Tsarukyan,KXUFCFIGHT-26SEP19TSARUF,331: Tsarukyan vs Ruffy,KXUFCFIGHT,UFC Fight,Sports,"[""MMA""]",open,binary,0.73,0.74,0.74,0.735,0.265,0.735,0.01,92602.85,32759.07,78554.4,0,2026-09-06T04:45:00Z,2026-10-04T02:00:00Z,2026-10-04T02:00:00Z,,,,structured,,,,,,,,2026-09-17T17:14:12+00:00,https://kalshi.com/markets/kxufcfight/ufc-fight/kxufcfight-26sep19tsaruf,True
kalshi,KXWTI-26SEP1714-T95.99,https://kalshi.com/markets/kxwti/wti-oil-on-day,"Will the WTI crude oil settlement price be above 95.99 USD/Bbl on Sep 17, 2026?",Above $95.99,KXWTI-26SEP1714,"Oil Price (WTI) on Sep 17, 2026?",KXWTI,WTI oil on day,Commodities,"[""Oil & Gas""]",open,binary,0.93,0.94,0.93,0.935,0.065,0.935,0.01,34104.49,32738.48,16884.49,0,2026-09-15T23:30:00Z,2026-09-17T18:30:00Z,2026-09-24T19:30:00Z,,,,greater,95.99,,,,,,,2026-09-17T17:13:53+00:00,https://kalshi.com/markets/kxwti/wti-oil-on-day/kxwti-26sep1714,True
kalshi,KXBTCD-26SEP1714-T76999.99,https://kalshi.com/markets/kxbtcd/bitcoin-price-above-below,"Bitcoin price on Sep 17, 2026?","$77,000 or above",KXBTCD-26SEP1714,"BTC price on Sep 17, 2026 at 2pm EDT?",KXBTCD,Bitcoin price Above/below,Crypto,"[""Hourly"", ""BTC""]",open,binary,0.13,0.14,0.14,0.135,0.865,0.135,0.01,36788.76,32725.12,22160.81,0,2026-09-17T17:00:00Z,2026-09-17T18:00:00Z,2026-09-24T18:00:00Z,,,,greater,76999.99,,BRTI,,,,,2026-09-17T17:13:51+00:00,https://kalshi.com/markets/kxbtcd/bitcoin-price-above-below/kxbtcd-26sep1714,True
kalshi,KXPGAR1LEAD-BICA26-JSUB,https://kalshi.com/markets/kxpgar1lead/pga-round-1-leader,Jackson Suber leads at the end of Round 1,Jackson Suber,KXPGAR1LEAD-BICA26,Biltmore Championship Asheville End of Round 1 Leader,KXPGAR1LEAD,PGA Round 1 Leader,Sports,"[""Golf""]",open,binary,0.003,0.017,0.019,0.01,0.99,0.01,0.014,36831.6,32703.38,36733.6,0,2026-09-14T00:10:00Z,2026-10-04T00:00:00Z,2026-10-04T00:00:00Z,,,,structured,,,,,,,,2026-09-17T17:14:02+00:00,https://kalshi.com/markets/kxpgar1lead/pga-round-1-leader/kxpgar1lead-bica26,True
kalshi,SENATEKS-26-D,https://kalshi.com/markets/senateks/kansas-senate-race,Will Democratics win the Senate race in Kansas?,Adam Hamilton,SENATEKS-26,Kansas Senate winner?,SENATEKS,Kansas Senate race,Elections,"[""Senate""]",open,binary,0.22,0.23,0.23,0.225,0.775,0.225,0.01,595638.53,32571.1,469079.39,0,2024-12-03T15:00:00Z,2027-11-03T15:00:00Z,2027-11-03T15:00:00Z,,,,structured,,,,,,,,2026-09-17T17:14:47+00:00,https://kalshi.com/markets/senateks/kansas-senate-race/senateks-26,True
kalshi,KXNFLTD-26SEP17DETBUF-DETSVAKI33-1,https://kalshi.com/markets/kxnfltd/pro-football-touchdowns,Sione Vaki: 1+ touchdowns,Sione Vaki: 1+,KXNFLTD-26SEP17DETBUF,Detroit vs Buffalo: Touchdowns,KXNFLTD,Pro Football Touchdowns,Sports,"[""Football""]",open,binary,0.08,0.09,0.09,0.085,0.915,0.085,0.01,42354.66,32418.15,42353.62,0,2026-09-15T00:15:00Z,2026-09-20T00:15:00Z,2026-09-20T00:15:00Z,,,,greater,0.5,,,,,,,2026-09-17T17:13:56+00:00,https://kalshi.com/markets/kxnfltd/pro-football-touchdowns/kxnfltd-26sep17detbuf,True
kalshi,KXPGATOUR-BICA26-PNYH,https://kalshi.com/markets/kxpgatour/pga-tour,Will Pontus Nyholm win the Biltmore Championship Asheville?,Pontus Nyholm,KXPGATOUR-BICA26,Biltmore Championship Asheville Winner,KXPGATOUR,PGA Tour,Sports,"[""Golf""]",open,binary,0.003,0.004,0.004,0.0035,0.9965,0.0035,0.001,266612.2,32397.39,205809.2,0,2026-09-13T23:05:00Z,2026-10-04T00:00:00Z,2026-10-04T00:00:00Z,,,,structured,,,,,,,,2026-09-17T17:14:02+00:00,https://kalshi.com/markets/kxpgatour/pga-tour/kxpgatour-bica26,True
kalshi,KXDPWORLDTOUR-BMPC26-FSCH,https://kalshi.com/markets/kxdpworldtour/dp-world-tour-tournament-winner,Will Freddy Schott win the BMW PGA Championship?,Freddy Schott,KXDPWORLDTOUR-BMPC26,BMW PGA Championship Winner,KXDPWORLDTOUR,DP World Tour Tournament Winner,Sports,"[""Golf""]",open,binary,0.002,0.004,0.004,0.003,0.997,0.003,0.002,34209.72,32394.87,28207.68,0,2026-09-12T12:00:00Z,2026-10-04T00:00:00Z,2026-10-04T00:00:00Z,,,,structured,,,,,,,,2026-09-17T17:14:05+00:00,https://kalshi.com/markets/kxdpworldtour/dp-world-tour-tournament-winner/kxdpworldtour-bmpc26,True
polymarket,0xf1c72fc2a509b84024dd914150e8dd1647f41bdc388d8c7953b210c8ed3bdda6,https://polymarket.com/event/wnba-conn-atl-2026-09-17/wnba-conn-atl-2026-09-17-total-168pt5,Connecticut Sun vs. Atlanta Dream: O/U 168.5,O/U 168.5,962992,Connecticut Sun vs. Atlanta Dream,wnba-conn-atl-2026-09-17,Connecticut Sun vs. Atlanta Dream,,[],open,binary,0.49,0.5,0.5,0.495,0.505,0.495,0.01,32331.759005999997,32331.759006000004,,83716.2058,2026-09-17T00:53:28Z,2026-09-17T23:30:00Z,2026-09-17T23:30:00Z,,,,,,,,,"[""Over"", ""Under""]","[0.495, 0.505]",95261159397436943868594019680357466337878055584744507118395256293845271550960,2026-09-17T17:13:45+00:00,,
kalshi,KXNBA-27-PHI,https://kalshi.com/markets/kxnba/pro-basketball-champion,Will Philadelphia win the 2027 Pro Basketball Finals?,Philadelphia,KXNBA-27,2027 Pro Basketball Champion,KXNBA,Pro Basketball Champion,Sports,"[""Basketball""]",open,binary,0.09,0.1,0.09,0.095,0.905,0.095,0.01,7921469.68,32296.18,5249739.21,0,2026-06-14T08:00:00Z,2029-07-30T14:00:00Z,2029-07-30T14:00:00Z,,,,structured,,,,,,,,2026-09-17T17:14:33+00:00,https://kalshi.com/markets/kxnba/pro-basketball-champion/kxnba-27,True
kalshi,KXNFLGAME-26SEP20MIASF-SF,https://kalshi.com/markets/kxnflgame/professional-football-game,San Francisco wins,San Francisco,KXNFLGAME-26SEP20MIASF,MIA Dolphins vs SF 49ers,KXNFLGAME,Professional Football Game,Sports,"[""Football""]",open,binary,0.89,0.9,0.9,0.895,0.105,0.895,0.01,355907.04,32254.82,289153.27,0,2026-08-25T15:33:00Z,2026-09-22T20:25:00Z,2026-09-22T20:25:00Z,,,,structured,,,,,,,,2026-09-17T17:14:18+00:00,https://kalshi.com/markets/kxnflgame/professional-football-game/kxnflgame-26sep20miasf,True
kalshi,KXBALANCEPOWERCOMBO-27FEB-DR,https://kalshi.com/markets/kxbalancepowercombo/congress-balance-of-power-combo,Will House Control be Democratic AND Senate Control be Republican for Feb 2027?,"D-House, R-Senate",KXBALANCEPOWERCOMBO-27FEB,2026 Midterms: Congress Balance of Power?,KXBALANCEPOWERCOMBO,Congress balance of power combo,Elections,"[""Senate"", ""House"", ""Mixed Combos"", ""US Elections"", ""Election Combos""]",open,binary,0.31,0.32,0.32,0.315,0.685,0.315,0.01,2259858.93,32124.29,1159333.21,0,2025-12-11T15:00:00Z,2027-02-01T15:00:00Z,2027-02-08T15:00:00Z,,,,custom,,,,,,,,2026-09-17T17:14:46+00:00,https://kalshi.com/markets/kxbalancepowercombo/congress-balance-of-power-combo/kxbalancepowercombo-27feb,True
kalshi,KXPGATOUR-BICA26-MMEI,https://kalshi.com/markets/kxpgatour/pga-tour,Will Mac Meissner win the Biltmore Championship Asheville?,Mac Meissner,KXPGATOUR-BICA26,Biltmore Championship Asheville Winner,KXPGATOUR,PGA Tour,Sports,"[""Golf""]",open,binary,0.021,0.023,0.022,0.022,0.978,0.022,0.002,176439.36,32122.46,171304.03,0,2026-09-13T23:05:00Z,2026-10-04T00:00:00Z,2026-10-04T00:00:00Z,,,,structured,,,,,,,,2026-09-17T17:14:02+00:00,https://kalshi.com/markets/kxpgatour/pga-tour/kxpgatour-bica26,True
kalshi,KXPGAR1LEAD-BICA26-NECH,https://kalshi.com/markets/kxpgar1lead/pga-round-1-leader,Nicolas Echavarria leads at the end of Round 1,Nicolas Echavarria,KXPGAR1LEAD-BICA26,Biltmore Championship Asheville End of Round 1 Leader,KXPGAR1LEAD,PGA Round 1 Leader,Sports,"[""Golf""]",open,binary,0,0.01,0.001,0.005,0.995,0.005,0.01,71362.76,32075.81,68631.49,0,2026-09-14T00:10:00Z,2026-10-04T00:00:00Z,2026-10-04T00:00:00Z,,,,structured,,,,,,,,2026-09-17T17:14:02+00:00,https://kalshi.com/markets/kxpgar1lead/pga-round-1-leader/kxpgar1lead-bica26,True
kalshi,KXPGATOUR-BICA26-BSIL,https://kalshi.com/markets/kxpgatour/pga-tour,Will Ben Silverman win the Biltmore Championship Asheville?,Ben Silverman,KXPGATOUR-BICA26,Biltmore Championship Asheville Winner,KXPGATOUR,PGA Tour,Sports,"[""Golf""]",open,binary,0,0.003,0.004,0.0015,0.9985,0.0015,0.003,52452.94,31991.45,52452.94,0,2026-09-13T23:05:00Z,2026-10-04T00:00:00Z,2026-10-04T00:00:00Z,,,,structured,,,,,,,,2026-09-17T17:14:02+00:00,https://kalshi.com/markets/kxpgatour/pga-tour/kxpgatour-bica26,True
kalshi,KXNFL1HSPREAD-26SEP17DETBUF-BUF4,https://kalshi.com/markets/kxnfl1hspread/pro-football-1st-half-spread,Buffalo wins 1H by over 3.5 points?,Buffalo wins 1H by over 3.5 points,KXNFL1HSPREAD-26SEP17DETBUF,Detroit vs Buffalo: 1st Half Spread,KXNFL1HSPREAD,Pro Football 1st Half Spread,Sports,"[""Football""]",open,binary,0.49,0.5,0.5,0.495,0.505,0.495,0.01,37271.85,31951.59,31830.99,0,2026-09-15T16:35:00Z,2026-09-20T00:15:00Z,2026-09-20T00:15:00Z,,,,greater,3.5,,,,,,,2026-09-17T17:13:54+00:00,https://kalshi.com/markets/kxnfl1hspread/pro-football-1st-half-spread/kxnfl1hspread-26sep17detbuf,True
kalshi,KXPGATOUR-BICA26-DGHI,https://kalshi.com/markets/kxpgatour/pga-tour,Will Doug Ghim win the Biltmore Championship Asheville?,Doug Ghim,KXPGATOUR-BICA26,Biltmore Championship Asheville Winner,KXPGATOUR,PGA Tour,Sports,"[""Golf""]",open,binary,0.026,0.03,0.03,0.028,0.972,0.028,0.004,93191.19,31933.35,80503.16,0,2026-09-13T23:05:00Z,2026-10-04T00:00:00Z,2026-10-04T00:00:00Z,,,,structured,,,,,,,,2026-09-17T17:14:02+00:00,https://kalshi.com/markets/kxpgatour/pga-tour/kxpgatour-bica26,True
kalshi,KXNCAAF-27-UGA,https://kalshi.com/markets/kxncaaf/ncaaf-championship,Will Georgia win the College Football Playoff National Championship?,Georgia,KXNCAAF-27,College Football National Championship Winner,KXNCAAF,NCAAF Championship,Sports,"[""Football""]",open,binary,0.1,0.12,0.12,0.11,0.89,0.11,0.02,1888455.2,31831.59,1680712.56,0,2026-01-21T22:00:00Z,2027-02-23T04:00:00Z,2027-02-23T04:00:00Z,,,,structured,,,,,,,,2026-09-17T17:14:45+00:00,https://kalshi.com/markets/kxncaaf/ncaaf-championship/kxncaaf-27,True
polymarket,0xb8a15083c4468b26a20609ae6cfaaf8641d34e38e5450f26694ac49bf37b022b,https://polymarket.com/event/bitcoin-above-on-september-18-2026/bitcoin-above-86k-on-september-18-2026,"Will the price of Bitcoin be above $86,000 on September 18?","86,000",1005110,Bitcoin above ___ on September 18?,bitcoin-above-on-september-18-2026,Bitcoin above ___ on September 18?,,[],open,binary,,0.001,0.001,0.0005,0.9995,0.0005,0.001,44098.26105900001,31823.70584,,57253.63215,2026-09-11T16:00:19Z,2026-09-18T16:00:00Z,2026-09-18T16:00:00Z,,,,,,,,-1,"[""Yes"", ""No""]","[0.0005, 0.9995]",27081625528143570643564093311801644480004814130448259588041368814679679271311,2026-09-17T17:13:45+00:00,,
kalshi,KXNBA-27-DET,https://kalshi.com/markets/kxnba/pro-basketball-champion,Will Detroit win the 2027 Pro Basketball Finals?,Detroit,KXNBA-27,2027 Pro Basketball Champion,KXNBA,Pro Basketball Champion,Sports,"[""Basketball""]",open,binary,0.01,0.02,0.02,0.015,0.985,0.015,0.01,288106.11,31823.52,266214.35,0,2026-06-14T08:00:00Z,2029-07-30T14:00:00Z,2029-07-30T14:00:00Z,,,,structured,,,,,,,,2026-09-17T17:14:33+00:00,https://kalshi.com/markets/kxnba/pro-basketball-champion/kxnba-27,True
polymarket,0x62cf9f20cd870e990e8f369e96d3a57b82caa931e248355e843239a7ee7fd211,https://polymarket.com/event/what-price-will-wti-hit-in-september-2026/will-wti-dip-to-90-in-september-2026-from-september-4,Will WTI Crude Oil (WTI) hit (LOW) $90 in September?,↓ $90,907966,What will WTI Crude Oil (WTI) hit in September 2026?,what-price-will-wti-hit-in-september-2026,What will WTI Crude Oil (WTI) hit in September 2026?,,[],open,binary,0.443,0.459,0.401,0.451,0.549,0.451,0.016,189581.952237,31638.276514999994,,36968.27171,2026-09-04T16:45:01Z,2026-10-01T03:59:59.999Z,2026-10-01T03:59:59.999Z,,,,,,,,-0.4,"[""Yes"", ""No""]","[0.451, 0.549]",106865169592299548286587696300190957552253330566906307858266701916595931430747,2026-09-17T17:13:45+00:00,,
kalshi,KXHEISMAN-27-DMES,https://kalshi.com/markets/kxheisman/heisman-trophy-winner,Who will win Heisman Trophy?,Drew Mestemaker,KXHEISMAN-27,Heisman Trophy Winner,KXHEISMAN,Heisman Trophy Winner,Sports,"[""Football""]",open,binary,0.01,0.02,0.01,0.015,0.985,0.015,0.01,935498.09,31610.54,901923.83,0,2026-01-05T18:30:00Z,2027-01-01T15:00:00Z,2027-01-15T15:00:00Z,,,,custom,,,,,,,,2026-09-17T17:14:45+00:00,https://kalshi.com/markets/kxheisman/heisman-trophy-winner/kxheisman-27,True
kalshi,KXLALIGATOTAL-26SEP17RBBGET-4,https://kalshi.com/markets/kxlaligatotal/la-liga-total,Will over 3.5 goals be scored?,Over 3.5 goals scored,KXLALIGATOTAL-26SEP17RBBGET,Real Betis vs Getafe: Total Goals,KXLALIGATOTAL,La Liga Total,Sports,"[""Soccer""]",open,binary,0.22,0.23,0.23,0.225,0.775,0.225,0.01,31869.06,31600.96,19487.69,0,2026-09-10T17:10:00Z,2026-09-19T17:00:00Z,2026-09-19T17:00:00Z,,,,greater,3.5,,,,,,,2026-09-17T17:14:11+00:00,https://kalshi.com/markets/kxlaligatotal/la-liga-total/kxlaligatotal-26sep17rbbget,True
kalshi,KXLALIGAGAME-26SEP17MCFVIL-MCF,https://kalshi.com/markets/kxlaligagame/la-liga-game,Malaga wins,Malaga,KXLALIGAGAME-26SEP17MCFVIL,Malaga vs Villarreal,KXLALIGAGAME,La Liga Game,Sports,"[""Soccer""]",open,binary,0.25,0.26,0.26,0.255,0.745,0.255,0.01,33355.78,31585.49,27579.89,0,2026-09-03T00:37:00Z,2026-09-20T01:30:00Z,2026-09-20T01:30:00Z,,,,structured,,,,,,,,2026-09-17T17:14:14+00:00,https://kalshi.com/markets/kxlaligagame/la-liga-game/kxlaligagame-26sep17mcfvil,True
polymarket,0x66b90d447956744ad2834b2ce06dc9fd210efbf7a47a8322efca0100add0e443,https://polymarket.com/event/mlb-min-laa-2026-09-17/mlb-min-laa-2026-09-17-total-7pt5,Minnesota Twins vs. Los Angeles Angels: O/U 7.5,O/U 7.5,1004402,Minnesota Twins vs. Los Angeles Angels,mlb-min-laa-2026-09-17,Minnesota Twins vs. Los Angeles Angels,,[],open,binary,0.49,0.5,0.5,0.495,0.505,0.495,0.01,31488.319843999998,31478.359844000002,,139573.2236,2026-09-17T00:28:58Z,2026-09-18T01:38:00Z,2026-09-18T01:38:00Z,,,,,,,,,"[""Over"", ""Under""]","[0.495, 0.505]",56614807983518563978530518400524226599681158145150692233196162507679818489785,2026-09-17T17:13:45+00:00,,
kalshi,KXNCAAFGAME-26SEP19UTEPMICH-UTEP,https://kalshi.com/markets/kxncaafgame/college-football-game,UTEP wins,UTEP,KXNCAAFGAME-26SEP19UTEPMICH,UTEP vs Michigan,KXNCAAFGAME,College Football Game,Sports,"[""Football""]",open,binary,0,0.01,0.01,0.005,0.995,0.005,0.01,135999.33,31409.6,123551.62,0,2026-09-05T22:07:00Z,2026-09-21T19:30:00Z,2026-09-21T19:30:00Z,,,,structured,,,,,,,,2026-09-17T17:14:13+00:00,https://kalshi.com/markets/kxncaafgame/college-football-game/kxncaafgame-26sep19utepmich,True
kalshi,KXNFLGAME-26SEP20MINCHI-CHI,https://kalshi.com/markets/kxnflgame/professional-football-game,Chicago wins,Chicago,KXNFLGAME-26SEP20MINCHI,MIN Vikings vs CHI Bears,KXNFLGAME,Professional Football Game,Sports,"[""Football""]",open,binary,0.65,0.66,0.66,0.655,0.345,0.655,0.01,111284.87,31358.36,94771.17,0,2026-08-25T15:33:00Z,2026-09-22T17:00:00Z,2026-09-22T17:00:00Z,,,,structured,,,,,,,,2026-09-17T17:14:18+00:00,https://kalshi.com/markets/kxnflgame/professional-football-game/kxnflgame-26sep20minchi,True
kalshi,KXPGAR1LEAD-BICA26-MKIM,https://kalshi.com/markets/kxpgar1lead/pga-round-1-leader,Michael Kim leads at the end of Round 1,Michael Kim,KXPGAR1LEAD-BICA26,Biltmore Championship Asheville End of Round 1 Leader,KXPGAR1LEAD,PGA Round 1 Leader,Sports,"[""Golf""]",open,binary,0,0.006,0.004,0.003,0.997,0.003,0.006,39512.97,31347.23,39481.65,0,2026-09-14T00:10:00Z,2026-10-04T00:00:00Z,2026-10-04T00:00:00Z,,,,structured,,,,,,,,2026-09-17T17:14:02+00:00,https://kalshi.com/markets/kxpgar1lead/pga-round-1-leader/kxpgar1lead-bica26,True
kalshi,KXMLBKS-26SEP171240LADCIN-LADJWROBLESKI70-5,https://kalshi.com/markets/kxmlbks/pro-baseball-strikeouts,Justin Wrobleski: 5+ strikeouts?,Justin Wrobleski: 5+,KXMLBKS-26SEP171240LADCIN,Los Angeles D vs Cincinnati: Strikeouts,KXMLBKS,Pro Baseball Strikeouts,Sports,"[""Baseball""]",open,binary,0.47,0.55,0.57,0.51,0.49,0.51,0.08,31662.67,31240.38,27776.22,0,2026-09-17T03:55:00Z,2026-09-20T16:40:00Z,2026-09-20T16:40:00Z,,,,greater,4.5,,,,,,,2026-09-17T17:13:47+00:00,https://kalshi.com/markets/kxmlbks/pro-baseball-strikeouts/kxmlbks-26sep171240ladcin,True
polymarket,0xb02f2ebd5ba67ed1018b634f7ccf88fd46e348f4a53c55cf89a55d02d9ea8611,https://polymarket.com/event/pro-football-2027-champion-20260729185915366/will-the-buffalo-bills-win-the-2027-nfl-league-championship,Will the Buffalo Bills win the 2027 NFL league championship?,Buffalo Bills,202857,Pro Football: 2027 Champion,pro-football-2027-champion-20260729185915366,Pro Football: 2027 Champion,,[],open,binary,0.1,0.11,0.11,0.105,0.895,0.105,0.01,959955.4401729995,31199.863641,,283316.1621,2026-02-09T00:42:08.76Z,2027-03-31T23:55:00Z,2027-03-31T23:55:00Z,,,,,,,,,"[""Yes"", ""No""]","[0.105, 0.895]",15005653350202922348701786607519856020257461135905285631675545513297078700601,2026-09-17T17:13:45+00:00,,
kalshi,KXBTC50VS100-BTC-26DEC31,https://kalshi.com/markets/kxbtc50vs100/will-btc-fall-below-50k-before-hitting-100k,"Will BTC hit $50,000 before $100,000 by Dec 31, 2026?","50,000 first",KXBTC50VS100-BTC-26DEC31,"Will BTC hit $50,000 before $100,000?",KXBTC50VS100,Will BTC fall below 50k before hitting 100k?,Crypto,"[""BTC""]",open,binary,0.15,0.16,0.15,0.155,0.845,0.155,0.01,1164480.26,31117.7,546698.3,0,2026-06-02T17:30:00Z,2027-01-01T04:59:00Z,2027-01-08T04:59:00Z,,,,,,,,,,,,2026-09-17T17:14:34+00:00,https://kalshi.com/markets/kxbtc50vs100/will-btc-fall-below-50k-before-hitting-100k/kxbtc50vs100-btc-26dec31,True
kalshi,KXMLBF5-26SEP171310ATHTB-TB,https://kalshi.com/markets/kxmlbf5/first-5-innings-winner,Tampa Bay first 5 innings winner,Tampa Bay wins first 5 innings,KXMLBF5-26SEP171310ATHTB,A's vs Tampa Bay: First 5 Innings,KXMLBF5,First 5 Innings Winner,Sports,"[""Baseball""]",open,binary,0.61,0.63,0.62,0.62,0.38,0.62,0.02,31822.44,31082.59,31822.44,0,2026-09-16T18:50:00Z,2026-09-20T17:10:00Z,2026-09-20T17:10:00Z,,,,structured,,,,,,,,2026-09-17T17:13:49+00:00,https://kalshi.com/markets/kxmlbf5/first-5-innings-winner/kxmlbf5-26sep171310athtb,True
kalshi,KXUELGAME-26SEP17LSKTOR-LSK,https://kalshi.com/markets/kxuelgame/uefa-europa-league-game,Lillestroem wins,Lillestroem,KXUELGAME-26SEP17LSKTOR,Lillestroem vs Torreense,KXUELGAME,UEFA Europa League Game,Sports,"[""Soccer""]",open,binary,0.59,0.6,0.6,0.595,0.405,0.595,0.01,31594.83,31031.31,29991.49,0,2026-09-03T00:39:00Z,2026-09-20T01:00:00Z,2026-09-20T01:00:00Z,,,,structured,,,,,,,,2026-09-17T17:14:13+00:00,https://kalshi.com/markets/kxuelgame/uefa-europa-league-game/kxuelgame-26sep17lsktor,True
polymarket,0xca573b66cfbc4b3053c59d4e29dfa484a2aa31ce83ab5174f1ef58376a8662a7,https://polymarket.com/event/presidential-election-winner-2028/will-person-ae-win-the-2028-us-presidential-election,Will Raphael Warnock win the 2028 US Presidential Election?,Raphael Warnock,31552,Presidential Election Winner 2028,presidential-election-winner-2028,Presidential Election Winner 2028,,[],open,binary,0.001,0.002,0.002,0.0015,0.9985,0.0015,0.001,691058.2658330002,31018.818,,262437.64737,2025-07-11T19:06:39.509528Z,2028-11-07T00:00:00Z,2028-11-07T00:00:00Z,,,,,,,,,"[""Yes"", ""No""]","[0.0015, 0.9985]",5019810753168153471323122473105082718702229310401435759781569586768450866932,2026-09-17T17:13:45+00:00,,
kalshi,KXRATECUTCOUNT-26DEC31-T0,https://kalshi.com/markets/kxratecutcount/number-of-rate-cuts,Will the Fed cut rates 0 times?,Exactly 0 cuts,KXRATECUTCOUNT-26DEC31,Number of rate cuts in 2026?,KXRATECUTCOUNT,Number of rate cuts,Economics,"[""Fed""]",open,binary,0.939,0.944,0.944,0.9415,0.0585,0.9415,0.005,2550310.19,30961.55,1105067.13,0,2025-09-29T14:00:00Z,2027-01-01T04:59:00Z,2027-01-01T15:00:00Z,,,,between,0,0,,,,,,2026-09-17T17:14:47+00:00,https://kalshi.com/markets/kxratecutcount/number-of-rate-cuts/kxratecutcount-26dec31,True
polymarket,0x2c47938eef5f049db49b140a169041b73a1089e1b8cc8d0924fd62e1ccdfa141,https://polymarket.com/event/what-price-will-bitcoin-hit-in-september-2026/will-bitcoin-dip-to-60k-in-september-2026,"Will Bitcoin dip to $60,000 in September?","↓ 60,000",946004,What price will Bitcoin hit in September?,what-price-will-bitcoin-hit-in-september-2026,What price will Bitcoin hit in September?,,[],open,binary,0.013,0.014,0.014,0.0135,0.9865,0.0135,0.001,302186.0596519999,30887.745664,,163621.47534,2026-09-01T05:07:17Z,2026-10-01T04:00:00Z,2026-10-01T04:00:00Z,,,,,,,,-2.3,"[""Yes"", ""No""]","[0.0135, 0.9865]",30935278884980078239307753496107776502869693356265202076409575111562423141628,2026-09-17T17:13:45+00:00,,
kalshi,KXMLBHR-26SEP171240LADCIN-LADMMUNCY13-1,https://kalshi.com/markets/kxmlbhr/pro-baseball-home-runs,Max Muncy (LAD): 1+ home runs?,Max Muncy (LAD): 1+,KXMLBHR-26SEP171240LADCIN,Los Angeles D vs Cincinnati: Home Runs,KXMLBHR,Pro Baseball Home Runs,Sports,"[""Baseball""]",open,binary,0.19,0.25,0.27,0.22,0.78,0.22,0.06,30947.02,30881.59,29107.95,0,2026-09-17T14:50:00Z,2026-09-20T16:40:00Z,2026-09-20T16:40:00Z,,,,greater,0.5,,LAD,,,,,2026-09-17T17:13:46+00:00,https://kalshi.com/markets/kxmlbhr/pro-baseball-home-runs/kxmlbhr-26sep171240ladcin,True
polymarket,0xce2e296ffc840b138bac09449b065b1af9b558f11e5522ccdab59f71609088b8,https://polymarket.com/event/what-price-will-bitcoin-hit-september-14-20-2026/will-bitcoin-dip-to-74k-september-14-20-2026,"Will Bitcoin dip to $74,000 September 14-20?","↓ 74,000",1020834,What price will Bitcoin hit September 14-20?,what-price-will-bitcoin-hit-september-14-20-2026,What price will Bitcoin hit September 14-20?,,[],open,binary,0.13,0.14,0.16,0.135,0.865,0.135,0.01,80361.078878,30781.110106,,41699.9268,2026-09-14T04:00:19Z,2026-09-21T04:00:00Z,2026-09-21T04:00:00Z,,,,,,,,-43,"[""Yes"", ""No""]","[0.135, 0.865]",78634014308019948074463368236549561156191842300886092592844495398726995847132,2026-09-17T17:13:45+00:00,,
polymarket,0x9bb80411fb159d9f3798fe125672a61af141f7dc7d5465c14a5936e4ba878e49,https://polymarket.com/event/bab-el-mandeb-strait-effectively-closed-by/bab-el-mandeb-strait-effectively-closed-by-october-31,Bab el-Mandeb Strait effectively closed by October 31?,October 31,276527,Bab el-Mandeb Strait effectively closed by...?,bab-el-mandeb-strait-effectively-closed-by,Bab el-Mandeb Strait effectively closed by...?,,[],open,binary,0.12,0.13,0.13,0.125,0.875,0.125,0.01,412992.75811600004,30589.457156999997,,105163.724,2026-08-21T07:46:53.710166Z,2026-11-01T03:59:00Z,2026-11-01T03:59:00Z,,,,,,,,-4.5,"[""Yes"", ""No""]","[0.125, 0.875]",6220545533865458838439353925905089798175804014497201461345552520180406649867,2026-09-17T17:13:45+00:00,,
polymarket,0xb2acc3b54ee13fce9d0a83caf7323570dbec5bd1746f0085af54e46bef8a2127,https://polymarket.com/event/ethereum-above-on-september-18-2026/ethereum-above-2800-on-september-18-2026,"Will the price of Ethereum be above $2,800 on September 18?","2,800",1005106,Ethereum above ___ on September 18?,ethereum-above-on-september-18-2026,Ethereum above ___ on September 18?,,[],open,binary,0.001,0.003,0.003,0.002,0.998,0.002,0.002,37304.531074,30491.889454999997,,59540.01308,2026-09-11T16:00:14Z,2026-09-18T16:00:00Z,2026-09-18T16:00:00Z,,,,,,,,-1,"[""Yes"", ""No""]","[0.002, 0.998]",17128479429491337649288893630624916552922677055253703331427687906870763555419,2026-09-17T17:13:45+00:00,,
kalshi,KXWTI-26SEP1714-T98.99,https://kalshi.com/markets/kxwti/wti-oil-on-day,"Will the WTI crude oil settlement price be above 98.99 USD/Bbl on Sep 17, 2026?",Above $98.99,KXWTI-26SEP1714,"Oil Price (WTI) on Sep 17, 2026?",KXWTI,WTI oil on day,Commodities,"[""Oil & Gas""]",open,binary,0.04,0.05,0.05,0.045,0.955,0.045,0.01,34995.8,30479.35,22984.81,0,2026-09-15T23:30:00Z,2026-09-17T18:30:00Z,2026-09-24T19:30:00Z,,,,greater,98.99,,,,,,,2026-09-17T17:13:53+00:00,https://kalshi.com/markets/kxwti/wti-oil-on-day/kxwti-26sep1714,True
polymarket,0xdf8e2dc5860027decbe6164555c3c1c9645c3bd33e16b9dc57ca87125047d4a8,https://polymarket.com/event/brazil-presidential-election/will-luiz-incio-lula-da-silva-win-the-2026-brazilian-presidential-election,Will Luiz Inácio Lula da Silva win the 2026 Brazilian presidential election?,Luiz Inácio Lula da Silva,45915,Brazil Presidential Election,brazil-presidential-election,Brazil Presidential Election,,[],open,binary,0.44,0.45,0.45,0.445,0.555,0.445,0.01,11193606.978707993,30350.525657000002,,289858.2116,2025-09-18T20:07:59.727557Z,2026-10-04T00:00:00Z,2026-10-04T00:00:00Z,,,,,,,,,"[""Yes"", ""No""]","[0.445, 0.555]",30630994248667897740988010928640156931882346081873066002335460180076741328029,2026-09-17T17:13:45+00:00,,
polymarket,0xc4cc6d2ddca13b7194a7737e331aa8109575cdc38d02bd6be31a5a47d1b34520,https://polymarket.com/event/what-price-will-bitcoin-hit-in-september-2026/will-bitcoin-reach-82pt5k-in-september-2026,"Will Bitcoin reach $82,500 in September?","↑ 82,500",946004,What price will Bitcoin hit in September?,what-price-will-bitcoin-hit-in-september-2026,What price will Bitcoin hit in September?,,[],open,binary,0.23,0.24,0.22,0.235,0.765,0.235,0.01,576858.090238,30340.429853,,97390.66,2026-09-01T05:07:18Z,2026-10-01T04:00:00Z,2026-10-01T04:00:00Z,,,,,,,,-1,"[""Yes"", ""No""]","[0.235, 0.765]",53215408497553350036933045219943771968236137036851543128018382156435662039010,2026-09-17T17:13:45+00:00,,
polymarket,0x26f410f7518fa199678ef57f02637fc88be9b3b593346b00946d7ea451f4521b,https://polymarket.com/event/ballon-dor-winner-2026/will-ousmane-dembl-win-the-2026-ballon-dor,Will Ousmane Dembélé win the 2026 Ballon d'Or?,Ousmane Dembélé,48361,Ballon d'Or Winner 2026,ballon-dor-winner-2026,Ballon d'Or Winner 2026,,[],open,binary,0.008,0.009,0.009,0.0085,0.9915,0.0085,0.001,2421382.644526,30274.501712000005,,330082.13047,2025-09-22T23:39:03.983113Z,2026-10-31T00:00:00Z,2026-10-31T00:00:00Z,,,,,,,,0.1,"[""Yes"", ""No""]","[0.0085, 0.9915]",98995454929502090253677005499136815786618457974539379472945759013797338791883,2026-09-17T17:13:45+00:00,,
kalshi,KXDANCINGWITHTHESTARS-26DEC31-JOLS,https://kalshi.com/markets/kxdancingwiththestars/who-will-win-dancing-with-the-stars,Will Jackson Olson win Dancing with the Stars Season 35?,Jackson Olson,KXDANCINGWITHTHESTARS-26DEC31,Dancing with the Stars Season 35 · Winner,KXDANCINGWITHTHESTARS,Who will win dancing with the stars?,Entertainment,"[""Television"", ""Dancing with the Stars""]",open,binary,0.07,0.08,0.09,0.075,0.925,0.075,0.01,94877.97,30260.83,69595.56,0,2026-09-02T16:08:00Z,2027-01-07T15:00:00Z,2027-01-07T15:00:00Z,,,,custom,,,,,,,,2026-09-17T17:14:14+00:00,https://kalshi.com/markets/kxdancingwiththestars/who-will-win-dancing-with-the-stars/kxdancingwiththestars-26dec31,True
kalshi,KXETH15M-26SEP171315-15,https://kalshi.com/markets/kxeth15m/eth-15m-price-up-down,ETH price up in next 15 mins?,"Target Price: $2,467.22",KXETH15M-26SEP171315,"ETH 15 min · $2,467.22 target",KXETH15M,ETH 15M price up down,Crypto,"[""ETH"", ""15 min"", ""15 Min Markets""]",open,binary,0.86,0.87,0.87,0.865,0.135,0.865,0.01,76025.4,30236.04,31654.33,0,2026-09-17T17:00:00Z,2026-09-17T17:15:00Z,2026-09-24T17:15:00Z,,,,greater_or_equal,2467.22,,,,,,,2026-09-17T17:13:49+00:00,https://kalshi.com/markets/kxeth15m/eth-15m-price-up-down/kxeth15m-26sep171315,True
kalshi,KXUELGAME-26SEP17OFITSG-TIE,https://kalshi.com/markets/kxuelgame/uefa-europa-league-game,Tie is the result,Tie,KXUELGAME-26SEP17OFITSG,OFI Crete vs Hoffenheim,KXUELGAME,UEFA Europa League Game,Sports,"[""Soccer""]",open,binary,0.19,0.2,0.2,0.195,0.805,0.195,0.01,32579.09,30234.05,30431.13,0,2026-09-03T00:39:00Z,2026-09-19T22:45:00Z,2026-09-19T22:45:00Z,,,,structured,,,,,,,,2026-09-17T17:14:14+00:00,https://kalshi.com/markets/kxuelgame/uefa-europa-league-game/kxuelgame-26sep17ofitsg,True
polymarket,0x22f3847ddb652d34c1b5d0c73a65b49224713e8a51848fdfbd99ec82c2305c25,https://polymarket.com/event/what-price-will-bitcoin-hit-in-september-2026/will-bitcoin-dip-to-55k-in-september-2026,"Will Bitcoin dip to $55,000 in September?","↓ 55,000",946004,What price will Bitcoin hit in September?,what-price-will-bitcoin-hit-in-september-2026,What price will Bitcoin hit in September?,,[],open,binary,0.006,0.007,0.008,0.0065,0.9935,0.0065,0.001,741427.5277410002,30206.278123999997,,126967.22585,2026-09-01T05:07:17Z,2026-10-01T04:00:00Z,2026-10-01T04:00:00Z,,,,,,,,-0.5,"[""Yes"", ""No""]","[0.0065, 0.9935]",71431098564357170878802434548738944184510805649500901636529803659430638807445,2026-09-17T17:13:45+00:00,,
kalshi,KXWTI-26SEP1714-T96.49,https://kalshi.com/markets/kxwti/wti-oil-on-day,"Will the WTI crude oil settlement price be above 96.49 USD/Bbl on Sep 17, 2026?",Above $96.49,KXWTI-26SEP1714,"Oil Price (WTI) on Sep 17, 2026?",KXWTI,WTI oil on day,Commodities,"[""Oil & Gas""]",open,binary,0.9,0.91,0.9,0.905,0.095,0.905,0.01,31919.17,30131.86,16660.71,0,2026-09-15T23:30:00Z,2026-09-17T18:30:00Z,2026-09-24T19:30:00Z,,,,greater,96.49,,,,,,,2026-09-17T17:13:53+00:00,https://kalshi.com/markets/kxwti/wti-oil-on-day/kxwti-26sep1714,True
kalshi,KXMARMAD-27-TXAM,https://kalshi.com/markets/kxmarmad/men-s-college-basketball-tournament-champion,Will Texas A&M win the College Basketball National Championship?,Texas A&M,KXMARMAD-27,Men's 2027 College Basketball Champion,KXMARMAD,Men's College Basketball Tournament Champion,Sports,"[""Basketball""]",open,binary,0.004,0.006,0.006,0.005,0.995,0.005,0.002,134422.81,30100,134238.17,0,2026-04-07T03:30:00Z,2027-04-27T14:00:00Z,2027-04-27T14:00:00Z,,,,structured,,,,,,,,2026-09-17T17:14:42+00:00,https://kalshi.com/markets/kxmarmad/men-s-college-basketball-tournament-champion/kxmarmad-27,True
kalshi,KXWTAMATCH-26SEP17FREJOV-JOV,https://kalshi.com/markets/kxwtamatch/wta-tennis-match,Iva Jovic wins,Iva Jovic,KXWTAMATCH-26SEP17FREJOV,Frech vs Jovic,KXWTAMATCH,WTA Tennis Match,Sports,"[""Tennis""]",open,binary,0.73,0.74,0.74,0.735,0.265,0.735,0.01,30135.16,30092.16,26006.83,0,2026-09-16T23:25:00Z,2026-10-01T20:10:00Z,2026-10-01T20:10:00Z,,,,structured,,,,,,,,2026-09-17T17:13:48+00:00,https://kalshi.com/markets/kxwtamatch/wta-tennis-match/kxwtamatch-26sep17frejov,True
polymarket,0xb63632f03e36a378c47cec075c81ba3cfd77ea5fe5484e0b82cdd719ad6d9e96,https://polymarket.com/event/wta-silva-quevedo-2026-09-17/wta-silva-quevedo-2026-09-17,Sao Paulo Open: Nauhany Leme Da Silva vs Kaitlin Quevedo,,1035372,Sao Paulo Open: Nauhany Leme Da Silva vs Kaitlin Quevedo,wta-silva-quevedo-2026-09-17,Sao Paulo Open: Nauhany Leme Da Silva vs Kaitlin Quevedo,,[],open,binary,0.006,0.017,0.01,0.0115,0.9885,0.0115,0.011,49131.10357400001,30069.361392,,117054.26663,2026-09-16T22:14:18Z,2026-09-24T13:00:00Z,2026-09-24T13:00:00Z,,,,,,,,,"[""Nauhany Leme Da Silva"", ""Kaitlin Quevedo""]","[0.0115, 0.9885]",70822561250031609328660696693636169705133295798478979368961039214425666837926,2026-09-17T17:13:45+00:00,,
kalshi,KXMLBSPREAD-26SEP171915PHINYM-PHI2,https://kalshi.com/markets/kxmlbspread/pro-baseball-spread,Philadelphia wins by over 1.5 runs?,Philadelphia wins by over 1.5 runs,KXMLBSPREAD-26SEP171915PHINYM,Philadelphia vs New York M: Spread,KXMLBSPREAD,Pro Baseball Spread,Sports,"[""Baseball""]",open,binary,0.33,0.34,0.34,0.335,0.665,0.335,0.01,29988.99,29988.99,29555.39,0,2026-09-17T00:50:00Z,2026-09-20T23:15:00Z,2026-09-20T23:15:00Z,,,,greater,1.5,,,,,,,2026-09-17T17:13:47+00:00,https://kalshi.com/markets/kxmlbspread/pro-baseball-spread/kxmlbspread-26sep171915phinym,True
polymarket,0xa203cc908da0d417590e01f89fb651a335650d6b797da76ac28726d5f8c7610b,https://polymarket.com/event/next-french-presidential-election/will-franois-hollande-win-the-2027-french-presidential-election,Will François Hollande win the 2027 French presidential election?,François Hollande,79987,Next French Presidential Election,next-french-presidential-election,Next French Presidential Election,,[],open,binary,0.052,0.053,0.055,0.0525,0.9475,0.0525,0.001,1896108.9330320002,29849.500586,,144342.03484,2025-11-13T23:09:41.713436Z,2027-04-30T00:00:00Z,2027-04-30T00:00:00Z,,,,,,,,1.45,"[""Yes"", ""No""]","[0.0525, 0.9475]",35420390481420086914303850503269939905315993511859334440549793606783994509563,2026-09-17T17:13:45+00:00,,
kalshi,KXNFLTD-26SEP17DETBUF-DETASTBROWN14-2,https://kalshi.com/markets/kxnfltd/pro-football-touchdowns,Amon-Ra St. Brown: 2+ touchdowns,Amon-Ra St. Brown: 2+,KXNFLTD-26SEP17DETBUF,Detroit vs Buffalo: Touchdowns,KXNFLTD,Pro Football Touchdowns,Sports,"[""Football""]",open,binary,0.09,0.1,0.1,0.095,0.905,0.095,0.01,34378.07,29824.24,34021.96,0,2026-09-15T18:14:00Z,2026-09-20T00:15:00Z,2026-09-20T00:15:00Z,,,,greater,1.5,,,,,,,2026-09-17T17:13:53+00:00,https://kalshi.com/markets/kxnfltd/pro-football-touchdowns/kxnfltd-26sep17detbuf,True
kalshi,KXBTCD-26SEP1717-T74749.99,https://kalshi.com/markets/kxbtcd/bitcoin-price-above-below,"Bitcoin price on Sep 17, 2026?","$74,750 or above",KXBTCD-26SEP1717,"BTC price on Sep 17, 2026 at 5pm EDT?",KXBTCD,Bitcoin price Above/below,Crypto,"[""Hourly"", ""BTC""]",open,binary,0.98,0.99,0.98,0.985,0.015,0.985,0.01,29818.99,29818.99,20590.15,0,2026-09-16T20:00:00Z,2026-09-17T21:00:00Z,2026-09-24T21:00:00Z,,,,greater,74749.99,,BRTI,,,,,2026-09-17T17:13:51+00:00,https://kalshi.com/markets/kxbtcd/bitcoin-price-above-below/kxbtcd-26sep1717,True
kalshi,KXMLBPLAYOFFS-26-DET,https://kalshi.com/markets/kxmlbplayoffs/pro-baseball-playoff-qualifiers,Pro Baseball Playoff Qualifiers,Detroit,KXMLBPLAYOFFS-26,Pro Baseball Playoff Qualifiers,KXMLBPLAYOFFS,Pro Baseball Playoff Qualifiers,Sports,"[""Baseball""]",open,binary,0.01,0.02,0.02,0.015,0.985,0.015,0.01,445303.32,29781.72,211899.1,0,2025-12-17T15:00:00Z,2026-11-01T15:00:00Z,2026-11-01T15:00:00Z,,,,structured,,,,,,,,2026-09-17T17:14:46+00:00,https://kalshi.com/markets/kxmlbplayoffs/pro-baseball-playoff-qualifiers/kxmlbplayoffs-26,True
kalshi,KXDPWORLDTOUR-BMPC26-NLEM,https://kalshi.com/markets/kxdpworldtour/dp-world-tour-tournament-winner,Will Niklas Lemke win the BMW PGA Championship?,Niklas Lemke,KXDPWORLDTOUR-BMPC26,BMW PGA Championship Winner,KXDPWORLDTOUR,DP World Tour Tournament Winner,Sports,"[""Golf""]",open,binary,0,0.003,0.003,0.0015,0.9985,0.0015,0.003,31140.83,29724.84,31140.83,0,2026-09-12T12:00:00Z,2026-10-04T00:00:00Z,2026-10-04T00:00:00Z,,,,structured,,,,,,,,2026-09-17T17:14:05+00:00,https://kalshi.com/markets/kxdpworldtour/dp-world-tour-tournament-winner/kxdpworldtour-bmpc26,True
kalshi,KXDANCINGWITHTHESTARS-26DEC31-EFRE,https://kalshi.com/markets/kxdancingwiththestars/who-will-win-dancing-with-the-stars,Will Ezra Frech win Dancing with the Stars Season 35?,Ezra Frech,KXDANCINGWITHTHESTARS-26DEC31,Dancing with the Stars Season 35 · Winner,KXDANCINGWITHTHESTARS,Who will win dancing with the stars?,Entertainment,"[""Television"", ""Dancing with the Stars""]",open,binary,0.13,0.14,0.14,0.135,0.865,0.135,0.01,116782.97,29698.89,95517.7,0,2026-09-02T16:08:00Z,2027-01-07T15:00:00Z,2027-01-07T15:00:00Z,,,,custom,,,,,,,,2026-09-17T17:14:14+00:00,https://kalshi.com/markets/kxdancingwiththestars/who-will-win-dancing-with-the-stars/kxdancingwiththestars-26dec31,True
kalshi,KXNFLTOTAL-26SEP20JACDEN-45,https://kalshi.com/markets/kxnfltotal/pro-football-total-points,Full Game: over 44.5 points scored?,Over 44.5 points scored,KXNFLTOTAL-26SEP20JACDEN,Jacksonville vs Denver: Total Points,KXNFLTOTAL,Pro Football Total Points,Sports,"[""Football""]",open,binary,0.53,0.54,0.52,0.535,0.465,0.535,0.01,74841.23,29624.09,60517.49,0,2026-09-14T01:05:00Z,2026-09-22T20:05:00Z,2026-09-22T20:05:00Z,,,,greater,44.5,,,,,,,2026-09-17T17:14:02+00:00,https://kalshi.com/markets/kxnfltotal/pro-football-total-points/kxnfltotal-26sep20jacden,True
kalshi,KXMLBTOTAL-26SEP171240LADCIN-14,https://kalshi.com/markets/kxmlbtotal/pro-baseball-total-points,Over 13.5 runs scored,Over 13.5 runs scored,KXMLBTOTAL-26SEP171240LADCIN,Los Angeles D vs Cincinnati: Total Runs,KXMLBTOTAL,Pro Baseball Total Points,Sports,"[""Baseball""]",open,binary,0.34,0.35,0.36,0.345,0.655,0.345,0.01,30563.74,29594.55,22009.39,0,2026-09-17T00:50:00Z,2026-09-20T16:40:00Z,2026-09-20T16:40:00Z,,,,greater,13.5,,,,,,,2026-09-17T17:13:47+00:00,https://kalshi.com/markets/kxmlbtotal/pro-baseball-total-points/kxmlbtotal-26sep171240ladcin,True
polymarket,0x4c80df6f557bb0b9de08c0301ebdce500dd9bdc58400d9269fb8fab1709ed584,https://polymarket.com/event/china-x-taiwan-military-clash-before-2027/china-x-taiwan-military-clash-before-2027,China x Taiwan military clash before 2027?,,79230,China x Taiwan military clash before 2027?,china-x-taiwan-military-clash-before-2027,China x Taiwan military clash before 2027?,,[],open,binary,0.061,0.062,0.069,0.0615,0.9385,0.0615,0.001,3395126.0276200003,29588.338964,,96400.06093,2025-11-13T23:12:30.385Z,2027-01-01T04:59:00Z,2027-01-01T04:59:00Z,,,,,,,,-0.2,"[""Yes"", ""No""]","[0.0615, 0.9385]",104812032440315568595318241870590180481232715981192720184511444933968102038477,2026-09-17T17:13:45+00:00,,
kalshi,KXLOLGAME-26SEP180500JDGWE-WE,https://kalshi.com/markets/kxlolgame/league-of-legends-game,Team WE wins,Team WE,KXLOLGAME-26SEP180500JDGWE,JD Gaming vs. Team WE,KXLOLGAME,League of Legends Game,Sports,"[""Esports""]",open,binary,0.4,0.41,0.41,0.405,0.595,0.405,0.01,29985.63,29493,29585.63,0,2026-09-15T00:05:00Z,2026-09-20T09:00:00Z,2026-09-20T09:00:00Z,,,,structured,,,,,,,,2026-09-17T17:13:56+00:00,https://kalshi.com/markets/kxlolgame/league-of-legends-game/kxlolgame-26sep180500jdgwe,True
kalshi,KXPGAR1LEAD-BICA26-THOG,https://kalshi.com/markets/kxpgar1lead/pga-round-1-leader,Tom Hoge leads at the end of Round 1,Tom Hoge,KXPGAR1LEAD-BICA26,Biltmore Championship Asheville End of Round 1 Leader,KXPGAR1LEAD,PGA Round 1 Leader,Sports,"[""Golf""]",open,binary,0.004,0.008,0.01,0.006,0.994,0.006,0.004,44326.85,29486.83,44324.85,0,2026-09-14T00:10:00Z,2026-10-04T00:00:00Z,2026-10-04T00:00:00Z,,,,structured,,,,,,,,2026-09-17T17:14:02+00:00,https://kalshi.com/markets/kxpgar1lead/pga-round-1-leader/kxpgar1lead-bica26,True
polymarket,0xfefd6f43846f06b44856aeccf83ced2e33340929a14811e5aae5da2d05fafa3a,https://polymarket.com/event/efl-mnc-nor-2026-09-17-more-markets/efl-mnc-nor-2026-09-17-spread-home-1pt5,Spread: Manchester City FC (-1.5),Manchester City FC (-1.5),965736,Manchester City FC vs. Norwich City FC - More Markets,efl-mnc-nor-2026-09-17-more-markets,Manchester City FC vs. Norwich City FC - More Markets,,[],open,binary,0.68,0.69,0.69,0.685,0.315,0.685,0.01,30136.741378,29465.822352999996,,78658.9212,2026-09-04T18:31:01Z,2026-09-17T18:30:00Z,2026-09-17T18:30:00Z,,,,,,,,-1,"[""Manchester City FC"", ""Norwich City FC""]","[0.685, 0.315]",70234708925980539072019672487209653358530560811524129270702093765490973553673,2026-09-17T17:13:45+00:00,,
kalshi,KXNFL1HTOTAL-26SEP17DETBUF-29,https://kalshi.com/markets/kxnfl1htotal/pro-football-1st-half-total-points,Will there be over 28.5 1H points scored?,Over 28.5 1H points scored,KXNFL1HTOTAL-26SEP17DETBUF,Detroit vs Buffalo: 1st Half Total,KXNFL1HTOTAL,Pro Football 1st  Half Total Points,Sports,"[""Football""]",open,binary,0.42,0.43,0.42,0.425,0.575,0.425,0.01,30069.12,29425.61,24641.74,0,2026-09-15T16:35:00Z,2026-09-20T00:15:00Z,2026-09-20T00:15:00Z,,,,greater,28.5,,,,,,,2026-09-17T17:13:54+00:00,https://kalshi.com/markets/kxnfl1htotal/pro-football-1st-half-total-points/kxnfl1htotal-26sep17detbuf,True
kalshi,KXBTCMAXMON-BTC-26SEP30-8250000,https://kalshi.com/markets/kxbtcmaxmon/bitcoin-monthly-one-touch,"Will BTC trimmed mean be above $82500.00 by 11:59 PM ET on Sep 30, 2026?","Above $82,500.00",KXBTCMAXMON-BTC-26SEP30,How high will BTC get in September?,KXBTCMAXMON,Bitcoin monthly one touch,Crypto,"[""BTC""]",open,binary,0.21,0.23,0.2,0.22,0.78,0.22,0.02,290561.08,29360.94,134265.53,0,2026-09-01T04:10:00Z,2026-10-01T03:59:59Z,2026-10-08T03:59:59Z,,,,greater,82500,,,,,,,2026-09-17T17:14:15+00:00,https://kalshi.com/markets/kxbtcmaxmon/bitcoin-monthly-one-touch/kxbtcmaxmon-btc-26sep30,True
kalshi,KXMLBKS-26SEP171235MILPIT-MILKHARRISON52-6,https://kalshi.com/markets/kxmlbks/pro-baseball-strikeouts,Kyle Harrison: 6+ strikeouts?,Kyle Harrison: 6+,KXMLBKS-26SEP171235MILPIT,Milwaukee vs Pittsburgh: Strikeouts,KXMLBKS,Pro Baseball Strikeouts,Sports,"[""Baseball""]",open,binary,0.36,0.52,0.36,0.44,0.56,0.44,0.16,29363.74,29356.74,28880.44,0,2026-09-17T03:26:00Z,2026-09-20T16:35:00Z,2026-09-20T16:35:00Z,,,,greater,5.5,,,,,,,2026-09-17T17:13:47+00:00,https://kalshi.com/markets/kxmlbks/pro-baseball-strikeouts/kxmlbks-26sep171235milpit,True
kalshi,KXNCAAFTOTAL-26SEP19LSUMISS-59,https://kalshi.com/markets/kxncaaftotal/college-football-total-points,Over 58.5 points scored,Over 58.5 points scored,KXNCAAFTOTAL-26SEP19LSUMISS,LSU vs Ole Miss: Total Points,KXNCAAFTOTAL,College Football Total Points,Sports,"[""Football""]",open,binary,0.46,0.47,0.46,0.465,0.535,0.465,0.01,75003.7,29311.91,57412.29,0,2026-09-13T04:06:00Z,2026-09-21T23:30:00Z,2026-09-21T23:30:00Z,,,,greater,58.5,,,,,,,2026-09-17T17:14:04+00:00,https://kalshi.com/markets/kxncaaftotal/college-football-total-points/kxncaaftotal-26sep19lsumiss,True
kalshi,KXHIGHLAX-26SEP17-T75,https://kalshi.com/markets/kxhighlax/highest-temperature-in-los-angeles,"Will the maximum temperature be <75° on Sep 17, 2026?",74° or below,KXHIGHLAX-26SEP17,"Highest temperature in Los Angeles on Sep 17, 2026?",KXHIGHLAX,Highest temperature in Los Angeles,Climate and Weather,"[""Daily temperature""]",open,binary,0.02,0.04,0.02,0.03,0.97,0.03,0.02,29849.48,29280.64,25064.69,0,2026-09-16T14:00:00Z,2026-09-18T08:00:00Z,2026-09-24T14:00:00Z,,,,less,,75,CLILAX,,,,,2026-09-17T17:13:50+00:00,https://kalshi.com/markets/kxhighlax/highest-temperature-in-los-angeles/kxhighlax-26sep17,True
kalshi,KXWTI-26SEP1714-T97.99,https://kalshi.com/markets/kxwti/wti-oil-on-day,"Will the WTI crude oil settlement price be above 97.99 USD/Bbl on Sep 17, 2026?",Above $97.99,KXWTI-26SEP1714,"Oil Price (WTI) on Sep 17, 2026?",KXWTI,WTI oil on day,Commodities,"[""Oil & Gas""]",open,binary,0.21,0.23,0.24,0.22,0.78,0.22,0.02,30534.88,29264.92,13709.48,0,2026-09-15T23:30:00Z,2026-09-17T18:30:00Z,2026-09-24T19:30:00Z,,,,greater,97.99,,,,,,,2026-09-17T17:13:53+00:00,https://kalshi.com/markets/kxwti/wti-oil-on-day/kxwti-26sep1714,True
polymarket,0x45012c6f56e3461c251bed146a4ab163e6a5cf925788fc0e0977f0c8e21cf69b,https://polymarket.com/event/uel-cry-lep-2026-09-17/uel-cry-lep-2026-09-17-lep,Will KKS Lech Poznań win on 2026-09-17?,KKS Lech Poznań,965728,Crystal Palace FC vs. KKS Lech Poznań,uel-cry-lep-2026-09-17,Crystal Palace FC vs. KKS Lech Poznań,,[],open,binary,0.09,0.1,0.1,0.095,0.905,0.095,0.01,29953.864626999995,29193.36691,,230688.4884,2026-09-04T18:30:23Z,2026-09-17T19:00:00Z,2026-09-17T19:00:00Z,,,,,,,,-2.5,"[""Yes"", ""No""]","[0.095, 0.905]",115371006213654965067026638285171031084223206632598892806112098132719646539353,2026-09-17T17:13:45+00:00,,
polymarket,0x38fdb62f11f12e2b748e4d7b48e329016b59eea010ffc799693925afe6a6af9a,https://polymarket.com/event/uel-bes-olm-2026-09-17/uel-bes-olm-2026-09-17-olm,Will Olympique de Marseille win on 2026-09-17?,Olympique de Marseille,965729,Beşiktaş JK vs. Olympique de Marseille,uel-bes-olm-2026-09-17,Beşiktaş JK vs. Olympique de Marseille,,[],open,binary,0.22,0.23,0.23,0.225,0.775,0.225,0.01,32752.171942,29169.873710999997,,334658.6162,2026-09-04T18:30:24Z,2026-09-17T19:00:00Z,2026-09-17T19:00:00Z,,,,,,,,-1,"[""Yes"", ""No""]","[0.225, 0.775]",108546763746786490630531586635465976451278851975493749880735081889951396443501,2026-09-17T17:13:45+00:00,,
polymarket,0x42b633e7acfedf301c4eb85acefc7430f2e76825c1f3324a39a5582d7a26599b,https://polymarket.com/event/us-x-iran-effective-ceasefire-begins-byptptpt-2-week-pause/us-x-iran-effective-ceasefire-by-september-4,US x Iran Effective Ceasefire by September 4?,September 4,950983,US x Iran Effective Ceasefire begins by...? (2 week pause),us-x-iran-effective-ceasefire-begins-byptptpt-2-week-pause,US x Iran Effective Ceasefire begins by...? (2 week pause),,[],open,binary,0.999,1,0.999,0.9995,0.0005,0.9995,0.001,2564685.9750609994,29132.45,,430584.75824,2026-09-02T00:24:19Z,2026-09-04T23:59:00Z,2026-09-04T23:59:00Z,,,,,,,,,"[""Yes"", ""No""]","[0.9995, 0.0005]",110531092871817326177676615981488848062239024242021648855998953959660629545985,2026-09-17T17:13:45+00:00,,
kalshi,KXMLBF5TOTAL-26SEP171240LADCIN-7,https://kalshi.com/markets/kxmlbf5total/first-5-innings-total,First 5 innings: Over 6.5 runs,Over 6.5 runs in the first 5 innings,KXMLBF5TOTAL-26SEP171240LADCIN,Los Angeles D vs Cincinnati: First 5 Innings Total,KXMLBF5TOTAL,First 5 Innings Total,Sports,"[""Baseball""]",open,binary,0.65,0.66,0.66,0.655,0.345,0.655,0.01,30756.55,29040.07,24160.5,0,2026-09-17T00:50:00Z,2026-09-20T16:40:00Z,2026-09-20T16:40:00Z,,,,greater,6.5,,,,,,,2026-09-17T17:13:47+00:00,https://kalshi.com/markets/kxmlbf5total/first-5-innings-total/kxmlbf5total-26sep171240ladcin,True
polymarket,0xc3d5708780de5528998aeb53ca90e7ade64804f9f2386392a681435d5c42b44d,https://polymarket.com/event/israel-x-iran-ceasefire-continues-throughptptpt-20260716224448963/israel-x-iran-ceasefire-continues-through-october-31,Israel x Iran ceasefire continues through October 31?,October 31,711714,Israel x Iran ceasefire continues through...?,israel-x-iran-ceasefire-continues-throughptptpt-20260716224448963,Israel x Iran ceasefire continues through...?,,[],open,binary,0.8,0.81,0.8,0.805,0.195,0.805,0.01,659237.0321239997,29039.409281,,60432.7597,2026-08-07T14:29:59.251444Z,2026-10-31T20:29:00Z,2026-10-31T20:29:00Z,,,,,,,,4,"[""Yes"", ""No""]","[0.805, 0.195]",36595575197199846398267481972385180643951985822505187477756829088194676076340,2026-09-17T17:13:45+00:00,,
kalshi,KXMLBHR-26SEP171240LADCIN-LADJDEPAULA95-1,https://kalshi.com/markets/kxmlbhr/pro-baseball-home-runs,Josue De Paula: 1+ home runs?,Josue De Paula: 1+,KXMLBHR-26SEP171240LADCIN,Los Angeles D vs Cincinnati: Home Runs,KXMLBHR,Pro Baseball Home Runs,Sports,"[""Baseball""]",open,binary,0.03,0.16,0.16,0.095,0.905,0.095,0.13,29625.91,29026.31,29344.69,0,2026-09-17T14:50:00Z,2026-09-20T16:40:00Z,2026-09-20T16:40:00Z,,,,greater,0.5,,,,,,,2026-09-17T17:13:46+00:00,https://kalshi.com/markets/kxmlbhr/pro-baseball-home-runs/kxmlbhr-26sep171240ladcin,True
kalshi,KXRAIN-26SEP17-MIN,https://kalshi.com/markets/kxrain/where-will-it-rain-daily,"Will it rain in Minneapolis on Sep 17, 2026?",Minneapolis,KXRAIN-26SEP17,"Where will it rain on Sep 17, 2026?",KXRAIN,Where will it rain daily,Climate and Weather,"[""Snow and rain""]",open,binary,0.99,1,0.99,0.995,0.005,0.995,0.01,29630.3,29024.98,22893.58,0,2026-09-16T09:10:00Z,2026-09-18T06:00:00Z,2026-09-19T06:00:00Z,,,,greater,0,,,,,,,2026-09-17T17:13:51+00:00,https://kalshi.com/markets/kxrain/where-will-it-rain-daily/kxrain-26sep17,True
polymarket,0xa5f529f1f4f5f8c98f3da7319e19a46fabf3d7564828b506f014b16b6a89ea2b,https://polymarket.com/event/laliga-2027-champion-20260701200737375/will-sevilla-win-the-2026-27-laliga-championship-20260701200737388,Will Sevilla win the 2026-27 LALIGA Championship?,Sevilla,659548,LALIGA: 2027 Champion,laliga-2027-champion-20260701200737375,LALIGA: 2027 Champion,,[],open,binary,0.001,0.002,0.002,0.0015,0.9985,0.0015,0.001,349035.4693330001,29000,,273559.15205,2026-07-02T18:17:24.739921Z,2027-05-30T23:59:00Z,2027-05-30T23:59:00Z,,,,,,,,,"[""Yes"", ""No""]","[0.0015, 0.9985]",35612016242198072428734492254411526590176190680676763180799235711086942662735,2026-09-17T17:13:45+00:00,,
kalshi,KXDPWORLDTOURR1LEAD-BMPC26-BSCH,https://kalshi.com/markets/kxdpworldtourr1lead/dp-world-tour-r1-leader,Benjamin Schmidt leads at the end of Round 1,Benjamin Schmidt,KXDPWORLDTOURR1LEAD-BMPC26,BMW PGA Championship End of Round 1 Leader,KXDPWORLDTOURR1LEAD,DP World Tour R1 Leader,Sports,"[""Golf""]",open,binary,0,0.01,0.001,0.005,0.995,0.005,0.01,28970.89,28970.89,28431.49,0,2026-09-14T00:10:00Z,2026-10-04T00:00:00Z,2026-10-04T00:00:00Z,,,,structured,,,,,,,,2026-09-17T17:14:02+00:00,https://kalshi.com/markets/kxdpworldtourr1lead/dp-world-tour-r1-leader/kxdpworldtourr1lead-bmpc26,True
polymarket,0x2450ec499544c566d0de8bbd7739fb68b598c6ad380f0c1ddf3b731d42ec6b19,https://polymarket.com/event/anthropic-ipo-by/will-anthropic-ipo-by-september-30-2026-733,"Will Anthropic IPO by September 30, 2026?","September 30, 2026",549019,Anthropic IPO by __?,anthropic-ipo-by,Anthropic IPO by __?,,[],open,binary,0.008,0.015,0.009,0.0115,0.9885,0.0115,0.007,987636.3067919997,28841.693322000003,,20773.50293,2026-06-01T21:08:15.782Z,2027-07-01T00:00:00Z,2027-07-01T00:00:00Z,,,,,,,,0.75,"[""Yes"", ""No""]","[0.0115, 0.9885]",100810566713159522284942057467208361746688416322049201839803236482344990086418,2026-09-17T17:13:45+00:00,,
kalshi,KXMLBHR-26SEP171240LADCIN-CINSSTEWART27-1,https://kalshi.com/markets/kxmlbhr/pro-baseball-home-runs,Sal Stewart: 1+ home runs?,Sal Stewart: 1+,KXMLBHR-26SEP171240LADCIN,Los Angeles D vs Cincinnati: Home Runs,KXMLBHR,Pro Baseball Home Runs,Sports,"[""Baseball""]",open,binary,0.15,0.16,0.16,0.155,0.845,0.155,0.01,28838.55,28838.55,28837.55,0,2026-09-17T04:10:00Z,2026-09-20T16:40:00Z,2026-09-20T16:40:00Z,,,,greater,0.5,,,,,,,2026-09-17T17:13:47+00:00,https://kalshi.com/markets/kxmlbhr/pro-baseball-home-runs/kxmlbhr-26sep171240ladcin,True
kalshi,KXPGATOUR-BICA26-DMCC,https://kalshi.com/markets/kxpgatour/pga-tour,Will Denny McCarthy win the Biltmore Championship Asheville?,Denny McCarthy,KXPGATOUR-BICA26,Biltmore Championship Asheville Winner,KXPGATOUR,PGA Tour,Sports,"[""Golf""]",open,binary,0.005,0.013,0.013,0.009,0.991,0.009,0.008,163014.01,28792.36,163014.01,0,2026-09-13T23:05:00Z,2026-10-04T00:00:00Z,2026-10-04T00:00:00Z,,,,structured,,,,,,,,2026-09-17T17:14:02+00:00,https://kalshi.com/markets/kxpgatour/pga-tour/kxpgatour-bica26,True
kalshi,KXMLBGAME-26SEP172138MINLAA-LAA,https://kalshi.com/markets/kxmlbgame/professional-baseball-game,Los Angeles A wins,Los Angeles A,KXMLBGAME-26SEP172138MINLAA,Minnesota vs Los Angeles A,KXMLBGAME,Professional Baseball Game,Sports,"[""Baseball""]",open,binary,0.5,0.51,0.5,0.505,0.495,0.505,0.01,28780.72,28716.61,28597.47,0,2026-09-15T01:55:00Z,2026-09-21T01:38:00Z,2026-09-21T01:38:00Z,,,,structured,,,,,,,,2026-09-17T17:13:55+00:00,https://kalshi.com/markets/kxmlbgame/professional-baseball-game/kxmlbgame-26sep172138minlaa,True
kalshi,KXLALIGAGAME-26SEP20ATMRMA-ATM,https://kalshi.com/markets/kxlaligagame/la-liga-game,Atletico wins,Atletico,KXLALIGAGAME-26SEP20ATMRMA,Atletico vs Real Madrid,KXLALIGAGAME,La Liga Game,Sports,"[""Soccer""]",open,binary,0.26,0.27,0.26,0.265,0.735,0.265,0.01,43557.09,28709.25,39240.82,0,2026-09-06T00:37:00Z,2026-09-22T20:15:00Z,2026-09-22T20:15:00Z,,,,structured,,,,,,,,2026-09-17T17:14:13+00:00,https://kalshi.com/markets/kxlaligagame/la-liga-game/kxlaligagame-26sep20atmrma,True
kalshi,KXGOVCA-26-SHIL,https://kalshi.com/markets/kxgovca/california-governor-s-race,Who will win the governorship in California?,Steve Hilton,KXGOVCA-26,California Governor winner? (Person),KXGOVCA,California Governor's race,Elections,"[""US Elections"", ""Governor""]",open,binary,0.04,0.043,0.043,0.0415,0.9585,0.0415,0.003,8611755.23,28632.21,4341965.21,0,2025-05-16T14:00:00Z,2027-11-03T15:00:00Z,2027-11-03T15:00:00Z,,,,custom,,,,,,,,2026-09-17T17:14:47+00:00,https://kalshi.com/markets/kxgovca/california-governor-s-race/kxgovca-26,True
kalshi,KXWNBAGAME-26SEP17PHXPDX-PDX,https://kalshi.com/markets/kxwnbagame/women-s-pro-basketball-game,Portland wins,Portland,KXWNBAGAME-26SEP17PHXPDX,Phoenix vs Portland,KXWNBAGAME,Women's Pro Basketball Game,Sports,"[""Basketball""]",open,binary,0.4,0.41,0.41,0.405,0.595,0.405,0.01,37380.81,28617.65,30505.12,0,2026-09-15T02:10:00Z,2026-09-20T02:00:00Z,2026-09-20T02:00:00Z,,,,structured,,,,,,,,2026-09-17T17:13:55+00:00,https://kalshi.com/markets/kxwnbagame/women-s-pro-basketball-game/kxwnbagame-26sep17phxpdx,True
kalshi,KXPRESNOMD-28-GN,https://kalshi.com/markets/kxpresnomd/democratic-primary-winner,Will Gavin Newsom be the Democratic Presidential nominee in 2028?,Gavin Newsom,KXPRESNOMD-28,2028 Democratic presidential nominee,KXPRESNOMD,Democratic Primary winner,Elections,"[""2028"", ""US Elections""]",open,binary,0.13,0.14,0.14,0.135,0.865,0.135,0.01,10158480.32,28564.86,4514699.02,0,2024-11-06T15:00:00Z,2028-11-07T15:00:00Z,2028-11-07T15:00:00Z,,,,custom,,,,,,,,2026-09-17T17:14:48+00:00,https://kalshi.com/markets/kxpresnomd/democratic-primary-winner/kxpresnomd-28,True
kalshi,KXBTCD-26SEP1714-T76499.99,https://kalshi.com/markets/kxbtcd/bitcoin-price-above-below,"Bitcoin price on Sep 17, 2026?","$76,500 or above",KXBTCD-26SEP1714,"BTC price on Sep 17, 2026 at 2pm EDT?",KXBTCD,Bitcoin price Above/below,Crypto,"[""Hourly"", ""BTC""]",open,binary,0.86,0.87,0.86,0.865,0.135,0.865,0.01,30217.67,28553.3,18028.63,0,2026-09-17T17:00:00Z,2026-09-17T18:00:00Z,2026-09-24T18:00:00Z,,,,greater,76499.99,,BRTI,,,,,2026-09-17T17:13:51+00:00,https://kalshi.com/markets/kxbtcd/bitcoin-price-above-below/kxbtcd-26sep1714,True
polymarket,0x7eb3518ad38c62b863a900f0b339afd4d1c5957b84f14f3bc52b6c395be9b5c9,https://polymarket.com/event/lal-bet-get-2026-09-17-exact-score/lal-bet-get-2026-09-17-exact-score-3-1,Exact Score: Real Betis Balompié 3 - 1 Getafe CF?,Real Betis Balompié 3 - 1 Getafe CF,963042,Real Betis Balompié vs. Getafe CF - Exact Score,lal-bet-get-2026-09-17-exact-score,Real Betis Balompié vs. Getafe CF - Exact Score,,[],open,binary,0.05,0.06,0.06,0.055,0.945,0.055,0.01,33426.96258000001,28527.020480000003,,43981.9026,2026-09-04T06:00:43Z,2026-09-17T17:00:00Z,2026-09-17T17:00:00Z,,,,,,,,,"[""Yes"", ""No""]","[0.055, 0.945]",65058542721833612841874549850792464988165699866355612023465062931532820158443,2026-09-17T17:13:45+00:00,,
kalshi,KXRT-RES-97,https://kalshi.com/markets/kxrt/rotten-tomatoes-scores,Resident Evil Rotten Tomatoes score?,Above 97,KXRT-RES,Resident Evil · Rotten Tomatoes score,KXRT,Rotten Tomatoes Scores,Entertainment,"[""Rotten Tomatoes""]",open,binary,0.09,0.12,0.09,0.105,0.895,0.105,0.03,36957.44,28358.92,28257.96,0,2026-09-14T15:00:00Z,2026-09-21T14:00:00Z,2026-09-28T14:00:00Z,,,,greater,97,,,,,,,2026-09-17T17:13:59+00:00,https://kalshi.com/markets/kxrt/rotten-tomatoes-scores/kxrt-res,True
polymarket,0x5f1b1caf70eb994bfff2986727a05a3ac9f7ec8b0da4017f7732596d023e5a07,https://polymarket.com/event/republican-presidential-nominee-2028/will-kristi-noem-win-the-2028-republican-presidential-nomination,Will Kristi Noem win the 2028 Republican presidential nomination?,Kristi Noem,31875,Republican Presidential Nominee 2028,republican-presidential-nominee-2028,Republican Presidential Nominee 2028,,[],open,binary,0.001,0.002,0.001,0.0015,0.9985,0.0015,0.001,37654759.52009901,28347.832,,2025615.08169,2025-07-11T19:42:25.23Z,2028-11-07T00:00:00Z,2028-11-07T00:00:00Z,,,,,,,,,"[""Yes"", ""No""]","[0.0015, 0.9985]",46777072088650922464797852907503479539785178123001199763117403684202580813104,2026-09-17T17:13:45+00:00,,
polymarket,0x6ddf64a3c61cc392dc756fb7686a5e9fa8fbe1cab3e13e331d0afcf4018e7ef2,https://polymarket.com/event/what-price-will-bitcoin-hit-on-september-17-2026/will-bitcoin-reach-78k-on-september-17-2026,"Will Bitcoin reach $78,000 on September 17?","↑ 78,000",1036389,What price will Bitcoin hit on September 17?,what-price-will-bitcoin-hit-on-september-17-2026,What price will Bitcoin hit on September 17?,,[],open,binary,0.1,0.12,0.09,0.11,0.89,0.11,0.02,29960.358514999993,28310.353332,,17912.9126,2026-09-17T04:00:17Z,2026-09-18T04:00:00Z,2026-09-18T04:00:00Z,,,,,,,,,"[""Yes"", ""No""]","[0.11, 0.89]",66560625032253010607686181259892004528751682961647376977856315560836077390727,2026-09-17T17:13:45+00:00,,
kalshi,KXBTCD-26SEP1714-T76599.99,https://kalshi.com/markets/kxbtcd/bitcoin-price-above-below,"Bitcoin price on Sep 17, 2026?","$76,600 or above",KXBTCD-26SEP1714,"BTC price on Sep 17, 2026 at 2pm EDT?",KXBTCD,Bitcoin price Above/below,Crypto,"[""Hourly"", ""BTC""]",open,binary,0.75,0.76,0.75,0.755,0.245,0.755,0.01,34739.69,28296.81,19309.66,0,2026-09-17T17:00:00Z,2026-09-17T18:00:00Z,2026-09-24T18:00:00Z,,,,greater,76599.99,,BRTI,,,,,2026-09-17T17:13:51+00:00,https://kalshi.com/markets/kxbtcd/bitcoin-price-above-below/kxbtcd-26sep1714,True
polymarket,0xde64f0c49c7b26baa1ed2ebb7097574de5532c2237b779ab9b415e822c12a0a0,https://polymarket.com/event/iran-oman-hormuz-management-agreement-byptptpt-20260804222725871/iran-oman-hormuz-agreement-by-september-30-823-929,Iran-Oman Hormuz Agreement by September 30?,September 30,798490,Iran-Oman Hormuz Management Agreement by...?,iran-oman-hormuz-management-agreement-byptptpt-20260804222725871,Iran-Oman Hormuz Management Agreement by...?,,[],open,binary,0.09,0.1,0.1,0.095,0.905,0.095,0.01,705968.1525249998,28283.217163,,28543.4998,2026-08-10T15:26:17.86Z,2026-10-01T03:59:00Z,2026-10-01T03:59:00Z,,,,,,,,-8,"[""Yes"", ""No""]","[0.095, 0.905]",68003608521015222679268138757769131071496782683879354114198876947977145147842,2026-09-17T17:13:45+00:00,,
kalshi,KXALIENS-27,https://kalshi.com/markets/kxaliens/aliens,Will the U.S. confirm that aliens exist before 2027?,Before 2027,KXALIENS-27,Will the U.S. confirm that aliens exist?,KXALIENS,Aliens,Science and Technology,"[""Space""]",open,binary,0.046,0.049,0.049,0.0475,0.9525,0.0475,0.003,27967864.39,28135.22,9595222.84,0,2025-12-05T06:00:00Z,2027-01-01T15:00:00Z,2027-01-01T15:00:00Z,,,,,,,,,,,,2026-09-17T17:14:46+00:00,https://kalshi.com/markets/kxaliens/aliens/kxaliens-27,True
kalshi,SENATEME-26-D,https://kalshi.com/markets/senateme/maine-senate-race,Will Democratics win the Senate race in Maine?,Troy Jackson,SENATEME-26,Maine Senate winner?,SENATEME,Maine Senate race,Elections,"[""Senate""]",open,binary,0.67,0.68,0.67,0.675,0.325,0.675,0.01,2609350.82,28008.66,1111648.81,0,2024-12-03T15:00:00Z,2027-11-03T15:00:00Z,2027-11-03T15:00:00Z,,,,structured,,,,,,,,2026-09-17T17:14:47+00:00,https://kalshi.com/markets/senateme/maine-senate-race/senateme-26,True
kalshi,KXITFDOUBLES-26SEP17DELRIOARCTAL-ARCTAL,https://kalshi.com/markets/kxitfdoubles/itf-doubles-match,Arce Fernandez / Talavera Cortes wins,Arce Fernandez / Talavera Cortes,KXITFDOUBLES-26SEP17DELRIOARCTAL,De La Cierva Sanchez / Rios Perez vs Arce Fernandez / Talavera Cortes,KXITFDOUBLES,ITF Doubles Match,Sports,"[""Tennis""]",open,binary,0.99,1,0.99,0.995,0.005,0.995,0.01,33965.8,27993.84,16985.77,0,2026-09-16T21:41:00Z,2026-10-01T13:30:00Z,2026-10-01T13:30:00Z,,,,structured,,,,,,,,2026-09-17T17:13:48+00:00,https://kalshi.com/markets/kxitfdoubles/itf-doubles-match/kxitfdoubles-26sep17delrioarctal,True
kalshi,KXMLB-26-CWS,https://kalshi.com/markets/kxmlb/world-series,Will Chicago WS win the 2026 Pro Baseball Championship?,Chicago WS,KXMLB-26,Pro Baseball Champion,KXMLB,World Series,Sports,"[""Baseball""]",open,binary,0.022,0.024,0.022,0.023,0.977,0.023,0.002,2488972.15,27976.45,1766052.07,0,2025-12-17T15:00:00Z,2028-10-31T04:00:00Z,2028-10-31T04:00:00Z,,,,structured,,,,,,,,2026-09-17T17:14:46+00:00,https://kalshi.com/markets/kxmlb/world-series/kxmlb-26,True
kalshi,KXWTACHALLENGERMATCH-26SEP17BASGOR-BAS,https://kalshi.com/markets/kxwtachallengermatch/challenger-wta,Noemi Basiletti wins,Noemi Basiletti,KXWTACHALLENGERMATCH-26SEP17BASGOR,Basiletti vs Gorgodze,KXWTACHALLENGERMATCH,Challenger WTA,Sports,"[""Tennis""]",open,binary,0.57,0.58,0.57,0.575,0.425,0.575,0.01,27943.68,27943.68,16743.37,0,2026-09-16T21:40:00Z,2026-10-01T09:30:00Z,2026-10-01T09:30:00Z,,,,structured,,,,,,,,2026-09-17T17:13:48+00:00,https://kalshi.com/markets/kxwtachallengermatch/challenger-wta/kxwtachallengermatch-26sep17basgor,True
kalshi,KXNCAAFGAME-26SEP19MEBC-ME,https://kalshi.com/markets/kxncaafgame/college-football-game,Maine wins,Maine,KXNCAAFGAME-26SEP19MEBC,Maine vs Boston College,KXNCAAFGAME,College Football Game,Sports,"[""Football""]",open,binary,0,0.01,0.01,0.005,0.995,0.005,0.01,60159.79,27910.86,60045.57,0,2026-09-05T19:08:00Z,2026-09-21T18:00:00Z,2026-09-21T18:00:00Z,,,,structured,,,,,,,,2026-09-17T17:14:13+00:00,https://kalshi.com/markets/kxncaafgame/college-football-game/kxncaafgame-26sep19mebc,True
kalshi,KXHIGHNY-26SEP17-B82.5,https://kalshi.com/markets/kxhighny/highest-temperature-in-nyc,"Will the maximum temperature be 82-83° on Sep 17, 2026?",82° to 83°,KXHIGHNY-26SEP17,"Highest temperature in New York City on Sep 17, 2026?",KXHIGHNY,Highest temperature in NYC,Climate and Weather,"[""Daily temperature""]",open,binary,0.9,0.92,0.9,0.91,0.09,0.91,0.02,28484.27,27832.33,15245.89,0,2026-09-16T14:00:00Z,2026-09-18T05:00:00Z,2026-09-24T14:00:00Z,,,,between,82,83,CLINYC,,,,,2026-09-17T17:13:50+00:00,https://kalshi.com/markets/kxhighny/highest-temperature-in-nyc/kxhighny-26sep17,True
kalshi,KXWTACHALLENGERMATCH-26SEP17KOEKNU-KOE,https://kalshi.com/markets/kxwtachallengermatch/challenger-wta,Anouk Koevermans wins,Anouk Koevermans,KXWTACHALLENGERMATCH-26SEP17KOEKNU,Koevermans vs Knutson,KXWTACHALLENGERMATCH,Challenger WTA,Sports,"[""Tennis""]",open,binary,0.37,0.38,0.42,0.375,0.625,0.375,0.01,28677.46,27829.39,23980.38,0,2026-09-17T02:50:00Z,2026-10-01T14:40:00Z,2026-10-01T14:40:00Z,,,,structured,,,,,,,,2026-09-17T17:13:47+00:00,https://kalshi.com/markets/kxwtachallengermatch/challenger-wta/kxwtachallengermatch-26sep17koeknu,True
kalshi,KXSB-27-DET,https://kalshi.com/markets/kxsb/super-bowl,Will Detroit win the 2027 Pro Football Championship?,Detroit,KXSB-27,2027 Pro Football Champion,KXSB,Super Bowl,Sports,"[""Football""]",open,binary,0.03,0.04,0.04,0.035,0.965,0.035,0.01,2812797.04,27761.62,2424465.15,0,2026-02-08T20:00:00Z,2029-02-13T23:30:00Z,2029-02-13T23:30:00Z,,,,structured,,,,,,,,2026-09-17T17:14:44+00:00,https://kalshi.com/markets/kxsb/super-bowl/kxsb-27,True
kalshi,KXPGAR1LEAD-BICA26-DRIL,https://kalshi.com/markets/kxpgar1lead/pga-round-1-leader,Davis Riley leads at the end of Round 1,Davis Riley,KXPGAR1LEAD-BICA26,Biltmore Championship Asheville End of Round 1 Leader,KXPGAR1LEAD,PGA Round 1 Leader,Sports,"[""Golf""]",open,binary,0,0.009,0.002,0.0045,0.9955,0.0045,0.009,40889.28,27739.83,35471.85,0,2026-09-14T00:10:00Z,2026-10-04T00:00:00Z,2026-10-04T00:00:00Z,,,,structured,,,,,,,,2026-09-17T17:14:02+00:00,https://kalshi.com/markets/kxpgar1lead/pga-round-1-leader/kxpgar1lead-bica26,True
kalshi,KXPGATOUR-BICA26-MTHO,https://kalshi.com/markets/kxpgatour/pga-tour,Will Michael Thompson win the Biltmore Championship Asheville?,Michael Thompson,KXPGATOUR-BICA26,Biltmore Championship Asheville Winner,KXPGATOUR,PGA Tour,Sports,"[""Golf""]",open,binary,0,0.001,0.001,0.0005,0.9995,0.0005,0.001,40325.96,27710.44,40325.96,0,2026-09-13T23:05:00Z,2026-10-04T00:00:00Z,2026-10-04T00:00:00Z,,,,structured,,,,,,,,2026-09-17T17:14:02+00:00,https://kalshi.com/markets/kxpgatour/pga-tour/kxpgatour-bica26,True
kalshi,KXMLBKS-26SEP171240LADCIN-LADJWROBLESKI70-4,https://kalshi.com/markets/kxmlbks/pro-baseball-strikeouts,Justin Wrobleski: 4+ strikeouts?,Justin Wrobleski: 4+,KXMLBKS-26SEP171240LADCIN,Los Angeles D vs Cincinnati: Strikeouts,KXMLBKS,Pro Baseball Strikeouts,Sports,"[""Baseball""]",open,binary,0.65,0.7,0.66,0.675,0.325,0.675,0.05,27720.18,27705.27,22532.63,0,2026-09-17T03:55:00Z,2026-09-20T16:40:00Z,2026-09-20T16:40:00Z,,,,greater,3.5,,,,,,,2026-09-17T17:13:47+00:00,https://kalshi.com/markets/kxmlbks/pro-baseball-strikeouts/kxmlbks-26sep171240ladcin,True
kalshi,KXNCAAFGAME-26SEP19BUFFPSU-BUFF,https://kalshi.com/markets/kxncaafgame/college-football-game,Buffalo wins,Buffalo,KXNCAAFGAME-26SEP19BUFFPSU,Buffalo vs Penn St.,KXNCAAFGAME,College Football Game,Sports,"[""Football""]",open,binary,0,0.01,0.01,0.005,0.995,0.005,0.01,158178.97,27621.26,157760.6,0,2026-09-05T16:08:00Z,2026-09-21T16:00:00Z,2026-09-21T16:00:00Z,,,,structured,,,,,,,,2026-09-17T17:14:13+00:00,https://kalshi.com/markets/kxncaafgame/college-football-game/kxncaafgame-26sep19buffpsu,True
kalshi,KXDPWORLDTOUR-BMPC26-RCAB,https://kalshi.com/markets/kxdpworldtour/dp-world-tour-tournament-winner,Will Rafa Cabrera Bello win the BMW PGA Championship?,Rafa Cabrera Bello,KXDPWORLDTOUR-BMPC26,BMW PGA Championship Winner,KXDPWORLDTOUR,DP World Tour Tournament Winner,Sports,"[""Golf""]",open,binary,0,0.001,0.002,0.0005,0.9995,0.0005,0.001,32823.94,27618.38,32823.94,0,2026-09-12T12:00:00Z,2026-10-04T00:00:00Z,2026-10-04T00:00:00Z,,,,structured,,,,,,,,2026-09-17T17:14:05+00:00,https://kalshi.com/markets/kxdpworldtour/dp-world-tour-tournament-winner/kxdpworldtour-bmpc26,True
polymarket,0x2dcbc71a3f8108936e768b503d565fbda7a644b2a0bd9ed45f74982a2bb11fba,https://polymarket.com/event/israel-x-iran-ceasefire-continues-throughptptpt-20260716224448963/israel-x-iran-ceasefire-continues-through-november-30,Israel x Iran ceasefire continues through November 30?,November 30,711714,Israel x Iran ceasefire continues through...?,israel-x-iran-ceasefire-continues-throughptptpt-20260716224448963,Israel x Iran ceasefire continues through...?,,[],open,binary,0.71,0.72,0.72,0.715,0.285,0.715,0.01,267590.839009,27615.184504,,23029.6482,2026-08-26T14:07:44.687929Z,2026-11-30T20:29:00Z,2026-11-30T20:29:00Z,,,,,,,,4,"[""Yes"", ""No""]","[0.715, 0.285]",80480615864496054518534481664401458122946181878204882508499859562482914861231,2026-09-17T17:13:45+00:00,,
polymarket,0x5c79dfde05559b79a9cb9f7c4187e4d49632dd042572ae676952f812732591cc,https://polymarket.com/event/strait-of-hormuz-traffic-returns-to-normal-by-december-31/strait-of-hormuz-traffic-returns-to-normal-by-december-31,Strait of Hormuz traffic returns to normal by December 31?,,455875,Strait of Hormuz traffic returns to normal by December 31?,strait-of-hormuz-traffic-returns-to-normal-by-december-31,Strait of Hormuz traffic returns to normal by December 31?,,[],open,binary,0.17,0.18,0.17,0.175,0.825,0.175,0.01,11809668.063768994,27610.075408999997,,492055.154,2026-05-11T13:03:57.905316Z,2026-12-31T00:00:00Z,2026-12-31T00:00:00Z,,,,,,,,,"[""Yes"", ""No""]","[0.175, 0.825]",83783489454659420807679723574840032660002326710045123865554753994450797728825,2026-09-17T17:13:45+00:00,,
kalshi,KXNFLTD-26SEP17DETBUF-BUFDKINCAID86-1,https://kalshi.com/markets/kxnfltd/pro-football-touchdowns,Dalton Kincaid: 1+ touchdowns,Dalton Kincaid: 1+,KXNFLTD-26SEP17DETBUF,Detroit vs Buffalo: Touchdowns,KXNFLTD,Pro Football Touchdowns,Sports,"[""Football""]",open,binary,0.32,0.33,0.33,0.325,0.675,0.325,0.01,38240.26,27486.35,36711.98,0,2026-09-15T00:15:00Z,2026-09-20T00:15:00Z,2026-09-20T00:15:00Z,,,,greater,0.5,,,,,,,2026-09-17T17:13:56+00:00,https://kalshi.com/markets/kxnfltd/pro-football-touchdowns/kxnfltd-26sep17detbuf,True
kalshi,KXPGAR1LEAD-BICA26-BHOS,https://kalshi.com/markets/kxpgar1lead/pga-round-1-leader,Beau Hossler leads at the end of Round 1,Beau Hossler,KXPGAR1LEAD-BICA26,Biltmore Championship Asheville End of Round 1 Leader,KXPGAR1LEAD,PGA Round 1 Leader,Sports,"[""Golf""]",open,binary,0.019,0.029,0.034,0.024,0.976,0.024,0.01,38348.85,27475.48,35985.96,0,2026-09-14T00:10:00Z,2026-10-04T00:00:00Z,2026-10-04T00:00:00Z,,,,structured,,,,,,,,2026-09-17T17:14:02+00:00,https://kalshi.com/markets/kxpgar1lead/pga-round-1-leader/kxpgar1lead-bica26,True
kalshi,KXMLBKS-26SEP171235MILPIT-MILKHARRISON52-5,https://kalshi.com/markets/kxmlbks/pro-baseball-strikeouts,Kyle Harrison: 5+ strikeouts?,Kyle Harrison: 5+,KXMLBKS-26SEP171235MILPIT,Milwaukee vs Pittsburgh: Strikeouts,KXMLBKS,Pro Baseball Strikeouts,Sports,"[""Baseball""]",open,binary,0.44,0.79,0.44,0.615,0.385,0.615,0.35,27631.17,27358.36,23356.73,0,2026-09-17T03:26:00Z,2026-09-20T16:35:00Z,2026-09-20T16:35:00Z,,,,greater,4.5,,,,,,,2026-09-17T17:13:47+00:00,https://kalshi.com/markets/kxmlbks/pro-baseball-strikeouts/kxmlbks-26sep171235milpit,True
kalshi,KXSB-27-PIT,https://kalshi.com/markets/kxsb/super-bowl,Will Pittsburgh win the 2027 Pro Football Championship?,Pittsburgh,KXSB-27,2027 Pro Football Champion,KXSB,Super Bowl,Sports,"[""Football""]",open,binary,0.01,0.02,0.02,0.015,0.985,0.015,0.01,2938074.77,27244.58,2577479.74,0,2026-02-08T20:00:00Z,2029-02-13T23:30:00Z,2029-02-13T23:30:00Z,,,,structured,,,,,,,,2026-09-17T17:14:44+00:00,https://kalshi.com/markets/kxsb/super-bowl/kxsb-27,True
polymarket,0xc983f8d9908138977e27fb7d37ecf429a4b9802df76e82d6ad242f7d1adb961c,https://polymarket.com/event/what-price-will-bitcoin-hit-in-september-2026/will-bitcoin-dip-to-62pt5k-in-september-2026,"Will Bitcoin dip to $62,500 in September?","↓ 62,500",946004,What price will Bitcoin hit in September?,what-price-will-bitcoin-hit-in-september-2026,What price will Bitcoin hit in September?,,[],open,binary,0.014,0.017,0.018,0.0155,0.9845,0.0155,0.003,262140.18242999996,27173.710648999997,,133306.69641,2026-09-01T05:07:16Z,2026-10-01T04:00:00Z,2026-10-01T04:00:00Z,,,,,,,,-4.05,"[""Yes"", ""No""]","[0.0155, 0.9845]",67918441747882013748656507166783712968028910155110870407788478660545727138793,2026-09-17T17:13:45+00:00,,
kalshi,KXSB-27-BAL,https://kalshi.com/markets/kxsb/super-bowl,Will Baltimore win the 2027 Pro Football Championship?,Baltimore,KXSB-27,2027 Pro Football Champion,KXSB,Super Bowl,Sports,"[""Football""]",open,binary,0.07,0.08,0.08,0.075,0.925,0.075,0.01,4335007.26,27165.48,3633782.63,0,2026-02-08T20:00:00Z,2029-02-13T23:30:00Z,2029-02-13T23:30:00Z,,,,structured,,,,,,,,2026-09-17T17:14:44+00:00,https://kalshi.com/markets/kxsb/super-bowl/kxsb-27,True
kalshi,KXMLB-26-PHI,https://kalshi.com/markets/kxmlb/world-series,Will Philadelphia win the 2026 Pro Baseball Championship?,Philadelphia,KXMLB-26,Pro Baseball Champion,KXMLB,World Series,Sports,"[""Baseball""]",open,binary,0.046,0.052,0.052,0.049,0.951,0.049,0.006,3137831.26,27148.61,2098053.05,0,2025-12-17T15:00:00Z,2028-10-31T04:00:00Z,2028-10-31T04:00:00Z,,,,structured,,,,,,,,2026-09-17T17:14:46+00:00,https://kalshi.com/markets/kxmlb/world-series/kxmlb-26,True
kalshi,KXBTCD-26SEP1717-T77749.99,https://kalshi.com/markets/kxbtcd/bitcoin-price-above-below,"Bitcoin price on Sep 17, 2026?","$77,750 or above",KXBTCD-26SEP1717,"BTC price on Sep 17, 2026 at 5pm EDT?",KXBTCD,Bitcoin price Above/below,Crypto,"[""Hourly"", ""BTC""]",open,binary,0.03,0.04,0.04,0.035,0.965,0.035,0.01,27345.25,27115.45,12057.42,0,2026-09-16T20:00:00Z,2026-09-17T21:00:00Z,2026-09-24T21:00:00Z,,,,greater,77749.99,,BRTI,,,,,2026-09-17T17:13:51+00:00,https://kalshi.com/markets/kxbtcd/bitcoin-price-above-below/kxbtcd-26sep1717,True
kalshi,KXFEDDECISION-26DEC-H0,https://kalshi.com/markets/kxfeddecision/fed-meeting,Will the Federal Reserve Hike rates by 0bps at their December 2026 meeting?,Fed maintains rate,KXFEDDECISION-26DEC,Fed decision in Dec 2026?,KXFEDDECISION,Fed meeting,Economics,"[""Fed""]",open,binary,0.27,0.28,0.29,0.275,0.725,0.275,0.01,107421.5,27113.99,84790.76,0,2025-09-29T14:00:00Z,2026-12-09T18:59:00Z,2027-03-10T19:01:00Z,,,,custom,,,,,,,,2026-09-17T17:14:47+00:00,https://kalshi.com/markets/kxfeddecision/fed-meeting/kxfeddecision-26dec,True
polymarket,0x611839a35b50133e11d877a13c83820099434bb35801e668eec8f8c0562d76ef,https://polymarket.com/event/spy-up-or-down-on-september-17-2026/spy-up-or-down-on-september-17-2026,SPY (SPY) Up or Down on September 17?,,1032800,SPY (SPY) Up or Down on September 17?,spy-up-or-down-on-september-17-2026,SPY (SPY) Up or Down on September 17?,,[],open,binary,0.991,0.999,0.968,0.995,0.005,0.995,0.008,26920.346697000008,26920.346696999994,,13035.03298,2026-09-16T12:00:57Z,2026-09-17T20:00:00Z,2026-09-17T20:00:00Z,,,,,,,,50.5,"[""Up"", ""Down""]","[0.995, 0.005]",51873330329561254796239845801468027495344930410221763779447236446995907414111,2026-09-17T17:13:45+00:00,,
polymarket,0x962e5b226a77266ab429029ee04665e8fcfeb10b91af593786ceab871d2e945f,https://polymarket.com/event/nobel-peace-prize-winner-2026-139/will-donald-trump-win-the-nobel-peace-prize-in-2026-382,Will Donald Trump win the Nobel Peace Prize in 2026?,Donald Trump,60182,Nobel Peace Prize Winner 2026,nobel-peace-prize-winner-2026-139,Nobel Peace Prize Winner 2026,,[],open,binary,0.02,0.021,0.023,0.0205,0.9795,0.0205,0.001,4788281.976922,26884.530259,,411688.48582,2025-10-16T22:30:32.369842Z,2026-10-10T00:00:00Z,2026-10-10T00:00:00Z,,,,,,,,-0.75,"[""Yes"", ""No""]","[0.0205, 0.9795]",96308556109755835434254900303426519652053230974356832970824534225192181988516,2026-09-17T17:13:45+00:00,,
kalshi,KXPGAR1LEAD-BICA26-DMCC,https://kalshi.com/markets/kxpgar1lead/pga-round-1-leader,Denny McCarthy leads at the end of Round 1,Denny McCarthy,KXPGAR1LEAD-BICA26,Biltmore Championship Asheville End of Round 1 Leader,KXPGAR1LEAD,PGA Round 1 Leader,Sports,"[""Golf""]",open,binary,0.004,0.012,0.012,0.008,0.992,0.008,0.008,61144.59,26856.55,61144.59,0,2026-09-14T00:10:00Z,2026-10-04T00:00:00Z,2026-10-04T00:00:00Z,,,,structured,,,,,,,,2026-09-17T17:14:02+00:00,https://kalshi.com/markets/kxpgar1lead/pga-round-1-leader/kxpgar1lead-bica26,True
polymarket,0x401fa176f3f9da88256a928bd35e16e98b4f85af1d3033bd0924e6f494705d4d,https://polymarket.com/event/dota2-rostik-stariy-2026-09-17/dota2-rostik-stariy-2026-09-17-game1,Dota 2: Rostikfacekid Club vs Stariy Bog Club - Game 1 Winner,Game 1 Winner,1035090,Dota 2: Rostikfacekid Club vs Stariy Bog Club (BO3) - Winline Star Series Playoffs,dota2-rostik-stariy-2026-09-17,Dota 2: Rostikfacekid Club vs Stariy Bog Club (BO3) - Winline Star Series Playoffs,,[],open,binary,0.999,1,0.999,0.9995,0.0005,0.9995,0.001,27091.213120000004,26798.533119999993,,36284.23006,2026-09-16T20:49:43Z,2026-09-17T18:00:00Z,2026-09-17T18:00:00Z,,,,,,,,,"[""Rostikfacekid Club"", ""Stariy Bog Club""]","[0.9995, 0.0005]",92296591383474748131099371730855277646591110372101925188101722250926339121083,2026-09-17T17:13:45+00:00,,
polymarket,0xa78cd1b20ff72356572dfad9517de29a71ef2f08a47ef47caaeb29e0127f704a,https://polymarket.com/event/uel-ofi-hof-2026-09-17/uel-ofi-hof-2026-09-17-ofi,Will OFI win on 2026-09-17?,OFI,960208,OFI vs. TSG 1899 Hoffenheim,uel-ofi-hof-2026-09-17,OFI vs. TSG 1899 Hoffenheim,,[],open,binary,0.08,0.09,0.09,0.085,0.915,0.085,0.01,45533.622382,26779.074712,,107175.5814,2026-09-03T18:30:21Z,2026-09-17T16:45:00Z,2026-09-17T16:45:00Z,,,,,,,,-3,"[""Yes"", ""No""]","[0.085, 0.915]",21539104995595268994551107268068613987542087789444482714854294416010416907474,2026-09-17T17:13:45+00:00,,
kalshi,KXMLBHR-26SEP171240LADCIN-LADJDEPAULA95-2,https://kalshi.com/markets/kxmlbhr/pro-baseball-home-runs,Josue De Paula: 2+ home runs?,Josue De Paula: 2+,KXMLBHR-26SEP171240LADCIN,Los Angeles D vs Cincinnati: Home Runs,KXMLBHR,Pro Baseball Home Runs,Sports,"[""Baseball""]",open,binary,0,0.02,0.03,0.01,0.99,0.01,0.02,26729.78,26729.78,26729.78,0,2026-09-17T14:50:00Z,2026-09-20T16:40:00Z,2026-09-20T16:40:00Z,,,,greater,1.5,,,,,,,2026-09-17T17:13:46+00:00,https://kalshi.com/markets/kxmlbhr/pro-baseball-home-runs/kxmlbhr-26sep171240ladcin,True
kalshi,KXMLBF5-26SEP172005BOSTEX-BOS,https://kalshi.com/markets/kxmlbf5/first-5-innings-winner,Boston first 5 innings winner,Boston wins first 5 innings,KXMLBF5-26SEP172005BOSTEX,Boston vs Texas: First 5 Innings,KXMLBF5,First 5 Innings Winner,Sports,"[""Baseball""]",open,binary,0.46,0.47,0.47,0.465,0.535,0.465,0.01,26685,26685,26131.55,0,2026-09-17T02:30:00Z,2026-09-21T00:05:00Z,2026-09-21T00:05:00Z,,,,structured,,,,,,,,2026-09-17T17:13:47+00:00,https://kalshi.com/markets/kxmlbf5/first-5-innings-winner/kxmlbf5-26sep172005bostex,True
polymarket,0xf02d8d72bb96d84090d4f7d63e7837afb94f8d061e7a2cca8cf21732150e8815,https://polymarket.com/event/epl-2027-champion-20260701200428749/will-arsenal-win-the-2026-27-english-premier-league-epl-championship-20260701200428750,Will Arsenal win the 2026-27 English Premier League (EPL) Championship?,Arsenal,659518,EPL: 2027 Champion,epl-2027-champion-20260701200428749,EPL: 2027 Champion,,[],open,binary,0.55,0.56,0.55,0.555,0.445,0.555,0.01,945655.3688159997,26620.555403,,465795.8115,2026-07-02T18:13:08.776718Z,2027-05-30T23:59:00Z,2027-05-30T23:59:00Z,,,,,,,,,"[""Yes"", ""No""]","[0.555, 0.445]",106464589845250400124249015666766731317110899241411841699938652823328750757436,2026-09-17T17:13:45+00:00,,
kalshi,KXHEISMAN-27-KTAY,https://kalshi.com/markets/kxheisman/heisman-trophy-winner,Who will win Heisman Trophy?,Kamario Taylor,KXHEISMAN-27,Heisman Trophy Winner,KXHEISMAN,Heisman Trophy Winner,Sports,"[""Football""]",open,binary,0.04,0.06,0.06,0.05,0.95,0.05,0.02,1061107.74,26619.77,984644.27,0,2026-08-22T05:15:00Z,2027-01-01T15:00:00Z,2027-01-15T15:00:00Z,,,,custom,,,,,,,,2026-09-17T17:14:18+00:00,https://kalshi.com/markets/kxheisman/heisman-trophy-winner/kxheisman-27,True
kalshi,KXPGATOUR-BICA26-JPAR,https://kalshi.com/markets/kxpgatour/pga-tour,Will John Parry win the Biltmore Championship Asheville?,John Parry,KXPGATOUR-BICA26,Biltmore Championship Asheville Winner,KXPGATOUR,PGA Tour,Sports,"[""Golf""]",open,binary,0.007,0.01,0.009,0.0085,0.9915,0.0085,0.003,34521.21,26574.29,34036.36,0,2026-09-13T23:05:00Z,2026-10-04T00:00:00Z,2026-10-04T00:00:00Z,,,,structured,,,,,,,,2026-09-17T17:14:02+00:00,https://kalshi.com/markets/kxpgatour/pga-tour/kxpgatour-bica26,True
kalshi,SENATEIA-26-D,https://kalshi.com/markets/senateia/iowa-senate-race,Will Democratics win the Senate race in Iowa?,Josh Turek,SENATEIA-26,Iowa Senate winner?,SENATEIA,Iowa Senate race,Elections,"[""Senate""]",open,binary,0.39,0.4,0.4,0.395,0.605,0.395,0.01,1613299.53,26563.91,923428.99,0,2024-12-03T15:00:00Z,2027-11-03T15:00:00Z,2027-11-03T15:00:00Z,,,,structured,,,,,,,,2026-09-17T17:14:47+00:00,https://kalshi.com/markets/senateia/iowa-senate-race/senateia-26,True
kalshi,KXPGAR1LEAD-BICA26-CVIL,https://kalshi.com/markets/kxpgar1lead/pga-round-1-leader,Camilo Villegas leads at the end of Round 1,Camilo Villegas,KXPGAR1LEAD-BICA26,Biltmore Championship Asheville End of Round 1 Leader,KXPGAR1LEAD,PGA Round 1 Leader,Sports,"[""Golf""]",open,binary,0,0.009,0.002,0.0045,0.9955,0.0045,0.009,32121.27,26549.17,32121.27,0,2026-09-14T00:10:00Z,2026-10-04T00:00:00Z,2026-10-04T00:00:00Z,,,,structured,,,,,,,,2026-09-17T17:14:02+00:00,https://kalshi.com/markets/kxpgar1lead/pga-round-1-leader/kxpgar1lead-bica26,True
polymarket,0x732210d12b35d1f9917e4d3c3511f3e1a2539f2e59c6ce6afb079509c4c44cfd,https://polymarket.com/event/uel-lil1-ut-2026-09-17/uel-lil1-ut-2026-09-17-lil1,Will Lillestrøm SK win on 2026-09-17?,Lillestrøm SK,965740,Lillestrøm SK vs. SC União Torreense,uel-lil1-ut-2026-09-17,Lillestrøm SK vs. SC União Torreense,,[],open,binary,0.59,0.6,0.6,0.595,0.405,0.595,0.01,26930.359748000003,26487.125009000003,,224145.3204,2026-09-04T18:30:31Z,2026-09-17T19:00:00Z,2026-09-17T19:00:00Z,,,,,,,,-4,"[""Yes"", ""No""]","[0.595, 0.405]",55004841813955003794212070254711906393610134442634392932780138944158027192255,2026-09-17T17:13:45+00:00,,
kalshi,KXBALLONDOR-26-LYAM,https://kalshi.com/markets/kxballondor/ballon-d-or,Who will win the Ballon d'Or in 2026?,Lamine Yamal,KXBALLONDOR-26,Who will win the Ballon d'Or in 2026?,KXBALLONDOR,Ballon d'Or,Sports,"[""Soccer""]",open,binary,0.21,0.23,0.23,0.22,0.78,0.22,0.02,1082997.52,26486.26,596309.33,0,2026-01-24T01:00:00Z,2026-12-31T04:59:00Z,2027-12-31T15:00:00Z,,,,custom,,,,,,,,2026-09-17T17:14:44+00:00,https://kalshi.com/markets/kxballondor/ballon-d-or/kxballondor-26,True
polymarket,0x80ebf0a88a44bf737d4047b3accd7108285c69b84257e5c684bdc4c715c81139,https://polymarket.com/event/will-the-us-invade-cuba-in-2026/will-the-us-invade-cuba-in-2026,Will the U.S. invade Cuba in 2026?,,143691,Will the U.S. invade Cuba in 2026?,will-the-us-invade-cuba-in-2026,Will the U.S. invade Cuba in 2026?,,[],open,binary,0.06,0.07,0.07,0.065,0.935,0.065,0.01,3350854.622548002,26459.983021000004,,90582.373,2026-01-04T20:24:56.946148Z,2027-01-01T04:59:00Z,2027-01-01T04:59:00Z,,,,,,,,,"[""Yes"", ""No""]","[0.065, 0.935]",1291454874125024564913411658636854434792972068510027777552181749936579562639,2026-09-17T17:13:45+00:00,,
kalshi,KXPGATOUR-BICA26-ISAL,https://kalshi.com/markets/kxpgatour/pga-tour,Will Isaiah Salinda win the Biltmore Championship Asheville?,Isaiah Salinda,KXPGATOUR-BICA26,Biltmore Championship Asheville Winner,KXPGATOUR,PGA Tour,Sports,"[""Golf""]",open,binary,0,0.002,0.005,0.001,0.999,0.001,0.002,43273.15,26416.15,43273.15,0,2026-09-13T23:05:00Z,2026-10-04T00:00:00Z,2026-10-04T00:00:00Z,,,,structured,,,,,,,,2026-09-17T17:14:02+00:00,https://kalshi.com/markets/kxpgatour/pga-tour/kxpgatour-bica26,True
polymarket,0x7a8e3676595034c9812cfaa5467e78b4b56c9b66113ab083d2ac28a58564644d,https://polymarket.com/event/wta-sobolie-samson-2026-09-17/wta-sobolie-samson-2026-09-17,Ljubljana: Anastasiia Sobolieva vs Laura Samson,,1033796,Ljubljana: Anastasiia Sobolieva vs Laura Samson,wta-sobolie-samson-2026-09-17,Ljubljana: Anastasiia Sobolieva vs Laura Samson,,[],open,binary,0.45,0.46,0.46,0.455,0.545,0.455,0.01,26372.0763,26372.076299999993,,70750.58,2026-09-16T16:14:16Z,2026-09-24T08:00:00Z,2026-09-24T08:00:00Z,,,,,,,,0.5,"[""Anastasiia Sobolieva"", ""Laura Samson""]","[0.455, 0.545]",104409437013211037050766532808722265409689726374364101268024481427345347317883,2026-09-17T17:13:45+00:00,,
polymarket,0x7a78090d0039d5e694512bd5e1045e480c94b55c160e01a52a92321a4dc2f636,https://polymarket.com/event/what-price-will-bitcoin-hit-on-september-17-2026/will-bitcoin-dip-to-75k-on-september-17-2026,"Will Bitcoin dip to $75,000 on September 17?","↓ 75,000",1036389,What price will Bitcoin hit on September 17?,what-price-will-bitcoin-hit-on-september-17-2026,What price will Bitcoin hit on September 17?,,[],open,binary,0.021,0.029,0.029,0.025,0.975,0.025,0.008,26107.077271000002,26287.04786,,27149.45629,2026-09-17T04:00:15Z,2026-09-18T04:00:00Z,2026-09-18T04:00:00Z,,,,,,,,,"[""Yes"", ""No""]","[0.025, 0.975]",3815069642020357475721348340311849139519756114441299413638855644501890279444,2026-09-17T17:13:45+00:00,,
kalshi,KXGAMBLINGREPEAL-26JAN-27,https://kalshi.com/markets/kxgamblingrepeal/gambling-repeal,"Will bill that removes/changes the gambling tax provision in the One Big Beautiful Bill Act (""OBBB"") becomes law before Jan 1, 2027?",Before 2027,KXGAMBLINGREPEAL-26JAN,Will the cap on gambling loss reduction be repealed?,KXGAMBLINGREPEAL,Gambling Repeal,Politics,"[""Congress""]",open,binary,0.3,0.31,0.31,0.305,0.695,0.305,0.01,347802.31,26214.31,121184.87,0,2025-11-25T02:00:00Z,2027-01-01T15:00:00Z,2027-01-01T15:00:00Z,,,,custom,,,,,,,,2026-09-17T17:14:46+00:00,https://kalshi.com/markets/kxgamblingrepeal/gambling-repeal/kxgamblingrepeal-26jan,True
kalshi,KXPGATOUR-BICA26-BVAL,https://kalshi.com/markets/kxpgatour/pga-tour,Will Brendan Valdes win the Biltmore Championship Asheville?,Brendan Valdes,KXPGATOUR-BICA26,Biltmore Championship Asheville Winner,KXPGATOUR,PGA Tour,Sports,"[""Golf""]",open,binary,0,0.002,0.001,0.001,0.999,0.001,0.002,46132.67,26208.85,46132.67,0,2026-09-13T23:05:00Z,2026-10-04T00:00:00Z,2026-10-04T00:00:00Z,,,,structured,,,,,,,,2026-09-17T17:14:02+00:00,https://kalshi.com/markets/kxpgatour/pga-tour/kxpgatour-bica26,True
kalshi,KXDANCINGWITHTHESTARS-26DEC31-CWOO,https://kalshi.com/markets/kxdancingwiththestars/who-will-win-dancing-with-the-stars,Will Connor Wood win Dancing with the Stars Season 35?,Connor Wood,KXDANCINGWITHTHESTARS-26DEC31,Dancing with the Stars Season 35 · Winner,KXDANCINGWITHTHESTARS,Who will win dancing with the stars?,Entertainment,"[""Television"", ""Dancing with the Stars""]",open,binary,0.03,0.04,0.04,0.035,0.965,0.035,0.01,103125.18,26198.31,83146.29,0,2026-09-02T16:08:00Z,2027-01-07T15:00:00Z,2027-01-07T15:00:00Z,,,,custom,,,,,,,,2026-09-17T17:14:14+00:00,https://kalshi.com/markets/kxdancingwiththestars/who-will-win-dancing-with-the-stars/kxdancingwiththestars-26dec31,True
kalshi,KXMAYORLA-26-NRAM,https://kalshi.com/markets/kxmayorla/la,Who will win Los Angeles Mayoral Election?,Nithya Raman,KXMAYORLA-26,Los Angeles Mayor winner?,KXMAYORLA,LA,Elections,"[""US Elections"", ""Other US Elections""]",open,binary,0.38,0.39,0.38,0.385,0.615,0.385,0.01,16416941.07,26194.65,5603324.86,0,2026-02-07T22:00:00Z,2027-06-02T14:00:00Z,2027-06-02T14:00:00Z,,,,custom,,,,,,,,2026-09-17T17:14:44+00:00,https://kalshi.com/markets/kxmayorla/la/kxmayorla-26,True
kalshi,KXTRUMPUFC-26SEP-DJT,https://kalshi.com/markets/kxtrumpufc/trump-attend-another-ufc-event-this-year,Will Donald Trump attend UFC 331?,Yes,KXTRUMPUFC-26SEP,Will Donald Trump attend UFC 331?,KXTRUMPUFC,Trump attend another UFC event this year,Politics,"[""Trump""]",open,binary,0,0.01,0.02,0.005,0.995,0.005,0.01,258568.23,26157.04,142492.19,0,2026-08-03T16:00:00Z,2026-09-20T14:00:00Z,2026-09-20T14:00:00Z,,,,,,,,,,,,2026-09-17T17:14:25+00:00,https://kalshi.com/markets/kxtrumpufc/trump-attend-another-ufc-event-this-year/kxtrumpufc-26sep,True
polymarket,0xe62ab836381dd820968f6b58ab546958aaa63de184c48bc6e0522d551807e1b1,https://polymarket.com/event/how-many-seats-will-united-russia-win-in-the-next-russian-legislative-election/will-united-russia-win-between-325-and-339-seats-in-the-next-russian-state-duma-election,Will United Russia win between 325 and 339 seats in the next Russian State Duma election?,325–339,147974,United Russia seats in the next Russian legislative election?,how-many-seats-will-united-russia-win-in-the-next-russian-legislative-election,United Russia seats in the next Russian legislative election?,,[],open,binary,0.42,0.43,0.42,0.425,0.575,0.425,0.01,99919.36443599999,26138.048679,,104458.6509,2026-01-07T22:34:35.68907Z,2026-09-20T00:00:00Z,2026-09-20T00:00:00Z,,,,,,,,,"[""Yes"", ""No""]","[0.425, 0.575]",36654380138980286408755216940812345632701505883007076173124647888379931416486,2026-09-17T17:13:45+00:00,,
kalshi,KXNFLTD-26SEP17DETBUF-BUFJCOOK4-2,https://kalshi.com/markets/kxnfltd/pro-football-touchdowns,James Cook III: 2+ touchdowns,James Cook III: 2+,KXNFLTD-26SEP17DETBUF,Detroit vs Buffalo: Touchdowns,KXNFLTD,Pro Football Touchdowns,Sports,"[""Football""]",open,binary,0.19,0.2,0.19,0.195,0.805,0.195,0.01,32793.45,26137.86,31921.32,0,2026-09-15T18:14:00Z,2026-09-20T00:15:00Z,2026-09-20T00:15:00Z,,,,greater,1.5,,,,,,,2026-09-17T17:13:53+00:00,https://kalshi.com/markets/kxnfltd/pro-football-touchdowns/kxnfltd-26sep17detbuf,True
polymarket,0xa4ddc18895cc7b14810283ef8f113939abffd3969c6a0e37f1897110c67e6f73,https://polymarket.com/event/hantavirus-pandemic-in-2026/hantavirus-pandemic-in-2026,Hantavirus pandemic in 2026?,,448037,Hantavirus pandemic in 2026?,hantavirus-pandemic-in-2026,Hantavirus pandemic in 2026?,,[],open,binary,0.026,0.027,0.026,0.0265,0.9735,0.0265,0.001,18271117.47693406,26122.932475999998,,165576.65333,2026-05-04T14:28:59.402583Z,2027-01-01T04:59:00Z,2027-01-01T04:59:00Z,,,,,,,,0.1,"[""Yes"", ""No""]","[0.0265, 0.9735]",51508280778202349361616850684455231843716212176724253736363122559269229712002,2026-09-17T17:13:45+00:00,,
polymarket,0xd82a1b4dd8944a9bb64e0b87ba007d1467717991fef44630644b42057b95676f,https://polymarket.com/event/uel-cel-ftc-2026-09-17/uel-cel-ftc-2026-09-17-cel,Will Celtic FC win on 2026-09-17?,Celtic FC,965734,Celtic FC vs. Ferencvárosi TC,uel-cel-ftc-2026-09-17,Celtic FC vs. Ferencvárosi TC,,[],open,binary,0.57,0.58,0.58,0.575,0.425,0.575,0.01,32794.88862000001,26111.740904999995,,268265.5791,2026-09-04T18:30:28Z,2026-09-17T19:00:00Z,2026-09-17T19:00:00Z,,,,,,,,1,"[""Yes"", ""No""]","[0.575, 0.425]",48884755867565013642322035002099149033584997389989865818995800853669472489286,2026-09-17T17:13:45+00:00,,
kalshi,KXHIGHLAX-26SEP17-B75.5,https://kalshi.com/markets/kxhighlax/highest-temperature-in-los-angeles,"Will the maximum temperature be 75-76° on Sep 17, 2026?",75° to 76°,KXHIGHLAX-26SEP17,"Highest temperature in Los Angeles on Sep 17, 2026?",KXHIGHLAX,Highest temperature in Los Angeles,Climate and Weather,"[""Daily temperature""]",open,binary,0.52,0.55,0.55,0.535,0.465,0.535,0.03,26320.93,26059.48,19052.12,0,2026-09-16T14:00:00Z,2026-09-18T08:00:00Z,2026-09-24T14:00:00Z,,,,between,75,76,CLILAX,,,,,2026-09-17T17:13:50+00:00,https://kalshi.com/markets/kxhighlax/highest-temperature-in-los-angeles/kxhighlax-26sep17,True
kalshi,KXPGATOUR-BICA26-TDUN,https://kalshi.com/markets/kxpgatour/pga-tour,Will Tyler Duncan win the Biltmore Championship Asheville?,Tyler Duncan,KXPGATOUR-BICA26,Biltmore Championship Asheville Winner,KXPGATOUR,PGA Tour,Sports,"[""Golf""]",open,binary,0,0.001,0.001,0.0005,0.9995,0.0005,0.001,29566.85,26055.39,29566.85,0,2026-09-13T23:05:00Z,2026-10-04T00:00:00Z,2026-10-04T00:00:00Z,,,,structured,,,,,,,,2026-09-17T17:14:02+00:00,https://kalshi.com/markets/kxpgatour/pga-tour/kxpgatour-bica26,True
kalshi,KXEGYPLGAME-26SEP16ENPPYR-ENP,https://kalshi.com/markets/kxegyplgame/egyptian-premier-league-game,Enppi wins,Enppi,KXEGYPLGAME-26SEP16ENPPYR,Enppi vs Pyramids,KXEGYPLGAME,Egyptian Premier League Game,Sports,"[""Soccer""]",open,binary,0.09,0.1,0.1,0.095,0.905,0.095,0.01,26591.87,26043.23,24255.73,0,2026-09-12T00:37:00Z,2026-09-18T17:00:00Z,2026-09-18T17:00:00Z,,,,structured,,,,,,,,2026-09-17T17:14:05+00:00,https://kalshi.com/markets/kxegyplgame/egyptian-premier-league-game/kxegyplgame-26sep16enppyr,True
kalshi,KXNFLTD-26SEP17DETBUF-DETJGIBBS0-2,https://kalshi.com/markets/kxnfltd/pro-football-touchdowns,Jahmyr Gibbs: 2+ touchdowns,Jahmyr Gibbs: 2+,KXNFLTD-26SEP17DETBUF,Detroit vs Buffalo: Touchdowns,KXNFLTD,Pro Football Touchdowns,Sports,"[""Football""]",open,binary,0.31,0.32,0.32,0.315,0.685,0.315,0.01,33404.93,26015.34,32566.17,0,2026-09-15T18:15:00Z,2026-09-20T00:15:00Z,2026-09-20T00:15:00Z,,,,greater,1.5,,,,,,,2026-09-17T17:13:53+00:00,https://kalshi.com/markets/kxnfltd/pro-football-touchdowns/kxnfltd-26sep17detbuf,True
kalshi,KXCS2GAME-26SEP171000GLMZP-GL,https://kalshi.com/markets/kxcs2game/counter-strike-2-game,GamerLegion wins,GamerLegion,KXCS2GAME-26SEP171000GLMZP,GamerLegion vs. Metizport,KXCS2GAME,Counter-Strike 2 Game,Sports,"[""Esports""]",open,binary,0.02,0.03,0.06,0.025,0.975,0.025,0.01,27645.73,25944.08,16011.86,0,2026-09-15T00:05:00Z,2026-09-19T14:00:00Z,2026-09-19T14:00:00Z,,,,structured,,,,,,,,2026-09-17T17:13:56+00:00,https://kalshi.com/markets/kxcs2game/counter-strike-2-game/kxcs2game-26sep171000glmzp,True
kalshi,KXHIGHNY-26SEP17-B80.5,https://kalshi.com/markets/kxhighny/highest-temperature-in-nyc,"Will the maximum temperature be 80-81° on Sep 17, 2026?",80° to 81°,KXHIGHNY-26SEP17,"Highest temperature in New York City on Sep 17, 2026?",KXHIGHNY,Highest temperature in NYC,Climate and Weather,"[""Daily temperature""]",open,binary,0,0.01,0.01,0.005,0.995,0.005,0.01,26429.7,25917.02,14686.36,0,2026-09-16T14:00:00Z,2026-09-18T05:00:00Z,2026-09-24T14:00:00Z,,,,between,80,81,CLINYC,,,,,2026-09-17T17:13:50+00:00,https://kalshi.com/markets/kxhighny/highest-temperature-in-nyc/kxhighny-26sep17,True
kalshi,KXPGAR1LEAD-BICA26-JPAR,https://kalshi.com/markets/kxpgar1lead/pga-round-1-leader,John Parry leads at the end of Round 1,John Parry,KXPGAR1LEAD-BICA26,Biltmore Championship Asheville End of Round 1 Leader,KXPGAR1LEAD,PGA Round 1 Leader,Sports,"[""Golf""]",open,binary,0,0.021,0.001,0.0105,0.9895,0.0105,0.021,31382.45,25896.68,27728.08,0,2026-09-14T00:10:00Z,2026-10-04T00:00:00Z,2026-10-04T00:00:00Z,,,,structured,,,,,,,,2026-09-17T17:14:02+00:00,https://kalshi.com/markets/kxpgar1lead/pga-round-1-leader/kxpgar1lead-bica26,True
kalshi,KXSILVER15M-26SEP171315-15,https://kalshi.com/markets/kxsilver15m/silver-15-minute,Silver price up in next 15 mins?,Target Price: $65.711,KXSILVER15M-26SEP171315,Silver 15 min · $65.711 target,KXSILVER15M,Silver 15-minute,Commodities,"[""Metals""]",open,binary,0.994,0.997,0.997,0.9955,0.0045,0.9955,0.003,35897.8,25849.76,15600.73,0,2026-09-17T17:00:00Z,2026-09-17T17:15:00Z,2026-09-24T17:15:00Z,,,,greater_or_equal,65.711,,,,,,,2026-09-17T17:13:49+00:00,https://kalshi.com/markets/kxsilver15m/silver-15-minute/kxsilver15m-26sep171315,True
kalshi,KXDPWORLDTOUR-BMPC26-SCRO,https://kalshi.com/markets/kxdpworldtour/dp-world-tour-tournament-winner,Will Sean Crocker win the BMW PGA Championship?,Sean Crocker,KXDPWORLDTOUR-BMPC26,BMW PGA Championship Winner,KXDPWORLDTOUR,DP World Tour Tournament Winner,Sports,"[""Golf""]",open,binary,0.001,0.003,0.003,0.002,0.998,0.002,0.002,39881.3,25842.23,39881.3,0,2026-09-12T12:00:00Z,2026-10-04T00:00:00Z,2026-10-04T00:00:00Z,,,,structured,,,,,,,,2026-09-17T17:14:05+00:00,https://kalshi.com/markets/kxdpworldtour/dp-world-tour-tournament-winner/kxdpworldtour-bmpc26,True
kalshi,KXWTI-26SEP1714-T98.49,https://kalshi.com/markets/kxwti/wti-oil-on-day,"Will the WTI crude oil settlement price be above 98.49 USD/Bbl on Sep 17, 2026?",Above $98.49,KXWTI-26SEP1714,"Oil Price (WTI) on Sep 17, 2026?",KXWTI,WTI oil on day,Commodities,"[""Oil & Gas""]",open,binary,0.07,0.08,0.08,0.075,0.925,0.075,0.01,30478.99,25689.67,18780.92,0,2026-09-15T23:30:00Z,2026-09-17T18:30:00Z,2026-09-24T19:30:00Z,,,,greater,98.49,,,,,,,2026-09-17T17:13:53+00:00,https://kalshi.com/markets/kxwti/wti-oil-on-day/kxwti-26sep1714,True
polymarket,0xc8f1cf5d4f26e0fd9c8fe89f2a7b3263b902cf14fde7bfccef525753bb492e47,https://polymarket.com/event/democratic-presidential-nominee-2028/will-stephen-a-smith-win-the-2028-democratic-presidential-nomination-914,Will Stephen A. Smith win the 2028 Democratic presidential nomination?,Stephen A. Smith,30829,Democratic Presidential Nominee 2028,democratic-presidential-nominee-2028,Democratic Presidential Nominee 2028,,[],open,binary,0.001,0.002,0.002,0.0015,0.9985,0.0015,0.001,23037825.05368899,25653.215,,1911895.96859,2025-07-11T18:36:02.893Z,2028-11-07T00:00:00Z,2028-11-07T00:00:00Z,,,,,,,,,"[""Yes"", ""No""]","[0.0015, 0.9985]",60590045489347122735554346200880179420435533609307820342798544098823516727807,2026-09-17T17:13:45+00:00,,
polymarket,0xc9d27d66561870f710013bb09024965907a7c2976dd73062e35b242f866aed2e,https://polymarket.com/event/wnba-phx-por-2026-09-17/wnba-phx-por-2026-09-17,Phoenix Mercury vs. Portland Fire,,962995,Phoenix Mercury vs. Portland Fire,wnba-phx-por-2026-09-17,Phoenix Mercury vs. Portland Fire,,[],open,binary,0.59,0.6,0.6,0.595,0.405,0.595,0.01,46400.851839999996,25651.888708,,90092.2105,2026-09-04T05:48:19Z,2026-09-18T02:00:00Z,2026-09-18T02:00:00Z,,,,,,,,10,"[""Phoenix Mercury"", ""Portland Fire""]","[0.595, 0.405]",23858611084939288470920405086446159938934780602589278364578801553701609156722,2026-09-17T17:13:45+00:00,,
polymarket,0x6123b5cc75c38ba9783f6c8ea260107b546c7d3454a8f9b5280c9921cc39f3d9,https://polymarket.com/event/bitcoin-all-time-high-by/bitcoin-all-time-high-by-september-30-2026,"Bitcoin all time high by September 30, 2026?","September 30, 2026",106811,Bitcoin all time high by ___?,bitcoin-all-time-high-by,Bitcoin all time high by ___?,,[],open,binary,0.001,0.002,0.001,0.0015,0.9985,0.0015,0.001,1457717.2725420005,25638.68,,119641.48357,2025-12-16T15:55:10.21Z,2026-10-01T03:59:00Z,2026-10-01T03:59:00Z,,,,,,,,-0.15,"[""Yes"", ""No""]","[0.0015, 0.9985]",50388900663189748675936681554126016850520413670342348778716337126803310768728,2026-09-17T17:13:45+00:00,,
kalshi,KXUSAIRANAGREEMENT-27-26NOV,https://kalshi.com/markets/kxusairanagreement/us-iran-nuclear-deal,Will the US agree to a new Iranian nuclear deal this year?,"Before Nov 1, 2026",KXUSAIRANAGREEMENT-27,US-Iran nuclear deal?,KXUSAIRANAGREEMENT,US Iran nuclear deal,Politics,"[""Iran""]",open,binary,0.02,0.03,0.02,0.025,0.975,0.025,0.01,361334.44,25607.16,211773.2,0,2026-05-21T15:00:00Z,2026-11-01T15:00:00Z,2026-11-01T15:00:00Z,,,,,,,,,,,,2026-09-17T17:14:35+00:00,https://kalshi.com/markets/kxusairanagreement/us-iran-nuclear-deal/kxusairanagreement-27,True
kalshi,KXNFLNFCEAST-27-PHI,https://kalshi.com/markets/kxnflnfceast/national-football-conference-east-winner,Will Philadelphia win the Pro Football NFC East Division?,Philadelphia,KXNFLNFCEAST-27,NFC East Division Winner,KXNFLNFCEAST,National Football Conference East Winner,Sports,"[""Football""]",open,binary,0.52,0.53,0.53,0.525,0.475,0.525,0.01,497209.52,25592.79,327808.09,0,2026-02-10T15:00:00Z,2027-01-25T15:00:00Z,2027-01-25T15:00:00Z,,,,structured,,,,,,,,2026-09-17T17:14:44+00:00,https://kalshi.com/markets/kxnflnfceast/national-football-conference-east-winner/kxnflnfceast-27,True
kalshi,KXMLBAL-26-CLE,https://kalshi.com/markets/kxmlbal/mlb-american-league-championship,Will Cleveland win the 2026 Pro Baseball American League Championship?,Cleveland,KXMLBAL-26,American League Champion,KXMLBAL,MLB American League Championship,Sports,"[""Baseball""]",open,binary,0.11,0.12,0.12,0.115,0.885,0.115,0.01,413663.69,25589.19,276098.72,0,2025-12-17T15:00:00Z,2028-10-31T04:00:00Z,2028-10-31T04:00:00Z,,,,structured,,,,,,,,2026-09-17T17:14:46+00:00,https://kalshi.com/markets/kxmlbal/mlb-american-league-championship/kxmlbal-26,True
kalshi,KXNFLGAME-26SEP20NOBAL-NO,https://kalshi.com/markets/kxnflgame/professional-football-game,New Orleans wins,New Orleans,KXNFLGAME-26SEP20NOBAL,NO Saints vs BAL Ravens,KXNFLGAME,Professional Football Game,Sports,"[""Football""]",open,binary,0.21,0.22,0.22,0.215,0.785,0.215,0.01,96593.2,25561.86,83025.44,0,2026-08-25T15:33:00Z,2026-09-22T17:00:00Z,2026-09-22T17:00:00Z,,,,structured,,,,,,,,2026-09-17T17:14:18+00:00,https://kalshi.com/markets/kxnflgame/professional-football-game/kxnflgame-26sep20nobal,True
kalshi,KXBTCMAXMON-BTC-26SEP30-8750000,https://kalshi.com/markets/kxbtcmaxmon/bitcoin-monthly-one-touch,"Will BTC trimmed mean be above $87500.00 by 11:59 PM ET on Sep 30, 2026?","Above $87,500.00",KXBTCMAXMON-BTC-26SEP30,How high will BTC get in September?,KXBTCMAXMON,Bitcoin monthly one touch,Crypto,"[""BTC""]",open,binary,0.08,0.09,0.07,0.085,0.915,0.085,0.01,332749.53,25533.27,174758.97,0,2026-09-01T04:10:00Z,2026-10-01T03:59:59Z,2026-10-08T03:59:59Z,,,,greater,87500,,,,,,,2026-09-17T17:14:15+00:00,https://kalshi.com/markets/kxbtcmaxmon/bitcoin-monthly-one-touch/kxbtcmaxmon-btc-26sep30,True
kalshi,KXMLBHR-26SEP171235MILPIT-MILJCHOURIO11-1,https://kalshi.com/markets/kxmlbhr/pro-baseball-home-runs,Jackson Chourio: 1+ home runs?,Jackson Chourio: 1+,KXMLBHR-26SEP171235MILPIT,Milwaukee vs Pittsburgh: Home Runs,KXMLBHR,Pro Baseball Home Runs,Sports,"[""Baseball""]",open,binary,0.13,0.14,0.14,0.135,0.865,0.135,0.01,25533.05,25533.05,25532.8,0,2026-09-17T03:40:00Z,2026-09-20T16:35:00Z,2026-09-20T16:35:00Z,,,,greater,0.5,,,,,,,2026-09-17T17:13:47+00:00,https://kalshi.com/markets/kxmlbhr/pro-baseball-home-runs/kxmlbhr-26sep171235milpit,True
kalshi,KXSB-27-GB,https://kalshi.com/markets/kxsb/super-bowl,Will Green Bay win the 2027 Pro Football Championship?,Green Bay,KXSB-27,2027 Pro Football Champion,KXSB,Super Bowl,Sports,"[""Football""]",open,binary,0.02,0.03,0.03,0.025,0.975,0.025,0.01,2766718.93,25521.43,2289128.86,0,2026-02-08T20:00:00Z,2029-02-13T23:30:00Z,2029-02-13T23:30:00Z,,,,structured,,,,,,,,2026-09-17T17:14:44+00:00,https://kalshi.com/markets/kxsb/super-bowl/kxsb-27,True
kalshi,KXNFLTEAMSACK-26SEP17DETBUF-BUF3,https://kalshi.com/markets/kxnflteamsack/pro-football-team-sacks,Buffalo: 3+ sacks,Buffalo: 3+,KXNFLTEAMSACK-26SEP17DETBUF,Detroit vs Buffalo: Team Sacks,KXNFLTEAMSACK,Pro Football Team Sacks,Sports,"[""Football""]",open,binary,0.43,0.5,0.5,0.465,0.535,0.465,0.07,25594,25512.33,25454.11,0,2026-09-15T00:40:00Z,2026-09-20T00:15:00Z,2026-09-20T00:15:00Z,,,,greater,2.5,,,,,,,2026-09-17T17:13:55+00:00,https://kalshi.com/markets/kxnflteamsack/pro-football-team-sacks/kxnflteamsack-26sep17detbuf,True
kalshi,KXMLBNL-26-CHC,https://kalshi.com/markets/kxmlbnl/mlb-national-league-championship,Will Chicago C win the 2026 Pro Baseball National League Championship?,Chicago C,KXMLBNL-26,National League Champion,KXMLBNL,MLB National League Championship,Sports,"[""Baseball""]",open,binary,0.09,0.11,0.1,0.1,0.9,0.1,0.02,392227.89,25471.6,282549.1,0,2025-12-17T15:00:00Z,2028-10-31T04:00:00Z,2028-10-31T04:00:00Z,,,,structured,,,,,,,,2026-09-17T17:14:46+00:00,https://kalshi.com/markets/kxmlbnl/mlb-national-league-championship/kxmlbnl-26,True
kalshi,KXNFLTD-26SEP20MINCHI-CHICWILLIAMS18-1,https://kalshi.com/markets/kxnfltd/pro-football-touchdowns,Caleb Williams: 1+ touchdowns,Caleb Williams: 1+,KXNFLTD-26SEP20MINCHI,Minnesota vs Chicago: Touchdowns,KXNFLTD,Pro Football Touchdowns,Sports,"[""Football""]",open,binary,0.23,0.24,0.24,0.235,0.765,0.235,0.01,27583.24,25448.12,27531.08,0,2026-09-16T01:15:00Z,2026-09-22T17:00:00Z,2026-09-22T17:00:00Z,,,,greater,0.5,,,,,,,2026-09-17T17:13:52+00:00,https://kalshi.com/markets/kxnfltd/pro-football-touchdowns/kxnfltd-26sep20minchi,True
kalshi,KXDPWORLDTOUR-BMPC26-MSTE,https://kalshi.com/markets/kxdpworldtour/dp-world-tour-tournament-winner,BMW PGA Championship: Maximilian Steinlechner wins,Maximilian Steinlechner,KXDPWORLDTOUR-BMPC26,BMW PGA Championship Winner,KXDPWORLDTOUR,DP World Tour Tournament Winner,Sports,"[""Golf""]",open,binary,0,0.002,0.005,0.001,0.999,0.001,0.002,40453.38,25380.48,40453.38,0,2026-09-14T16:10:00Z,2026-10-04T00:00:00Z,2026-10-04T00:00:00Z,,,,structured,,,,,,,,2026-09-17T17:13:59+00:00,https://kalshi.com/markets/kxdpworldtour/dp-world-tour-tournament-winner/kxdpworldtour-bmpc26,True
kalshi,KXNFLAFCCHAMP-27-HOU,https://kalshi.com/markets/kxnflafcchamp/american-football-conference-champion,Will Houston win the Pro Football AFC Championship?,Houston,KXNFLAFCCHAMP-27,AFC Championship Winner,KXNFLAFCCHAMP,American Football Conference Champion,Sports,"[""Football""]",open,binary,0.07,0.08,0.07,0.075,0.925,0.075,0.01,815867.37,25307.36,554786.2,0,2026-02-07T15:00:00Z,2027-02-22T15:00:00Z,2027-02-22T15:00:00Z,,,,structured,,,,,,,,2026-09-17T17:14:44+00:00,https://kalshi.com/markets/kxnflafcchamp/american-football-conference-champion/kxnflafcchamp-27,True
polymarket,0xf342b35550e4ff27035b3c2f81cc2f03a16f36b840c0c3615f32b7c6a567aea9,https://polymarket.com/event/us-iran-hormuz-agreement-byptptpt-20260803235957575/us-iran-hormuz-agreement-by-september-15,US-Iran Hormuz Agreement by September 15?,September 15,794064,US-Iran Hormuz Agreement by...?,us-iran-hormuz-agreement-byptptpt-20260803235957575,US-Iran Hormuz Agreement by...?,,[],open,binary,,0.005,0.005,0.0025,0.9975,0.0025,0.005,279494.3966239999,25300.432000000004,,29416.07917,2026-08-18T16:20:54.395118Z,2026-09-16T03:59:00Z,2026-09-16T03:59:00Z,,,,,,,,0.2,"[""Yes"", ""No""]","[0.0025, 0.9975]",3937726183724121397938767335168339674393355059024923317120625910960723572093,2026-09-17T17:13:45+00:00,,
kalshi,KXPGAR1LEAD-BICA26-ZBLA,https://kalshi.com/markets/kxpgar1lead/pga-round-1-leader,Zac Blair leads at the end of Round 1,Zac Blair,KXPGAR1LEAD-BICA26,Biltmore Championship Asheville End of Round 1 Leader,KXPGAR1LEAD,PGA Round 1 Leader,Sports,"[""Golf""]",open,binary,0,0.01,0.012,0.005,0.995,0.005,0.01,42029.31,25247.17,42029.31,0,2026-09-14T00:10:00Z,2026-10-04T00:00:00Z,2026-10-04T00:00:00Z,,,,structured,,,,,,,,2026-09-17T17:14:02+00:00,https://kalshi.com/markets/kxpgar1lead/pga-round-1-leader/kxpgar1lead-bica26,True
polymarket,0x55e79d9b1c30de71f11bf086735835345b86fea6dadd022fdff6986c19b85ecf,https://polymarket.com/event/cricetpl-rot-dub-2026-09-17/cricetpl-rot-dub-2026-09-17,European T20 Premier League: Rotterdam Dockers vs Dublin Guardians,,1000043,European T20 Premier League: Rotterdam Dockers vs Dublin Guardians,cricetpl-rot-dub-2026-09-17,European T20 Premier League: Rotterdam Dockers vs Dublin Guardians,,[],open,binary,0.34,0.37,0.35,0.355,0.645,0.355,0.03,41452.16337,25238.070225999996,,81624.3179,2026-09-10T17:39:30Z,2026-09-24T09:15:00Z,2026-09-24T09:15:00Z,,,,,,,,-27,"[""Rotterdam Dockers"", ""Dublin Guardians""]","[0.355, 0.645]",51632329881373231837452981211356287247869625380282857907975037169998062670008,2026-09-17T17:13:45+00:00,,
polymarket,0xfab0c1beb24cceb043938d9b7d53b755a8743911744a72b537fbf4c75c71bc2d,https://polymarket.com/event/efl-mnc-nor-2026-09-17-more-markets/efl-mnc-nor-2026-09-17-total-3pt5,Manchester City FC vs. Norwich City FC: O/U 3.5,O/U 3.5,965736,Manchester City FC vs. Norwich City FC - More Markets,efl-mnc-nor-2026-09-17-more-markets,Manchester City FC vs. Norwich City FC - More Markets,,[],open,binary,0.5,0.51,0.51,0.505,0.495,0.505,0.01,25527.800407000002,25227.477159,,93969.9158,2026-09-04T18:31:01Z,2026-09-17T18:30:00Z,2026-09-17T18:30:00Z,,,,,,,,-5.5,"[""Over"", ""Under""]","[0.505, 0.495]",113982148566416675586181121918677104161716530759784460206210772632503318220916,2026-09-17T17:13:45+00:00,,
polymarket,0x83ee20b26f0f68496ebe58a37f60111b4adacde0e38212ada08611ceae9f4895,https://polymarket.com/event/bitcoin-above-on-september-18-2026/bitcoin-above-70k-on-september-18-2026,"Will the price of Bitcoin be above $70,000 on September 18?","70,000",1005110,Bitcoin above ___ on September 18?,bitcoin-above-on-september-18-2026,Bitcoin above ___ on September 18?,,[],open,binary,0.998,0.999,0.999,0.9985,0.0015,0.9985,0.001,39563.848097,25187.558904,,49206.77331,2026-09-11T16:00:17Z,2026-09-18T16:00:00Z,2026-09-18T16:00:00Z,,,,,,,,1.25,"[""Yes"", ""No""]","[0.9985, 0.0015]",14484864087058725670524536483763029841094730997130051659298397494660161259956,2026-09-17T17:13:45+00:00,,
kalshi,KXMLBKS-26SEP171940DETCWS-DETFVALDEZ59-5,https://kalshi.com/markets/kxmlbks/pro-baseball-strikeouts,Framber Valdez: 5+ strikeouts?,Framber Valdez: 5+,KXMLBKS-26SEP171940DETCWS,Detroit vs Chicago WS: Strikeouts,KXMLBKS,Pro Baseball Strikeouts,Sports,"[""Baseball""]",open,binary,0.49,0.5,0.49,0.495,0.505,0.495,0.01,25176.89,25176.89,25166.26,0,2026-09-17T02:55:00Z,2026-09-20T23:40:00Z,2026-09-20T23:40:00Z,,,,greater,4.5,,,,,,,2026-09-17T17:13:47+00:00,https://kalshi.com/markets/kxmlbks/pro-baseball-strikeouts/kxmlbks-26sep171940detcws,True
kalshi,KXRAIN-26SEP17-PHIL,https://kalshi.com/markets/kxrain/where-will-it-rain-daily,"Will it rain in Philadelphia on Sep 17, 2026?",Philadelphia,KXRAIN-26SEP17,"Where will it rain on Sep 17, 2026?",KXRAIN,Where will it rain daily,Climate and Weather,"[""Snow and rain""]",open,binary,0.46,0.48,0.47,0.47,0.53,0.47,0.02,25412.8,25151.82,13359.43,0,2026-09-16T09:10:00Z,2026-09-18T05:00:00Z,2026-09-19T05:00:00Z,,,,greater,0,,,,,,,2026-09-17T17:13:51+00:00,https://kalshi.com/markets/kxrain/where-will-it-rain-daily/kxrain-26sep17,True
kalshi,KXBTCD-26SEP1717-T78249.99,https://kalshi.com/markets/kxbtcd/bitcoin-price-above-below,"Bitcoin price on Sep 17, 2026?","$78,250 or above",KXBTCD-26SEP1717,"BTC price on Sep 17, 2026 at 5pm EDT?",KXBTCD,Bitcoin price Above/below,Crypto,"[""Hourly"", ""BTC""]",open,binary,0.01,0.02,0.02,0.015,0.985,0.015,0.01,25097.6,25097.6,14037.56,0,2026-09-16T20:00:00Z,2026-09-17T21:00:00Z,2026-09-24T21:00:00Z,,,,greater,78249.99,,BRTI,,,,,2026-09-17T17:13:51+00:00,https://kalshi.com/markets/kxbtcd/bitcoin-price-above-below/kxbtcd-26sep1717,True
kalshi,KXBOXING-26OCT31CALVARMBILLI-CALVAR,https://kalshi.com/markets/kxboxing/boxing-match-champion,Canelo Alvarez wins,Canelo Alvarez,KXBOXING-26OCT31CALVARMBILLI,Canelo Alvarez vs Christian Mbilli,KXBOXING,Boxing Match Champion,Sports,"[""Boxing""]",open,binary,0.72,0.73,0.73,0.725,0.275,0.725,0.01,53610.25,25091.07,46599.75,0,2026-09-11T18:00:00Z,2026-11-15T03:00:00Z,2026-11-15T03:00:00Z,,,,structured,,,,,,,,2026-09-17T17:14:06+00:00,https://kalshi.com/markets/kxboxing/boxing-match-champion/kxboxing-26oct31calvarmbilli,True
kalshi,KXMLBHR-26SEP171235MILPIT-PITRFLORES43-1,https://kalshi.com/markets/kxmlbhr/pro-baseball-home-runs,Rafael Flores: 1+ home runs?,Rafael Flores: 1+,KXMLBHR-26SEP171235MILPIT,Milwaukee vs Pittsburgh: Home Runs,KXMLBHR,Pro Baseball Home Runs,Sports,"[""Baseball""]",open,binary,0.03,0.11,0.09,0.07,0.93,0.07,0.08,25014.02,25014.02,25013.02,0,2026-09-17T15:20:00Z,2026-09-20T16:35:00Z,2026-09-20T16:35:00Z,,,,greater,0.5,,,,,,,2026-09-17T17:13:46+00:00,https://kalshi.com/markets/kxmlbhr/pro-baseball-home-runs/kxmlbhr-26sep171235milpit,True
kalshi,KXPGAR1LEAD-BICA26-CPHI,https://kalshi.com/markets/kxpgar1lead/pga-round-1-leader,Chandler Phillips leads at the end of Round 1,Chandler Phillips,KXPGAR1LEAD-BICA26,Biltmore Championship Asheville End of Round 1 Leader,KXPGAR1LEAD,PGA Round 1 Leader,Sports,"[""Golf""]",open,binary,0,0.01,0.001,0.005,0.995,0.005,0.01,33284.18,24994.91,33280.18,0,2026-09-14T00:10:00Z,2026-10-04T00:00:00Z,2026-10-04T00:00:00Z,,,,structured,,,,,,,,2026-09-17T17:14:02+00:00,https://kalshi.com/markets/kxpgar1lead/pga-round-1-leader/kxpgar1lead-bica26,True
kalshi,KXDPWORLDTOUR-BMPC26-NVON,https://kalshi.com/markets/kxdpworldtour/dp-world-tour-tournament-winner,Will Nicolai Von Dellingshausen win the BMW PGA Championship?,Nicolai Von Dellingshausen,KXDPWORLDTOUR-BMPC26,BMW PGA Championship Winner,KXDPWORLDTOUR,DP World Tour Tournament Winner,Sports,"[""Golf""]",open,binary,0.002,0.003,0.004,0.0025,0.9975,0.0025,0.001,33851.3,24976.12,33851.3,0,2026-09-12T12:00:00Z,2026-10-04T00:00:00Z,2026-10-04T00:00:00Z,,,,structured,,,,,,,,2026-09-17T17:14:05+00:00,https://kalshi.com/markets/kxdpworldtour/dp-world-tour-tournament-winner/kxdpworldtour-bmpc26,True
kalshi,KXHIGHMIA-26SEP17-B88.5,https://kalshi.com/markets/kxhighmia/highest-temperature-in-miami,"Will the maximum temperature be 88-89° on Sep 17, 2026?",88° to 89°,KXHIGHMIA-26SEP17,"Highest temperature in Miami on Sep 17, 2026?",KXHIGHMIA,Highest temperature in Miami,Climate and Weather,"[""Daily temperature""]",open,binary,0.01,0.02,0.03,0.015,0.985,0.015,0.01,25333.9,24972.19,16061.9,0,2026-09-16T14:00:00Z,2026-09-18T05:00:00Z,2026-09-24T14:00:00Z,,,,between,88,89,CLIMIA,,,,,2026-09-17T17:13:50+00:00,https://kalshi.com/markets/kxhighmia/highest-temperature-in-miami/kxhighmia-26sep17,True
kalshi,KXBOXING-26SEP19FMAYMPAC-FMAY,https://kalshi.com/markets/kxboxing/boxing-match-champion,Floyd Mayweather Jr. vs Manny Pacquiao Winner?,Floyd Mayweather Jr.,KXBOXING-26SEP19FMAYMPAC,Mayweather vs Pacquiao,KXBOXING,Boxing Match Champion,Sports,"[""Boxing""]",open,binary,0.67,0.68,0.69,0.675,0.325,0.675,0.01,517244.2,24918.59,245396.74,0,2026-03-10T14:00:00Z,2026-10-04T02:00:00Z,2026-10-04T02:00:00Z,,,,structured,,,,,,,,2026-09-17T17:14:43+00:00,https://kalshi.com/markets/kxboxing/boxing-match-champion/kxboxing-26sep19fmaympac,True
kalshi,KXNFLRECYDS-26SEP17DETBUF-DETJGIBBS0-30,https://kalshi.com/markets/kxnflrecyds/pro-football-receiving-yards,Jahmyr Gibbs: 30+ receiving yards,Jahmyr Gibbs: 30+,KXNFLRECYDS-26SEP17DETBUF,Detroit vs Buffalo: Receiving Yards,KXNFLRECYDS,Pro Football Receiving Yards,Sports,"[""Football""]",open,binary,0.52,0.53,0.53,0.525,0.475,0.525,0.01,28212.77,24909.47,28212.77,0,2026-09-14T23:15:00Z,2026-09-20T00:15:00Z,2026-09-20T00:15:00Z,,,,greater,29.5,,,,,,,2026-09-17T17:13:56+00:00,https://kalshi.com/markets/kxnflrecyds/pro-football-receiving-yards/kxnflrecyds-26sep17detbuf,True
kalshi,KXNCAAFGAME-26SEP19STETUCD-STET,https://kalshi.com/markets/kxncaafgame/college-football-game,Stetson wins,Stetson,KXNCAAFGAME-26SEP19STETUCD,Stetson vs UC Davis,KXNCAAFGAME,College Football Game,Sports,"[""Football""]",open,binary,0,0.01,0.01,0.005,0.995,0.005,0.01,67548.65,24863.69,67135.48,0,2026-09-06T04:08:00Z,2026-09-22T02:00:00Z,2026-09-22T02:00:00Z,,,,structured,,,,,,,,2026-09-17T17:14:12+00:00,https://kalshi.com/markets/kxncaafgame/college-football-game/kxncaafgame-26sep19stetucd,True
polymarket,0x4bcb9ee94aee5f0578ccf4fb1575607183bc8274eb4c853002e0a0cb8a2236d6,https://polymarket.com/event/what-price-will-bitcoin-hit-in-september-2026/will-bitcoin-dip-to-70k-in-september-2026,"Will Bitcoin dip to $70,000 in September?","↓ 70,000",946004,What price will Bitcoin hit in September?,what-price-will-bitcoin-hit-in-september-2026,What price will Bitcoin hit in September?,,[],open,binary,0.15,0.16,0.16,0.155,0.845,0.155,0.01,342526.65371199994,24830.081964,,93103.5615,2026-09-01T05:07:17Z,2026-10-01T04:00:00Z,2026-10-01T04:00:00Z,,,,,,,,-14,"[""Yes"", ""No""]","[0.155, 0.845]",114875749498679261537403226281565687128549975073353925622245776771686358996689,2026-09-17T17:13:45+00:00,,
kalshi,KXPRESPERSON-28-JVAN,https://kalshi.com/markets/kxpresperson/pres-person,Who will win the next presidential election?,J.D. Vance,KXPRESPERSON-28,2028 U.S. Presidential Election winner?,KXPRESPERSON,Pres person,Elections,"[""2028"", ""US Elections""]",open,binary,0.22,0.23,0.23,0.225,0.775,0.225,0.01,4127620.53,24829.68,2407350.87,0,2025-05-10T14:00:00Z,2029-11-07T15:00:00Z,2029-11-07T15:00:00Z,,,,custom,,,,,,,,2026-09-17T17:14:47+00:00,https://kalshi.com/markets/kxpresperson/pres-person/kxpresperson-28,True
kalshi,KXMLBALWEST-26-TEX,https://kalshi.com/markets/kxmlbalwest/american-league-west-winner,Will Texas be the 2026 AL West Division Winner,Texas,KXMLBALWEST-26,AL West Division Winner,KXMLBALWEST,American League West Winner,Sports,"[""Baseball""]",open,binary,0.4,0.41,0.41,0.405,0.595,0.405,0.01,428737.51,24814.12,231982.87,0,2025-12-17T15:00:00Z,2026-11-15T04:00:00Z,2026-11-15T04:00:00Z,,,,structured,,,,,,,,2026-09-17T17:14:46+00:00,https://kalshi.com/markets/kxmlbalwest/american-league-west-winner/kxmlbalwest-26,True
kalshi,KXWTI15M-26SEP171315-15,https://kalshi.com/markets/kxwti15m/wti-15-minute,WTI Oil price up in next 15 mins?,Target Price: $97.21,KXWTI15M-26SEP171315,WTI Oil 15 min · $97.21 target,KXWTI15M,WTI 15-minute,Commodities,"[""Oil & Gas""]",open,binary,0.981,0.986,0.983,0.9835,0.0165,0.9835,0.005,47527.12,24796.16,18461.86,0,2026-09-17T17:00:00Z,2026-09-17T17:15:00Z,2026-09-24T17:15:00Z,,,,greater_or_equal,97.21,,,,,,,2026-09-17T17:13:49+00:00,https://kalshi.com/markets/kxwti15m/wti-15-minute/kxwti15m-26sep171315,True
kalshi,KXDPWORLDTOURR1LEAD-BMPC26-JNIE,https://kalshi.com/markets/kxdpworldtourr1lead/dp-world-tour-r1-leader,Joaquin Niemann leads at the end of Round 1,Joaquin Niemann,KXDPWORLDTOURR1LEAD-BMPC26,BMW PGA Championship End of Round 1 Leader,KXDPWORLDTOURR1LEAD,DP World Tour R1 Leader,Sports,"[""Golf""]",open,binary,0,0.64,0.001,0.32,0.68,0.32,0.64,35189.08,24789.87,34017.18,0,2026-09-14T00:10:00Z,2026-10-04T00:00:00Z,2026-10-04T00:00:00Z,,,,structured,,,,,,,,2026-09-17T17:14:02+00:00,https://kalshi.com/markets/kxdpworldtourr1lead/dp-world-tour-r1-leader/kxdpworldtourr1lead-bmpc26,True
kalshi,KXPGAR1LEAD-BICA26-ATOS,https://kalshi.com/markets/kxpgar1lead/pga-round-1-leader,Alejandro Tosti leads at the end of Round 1,Alejandro Tosti,KXPGAR1LEAD-BICA26,Biltmore Championship Asheville End of Round 1 Leader,KXPGAR1LEAD,PGA Round 1 Leader,Sports,"[""Golf""]",open,binary,0,0.003,0.007,0.0015,0.9985,0.0015,0.003,33094.68,24705.22,31707.99,0,2026-09-14T00:10:00Z,2026-10-04T00:00:00Z,2026-10-04T00:00:00Z,,,,structured,,,,,,,,2026-09-17T17:14:02+00:00,https://kalshi.com/markets/kxpgar1lead/pga-round-1-leader/kxpgar1lead-bica26,True
kalshi,KXCS2GAME-26SEP171330MIBRFURIA-MIBR,https://kalshi.com/markets/kxcs2game/counter-strike-2-game,MIBR wins,MIBR,KXCS2GAME-26SEP171330MIBRFURIA,MIBR vs. FURIA,KXCS2GAME,Counter-Strike 2 Game,Sports,"[""Esports""]",open,binary,0.38,0.39,0.39,0.385,0.615,0.385,0.01,30538.36,24552.48,30316.74,0,2026-09-15T00:05:00Z,2026-09-19T17:30:00Z,2026-09-19T17:30:00Z,,,,structured,,,,,,,,2026-09-17T17:13:56+00:00,https://kalshi.com/markets/kxcs2game/counter-strike-2-game/kxcs2game-26sep171330mibrfuria,True
kalshi,KXSERIECGAME-26SEP17CITJNG-CIT,https://kalshi.com/markets/kxseriecgame/serie-c-game,Cittadella wins,Cittadella,KXSERIECGAME-26SEP17CITJNG,Cittadella vs Juventus Next Gen,KXSERIECGAME,Serie C Game,Sports,"[""Soccer""]",open,binary,0.78,0.79,0.79,0.785,0.215,0.785,0.01,25326.71,24464.8,18247.97,0,2026-09-13T00:39:00Z,2026-09-19T16:30:00Z,2026-09-19T16:30:00Z,,,,structured,,,,,,,,2026-09-17T17:14:04+00:00,https://kalshi.com/markets/kxseriecgame/serie-c-game/kxseriecgame-26sep17citjng,True
polymarket,0xc5eae79d1ffe716572353962eb926b1e3964c500a4880a7a94f58408218ee76b,https://polymarket.com/event/balance-of-power-2026-midterms/2026-balance-of-power-r-senate-r-house-537,"2026 Balance of Power: R Senate, R House",Republicans Sweep,32228,Balance of Power: 2026 Midterms,balance-of-power-2026-midterms,Balance of Power: 2026 Midterms,,[],open,binary,0.1,0.11,0.11,0.105,0.895,0.105,0.01,3169607.524195,24449.327849,,501226.5484,2025-07-11T21:05:25.044Z,2026-11-03T00:00:00Z,2026-11-03T00:00:00Z,,,,,,,,,"[""Yes"", ""No""]","[0.105, 0.895]",103704141773947678931823410030956181918562062788486034785782641603149828893320,2026-09-17T17:13:45+00:00,,
kalshi,KXPGATOUR-BICA26-CCHA,https://kalshi.com/markets/kxpgatour/pga-tour,Will Cameron Champ win the Biltmore Championship Asheville?,Cameron Champ,KXPGATOUR-BICA26,Biltmore Championship Asheville Winner,KXPGATOUR,PGA Tour,Sports,"[""Golf""]",open,binary,0.001,0.002,0.002,0.0015,0.9985,0.0015,0.001,136595.69,24448.34,112113.79,0,2026-09-13T23:05:00Z,2026-10-04T00:00:00Z,2026-10-04T00:00:00Z,,,,structured,,,,,,,,2026-09-17T17:14:02+00:00,https://kalshi.com/markets/kxpgatour/pga-tour/kxpgatour-bica26,True
kalshi,SENATEKS-26-R,https://kalshi.com/markets/senateks/kansas-senate-race,Will Republicans win the Senate race in Kansas?,Roger Marshall,SENATEKS-26,Kansas Senate winner?,SENATEKS,Kansas Senate race,Elections,"[""Senate""]",open,binary,0.77,0.78,0.78,0.775,0.225,0.775,0.01,375517.59,24400.64,261389.31,0,2024-12-03T15:00:00Z,2027-11-03T15:00:00Z,2027-11-03T15:00:00Z,,,,structured,,,,,,,,2026-09-17T17:14:47+00:00,https://kalshi.com/markets/senateks/kansas-senate-race/senateks-26,True
kalshi,KXPGAR1LEAD-BICA26-JKEE,https://kalshi.com/markets/kxpgar1lead/pga-round-1-leader,John Keefer leads at the end of Round 1,John Keefer,KXPGAR1LEAD-BICA26,Biltmore Championship Asheville End of Round 1 Leader,KXPGAR1LEAD,PGA Round 1 Leader,Sports,"[""Golf""]",open,binary,0,0.021,0.001,0.0105,0.9895,0.0105,0.021,30335.41,24392.14,27590.15,0,2026-09-14T00:10:00Z,2026-10-04T00:00:00Z,2026-10-04T00:00:00Z,,,,structured,,,,,,,,2026-09-17T17:14:02+00:00,https://kalshi.com/markets/kxpgar1lead/pga-round-1-leader/kxpgar1lead-bica26,True
polymarket,0x7c724b5dc9c0d7932049feb52b645f69a4f43a201fe24f8d67d271566e00868d,https://polymarket.com/event/what-price-will-bitcoin-hit-in-september-2026/will-bitcoin-dip-to-72pt5k-in-september-2026,"Will Bitcoin dip to $72,500 in September?","↓ 72,500",946004,What price will Bitcoin hit in September?,what-price-will-bitcoin-hit-in-september-2026,What price will Bitcoin hit in September?,,[],open,binary,0.34,0.35,0.34,0.345,0.655,0.345,0.01,309968.28008700005,24236.191658,,84399.5724,2026-09-01T05:07:18Z,2026-10-01T04:00:00Z,2026-10-01T04:00:00Z,,,,,,,,-19,"[""Yes"", ""No""]","[0.345, 0.655]",106688365674540998489281854184913506307078735480554715822565422415637066682013,2026-09-17T17:13:45+00:00,,
kalshi,KXLALIGAGAME-26SEP17RBBGET-TIE,https://kalshi.com/markets/kxlaligagame/la-liga-game,Tie is the result,Tie,KXLALIGAGAME-26SEP17RBBGET,Real Betis vs Getafe,KXLALIGAGAME,La Liga Game,Sports,"[""Soccer""]",open,binary,0.23,0.24,0.24,0.235,0.765,0.235,0.01,27653.27,24225.52,21020.04,0,2026-09-03T00:37:00Z,2026-09-19T23:00:00Z,2026-09-19T23:00:00Z,,,,structured,,,,,,,,2026-09-17T17:14:14+00:00,https://kalshi.com/markets/kxlaligagame/la-liga-game/kxlaligagame-26sep17rbbget,True
kalshi,KXNCAAF-27-TEX,https://kalshi.com/markets/kxncaaf/ncaaf-championship,Will Texas win the College Football Playoff National Championship?,Texas,KXNCAAF-27,College Football National Championship Winner,KXNCAAF,NCAAF Championship,Sports,"[""Football""]",open,binary,0.14,0.15,0.15,0.145,0.855,0.145,0.01,2845001.91,24173.46,2039860.03,0,2026-01-21T22:00:00Z,2027-02-23T04:00:00Z,2027-02-23T04:00:00Z,,,,structured,,,,,,,,2026-09-17T17:14:45+00:00,https://kalshi.com/markets/kxncaaf/ncaaf-championship/kxncaaf-27,True
polymarket,0xe1fb01493e2ca98095947320c96338e7cc4566e3567b85b46071eaa8858c8523,https://polymarket.com/event/will-xi-jinping-visit-us-before-2027/will-xi-jinping-visit-us-by-september-24,Will Xi Jinping visit US by September 24?,September 24,208023,Will Xi Jinping visit US by...?,will-xi-jinping-visit-us-before-2027,Will Xi Jinping visit US by...?,,[],open,binary,0.95,0.96,0.96,0.955,0.045,0.955,0.01,70632.84958000002,24161.582978,,42022.4314,2026-09-02T10:08:24.322732Z,2026-09-24T23:59:00Z,2026-09-24T23:59:00Z,,,,,,,,7,"[""Yes"", ""No""]","[0.955, 0.045]",45720654598427487345343523147868184032078481276644164550917591817398343875097,2026-09-17T17:13:45+00:00,,
kalshi,KXLALIGASPREAD-26SEP17RBBGET-RBB3,https://kalshi.com/markets/kxlaligaspread/la-liga-spread,Real Betis wins by more than 2.5 goals?,Real Betis wins by more than 2.5 goals,KXLALIGASPREAD-26SEP17RBBGET,Real Betis vs Getafe: Spread,KXLALIGASPREAD,La Liga Spread,Sports,"[""Soccer""]",open,binary,0.16,0.17,0.16,0.165,0.835,0.165,0.01,28259.65,24137.87,26809.45,0,2026-09-10T17:10:00Z,2026-09-19T17:00:00Z,2026-09-19T17:00:00Z,,,,greater,2.5,,,,,,,2026-09-17T17:14:11+00:00,https://kalshi.com/markets/kxlaligaspread/la-liga-spread/kxlaligaspread-26sep17rbbget,True
polymarket,0xbac8d3ca6cc7297022850562d9d66669d5e0a112767337f8a5955417f1984b54,https://polymarket.com/event/next-french-presidential-election/will-olivier-faure-win-the-2027-french-presidential-election,Will Olivier Faure win the 2027 French presidential election?,Olivier Faure,79987,Next French Presidential Election,next-french-presidential-election,Next French Presidential Election,,[],open,binary,0.001,0.009,0.004,0.005,0.995,0.005,0.008,5884154.341985002,24116.373392,,223183.36284,2025-11-13T23:09:45.056843Z,2027-04-30T00:00:00Z,2027-04-30T00:00:00Z,,,,,,,,-0.75,"[""Yes"", ""No""]","[0.005, 0.995]",20081811713638516406596868811232083490459643675005428825503148986030861838715,2026-09-17T17:13:45+00:00,,
polymarket,0x9b1a03b41a1a68c209e9c3caf3d8af3f878420d6dbe8cb8afffd66049e73b114,https://polymarket.com/event/another-fed-rate-hike-in-2026/another-fed-rate-hike-in-2026,Another Fed rate hike in 2026?,,1034268,Another Fed rate hike in 2026?,another-fed-rate-hike-in-2026,Another Fed rate hike in 2026?,,[],open,binary,0.81,0.82,0.82,0.815,0.185,0.815,0.01,24144.44605900001,24114.246059,,146298.8072,2026-09-16T18:24:19Z,2026-12-09T00:00:00Z,2026-12-09T00:00:00Z,,,,,,,,,"[""Yes"", ""No""]","[0.815, 0.185]",834988939366537589681339435844742816680296103724655311351481456389958777625,2026-09-17T17:13:45+00:00,,
kalshi,KXPGAR1LEAD-BICA26-DTHO,https://kalshi.com/markets/kxpgar1lead/pga-round-1-leader,Davis Thompson leads at the end of Round 1,Davis Thompson,KXPGAR1LEAD-BICA26,Biltmore Championship Asheville End of Round 1 Leader,KXPGAR1LEAD,PGA Round 1 Leader,Sports,"[""Golf""]",open,binary,0.008,0.018,0.008,0.013,0.987,0.013,0.01,50042,24106.15,43726.34,0,2026-09-14T00:10:00Z,2026-10-04T00:00:00Z,2026-10-04T00:00:00Z,,,,structured,,,,,,,,2026-09-17T17:14:02+00:00,https://kalshi.com/markets/kxpgar1lead/pga-round-1-leader/kxpgar1lead-bica26,True
polymarket,0x2636a06ef9192d50bf0100bf8c857cfe346e8b230978056f2857cb69276e5c46,https://polymarket.com/event/which-party-will-gain-most-seats-in-russian-parliamentary-election/will-rodina-gain-the-most-seats-in-the-next-russian-parliamentary-election,Will Rodina gain the most seats in the next Russian parliamentary election?,Rodina,149589,Which party will gain most seats in Russian Parliamentary Election?,which-party-will-gain-most-seats-in-russian-parliamentary-election,Which party will gain most seats in Russian Parliamentary Election?,,[],open,binary,,0.001,0.001,0.0005,0.9995,0.0005,0.001,3067562.204643999,24000,,215500.4586,2026-01-07T21:34:54.601762Z,2026-09-30T00:00:00Z,2026-09-30T00:00:00Z,,,,,,,,,"[""Yes"", ""No""]","[0.0005, 0.9995]",97795707428382894508371687334156016735780833311849632514604538939263591476606,2026-09-17T17:13:45+00:00,,
kalshi,KXXRP15M-26SEP171315-15,https://kalshi.com/markets/kxxrp15m/xrp-15-minute,XRP price up in next 15 mins?,Target Price: $1.3031,KXXRP15M-26SEP171315,XRP 15 min · $1.3031 target,KXXRP15M,XRP 15 Minute,Crypto,"[""15 min"", ""XRP"", ""15 Min Markets""]",open,binary,0.985,0.986,0.988,0.9855,0.0145,0.9855,0.001,30853.32,23975.84,16198.88,0,2026-09-17T17:00:00Z,2026-09-17T17:15:00Z,2026-09-24T17:15:00Z,,,,greater_or_equal,1.3031,,,,,,,2026-09-17T17:13:49+00:00,https://kalshi.com/markets/kxxrp15m/xrp-15-minute/kxxrp15m-26sep171315,True
kalshi,KXETHD-26SEP1717-T2519.99,https://kalshi.com/markets/kxethd/ethereum-price-above-below,"Ethereum price at Sep 17, 2026 at 5pm EDT?","$2,520 or above",KXETHD-26SEP1717,"ETH price on Sep 17, 2026 at 5pm EDT?",KXETHD,Ethereum price Above/below,Crypto,"[""Hourly"", ""ETH""]",open,binary,0.02,0.03,0.04,0.025,0.975,0.025,0.01,23877.64,23877.64,19944.13,0,2026-09-16T20:00:00Z,2026-09-17T21:00:00Z,2026-09-24T21:00:00Z,,,,greater,2519.99,,ERTI,,,,,2026-09-17T17:13:51+00:00,https://kalshi.com/markets/kxethd/ethereum-price-above-below/kxethd-26sep1717,True
kalshi,KXPGATOUR-BICA26-PYRI,https://kalshi.com/markets/kxpgatour/pga-tour,Biltmore Championship Asheville: Phillip Yribarren wins,Phillip Yribarren,KXPGATOUR-BICA26,Biltmore Championship Asheville Winner,KXPGATOUR,PGA Tour,Sports,"[""Golf""]",open,binary,0,0.001,0.001,0.0005,0.9995,0.0005,0.001,49667.94,23811.96,49667.94,0,2026-09-14T22:11:00Z,2026-10-04T00:00:00Z,2026-10-04T00:00:00Z,,,,structured,,,,,,,,2026-09-17T17:13:56+00:00,https://kalshi.com/markets/kxpgatour/pga-tour/kxpgatour-bica26,True
kalshi,KXMLBOUTS-26SEP171235MILPIT-MILKHARRISON52-15,https://kalshi.com/markets/kxmlbouts/pro-baseball-outs-recorded,Kyle Harrison: 15+ Outs Recorded?,Kyle Harrison: 15+,KXMLBOUTS-26SEP171235MILPIT,Milwaukee vs Pittsburgh: Outs Recorded,KXMLBOUTS,Pro Baseball Outs Recorded,Sports,"[""Baseball""]",open,binary,0.2,0.23,0.23,0.215,0.785,0.215,0.03,23789.95,23761.99,16927.21,0,2026-09-17T03:26:00Z,2026-09-20T16:35:00Z,2026-09-20T16:35:00Z,,,,greater,14.5,,,,,,,2026-09-17T17:13:47+00:00,https://kalshi.com/markets/kxmlbouts/pro-baseball-outs-recorded/kxmlbouts-26sep171235milpit,True
polymarket,0x66760ea7e4728acc0a012fc6f39c8ab957c96d2bb409d46dddc0bc10adc99198,https://polymarket.com/event/mlb-bos-tex-2026-09-17/mlb-bos-tex-2026-09-17-total-8pt5,Boston Red Sox vs. Texas Rangers: O/U 8.5,O/U 8.5,1004400,Boston Red Sox vs. Texas Rangers,mlb-bos-tex-2026-09-17,Boston Red Sox vs. Texas Rangers,,[],open,binary,0.44,0.45,0.45,0.445,0.555,0.445,0.01,25491.408509,23714.839222000002,,134565.4369,2026-09-17T02:28:45Z,2026-09-18T00:05:00Z,2026-09-18T00:05:00Z,,,,,,,,,"[""Over"", ""Under""]","[0.445, 0.555]",84500340313475375950504898775785046484424111262008180269738244197036218841297,2026-09-17T17:13:45+00:00,,
polymarket,0x1e4ad3d340dbb9149ec6d2873bf6f519bddc1eb0f89665605fd90d226dd06b78,https://polymarket.com/event/russia-x-ukraine-ceasefire-agreement-by/russia-x-ukraine-ceasefire-agreement-by-june-30-2027,"Russia x Ukraine ceasefire agreement by June 30, 2027?","June 30, 2027",478472,Russia x Ukraine ceasefire agreement by...?,russia-x-ukraine-ceasefire-agreement-by,Russia x Ukraine ceasefire agreement by...?,,[],open,binary,0.56,0.57,0.56,0.565,0.435,0.565,0.01,150446.074044,23698.068183,,138361.1643,2026-08-18T16:24:26.339542Z,2027-07-01T03:59:00Z,2027-07-01T03:59:00Z,,,,,,,,,"[""Yes"", ""No""]","[0.565, 0.435]",12371044810334815945437204785566448598704969234268355196784616531601747425896,2026-09-17T17:13:45+00:00,,
polymarket,0x38d9ae1b3fb7e97151b8097d4f879e98ab7ee88ce42d240b7c74a269b544f1c4,https://polymarket.com/event/lol-navi-mkoi-2026-09-18/lol-navi-mkoi-2026-09-18,LoL: Natus Vincere vs Movistar KOI (BO5) - LEC Playoffs,Match Winner,1015105,LoL: Natus Vincere vs Movistar KOI (BO5) - LEC Playoffs,lol-navi-mkoi-2026-09-18,LoL: Natus Vincere vs Movistar KOI (BO5) - LEC Playoffs,,[],open,binary,0.34,0.35,0.34,0.345,0.655,0.345,0.01,36170.221063,23675.937175000003,,107208.9902,2026-09-13T06:00:30Z,2026-09-18T21:00:00Z,2026-09-18T21:00:00Z,,,,,,,,,"[""Natus Vincere"", ""Movistar KOI""]","[0.345, 0.655]",68274692138460745027217490227035175215920465167975797390606564502227655627930,2026-09-17T17:13:45+00:00,,
kalshi,KXKFTOUR-NACHC26-HSPR,https://kalshi.com/markets/kxkftour/korn-ferry-tour,Will Hayden Springer win the Nationwide Children's Hospital Championship?,Hayden Springer,KXKFTOUR-NACHC26,Nationwide Children's Hospital Championship Winner,KXKFTOUR,Korn Ferry Tour,Sports,"[""Golf""]",open,binary,0.037,0.038,0.038,0.0375,0.9625,0.0375,0.001,26821.44,23609.57,26415.2,0,2026-09-13T23:05:00Z,2026-10-04T00:00:00Z,2026-10-04T00:00:00Z,,,,structured,,,,,,,,2026-09-17T17:14:02+00:00,https://kalshi.com/markets/kxkftour/korn-ferry-tour/kxkftour-nachc26,True
kalshi,KXMLBALMVP-26-YALV,https://kalshi.com/markets/kxmlbalmvp/pro-baseball-american-league-mvp,Will Yordan Álvarez win AL MVP?,Yordan Álvarez,KXMLBALMVP-26,AL MVP Winner?,KXMLBALMVP,Pro Baseball American League MVP,Sports,"[""Baseball""]",open,binary,0.87,0.88,0.87,0.875,0.125,0.875,0.01,431584.83,23557.54,293904.19,0,2026-02-02T15:00:00Z,2026-12-08T15:00:00Z,2026-12-08T15:00:00Z,,,,custom,,,,,,,,2026-09-17T17:14:44+00:00,https://kalshi.com/markets/kxmlbalmvp/pro-baseball-american-league-mvp/kxmlbalmvp-26,True
kalshi,KXUFCFIGHT-26SEP19TUIDES-TUI,https://kalshi.com/markets/kxufcfight/ufc-fight,Tai Tuivasa wins,Tai Tuivasa,KXUFCFIGHT-26SEP19TUIDES,331: Tuivasa vs Despaigne,KXUFCFIGHT,UFC Fight,Sports,"[""MMA""]",open,binary,0.15,0.16,0.16,0.155,0.845,0.155,0.01,66905.51,23539.23,59165.6,0,2026-09-06T04:45:00Z,2026-10-03T23:20:00Z,2026-10-03T23:20:00Z,,,,structured,,,,,,,,2026-09-17T17:14:12+00:00,https://kalshi.com/markets/kxufcfight/ufc-fight/kxufcfight-26sep19tuides,True
polymarket,0x11cbfbdbd6f26e2adb21a9da1d1c6de6a87b33233e9ef94f102eb0ee751d17e7,https://polymarket.com/event/lol-sge-aog-2026-09-17/lol-sge-aog-2026-09-17-game1,LoL: Eintracht Frankfurt vs All for One Gaming - Game 1 Winner,Game 1 Winner,1035060,LoL: Eintracht Frankfurt vs All for One Gaming (BO5) - Prime League 1st Division Promotion Playoffs,lol-sge-aog-2026-09-17,LoL: Eintracht Frankfurt vs All for One Gaming (BO5) - Prime League 1st Division Promotion Playoffs,,[],open,binary,,0.001,0.001,0.0005,0.9995,0.0005,0.001,26292.11209200001,23489.792092,,128836.631,2026-09-16T20:40:59Z,2026-09-17T22:00:00Z,2026-09-17T22:00:00Z,,,,,,,,,"[""Eintracht Frankfurt"", ""All for One Gaming""]","[0.0005, 0.9995]",84718320058495859591437128713696484439179769150912289997997023878265147543051,2026-09-17T17:13:45+00:00,,
kalshi,KXNBA-27-IND,https://kalshi.com/markets/kxnba/pro-basketball-champion,Will Indiana win the 2027 Pro Basketball Finals?,Indiana,KXNBA-27,2027 Pro Basketball Champion,KXNBA,Pro Basketball Champion,Sports,"[""Basketball""]",open,binary,0.01,0.02,0.02,0.015,0.985,0.015,0.01,702539.3,23475.49,590456.12,0,2026-06-14T08:00:00Z,2029-07-30T14:00:00Z,2029-07-30T14:00:00Z,,,,structured,,,,,,,,2026-09-17T17:14:33+00:00,https://kalshi.com/markets/kxnba/pro-basketball-champion/kxnba-27,True
polymarket,0xffc4681fe848a8bb55bcc97f774377199d05845164b17107e67344165864d48d,https://polymarket.com/event/pro-football-2027-champion-20260729185915366/will-the-new-york-giants-win-the-2027-nfl-league-championship,Will the New York Giants win the 2027 NFL league championship?,New York Giants,202857,Pro Football: 2027 Champion,pro-football-2027-champion-20260729185915366,Pro Football: 2027 Champion,,[],open,binary,0.022,0.023,0.023,0.0225,0.9775,0.0225,0.001,1274705.8709580002,23396.987279999998,,192579.88096,2026-02-09T00:44:08.522Z,2027-03-31T23:55:00Z,2027-03-31T23:55:00Z,,,,,,,,,"[""Yes"", ""No""]","[0.0225, 0.9775]",9529995439127992597916745368767207397574770251198740488507514341670263678067,2026-09-17T17:13:45+00:00,,
polymarket,0xe883f2fda25a605a184bb5fe583afce6cc21ea0b348b6a3728ec3067553c548d,https://polymarket.com/event/democratic-presidential-nominee-2028/will-jb-pritzker-win-the-2028-democratic-presidential-nomination-288,Will J.B. Pritzker win the 2028 Democratic presidential nomination?,J.B. Pritzker,30829,Democratic Presidential Nominee 2028,democratic-presidential-nominee-2028,Democratic Presidential Nominee 2028,,[],open,binary,0.012,0.013,0.013,0.0125,0.9875,0.0125,0.001,15746535.176311985,23359.415833,,420731.95619,2025-07-11T18:36:09.214Z,2028-11-07T00:00:00Z,2028-11-07T00:00:00Z,,,,,,,,0.2,"[""Yes"", ""No""]","[0.0125, 0.9875]",103988345069738240821107916249290759786442703283901164377120414690701074137717,2026-09-17T17:13:45+00:00,,
kalshi,KXPGATOUR-BICA26-APUT,https://kalshi.com/markets/kxpgatour/pga-tour,Will Andrew Putnam win the Biltmore Championship Asheville?,Andrew Putnam,KXPGATOUR-BICA26,Biltmore Championship Asheville Winner,KXPGATOUR,PGA Tour,Sports,"[""Golf""]",open,binary,0.001,0.002,0.006,0.0015,0.9985,0.0015,0.001,201242.68,23307.02,141280.47,0,2026-09-13T23:05:00Z,2026-10-04T00:00:00Z,2026-10-04T00:00:00Z,,,,structured,,,,,,,,2026-09-17T17:14:02+00:00,https://kalshi.com/markets/kxpgatour/pga-tour/kxpgatour-bica26,True
kalshi,KXBTCD-26SEP1714-T77099.99,https://kalshi.com/markets/kxbtcd/bitcoin-price-above-below,"Bitcoin price on Sep 17, 2026?","$77,100 or above",KXBTCD-26SEP1714,"BTC price on Sep 17, 2026 at 2pm EDT?",KXBTCD,Bitcoin price Above/below,Crypto,"[""Hourly"", ""BTC""]",open,binary,0.06,0.07,0.07,0.065,0.935,0.065,0.01,24135.45,23294.61,15914.66,0,2026-09-17T17:00:00Z,2026-09-17T18:00:00Z,2026-09-24T18:00:00Z,,,,greater,77099.99,,BRTI,,,,,2026-09-17T17:13:51+00:00,https://kalshi.com/markets/kxbtcd/bitcoin-price-above-below/kxbtcd-26sep1714,True
kalshi,KXDANCINGWITHTHESTARS-26DEC31-GDEL,https://kalshi.com/markets/kxdancingwiththestars/who-will-win-dancing-with-the-stars,Will Giada De Laurentiis win Dancing with the Stars Season 35?,Giada De Laurentiis,KXDANCINGWITHTHESTARS-26DEC31,Dancing with the Stars Season 35 · Winner,KXDANCINGWITHTHESTARS,Who will win dancing with the stars?,Entertainment,"[""Television"", ""Dancing with the Stars""]",open,binary,0,0.01,0.01,0.005,0.995,0.005,0.01,37124.65,23247.14,29107.15,0,2026-09-02T16:08:00Z,2027-01-07T15:00:00Z,2027-01-07T15:00:00Z,,,,custom,,,,,,,,2026-09-17T17:14:14+00:00,https://kalshi.com/markets/kxdancingwiththestars/who-will-win-dancing-with-the-stars/kxdancingwiththestars-26dec31,True
kalshi,KXDPWORLDTOUR-BMPC26-PWAR,https://kalshi.com/markets/kxdpworldtour/dp-world-tour-tournament-winner,Will Paul Waring win the BMW PGA Championship?,Paul Waring,KXDPWORLDTOUR-BMPC26,BMW PGA Championship Winner,KXDPWORLDTOUR,DP World Tour Tournament Winner,Sports,"[""Golf""]",open,binary,0,0.002,0.008,0.001,0.999,0.001,0.002,23225,23225,13225,0,2026-09-12T12:00:00Z,2026-10-04T00:00:00Z,2026-10-04T00:00:00Z,,,,structured,,,,,,,,2026-09-17T17:14:05+00:00,https://kalshi.com/markets/kxdpworldtour/dp-world-tour-tournament-winner/kxdpworldtour-bmpc26,True
polymarket,0x6743ca082b8ee6f999fe823d2f4adac07d5c40f3eddd1508d03086c55f358638,https://polymarket.com/event/lal-lev-bil-2026-09-16-more-markets/lal-lev-bil-2026-09-16-total-3pt5,Levante UD vs. Athletic Club: O/U 3.5,O/U 3.5,958057,Levante UD vs. Athletic Club - More Markets,lal-lev-bil-2026-09-16-more-markets,Levante UD vs. Athletic Club - More Markets,,[],open,binary,0.29,0.5,0.61,0.395,0.605,0.395,0.21,26936.587804999996,23200.222573,,585.202,2026-09-03T07:00:28Z,2026-09-16T19:30:00Z,2026-09-16T19:30:00Z,,,,,,,,7,"[""Over"", ""Under""]","[0.395, 0.605]",48976405632279937222480578558067570498880720077534354859206682934569931157640,2026-09-17T17:13:45+00:00,,
polymarket,0x0f52afd31f6d78cce51290c571c6f20b6f36e8faf854347050a01f1638c8eabf,https://polymarket.com/event/highest-temperature-in-hong-kong-on-september-17-2026/highest-temperature-in-hong-kong-on-september-17-2026-30c,Will the highest temperature in Hong Kong be 30°C on September 17?,30°C,1026516,Highest temperature in Hong Kong on September 17?,highest-temperature-in-hong-kong-on-september-17-2026,Highest temperature in Hong Kong on September 17?,,[],open,binary,,0.001,0.001,0.0005,0.9995,0.0005,0.001,25832.471061000007,23132.015288,,12497.5437,2026-09-15T04:57:15Z,2026-09-17T12:00:00Z,2026-09-17T12:00:00Z,,,,,,,,-8.45,"[""Yes"", ""No""]","[0.0005, 0.9995]",56532671830692482361776719885379407578828083519843620473647638297857133628721,2026-09-17T17:13:45+00:00,,
kalshi,KXNCAAFGAME-26SEP18MIAWAKE-MIA,https://kalshi.com/markets/kxncaafgame/college-football-game,Miami (FL) wins,Miami (FL),KXNCAAFGAME-26SEP18MIAWAKE,Miami (FL) vs Wake Forest,KXNCAAFGAME,College Football Game,Sports,"[""Football""]",open,binary,0.91,0.92,0.91,0.915,0.085,0.915,0.01,150520.74,23078.05,127900.58,0,2026-09-05T01:07:00Z,2026-09-20T23:30:00Z,2026-09-20T23:30:00Z,,,,structured,,,,,,,,2026-09-17T17:14:13+00:00,https://kalshi.com/markets/kxncaafgame/college-football-game/kxncaafgame-26sep18miawake,True
polymarket,0x0febe7493630d949f36a4ba0b88392cdaae4974f7b59c031ae12e01ace244b3e,https://polymarket.com/event/elon-musk-of-tweets-september-11-september-18-2026/elon-musk-of-tweets-september-11-september-18-2026-300-319,"Will Elon Musk post 300-319 tweets from September 11 to September 18, 2026?",300-319,986503,"Elon Musk # tweets September 11 - September 18, 2026?",elon-musk-of-tweets-september-11-september-18-2026,"Elon Musk # tweets September 11 - September 18, 2026?",,[],open,binary,,0.001,0.001,0.0005,0.9995,0.0005,0.001,71002.18844700001,23076.88,,30165.18535,2026-09-08T04:00:42Z,2026-09-18T16:00:00Z,2026-09-18T16:00:00Z,,,,,,,,-0.2,"[""Yes"", ""No""]","[0.0005, 0.9995]",27512046605109873448007631509996344108700502285014819518727955953718959014770,2026-09-17T17:13:45+00:00,,
polymarket,0xae1aa7624284483a35004ccf34727136da124b33f7185cfebbe1e55282be5ea9,https://polymarket.com/event/lal-mad-rea-2026-09-20/lal-mad-rea-2026-09-20-rea,Will Real Madrid CF win on 2026-09-20?,Real Madrid CF,981053,Club Atlético de Madrid vs. Real Madrid CF,lal-mad-rea-2026-09-20,Club Atlético de Madrid vs. Real Madrid CF,,[],open,binary,0.49,0.5,0.5,0.495,0.505,0.495,0.01,36794.541790999996,23061.722744999995,,103716.9716,2026-09-07T06:00:14Z,2026-09-20T14:15:00Z,2026-09-20T14:15:00Z,,,,,,,,-5,"[""Yes"", ""No""]","[0.495, 0.505]",30449673509032290534062962623082736904334829320262072516408410792608068946580,2026-09-17T17:13:45+00:00,,
polymarket,0x93629dbe7a595cab298818173549851ec7d21ef1724efeeaf6bf41bf8af5c01f,https://polymarket.com/event/saudi-arabia-military-action-against-yemen-on-20260916/saudi-arabia-military-action-against-yemen-on-september-27-20260916,Saudi Arabia military action against Yemen on September 27?,September 27,1038343,Saudi Arabia military action against Yemen on...?,saudi-arabia-military-action-against-yemen-on-20260916,Saudi Arabia military action against Yemen on...?,,[],open,binary,0.5,0.55,0.55,0.525,0.475,0.525,0.05,113.936526,23046.008168,,69.1427,2026-09-17T14:18:18Z,2026-09-27T20:59:00Z,2026-09-27T20:59:00Z,,,,,,,,,"[""Yes"", ""No""]","[0.525, 0.475]",46163785347494600888492017008260682344245669886418183044863215990746405942081,2026-09-17T17:13:45+00:00,,
polymarket,0x524ce344b80a160c237d91a33efdd8b82468b0dc0d33f60d500f8bf69b80b8bb,https://polymarket.com/event/israel-x-iran-ceasefire-continues-throughptptpt-20260716224448963/israel-x-iran-ceasefire-continues-through-september-30,Israel x Iran ceasefire continues through September 30?,September 30,711714,Israel x Iran ceasefire continues through...?,israel-x-iran-ceasefire-continues-throughptptpt-20260716224448963,Israel x Iran ceasefire continues through...?,,[],open,binary,0.9,0.91,0.9,0.905,0.095,0.905,0.01,2183385.2944480013,22995.285109,,73985.7176,2026-08-07T14:29:57.222095Z,2026-09-30T20:29:00Z,2026-09-30T20:29:00Z,,,,,,,,-1,"[""Yes"", ""No""]","[0.905, 0.095]",110124369154659006328320349797831539154282530245624469518430389053088403535939,2026-09-17T17:13:45+00:00,,
kalshi,KXDPWORLDTOURR1LEAD-BMPC26-MARM,https://kalshi.com/markets/kxdpworldtourr1lead/dp-world-tour-r1-leader,Marcus Armitage leads at the end of Round 1,Marcus Armitage,KXDPWORLDTOURR1LEAD-BMPC26,BMW PGA Championship End of Round 1 Leader,KXDPWORLDTOURR1LEAD,DP World Tour R1 Leader,Sports,"[""Golf""]",open,binary,0,0.01,0.016,0.005,0.995,0.005,0.01,23063.53,22932.63,23063.53,0,2026-09-14T00:10:00Z,2026-10-04T00:00:00Z,2026-10-04T00:00:00Z,,,,structured,,,,,,,,2026-09-17T17:14:02+00:00,https://kalshi.com/markets/kxdpworldtourr1lead/dp-world-tour-r1-leader/kxdpworldtourr1lead-bmpc26,True
kalshi,SENATEMS-26-R,https://kalshi.com/markets/senatems/mississippi-senate-race,Will Republicans win the Senate race in Mississippi?,Cindy Hyde-Smith,SENATEMS-26,Mississippi Senate winner?,SENATEMS,Mississippi Senate race,Elections,"[""Senate""]",open,binary,0.915,0.926,0.917,0.9205,0.0795,0.9205,0.011,54805.72,22848.06,40968.86,0,2024-12-03T15:00:00Z,2027-11-03T15:00:00Z,2027-11-03T15:00:00Z,,,,structured,,,,,,,,2026-09-17T17:14:47+00:00,https://kalshi.com/markets/senatems/mississippi-senate-race/senatems-26,True
polymarket,0xfa5a1a0c36c68a4268a6a3c3b373baea8b23701d56b985611c0748bf5506c572,https://polymarket.com/event/starladder-starseries-fall-2026-winner-1788882991655/will-mouz-win-the-starladder-starseries-fall-2026-1788882991655,Will MOUZ Win the StarLadder StarSeries Fall 2026?,MOUZ,991805,StarLadder StarSeries Fall 2026: Winner,starladder-starseries-fall-2026-winner-1788882991655,StarLadder StarSeries Fall 2026: Winner,,[],open,binary,0.09,0.13,0.12,0.11,0.89,0.11,0.04,29725.787728000003,22758.094277,,29094.6243,2026-09-09T02:39:19Z,2026-10-05T03:59:00Z,2026-10-05T03:59:00Z,,,,,,,,-18,"[""Yes"", ""No""]","[0.11, 0.89]",867676177600827867730155213328540501937110526990064178502980276970092430506,2026-09-17T17:13:45+00:00,,
kalshi,KXSB-27-DEN,https://kalshi.com/markets/kxsb/super-bowl,Will Denver win the 2027 Pro Football Championship?,Denver,KXSB-27,2027 Pro Football Champion,KXSB,Super Bowl,Sports,"[""Football""]",open,binary,0.03,0.04,0.04,0.035,0.965,0.035,0.01,5757138.73,22737.58,4748692.82,0,2026-02-08T20:00:00Z,2029-02-13T23:30:00Z,2029-02-13T23:30:00Z,,,,structured,,,,,,,,2026-09-17T17:14:44+00:00,https://kalshi.com/markets/kxsb/super-bowl/kxsb-27,True
polymarket,0x537df24dbae425e973a421983b6ee570d582cac06b5fdbebef099d3d07913985,https://polymarket.com/event/which-company-has-the-best-ai-model-end-of-september-20260717143435868/will-anthropic-have-the-best-ai-model-at-the-end-of-september-2026-20260717143137053,Will Anthropic have the best AI model at the end of September 2026?,Anthropic,727186,Which company has the best AI model end of September?,which-company-has-the-best-ai-model-end-of-september-20260717143435868,Which company has the best AI model end of September?,,[],open,binary,0.974,0.98,0.98,0.977,0.023,0.977,0.006,759286.3545079998,22720.787719999993,,50661.25599,2026-07-21T00:30:47.601594Z,2026-10-01T03:59:00Z,2026-10-01T03:59:00Z,,,,,,,,1.5,"[""Yes"", ""No""]","[0.977, 0.023]",114976310403134140071475285729050128086700898119247346798479138721789575328536,2026-09-17T17:13:45+00:00,,
kalshi,KXNBA-27-GSW,https://kalshi.com/markets/kxnba/pro-basketball-champion,Will Golden State win the 2027 Pro Basketball Finals?,Golden State,KXNBA-27,2027 Pro Basketball Champion,KXNBA,Pro Basketball Champion,Sports,"[""Basketball""]",open,binary,0.01,0.02,0.01,0.015,0.985,0.015,0.01,1806797.21,22715.91,963485.01,0,2026-06-14T08:00:00Z,2029-07-30T14:00:00Z,2029-07-30T14:00:00Z,,,,structured,,,,,,,,2026-09-17T17:14:33+00:00,https://kalshi.com/markets/kxnba/pro-basketball-champion/kxnba-27,True
kalshi,KXINXU-26SEP17H1600-T7629.9999,https://kalshi.com/markets/kxinxu/s-p-500-above-below,"Will the S&P 500 be above 7629.9999 on Sep 17, 2026 at 4pm EDT?","7,630 or above",KXINXU-26SEP17H1600,"S&P price on Sep 17, 2026 at 4pm EDT?",KXINXU,S&P 500 above/below,Financials,"[""Markets"", ""Indices""]",open,binary,0.68,0.71,0.7,0.695,0.305,0.695,0.03,22747.19,22704.37,19823.44,0,2026-09-16T20:00:00Z,2026-09-17T20:00:00Z,2026-09-24T23:00:00Z,,,,greater_or_equal,7630,,,,,,,2026-09-17T17:13:51+00:00,https://kalshi.com/markets/kxinxu/s-p-500-above-below/kxinxu-26sep17h1600,True
kalshi,KXMLB-26-ATL,https://kalshi.com/markets/kxmlb/world-series,Will Atlanta win the 2026 Pro Baseball Championship?,Atlanta,KXMLB-26,Pro Baseball Champion,KXMLB,World Series,Sports,"[""Baseball""]",open,binary,0.061,0.062,0.062,0.0615,0.9385,0.0615,0.001,2966705.13,22694.82,2006939.1,0,2025-12-17T15:00:00Z,2028-10-31T04:00:00Z,2028-10-31T04:00:00Z,,,,structured,,,,,,,,2026-09-17T17:14:46+00:00,https://kalshi.com/markets/kxmlb/world-series/kxmlb-26,True
kalshi,KXBTCMAX100-26-OCT,https://kalshi.com/markets/kxbtcmax100/when-will-bitcoin-hit-100k,"Will Bitcoin be above $100000 by November 1, 2026 at 12:00AM ET?",Before November 2026,KXBTCMAX100-26,When will Bitcoin cross $100k again?,KXBTCMAX100,When will bitcoin hit 100k?,Crypto,"[""BTC""]",open,binary,0.03,0.04,0.04,0.035,0.965,0.035,0.01,125149.82,22679.65,91151.84,0,2026-07-22T02:00:00Z,2026-11-01T04:00:00Z,2026-12-01T04:00:00Z,,,,greater,100000,,,,,,,2026-09-17T17:14:28+00:00,https://kalshi.com/markets/kxbtcmax100/when-will-bitcoin-hit-100k/kxbtcmax100-26,True
polymarket,0xebb137cc297595b66b04af7fecd79078fe4eaf1920d9fd26125dabec544a8134,https://polymarket.com/event/mlb-kc-hou-2026-09-17/mlb-kc-hou-2026-09-17,Kansas City Royals vs. Houston Astros,,1004394,Kansas City Royals vs. Houston Astros,mlb-kc-hou-2026-09-17,Kansas City Royals vs. Houston Astros,,[],open,binary,0.415,0.416,0.412,0.4155,0.5845,0.4155,0.001,23297.286425999995,22664.650663999997,,251387.14665,2026-09-11T13:00:37Z,2026-09-24T23:15:00Z,2026-09-24T23:15:00Z,,,,,,,,-1.75,"[""Kansas City Royals"", ""Houston Astros""]","[0.4155, 0.5845]",105731849654817836883662783948454854279892951531573522206237725731943424854578,2026-09-17T17:13:45+00:00,,
polymarket,0x0d7886d89e2cb8f5c9941d88ecd1f05421a3a83f841d7b738aa0103f65bbdb72,https://polymarket.com/event/cs2-navi-aur1-2026-09-17/cs2-navi-aur1-2026-09-17-map-handicap-away-1pt5,Map Handicap: NAVI (-1.5) vs Aurora Gaming (+1.5),Map Handicap: NAVI (-1.5) vs Aurora Gaming (+1.5),1005583,Counter-Strike: Natus Vincere vs Aurora Gaming (BO3) - StarLadder StarSeries Playoffs,cs2-navi-aur1-2026-09-17,Counter-Strike: Natus Vincere vs Aurora Gaming (BO3) - StarLadder StarSeries Playoffs,,[],open,binary,,0.001,0.32,0.0005,0.9995,0.0005,0.001,22749.189785000002,22633.809784999998,,83698.48347,2026-09-16T15:05:28Z,2026-09-17T21:00:00Z,2026-09-17T21:00:00Z,,,,,,,,-29.45,"[""Natus Vincere"", ""Aurora Gaming""]","[0.0005, 0.9995]",89528119419652589177725154568860404514553987724890522196081411665559964901142,2026-09-17T17:13:45+00:00,,
kalshi,KXBTCD-26SEP1817-T77499.99,https://kalshi.com/markets/kxbtcd/bitcoin-price-above-below,"Bitcoin price on Sep 18, 2026?","$77,500 or above",KXBTCD-26SEP1817,"BTC price on Sep 18, 2026 at 5pm EDT?",KXBTCD,Bitcoin price Above/below,Crypto,"[""Hourly"", ""BTC""]",open,binary,0.26,0.27,0.27,0.265,0.735,0.265,0.01,74032.15,22584.23,31597.21,0,2026-09-11T20:00:00Z,2026-09-18T21:00:00Z,2026-09-25T21:00:00Z,,,,greater,77499.99,,BRTI,,,,,2026-09-17T17:14:06+00:00,https://kalshi.com/markets/kxbtcd/bitcoin-price-above-below/kxbtcd-26sep1817,True
kalshi,KXAAAGASW-26SEP21-4.4200,https://kalshi.com/markets/kxaaagasw/us-gas-price-up,Will average **gas prices** be above $4.4200?,Above 4.4200,KXAAAGASW-26SEP21,US gas prices this week,KXAAAGASW,US gas price up,Economics,"[""Econ Weekly"", ""Oil and energy""]",open,binary,0.98,0.99,0.98,0.985,0.015,0.985,0.01,28786.52,22563.02,18519.1,0,2026-09-14T14:00:00Z,2026-09-21T03:59:00Z,2026-09-28T14:00:00Z,,,,greater,4.42,,,,,,,2026-09-17T17:14:00+00:00,https://kalshi.com/markets/kxaaagasw/us-gas-price-up/kxaaagasw-26sep21,True
polymarket,0x77e0be26980ec4b22b11935eae0a23243093487829969fe65ef22a55c4120116,https://polymarket.com/event/what-price-will-bitcoin-hit-in-september-2026/will-bitcoin-reach-97pt5k-in-september-2026,"Will Bitcoin reach $97,500 in September?","↑ 97,500",946004,What price will Bitcoin hit in September?,what-price-will-bitcoin-hit-in-september-2026,What price will Bitcoin hit in September?,,[],open,binary,0.013,0.014,0.013,0.0135,0.9865,0.0135,0.001,208451.12680400003,22488.67764,,149258.05528,2026-09-01T05:07:16Z,2026-10-01T04:00:00Z,2026-10-01T04:00:00Z,,,,,,,,-0.4,"[""Yes"", ""No""]","[0.0135, 0.9865]",1834908198226756283857290953193722770367280082967943909171301362254585863886,2026-09-17T17:13:45+00:00,,
polymarket,0xabc341cc5fefcc1611837576594d131336784fa96210008da4e2004123917a84,https://polymarket.com/event/next-prime-minister-of-romania-732/will-alexandru-nazare-be-the-next-prime-minister-of-romania,Will Alexandru Nazare be the next Prime Minister of Romania?,Alexandru Nazare,452161,Next Prime Minister of Romania?,next-prime-minister-of-romania-732,Next Prime Minister of Romania?,,[],open,binary,0.101,0.12,0.106,0.1105,0.8895,0.1105,0.019,295946.960208,22444.803923999996,,37597.16626,2026-05-05T17:16:03.869Z,2026-12-31T00:00:00Z,2026-12-31T00:00:00Z,,,,,,,,-41.45,"[""Yes"", ""No""]","[0.1105, 0.8895]",53608778687946526087931275341829969687544820721765237719012884473441162777718,2026-09-17T17:13:45+00:00,,
kalshi,KXDANCINGWITHTHESTARS-26DEC31-CMIL,https://kalshi.com/markets/kxdancingwiththestars/who-will-win-dancing-with-the-stars,Will Ciara Miller win Dancing with the Stars Season 35?,Ciara Miller,KXDANCINGWITHTHESTARS-26DEC31,Dancing with the Stars Season 35 · Winner,KXDANCINGWITHTHESTARS,Who will win dancing with the stars?,Entertainment,"[""Television"", ""Dancing with the Stars""]",open,binary,0.01,0.02,0.02,0.015,0.985,0.015,0.01,80687.57,22443.84,64955.88,0,2026-09-02T16:08:00Z,2027-01-07T15:00:00Z,2027-01-07T15:00:00Z,,,,custom,,,,,,,,2026-09-17T17:14:14+00:00,https://kalshi.com/markets/kxdancingwiththestars/who-will-win-dancing-with-the-stars/kxdancingwiththestars-26dec31,True
kalshi,KXMLBGAME-26SEP171940DETCWS-DET,https://kalshi.com/markets/kxmlbgame/professional-baseball-game,Detroit wins,Detroit,KXMLBGAME-26SEP171940DETCWS,Detroit vs Chicago WS,KXMLBGAME,Professional Baseball Game,Sports,"[""Baseball""]",open,binary,0.47,0.48,0.48,0.475,0.525,0.475,0.01,22708.52,22433.94,21127.44,0,2026-09-14T23:55:00Z,2026-09-20T23:40:00Z,2026-09-20T23:40:00Z,,,,structured,,,,,,,,2026-09-17T17:13:56+00:00,https://kalshi.com/markets/kxmlbgame/professional-baseball-game/kxmlbgame-26sep171940detcws,True
kalshi,KXNFLMVP-27-JGIB,https://kalshi.com/markets/kxnflmvp/ap-pro-football-regular-season-mvp,Will Jahmyr Gibbs win the MVP?,Jahmyr Gibbs,KXNFLMVP-27,MVP Winner?,KXNFLMVP,AP Pro Football Regular Season MVP,Sports,"[""Football""]",open,binary,0.01,0.02,0.02,0.015,0.985,0.015,0.01,1124001.66,22411.39,1118218.13,0,2026-02-08T20:30:00Z,2028-02-12T15:00:00Z,2028-02-12T15:00:00Z,,,,structured,,,,,,,,2026-09-17T17:14:44+00:00,https://kalshi.com/markets/kxnflmvp/ap-pro-football-regular-season-mvp/kxnflmvp-27,True
kalshi,KXDPWORLDTOUR-BMPC26-ANOR,https://kalshi.com/markets/kxdpworldtour/dp-world-tour-tournament-winner,Will Alex Noren win the BMW PGA Championship?,Alex Noren,KXDPWORLDTOUR-BMPC26,BMW PGA Championship Winner,KXDPWORLDTOUR,DP World Tour Tournament Winner,Sports,"[""Golf""]",open,binary,0.006,0.01,0.011,0.008,0.992,0.008,0.004,77554.4,22328.53,67074.99,0,2026-09-12T12:00:00Z,2026-10-04T00:00:00Z,2026-10-04T00:00:00Z,,,,structured,,,,,,,,2026-09-17T17:14:05+00:00,https://kalshi.com/markets/kxdpworldtour/dp-world-tour-tournament-winner/kxdpworldtour-bmpc26,True
polymarket,0x6d7203b2161a636a6ad554a986400e29411aecfdb51f91416a0ef9f7b6685e3b,https://polymarket.com/event/what-price-will-bitcoin-hit-before-2027/will-bitcoin-dip-to-70000-by-december-31-2026-from-august-24,"Will Bitcoin dip to $70,000 by December 31, 2026?","↓ 70,000",89502,What price will Bitcoin hit in 2026?,what-price-will-bitcoin-hit-before-2027,What price will Bitcoin hit in 2026?,,[],open,binary,0.62,0.63,0.63,0.625,0.375,0.625,0.01,313377.75160500006,22318.079234,,53553.6532,2026-08-25T03:43:07Z,2027-01-01T05:00:00Z,2027-01-01T05:00:00Z,,,,,,,,-7,"[""Yes"", ""No""]","[0.625, 0.375]",26181023444847865740144968881453381639052456965503182671034643115973725837732,2026-09-17T17:13:45+00:00,,
kalshi,KXBTCD-26SEP1817-T77999.99,https://kalshi.com/markets/kxbtcd/bitcoin-price-above-below,"Bitcoin price on Sep 18, 2026?","$78,000 or above",KXBTCD-26SEP1817,"BTC price on Sep 18, 2026 at 5pm EDT?",KXBTCD,Bitcoin price Above/below,Crypto,"[""Hourly"", ""BTC""]",open,binary,0.16,0.17,0.2,0.165,0.835,0.165,0.01,84913.93,22307.03,33050.45,0,2026-09-11T20:00:00Z,2026-09-18T21:00:00Z,2026-09-25T21:00:00Z,,,,greater,77999.99,,BRTI,,,,,2026-09-17T17:14:06+00:00,https://kalshi.com/markets/kxbtcd/bitcoin-price-above-below/kxbtcd-26sep1817,True
kalshi,KXNASCARRACE-BASPSN26-TYGI,https://kalshi.com/markets/kxnascarrace/nascar-race,Cup Series: Ty Gibbs wins,Ty Gibbs,KXNASCARRACE-BASPSN26,Bass Pro Shops Night Race Winner,KXNASCARRACE,NASCAR Race,Sports,"[""Motorsport""]",open,binary,0.13,0.14,0.14,0.135,0.865,0.135,0.01,28347.18,22254.11,28330.57,0,2026-09-14T21:05:00Z,2026-09-27T05:30:00Z,2026-09-27T05:30:00Z,,,,structured,,,,,,,,2026-09-17T17:13:57+00:00,https://kalshi.com/markets/kxnascarrace/nascar-race/kxnascarrace-baspsn26,True
polymarket,0x998bc71817b2d76921d1999ce0f3431cfd5945583667a371280ca2b430b0c06e,https://polymarket.com/event/balance-of-power-2026-midterms/2026-balance-of-power-r-senate-d-house-444,"2026 Balance of Power: R Senate, D House","R Senate, D House",32228,Balance of Power: 2026 Midterms,balance-of-power-2026-midterms,Balance of Power: 2026 Midterms,,[],open,binary,0.3,0.31,0.31,0.305,0.695,0.305,0.01,2243808.013722,22245.265839000003,,281778.9274,2025-07-11T21:05:20.815Z,2026-11-03T00:00:00Z,2026-11-03T00:00:00Z,,,,,,,,,"[""Yes"", ""No""]","[0.305, 0.695]",6302359956133594764084277082169634158291609371270652093164054687145970756151,2026-09-17T17:13:45+00:00,,
kalshi,KXDPWORLDTOUR-BMPC26-JOLE,https://kalshi.com/markets/kxdpworldtour/dp-world-tour-tournament-winner,Will Jacob Skov Olesen win the BMW PGA Championship?,Jacob Skov Olesen,KXDPWORLDTOUR-BMPC26,BMW PGA Championship Winner,KXDPWORLDTOUR,DP World Tour Tournament Winner,Sports,"[""Golf""]",open,binary,0,0.001,0.002,0.0005,0.9995,0.0005,0.001,82574.2,22221.79,82434.18,0,2026-09-12T12:00:00Z,2026-10-04T00:00:00Z,2026-10-04T00:00:00Z,,,,structured,,,,,,,,2026-09-17T17:14:05+00:00,https://kalshi.com/markets/kxdpworldtour/dp-world-tour-tournament-winner/kxdpworldtour-bmpc26,True
polymarket,0x731c27aefb57d0b1651451f7f867370918fc5a0d72c7f0f7164513cd4ee050dc,https://polymarket.com/event/cs2-baks-g2a-2026-09-17/cs2-baks-g2a-2026-09-17,Counter-Strike: BakS eSports vs G2 Ares (BO3) - NODWIN Clutch Series Group Stage,Match Winner,1035462,Counter-Strike: BakS eSports vs G2 Ares (BO3) - NODWIN Clutch Series Group Stage,cs2-baks-g2a-2026-09-17,Counter-Strike: BakS eSports vs G2 Ares (BO3) - NODWIN Clutch Series Group Stage,,[],open,binary,0.63,0.64,0.64,0.635,0.365,0.635,0.01,22253.569421,22141.218069,,20815.0738,2026-09-16T22:45:25Z,2026-09-17T23:45:00Z,2026-09-17T23:45:00Z,,,,,,,,,"[""BakS eSports"", ""G2 Ares""]","[0.635, 0.365]",87798050939406679928155740131363625739232476861738766481581247342401725656155,2026-09-17T17:13:45+00:00,,
kalshi,KXDPWORLDTOUR-BMPC26-NELV,https://kalshi.com/markets/kxdpworldtour/dp-world-tour-tournament-winner,Will Nacho Elvira win the BMW PGA Championship?,Nacho Elvira,KXDPWORLDTOUR-BMPC26,BMW PGA Championship Winner,KXDPWORLDTOUR,DP World Tour Tournament Winner,Sports,"[""Golf""]",open,binary,0.005,0.008,0.008,0.0065,0.9935,0.0065,0.003,33762.29,22121.64,33762.29,0,2026-09-12T12:00:00Z,2026-10-04T00:00:00Z,2026-10-04T00:00:00Z,,,,structured,,,,,,,,2026-09-17T17:14:05+00:00,https://kalshi.com/markets/kxdpworldtour/dp-world-tour-tournament-winner/kxdpworldtour-bmpc26,True
kalshi,KXWTAMATCH-26SEP17BUCBEJ-BEJ,https://kalshi.com/markets/kxwtamatch/wta-tennis-match,Sara Bejlek wins,Sara Bejlek,KXWTAMATCH-26SEP17BUCBEJ,Bucsa vs Bejlek,KXWTAMATCH,WTA Tennis Match,Sports,"[""Tennis""]",open,binary,0.65,0.66,0.66,0.655,0.345,0.655,0.01,22084.06,22084.06,21934.25,0,2026-09-16T18:05:00Z,2026-10-01T18:00:00Z,2026-10-01T18:00:00Z,,,,structured,,,,,,,,2026-09-17T17:13:49+00:00,https://kalshi.com/markets/kxwtamatch/wta-tennis-match/kxwtamatch-26sep17bucbej,True
kalshi,KXWTAMATCH-26SEP17BUCBEJ-BUC,https://kalshi.com/markets/kxwtamatch/wta-tennis-match,Cristina Bucsa wins,Cristina Bucsa,KXWTAMATCH-26SEP17BUCBEJ,Bucsa vs Bejlek,KXWTAMATCH,WTA Tennis Match,Sports,"[""Tennis""]",open,binary,0.34,0.35,0.35,0.345,0.655,0.345,0.01,22230.74,22028.74,21622.67,0,2026-09-16T18:05:00Z,2026-10-01T18:00:00Z,2026-10-01T18:00:00Z,,,,structured,,,,,,,,2026-09-17T17:13:49+00:00,https://kalshi.com/markets/kxwtamatch/wta-tennis-match/kxwtamatch-26sep17bucbej,True
kalshi,KXPGAR1LEAD-BICA26-LHOD,https://kalshi.com/markets/kxpgar1lead/pga-round-1-leader,Lee Hodges leads at the end of Round 1,Lee Hodges,KXPGAR1LEAD-BICA26,Biltmore Championship Asheville End of Round 1 Leader,KXPGAR1LEAD,PGA Round 1 Leader,Sports,"[""Golf""]",open,binary,0,0.001,0.012,0.0005,0.9995,0.0005,0.001,36896.37,22004.29,36895.37,0,2026-09-14T00:10:00Z,2026-10-04T00:00:00Z,2026-10-04T00:00:00Z,,,,structured,,,,,,,,2026-09-17T17:14:02+00:00,https://kalshi.com/markets/kxpgar1lead/pga-round-1-leader/kxpgar1lead-bica26,True
polymarket,0x247eabb5ea2c716c277c52c35c91e65e5c7d016318e85b91e9f9e78411568034,https://polymarket.com/event/which-party-will-gain-most-seats-in-russian-parliamentary-election/will-civic-platform-gp-gain-the-most-seats-in-the-next-russian-parliamentary-election,Will Civic Platform (GP) gain the most seats in the next Russian parliamentary election?,Civic Platform (GP),149589,Which party will gain most seats in Russian Parliamentary Election?,which-party-will-gain-most-seats-in-russian-parliamentary-election,Which party will gain most seats in Russian Parliamentary Election?,,[],open,binary,,0.001,0.001,0.0005,0.9995,0.0005,0.001,1359575.91316,22000,,408073.67096,2026-01-07T21:34:53.83938Z,2026-09-30T00:00:00Z,2026-09-30T00:00:00Z,,,,,,,,,"[""Yes"", ""No""]","[0.0005, 0.9995]",106109254765178784001232684460224065703140408002174591140412495710780632731396,2026-09-17T17:13:45+00:00,,
kalshi,KXNFLGAME-26SEP20GBNYJ-GB,https://kalshi.com/markets/kxnflgame/professional-football-game,Green Bay wins,Green Bay,KXNFLGAME-26SEP20GBNYJ,GB Packers vs NY Jets,KXNFLGAME,Professional Football Game,Sports,"[""Football""]",open,binary,0.62,0.63,0.63,0.625,0.375,0.625,0.01,129733.79,21982.12,120505.07,0,2026-08-25T15:33:00Z,2026-09-22T17:00:00Z,2026-09-22T17:00:00Z,,,,structured,,,,,,,,2026-09-17T17:14:18+00:00,https://kalshi.com/markets/kxnflgame/professional-football-game/kxnflgame-26sep20gbnyj,True
kalshi,KXOSCARACTO-27-PED,https://kalshi.com/markets/kxoscaracto/oscar-for-best-actor,Will Pedro Pascal win Best Actor at the Oscars?,Pedro Pascal,KXOSCARACTO-27,Oscar Winner: Best Actor,KXOSCARACTO,Oscar for Best Actor,Entertainment,"[""Oscars"", ""Awards""]",open,binary,0,0.02,0.01,0.01,0.99,0.01,0.02,37643.08,21971.28,36809.08,0,2026-07-28T18:00:00Z,2027-12-31T15:00:00Z,2027-12-31T15:00:00Z,,,,custom,,,,,,,,2026-09-17T17:14:27+00:00,https://kalshi.com/markets/kxoscaracto/oscar-for-best-actor/kxoscaracto-27,True
kalshi,KXIPHONERELEASE-IPHONE18-26OCT01,https://kalshi.com/markets/kxiphonerelease/iphone,"Will Apple Inc. release iPhone 18 before Oct 1, 2026?",Before October,KXIPHONERELEASE-IPHONE18,When will Apple release the iPhone 18?,KXIPHONERELEASE,iPhone,Financials,"[""Product launches"", ""Compute"", ""Companies""]",open,binary,0,0.01,0.01,0.005,0.995,0.005,0.01,3283390.85,21921.13,1392844.24,0,2025-12-31T03:00:00Z,2026-10-01T03:59:00Z,2026-10-08T14:00:00Z,,,,,,,,,,,,2026-09-17T17:14:45+00:00,https://kalshi.com/markets/kxiphonerelease/iphone/kxiphonerelease-iphone18,True
kalshi,KXWNBAGAME-26SEP17WSHCHI-CHI,https://kalshi.com/markets/kxwnbagame/women-s-pro-basketball-game,Chicago wins,Chicago,KXWNBAGAME-26SEP17WSHCHI,Washington vs Chicago,KXWNBAGAME,Women's Pro Basketball Game,Sports,"[""Basketball""]",open,binary,0.47,0.48,0.48,0.475,0.525,0.475,0.01,22419.82,21907.25,22328.02,0,2026-09-15T00:10:00Z,2026-09-20T00:00:00Z,2026-09-20T00:00:00Z,,,,structured,,,,,,,,2026-09-17T17:13:56+00:00,https://kalshi.com/markets/kxwnbagame/women-s-pro-basketball-game/kxwnbagame-26sep17wshchi,True
polymarket,0x04816f7f30a810111bd4e3d7e06952889f81f280f23370f2ff59323d9a202cca,https://polymarket.com/event/pro-football-2027-champion-20260729185915366/will-the-green-bay-packers-win-the-2027-nfl-league-championship,Will the Green Bay Packers win the 2027 NFL league championship?,Green Bay Packers,202857,Pro Football: 2027 Champion,pro-football-2027-champion-20260729185915366,Pro Football: 2027 Champion,,[],open,binary,0.027,0.028,0.027,0.0275,0.9725,0.0275,0.001,1591309.712959,21895.17,,132129.81168,2026-02-09T00:42:55.886Z,2027-03-31T23:55:00Z,2027-03-31T23:55:00Z,,,,,,,,0.2,"[""Yes"", ""No""]","[0.0275, 0.9725]",35735014075537072843409037792992988369227546626755131549045738083250548567488,2026-09-17T17:13:45+00:00,,
polymarket,0xabd8d6e072c56f4c92114dbab0402e5998e8ef20b1e21e68d7471ee99e719a5b,https://polymarket.com/event/lal-bet-get-2026-09-17-exact-score/lal-bet-get-2026-09-17-exact-score-0-2,Exact Score: Real Betis Balompié 0 - 2 Getafe CF?,Real Betis Balompié 0 - 2 Getafe CF,963042,Real Betis Balompié vs. Getafe CF - Exact Score,lal-bet-get-2026-09-17-exact-score,Real Betis Balompié vs. Getafe CF - Exact Score,,[],open,binary,0.015,0.016,0.016,0.0155,0.9845,0.0155,0.001,21955.831766,21889.231151,,56380.33062,2026-09-04T06:00:43Z,2026-09-17T17:00:00Z,2026-09-17T17:00:00Z,,,,,,,,-0.6,"[""Yes"", ""No""]","[0.0155, 0.9845]",78933651094203053869921913474051080664411689085871331065177369061133691551702,2026-09-17T17:13:45+00:00,,
polymarket,0xd50c016598c499fceea10a1a714e48d9b4953487fe215daeaf916068fae722f1,https://polymarket.com/event/iowa-senate-election-winner/will-the-democrats-win-the-iowa-senate-race-in-2026,Will the Democrats win the Iowa Senate race in 2026?,Josh Turek (D),57647,Iowa Senate Election Winner,iowa-senate-election-winner,Iowa Senate Election Winner,,[],open,binary,0.39,0.4,0.4,0.395,0.605,0.395,0.01,179170.216859,21855.034089999994,,100635.6387,2025-10-13T22:29:26.556095Z,,,,,,,,,,-1,"[""Yes"", ""No""]","[0.395, 0.605]",90689690530039118737607894922148077480097700217322320781526913496162509181445,2026-09-17T17:13:45+00:00,,
polymarket,0x9cfa888e1d3fc507da8df1a381b9ca121f3542a9fe709e8e9d7eac41fbd45f13,https://polymarket.com/event/uefa-champions-league-2027-champion-20260701202025549/will-fenerbahe-win-the-2026-27-uefa-champions-league-championship,Will Fenerbahçe win the 2026-27 UEFA Champions League Championship?,Fenerbahçe,659671,UEFA Champions League: 2027 Champion,uefa-champions-league-2027-champion-20260701202025549,UEFA Champions League: 2027 Champion,,[],open,binary,0.002,0.003,0.003,0.0025,0.9975,0.0025,0.001,355256.8053320001,21840.196667,,317241.05617,2026-07-02T19:05:23.424Z,2027-05-30T23:59:00Z,2027-05-30T23:59:00Z,,,,,,,,,"[""Yes"", ""No""]","[0.0025, 0.9975]",105987988627088062917900078472998990392914885926056840667798015309483025020431,2026-09-17T17:13:45+00:00,,
polymarket,0xe43c44c30f5273c40230fa97502ed58fb25629b0fab382e88941e11255ba6027,https://polymarket.com/event/egy1-zef-elq-2026-09-14/egy1-zef-elq-2026-09-14-zef,Will ZED FC win on 2026-09-14?,ZED FC,943490,ZED FC vs. El Qanah Club,egy1-zef-elq-2026-09-14,ZED FC vs. El Qanah Club,,[],open,binary,0.999,1,0.999,0.9995,0.0005,0.9995,0.001,22047.984174,21827.234174000005,,131920.87229,2026-08-31T19:00:18Z,2026-09-17T14:00:00Z,2026-09-17T14:00:00Z,,,,,,,,52.45,"[""Yes"", ""No""]","[0.9995, 0.0005]",57453965196388496619010889683901616627803300336071401020108235725519956371552,2026-09-17T17:13:45+00:00,,
polymarket,0x3fd189cac9280dfc49a07115581e8d4c9e0b7e1c1e8580a44e9ff3d74e39cf2d,https://polymarket.com/event/michigan-senate-election-winner/will-the-republicans-win-the-michigan-senate-race-in-2026,Will the Republicans win the Michigan Senate race in 2026?,Mike Rogers (R),57658,Michigan Senate Election Winner,michigan-senate-election-winner,Michigan Senate Election Winner,,[],open,binary,0.33,0.34,0.33,0.335,0.665,0.335,0.01,366314.70326699986,21738.640964000002,,134942.8211,2025-10-13T21:45:17.492648Z,,,,,,,,,,-6,"[""Yes"", ""No""]","[0.335, 0.665]",1046980875306043125128331871114794349002409233139736033870402475326170083426,2026-09-17T17:13:45+00:00,,
kalshi,KXMLBPLAYOFFS-26-SD,https://kalshi.com/markets/kxmlbplayoffs/pro-baseball-playoff-qualifiers,Pro Baseball Playoff Qualifiers,San Diego,KXMLBPLAYOFFS-26,Pro Baseball Playoff Qualifiers,KXMLBPLAYOFFS,Pro Baseball Playoff Qualifiers,Sports,"[""Baseball""]",open,binary,0.88,0.89,0.88,0.885,0.115,0.885,0.01,290007.12,21732.28,109845.27,0,2025-12-17T15:00:00Z,2026-11-01T15:00:00Z,2026-11-01T15:00:00Z,,,,structured,,,,,,,,2026-09-17T17:14:46+00:00,https://kalshi.com/markets/kxmlbplayoffs/pro-baseball-playoff-qualifiers/kxmlbplayoffs-26,True
kalshi,KXPGATOUR-BICA26-ASMO,https://kalshi.com/markets/kxpgatour/pga-tour,Will Austin Smotherman win the Biltmore Championship Asheville?,Austin Smotherman,KXPGATOUR-BICA26,Biltmore Championship Asheville Winner,KXPGATOUR,PGA Tour,Sports,"[""Golf""]",open,binary,0.003,0.005,0.006,0.004,0.996,0.004,0.002,132775.17,21722.81,132775.17,0,2026-09-13T23:05:00Z,2026-10-04T00:00:00Z,2026-10-04T00:00:00Z,,,,structured,,,,,,,,2026-09-17T17:14:02+00:00,https://kalshi.com/markets/kxpgatour/pga-tour/kxpgatour-bica26,True
kalshi,KXSOL15M-26SEP171315-15,https://kalshi.com/markets/kxsol15m/solana-15-minutes,SOL price up in next 15 mins?,Target Price: $101.2533,KXSOL15M-26SEP171315,SOL 15 min · $101.2533 target,KXSOL15M,Solana 15 minutes,Crypto,"[""15 min"", ""SOL"", ""15 Min Markets""]",open,binary,0.15,0.18,0.15,0.165,0.835,0.165,0.03,48522.06,21701.08,14762.09,0,2026-09-17T17:00:00Z,2026-09-17T17:15:00Z,2026-09-24T17:15:00Z,,,,greater_or_equal,101.2533,,,,,,,2026-09-17T17:13:49+00:00,https://kalshi.com/markets/kxsol15m/solana-15-minutes/kxsol15m-26sep171315,True
polymarket,0x825aa4592b3efdae16abb105be20cddfb02f643dd836d2f3121d1ba7e4700059,https://polymarket.com/event/openai-announces-another-millennium-prize-solution-by/will-openai-announce-another-millennium-prize-solution-by-september-30-2026,"Will OpenAI announce another Millennium Prize solution by September 30, 2026?","September 30, 2026",994461,OpenAI announces another Millennium Prize solution by...?,openai-announces-another-millennium-prize-solution-by,OpenAI announces another Millennium Prize solution by...?,,[],open,binary,0.15,0.17,0.15,0.16,0.84,0.16,0.02,117686.40634999999,21698.666621999997,,22150.9909,2026-09-09T16:00:14Z,2026-10-01T03:59:00Z,2026-10-01T03:59:00Z,,,,,,,,-1.5,"[""Yes"", ""No""]","[0.16, 0.84]",64212255472604180559122022021927000909748611025332694849360483180562685648523,2026-09-17T17:13:45+00:00,,
polymarket,0x3151179d4ef102502808169a119affdc0076e94f44353a57f0f869b1b4ea592e,https://polymarket.com/event/wta-linana-masarov-2026-09-17/wta-linana-masarov-2026-09-17,Valencia: Alicia Herrero Linana vs Rebeka Masarova,,1030293,Valencia: Alicia Herrero Linana vs Rebeka Masarova,wta-linana-masarov-2026-09-17,Valencia: Alicia Herrero Linana vs Rebeka Masarova,,[],open,binary,0.74,0.75,0.76,0.745,0.255,0.745,0.01,135607.454439,21677.045155000007,,174135.9273,2026-09-15T22:14:35Z,2026-09-24T08:00:00Z,2026-09-24T08:00:00Z,,,,,,,,44.5,"[""Alicia Herrero Linana"", ""Rebeka Masarova""]","[0.745, 0.255]",46994722005244527699275093857675735689899293013337363142212482864159339634627,2026-09-17T17:13:45+00:00,,
kalshi,KXMLBTOTAL-26SEP171915PHINYM-9,https://kalshi.com/markets/kxmlbtotal/pro-baseball-total-points,Over 8.5 runs scored,Over 8.5 runs scored,KXMLBTOTAL-26SEP171915PHINYM,Philadelphia vs New York M: Total Runs,KXMLBTOTAL,Pro Baseball Total Points,Sports,"[""Baseball""]",open,binary,0.47,0.49,0.48,0.48,0.52,0.48,0.02,22253.11,21646.2,20440.32,0,2026-09-17T00:50:00Z,2026-09-20T23:15:00Z,2026-09-20T23:15:00Z,,,,greater,8.5,,,,,,,2026-09-17T17:13:47+00:00,https://kalshi.com/markets/kxmlbtotal/pro-baseball-total-points/kxmlbtotal-26sep171915phinym,True
polymarket,0x8e79b74eddb68d732dbf8b9aacdfcff12c9a921593fc648c026335987fb5d7a1,https://polymarket.com/event/itf-banerj1-eldin1-2026-09-17/itf-banerj1-eldin1-2026-09-17,M25 Nevers: Samir Banerjee vs Robin Eldin,,1034894,M25 Nevers: Samir Banerjee vs Robin Eldin,itf-banerj1-eldin1-2026-09-17,M25 Nevers: Samir Banerjee vs Robin Eldin,,[],open,binary,0.917,0.928,0.932,0.9225,0.0775,0.9225,0.011,23159.8462,21644.015688999996,,42401.21093,2026-09-16T19:59:46Z,2026-09-24T13:00:00Z,2026-09-24T13:00:00Z,,,,,,,,,"[""Samir Banerjee"", ""Robin Eldin""]","[0.9225, 0.0775]",91672538442702893412968881933072077293750945646991477179197962553864579115315,2026-09-17T17:13:45+00:00,,
polymarket,0xbb12ad2ac9c3e69ebd2022a8f705d7f758a4c6027f43dc44df4e5ec5ed1c285f,https://polymarket.com/event/saudi-oil-pipeline-east-west-restarts-byptptpt/saudi-oil-pipeline-east-west-restarts-by-september-22,Saudi Oil Pipeline (East-West) restarts by September 22?,September 22,1007040,Saudi Oil Pipeline (East-West) restarts by...?,saudi-oil-pipeline-east-west-restarts-byptptpt,Saudi Oil Pipeline (East-West) restarts by...?,,[],open,binary,0.34,0.35,0.37,0.345,0.655,0.345,0.01,21643.93498800005,21643.934988,,9117.4214,2026-09-16T16:45:27Z,2026-09-23T03:59:00Z,2026-09-23T03:59:00Z,,,,,,,,-14,"[""Yes"", ""No""]","[0.345, 0.655]",87266978732211933168073432062093122806126065729609291682581790026920118196061,2026-09-17T17:13:45+00:00,,
polymarket,0x5c881188a151876e13d8bf67c36c03e34ce851bd5fbc2163288e9e45b93ef46c,https://polymarket.com/event/friedrich-merz-out-as-chancellor-of-germany-before-2027/friedrich-merz-out-as-chancellor-of-germany-before-september-30-2026,"Friedrich Merz out as Chancellor of Germany before September 30, 2026","September 30, 2026",73223,Friedrich Merz out as Chancellor of Germany by...?,friedrich-merz-out-as-chancellor-of-germany-before-2027,Friedrich Merz out as Chancellor of Germany by...?,,[],open,binary,0.05,0.06,0.06,0.055,0.945,0.055,0.01,40768.293057999996,21575.806396999997,,38288.8565,2026-09-15T20:35:19Z,2027-01-01T04:59:00Z,2027-01-01T04:59:00Z,,,,,,,,-0.5,"[""Yes"", ""No""]","[0.055, 0.945]",84892001538852055287218688654528340750818992714167699779212044679284912722528,2026-09-17T17:13:45+00:00,,
kalshi,KXDPWORLDTOUR-BMPC26-LDON,https://kalshi.com/markets/kxdpworldtour/dp-world-tour-tournament-winner,Will Luke Donald win the BMW PGA Championship?,Luke Donald,KXDPWORLDTOUR-BMPC26,BMW PGA Championship Winner,KXDPWORLDTOUR,DP World Tour Tournament Winner,Sports,"[""Golf""]",open,binary,0,0.001,0.007,0.0005,0.9995,0.0005,0.001,44891.48,21570.05,44891.48,0,2026-09-12T12:00:00Z,2026-10-04T00:00:00Z,2026-10-04T00:00:00Z,,,,structured,,,,,,,,2026-09-17T17:14:05+00:00,https://kalshi.com/markets/kxdpworldtour/dp-world-tour-tournament-winner/kxdpworldtour-bmpc26,True
kalshi,KXHIGHMIA-26SEP17-T84,https://kalshi.com/markets/kxhighmia/highest-temperature-in-miami,"Will the maximum temperature be <84° on Sep 17, 2026?",83° or below,KXHIGHMIA-26SEP17,"Highest temperature in Miami on Sep 17, 2026?",KXHIGHMIA,Highest temperature in Miami,Climate and Weather,"[""Daily temperature""]",open,binary,0.73,0.76,0.76,0.745,0.255,0.745,0.03,22192.45,21553.31,12822.19,0,2026-09-16T14:00:00Z,2026-09-18T05:00:00Z,2026-09-24T14:00:00Z,,,,less,,84,CLIMIA,,,,,2026-09-17T17:13:50+00:00,https://kalshi.com/markets/kxhighmia/highest-temperature-in-miami/kxhighmia-26sep17,True
kalshi,KXNFLGAME-26SEP20CARATL-CAR,https://kalshi.com/markets/kxnflgame/professional-football-game,Carolina wins,Carolina,KXNFLGAME-26SEP20CARATL,CAR Panthers vs ATL Falcons,KXNFLGAME,Professional Football Game,Sports,"[""Football""]",open,binary,0.56,0.57,0.57,0.565,0.435,0.565,0.01,105113.59,21536.13,81909.36,0,2026-08-25T15:33:00Z,2026-09-22T17:00:00Z,2026-09-22T17:00:00Z,,,,structured,,,,,,,,2026-09-17T17:14:18+00:00,https://kalshi.com/markets/kxnflgame/professional-football-game/kxnflgame-26sep20caratl,True
kalshi,KXNCAAFGAME-26SEP19AKRMINN-MINN,https://kalshi.com/markets/kxncaafgame/college-football-game,Minnesota wins,Minnesota,KXNCAAFGAME-26SEP19AKRMINN,Akron vs Minnesota,KXNCAAFGAME,College Football Game,Sports,"[""Football""]",open,binary,0.94,0.95,0.95,0.945,0.055,0.945,0.01,32156.63,21443.74,30062.64,0,2026-09-05T16:08:00Z,2026-09-21T16:00:00Z,2026-09-21T16:00:00Z,,,,structured,,,,,,,,2026-09-17T17:14:13+00:00,https://kalshi.com/markets/kxncaafgame/college-football-game/kxncaafgame-26sep19akrminn,True
kalshi,KXLALIGA1HTOTAL-26SEP17RBBGET-2,https://kalshi.com/markets/kxlaliga1htotal/1st-half-total,Over 1.5 1H goals scored,Over 1.5 1H goals scored,KXLALIGA1HTOTAL-26SEP17RBBGET,Real Betis vs Getafe: First Half Total,KXLALIGA1HTOTAL,1st Half Total,Sports,"[""Soccer""]",open,binary,0.26,0.29,0.29,0.275,0.725,0.275,0.03,23245.06,21422.99,22425.91,0,2026-09-15T17:06:00Z,2026-09-19T17:00:00Z,2026-09-19T17:00:00Z,,,,greater,1.5,,,,,,,2026-09-17T17:13:54+00:00,https://kalshi.com/markets/kxlaliga1htotal/1st-half-total/kxlaliga1htotal-26sep17rbbget,True
polymarket,0x55bb1d91c916e12a734a57b9e2f2c93e8a27a5c51107ea7bb6a8247ad6a24737,https://polymarket.com/event/uel-lev2-rbs-2026-09-17/uel-lev2-rbs-2026-09-17-lev2,Will PFK Levski Sofia win on 2026-09-17?,PFK Levski Sofia,960207,PFK Levski Sofia vs. FC Red Bull Salzburg,uel-lev2-rbs-2026-09-17,PFK Levski Sofia vs. FC Red Bull Salzburg,,[],open,binary,0.25,0.26,0.27,0.255,0.745,0.255,0.01,23346.112866999985,21400.860796999998,,94034.2413,2026-09-03T18:30:19Z,2026-09-17T16:45:00Z,2026-09-17T16:45:00Z,,,,,,,,-6,"[""Yes"", ""No""]","[0.255, 0.745]",111090693227692323711758635849416262105651081022017741109355527047203744329184,2026-09-17T17:13:45+00:00,,
kalshi,KXDPWORLDTOUR-BMPC26-JLUI,https://kalshi.com/markets/kxdpworldtour/dp-world-tour-tournament-winner,Will Joost Luiten win the BMW PGA Championship?,Joost Luiten,KXDPWORLDTOUR-BMPC26,BMW PGA Championship Winner,KXDPWORLDTOUR,DP World Tour Tournament Winner,Sports,"[""Golf""]",open,binary,0,0.002,0.001,0.001,0.999,0.001,0.002,25944.07,21364.01,25944.07,0,2026-09-12T12:00:00Z,2026-10-04T00:00:00Z,2026-10-04T00:00:00Z,,,,structured,,,,,,,,2026-09-17T17:14:05+00:00,https://kalshi.com/markets/kxdpworldtour/dp-world-tour-tournament-winner/kxdpworldtour-bmpc26,True
kalshi,KXDPWORLDTOUR-BMPC26-ELOP,https://kalshi.com/markets/kxdpworldtour/dp-world-tour-tournament-winner,Will Eugenio Lopez-Chacarra win the BMW PGA Championship?,Eugenio Lopez-Chacarra,KXDPWORLDTOUR-BMPC26,BMW PGA Championship Winner,KXDPWORLDTOUR,DP World Tour Tournament Winner,Sports,"[""Golf""]",open,binary,0,0.067,0.034,0.0335,0.9665,0.0335,0.067,42150.94,21300.39,39128.4,0,2026-09-12T12:00:00Z,2026-10-04T00:00:00Z,2026-10-04T00:00:00Z,,,,structured,,,,,,,,2026-09-17T17:14:05+00:00,https://kalshi.com/markets/kxdpworldtour/dp-world-tour-tournament-winner/kxdpworldtour-bmpc26,True
kalshi,KXWTI-26SEP1714-T100.99,https://kalshi.com/markets/kxwti/wti-oil-on-day,"Will the WTI crude oil settlement price be above 100.99 USD/Bbl on Sep 17, 2026?",Above $100.99,KXWTI-26SEP1714,"Oil Price (WTI) on Sep 17, 2026?",KXWTI,WTI oil on day,Commodities,"[""Oil & Gas""]",open,binary,0,0.01,0.01,0.005,0.995,0.005,0.01,22942.15,21284.63,22043.71,0,2026-09-15T23:30:00Z,2026-09-17T18:30:00Z,2026-09-24T19:30:00Z,,,,greater,100.99,,,,,,,2026-09-17T17:13:53+00:00,https://kalshi.com/markets/kxwti/wti-oil-on-day/kxwti-26sep1714,True
kalshi,KXRATECUTCOUNT-26DEC31-T7,https://kalshi.com/markets/kxratecutcount/number-of-rate-cuts,Will the Fed cut rates 7 times?,Exactly 7 cuts,KXRATECUTCOUNT-26DEC31,Number of rate cuts in 2026?,KXRATECUTCOUNT,Number of rate cuts,Economics,"[""Fed""]",open,binary,0,0.002,0.001,0.001,0.999,0.001,0.002,361755.64,21260.17,274742.62,0,2025-09-29T14:00:00Z,2027-01-01T04:59:00Z,2027-01-01T15:00:00Z,,,,between,7,7,,,,,,2026-09-17T17:14:47+00:00,https://kalshi.com/markets/kxratecutcount/number-of-rate-cuts/kxratecutcount-26dec31,True
polymarket,0x19d24b7bf6788c439af031a8f8d4f268d0fbfafa4bed056bf3e851f9bee1be95,https://polymarket.com/event/bitcoin-up-or-down-september-17-2026-12pm-et/bitcoin-up-or-down-september-17-2026-12pm-et,"Bitcoin Up or Down - September 17, 12PM ET",,1028594,"Bitcoin Up or Down - September 17, 12PM ET",bitcoin-up-or-down-september-17-2026-12pm-et,"Bitcoin Up or Down - September 17, 12PM ET",,[],open,binary,,0.001,0.05,0.0005,0.9995,0.0005,0.001,33658.034264999995,21246.573754,,55490.7371,2026-09-15T16:00:14Z,2026-09-17T17:00:00Z,2026-09-17T17:00:00Z,,,,,,,,-49.95,"[""Up"", ""Down""]","[0.0005, 0.9995]",85381250049136051792661036856560742747581466161931037865747832938331554767729,2026-09-17T17:13:45+00:00,,
kalshi,KXMAYORLA-26-KBAS,https://kalshi.com/markets/kxmayorla/la,Who will win Los Angeles Mayoral Election?,Karen Bass,KXMAYORLA-26,Los Angeles Mayor winner?,KXMAYORLA,LA,Elections,"[""US Elections"", ""Other US Elections""]",open,binary,0.61,0.62,0.61,0.615,0.385,0.615,0.01,15596754.21,21238.91,5967502.32,0,2025-07-09T14:00:00Z,2027-06-02T14:00:00Z,2027-06-02T14:00:00Z,,,,custom,,,,,,,,2026-09-17T17:14:47+00:00,https://kalshi.com/markets/kxmayorla/la/kxmayorla-26,True
kalshi,KXUELBTTS-26SEP17OFITSG-BTTS,https://kalshi.com/markets/kxuelbtts/europa-league-btts,Both Teams To Score,Both Teams To Score,KXUELBTTS-26SEP17OFITSG,OFI Crete vs Hoffenheim: BTTS,KXUELBTTS,Europa League BTTS,Sports,"[""Soccer""]",open,binary,0.36,0.37,0.37,0.365,0.635,0.365,0.01,24965.15,21189.56,19374.21,0,2026-09-10T17:10:00Z,2026-09-19T16:45:00Z,2026-09-19T16:45:00Z,,,,,,,,,,,,2026-09-17T17:14:11+00:00,https://kalshi.com/markets/kxuelbtts/europa-league-btts/kxuelbtts-26sep17ofitsg,True
polymarket,0x8e29cb5c6b8d6b8d259114ffca2796fb378d1e0575f8362fb93f4cb174fad405,https://polymarket.com/event/pro-football-2027-champion-20260729185915366/will-the-denver-broncos-win-the-2027-nfl-league-championship,Will the Denver Broncos win the 2027 NFL league championship?,Denver Broncos,202857,Pro Football: 2027 Champion,pro-football-2027-champion-20260729185915366,Pro Football: 2027 Champion,,[],open,binary,0.037,0.038,0.038,0.0375,0.9625,0.0375,0.001,1679875.8062949998,21181.925108,,177029.08651,2026-02-09T00:42:43.859Z,2027-03-31T23:55:00Z,2027-03-31T23:55:00Z,,,,,,,,0.2,"[""Yes"", ""No""]","[0.0375, 0.9625]",32552965104139234418306396081841371197890264315094634472674018857038790114219,2026-09-17T17:13:45+00:00,,
kalshi,KXBTCMAXMON-BTC-26SEP30-9500000,https://kalshi.com/markets/kxbtcmaxmon/bitcoin-monthly-one-touch,"Will BTC trimmed mean be above $95000.00 by 11:59 PM ET on Sep 30, 2026?","Above $95,000.00",KXBTCMAXMON-BTC-26SEP30,How high will BTC get in September?,KXBTCMAXMON,Bitcoin monthly one touch,Crypto,"[""BTC""]",open,binary,0.01,0.02,0.02,0.015,0.985,0.015,0.01,119240.56,21161.97,52501.81,0,2026-09-01T04:10:00Z,2026-10-01T03:59:59Z,2026-10-08T03:59:59Z,,,,greater,95000,,,,,,,2026-09-17T17:14:15+00:00,https://kalshi.com/markets/kxbtcmaxmon/bitcoin-monthly-one-touch/kxbtcmaxmon-btc-26sep30,True
kalshi,KXNCAAFGAME-26SEP17SYRPITT-PITT,https://kalshi.com/markets/kxncaafgame/college-football-game,Pittsburgh wins,Pittsburgh,KXNCAAFGAME-26SEP17SYRPITT,Syracuse vs Pittsburgh,KXNCAAFGAME,College Football Game,Sports,"[""Football""]",open,binary,0.78,0.79,0.78,0.785,0.215,0.785,0.01,55940.47,21140.43,50578.37,0,2026-09-04T01:08:00Z,2026-09-19T23:30:00Z,2026-09-19T23:30:00Z,,,,structured,,,,,,,,2026-09-17T17:14:13+00:00,https://kalshi.com/markets/kxncaafgame/college-football-game/kxncaafgame-26sep17syrpitt,True
kalshi,KXELECTIONBILL-27JAN01,https://kalshi.com/markets/kxelectionbill/will-proof-of-citizenship-be-required-for-federal-voter-registration,"Will legislation that requires proof of U.S. citizenship as a condition of registering to vote in federal elections become law before Jan 1, 2027?","Before Jan 1, 2027",KXELECTIONBILL,Will the SAVE America Act become law?,KXELECTIONBILL,Will proof of citizenship be required for federal voter registration?,Politics,"[""Congress""]",open,binary,0.04,0.047,0.033,0.0435,0.9565,0.0435,0.007,1228560.46,21136.71,390023.48,0,2026-02-11T15:00:00Z,2027-01-01T15:00:00Z,2027-01-01T15:00:00Z,,,,custom,,,,,,,,2026-09-17T17:14:44+00:00,https://kalshi.com/markets/kxelectionbill/will-proof-of-citizenship-be-required-for-federal-voter-registration/kxelectionbill,True
kalshi,KXMLBTOTAL-26SEP171510SDCOL-13,https://kalshi.com/markets/kxmlbtotal/pro-baseball-total-points,Over 12.5 runs scored,Over 12.5 runs scored,KXMLBTOTAL-26SEP171510SDCOL,San Diego vs Colorado: Total Runs,KXMLBTOTAL,Pro Baseball Total Points,Sports,"[""Baseball""]",open,binary,0.36,0.37,0.37,0.365,0.635,0.365,0.01,21112.88,21112.88,20288.11,0,2026-09-16T18:50:00Z,2026-09-20T19:10:00Z,2026-09-20T19:10:00Z,,,,greater,12.5,,,,,,,2026-09-17T17:13:49+00:00,https://kalshi.com/markets/kxmlbtotal/pro-baseball-total-points/kxmlbtotal-26sep171510sdcol,True
kalshi,KXRECSSNBER-26,https://kalshi.com/markets/kxrecssnber/recession,Will there be a recession in 2026?,Starts,KXRECSSNBER-26,Recession this year?,KXRECSSNBER,Recession,Economics,"[""Growth""]",open,binary,0.04,0.05,0.05,0.045,0.955,0.045,0.01,3516475.84,21091.25,927266.62,0,2025-07-14T14:00:00Z,2027-01-31T13:25:00Z,2027-02-07T15:00:00Z,,,,,,,,,,,,2026-09-17T17:14:47+00:00,https://kalshi.com/markets/kxrecssnber/recession/kxrecssnber-26,True
polymarket,0x98d10cdc6d4f3ada316d9c46b27769d00e0ef3cef9b829cbe8d7ae7c3c5d2147,https://polymarket.com/event/egy1-zef-elq-2026-09-14/egy1-zef-elq-2026-09-14-draw,Will ZED FC vs. El Qanah Club end in a draw?,Draw (ZED FC vs. El Qanah Club),943490,ZED FC vs. El Qanah Club,egy1-zef-elq-2026-09-14,ZED FC vs. El Qanah Club,,[],open,binary,,0.001,0.01,0.0005,0.9995,0.0005,0.001,21067.343736,21067.343736,,79410.9862,2026-08-31T19:00:18Z,2026-09-17T14:00:00Z,2026-09-17T14:00:00Z,,,,,,,,-32.95,"[""Yes"", ""No""]","[0.0005, 0.9995]",64726220242428400295995380585559459369087989841607380815417855393559808678375,2026-09-17T17:13:45+00:00,,
kalshi,KXNASDAQ100U-26SEP17H1600-T29529.99,https://kalshi.com/markets/kxnasdaq100u/nasdaq-above-below,"Will the Nasdaq-100 be above 29529.99 at the end of Sep 17, 2026 at 4pm EDT?","29,530 or above",KXNASDAQ100U-26SEP17H1600,"Nasdaq-100 price on Sep 17, 2026 at 4pm EDT?",KXNASDAQ100U,Nasdaq above/below,Financials,"[""Indices""]",open,binary,0.07,0.09,0.11,0.08,0.92,0.08,0.02,21055.25,21055.25,21054.25,0,2026-09-16T20:00:00Z,2026-09-17T20:00:00Z,2026-09-24T23:00:00Z,,,,greater_or_equal,29530,,,,,,,2026-09-17T17:13:51+00:00,https://kalshi.com/markets/kxnasdaq100u/nasdaq-above-below/kxnasdaq100u-26sep17h1600,True
polymarket,0xee2fb6d9f90bca0e1dfeb1fd7a210604cc58d4fa3bc69cd37af3da092535d86f,https://polymarket.com/event/russia-elections-yabloko-clears-duma-threshold/russia-elections-yabloko-clears-duma-threshold,Russia Elections: Yabloko Clears Duma Threshold?,,810897,Russia Elections: Yabloko Clears Duma Threshold?,russia-elections-yabloko-clears-duma-threshold,Russia Elections: Yabloko Clears Duma Threshold?,,[],open,binary,0.001,0.003,0.002,0.002,0.998,0.002,0.002,862758.576427,21032.426985,,126700.34565,2026-08-07T13:58:59.922923Z,2026-09-20T23:59:00Z,2026-09-20T23:59:00Z,,,,,,,,-0.2,"[""Yes"", ""No""]","[0.002, 0.998]",53938116805276830683919041437743773303353714680866385496289111834806866901451,2026-09-17T17:13:45+00:00,,
kalshi,KXLALIGAGAME-26SEP19SEVBAR-SEV,https://kalshi.com/markets/kxlaligagame/la-liga-game,Sevilla wins,Sevilla,KXLALIGAGAME-26SEP19SEVBAR,Sevilla vs Barcelona,KXLALIGAGAME,La Liga Game,Sports,"[""Soccer""]",open,binary,0.06,0.07,0.07,0.065,0.935,0.065,0.01,46356.25,20990.59,39871.8,0,2026-09-05T00:42:00Z,2026-09-22T01:00:00Z,2026-09-22T01:00:00Z,,,,structured,,,,,,,,2026-09-17T17:14:13+00:00,https://kalshi.com/markets/kxlaligagame/la-liga-game/kxlaligagame-26sep19sevbar,True
kalshi,KXPGAR1LEAD-BICA26-RCAM,https://kalshi.com/markets/kxpgar1lead/pga-round-1-leader,Rafael Campos leads at the end of Round 1,Rafael Campos,KXPGAR1LEAD-BICA26,Biltmore Championship Asheville End of Round 1 Leader,KXPGAR1LEAD,PGA Round 1 Leader,Sports,"[""Golf""]",open,binary,0,0.01,0.003,0.005,0.995,0.005,0.01,27895.68,20957.72,27895.68,0,2026-09-14T00:10:00Z,2026-10-04T00:00:00Z,2026-10-04T00:00:00Z,,,,structured,,,,,,,,2026-09-17T17:14:02+00:00,https://kalshi.com/markets/kxpgar1lead/pga-round-1-leader/kxpgar1lead-bica26,True
kalshi,KXMLBHR-26SEP171240LADCIN-LADKTUCKER23-1,https://kalshi.com/markets/kxmlbhr/pro-baseball-home-runs,Kyle Tucker: 1+ home runs?,Kyle Tucker: 1+,KXMLBHR-26SEP171240LADCIN,Los Angeles D vs Cincinnati: Home Runs,KXMLBHR,Pro Baseball Home Runs,Sports,"[""Baseball""]",open,binary,0.99,1,0.99,0.995,0.005,0.995,0.01,21003.87,20955.87,19358.82,0,2026-09-17T14:50:00Z,2026-09-20T16:40:00Z,2026-09-20T16:40:00Z,,,,greater,0.5,,,,,,,2026-09-17T17:13:46+00:00,https://kalshi.com/markets/kxmlbhr/pro-baseball-home-runs/kxmlbhr-26sep171240ladcin,True
kalshi,KXMLBSPREAD-26SEP171240LADCIN-LAD4,https://kalshi.com/markets/kxmlbspread/pro-baseball-spread,Los Angeles D wins by over 3.5 runs?,Los Angeles D wins by over 3.5 runs,KXMLBSPREAD-26SEP171240LADCIN,Los Angeles D vs Cincinnati: Spread,KXMLBSPREAD,Pro Baseball Spread,Sports,"[""Baseball""]",open,binary,0.59,0.6,0.6,0.595,0.405,0.595,0.01,23572.31,20938.95,17419.49,0,2026-09-17T00:50:00Z,2026-09-20T16:40:00Z,2026-09-20T16:40:00Z,,,,greater,3.5,,,,,,,2026-09-17T17:13:47+00:00,https://kalshi.com/markets/kxmlbspread/pro-baseball-spread/kxmlbspread-26sep171240ladcin,True
kalshi,KXDPWORLDTOURR1LEAD-BMPC26-MFIT,https://kalshi.com/markets/kxdpworldtourr1lead/dp-world-tour-r1-leader,Matt Fitzpatrick leads at the end of Round 1,Matt Fitzpatrick,KXDPWORLDTOURR1LEAD-BMPC26,BMW PGA Championship End of Round 1 Leader,KXDPWORLDTOURR1LEAD,DP World Tour R1 Leader,Sports,"[""Golf""]",open,binary,0,0.01,0.002,0.005,0.995,0.005,0.01,22501.73,20933.23,19024.07,0,2026-09-14T00:10:00Z,2026-10-04T00:00:00Z,2026-10-04T00:00:00Z,,,,structured,,,,,,,,2026-09-17T17:14:02+00:00,https://kalshi.com/markets/kxdpworldtourr1lead/dp-world-tour-r1-leader/kxdpworldtourr1lead-bmpc26,True
polymarket,0xe29b33ef5bf351c8a22bfd79f8b58e62649d54ceee6f9735387cef79f52fecae,https://polymarket.com/event/presidential-election-winner-2028/will-wes-moore-win-the-2028-us-presidential-election,Will Wes Moore win the 2028 US Presidential Election?,Wes Moore,31552,Presidential Election Winner 2028,presidential-election-winner-2028,Presidential Election Winner 2028,,[],open,binary,0.008,0.009,0.009,0.0085,0.9915,0.0085,0.001,12636394.950542005,20879.53382,,230183.70139,2025-07-11T19:05:54.748Z,2028-11-07T00:00:00Z,2028-11-07T00:00:00Z,,,,,,,,,"[""Yes"", ""No""]","[0.0085, 0.9915]",35272507273162958827997790327967872292415567859334925862043618606081750011897,2026-09-17T17:13:45+00:00,,
polymarket,0x777c36cb439b5a8cf54d2449c2d355f91fc50d7c076caad4deaf97c749489392,https://polymarket.com/event/epl-2027-champion-20260701200428749/will-manchester-united-win-the-2026-27-english-premier-league-epl-championship-20260701200428762,Will Manchester United win the 2026-27 English Premier League (EPL) Championship?,Manchester United,659518,EPL: 2027 Champion,epl-2027-champion-20260701200428749,EPL: 2027 Champion,,[],open,binary,0.014,0.015,0.014,0.0145,0.9855,0.0145,0.001,719278.909933,20703.425124,,608528.79524,2026-07-02T18:14:05.694422Z,2027-05-30T23:59:00Z,2027-05-30T23:59:00Z,,,,,,,,,"[""Yes"", ""No""]","[0.0145, 0.9855]",73050236093508473398082398966067213274195424600650056280148681977814431775527,2026-09-17T17:13:45+00:00,,
kalshi,KXPGAROUNDSCORE-BICA26R1-JBRI67,https://kalshi.com/markets/kxpgaroundscore/golf-round-scores,Will Jacob Bridgeman shoot under 67.5 in Round 1?,R1: Jacob Bridgeman under 67.5 strokes,KXPGAROUNDSCORE-BICA26R1,Biltmore Championship Asheville: Round 1 Scores,KXPGAROUNDSCORE,Golf Round Scores,Sports,"[""Golf""]",open,binary,0.41,0.48,0.48,0.445,0.555,0.445,0.07,20689.06,20689.06,19132.73,0,2026-09-16T15:50:00Z,2026-10-03T02:00:00Z,2026-10-03T02:00:00Z,,,,less,,68,,,,,,2026-09-17T17:13:50+00:00,https://kalshi.com/markets/kxpgaroundscore/golf-round-scores/kxpgaroundscore-bica26r1,True
kalshi,KXLLM1-26DEC31-META,https://kalshi.com/markets/kxllm1/year-end-top-llm,"Best AI on Dec 31, 2026?",Muse Spark,KXLLM1-26DEC31,Best AI at the end of 2026?,KXLLM1,Year-end top LLM,Science and Technology,"[""AI""]",open,binary,0.02,0.021,0.02,0.0205,0.9795,0.0205,0.001,1204331.71,20647.13,738955.61,0,2026-01-01T15:00:00Z,2026-12-31T15:00:00Z,2027-01-31T15:00:00Z,,,,custom,,,,,,,,2026-09-17T17:14:45+00:00,https://kalshi.com/markets/kxllm1/year-end-top-llm/kxllm1-26dec31,True
kalshi,KXOSCARPIC-27-DEB,https://kalshi.com/markets/kxoscarpic/oscar-for-best-picture,Will The Debut win Best Picture at the Oscars?,The Debut,KXOSCARPIC-27,Oscar Winner: Best Picture,KXOSCARPIC,Oscar for Best Picture,Entertainment,"[""Oscars"", ""Awards""]",open,binary,0.04,0.05,0.04,0.045,0.955,0.045,0.01,232205.93,20573.96,218326.76,0,2026-06-23T00:35:00Z,2027-12-31T15:00:00Z,2027-12-31T15:00:00Z,,,,custom,,,,,,,,2026-09-17T17:14:32+00:00,https://kalshi.com/markets/kxoscarpic/oscar-for-best-picture/kxoscarpic-27,True
kalshi,KXNASDAQ100U-26SEP17H1600-T29559.99,https://kalshi.com/markets/kxnasdaq100u/nasdaq-above-below,"Will the Nasdaq-100 be above 29559.99 at the end of Sep 17, 2026 at 4pm EDT?","29,560 or above",KXNASDAQ100U-26SEP17H1600,"Nasdaq-100 price on Sep 17, 2026 at 4pm EDT?",KXNASDAQ100U,Nasdaq above/below,Financials,"[""Indices""]",open,binary,0.03,0.05,0.07,0.04,0.96,0.04,0.02,20545.86,20545.86,20020.86,0,2026-09-16T20:00:00Z,2026-09-17T20:00:00Z,2026-09-24T23:00:00Z,,,,greater_or_equal,29560,,,,,,,2026-09-17T17:13:51+00:00,https://kalshi.com/markets/kxnasdaq100u/nasdaq-above-below/kxnasdaq100u-26sep17h1600,True
polymarket,0xc771628162ee0100dc74e1c71c14ed067c3cc0f90e85e9f2c1038a33967c52a5,https://polymarket.com/event/pro-football-2027-champion-20260729185915366/will-the-las-vegas-raiders-win-the-2027-nfl-league-championship,Will the Las Vegas Raiders win the 2027 NFL league championship?,Las Vegas Raiders,202857,Pro Football: 2027 Champion,pro-football-2027-champion-20260729185915366,Pro Football: 2027 Champion,,[],open,binary,0.004,0.005,0.005,0.0045,0.9955,0.0045,0.001,1724845.6111820005,20527.9,,219678.0978,2026-02-09T00:43:26.218Z,2027-03-31T23:55:00Z,2027-03-31T23:55:00Z,,,,,,,,0.1,"[""Yes"", ""No""]","[0.0045, 0.9955]",59226162751411958698158426899722532714096625688096542121038780675009172335910,2026-09-17T17:13:45+00:00,,
kalshi,KXUELGAME-26SEP17VIKUSG-USG,https://kalshi.com/markets/kxuelgame/uefa-europa-league-game,Union Gilloise wins,Union Gilloise,KXUELGAME-26SEP17VIKUSG,Plzen vs Union Gilloise,KXUELGAME,UEFA Europa League Game,Sports,"[""Soccer""]",open,binary,0.34,0.35,0.36,0.345,0.655,0.345,0.01,21085.38,20517.67,20243.31,0,2026-09-03T00:39:00Z,2026-09-20T01:00:00Z,2026-09-20T01:00:00Z,,,,structured,,,,,,,,2026-09-17T17:14:14+00:00,https://kalshi.com/markets/kxuelgame/uefa-europa-league-game/kxuelgame-26sep17vikusg,True
polymarket,0x4092815fea8f91e60586882d45fa2f61bfca8a36d595f47fdea9eec5d2893025,https://polymarket.com/event/fed-rate-cut-by-629/fed-rate-cut-by-october-2026-meeting-199-747,Fed rate cut by October 2026 meeting?,October 2026 Meeting,106884,Fed rate cut by...?,fed-rate-cut-by-629,Fed rate cut by...?,,[],open,binary,0.013,0.016,0.015,0.0145,0.9855,0.0145,0.003,167502.350137,20473.051746,,77058.23298,2026-02-26T00:29:16.263921Z,2026-11-08T04:59:00Z,2026-11-08T04:59:00Z,,,,,,,,-1.6,"[""Yes"", ""No""]","[0.0145, 0.9855]",44988145651657165705599548149732848615827306030030294113026805446816695818477,2026-09-17T17:13:45+00:00,,
polymarket,0x8f9a4ff725d4f23ac1eea6c611a21193a629de0a6af74f8a28c08fef37908183,https://polymarket.com/event/lal-lev-bil-2026-09-16-more-markets/lal-lev-bil-2026-09-16-total-4pt5,Levante UD vs. Athletic Club: O/U 4.5,O/U 4.5,958057,Levante UD vs. Athletic Club - More Markets,lal-lev-bil-2026-09-16-more-markets,Levante UD vs. Athletic Club - More Markets,,[],open,binary,0.04,0.99,0.17,0.515,0.485,0.515,0.95,21565.440904,20449.764251,,3.12,2026-09-03T07:00:30Z,2026-09-16T19:30:00Z,2026-09-16T19:30:00Z,,,,,,,,35,"[""Over"", ""Under""]","[0.515, 0.485]",28135682221930142782158517113684269519163870311285639657352725858533882342688,2026-09-17T17:13:45+00:00,,
kalshi,KXDPWORLDTOUR-BMPC26-EFER,https://kalshi.com/markets/kxdpworldtour/dp-world-tour-tournament-winner,Will Ewen Ferguson win the BMW PGA Championship?,Ewen Ferguson,KXDPWORLDTOUR-BMPC26,BMW PGA Championship Winner,KXDPWORLDTOUR,DP World Tour Tournament Winner,Sports,"[""Golf""]",open,binary,0.019,0.02,0.013,0.0195,0.9805,0.0195,0.001,78251.6,20372.96,65289.34,0,2026-09-12T12:00:00Z,2026-10-04T00:00:00Z,2026-10-04T00:00:00Z,,,,structured,,,,,,,,2026-09-17T17:14:05+00:00,https://kalshi.com/markets/kxdpworldtour/dp-world-tour-tournament-winner/kxdpworldtour-bmpc26,True
polymarket,0x934225abdf22ea08692f5411dd43ea16d859e7b30b880dbe521d8fc2cc3f013f,https://polymarket.com/event/next-french-presidential-election/will-sbastien-lecornu-win-the-2027-french-presidential-election,Will Sébastien Lecornu win the 2027 French presidential election?,Sébastien Lecornu,79987,Next French Presidential Election,next-french-presidential-election,Next French Presidential Election,,[],open,binary,0.006,0.007,0.007,0.0065,0.9935,0.0065,0.001,1742582.027756,20339.66305,,217847.76835,2025-11-13T23:09:54.364Z,2027-04-30T00:00:00Z,2027-04-30T00:00:00Z,,,,,,,,-0.2,"[""Yes"", ""No""]","[0.0065, 0.9935]",56479574037559870494474863426788778064776404338812899351171813846265674472432,2026-09-17T17:13:45+00:00,,
kalshi,KXNASCARRACE-BASPSN26-RYBL,https://kalshi.com/markets/kxnascarrace/nascar-race,Cup Series: Ryan Blaney wins,Ryan Blaney,KXNASCARRACE-BASPSN26,Bass Pro Shops Night Race Winner,KXNASCARRACE,NASCAR Race,Sports,"[""Motorsport""]",open,binary,0.13,0.14,0.14,0.135,0.865,0.135,0.01,37790.7,20324.75,37751.84,0,2026-09-14T21:05:00Z,2026-09-27T05:30:00Z,2026-09-27T05:30:00Z,,,,structured,,,,,,,,2026-09-17T17:13:57+00:00,https://kalshi.com/markets/kxnascarrace/nascar-race/kxnascarrace-baspsn26,True
kalshi,KXKFTOUR-NACHC26-RSTE,https://kalshi.com/markets/kxkftour/korn-ferry-tour,Will Ross Steelman win the Nationwide Children's Hospital Championship?,Ross Steelman,KXKFTOUR-NACHC26,Nationwide Children's Hospital Championship Winner,KXKFTOUR,Korn Ferry Tour,Sports,"[""Golf""]",open,binary,0.022,0.098,0.089,0.06,0.94,0.06,0.076,29240.88,20300.77,24032.37,0,2026-09-13T23:05:00Z,2026-10-04T00:00:00Z,2026-10-04T00:00:00Z,,,,structured,,,,,,,,2026-09-17T17:14:02+00:00,https://kalshi.com/markets/kxkftour/korn-ferry-tour/kxkftour-nachc26,True
kalshi,KXHIGHNY-26SEP17-B84.5,https://kalshi.com/markets/kxhighny/highest-temperature-in-nyc,"Will the maximum temperature be 84-85° on Sep 17, 2026?",84° to 85°,KXHIGHNY-26SEP17,"Highest temperature in New York City on Sep 17, 2026?",KXHIGHNY,Highest temperature in NYC,Climate and Weather,"[""Daily temperature""]",open,binary,0.06,0.1,0.07,0.08,0.92,0.08,0.04,20549.56,20290.99,10853.47,0,2026-09-16T14:00:00Z,2026-09-18T05:00:00Z,2026-09-24T14:00:00Z,,,,between,84,85,CLINYC,,,,,2026-09-17T17:13:50+00:00,https://kalshi.com/markets/kxhighny/highest-temperature-in-nyc/kxhighny-26sep17,True
kalshi,KXRT-RES-98,https://kalshi.com/markets/kxrt/rotten-tomatoes-scores,Resident Evil Rotten Tomatoes score?,Above 98,KXRT-RES,Resident Evil · Rotten Tomatoes score,KXRT,Rotten Tomatoes Scores,Entertainment,"[""Rotten Tomatoes""]",open,binary,0,0.01,0.01,0.005,0.995,0.005,0.01,20199.02,20199.02,17050.53,0,2026-09-16T23:00:00Z,2026-09-21T14:00:00Z,2026-09-28T14:00:00Z,,,,greater,98,,,,,,,2026-09-17T17:13:48+00:00,https://kalshi.com/markets/kxrt/rotten-tomatoes-scores/kxrt-res,True
polymarket,0xb6adced89d1a2825fae95de69649a2f389396879772e1cbe85d39038a482990b,https://polymarket.com/event/elon-musk-of-tweets-september-15-september-22-2026/elon-musk-of-tweets-september-15-september-22-2026-120-139,"Will Elon Musk post 120-139 tweets from September 15 to September 22, 2026?",120-139,1008064,"Elon Musk # tweets September 15 - September 22, 2026?",elon-musk-of-tweets-september-15-september-22-2026,"Elon Musk # tweets September 15 - September 22, 2026?",,[],open,binary,0.014,0.017,0.013,0.0155,0.9845,0.0155,0.003,46326.256844,20167.444875,,24111.60087,2026-09-12T04:00:36Z,2026-09-22T16:00:00Z,2026-09-22T16:00:00Z,,,,,,,,-0.75,"[""Yes"", ""No""]","[0.0155, 0.9845]",48984704419652144023290812930526216083751526746548373330703497170106881705771,2026-09-17T17:13:45+00:00,,
kalshi,KXMLBALCENT-26-CWS,https://kalshi.com/markets/kxmlbalcent/american-league-central-winner,Will Chicago WS be the 2026 AL Central Division Winner,Chicago WS,KXMLBALCENT-26,AL Central Division Winner,KXMLBALCENT,American League Central Winner,Sports,"[""Baseball""]",open,binary,0.51,0.52,0.52,0.515,0.485,0.515,0.01,471274.55,20166.13,219079.91,0,2025-12-17T15:00:00Z,2026-11-15T04:00:00Z,2026-11-15T04:00:00Z,,,,structured,,,,,,,,2026-09-17T17:14:46+00:00,https://kalshi.com/markets/kxmlbalcent/american-league-central-winner/kxmlbalcent-26,True
kalshi,KXNCAAF-27-FLA,https://kalshi.com/markets/kxncaaf/ncaaf-championship,Will Florida win the College Football Playoff National Championship?,Florida,KXNCAAF-27,College Football National Championship Winner,KXNCAAF,NCAAF Championship,Sports,"[""Football""]",open,binary,0,0.01,0.01,0.005,0.995,0.005,0.01,346374.24,20154.83,339176.32,0,2026-01-21T22:00:00Z,2027-02-23T04:00:00Z,2027-02-23T04:00:00Z,,,,structured,,,,,,,,2026-09-17T17:14:45+00:00,https://kalshi.com/markets/kxncaaf/ncaaf-championship/kxncaaf-27,True
kalshi,KXNFLSPREAD-26SEP21NYGLAR-LAR10,https://kalshi.com/markets/kxnflspread/pro-football-spread,Los Angeles R wins by over 9.5 points?,Los Angeles R wins by over 9.5 points,KXNFLSPREAD-26SEP21NYGLAR,New York G vs Los Angeles R: Spread,KXNFLSPREAD,Pro Football Spread,Sports,"[""Football""]",open,binary,0.43,0.44,0.44,0.435,0.565,0.435,0.01,20382.19,20149.55,20240.33,0,2026-09-15T01:05:00Z,2026-09-24T00:15:00Z,2026-09-24T00:15:00Z,,,,greater,9.5,,,,,,,2026-09-17T17:13:55+00:00,https://kalshi.com/markets/kxnflspread/pro-football-spread/kxnflspread-26sep21nyglar,True
polymarket,0x94521176f57d2ce81dde01e0b7699ca4279423042d37ed53908f0c8bfefe7e14,https://polymarket.com/event/texas-senate-election-winner/will-the-republicans-win-the-texas-senate-race-in-2026,Will the Republicans win the Texas Senate race in 2026?,Ken Paxton (R),57672,Texas Senate Election Winner,texas-senate-election-winner,Texas Senate Election Winner,,[],open,binary,0.42,0.43,0.42,0.425,0.575,0.425,0.01,735014.746801,20112.57923,,185036.4044,2025-10-13T21:28:56.505Z,,,,,,,,,,-1,"[""Yes"", ""No""]","[0.425, 0.575]",21265207456609426291246075480390336499088453711419597084147957999650569091884,2026-09-17T17:13:45+00:00,,
kalshi,KXNCAAFTOTAL-26SEP17SYRPITT-46,https://kalshi.com/markets/kxncaaftotal/college-football-total-points,Over 45.5 points scored,Over 45.5 points scored,KXNCAAFTOTAL-26SEP17SYRPITT,Syracuse vs Pittsburgh: Total Points,KXNCAAFTOTAL,College Football Total Points,Sports,"[""Football""]",open,binary,0.62,0.63,0.64,0.625,0.375,0.625,0.01,20572.06,20063.17,20005.79,0,2026-09-11T01:07:00Z,2026-09-19T23:30:00Z,2026-09-19T23:30:00Z,,,,greater,45.5,,,,,,,2026-09-17T17:14:06+00:00,https://kalshi.com/markets/kxncaaftotal/college-football-total-points/kxncaaftotal-26sep17syrpitt,True
kalshi,KXNASDAQ100U-26SEP17H1600-T28959.99,https://kalshi.com/markets/kxnasdaq100u/nasdaq-above-below,"Will the Nasdaq-100 be above 28959.99 at the end of Sep 17, 2026 at 4pm EDT?","28,960 or above",KXNASDAQ100U-26SEP17H1600,"Nasdaq-100 price on Sep 17, 2026 at 4pm EDT?",KXNASDAQ100U,Nasdaq above/below,Financials,"[""Indices""]",open,binary,0.99,1,0.93,0.995,0.005,0.995,0.01,20000,20000,20000,0,2026-09-16T20:00:00Z,2026-09-17T20:00:00Z,2026-09-24T23:00:00Z,,,,greater_or_equal,28960,,,,,,,2026-09-17T17:13:51+00:00,https://kalshi.com/markets/kxnasdaq100u/nasdaq-above-below/kxnasdaq100u-26sep17h1600,True
kalshi,KXMLBHR-26SEP171510SDCOL-SDJMERRILL3-1,https://kalshi.com/markets/kxmlbhr/pro-baseball-home-runs,Jackson Merrill: 1+ home runs?,Jackson Merrill: 1+,KXMLBHR-26SEP171510SDCOL,San Diego vs Colorado: Home Runs,KXMLBHR,Pro Baseball Home Runs,Sports,"[""Baseball""]",open,binary,0.21,0.22,0.22,0.215,0.785,0.215,0.01,19997.18,19997.18,18859.1,0,2026-09-17T04:10:00Z,2026-09-20T19:10:00Z,2026-09-20T19:10:00Z,,,,greater,0.5,,,,,,,2026-09-17T17:13:47+00:00,https://kalshi.com/markets/kxmlbhr/pro-baseball-home-runs/kxmlbhr-26sep171510sdcol,True
polymarket,0x2f112a1cd954debe3438caac411ca4395cc53be0e1580a5802ab42618b94aff7,https://polymarket.com/event/russia-elections-united-russia-wins-every-region/russia-elections-united-russia-wins-every-region,Russia Elections: United Russia Wins Every Region?,,810896,Russia Elections: United Russia Wins Every Region?,russia-elections-united-russia-wins-every-region,Russia Elections: United Russia Wins Every Region?,,[],open,binary,0.63,0.64,0.64,0.635,0.365,0.635,0.01,443556.634374,19987.207115,,100971.6653,2026-08-07T13:56:35.582258Z,2026-09-20T23:59:00Z,2026-09-20T23:59:00Z,,,,,,,,-0.5,"[""Yes"", ""No""]","[0.635, 0.365]",34349914026097401057128861099057880661380967396881948920123251373255308524355,2026-09-17T17:13:45+00:00,,
kalshi,KXNEXTPRESSEC-29JAN21-DALV,https://kalshi.com/markets/kxnextpressec/who-will-be-trump-s-next-press-secretary,Will Danielle Alvarez be the next White House Press Secretary of United States?,Danielle Alvarez,KXNEXTPRESSEC-29JAN21,Who will be Trump's next Press Secretary?,KXNEXTPRESSEC,Who will be Trump's next Press Secretary?,Politics,"[""Trump""]",open,binary,0.03,0.05,0.05,0.04,0.96,0.04,0.02,138616.31,19978.98,103136.5,0,2026-08-13T15:00:00Z,2029-01-21T15:00:00Z,2029-01-21T15:00:00Z,,,,custom,,,,,,,,2026-09-17T17:14:23+00:00,https://kalshi.com/markets/kxnextpressec/who-will-be-trump-s-next-press-secretary/kxnextpressec-29jan21,True
kalshi,KXWTI-26SEP1714-T95.49,https://kalshi.com/markets/kxwti/wti-oil-on-day,"Will the WTI crude oil settlement price be above 95.49 USD/Bbl on Sep 17, 2026?",Above $95.49,KXWTI-26SEP1714,"Oil Price (WTI) on Sep 17, 2026?",KXWTI,WTI oil on day,Commodities,"[""Oil & Gas""]",open,binary,0.98,0.99,0.98,0.985,0.015,0.985,0.01,22014.32,19925.57,13643.28,0,2026-09-15T23:30:00Z,2026-09-17T18:30:00Z,2026-09-24T19:30:00Z,,,,greater,95.49,,,,,,,2026-09-17T17:13:53+00:00,https://kalshi.com/markets/kxwti/wti-oil-on-day/kxwti-26sep1714,True
kalshi,KXLALIGAGAME-26SEP17MCFVIL-TIE,https://kalshi.com/markets/kxlaligagame/la-liga-game,Tie is the result,Tie,KXLALIGAGAME-26SEP17MCFVIL,Malaga vs Villarreal,KXLALIGAGAME,La Liga Game,Sports,"[""Soccer""]",open,binary,0.24,0.25,0.25,0.245,0.755,0.245,0.01,21339.59,19908.77,17967.41,0,2026-09-03T00:37:00Z,2026-09-20T01:30:00Z,2026-09-20T01:30:00Z,,,,structured,,,,,,,,2026-09-17T17:14:14+00:00,https://kalshi.com/markets/kxlaligagame/la-liga-game/kxlaligagame-26sep17mcfvil,True
kalshi,KXWTACHALLENGERMATCH-26SEP17SOBSAM-SAM,https://kalshi.com/markets/kxwtachallengermatch/challenger-wta,Laura Samson wins,Laura Samson,KXWTACHALLENGERMATCH-26SEP17SOBSAM,Sobolieva vs Samson,KXWTACHALLENGERMATCH,Challenger WTA,Sports,"[""Tennis""]",open,binary,0.54,0.55,0.54,0.545,0.455,0.545,0.01,19905.21,19905.21,11661.05,0,2026-09-16T20:10:00Z,2026-10-01T08:00:00Z,2026-10-01T08:00:00Z,,,,structured,,,,,,,,2026-09-17T17:13:49+00:00,https://kalshi.com/markets/kxwtachallengermatch/challenger-wta/kxwtachallengermatch-26sep17sobsam,True
kalshi,KXNASCARRACE-BASPSN26-DEHA,https://kalshi.com/markets/kxnascarrace/nascar-race,Cup Series: Denny Hamlin wins,Denny Hamlin,KXNASCARRACE-BASPSN26,Bass Pro Shops Night Race Winner,KXNASCARRACE,NASCAR Race,Sports,"[""Motorsport""]",open,binary,0.13,0.14,0.14,0.135,0.865,0.135,0.01,30389.01,19901.49,30217.66,0,2026-09-14T21:05:00Z,2026-09-27T05:30:00Z,2026-09-27T05:30:00Z,,,,structured,,,,,,,,2026-09-17T17:13:57+00:00,https://kalshi.com/markets/kxnascarrace/nascar-race/kxnascarrace-baspsn26,True
kalshi,KXNFLFIRSTTD-26SEP17DETBUF-DETJGIBBS0,https://kalshi.com/markets/kxnflfirsttd/pro-football-first-touchdown,Jahmyr Gibbs: 1st Touchdown,Jahmyr Gibbs,KXNFLFIRSTTD-26SEP17DETBUF,Detroit vs Buffalo: 1st Touchdown,KXNFLFIRSTTD,Pro Football First Touchdown,Sports,"[""Football""]",open,binary,0.17,0.18,0.18,0.175,0.825,0.175,0.01,29465,19869,28108.62,0,2026-09-15T09:15:00Z,2026-09-20T00:15:00Z,2026-09-20T00:15:00Z,,,,structured,,,,,,,,2026-09-17T17:13:55+00:00,https://kalshi.com/markets/kxnflfirsttd/pro-football-first-touchdown/kxnflfirsttd-26sep17detbuf,True
kalshi,KXMLBHRR-26SEP171240LADCIN-CINEDELACRUZ44-2,https://kalshi.com/markets/kxmlbhrr/pro-baseball-hits-runs-rbis,Elly De La Cruz: 2+ hits + runs + RBIs?,Elly De La Cruz: 2+,KXMLBHRR-26SEP171240LADCIN,Los Angeles D vs Cincinnati: Hits + Runs + RBIs,KXMLBHRR,Pro Baseball Hits Runs RBIs,Sports,"[""Baseball""]",open,binary,0.41,0.45,0.44,0.43,0.57,0.43,0.04,19867.52,19858.78,19510.52,0,2026-09-17T03:40:00Z,2026-09-20T16:40:00Z,2026-09-20T16:40:00Z,,,,greater,1.5,,,,,,,2026-09-17T17:13:47+00:00,https://kalshi.com/markets/kxmlbhrr/pro-baseball-hits-runs-rbis/kxmlbhrr-26sep171240ladcin,True
kalshi,KXDPWORLDTOUR-BMPC26-CHOF,https://kalshi.com/markets/kxdpworldtour/dp-world-tour-tournament-winner,Will Charley Hoffman win the BMW PGA Championship?,Charley Hoffman,KXDPWORLDTOUR-BMPC26,BMW PGA Championship Winner,KXDPWORLDTOUR,DP World Tour Tournament Winner,Sports,"[""Golf""]",open,binary,0,0.001,0.001,0.0005,0.9995,0.0005,0.001,33453.79,19828.55,33453.79,0,2026-09-12T12:00:00Z,2026-10-04T00:00:00Z,2026-10-04T00:00:00Z,,,,structured,,,,,,,,2026-09-17T17:14:05+00:00,https://kalshi.com/markets/kxdpworldtour/dp-world-tour-tournament-winner/kxdpworldtour-bmpc26,True
polymarket,0x28cbf6b9acd920028094b55852724209c3880894d51c87efb278ec5da6ce46e5,https://polymarket.com/event/lal-lev-bil-2026-09-16/lal-lev-bil-2026-09-16-draw,Will Levante UD vs. Athletic Club end in a draw?,Draw (Levante UD vs. Athletic Club),957881,Levante UD vs. Athletic Club,lal-lev-bil-2026-09-16,Levante UD vs. Athletic Club,,[],open,binary,0.29,0.33,0.28,0.31,0.69,0.31,0.04,25363.415965999997,19801.808640999996,,5083.7831,2026-09-03T06:00:16Z,2026-09-16T19:30:00Z,2026-09-16T19:30:00Z,,,,,,,,3.5,"[""Yes"", ""No""]","[0.31, 0.69]",13075306507202359572553054494991721349672713776139190914900878568089390916058,2026-09-17T17:13:45+00:00,,
