source,id,url,event_url,title,outcome_label,event_id,event_title,series_id,series_title,category,tags,status,market_type,yes_bid,yes_ask,last_price,yes_price,no_price,implied_probability,spread,volume,volume_24h,open_interest,liquidity,open_time,close_time,expiration_time,settled_time,result,settlement_value,strike_type,floor_strike,cap_strike,settlement_station,can_close_early,fetched_at
kalshi,KXNCAAFGAME-26SEP18HOUTTU-HOU,https://kalshi.com/markets/kxncaafgame/college-football-game,https://kalshi.com/markets/kxncaafgame/college-football-game/kxncaafgame-26sep18houttu,Will Houston win the Houston vs Texas Tech college football game?,Houston,KXNCAAFGAME-26SEP18HOUTTU,Houston vs Texas Tech,KXNCAAFGAME,College Football Game,Sports,"[""Football""]",settled,binary,0,1,0.01,0.01,0.99,0.01,1,14794476.39,14439613.92,7078017.12,0,2026-05-20T19:09:00Z,2026-09-19T03:34:35Z,2026-09-21T00:00:00Z,,no,Texas Tech,structured,,,,True,2026-09-19T16:08:05+00:00
kalshi,KXNCAAFGAME-26SEP18MIAWAKE-WAKE,https://kalshi.com/markets/kxncaafgame/college-football-game,https://kalshi.com/markets/kxncaafgame/college-football-game/kxncaafgame-26sep18miawake,Wake Forest wins,Wake Forest,KXNCAAFGAME-26SEP18MIAWAKE,Miami (FL) vs Wake Forest,KXNCAAFGAME,College Football Game,Sports,"[""Football""]",settled,binary,0,1,0.01,0.01,0.99,0.01,1,10125538.55,9901509.6,6242557.16,0,2026-09-05T01:07:00Z,2026-09-19T03:14:42Z,2026-09-20T23:30:00Z,,no,Miami (FL),structured,,,,True,2026-09-19T16:08:06+00:00
kalshi,KXNCAAFGAME-26SEP18HOUTTU-TTU,https://kalshi.com/markets/kxncaafgame/college-football-game,https://kalshi.com/markets/kxncaafgame/college-football-game/kxncaafgame-26sep18houttu,Will Texas Tech win the Houston vs Texas Tech college football game?,Texas Tech,KXNCAAFGAME-26SEP18HOUTTU,Houston vs Texas Tech,KXNCAAFGAME,College Football Game,Sports,"[""Football""]",settled,binary,0,1,0.99,0.99,0.01,0.99,1,9334248.36,9220551.24,4373532.85,0,2026-05-20T19:09:00Z,2026-09-19T03:34:35Z,2026-09-21T00:00:00Z,,yes,Texas Tech,structured,,,,True,2026-09-19T16:08:05+00:00
kalshi,KXNCAAFGAME-26SEP18MIAWAKE-MIA,https://kalshi.com/markets/kxncaafgame/college-football-game,https://kalshi.com/markets/kxncaafgame/college-football-game/kxncaafgame-26sep18miawake,Miami (FL) wins,Miami (FL),KXNCAAFGAME-26SEP18MIAWAKE,Miami (FL) vs Wake Forest,KXNCAAFGAME,College Football Game,Sports,"[""Football""]",settled,binary,0,1,0.99,0.99,0.01,0.99,1,5859736.44,5517361.75,3364283.25,0,2026-09-05T01:07:00Z,2026-09-19T03:14:42Z,2026-09-20T23:30:00Z,,yes,Miami (FL),structured,,,,True,2026-09-19T16:08:06+00:00
kalshi,KXBTC15M-26SEP181245-45,https://kalshi.com/markets/kxbtc15m/bitcoin-price-up-down,https://kalshi.com/markets/kxbtc15m/bitcoin-price-up-down/kxbtc15m-26sep181245,BTC price up in next 15 mins?,"Target Price: $81,005.03",KXBTC15M-26SEP181245,"BTC 15 min · $81,005.03 target",KXBTC15M,Bitcoin price up down,Crypto,"[""BTC"", ""15 min""]",settled,binary,0,1,0.001,0.001,0.999,0.001,1,4804374.76,4804374.76,1173688.9,0,2026-09-18T16:30:00Z,2026-09-18T16:45:00Z,2026-09-25T16:45:00Z,,no,80966.65,greater_or_equal,81005.03,,,True,2026-09-19T16:08:45+00:00
kalshi,KXBTC15M-26SEP181445-45,https://kalshi.com/markets/kxbtc15m/bitcoin-price-up-down,https://kalshi.com/markets/kxbtc15m/bitcoin-price-up-down/kxbtc15m-26sep181445,BTC price up in next 15 mins?,"Target Price: $80,955.52",KXBTC15M-26SEP181445,"BTC 15 min · $80,955.52 target",KXBTC15M,Bitcoin price up down,Crypto,"[""BTC"", ""15 min""]",settled,binary,0,1,0.001,0.001,0.999,0.001,1,4788282.26,4788282.26,789090.37,0,2026-09-18T18:30:00Z,2026-09-18T18:45:00Z,2026-09-25T18:45:00Z,,no,80939.12,greater_or_equal,80955.52,,,True,2026-09-19T16:08:39+00:00
kalshi,KXBTC15M-26SEP181500-00,https://kalshi.com/markets/kxbtc15m/bitcoin-price-up-down,https://kalshi.com/markets/kxbtc15m/bitcoin-price-up-down/kxbtc15m-26sep181500,BTC price up in next 15 mins?,"Target Price: $80,939.12",KXBTC15M-26SEP181500,"BTC 15 min · $80,939.12 target",KXBTC15M,Bitcoin price up down,Crypto,"[""BTC"", ""15 min""]",settled,binary,0,1,0.001,0.001,0.999,0.001,1,4391934.37,4391934.37,787785.79,0,2026-09-18T18:45:00Z,2026-09-18T19:00:00Z,2026-09-25T19:00:00Z,,no,80933.92,greater_or_equal,80939.12,,,True,2026-09-19T16:08:38+00:00
kalshi,KXBTC15M-26SEP181600-00,https://kalshi.com/markets/kxbtc15m/bitcoin-price-up-down,https://kalshi.com/markets/kxbtc15m/bitcoin-price-up-down/kxbtc15m-26sep181600,BTC price up in next 15 mins?,"Target Price: $81,207.75",KXBTC15M-26SEP181600,"BTC 15 min · $81,207.75 target",KXBTC15M,Bitcoin price up down,Crypto,"[""BTC"", ""15 min""]",settled,binary,0,1,0.999,0.999,0.001,0.999,1,4225511.68,4225511.68,519030.13,0,2026-09-18T19:45:00Z,2026-09-18T20:00:00Z,2026-09-25T20:00:00Z,,yes,81210.88,greater_or_equal,81207.75,,,True,2026-09-19T16:08:35+00:00
kalshi,KXBTC15M-26SEP181545-45,https://kalshi.com/markets/kxbtc15m/bitcoin-price-up-down,https://kalshi.com/markets/kxbtc15m/bitcoin-price-up-down/kxbtc15m-26sep181545,BTC price up in next 15 mins?,"Target Price: $81,249.77",KXBTC15M-26SEP181545,"BTC 15 min · $81,249.77 target",KXBTC15M,Bitcoin price up down,Crypto,"[""BTC"", ""15 min""]",settled,binary,0,1,0.001,0.001,0.999,0.001,1,4060575.63,4060575.63,1180401.3,0,2026-09-18T19:30:00Z,2026-09-18T19:45:00Z,2026-09-25T19:45:00Z,,no,81207.75,greater_or_equal,81249.77,,,True,2026-09-19T16:08:36+00:00
kalshi,KXBTC15M-26SEP181515-15,https://kalshi.com/markets/kxbtc15m/bitcoin-price-up-down,https://kalshi.com/markets/kxbtc15m/bitcoin-price-up-down/kxbtc15m-26sep181515,BTC price up in next 15 mins?,"Target Price: $80,933.92",KXBTC15M-26SEP181515,"BTC 15 min · $80,933.92 target",KXBTC15M,Bitcoin price up down,Crypto,"[""BTC"", ""15 min""]",settled,binary,0,1,0.999,0.999,0.001,0.999,1,4058511.42,4058511.42,1712436.42,0,2026-09-18T19:00:00Z,2026-09-18T19:15:00Z,2026-09-25T19:15:00Z,,yes,81164.31,greater_or_equal,80933.92,,,True,2026-09-19T16:08:36+00:00
kalshi,KXBTC15M-26SEP181315-15,https://kalshi.com/markets/kxbtc15m/bitcoin-price-up-down,https://kalshi.com/markets/kxbtc15m/bitcoin-price-up-down/kxbtc15m-26sep181315,BTC price up in next 15 mins?,"Target Price: $80,828.52",KXBTC15M-26SEP181315,"BTC 15 min · $80,828.52 target",KXBTC15M,Bitcoin price up down,Crypto,"[""BTC"", ""15 min""]",settled,binary,0,1,0.999,0.999,0.001,0.999,1,4018531.31,4018531.31,670934.7,0,2026-09-18T17:00:00Z,2026-09-18T17:15:00Z,2026-09-25T17:15:00Z,,yes,80859.94,greater_or_equal,80828.52,,,True,2026-09-19T16:08:42+00:00
kalshi,KXBTC15M-26SEP181345-45,https://kalshi.com/markets/kxbtc15m/bitcoin-price-up-down,https://kalshi.com/markets/kxbtc15m/bitcoin-price-up-down/kxbtc15m-26sep181345,BTC price up in next 15 mins?,"Target Price: $80,729.20",KXBTC15M-26SEP181345,"BTC 15 min · $80,729.20 target",KXBTC15M,Bitcoin price up down,Crypto,"[""BTC"", ""15 min""]",settled,binary,0,1,0.999,0.999,0.001,0.999,1,3962190.22,3962190.22,616947.18,0,2026-09-18T17:30:00Z,2026-09-18T17:45:00Z,2026-09-25T17:45:00Z,,yes,80746.41,greater_or_equal,80729.2,,,True,2026-09-19T16:08:42+00:00
kalshi,KXEPLGAME-26SEP18BRECFC-CFC,https://kalshi.com/markets/kxeplgame/english-premier-league-game,https://kalshi.com/markets/kxeplgame/english-premier-league-game/kxeplgame-26sep18brecfc,Chelsea wins,Chelsea,KXEPLGAME-26SEP18BRECFC,Brentford vs Chelsea,KXEPLGAME,English Premier League Game,Sports,"[""Soccer""]",settled,binary,0,1,0.01,0.01,0.99,0.01,1,5190933.24,3956917.73,3415698.21,0,2026-09-04T00:36:00Z,2026-09-18T21:04:32Z,2026-09-21T01:00:00Z,,no,Brentford,structured,,,,True,2026-09-19T16:08:30+00:00
kalshi,KXBTC15M-26SEP181530-30,https://kalshi.com/markets/kxbtc15m/bitcoin-price-up-down,https://kalshi.com/markets/kxbtc15m/bitcoin-price-up-down/kxbtc15m-26sep181530,BTC price up in next 15 mins?,"Target Price: $81,164.31",KXBTC15M-26SEP181530,"BTC 15 min · $81,164.31 target",KXBTC15M,Bitcoin price up down,Crypto,"[""BTC"", ""15 min""]",settled,binary,0,1,0.999,0.999,0.001,0.999,1,3891198.98,3891198.98,854292.2,0,2026-09-18T19:15:00Z,2026-09-18T19:30:00Z,2026-09-25T19:30:00Z,,yes,81249.77,greater_or_equal,81164.31,,,True,2026-09-19T16:08:36+00:00
kalshi,KXBTC15M-26SEP181230-30,https://kalshi.com/markets/kxbtc15m/bitcoin-price-up-down,https://kalshi.com/markets/kxbtc15m/bitcoin-price-up-down/kxbtc15m-26sep181230,BTC price up in next 15 mins?,"Target Price: $80,887.34",KXBTC15M-26SEP181230,"BTC 15 min · $80,887.34 target",KXBTC15M,Bitcoin price up down,Crypto,"[""BTC"", ""15 min""]",settled,binary,0,1,0.999,0.999,0.001,0.999,1,3864232.96,3864232.96,839381.59,0,2026-09-18T16:15:00Z,2026-09-18T16:30:00Z,2026-09-25T16:30:00Z,,yes,81005.03,greater_or_equal,80887.34,,,True,2026-09-19T16:08:45+00:00
kalshi,KXLALIGAGAME-26SEP18ESPELC-ELC,https://kalshi.com/markets/kxlaligagame/la-liga-game,https://kalshi.com/markets/kxlaligagame/la-liga-game/kxlaligagame-26sep18espelc,Elche wins,Elche,KXLALIGAGAME-26SEP18ESPELC,Espanyol vs Elche,KXLALIGAGAME,La Liga Game,Sports,"[""Soccer""]",settled,binary,0,1,0.99,0.99,0.01,0.99,1,3858492.28,3770649.66,1958666.93,0,2026-09-04T00:37:00Z,2026-09-18T21:12:12Z,2026-09-21T01:00:00Z,,yes,Elche,structured,,,,True,2026-09-19T16:08:30+00:00
kalshi,KXBTC15M-26SEP181615-15,https://kalshi.com/markets/kxbtc15m/bitcoin-price-up-down,https://kalshi.com/markets/kxbtc15m/bitcoin-price-up-down/kxbtc15m-26sep181615,BTC price up in next 15 mins?,"Target Price: $81,210.88",KXBTC15M-26SEP181615,"BTC 15 min · $81,210.88 target",KXBTC15M,Bitcoin price up down,Crypto,"[""BTC"", ""15 min""]",settled,binary,0,1,0.001,0.001,0.999,0.001,1,3762668.83,3762668.83,1178132.66,0,2026-09-18T20:00:00Z,2026-09-18T20:15:00Z,2026-09-25T20:15:00Z,,no,81080.01,greater_or_equal,81210.88,,,True,2026-09-19T16:08:32+00:00
kalshi,KXBTC15M-26SEP181915-15,https://kalshi.com/markets/kxbtc15m/bitcoin-price-up-down,https://kalshi.com/markets/kxbtc15m/bitcoin-price-up-down/kxbtc15m-26sep181915,BTC price up in next 15 mins?,"Target Price: $81,141.05",KXBTC15M-26SEP181915,"BTC 15 min · $81,141.05 target",KXBTC15M,Bitcoin price up down,Crypto,"[""BTC"", ""15 min""]",settled,binary,0,1,0.999,0.999,0.001,0.999,1,3717734.78,3717734.78,886050.95,0,2026-09-18T23:00:00Z,2026-09-18T23:15:00Z,2026-09-25T23:15:00Z,,yes,81158.24,greater_or_equal,81141.05,,,True,2026-09-19T16:08:25+00:00
kalshi,KXBTC15M-26SEP181630-30,https://kalshi.com/markets/kxbtc15m/bitcoin-price-up-down,https://kalshi.com/markets/kxbtc15m/bitcoin-price-up-down/kxbtc15m-26sep181630,BTC price up in next 15 mins?,"Target Price: $81,080.01",KXBTC15M-26SEP181630,"BTC 15 min · $81,080.01 target",KXBTC15M,Bitcoin price up down,Crypto,"[""BTC"", ""15 min""]",settled,binary,0,1,0.001,0.001,0.999,0.001,1,3691740.02,3691740.02,1063035.91,0,2026-09-18T20:15:00Z,2026-09-18T20:30:00Z,2026-09-25T20:30:00Z,,no,81004.37,greater_or_equal,81080.01,,,True,2026-09-19T16:08:32+00:00
kalshi,KXBTC15M-26SEP181330-30,https://kalshi.com/markets/kxbtc15m/bitcoin-price-up-down,https://kalshi.com/markets/kxbtc15m/bitcoin-price-up-down/kxbtc15m-26sep181330,BTC price up in next 15 mins?,"Target Price: $80,859.94",KXBTC15M-26SEP181330,"BTC 15 min · $80,859.94 target",KXBTC15M,Bitcoin price up down,Crypto,"[""BTC"", ""15 min""]",settled,binary,0,1,0.001,0.001,0.999,0.001,1,3671895.54,3671895.54,1179243.13,0,2026-09-18T17:15:00Z,2026-09-18T17:30:00Z,2026-09-25T17:30:00Z,,no,80729.20,greater_or_equal,80859.94,,,True,2026-09-19T16:08:42+00:00
kalshi,KXBTC15M-26SEP181645-45,https://kalshi.com/markets/kxbtc15m/bitcoin-price-up-down,https://kalshi.com/markets/kxbtc15m/bitcoin-price-up-down/kxbtc15m-26sep181645,BTC price up in next 15 mins?,"Target Price: $81,004.37",KXBTC15M-26SEP181645,"BTC 15 min · $81,004.37 target",KXBTC15M,Bitcoin price up down,Crypto,"[""BTC"", ""15 min""]",settled,binary,0,1,0.999,0.999,0.001,0.999,1,3594874.45,3594874.45,922952.77,0,2026-09-18T20:30:00Z,2026-09-18T20:45:00Z,2026-09-25T20:45:00Z,,yes,81139.10,greater_or_equal,81004.37,,,True,2026-09-19T16:08:32+00:00
kalshi,KXWTAMATCH-26SEP18SAMSTE-SAM,https://kalshi.com/markets/kxwtamatch/wta-tennis-match,https://kalshi.com/markets/kxwtamatch/wta-tennis-match/kxwtamatch-26sep18samste,Liudmila Samsonova wins,Liudmila Samsonova,KXWTAMATCH-26SEP18SAMSTE,Samsonova vs Stearns,KXWTAMATCH,WTA Tennis Match,Sports,"[""Tennis""]",settled,binary,0,1,0.01,0.01,0.99,0.01,1,3590826.38,3574788.49,1560540.47,0,2026-09-18T05:05:00Z,2026-09-19T03:20:07Z,2026-10-03T00:10:00Z,,no,Peyton Stearns,structured,,,,True,2026-09-19T16:08:06+00:00
kalshi,KXBTC15M-26SEP181815-15,https://kalshi.com/markets/kxbtc15m/bitcoin-price-up-down,https://kalshi.com/markets/kxbtc15m/bitcoin-price-up-down/kxbtc15m-26sep181815,BTC price up in next 15 mins?,"Target Price: $81,223.68",KXBTC15M-26SEP181815,BTC Up or Down - 15 minutes,KXBTC15M,Bitcoin price up down,Crypto,"[""BTC"", ""15 min""]",settled,binary,0,1,0.999,0.999,0.001,0.999,1,3553796.76,3553796.76,668210.55,0,2026-09-18T22:00:00Z,2026-09-18T22:15:00Z,2026-09-25T22:15:00Z,,yes,81232.82,greater_or_equal,81223.68,,,True,2026-09-19T16:08:27+00:00
kalshi,KXWTACHALLENGERMATCH-26SEP18BANPIG-PIG,https://kalshi.com/markets/kxwtachallengermatch/challenger-wta,https://kalshi.com/markets/kxwtachallengermatch/challenger-wta/kxwtachallengermatch-26sep18banpig,Lisa Pigato wins,Lisa Pigato,KXWTACHALLENGERMATCH-26SEP18BANPIG,Bandecchi vs Pigato,KXWTACHALLENGERMATCH,Challenger WTA,Sports,"[""Tennis""]",settled,binary,0,1,0.99,0.99,0.01,0.99,1,3500374.53,3495947.71,1659634.61,0,2026-09-18T02:50:00Z,2026-09-18T18:24:53Z,2026-10-02T14:40:00Z,,yes,Lisa Pigato,structured,,,,True,2026-09-19T16:08:39+00:00
kalshi,KXBTC15M-26SEP181700-00,https://kalshi.com/markets/kxbtc15m/bitcoin-price-up-down,https://kalshi.com/markets/kxbtc15m/bitcoin-price-up-down/kxbtc15m-26sep181700,BTC price up in next 15 mins?,"Target Price: $81,139.10",KXBTC15M-26SEP181700,"BTC 15 min · $81,139.10 target",KXBTC15M,Bitcoin price up down,Crypto,"[""BTC"", ""15 min""]",settled,binary,0,1,0.001,0.001,0.999,0.001,1,3472855.75,3472855.75,865308.76,0,2026-09-18T20:45:00Z,2026-09-18T21:00:00Z,2026-09-25T21:00:00Z,,no,81077.63,greater_or_equal,81139.1,,,True,2026-09-19T16:08:31+00:00
kalshi,KXMLBGAME-26SEP182215SFLAD-SF,https://kalshi.com/markets/kxmlbgame/professional-baseball-game,https://kalshi.com/markets/kxmlbgame/professional-baseball-game/kxmlbgame-26sep182215sflad,San Francisco wins,San Francisco,KXMLBGAME-26SEP182215SFLAD,San Francisco vs Los Angeles D,KXMLBGAME,Professional Baseball Game,Sports,"[""Baseball""]",settled,binary,0,1,0.01,0.01,0.99,0.01,1,3445186.57,3419366.69,2178153,0,2026-09-16T02:25:00Z,2026-09-19T05:02:33Z,2026-09-22T02:15:00Z,,no,Los Angeles D,structured,,,,True,2026-09-19T16:07:56+00:00
kalshi,KXBTC15M-26SEP181745-45,https://kalshi.com/markets/kxbtc15m/bitcoin-price-up-down,https://kalshi.com/markets/kxbtc15m/bitcoin-price-up-down/kxbtc15m-26sep181745,BTC price up in next 15 mins?,"Target Price: $81,172.16",KXBTC15M-26SEP181745,"BTC 15 min · $81,172.16 target",KXBTC15M,Bitcoin price up down,Crypto,"[""BTC"", ""15 min""]",settled,binary,0,1,0.999,0.999,0.001,0.999,1,3392426.16,3392426.16,1011871.84,0,2026-09-18T21:30:00Z,2026-09-18T21:45:00Z,2026-09-25T21:45:00Z,,yes,81212.71,greater_or_equal,81172.16,,,True,2026-09-19T16:08:30+00:00
kalshi,KXBTC15M-26SEP181945-45,https://kalshi.com/markets/kxbtc15m/bitcoin-price-up-down,https://kalshi.com/markets/kxbtc15m/bitcoin-price-up-down/kxbtc15m-26sep181945,BTC price up in next 15 mins?,"Target Price: $80,993.80",KXBTC15M-26SEP181945,"BTC 15 min · $80,993.80 target",KXBTC15M,Bitcoin price up down,Crypto,"[""BTC"", ""15 min""]",settled,binary,0,1,0.001,0.001,0.999,0.001,1,3360232.37,3360232.37,1394586.15,0,2026-09-18T23:30:00Z,2026-09-18T23:45:00Z,2026-09-25T23:45:00Z,,no,80900.05,greater_or_equal,80993.8,,,True,2026-09-19T16:08:24+00:00
kalshi,KXBTC15M-26SEP181430-30,https://kalshi.com/markets/kxbtc15m/bitcoin-price-up-down,https://kalshi.com/markets/kxbtc15m/bitcoin-price-up-down/kxbtc15m-26sep181430,BTC price up in next 15 mins?,"Target Price: $80,838.11",KXBTC15M-26SEP181430,"BTC 15 min · $80,838.11 target",KXBTC15M,Bitcoin price up down,Crypto,"[""BTC"", ""15 min""]",settled,binary,0,1,0.999,0.999,0.001,0.999,1,3331485.98,3331485.98,970863.92,0,2026-09-18T18:15:00Z,2026-09-18T18:30:00Z,2026-09-25T18:30:00Z,,yes,80955.52,greater_or_equal,80838.11,,,True,2026-09-19T16:08:39+00:00
kalshi,KXBTC15M-26SEP181800-00,https://kalshi.com/markets/kxbtc15m/bitcoin-price-up-down,https://kalshi.com/markets/kxbtc15m/bitcoin-price-up-down/kxbtc15m-26sep181800,BTC price up in next 15 mins?,"Target Price: $81,212.71",KXBTC15M-26SEP181800,"BTC 15 min · $81,212.71 target",KXBTC15M,Bitcoin price up down,Crypto,"[""BTC"", ""15 min""]",settled,binary,0,1,0.999,0.999,0.001,0.999,1,3272324.51,3272324.51,612479.35,0,2026-09-18T21:45:00Z,2026-09-18T22:00:00Z,2026-09-25T22:00:00Z,,yes,81223.68,greater_or_equal,81212.71,,,True,2026-09-19T16:08:30+00:00
kalshi,KXBTC15M-26SEP181300-00,https://kalshi.com/markets/kxbtc15m/bitcoin-price-up-down,https://kalshi.com/markets/kxbtc15m/bitcoin-price-up-down/kxbtc15m-26sep181300,BTC price up in next 15 mins?,"Target Price: $80,966.65",KXBTC15M-26SEP181300,"BTC 15 min · $80,966.65 target",KXBTC15M,Bitcoin price up down,Crypto,"[""BTC"", ""15 min""]",settled,binary,0,1,0.001,0.001,0.999,0.001,1,3266314.23,3266314.23,976493.45,0,2026-09-18T16:45:00Z,2026-09-18T17:00:00Z,2026-09-25T17:00:00Z,,no,80828.52,greater_or_equal,80966.65,,,True,2026-09-19T16:08:45+00:00
kalshi,KXCPLMATCH-26SEP181900GAWJAM-JAM,https://kalshi.com/markets/kxcplmatch/caribbean-premier-league-match,https://kalshi.com/markets/kxcplmatch/caribbean-premier-league-match/kxcplmatch-26sep181900gawjam,Jamaica Kingsmen wins,Jamaica Kingsmen,KXCPLMATCH-26SEP181900GAWJAM,Jamaica Kingsmen vs Guyana Amazon Warriors,KXCPLMATCH,Caribbean Premier League Match,Sports,"[""Cricket""]",settled,binary,0,1,0.99,0.99,0.01,0.99,1,3251345.5,3223494.14,984041.48,0,2026-09-18T03:07:00Z,2026-09-19T03:08:57Z,2026-09-21T03:00:00Z,,yes,Jamaica Kingsmen,structured,,,,True,2026-09-19T16:08:07+00:00
kalshi,KXBTC15M-26SEP182130-30,https://kalshi.com/markets/kxbtc15m/bitcoin-price-up-down,https://kalshi.com/markets/kxbtc15m/bitcoin-price-up-down/kxbtc15m-26sep182130,BTC price up in next 15 mins?,"Target Price: $81,263.65",KXBTC15M-26SEP182130,"BTC 15 min · $81,263.65 target",KXBTC15M,Bitcoin price up down,Crypto,"[""BTC"", ""15 min""]",settled,binary,0,1,0.001,0.001,0.999,0.001,1,3188164.78,3188164.78,601041,0,2026-09-19T01:15:00Z,2026-09-19T01:30:00Z,2026-09-26T01:30:00Z,,no,81238.12,greater_or_equal,81263.65,,,True,2026-09-19T16:08:18+00:00
kalshi,KXBTC15M-26SEP190230-30,https://kalshi.com/markets/kxbtc15m/bitcoin-price-up-down,https://kalshi.com/markets/kxbtc15m/bitcoin-price-up-down/kxbtc15m-26sep190230,BTC price up in next 15 mins?,"Target Price: $80,983.66",KXBTC15M-26SEP190230,"BTC 15 min · $80,983.66 target",KXBTC15M,Bitcoin price up down,Crypto,"[""BTC"", ""15 min""]",settled,binary,0,1,0.001,0.001,0.999,0.001,1,3170768.28,3170768.28,891574.66,0,2026-09-19T06:15:00Z,2026-09-19T06:30:00Z,2026-09-26T06:30:00Z,,no,80935.67,greater_or_equal,80983.66,,,True,2026-09-19T16:07:53+00:00
kalshi,KXBTC15M-26SEP190130-30,https://kalshi.com/markets/kxbtc15m/bitcoin-price-up-down,https://kalshi.com/markets/kxbtc15m/bitcoin-price-up-down/kxbtc15m-26sep190130,BTC price up in next 15 mins?,"Target Price: $81,028.97",KXBTC15M-26SEP190130,"BTC 15 min · $81,028.97 target",KXBTC15M,Bitcoin price up down,Crypto,"[""BTC"", ""15 min""]",settled,binary,0,1,0.999,0.999,0.001,0.999,1,3149630.9,3149630.9,848377.84,0,2026-09-19T05:15:00Z,2026-09-19T05:30:00Z,2026-09-26T05:30:00Z,,yes,81056.49,greater_or_equal,81028.97,,,True,2026-09-19T16:07:56+00:00
kalshi,KXBTC15M-26SEP181415-15,https://kalshi.com/markets/kxbtc15m/bitcoin-price-up-down,https://kalshi.com/markets/kxbtc15m/bitcoin-price-up-down/kxbtc15m-26sep181415,BTC price up in next 15 mins?,"Target Price: $80,984.20",KXBTC15M-26SEP181415,"BTC 15 min · $80,984.20 target",KXBTC15M,Bitcoin price up down,Crypto,"[""BTC"", ""15 min""]",settled,binary,0,1,0.001,0.001,0.999,0.001,1,3100937.52,3100937.52,1437297.67,0,2026-09-18T18:00:00Z,2026-09-18T18:15:00Z,2026-09-25T18:15:00Z,,no,80838.11,greater_or_equal,80984.2,,,True,2026-09-19T16:08:39+00:00
kalshi,KXBTC15M-26SEP181930-30,https://kalshi.com/markets/kxbtc15m/bitcoin-price-up-down,https://kalshi.com/markets/kxbtc15m/bitcoin-price-up-down/kxbtc15m-26sep181930,BTC price up in next 15 mins?,"Target Price: $81,158.24",KXBTC15M-26SEP181930,"BTC 15 min · $81,158.24 target",KXBTC15M,Bitcoin price up down,Crypto,"[""BTC"", ""15 min""]",settled,binary,0,1,0.001,0.001,0.999,0.001,1,3095597.64,3095597.64,1231365.19,0,2026-09-18T23:15:00Z,2026-09-18T23:30:00Z,2026-09-25T23:30:00Z,,no,80993.80,greater_or_equal,81158.24,,,True,2026-09-19T16:08:24+00:00
kalshi,KXBTC15M-26SEP190215-15,https://kalshi.com/markets/kxbtc15m/bitcoin-price-up-down,https://kalshi.com/markets/kxbtc15m/bitcoin-price-up-down/kxbtc15m-26sep190215,BTC price up in next 15 mins?,"Target Price: $81,012.89",KXBTC15M-26SEP190215,"BTC 15 min · $81,012.89 target",KXBTC15M,Bitcoin price up down,Crypto,"[""BTC"", ""15 min""]",settled,binary,0,1,0.001,0.001,0.999,0.001,1,3095378.84,3095378.84,817145.52,0,2026-09-19T06:00:00Z,2026-09-19T06:15:00Z,2026-09-26T06:15:00Z,,no,80983.66,greater_or_equal,81012.89,,,True,2026-09-19T16:07:53+00:00
kalshi,KXBTC15M-26SEP181845-45,https://kalshi.com/markets/kxbtc15m/bitcoin-price-up-down,https://kalshi.com/markets/kxbtc15m/bitcoin-price-up-down/kxbtc15m-26sep181845,BTC price up in next 15 mins?,"Target Price: $81,244.56",KXBTC15M-26SEP181845,"BTC 15 min · $81,244.56 target",KXBTC15M,Bitcoin price up down,Crypto,"[""BTC"", ""15 min""]",settled,binary,0,1,0.001,0.001,0.999,0.001,1,3084058.45,3084058.45,967948.4,0,2026-09-18T22:30:00Z,2026-09-18T22:45:00Z,2026-09-25T22:45:00Z,,no,81121.66,greater_or_equal,81244.56,,,True,2026-09-19T16:08:27+00:00
kalshi,KXATPCHALLENGERMATCH-26SEP19GUEDRO-DRO,https://kalshi.com/markets/kxatpchallengermatch/challenger-atp,https://kalshi.com/markets/kxatpchallengermatch/challenger-atp/kxatpchallengermatch-26sep19guedro,Titouan Droguet wins,Titouan Droguet,KXATPCHALLENGERMATCH-26SEP19GUEDRO,Gueymard Wayenburg vs Droguet,KXATPCHALLENGERMATCH,Challenger ATP ,Sports,"[""Tennis""]",settled,binary,0,1,0.01,0.01,0.99,0.01,1,3069258.41,3069258.41,1245165.76,0,2026-09-19T00:50:00Z,2026-09-19T16:00:26Z,2026-10-03T12:40:00Z,,no,Sascha Gueymard Wayenburg,structured,,,,True,2026-09-19T16:07:34+00:00
kalshi,KXWTACHALLENGERMATCH-26SEP18BANPIG-BAN,https://kalshi.com/markets/kxwtachallengermatch/challenger-wta,https://kalshi.com/markets/kxwtachallengermatch/challenger-wta/kxwtachallengermatch-26sep18banpig,Susan Bandecchi wins,Susan Bandecchi,KXWTACHALLENGERMATCH-26SEP18BANPIG,Bandecchi vs Pigato,KXWTACHALLENGERMATCH,Challenger WTA,Sports,"[""Tennis""]",settled,binary,0,1,0.01,0.01,0.99,0.01,1,3073412.11,3061602.18,1152498.39,0,2026-09-18T02:50:00Z,2026-09-18T18:24:53Z,2026-10-02T14:40:00Z,,no,Lisa Pigato,structured,,,,True,2026-09-19T16:08:39+00:00
kalshi,KXBTC15M-26SEP182115-15,https://kalshi.com/markets/kxbtc15m/bitcoin-price-up-down,https://kalshi.com/markets/kxbtc15m/bitcoin-price-up-down/kxbtc15m-26sep182115,BTC price up in next 15 mins?,"Target Price: $81,620.47",KXBTC15M-26SEP182115,"BTC 15 min · $81,620.47 target",KXBTC15M,Bitcoin price up down,Crypto,"[""BTC"", ""15 min""]",settled,binary,0,1,0.001,0.001,0.999,0.001,1,3008021.75,3008021.75,1108555.2,0,2026-09-19T01:00:00Z,2026-09-19T01:15:00Z,2026-09-26T01:15:00Z,,no,81263.65,greater_or_equal,81620.47,,,True,2026-09-19T16:08:18+00:00
kalshi,KXBTC15M-26SEP190030-30,https://kalshi.com/markets/kxbtc15m/bitcoin-price-up-down,https://kalshi.com/markets/kxbtc15m/bitcoin-price-up-down/kxbtc15m-26sep190030,BTC price up in next 15 mins?,"Target Price: $81,180.23",KXBTC15M-26SEP190030,"BTC 15 min · $81,180.23 target",KXBTC15M,Bitcoin price up down,Crypto,"[""BTC"", ""15 min""]",settled,binary,0,1,0.001,0.001,0.999,0.001,1,3002964.66,3002964.66,909066.59,0,2026-09-19T04:15:00Z,2026-09-19T04:30:00Z,2026-09-26T04:30:00Z,,no,81114.92,greater_or_equal,81180.23,,,True,2026-09-19T16:08:01+00:00
kalshi,KXBTC15M-26SEP181215-15,https://kalshi.com/markets/kxbtc15m/bitcoin-price-up-down,https://kalshi.com/markets/kxbtc15m/bitcoin-price-up-down/kxbtc15m-26sep181215,BTC price up in next 15 mins?,"Target Price: $80,666.62",KXBTC15M-26SEP181215,"BTC 15 min · $80,666.62 target",KXBTC15M,Bitcoin price up down,Crypto,"[""BTC"", ""15 min""]",settled,binary,0,1,0.999,0.999,0.001,0.999,1,3000669.23,3000669.23,979035.67,0,2026-09-18T16:00:00Z,2026-09-18T16:15:00Z,2026-09-25T16:15:00Z,,yes,80887.34,greater_or_equal,80666.62,,,True,2026-09-19T16:08:45+00:00
kalshi,KXBTC15M-26SEP181730-30,https://kalshi.com/markets/kxbtc15m/bitcoin-price-up-down,https://kalshi.com/markets/kxbtc15m/bitcoin-price-up-down/kxbtc15m-26sep181730,BTC price up in next 15 mins?,"Target Price: $81,260.73",KXBTC15M-26SEP181730,"BTC 15 min · $81,260.73 target",KXBTC15M,Bitcoin price up down,Crypto,"[""BTC"", ""15 min""]",settled,binary,0,1,0.001,0.001,0.999,0.001,1,2983018.22,2983018.22,1083649.05,0,2026-09-18T21:15:00Z,2026-09-18T21:30:00Z,2026-09-25T21:30:00Z,,no,81172.16,greater_or_equal,81260.73,,,True,2026-09-19T16:08:30+00:00
kalshi,KXBTC15M-26SEP182000-00,https://kalshi.com/markets/kxbtc15m/bitcoin-price-up-down,https://kalshi.com/markets/kxbtc15m/bitcoin-price-up-down/kxbtc15m-26sep182000,BTC price up in next 15 mins?,"Target Price: $80,900.05",KXBTC15M-26SEP182000,"BTC 15 min · $80,900.05 target",KXBTC15M,Bitcoin price up down,Crypto,"[""BTC"", ""15 min""]",settled,binary,0,1,0.001,0.001,0.999,0.001,1,2971543.16,2971543.16,632930.18,0,2026-09-18T23:45:00Z,2026-09-19T00:00:00Z,2026-09-26T00:00:00Z,,no,80881.41,greater_or_equal,80900.05,,,True,2026-09-19T16:08:24+00:00
kalshi,KXBTC15M-26SEP182245-45,https://kalshi.com/markets/kxbtc15m/bitcoin-price-up-down,https://kalshi.com/markets/kxbtc15m/bitcoin-price-up-down/kxbtc15m-26sep182245,BTC price up in next 15 mins?,"Target Price: $81,328.70",KXBTC15M-26SEP182245,"BTC 15 min · $81,328.70 target",KXBTC15M,Bitcoin price up down,Crypto,"[""BTC"", ""15 min""]",settled,binary,0,1,0.001,0.001,0.999,0.001,1,2926149.92,2926149.92,677138.15,0,2026-09-19T02:30:00Z,2026-09-19T02:45:00Z,2026-09-26T02:45:00Z,,no,81308.88,greater_or_equal,81328.7,,,True,2026-09-19T16:08:13+00:00
kalshi,KXBTC15M-26SEP190200-00,https://kalshi.com/markets/kxbtc15m/bitcoin-price-up-down,https://kalshi.com/markets/kxbtc15m/bitcoin-price-up-down/kxbtc15m-26sep190200,BTC price up in next 15 mins?,"Target Price: $81,010.55",KXBTC15M-26SEP190200,"BTC 15 min · $81,010.55 target",KXBTC15M,Bitcoin price up down,Crypto,"[""BTC"", ""15 min""]",settled,binary,0,1,0.999,0.999,0.001,0.999,1,2925531.3,2925531.3,491404.49,0,2026-09-19T05:45:00Z,2026-09-19T06:00:00Z,2026-09-26T06:00:00Z,,yes,81012.89,greater_or_equal,81010.55,,,True,2026-09-19T16:07:55+00:00
kalshi,KXBTC15M-26SEP182015-15,https://kalshi.com/markets/kxbtc15m/bitcoin-price-up-down,https://kalshi.com/markets/kxbtc15m/bitcoin-price-up-down/kxbtc15m-26sep182015,BTC price up in next 15 mins?,"Target Price: $80,881.41",KXBTC15M-26SEP182015,"BTC 15 min · $80,881.41 target",KXBTC15M,Bitcoin price up down,Crypto,"[""BTC"", ""15 min""]",settled,binary,0,1,0.999,0.999,0.001,0.999,1,2921018.19,2921018.19,607727.78,0,2026-09-19T00:00:00Z,2026-09-19T00:15:00Z,2026-09-26T00:15:00Z,,yes,80950.66,greater_or_equal,80881.41,,,True,2026-09-19T16:08:22+00:00
kalshi,KXBTC15M-26SEP181830-30,https://kalshi.com/markets/kxbtc15m/bitcoin-price-up-down,https://kalshi.com/markets/kxbtc15m/bitcoin-price-up-down/kxbtc15m-26sep181830,BTC price up in next 15 mins?,"Target Price: $81,232.82",KXBTC15M-26SEP181830,"BTC 15 min · $81,232.82 target",KXBTC15M,Bitcoin price up down,Crypto,"[""BTC"", ""15 min""]",settled,binary,0,1,0.999,0.999,0.001,0.999,1,2913876.55,2913876.55,687373.09,0,2026-09-18T22:15:00Z,2026-09-18T22:30:00Z,2026-09-25T22:30:00Z,,yes,81244.56,greater_or_equal,81232.82,,,True,2026-09-19T16:08:27+00:00
kalshi,KXBTC15M-26SEP181900-00,https://kalshi.com/markets/kxbtc15m/bitcoin-price-up-down,https://kalshi.com/markets/kxbtc15m/bitcoin-price-up-down/kxbtc15m-26sep181900,BTC price up in next 15 mins?,"Target Price: $81,121.66",KXBTC15M-26SEP181900,"BTC 15 min · $81,121.66 target",KXBTC15M,Bitcoin price up down,Crypto,"[""BTC"", ""15 min""]",settled,binary,0,1,0.999,0.999,0.001,0.999,1,2903614.52,2903614.52,564597.42,0,2026-09-18T22:45:00Z,2026-09-18T23:00:00Z,2026-09-25T23:00:00Z,,yes,81141.05,greater_or_equal,81121.66,,,True,2026-09-19T16:08:27+00:00
kalshi,KXBTC15M-26SEP190015-15,https://kalshi.com/markets/kxbtc15m/bitcoin-price-up-down,https://kalshi.com/markets/kxbtc15m/bitcoin-price-up-down/kxbtc15m-26sep190015,BTC price up in next 15 mins?,"Target Price: $81,105.69",KXBTC15M-26SEP190015,"BTC 15 min · $81,105.69 target",KXBTC15M,Bitcoin price up down,Crypto,"[""BTC"", ""15 min""]",settled,binary,0,1,0.999,0.999,0.001,0.999,1,2897645.61,2897645.61,979497.51,0,2026-09-19T04:00:00Z,2026-09-19T04:15:00Z,2026-09-26T04:15:00Z,,yes,81180.23,greater_or_equal,81105.69,,,True,2026-09-19T16:08:01+00:00
kalshi,KXBTC15M-26SEP182100-00,https://kalshi.com/markets/kxbtc15m/bitcoin-price-up-down,https://kalshi.com/markets/kxbtc15m/bitcoin-price-up-down/kxbtc15m-26sep182100,BTC price up in next 15 mins?,"Target Price: $81,304.70",KXBTC15M-26SEP182100,"BTC 15 min · $81,304.70 target",KXBTC15M,Bitcoin price up down,Crypto,"[""BTC"", ""15 min""]",settled,binary,0,1,0.999,0.999,0.001,0.999,1,2893278.4,2893278.4,769503.27,0,2026-09-19T00:45:00Z,2026-09-19T01:00:00Z,2026-09-26T01:00:00Z,,yes,81620.47,greater_or_equal,81304.7,,,True,2026-09-19T16:08:21+00:00
kalshi,KXWTAMATCH-26SEP18PODLAM-LAM,https://kalshi.com/markets/kxwtamatch/wta-tennis-match,https://kalshi.com/markets/kxwtamatch/wta-tennis-match/kxwtamatch-26sep18podlam,Suzan Lamens wins,Suzan Lamens,KXWTAMATCH-26SEP18PODLAM,Podoroska vs Lamens,KXWTAMATCH,WTA Tennis Match,Sports,"[""Tennis""]",settled,binary,0,1,0.01,0.01,0.99,0.01,1,2874234.46,2867363.69,881093.61,0,2026-09-17T22:55:00Z,2026-09-19T01:20:09Z,2026-10-02T16:00:00Z,,no,Nadia Podoroska,structured,,,,True,2026-09-19T16:08:18+00:00
kalshi,KXBTC15M-26SEP181400-00,https://kalshi.com/markets/kxbtc15m/bitcoin-price-up-down,https://kalshi.com/markets/kxbtc15m/bitcoin-price-up-down/kxbtc15m-26sep181400,BTC price up in next 15 mins?,"Target Price: $80,746.41",KXBTC15M-26SEP181400,"BTC 15 min · $80,746.41 target",KXBTC15M,Bitcoin price up down,Crypto,"[""BTC"", ""15 min""]",settled,binary,0,1,0.999,0.999,0.001,0.999,1,2844754.41,2844754.41,1123986.38,0,2026-09-18T17:45:00Z,2026-09-18T18:00:00Z,2026-09-25T18:00:00Z,,yes,80984.20,greater_or_equal,80746.41,,,True,2026-09-19T16:08:42+00:00
kalshi,KXBTC15M-26SEP182230-30,https://kalshi.com/markets/kxbtc15m/bitcoin-price-up-down,https://kalshi.com/markets/kxbtc15m/bitcoin-price-up-down/kxbtc15m-26sep182230,BTC price up in next 15 mins?,"Target Price: $81,361.55",KXBTC15M-26SEP182230,"BTC 15 min · $81,361.55 target",KXBTC15M,Bitcoin price up down,Crypto,"[""BTC"", ""15 min""]",settled,binary,0,1,0.001,0.001,0.999,0.001,1,2830886.32,2830886.32,592100.79,0,2026-09-19T02:15:00Z,2026-09-19T02:30:00Z,2026-09-26T02:30:00Z,,no,81328.70,greater_or_equal,81361.55,,,True,2026-09-19T16:08:13+00:00
kalshi,KXBTC15M-26SEP181715-15,https://kalshi.com/markets/kxbtc15m/bitcoin-price-up-down,https://kalshi.com/markets/kxbtc15m/bitcoin-price-up-down/kxbtc15m-26sep181715,BTC price up in next 15 mins?,"Target Price: $81,077.63",KXBTC15M-26SEP181715,"BTC 15 min · $81,077.63 target",KXBTC15M,Bitcoin price up down,Crypto,"[""BTC"", ""15 min""]",settled,binary,0,1,0.999,0.999,0.001,0.999,1,2811648.66,2811648.66,902633.64,0,2026-09-18T21:00:00Z,2026-09-18T21:15:00Z,2026-09-25T21:15:00Z,,yes,81260.73,greater_or_equal,81077.63,,,True,2026-09-19T16:08:30+00:00
kalshi,KXBTC15M-26SEP182145-45,https://kalshi.com/markets/kxbtc15m/bitcoin-price-up-down,https://kalshi.com/markets/kxbtc15m/bitcoin-price-up-down/kxbtc15m-26sep182145,BTC price up in next 15 mins?,"Target Price: $81,238.12",KXBTC15M-26SEP182145,"BTC 15 min · $81,238.12 target",KXBTC15M,Bitcoin price up down,Crypto,"[""BTC"", ""15 min""]",settled,binary,0,1,0.001,0.001,0.999,0.001,1,2806065.4,2806065.4,1060254.51,0,2026-09-19T01:30:00Z,2026-09-19T01:45:00Z,2026-09-26T01:45:00Z,,no,81152.52,greater_or_equal,81238.12,,,True,2026-09-19T16:08:16+00:00
kalshi,KXBTC15M-26SEP182315-15,https://kalshi.com/markets/kxbtc15m/bitcoin-price-up-down,https://kalshi.com/markets/kxbtc15m/bitcoin-price-up-down/kxbtc15m-26sep182315,BTC price up in next 15 mins?,"Target Price: $81,268.21",KXBTC15M-26SEP182315,"BTC 15 min · $81,268.21 target",KXBTC15M,Bitcoin price up down,Crypto,"[""BTC"", ""15 min""]",settled,binary,0,1,0.001,0.001,0.999,0.001,1,2777576.83,2777576.83,504993.16,0,2026-09-19T03:00:00Z,2026-09-19T03:15:00Z,2026-09-26T03:15:00Z,,no,81265.33,greater_or_equal,81268.21,,,True,2026-09-19T16:08:06+00:00
kalshi,KXBTC15M-26SEP190145-45,https://kalshi.com/markets/kxbtc15m/bitcoin-price-up-down,https://kalshi.com/markets/kxbtc15m/bitcoin-price-up-down/kxbtc15m-26sep190145,BTC price up in next 15 mins?,"Target Price: $81,056.49",KXBTC15M-26SEP190145,"BTC 15 min · $81,056.49 target",KXBTC15M,Bitcoin price up down,Crypto,"[""BTC"", ""15 min""]",settled,binary,0,1,0.001,0.001,0.999,0.001,1,2773966.55,2773966.55,606793.63,0,2026-09-19T05:30:00Z,2026-09-19T05:45:00Z,2026-09-26T05:45:00Z,,no,81010.55,greater_or_equal,81056.49,,,True,2026-09-19T16:07:55+00:00
kalshi,KXBTC15M-26SEP190100-00,https://kalshi.com/markets/kxbtc15m/bitcoin-price-up-down,https://kalshi.com/markets/kxbtc15m/bitcoin-price-up-down/kxbtc15m-26sep190100,BTC price up in next 15 mins?,"Target Price: $80,964.44",KXBTC15M-26SEP190100,"BTC 15 min · $80,964.44 target",KXBTC15M,Bitcoin price up down,Crypto,"[""BTC"", ""15 min""]",settled,binary,0,1,0.999,0.999,0.001,0.999,1,2732069.18,2732069.18,728295.98,0,2026-09-19T04:45:00Z,2026-09-19T05:00:00Z,2026-09-26T05:00:00Z,,yes,80996.79,greater_or_equal,80964.44,,,True,2026-09-19T16:07:59+00:00
kalshi,KXBTC15M-26SEP190000-00,https://kalshi.com/markets/kxbtc15m/bitcoin-price-up-down,https://kalshi.com/markets/kxbtc15m/bitcoin-price-up-down/kxbtc15m-26sep190000,BTC price up in next 15 mins?,"Target Price: $81,144.97",KXBTC15M-26SEP190000,"BTC 15 min · $81,144.97 target",KXBTC15M,Bitcoin price up down,Crypto,"[""BTC"", ""15 min""]",settled,binary,0,1,0.001,0.001,0.999,0.001,1,2721169.96,2721169.96,665711.56,0,2026-09-19T03:45:00Z,2026-09-19T04:00:00Z,2026-09-26T04:00:00Z,,no,81105.69,greater_or_equal,81144.97,,,True,2026-09-19T16:08:04+00:00
kalshi,KXBTC15M-26SEP182330-30,https://kalshi.com/markets/kxbtc15m/bitcoin-price-up-down,https://kalshi.com/markets/kxbtc15m/bitcoin-price-up-down/kxbtc15m-26sep182330,BTC price up in next 15 mins?,"Target Price: $81,265.33",KXBTC15M-26SEP182330,"BTC 15 min · $81,265.33 target",KXBTC15M,Bitcoin price up down,Crypto,"[""BTC"", ""15 min""]",settled,binary,0,1,0.001,0.001,0.999,0.001,1,2661762.32,2661762.32,940859.17,0,2026-09-19T03:15:00Z,2026-09-19T03:30:00Z,2026-09-26T03:30:00Z,,no,81124.37,greater_or_equal,81265.33,,,True,2026-09-19T16:08:05+00:00
kalshi,KXATPCHALLENGERMATCH-26SEP18SIMHEC-HEC,https://kalshi.com/markets/kxatpchallengermatch/challenger-atp,https://kalshi.com/markets/kxatpchallengermatch/challenger-atp/kxatpchallengermatch-26sep18simhec,Hunter Heck wins,Hunter Heck,KXATPCHALLENGERMATCH-26SEP18SIMHEC,Simakin vs Heck,KXATPCHALLENGERMATCH,Challenger ATP ,Sports,"[""Tennis""]",settled,binary,0,1,0.01,0.01,0.99,0.01,1,2654387.71,2654387.71,1138338.18,0,2026-09-18T15:11:00Z,2026-09-19T05:20:01Z,2026-10-03T03:00:00Z,,no,Ilia Simakin,structured,,,,True,2026-09-19T16:07:56+00:00
kalshi,KXBTC15M-26SEP190245-45,https://kalshi.com/markets/kxbtc15m/bitcoin-price-up-down,https://kalshi.com/markets/kxbtc15m/bitcoin-price-up-down/kxbtc15m-26sep190245,BTC price up in next 15 mins?,"Target Price: $80,935.67",KXBTC15M-26SEP190245,"BTC 15 min · $80,935.67 target",KXBTC15M,Bitcoin price up down,Crypto,"[""BTC"", ""15 min""]",settled,binary,0,1,0.999,0.999,0.001,0.999,1,2644566.42,2644566.42,1008981.38,0,2026-09-19T06:30:00Z,2026-09-19T06:45:00Z,2026-09-26T06:45:00Z,,yes,81037.62,greater_or_equal,80935.67,,,True,2026-09-19T16:07:53+00:00
kalshi,KXBTC15M-26SEP190115-15,https://kalshi.com/markets/kxbtc15m/bitcoin-price-up-down,https://kalshi.com/markets/kxbtc15m/bitcoin-price-up-down/kxbtc15m-26sep190115,BTC price up in next 15 mins?,"Target Price: $80,996.79",KXBTC15M-26SEP190115,"BTC 15 min · $80,996.79 target",KXBTC15M,Bitcoin price up down,Crypto,"[""BTC"", ""15 min""]",settled,binary,0,1,0.999,0.999,0.001,0.999,1,2607493.6,2607493.6,873120.53,0,2026-09-19T05:00:00Z,2026-09-19T05:15:00Z,2026-09-26T05:15:00Z,,yes,81028.97,greater_or_equal,80996.79,,,True,2026-09-19T16:07:56+00:00
kalshi,KXBTC15M-26SEP190045-45,https://kalshi.com/markets/kxbtc15m/bitcoin-price-up-down,https://kalshi.com/markets/kxbtc15m/bitcoin-price-up-down/kxbtc15m-26sep190045,BTC price up in next 15 mins?,"Target Price: $81,114.92",KXBTC15M-26SEP190045,"BTC 15 min · $81,114.92 target",KXBTC15M,Bitcoin price up down,Crypto,"[""BTC"", ""15 min""]",settled,binary,0,1,0.001,0.001,0.999,0.001,1,2596122.18,2596122.18,1026037.04,0,2026-09-19T04:30:00Z,2026-09-19T04:45:00Z,2026-09-26T04:45:00Z,,no,80964.44,greater_or_equal,81114.92,,,True,2026-09-19T16:08:00+00:00
kalshi,KXDAVISCUPMATCH-26SEP18HEIWAW-HEI,https://kalshi.com/markets/kxdaviscupmatch/davis-cup-match,https://kalshi.com/markets/kxdaviscupmatch/davis-cup-match/kxdaviscupmatch-26sep18heiwaw,Gustavo Heide wins,Gustavo Heide,KXDAVISCUPMATCH-26SEP18HEIWAW,Heide vs Wawrinka,KXDAVISCUPMATCH,Davis Cup Match,Sports,"[""Tennis""]",settled,binary,0,1,0.99,0.99,0.01,0.99,1,2591222.61,2590841.68,997383.74,0,2026-09-17T19:15:00Z,2026-09-18T23:30:17Z,2026-10-02T19:10:00Z,,yes,Gustavo Heide,structured,,,,True,2026-09-19T16:08:24+00:00
kalshi,KXATPCHALLENGERMATCH-26SEP18GOJDRO-DRO,https://kalshi.com/markets/kxatpchallengermatch/challenger-atp,https://kalshi.com/markets/kxatpchallengermatch/challenger-atp/kxatpchallengermatch-26sep18gojdro,Titouan Droguet wins,Titouan Droguet,KXATPCHALLENGERMATCH-26SEP18GOJDRO,Gojo vs Droguet,KXATPCHALLENGERMATCH,Challenger ATP ,Sports,"[""Tennis""]",settled,binary,0,1,0.99,0.99,0.01,0.99,1,2581025.04,2571135.25,1114710.01,0,2026-09-17T23:10:00Z,2026-09-18T19:04:47Z,2026-10-02T08:00:00Z,,yes,Titouan Droguet,structured,,,,True,2026-09-19T16:08:36+00:00
kalshi,KXBTC15M-26SEP191045-45,https://kalshi.com/markets/kxbtc15m/bitcoin-price-up-down,https://kalshi.com/markets/kxbtc15m/bitcoin-price-up-down/kxbtc15m-26sep191045,BTC price up in next 15 mins?,"Target Price: $81,520.10",KXBTC15M-26SEP191045,"BTC 15 min · $81,520.10 target",KXBTC15M,Bitcoin price up down,Crypto,"[""BTC"", ""15 min""]",settled,binary,0,1,0.001,0.001,0.999,0.001,1,2566501.45,2566501.45,497346,0,2026-09-19T14:30:00Z,2026-09-19T14:45:00Z,2026-09-26T14:45:00Z,,no,81512.94,greater_or_equal,81520.1,,,True,2026-09-19T16:07:37+00:00
kalshi,KXNCAAFSPREAD-26SEP18HOUTTU-TTU8,https://kalshi.com/markets/kxncaafspread/college-football-spread,https://kalshi.com/markets/kxncaafspread/college-football-spread/kxncaafspread-26sep18houttu,Texas Tech wins by over 7.5 points,Texas Tech wins by over 7.5 points,KXNCAAFSPREAD-26SEP18HOUTTU,Houston vs Texas Tech: Spread,KXNCAAFSPREAD,College Football Spread,Sports,"[""Football""]",settled,binary,0,1,0.01,0.01,0.99,0.01,1,2758202,2550452.48,1450145.24,0,2026-09-12T01:07:00Z,2026-09-19T03:34:33Z,2026-09-21T00:00:00Z,,no,2,greater,7.5,,,True,2026-09-19T16:08:05+00:00
kalshi,KXBTC15M-26SEP182345-45,https://kalshi.com/markets/kxbtc15m/bitcoin-price-up-down,https://kalshi.com/markets/kxbtc15m/bitcoin-price-up-down/kxbtc15m-26sep182345,BTC price up in next 15 mins?,"Target Price: $81,124.37",KXBTC15M-26SEP182345,"BTC 15 min · $81,124.37 target",KXBTC15M,Bitcoin price up down,Crypto,"[""BTC"", ""15 min""]",settled,binary,0,1,0.999,0.999,0.001,0.999,1,2531947.06,2531947.06,604563.75,0,2026-09-19T03:30:00Z,2026-09-19T03:45:00Z,2026-09-26T03:45:00Z,,yes,81144.97,greater_or_equal,81124.37,,,True,2026-09-19T16:08:04+00:00
kalshi,KXBTC15M-26SEP182200-00,https://kalshi.com/markets/kxbtc15m/bitcoin-price-up-down,https://kalshi.com/markets/kxbtc15m/bitcoin-price-up-down/kxbtc15m-26sep182200,BTC price up in next 15 mins?,"Target Price: $81,152.52",KXBTC15M-26SEP182200,"BTC 15 min · $81,152.52 target",KXBTC15M,Bitcoin price up down,Crypto,"[""BTC"", ""15 min""]",settled,binary,0,1,0.999,0.999,0.001,0.999,1,2529547.32,2529547.32,986091.93,0,2026-09-19T01:45:00Z,2026-09-19T02:00:00Z,2026-09-26T02:00:00Z,,yes,81261.34,greater_or_equal,81152.52,,,True,2026-09-19T16:08:16+00:00
kalshi,KXWTAMATCH-26SEP18PODLAM-POD,https://kalshi.com/markets/kxwtamatch/wta-tennis-match,https://kalshi.com/markets/kxwtamatch/wta-tennis-match/kxwtamatch-26sep18podlam,Nadia Podoroska wins,Nadia Podoroska,KXWTAMATCH-26SEP18PODLAM,Podoroska vs Lamens,KXWTAMATCH,WTA Tennis Match,Sports,"[""Tennis""]",settled,binary,0,1,0.99,0.99,0.01,0.99,1,2499233.55,2492029.08,886503.56,0,2026-09-17T22:55:00Z,2026-09-19T01:20:09Z,2026-10-02T16:00:00Z,,yes,Nadia Podoroska,structured,,,,True,2026-09-19T16:08:18+00:00
kalshi,KXWTAMATCH-26SEP18BLICHA-BLI,https://kalshi.com/markets/kxwtamatch/wta-tennis-match,https://kalshi.com/markets/kxwtamatch/wta-tennis-match/kxwtamatch-26sep18blicha,Anna Blinkova wins,Anna Blinkova,KXWTAMATCH-26SEP18BLICHA,Blinkova vs Charaeva,KXWTAMATCH,WTA Tennis Match,Sports,"[""Tennis""]",settled,binary,0,1,0.99,0.99,0.01,0.99,1,2546855.29,2489607.82,1275911.44,0,2026-09-17T19:15:00Z,2026-09-18T20:05:02Z,2026-10-02T16:00:00Z,,yes,Anna Blinkova,structured,,,,True,2026-09-19T16:08:32+00:00
kalshi,KXBTC15M-26SEP191100-00,https://kalshi.com/markets/kxbtc15m/bitcoin-price-up-down,https://kalshi.com/markets/kxbtc15m/bitcoin-price-up-down/kxbtc15m-26sep191100,BTC price up in next 15 mins?,"Target Price: $81,512.94",KXBTC15M-26SEP191100,"BTC 15 min · $81,512.94 target",KXBTC15M,Bitcoin price up down,Crypto,"[""BTC"", ""15 min""]",settled,binary,0,1,0.999,0.999,0.001,0.999,1,2436295.26,2436295.26,600383.98,0,2026-09-19T14:45:00Z,2026-09-19T15:00:00Z,2026-09-26T15:00:00Z,,yes,81545.93,greater_or_equal,81512.94,,,True,2026-09-19T16:07:37+00:00
kalshi,KXDAVISCUPMATCH-26SEP18BUSESC-ESC,https://kalshi.com/markets/kxdaviscupmatch/davis-cup-match,https://kalshi.com/markets/kxdaviscupmatch/davis-cup-match/kxdaviscupmatch-26sep18busesc,Hernando Jose Escurra Isnardi wins,Hernando Jose Escurra Isnardi,KXDAVISCUPMATCH-26SEP18BUSESC,Buse vs Escurra Isnardi,KXDAVISCUPMATCH,Davis Cup Match,Sports,"[""Tennis""]",settled,binary,0,1,0.01,0.01,0.99,0.01,1,2429165.61,2429088.29,759312.21,0,2026-09-17T21:06:00Z,2026-09-19T00:30:19Z,2026-10-02T21:00:00Z,,no,Ignacio Buse,structured,,,,True,2026-09-19T16:08:21+00:00
kalshi,KXBTC15M-26SEP191115-15,https://kalshi.com/markets/kxbtc15m/bitcoin-price-up-down,https://kalshi.com/markets/kxbtc15m/bitcoin-price-up-down/kxbtc15m-26sep191115,BTC price up in next 15 mins?,"Target Price: $81,545.93",KXBTC15M-26SEP191115,"BTC 15 min · $81,545.93 target",KXBTC15M,Bitcoin price up down,Crypto,"[""BTC"", ""15 min""]",settled,binary,0,1,0.999,0.999,0.001,0.999,1,2375154.4,2375154.4,1023559.66,0,2026-09-19T15:00:00Z,2026-09-19T15:15:00Z,2026-09-26T15:15:00Z,,yes,81689.73,greater_or_equal,81545.93,,,True,2026-09-19T16:07:35+00:00
kalshi,KXWTAMATCH-26SEP18HONLEE-LEE,https://kalshi.com/markets/kxwtamatch/wta-tennis-match,https://kalshi.com/markets/kxwtamatch/wta-tennis-match/kxwtamatch-26sep18honlee,Eunhye Lee (b. 2000) wins,Eunhye Lee (b. 2000),KXWTAMATCH-26SEP18HONLEE,Hontama vs Lee,KXWTAMATCH,WTA Tennis Match,Sports,"[""Tennis""]",settled,binary,0,1,0.99,0.99,0.01,0.99,1,2361420.5,2361410.5,879082.62,0,2026-09-18T09:15:00Z,2026-09-19T06:00:18Z,2026-10-03T03:10:00Z,,yes,Eunhye Lee (b. 2000),structured,,,,True,2026-09-19T16:07:53+00:00
kalshi,KXBTC15M-26SEP182030-30,https://kalshi.com/markets/kxbtc15m/bitcoin-price-up-down,https://kalshi.com/markets/kxbtc15m/bitcoin-price-up-down/kxbtc15m-26sep182030,BTC price up in next 15 mins?,"Target Price: $80,950.66",KXBTC15M-26SEP182030,"BTC 15 min · $80,950.66 target",KXBTC15M,Bitcoin price up down,Crypto,"[""BTC"", ""15 min""]",settled,binary,0,1,0.999,0.999,0.001,0.999,1,2353162.06,2353162.06,800849.15,0,2026-09-19T00:15:00Z,2026-09-19T00:30:00Z,2026-09-26T00:30:00Z,,yes,81082.81,greater_or_equal,80950.66,,,True,2026-09-19T16:08:22+00:00
kalshi,KXATPCHALLENGERMATCH-26SEP18ZHEKRU-KRU,https://kalshi.com/markets/kxatpchallengermatch/challenger-atp,https://kalshi.com/markets/kxatpchallengermatch/challenger-atp/kxatpchallengermatch-26sep18zhekru,Mitchell Krueger wins,Mitchell Krueger,KXATPCHALLENGERMATCH-26SEP18ZHEKRU,Zheng vs Krueger,KXATPCHALLENGERMATCH,Challenger ATP ,Sports,"[""Tennis""]",settled,binary,0,1,0.01,0.01,0.99,0.01,1,2288387.24,2286198.63,1075528.24,0,2026-09-18T08:20:00Z,2026-09-18T22:30:10Z,2026-10-02T20:10:00Z,,no,Michael Zheng,structured,,,,True,2026-09-19T16:08:27+00:00
kalshi,KXITFMATCH-26SEP18OSOSAK-SAK,https://kalshi.com/markets/kxitfmatch/itf-men-s-match,https://kalshi.com/markets/kxitfmatch/itf-men-s-match/kxitfmatch-26sep18ososak,Pedro Sakamoto wins,Pedro Sakamoto,KXITFMATCH-26SEP18OSOSAK,Osorio vs Sakamoto,KXITFMATCH,ITF Men's Match,Sports,"[""Tennis""]",settled,binary,0,1,0.01,0.01,0.99,0.01,1,2281997.43,2281856.51,838410.69,0,2026-09-18T02:21:00Z,2026-09-18T21:02:22Z,2026-10-02T18:00:00Z,,no,Juan Sebastian Osorio,structured,,,,True,2026-09-19T16:08:30+00:00
kalshi,KXBTC15M-26SEP182215-15,https://kalshi.com/markets/kxbtc15m/bitcoin-price-up-down,https://kalshi.com/markets/kxbtc15m/bitcoin-price-up-down/kxbtc15m-26sep182215,BTC price up in next 15 mins?,"Target Price: $81,261.34",KXBTC15M-26SEP182215,"BTC 15 min · $81,261.34 target",KXBTC15M,Bitcoin price up down,Crypto,"[""BTC"", ""15 min""]",settled,binary,0,1,0.999,0.999,0.001,0.999,1,2275586.63,2275586.63,700767.88,0,2026-09-19T02:00:00Z,2026-09-19T02:15:00Z,2026-09-26T02:15:00Z,,yes,81361.55,greater_or_equal,81261.34,,,True,2026-09-19T16:08:14+00:00
kalshi,KXMLBGAME-26SEP181840CHCCIN-CHC,https://kalshi.com/markets/kxmlbgame/professional-baseball-game,https://kalshi.com/markets/kxmlbgame/professional-baseball-game/kxmlbgame-26sep181840chccin,Chicago C wins,Chicago C,KXMLBGAME-26SEP181840CHCCIN,Chicago C vs Cincinnati,KXMLBGAME,Professional Baseball Game,Sports,"[""Baseball""]",settled,binary,0,1,0.01,0.01,0.99,0.01,1,2703091.93,2250733.08,1695708.1,0,2026-09-15T22:55:00Z,2026-09-19T01:30:30Z,2026-09-21T22:40:00Z,,no,Cincinnati,structured,,,,True,2026-09-19T16:08:18+00:00
kalshi,KXWTAMATCH-26SEP18HONLEE-HON,https://kalshi.com/markets/kxwtamatch/wta-tennis-match,https://kalshi.com/markets/kxwtamatch/wta-tennis-match/kxwtamatch-26sep18honlee,Mai Hontama wins,Mai Hontama,KXWTAMATCH-26SEP18HONLEE,Hontama vs Lee,KXWTAMATCH,WTA Tennis Match,Sports,"[""Tennis""]",settled,binary,0,1,0.01,0.01,0.99,0.01,1,2235634.62,2235612.11,757089.6,0,2026-09-18T09:15:00Z,2026-09-19T06:00:18Z,2026-10-03T03:10:00Z,,no,Eunhye Lee (b. 2000),structured,,,,True,2026-09-19T16:07:53+00:00
kalshi,KXBTC15M-26SEP191015-15,https://kalshi.com/markets/kxbtc15m/bitcoin-price-up-down,https://kalshi.com/markets/kxbtc15m/bitcoin-price-up-down/kxbtc15m-26sep191015,BTC price up in next 15 mins?,"Target Price: $81,328.30",KXBTC15M-26SEP191015,"BTC 15 min · $81,328.30 target",KXBTC15M,Bitcoin price up down,Crypto,"[""BTC"", ""15 min""]",settled,binary,0,1,0.999,0.999,0.001,0.999,1,2230100.09,2230100.09,714764.11,0,2026-09-19T14:00:00Z,2026-09-19T14:15:00Z,2026-09-26T14:15:00Z,,yes,81357.27,greater_or_equal,81328.3,,,True,2026-09-19T16:07:37+00:00
kalshi,KXBTC15M-26SEP190330-30,https://kalshi.com/markets/kxbtc15m/bitcoin-price-up-down,https://kalshi.com/markets/kxbtc15m/bitcoin-price-up-down/kxbtc15m-26sep190330,BTC price up in next 15 mins?,"Target Price: $81,103.97",KXBTC15M-26SEP190330,"BTC 15 min · $81,103.97 target",KXBTC15M,Bitcoin price up down,Crypto,"[""BTC"", ""15 min""]",settled,binary,0,1,0.001,0.001,0.999,0.001,1,2229065.08,2229065.08,554642.45,0,2026-09-19T07:15:00Z,2026-09-19T07:30:00Z,2026-09-26T07:30:00Z,,no,81069.77,greater_or_equal,81103.97,,,True,2026-09-19T16:07:50+00:00
kalshi,KXMLBGAME-26SEP181905MILBAL-MIL,https://kalshi.com/markets/kxmlbgame/professional-baseball-game,https://kalshi.com/markets/kxmlbgame/professional-baseball-game/kxmlbgame-26sep181905milbal,Milwaukee wins,Milwaukee,KXMLBGAME-26SEP181905MILBAL,Milwaukee vs Baltimore,KXMLBGAME,Professional Baseball Game,Sports,"[""Baseball""]",settled,binary,0,1,0.99,0.99,0.01,0.99,1,2290056.64,2224125.69,1050369.42,0,2026-09-15T23:25:00Z,2026-09-19T02:54:28Z,2026-09-21T23:05:00Z,,yes,Milwaukee,structured,,,,True,2026-09-19T16:08:13+00:00
kalshi,KXEPLGAME-26SEP18BRECFC-BRE,https://kalshi.com/markets/kxeplgame/english-premier-league-game,https://kalshi.com/markets/kxeplgame/english-premier-league-game/kxeplgame-26sep18brecfc,Brentford wins,Brentford,KXEPLGAME-26SEP18BRECFC,Brentford vs Chelsea,KXEPLGAME,English Premier League Game,Sports,"[""Soccer""]",settled,binary,0,1,0.99,0.99,0.01,0.99,1,2325159.46,2222813.67,1649855.44,0,2026-09-04T00:36:00Z,2026-09-18T21:04:32Z,2026-09-21T01:00:00Z,,yes,Brentford,structured,,,,True,2026-09-19T16:08:30+00:00
kalshi,KXNCAAFSPREAD-26SEP18MIAWAKE-MIA21,https://kalshi.com/markets/kxncaafspread/college-football-spread,https://kalshi.com/markets/kxncaafspread/college-football-spread/kxncaafspread-26sep18miawake,Miami (FL) wins by over 20.5 points,Miami (FL) wins by over 20.5 points,KXNCAAFSPREAD-26SEP18MIAWAKE,Miami (FL) vs Wake Forest: Spread,KXNCAAFSPREAD,College Football Spread,Sports,"[""Football""]",settled,binary,0,1,0.01,0.01,0.99,0.01,1,2487269.28,2218210.82,1407661.49,0,2026-09-12T01:07:00Z,2026-09-19T03:14:37Z,2026-09-20T23:30:00Z,,no,13,greater,20.5,,,True,2026-09-19T16:08:06+00:00
kalshi,KXMLBGAME-26SEP182215SFLAD-LAD,https://kalshi.com/markets/kxmlbgame/professional-baseball-game,https://kalshi.com/markets/kxmlbgame/professional-baseball-game/kxmlbgame-26sep182215sflad,Los Angeles D wins,Los Angeles D,KXMLBGAME-26SEP182215SFLAD,San Francisco vs Los Angeles D,KXMLBGAME,Professional Baseball Game,Sports,"[""Baseball""]",settled,binary,0,1,0.99,0.99,0.01,0.99,1,2287832.28,2209911.6,1404820.77,0,2026-09-16T02:25:00Z,2026-09-19T05:02:33Z,2026-09-22T02:15:00Z,,yes,Los Angeles D,structured,,,,True,2026-09-19T16:07:56+00:00
kalshi,KXBTC15M-26SEP191000-00,https://kalshi.com/markets/kxbtc15m/bitcoin-price-up-down,https://kalshi.com/markets/kxbtc15m/bitcoin-price-up-down/kxbtc15m-26sep191000,BTC price up in next 15 mins?,"Target Price: $81,235.27",KXBTC15M-26SEP191000,"BTC 15 min · $81,235.27 target",KXBTC15M,Bitcoin price up down,Crypto,"[""BTC"", ""15 min""]",settled,binary,0,1,0.999,0.999,0.001,0.999,1,2209306.25,2209306.25,737610.8,0,2026-09-19T13:45:00Z,2026-09-19T14:00:00Z,2026-09-26T14:00:00Z,,yes,81328.30,greater_or_equal,81235.27,,,True,2026-09-19T16:07:38+00:00
kalshi,KXBTC15M-26SEP182045-45,https://kalshi.com/markets/kxbtc15m/bitcoin-price-up-down,https://kalshi.com/markets/kxbtc15m/bitcoin-price-up-down/kxbtc15m-26sep182045,BTC price up in next 15 mins?,"Target Price: $81,082.81",KXBTC15M-26SEP182045,"BTC 15 min · $81,082.81 target",KXBTC15M,Bitcoin price up down,Crypto,"[""BTC"", ""15 min""]",settled,binary,0,1,0.999,0.999,0.001,0.999,1,2200476.25,2200476.25,984654.27,0,2026-09-19T00:30:00Z,2026-09-19T00:45:00Z,2026-09-26T00:45:00Z,,yes,81304.70,greater_or_equal,81082.81,,,True,2026-09-19T16:08:21+00:00
kalshi,KXATPCHALLENGERMATCH-26SEP19KOUPAC-KOU,https://kalshi.com/markets/kxatpchallengermatch/challenger-atp,https://kalshi.com/markets/kxatpchallengermatch/challenger-atp/kxatpchallengermatch-26sep19koupac,Moise Kouame wins,Moise Kouame,KXATPCHALLENGERMATCH-26SEP19KOUPAC,Kouame vs Pacheco Mendez,KXATPCHALLENGERMATCH,Challenger ATP ,Sports,"[""Tennis""]",settled,binary,0,1,0.01,0.01,0.99,0.01,1,2173980.85,2173980.85,981879.46,0,2026-09-18T16:20:00Z,2026-09-19T07:50:13Z,2026-10-03T04:10:00Z,,no,Rodrigo Pacheco Mendez,structured,,,,True,2026-09-19T16:07:50+00:00
kalshi,KXBTC15M-26SEP182300-00,https://kalshi.com/markets/kxbtc15m/bitcoin-price-up-down,https://kalshi.com/markets/kxbtc15m/bitcoin-price-up-down/kxbtc15m-26sep182300,BTC price up in next 15 mins?,"Target Price: $81,308.88",KXBTC15M-26SEP182300,"BTC 15 min · $81,308.88 target",KXBTC15M,Bitcoin price up down,Crypto,"[""BTC"", ""15 min""]",settled,binary,0,1,0.001,0.001,0.999,0.001,1,2167859.83,2167859.83,690675.43,0,2026-09-19T02:45:00Z,2026-09-19T03:00:00Z,2026-09-26T03:00:00Z,,no,81268.21,greater_or_equal,81308.88,,,True,2026-09-19T16:08:12+00:00
kalshi,KXBTC15M-26SEP191130-30,https://kalshi.com/markets/kxbtc15m/bitcoin-price-up-down,https://kalshi.com/markets/kxbtc15m/bitcoin-price-up-down/kxbtc15m-26sep191130,BTC price up in next 15 mins?,"Target Price: $81,689.73",KXBTC15M-26SEP191130,"BTC 15 min · $81,689.73 target",KXBTC15M,Bitcoin price up down,Crypto,"[""BTC"", ""15 min""]",settled,binary,0,1,0.001,0.001,0.999,0.001,1,2160171.95,2160171.95,748068.26,0,2026-09-19T15:15:00Z,2026-09-19T15:30:00Z,2026-09-26T15:30:00Z,,no,81554.02,greater_or_equal,81689.73,,,True,2026-09-19T16:07:35+00:00
kalshi,KXCPLMATCH-26SEP181900GAWJAM-GAW,https://kalshi.com/markets/kxcplmatch/caribbean-premier-league-match,https://kalshi.com/markets/kxcplmatch/caribbean-premier-league-match/kxcplmatch-26sep181900gawjam,Guyana Amazon Warriors wins,Guyana Amazon Warriors,KXCPLMATCH-26SEP181900GAWJAM,Jamaica Kingsmen vs Guyana Amazon Warriors,KXCPLMATCH,Caribbean Premier League Match,Sports,"[""Cricket""]",settled,binary,0,1,0.01,0.01,0.99,0.01,1,2136941.45,2121424.99,796093.33,0,2026-09-18T03:07:00Z,2026-09-19T03:08:57Z,2026-09-21T03:00:00Z,,no,Jamaica Kingsmen,structured,,,,True,2026-09-19T16:08:07+00:00
kalshi,KXLALIGAGAME-26SEP18ESPELC-ESP,https://kalshi.com/markets/kxlaligagame/la-liga-game,https://kalshi.com/markets/kxlaligagame/la-liga-game/kxlaligagame-26sep18espelc,Espanyol wins,Espanyol,KXLALIGAGAME-26SEP18ESPELC,Espanyol vs Elche,KXLALIGAGAME,La Liga Game,Sports,"[""Soccer""]",settled,binary,0,1,0.01,0.01,0.99,0.01,1,2413258.9,2100186.16,1235650.52,0,2026-09-04T00:37:00Z,2026-09-18T21:12:12Z,2026-09-21T01:00:00Z,,no,Elche,structured,,,,True,2026-09-19T16:08:30+00:00
kalshi,KXATPCHALLENGERMATCH-26SEP18GOJDRO-GOJ,https://kalshi.com/markets/kxatpchallengermatch/challenger-atp,https://kalshi.com/markets/kxatpchallengermatch/challenger-atp/kxatpchallengermatch-26sep18gojdro,Borna Gojo wins,Borna Gojo,KXATPCHALLENGERMATCH-26SEP18GOJDRO,Gojo vs Droguet,KXATPCHALLENGERMATCH,Challenger ATP ,Sports,"[""Tennis""]",settled,binary,0,1,0.01,0.01,0.99,0.01,1,2111643.77,2094757.09,987261.73,0,2026-09-17T23:10:00Z,2026-09-18T19:04:47Z,2026-10-02T08:00:00Z,,no,Titouan Droguet,structured,,,,True,2026-09-19T16:08:36+00:00
kalshi,KXWTACHALLENGERMATCH-26SEP18VANJOR-VAN,https://kalshi.com/markets/kxwtachallengermatch/challenger-wta,https://kalshi.com/markets/kxwtachallengermatch/challenger-wta/kxwtachallengermatch-26sep18vanjor,Jeline Vandromme wins,Jeline Vandromme,KXWTACHALLENGERMATCH-26SEP18VANJOR,Vandromme vs Jorge,KXWTACHALLENGERMATCH,Challenger WTA,Sports,"[""Tennis""]",settled,binary,0,1,0.99,0.99,0.01,0.99,1,3748687.53,2091705.99,1211746.1,0,2026-09-18T01:40:00Z,2026-09-18T16:54:58Z,2026-10-02T13:30:00Z,,yes,Jeline Vandromme,structured,,,,True,2026-09-19T16:08:45+00:00
kalshi,KXATPCHALLENGERMATCH-26SEP19KOUPAC-PAC,https://kalshi.com/markets/kxatpchallengermatch/challenger-atp,https://kalshi.com/markets/kxatpchallengermatch/challenger-atp/kxatpchallengermatch-26sep19koupac,Rodrigo Pacheco Mendez wins,Rodrigo Pacheco Mendez,KXATPCHALLENGERMATCH-26SEP19KOUPAC,Kouame vs Pacheco Mendez,KXATPCHALLENGERMATCH,Challenger ATP ,Sports,"[""Tennis""]",settled,binary,0,1,0.99,0.99,0.01,0.99,1,2056556.55,2056556.55,727724.95,0,2026-09-18T16:20:00Z,2026-09-19T07:50:13Z,2026-10-03T04:10:00Z,,yes,Rodrigo Pacheco Mendez,structured,,,,True,2026-09-19T16:07:50+00:00
kalshi,KXMLBGAME-26SEP181910BOSTB-TB,https://kalshi.com/markets/kxmlbgame/professional-baseball-game,https://kalshi.com/markets/kxmlbgame/professional-baseball-game/kxmlbgame-26sep181910bostb,Tampa Bay wins,Tampa Bay,KXMLBGAME-26SEP181910BOSTB,Boston vs Tampa Bay,KXMLBGAME,Professional Baseball Game,Sports,"[""Baseball""]",settled,binary,0,1,0.01,0.01,0.99,0.01,1,2103705.86,2048355.13,1231685.59,0,2026-09-15T23:25:00Z,2026-09-19T02:00:39Z,2026-09-21T23:10:00Z,,no,Boston,structured,,,,True,2026-09-19T16:08:14+00:00
kalshi,KXBTC15M-26SEP191200-00,https://kalshi.com/markets/kxbtc15m/bitcoin-price-up-down,https://kalshi.com/markets/kxbtc15m/bitcoin-price-up-down/kxbtc15m-26sep191200,BTC price up in next 15 mins?,"Target Price: $81,868.66",KXBTC15M-26SEP191200,"BTC 15 min · $81,868.66 target",KXBTC15M,Bitcoin price up down,Crypto,"[""BTC"", ""15 min""]",settled,binary,0,1,0.001,0.001,0.999,0.001,1,2022577.01,2022577.01,887252.95,0,2026-09-19T15:45:00Z,2026-09-19T16:00:00Z,2026-09-26T16:00:00Z,,no,81603.44,greater_or_equal,81868.66,,,True,2026-09-19T16:07:35+00:00
kalshi,KXBTC15M-26SEP190300-00,https://kalshi.com/markets/kxbtc15m/bitcoin-price-up-down,https://kalshi.com/markets/kxbtc15m/bitcoin-price-up-down/kxbtc15m-26sep190300,BTC price up in next 15 mins?,"Target Price: $81,037.62",KXBTC15M-26SEP190300,"BTC 15 min · $81,037.62 target",KXBTC15M,Bitcoin price up down,Crypto,"[""BTC"", ""15 min""]",settled,binary,0,1,0.001,0.001,0.999,0.001,1,2022203.1,2022203.1,467383.06,0,2026-09-19T06:45:00Z,2026-09-19T07:00:00Z,2026-09-26T07:00:00Z,,no,81013.63,greater_or_equal,81037.62,,,True,2026-09-19T16:07:52+00:00
kalshi,KXWTAMATCH-26SEP18STOBAD-STO,https://kalshi.com/markets/kxwtamatch/wta-tennis-match,https://kalshi.com/markets/kxwtamatch/wta-tennis-match/kxwtamatch-26sep18stobad,Mary Stoiana wins,Mary Stoiana,KXWTAMATCH-26SEP18STOBAD,Stoiana vs Badosa,KXWTAMATCH,WTA Tennis Match,Sports,"[""Tennis""]",settled,binary,0,1,0.01,0.01,0.99,0.01,1,2020257.02,2016557.98,1302132.48,0,2026-09-17T20:15:00Z,2026-09-18T22:15:00Z,2026-10-02T16:00:00Z,,no,Paula Badosa,structured,,,,True,2026-09-19T16:08:27+00:00
kalshi,KXWTAMATCH-26SEP18BLICHA-CHA,https://kalshi.com/markets/kxwtamatch/wta-tennis-match,https://kalshi.com/markets/kxwtamatch/wta-tennis-match/kxwtamatch-26sep18blicha,Alina Charaeva wins,Alina Charaeva,KXWTAMATCH-26SEP18BLICHA,Blinkova vs Charaeva,KXWTAMATCH,WTA Tennis Match,Sports,"[""Tennis""]",settled,binary,0,1,0.01,0.01,0.99,0.01,1,2026419.21,2005308.79,749357.4,0,2026-09-17T19:15:00Z,2026-09-18T20:05:02Z,2026-10-02T16:00:00Z,,no,Anna Blinkova,structured,,,,True,2026-09-19T16:08:32+00:00
kalshi,KXBTC15M-26SEP190430-30,https://kalshi.com/markets/kxbtc15m/bitcoin-price-up-down,https://kalshi.com/markets/kxbtc15m/bitcoin-price-up-down/kxbtc15m-26sep190430,BTC price up in next 15 mins?,"Target Price: $81,211.69",KXBTC15M-26SEP190430,"BTC 15 min · $81,211.69 target",KXBTC15M,Bitcoin price up down,Crypto,"[""BTC"", ""15 min""]",settled,binary,0,1,0.999,0.999,0.001,0.999,1,1973789.66,1973789.66,402405.96,0,2026-09-19T08:15:00Z,2026-09-19T08:30:00Z,2026-09-26T08:30:00Z,,yes,81249.24,greater_or_equal,81211.69,,,True,2026-09-19T16:07:47+00:00
kalshi,KXBTC15M-26SEP191145-45,https://kalshi.com/markets/kxbtc15m/bitcoin-price-up-down,https://kalshi.com/markets/kxbtc15m/bitcoin-price-up-down/kxbtc15m-26sep191145,BTC price up in next 15 mins?,"Target Price: $81,554.02",KXBTC15M-26SEP191145,"BTC 15 min · $81,554.02 target",KXBTC15M,Bitcoin price up down,Crypto,"[""BTC"", ""15 min""]",settled,binary,0,1,0.999,0.999,0.001,0.999,1,1936739.56,1936739.56,850425.81,0,2026-09-19T15:30:00Z,2026-09-19T15:45:00Z,2026-09-26T15:45:00Z,,yes,81868.66,greater_or_equal,81554.02,,,True,2026-09-19T16:07:35+00:00
kalshi,KXWTAMATCH-26SEP18STOBAD-BAD,https://kalshi.com/markets/kxwtamatch/wta-tennis-match,https://kalshi.com/markets/kxwtamatch/wta-tennis-match/kxwtamatch-26sep18stobad,Paula Badosa wins,Paula Badosa,KXWTAMATCH-26SEP18STOBAD,Stoiana vs Badosa,KXWTAMATCH,WTA Tennis Match,Sports,"[""Tennis""]",settled,binary,0,1,0.99,0.99,0.01,0.99,1,1970371.34,1929461.2,1216229.02,0,2026-09-17T20:15:00Z,2026-09-18T22:15:00Z,2026-10-02T16:00:00Z,,yes,Paula Badosa,structured,,,,True,2026-09-19T16:08:27+00:00
kalshi,KXLIGAMXGAME-26SEP18JUATIG-TIG,https://kalshi.com/markets/kxligamxgame/liga-mx-game,https://kalshi.com/markets/kxligamxgame/liga-mx-game/kxligamxgame-26sep18juatig,Tigres wins,Tigres,KXLIGAMXGAME-26SEP18JUATIG,Juarez vs Tigres,KXLIGAMXGAME,Liga MX Game,Sports,"[""Soccer""]",settled,binary,0,1,0.01,0.01,0.99,0.01,1,1977951.14,1923519.24,1181916.13,0,2026-09-05T00:43:00Z,2026-09-19T05:12:38Z,2026-09-21T09:00:00Z,,no,Juarez,structured,,,,True,2026-09-19T16:07:56+00:00
kalshi,KXDAVISCUPMATCH-26SEP18HEIWAW-WAW,https://kalshi.com/markets/kxdaviscupmatch/davis-cup-match,https://kalshi.com/markets/kxdaviscupmatch/davis-cup-match/kxdaviscupmatch-26sep18heiwaw,Stan Wawrinka wins,Stan Wawrinka,KXDAVISCUPMATCH-26SEP18HEIWAW,Heide vs Wawrinka,KXDAVISCUPMATCH,Davis Cup Match,Sports,"[""Tennis""]",settled,binary,0,1,0.01,0.01,0.99,0.01,1,1926153.58,1923219.14,749285.7,0,2026-09-17T19:15:00Z,2026-09-18T23:30:17Z,2026-10-02T19:10:00Z,,no,Gustavo Heide,structured,,,,True,2026-09-19T16:08:24+00:00
kalshi,KXBTC15M-26SEP190915-15,https://kalshi.com/markets/kxbtc15m/bitcoin-price-up-down,https://kalshi.com/markets/kxbtc15m/bitcoin-price-up-down/kxbtc15m-26sep190915,BTC price up in next 15 mins?,"Target Price: $81,307.65",KXBTC15M-26SEP190915,"BTC 15 min · $81,307.65 target",KXBTC15M,Bitcoin price up down,Crypto,"[""BTC"", ""15 min""]",settled,binary,0,1,0.001,0.001,0.999,0.001,1,1921554.84,1921554.84,727525.59,0,2026-09-19T13:00:00Z,2026-09-19T13:15:00Z,2026-09-26T13:15:00Z,,no,81214.50,greater_or_equal,81307.65,,,True,2026-09-19T16:07:38+00:00
kalshi,KXMLBGAME-26SEP181905MILBAL-BAL,https://kalshi.com/markets/kxmlbgame/professional-baseball-game,https://kalshi.com/markets/kxmlbgame/professional-baseball-game/kxmlbgame-26sep181905milbal,Baltimore wins,Baltimore,KXMLBGAME-26SEP181905MILBAL,Milwaukee vs Baltimore,KXMLBGAME,Professional Baseball Game,Sports,"[""Baseball""]",settled,binary,0,1,0.01,0.01,0.99,0.01,1,1934280.16,1921365.07,960153.69,0,2026-09-15T23:25:00Z,2026-09-19T02:54:28Z,2026-09-21T23:05:00Z,,no,Milwaukee,structured,,,,True,2026-09-19T16:08:13+00:00
kalshi,KXNCAAFGAME-26SEP18PRSTORE-PRST,https://kalshi.com/markets/kxncaafgame/college-football-game,https://kalshi.com/markets/kxncaafgame/college-football-game/kxncaafgame-26sep18prstore,Portland St. wins,Portland St.,KXNCAAFGAME-26SEP18PRSTORE,Portland St. vs Oregon,KXNCAAFGAME,College Football Game,Sports,"[""Football""]",settled,binary,0,1,0.01,0.01,0.99,0.01,1,2838658.52,1921066.66,2835693.52,0,2026-09-05T04:08:00Z,2026-09-19T05:54:39Z,2026-09-21T02:30:00Z,,no,Oregon,structured,,,,True,2026-09-19T16:07:55+00:00
kalshi,KXBTC15M-26SEP191030-30,https://kalshi.com/markets/kxbtc15m/bitcoin-price-up-down,https://kalshi.com/markets/kxbtc15m/bitcoin-price-up-down/kxbtc15m-26sep191030,BTC price up in next 15 mins?,"Target Price: $81,357.27",KXBTC15M-26SEP191030,"BTC 15 min · $81,357.27 target",KXBTC15M,Bitcoin price up down,Crypto,"[""BTC"", ""15 min""]",settled,binary,0,1,0.999,0.999,0.001,0.999,1,1906720.03,1906720.03,819998.27,0,2026-09-19T14:15:00Z,2026-09-19T14:30:00Z,2026-09-26T14:30:00Z,,yes,81520.10,greater_or_equal,81357.27,,,True,2026-09-19T16:07:37+00:00
kalshi,KXBTC15M-26SEP190530-30,https://kalshi.com/markets/kxbtc15m/bitcoin-price-up-down,https://kalshi.com/markets/kxbtc15m/bitcoin-price-up-down/kxbtc15m-26sep190530,BTC price up in next 15 mins?,"Target Price: $81,426.81",KXBTC15M-26SEP190530,"BTC 15 min · $81,426.81 target",KXBTC15M,Bitcoin price up down,Crypto,"[""BTC"", ""15 min""]",settled,binary,0,1,0.001,0.001,0.999,0.001,1,1903537.45,1903537.45,300369.79,0,2026-09-19T09:15:00Z,2026-09-19T09:30:00Z,2026-09-26T09:30:00Z,,no,81398.78,greater_or_equal,81426.81,,,True,2026-09-19T16:07:44+00:00
kalshi,KXBTC15M-26SEP190500-00,https://kalshi.com/markets/kxbtc15m/bitcoin-price-up-down,https://kalshi.com/markets/kxbtc15m/bitcoin-price-up-down/kxbtc15m-26sep190500,BTC price up in next 15 mins?,"Target Price: $81,294.67",KXBTC15M-26SEP190500,"BTC 15 min · $81,294.67 target",KXBTC15M,Bitcoin price up down,Crypto,"[""BTC"", ""15 min""]",settled,binary,0,1,0.001,0.001,0.999,0.001,1,1876274.32,1876274.32,406785.9,0,2026-09-19T08:45:00Z,2026-09-19T09:00:00Z,2026-09-26T09:00:00Z,,no,81286.80,greater_or_equal,81294.67,,,True,2026-09-19T16:07:47+00:00
kalshi,KXWTACHALLENGERMATCH-26SEP18LAZSTE-LAZ,https://kalshi.com/markets/kxwtachallengermatch/challenger-wta,https://kalshi.com/markets/kxwtachallengermatch/challenger-wta/kxwtachallengermatch-26sep18lazste,Andrea Lazaro Garcia wins,Andrea Lazaro Garcia,KXWTACHALLENGERMATCH-26SEP18LAZSTE,Lazaro Garcia vs Steur,KXWTACHALLENGERMATCH,Challenger WTA,Sports,"[""Tennis""]",settled,binary,0,1,0.01,0.01,0.99,0.01,1,1835734.55,1828956.47,679613,0,2026-09-18T03:50:00Z,2026-09-18T19:20:43Z,2026-10-02T15:40:00Z,,no,Joelle Lilly Sophie Steur,structured,,,,True,2026-09-19T16:08:36+00:00
kalshi,KXBTC15M-26SEP190345-45,https://kalshi.com/markets/kxbtc15m/bitcoin-price-up-down,https://kalshi.com/markets/kxbtc15m/bitcoin-price-up-down/kxbtc15m-26sep190345,BTC price up in next 15 mins?,"Target Price: $81,069.77",KXBTC15M-26SEP190345,"BTC 15 min · $81,069.77 target",KXBTC15M,Bitcoin price up down,Crypto,"[""BTC"", ""15 min""]",settled,binary,0,1,0.001,0.001,0.999,0.001,1,1816453.04,1816453.04,423571.91,0,2026-09-19T07:30:00Z,2026-09-19T07:45:00Z,2026-09-26T07:45:00Z,,no,81034.85,greater_or_equal,81069.77,,,True,2026-09-19T16:07:50+00:00
kalshi,KXEPLGAME-26SEP19TOTAVL-AVL,https://kalshi.com/markets/kxeplgame/english-premier-league-game,https://kalshi.com/markets/kxeplgame/english-premier-league-game/kxeplgame-26sep19totavl,Aston Villa wins,Aston Villa,KXEPLGAME-26SEP19TOTAVL,Tottenham vs Aston Villa,KXEPLGAME,English Premier League Game,Sports,"[""Soccer""]",settled,binary,0,1,0.99,0.99,0.01,0.99,1,1859729.3,1803384.77,831867.14,0,2026-09-05T00:40:00Z,2026-09-19T13:45:23Z,2026-09-21T17:30:00Z,,yes,Aston Villa,structured,,,,True,2026-09-19T16:07:38+00:00
kalshi,KXWTAMATCH-26SEP18SAMSTE-STE,https://kalshi.com/markets/kxwtamatch/wta-tennis-match,https://kalshi.com/markets/kxwtamatch/wta-tennis-match/kxwtamatch-26sep18samste,Peyton Stearns wins,Peyton Stearns,KXWTAMATCH-26SEP18SAMSTE,Samsonova vs Stearns,KXWTAMATCH,WTA Tennis Match,Sports,"[""Tennis""]",settled,binary,0,1,0.99,0.99,0.01,0.99,1,1807165.01,1794556.37,817805.63,0,2026-09-18T05:05:00Z,2026-09-19T03:20:07Z,2026-10-03T00:10:00Z,,yes,Peyton Stearns,structured,,,,True,2026-09-19T16:08:06+00:00
kalshi,KXBTC15M-26SEP190415-15,https://kalshi.com/markets/kxbtc15m/bitcoin-price-up-down,https://kalshi.com/markets/kxbtc15m/bitcoin-price-up-down/kxbtc15m-26sep190415,BTC price up in next 15 mins?,"Target Price: $81,093.73",KXBTC15M-26SEP190415,"BTC 15 min · $81,093.73 target",KXBTC15M,Bitcoin price up down,Crypto,"[""BTC"", ""15 min""]",settled,binary,0,1,0.999,0.999,0.001,0.999,1,1726949.83,1726949.83,499832.18,0,2026-09-19T08:00:00Z,2026-09-19T08:15:00Z,2026-09-26T08:15:00Z,,yes,81211.69,greater_or_equal,81093.73,,,True,2026-09-19T16:07:47+00:00
kalshi,KXBTC15M-26SEP190630-30,https://kalshi.com/markets/kxbtc15m/bitcoin-price-up-down,https://kalshi.com/markets/kxbtc15m/bitcoin-price-up-down/kxbtc15m-26sep190630,BTC price up in next 15 mins?,"Target Price: $81,279.05",KXBTC15M-26SEP190630,"BTC 15 min · $81,279.05 target",KXBTC15M,Bitcoin price up down,Crypto,"[""BTC"", ""15 min""]",settled,binary,0,1,0.999,0.999,0.001,0.999,1,1715884.87,1715884.87,278764.33,0,2026-09-19T10:15:00Z,2026-09-19T10:30:00Z,2026-09-26T10:30:00Z,,yes,81279.69,greater_or_equal,81279.05,,,True,2026-09-19T16:07:41+00:00
kalshi,KXBTC15M-26SEP190400-00,https://kalshi.com/markets/kxbtc15m/bitcoin-price-up-down,https://kalshi.com/markets/kxbtc15m/bitcoin-price-up-down/kxbtc15m-26sep190400,BTC price up in next 15 mins?,"Target Price: $81,034.85",KXBTC15M-26SEP190400,"BTC 15 min · $81,034.85 target",KXBTC15M,Bitcoin price up down,Crypto,"[""BTC"", ""15 min""]",settled,binary,0,1,0.999,0.999,0.001,0.999,1,1690502.73,1690502.73,386504.23,0,2026-09-19T07:45:00Z,2026-09-19T08:00:00Z,2026-09-26T08:00:00Z,,yes,81093.73,greater_or_equal,81034.85,,,True,2026-09-19T16:07:50+00:00
kalshi,KXBTC15M-26SEP190930-30,https://kalshi.com/markets/kxbtc15m/bitcoin-price-up-down,https://kalshi.com/markets/kxbtc15m/bitcoin-price-up-down/kxbtc15m-26sep190930,BTC price up in next 15 mins?,"Target Price: $81,214.50",KXBTC15M-26SEP190930,"BTC 15 min · $81,214.50 target",KXBTC15M,Bitcoin price up down,Crypto,"[""BTC"", ""15 min""]",settled,binary,0,1,0.001,0.001,0.999,0.001,1,1675326.75,1675326.75,278355.45,0,2026-09-19T13:15:00Z,2026-09-19T13:30:00Z,2026-09-26T13:30:00Z,,no,81213.50,greater_or_equal,81214.5,,,True,2026-09-19T16:07:38+00:00
kalshi,KXATPCHALLENGERMATCH-26SEP18SIMHEC-SIM,https://kalshi.com/markets/kxatpchallengermatch/challenger-atp,https://kalshi.com/markets/kxatpchallengermatch/challenger-atp/kxatpchallengermatch-26sep18simhec,Ilia Simakin wins,Ilia Simakin,KXATPCHALLENGERMATCH-26SEP18SIMHEC,Simakin vs Heck,KXATPCHALLENGERMATCH,Challenger ATP ,Sports,"[""Tennis""]",settled,binary,0,1,0.99,0.99,0.01,0.99,1,1673482.8,1673482.8,680552.14,0,2026-09-18T15:11:00Z,2026-09-19T05:20:01Z,2026-10-03T03:00:00Z,,yes,Ilia Simakin,structured,,,,True,2026-09-19T16:07:56+00:00
kalshi,KXBTC15M-26SEP190315-15,https://kalshi.com/markets/kxbtc15m/bitcoin-price-up-down,https://kalshi.com/markets/kxbtc15m/bitcoin-price-up-down/kxbtc15m-26sep190315,BTC price up in next 15 mins?,"Target Price: $81,013.63",KXBTC15M-26SEP190315,"BTC 15 min · $81,013.63 target",KXBTC15M,Bitcoin price up down,Crypto,"[""BTC"", ""15 min""]",settled,binary,0,1,0.999,0.999,0.001,0.999,1,1672570.66,1672570.66,606043.72,0,2026-09-19T07:00:00Z,2026-09-19T07:15:00Z,2026-09-26T07:15:00Z,,yes,81103.97,greater_or_equal,81013.63,,,True,2026-09-19T16:07:50+00:00
kalshi,KXBTC15M-26SEP190945-45,https://kalshi.com/markets/kxbtc15m/bitcoin-price-up-down,https://kalshi.com/markets/kxbtc15m/bitcoin-price-up-down/kxbtc15m-26sep190945,BTC price up in next 15 mins?,"Target Price: $81,213.50",KXBTC15M-26SEP190945,"BTC 15 min · $81,213.50 target",KXBTC15M,Bitcoin price up down,Crypto,"[""BTC"", ""15 min""]",settled,binary,0,1,0.999,0.999,0.001,0.999,1,1598849.7,1598849.7,389049.69,0,2026-09-19T13:30:00Z,2026-09-19T13:45:00Z,2026-09-26T13:45:00Z,,yes,81235.27,greater_or_equal,81213.5,,,True,2026-09-19T16:07:38+00:00
kalshi,KXITFMATCH-26SEP18OSOSAK-OSO,https://kalshi.com/markets/kxitfmatch/itf-men-s-match,https://kalshi.com/markets/kxitfmatch/itf-men-s-match/kxitfmatch-26sep18ososak,Juan Sebastian Osorio wins,Juan Sebastian Osorio,KXITFMATCH-26SEP18OSOSAK,Osorio vs Sakamoto,KXITFMATCH,ITF Men's Match,Sports,"[""Tennis""]",settled,binary,0,1,0.99,0.99,0.01,0.99,1,1572441.34,1572404.96,704470.35,0,2026-09-18T02:21:00Z,2026-09-18T21:02:22Z,2026-10-02T18:00:00Z,,yes,Juan Sebastian Osorio,structured,,,,True,2026-09-19T16:08:30+00:00
kalshi,KXBTC15M-26SEP190900-00,https://kalshi.com/markets/kxbtc15m/bitcoin-price-up-down,https://kalshi.com/markets/kxbtc15m/bitcoin-price-up-down/kxbtc15m-26sep190900,BTC price up in next 15 mins?,"Target Price: $81,253.28",KXBTC15M-26SEP190900,"BTC 15 min · $81,253.28 target",KXBTC15M,Bitcoin price up down,Crypto,"[""BTC"", ""15 min""]",settled,binary,0,1,0.999,0.999,0.001,0.999,1,1542712.5,1542712.5,486099.74,0,2026-09-19T12:45:00Z,2026-09-19T13:00:00Z,2026-09-26T13:00:00Z,,yes,81307.65,greater_or_equal,81253.28,,,True,2026-09-19T16:07:39+00:00
kalshi,KXBTC15M-26SEP190515-15,https://kalshi.com/markets/kxbtc15m/bitcoin-price-up-down,https://kalshi.com/markets/kxbtc15m/bitcoin-price-up-down/kxbtc15m-26sep190515,BTC price up in next 15 mins?,"Target Price: $81,286.80",KXBTC15M-26SEP190515,"BTC 15 min · $81,286.80 target",KXBTC15M,Bitcoin price up down,Crypto,"[""BTC"", ""15 min""]",settled,binary,0,1,0.999,0.999,0.001,0.999,1,1531090.54,1531090.54,442209.14,0,2026-09-19T09:00:00Z,2026-09-19T09:15:00Z,2026-09-26T09:15:00Z,,yes,81426.81,greater_or_equal,81286.8,,,True,2026-09-19T16:07:44+00:00
kalshi,KXWTAMATCH-26SEP18KOSQUE-QUE,https://kalshi.com/markets/kxwtamatch/wta-tennis-match,https://kalshi.com/markets/kxwtamatch/wta-tennis-match/kxwtamatch-26sep18kosque,Kaitlin Quevedo wins,Kaitlin Quevedo,KXWTAMATCH-26SEP18KOSQUE,Kostovic vs Quevedo,KXWTAMATCH,WTA Tennis Match,Sports,"[""Tennis""]",settled,binary,0,1,0.99,0.99,0.01,0.99,1,1622099.83,1524270.21,1018051.76,0,2026-09-17T17:35:00Z,2026-09-18T17:58:19Z,2026-10-02T16:00:00Z,,yes,Kaitlin Quevedo,structured,,,,True,2026-09-19T16:08:42+00:00
kalshi,KXLIGAMXGAME-26SEP18PUEALA-PUE,https://kalshi.com/markets/kxligamxgame/liga-mx-game,https://kalshi.com/markets/kxligamxgame/liga-mx-game/kxligamxgame-26sep18pueala,Puebla wins,Puebla,KXLIGAMXGAME-26SEP18PUEALA,Puebla vs Atlante,KXLIGAMXGAME,Liga MX Game,Sports,"[""Soccer""]",settled,binary,0,1,0.01,0.01,0.99,0.01,1,1568583.32,1514493.66,828944.63,0,2026-09-05T00:42:00Z,2026-09-19T03:07:01Z,2026-09-21T07:00:00Z,,no,Tie,structured,,,,True,2026-09-19T16:08:07+00:00
kalshi,KXBTC15M-26SEP190545-45,https://kalshi.com/markets/kxbtc15m/bitcoin-price-up-down,https://kalshi.com/markets/kxbtc15m/bitcoin-price-up-down/kxbtc15m-26sep190545,BTC price up in next 15 mins?,"Target Price: $81,398.78",KXBTC15M-26SEP190545,"BTC 15 min · $81,398.78 target",KXBTC15M,Bitcoin price up down,Crypto,"[""BTC"", ""15 min""]",settled,binary,0,1,0.001,0.001,0.999,0.001,1,1486730.93,1486730.93,570292.57,0,2026-09-19T09:30:00Z,2026-09-19T09:45:00Z,2026-09-26T09:45:00Z,,no,81246.67,greater_or_equal,81398.78,,,True,2026-09-19T16:07:44+00:00
kalshi,KXMLBGAME-26SEP182010SEACOL-SEA,https://kalshi.com/markets/kxmlbgame/professional-baseball-game,https://kalshi.com/markets/kxmlbgame/professional-baseball-game/kxmlbgame-26sep182010seacol,Seattle wins,Seattle,KXMLBGAME-26SEP182010SEACOL,Seattle vs Colorado,KXMLBGAME,Professional Baseball Game,Sports,"[""Baseball""]",settled,binary,0,1,0.99,0.99,0.01,0.99,1,1510765.14,1484924.96,837068.27,0,2026-09-16T00:25:00Z,2026-09-19T03:24:27Z,2026-09-22T00:10:00Z,,yes,Seattle,structured,,,,True,2026-09-19T16:08:05+00:00
kalshi,KXWTAMATCH-26SEP18BUCJOV-JOV,https://kalshi.com/markets/kxwtamatch/wta-tennis-match,https://kalshi.com/markets/kxwtamatch/wta-tennis-match/kxwtamatch-26sep18bucjov,Iva Jovic wins,Iva Jovic,KXWTAMATCH-26SEP18BUCJOV,Bucsa vs Jovic,KXWTAMATCH,WTA Tennis Match,Sports,"[""Tennis""]",settled,binary,0,1,0.99,0.99,0.01,0.99,1,1440029.36,1408088.21,881420.26,0,2026-09-17T22:15:00Z,2026-09-19T00:51:33Z,2026-10-02T21:00:00Z,,yes,Iva Jovic,structured,,,,True,2026-09-19T16:08:21+00:00
kalshi,KXBTC15M-26SEP190700-00,https://kalshi.com/markets/kxbtc15m/bitcoin-price-up-down,https://kalshi.com/markets/kxbtc15m/bitcoin-price-up-down/kxbtc15m-26sep190700,BTC price up in next 15 mins?,"Target Price: $81,227.00",KXBTC15M-26SEP190700,"BTC 15 min · $81,227.00 target",KXBTC15M,Bitcoin price up down,Crypto,"[""BTC"", ""15 min""]",settled,binary,0,1,0.001,0.001,0.999,0.001,1,1406705.66,1406705.66,359102.88,0,2026-09-19T10:45:00Z,2026-09-19T11:00:00Z,2026-09-26T11:00:00Z,,no,81192.74,greater_or_equal,81227,,,True,2026-09-19T16:07:41+00:00
kalshi,KXBTC15M-26SEP190730-30,https://kalshi.com/markets/kxbtc15m/bitcoin-price-up-down,https://kalshi.com/markets/kxbtc15m/bitcoin-price-up-down/kxbtc15m-26sep190730,BTC price up in next 15 mins?,"Target Price: $81,288.81",KXBTC15M-26SEP190730,"BTC 15 min · $81,288.81 target",KXBTC15M,Bitcoin price up down,Crypto,"[""BTC"", ""15 min""]",settled,binary,0,1,0.001,0.001,0.999,0.001,1,1405896.78,1405896.78,421720.68,0,2026-09-19T11:15:00Z,2026-09-19T11:30:00Z,2026-09-26T11:30:00Z,,no,81250.94,greater_or_equal,81288.81,,,True,2026-09-19T16:07:40+00:00
kalshi,KXWTACHALLENGERMATCH-26SEP18VANJOR-JOR,https://kalshi.com/markets/kxwtachallengermatch/challenger-wta,https://kalshi.com/markets/kxwtachallengermatch/challenger-wta/kxwtachallengermatch-26sep18vanjor,Francisca Jorge wins,Francisca Jorge,KXWTACHALLENGERMATCH-26SEP18VANJOR,Vandromme vs Jorge,KXWTACHALLENGERMATCH,Challenger WTA,Sports,"[""Tennis""]",settled,binary,0,1,0.01,0.01,0.99,0.01,1,2948399.17,1397522.46,769724.7,0,2026-09-18T01:40:00Z,2026-09-18T16:54:58Z,2026-10-02T13:30:00Z,,no,Jeline Vandromme,structured,,,,True,2026-09-19T16:08:45+00:00
kalshi,KXMLBGAME-26SEP182140NYYAZ-AZ,https://kalshi.com/markets/kxmlbgame/professional-baseball-game,https://kalshi.com/markets/kxmlbgame/professional-baseball-game/kxmlbgame-26sep182140nyyaz,Arizona wins,Arizona,KXMLBGAME-26SEP182140NYYAZ,New York Y vs Arizona,KXMLBGAME,Professional Baseball Game,Sports,"[""Baseball""]",settled,binary,0,1,0.01,0.01,0.99,0.01,1,1504950.15,1378087.11,1026291.6,0,2026-09-16T01:55:00Z,2026-09-19T04:34:35Z,2026-09-22T01:40:00Z,,no,New York Y,structured,,,,True,2026-09-19T16:08:01+00:00
kalshi,KXWTAMATCH-26SEP18KAJAST-AST,https://kalshi.com/markets/kxwtamatch/wta-tennis-match,https://kalshi.com/markets/kxwtamatch/wta-tennis-match/kxwtamatch-26sep18kajast,Darya Astakhova wins,Darya Astakhova,KXWTAMATCH-26SEP18KAJAST,Kaji vs Astakhova,KXWTAMATCH,WTA Tennis Match,Sports,"[""Tennis""]",settled,binary,0,1,0.99,0.99,0.01,0.99,1,1366179.29,1366015.09,660263.42,0,2026-09-18T09:15:00Z,2026-09-19T05:30:09Z,2026-10-03T02:00:00Z,,yes,Darya Astakhova,structured,,,,True,2026-09-19T16:07:55+00:00
kalshi,KXBTC15M-26SEP190830-30,https://kalshi.com/markets/kxbtc15m/bitcoin-price-up-down,https://kalshi.com/markets/kxbtc15m/bitcoin-price-up-down/kxbtc15m-26sep190830,BTC price up in next 15 mins?,"Target Price: $81,325.66",KXBTC15M-26SEP190830,"BTC 15 min · $81,325.66 target",KXBTC15M,Bitcoin price up down,Crypto,"[""BTC"", ""15 min""]",settled,binary,0,1,0.001,0.001,0.999,0.001,1,1361898.22,1361898.22,545006.84,0,2026-09-19T12:15:00Z,2026-09-19T12:30:00Z,2026-09-26T12:30:00Z,,no,81217.60,greater_or_equal,81325.66,,,True,2026-09-19T16:07:39+00:00
kalshi,KXBTC15M-26SEP190715-15,https://kalshi.com/markets/kxbtc15m/bitcoin-price-up-down,https://kalshi.com/markets/kxbtc15m/bitcoin-price-up-down/kxbtc15m-26sep190715,BTC price up in next 15 mins?,"Target Price: $81,192.74",KXBTC15M-26SEP190715,"BTC 15 min · $81,192.74 target",KXBTC15M,Bitcoin price up down,Crypto,"[""BTC"", ""15 min""]",settled,binary,0,1,0.999,0.999,0.001,0.999,1,1352531.84,1352531.84,549771.85,0,2026-09-19T11:00:00Z,2026-09-19T11:15:00Z,2026-09-26T11:15:00Z,,yes,81288.81,greater_or_equal,81192.74,,,True,2026-09-19T16:07:40+00:00
kalshi,KXBTC15M-26SEP190815-15,https://kalshi.com/markets/kxbtc15m/bitcoin-price-up-down,https://kalshi.com/markets/kxbtc15m/bitcoin-price-up-down/kxbtc15m-26sep190815,BTC price up in next 15 mins?,"Target Price: $81,286.06",KXBTC15M-26SEP190815,"BTC 15 min · $81,286.06 target",KXBTC15M,Bitcoin price up down,Crypto,"[""BTC"", ""15 min""]",settled,binary,0,1,0.999,0.999,0.001,0.999,1,1351293.63,1351293.63,331512.56,0,2026-09-19T12:00:00Z,2026-09-19T12:15:00Z,2026-09-26T12:15:00Z,,yes,81325.66,greater_or_equal,81286.06,,,True,2026-09-19T16:07:39+00:00
kalshi,KXATPCHALLENGERMATCH-26SEP19GUEDRO-GUE,https://kalshi.com/markets/kxatpchallengermatch/challenger-atp,https://kalshi.com/markets/kxatpchallengermatch/challenger-atp/kxatpchallengermatch-26sep19guedro,Sascha Gueymard Wayenburg wins,Sascha Gueymard Wayenburg,KXATPCHALLENGERMATCH-26SEP19GUEDRO,Gueymard Wayenburg vs Droguet,KXATPCHALLENGERMATCH,Challenger ATP ,Sports,"[""Tennis""]",settled,binary,0,1,0.99,0.99,0.01,0.99,1,1350551.52,1350333.85,619474.98,0,2026-09-19T00:50:00Z,2026-09-19T16:00:26Z,2026-10-03T12:40:00Z,,yes,Sascha Gueymard Wayenburg,structured,,,,True,2026-09-19T16:07:34+00:00
kalshi,KXBTC15M-26SEP190615-15,https://kalshi.com/markets/kxbtc15m/bitcoin-price-up-down,https://kalshi.com/markets/kxbtc15m/bitcoin-price-up-down/kxbtc15m-26sep190615,BTC price up in next 15 mins?,"Target Price: $81,311.36",KXBTC15M-26SEP190615,"BTC 15 min · $81,311.36 target",KXBTC15M,Bitcoin price up down,Crypto,"[""BTC"", ""15 min""]",settled,binary,0,1,0.001,0.001,0.999,0.001,1,1347647.12,1347647.12,382230.61,0,2026-09-19T10:00:00Z,2026-09-19T10:15:00Z,2026-09-26T10:15:00Z,,no,81279.05,greater_or_equal,81311.36,,,True,2026-09-19T16:07:41+00:00
kalshi,KXBTC15M-26SEP190445-45,https://kalshi.com/markets/kxbtc15m/bitcoin-price-up-down,https://kalshi.com/markets/kxbtc15m/bitcoin-price-up-down/kxbtc15m-26sep190445,BTC price up in next 15 mins?,"Target Price: $81,249.24",KXBTC15M-26SEP190445,"BTC 15 min · $81,249.24 target",KXBTC15M,Bitcoin price up down,Crypto,"[""BTC"", ""15 min""]",settled,binary,0,1,0.999,0.999,0.001,0.999,1,1338598.35,1338598.35,391792.4,0,2026-09-19T08:30:00Z,2026-09-19T08:45:00Z,2026-09-26T08:45:00Z,,yes,81294.67,greater_or_equal,81249.24,,,True,2026-09-19T16:07:47+00:00
kalshi,KXMLBGAME-26SEP181940DETCWS-DET,https://kalshi.com/markets/kxmlbgame/professional-baseball-game,https://kalshi.com/markets/kxmlbgame/professional-baseball-game/kxmlbgame-26sep181940detcws,Detroit wins,Detroit,KXMLBGAME-26SEP181940DETCWS,Detroit vs Chicago WS,KXMLBGAME,Professional Baseball Game,Sports,"[""Baseball""]",settled,binary,0,1,0.99,0.99,0.01,0.99,1,1332478.31,1320028.86,543247.28,0,2026-09-15T23:55:00Z,2026-09-19T03:00:30Z,2026-09-21T23:40:00Z,,yes,Detroit,structured,,,,True,2026-09-19T16:08:08+00:00
kalshi,KXDAVISCUPMATCH-26SEP18FONSTR-FON,https://kalshi.com/markets/kxdaviscupmatch/davis-cup-match,https://kalshi.com/markets/kxdaviscupmatch/davis-cup-match/kxdaviscupmatch-26sep18fonstr,Joao Fonseca wins,Joao Fonseca,KXDAVISCUPMATCH-26SEP18FONSTR,Fonseca vs Stricker,KXDAVISCUPMATCH,Davis Cup Match,Sports,"[""Tennis""]",settled,binary,0,1,0.99,0.99,0.01,0.99,1,1309375.38,1307600.11,728846.49,0,2026-09-17T18:06:00Z,2026-09-18T20:25:59Z,2026-10-02T18:00:00Z,,yes,Joao Fonseca,structured,,,,True,2026-09-19T16:08:32+00:00
kalshi,KXWTACHALLENGERMATCH-26SEP18LAZSTE-STE,https://kalshi.com/markets/kxwtachallengermatch/challenger-wta,https://kalshi.com/markets/kxwtachallengermatch/challenger-wta/kxwtachallengermatch-26sep18lazste,Joelle Lilly Sophie Steur wins,Joelle Lilly Sophie Steur,KXWTACHALLENGERMATCH-26SEP18LAZSTE,Lazaro Garcia vs Steur,KXWTACHALLENGERMATCH,Challenger WTA,Sports,"[""Tennis""]",settled,binary,0,1,0.99,0.99,0.01,0.99,1,1305684.35,1304881.8,608326.39,0,2026-09-18T03:50:00Z,2026-09-18T19:20:43Z,2026-10-02T15:40:00Z,,yes,Joelle Lilly Sophie Steur,structured,,,,True,2026-09-19T16:08:36+00:00
kalshi,KXBTC15M-26SEP190745-45,https://kalshi.com/markets/kxbtc15m/bitcoin-price-up-down,https://kalshi.com/markets/kxbtc15m/bitcoin-price-up-down/kxbtc15m-26sep190745,BTC price up in next 15 mins?,"Target Price: $81,250.94",KXBTC15M-26SEP190745,"BTC 15 min · $81,250.94 target",KXBTC15M,Bitcoin price up down,Crypto,"[""BTC"", ""15 min""]",settled,binary,0,1,0.999,0.999,0.001,0.999,1,1284852.4,1284852.4,250403.21,0,2026-09-19T11:30:00Z,2026-09-19T11:45:00Z,2026-09-26T11:45:00Z,,yes,81266.28,greater_or_equal,81250.94,,,True,2026-09-19T16:07:40+00:00
kalshi,KXWTAMATCH-26SEP19KURJEO-JEO,https://kalshi.com/markets/kxwtamatch/wta-tennis-match,https://kalshi.com/markets/kxwtamatch/wta-tennis-match/kxwtamatch-26sep19kurjeo,Boyoung Jeong wins,Boyoung Jeong,KXWTAMATCH-26SEP19KURJEO,Kuramochi vs Jeong,KXWTAMATCH,WTA Tennis Match,Sports,"[""Tennis""]",settled,binary,0,1,0.01,0.01,0.99,0.01,1,1283801.75,1283801.75,391453.12,0,2026-09-19T02:15:00Z,2026-09-19T09:00:25Z,2026-10-03T04:20:00Z,,no,Miho Kuramochi,structured,,,,True,2026-09-19T16:07:44+00:00
kalshi,KXITFWMATCH-26SEP18MATABE-MAT,https://kalshi.com/markets/kxitfwmatch/itf-women-s-match,https://kalshi.com/markets/kxitfwmatch/itf-women-s-match/kxitfwmatch-26sep18matabe,Rinko Matsuda wins,Rinko Matsuda,KXITFWMATCH-26SEP18MATABE,Matsuda vs Abe,KXITFWMATCH,ITF Women's Match,Sports,"[""Tennis""]",settled,binary,0,1,0.01,0.01,0.99,0.01,1,1282782.62,1282713.52,352617.53,0,2026-09-18T09:11:00Z,2026-09-19T03:14:59Z,2026-10-03T01:00:00Z,,no,Hiromi Abe,structured,,,,True,2026-09-19T16:08:06+00:00
kalshi,KXATPCHALLENGERMATCH-26SEP18WOLGOR-WOL,https://kalshi.com/markets/kxatpchallengermatch/challenger-atp,https://kalshi.com/markets/kxatpchallengermatch/challenger-atp/kxatpchallengermatch-26sep18wolgor,Jeffrey John Wolf wins,Jeffrey John Wolf,KXATPCHALLENGERMATCH-26SEP18WOLGOR,Wolf vs Gorzny,KXATPCHALLENGERMATCH,Challenger ATP ,Sports,"[""Tennis""]",settled,binary,0,1,0.99,0.99,0.01,0.99,1,1280641.84,1280421.8,603750.36,0,2026-09-18T11:11:00Z,2026-09-19T01:50:05Z,2026-10-02T23:00:00Z,,yes,Jeffrey John Wolf,structured,,,,True,2026-09-19T16:08:16+00:00
kalshi,KXMLBGAME-26SEP182005TORTEX-TOR,https://kalshi.com/markets/kxmlbgame/professional-baseball-game,https://kalshi.com/markets/kxmlbgame/professional-baseball-game/kxmlbgame-26sep182005tortex,Toronto wins,Toronto,KXMLBGAME-26SEP182005TORTEX,Toronto vs Texas,KXMLBGAME,Professional Baseball Game,Sports,"[""Baseball""]",settled,binary,0,1,0.01,0.01,0.99,0.01,1,1391234.31,1279050.66,830862.89,0,2026-09-16T00:25:00Z,2026-09-19T03:09:40Z,2026-09-22T00:05:00Z,,no,Texas,structured,,,,True,2026-09-19T16:08:07+00:00
kalshi,KXMLBGAME-26SEP181910BOSTB-BOS,https://kalshi.com/markets/kxmlbgame/professional-baseball-game,https://kalshi.com/markets/kxmlbgame/professional-baseball-game/kxmlbgame-26sep181910bostb,Boston wins,Boston,KXMLBGAME-26SEP181910BOSTB,Boston vs Tampa Bay,KXMLBGAME,Professional Baseball Game,Sports,"[""Baseball""]",settled,binary,0,1,0.99,0.99,0.01,0.99,1,1327415.05,1269856.95,714524.17,0,2026-09-15T23:25:00Z,2026-09-19T02:00:39Z,2026-09-21T23:10:00Z,,yes,Boston,structured,,,,True,2026-09-19T16:08:14+00:00
kalshi,KXBTC15M-26SEP190645-45,https://kalshi.com/markets/kxbtc15m/bitcoin-price-up-down,https://kalshi.com/markets/kxbtc15m/bitcoin-price-up-down/kxbtc15m-26sep190645,BTC price up in next 15 mins?,"Target Price: $81,279.69",KXBTC15M-26SEP190645,"BTC 15 min · $81,279.69 target",KXBTC15M,Bitcoin price up down,Crypto,"[""BTC"", ""15 min""]",settled,binary,0,1,0.001,0.001,0.999,0.001,1,1242116.53,1242116.53,409753.58,0,2026-09-19T10:30:00Z,2026-09-19T10:45:00Z,2026-09-26T10:45:00Z,,no,81227.00,greater_or_equal,81279.69,,,True,2026-09-19T16:07:41+00:00
kalshi,KXEPLGAME-26SEP18BRECFC-TIE,https://kalshi.com/markets/kxeplgame/english-premier-league-game,https://kalshi.com/markets/kxeplgame/english-premier-league-game/kxeplgame-26sep18brecfc,Tie is the result,Tie,KXEPLGAME-26SEP18BRECFC,Brentford vs Chelsea,KXEPLGAME,English Premier League Game,Sports,"[""Soccer""]",settled,binary,0,1,0.01,0.01,0.99,0.01,1,1323056.88,1236542.68,755086.48,0,2026-09-04T00:36:00Z,2026-09-18T21:04:32Z,2026-09-21T01:00:00Z,,no,Brentford,structured,,,,True,2026-09-19T16:08:30+00:00
kalshi,KXDAVISCUPMATCH-26SEP18BUSESC-BUS,https://kalshi.com/markets/kxdaviscupmatch/davis-cup-match,https://kalshi.com/markets/kxdaviscupmatch/davis-cup-match/kxdaviscupmatch-26sep18busesc,Ignacio Buse wins,Ignacio Buse,KXDAVISCUPMATCH-26SEP18BUSESC,Buse vs Escurra Isnardi,KXDAVISCUPMATCH,Davis Cup Match,Sports,"[""Tennis""]",settled,binary,0,1,0.99,0.99,0.01,0.99,1,1229307.72,1229101.45,578896.01,0,2026-09-17T21:06:00Z,2026-09-19T00:30:19Z,2026-10-02T21:00:00Z,,yes,Ignacio Buse,structured,,,,True,2026-09-19T16:08:21+00:00
kalshi,KXDAVISCUPMATCH-26SEP18DRARIN-RIN,https://kalshi.com/markets/kxdaviscupmatch/davis-cup-match,https://kalshi.com/markets/kxdaviscupmatch/davis-cup-match/kxdaviscupmatch-26sep18drarin,Arthur Rinderknech wins,Arthur Rinderknech,KXDAVISCUPMATCH-26SEP18DRARIN,Draxl vs Rinderknech,KXDAVISCUPMATCH,Davis Cup Match,Sports,"[""Tennis""]",settled,binary,0,1,0.01,0.01,0.99,0.01,1,1222643.38,1221291.65,632149.06,0,2026-09-17T21:06:00Z,2026-09-18T23:04:53Z,2026-10-02T21:00:00Z,,no,Liam Draxl,structured,,,,True,2026-09-19T16:08:25+00:00
kalshi,KXWTAMATCH-26SEP19KURJEO-KUR,https://kalshi.com/markets/kxwtamatch/wta-tennis-match,https://kalshi.com/markets/kxwtamatch/wta-tennis-match/kxwtamatch-26sep19kurjeo,Miho Kuramochi wins,Miho Kuramochi,KXWTAMATCH-26SEP19KURJEO,Kuramochi vs Jeong,KXWTAMATCH,WTA Tennis Match,Sports,"[""Tennis""]",settled,binary,0,1,0.99,0.99,0.01,0.99,1,1220496.37,1220496.37,355974.57,0,2026-09-19T02:15:00Z,2026-09-19T09:00:25Z,2026-10-03T04:20:00Z,,yes,Miho Kuramochi,structured,,,,True,2026-09-19T16:07:44+00:00
kalshi,KXMLBGAME-26SEP181940DETCWS-CWS,https://kalshi.com/markets/kxmlbgame/professional-baseball-game,https://kalshi.com/markets/kxmlbgame/professional-baseball-game/kxmlbgame-26sep181940detcws,Chicago WS wins,Chicago WS,KXMLBGAME-26SEP181940DETCWS,Detroit vs Chicago WS,KXMLBGAME,Professional Baseball Game,Sports,"[""Baseball""]",settled,binary,0,1,0.01,0.01,0.99,0.01,1,1215574.28,1204570.05,536312.06,0,2026-09-15T23:55:00Z,2026-09-19T03:00:30Z,2026-09-21T23:40:00Z,,no,Detroit,structured,,,,True,2026-09-19T16:08:08+00:00
kalshi,KXBTC15M-26SEP190845-45,https://kalshi.com/markets/kxbtc15m/bitcoin-price-up-down,https://kalshi.com/markets/kxbtc15m/bitcoin-price-up-down/kxbtc15m-26sep190845,BTC price up in next 15 mins?,"Target Price: $81,217.60",KXBTC15M-26SEP190845,"BTC 15 min · $81,217.60 target",KXBTC15M,Bitcoin price up down,Crypto,"[""BTC"", ""15 min""]",settled,binary,0,1,0.999,0.999,0.001,0.999,1,1193636.75,1193636.75,351145.8,0,2026-09-19T12:30:00Z,2026-09-19T12:45:00Z,2026-09-26T12:45:00Z,,yes,81253.28,greater_or_equal,81217.6,,,True,2026-09-19T16:07:39+00:00
kalshi,KXLIGAMXGAME-26SEP18JUATIG-JUA,https://kalshi.com/markets/kxligamxgame/liga-mx-game,https://kalshi.com/markets/kxligamxgame/liga-mx-game/kxligamxgame-26sep18juatig,Juarez wins,Juarez,KXLIGAMXGAME-26SEP18JUATIG,Juarez vs Tigres,KXLIGAMXGAME,Liga MX Game,Sports,"[""Soccer""]",settled,binary,0,1,0.99,0.99,0.01,0.99,1,1188955.96,1177656.52,546362.79,0,2026-09-05T00:43:00Z,2026-09-19T05:12:38Z,2026-09-21T09:00:00Z,,yes,Juarez,structured,,,,True,2026-09-19T16:07:56+00:00
kalshi,KXWTAMATCH-26SEP19YAOHON-YAO,https://kalshi.com/markets/kxwtamatch/wta-tennis-match,https://kalshi.com/markets/kxwtamatch/wta-tennis-match/kxwtamatch-26sep19yaohon,Xinxin Yao wins,Xinxin Yao,KXWTAMATCH-26SEP19YAOHON,Yao vs Hon,KXWTAMATCH,WTA Tennis Match,Sports,"[""Tennis""]",settled,binary,0,1,0.99,0.99,0.01,0.99,1,1177554.22,1177551.77,414670.14,0,2026-09-18T09:15:00Z,2026-09-19T10:00:28Z,2026-10-03T04:20:00Z,,yes,Xinxin Yao,structured,,,,True,2026-09-19T16:07:41+00:00
kalshi,KXMLBGAME-26SEP182005TORTEX-TEX,https://kalshi.com/markets/kxmlbgame/professional-baseball-game,https://kalshi.com/markets/kxmlbgame/professional-baseball-game/kxmlbgame-26sep182005tortex,Texas wins,Texas,KXMLBGAME-26SEP182005TORTEX,Toronto vs Texas,KXMLBGAME,Professional Baseball Game,Sports,"[""Baseball""]",settled,binary,0,1,0.99,0.99,0.01,0.99,1,1196840.28,1174533.76,975862.17,0,2026-09-16T00:25:00Z,2026-09-19T03:09:40Z,2026-09-22T00:05:00Z,,yes,Texas,structured,,,,True,2026-09-19T16:08:07+00:00
kalshi,KXWTACHALLENGERMATCH-26SEP19POHKNU-KNU,https://kalshi.com/markets/kxwtachallengermatch/challenger-wta,https://kalshi.com/markets/kxwtachallengermatch/challenger-wta/kxwtachallengermatch-26sep19pohknu,Gabriela Knutson wins,Gabriela Knutson,KXWTACHALLENGERMATCH-26SEP19POHKNU,Pohankova vs Knutson,KXWTACHALLENGERMATCH,Challenger WTA,Sports,"[""Tennis""]",settled,binary,0,1,0.99,0.99,0.01,0.99,1,1171360.33,1171360.33,484595.53,0,2026-09-18T22:10:00Z,2026-09-19T12:50:04Z,2026-10-03T10:00:00Z,,yes,Gabriela Knutson,structured,,,,True,2026-09-19T16:07:39+00:00
kalshi,KXATPCHALLENGERMATCH-26SEP19MONTRU-TRU,https://kalshi.com/markets/kxatpchallengermatch/challenger-atp,https://kalshi.com/markets/kxatpchallengermatch/challenger-atp/kxatpchallengermatch-26sep19montru,Marco Trungelliti wins,Marco Trungelliti,KXATPCHALLENGERMATCH-26SEP19MONTRU,Monteiro vs Trungelliti,KXATPCHALLENGERMATCH,Challenger ATP ,Sports,"[""Tennis""]",settled,binary,0,1,0.01,0.01,0.99,0.01,1,1165282.11,1165282.11,633854.22,0,2026-09-19T00:10:00Z,2026-09-19T14:14:46Z,2026-10-03T12:00:00Z,,no,Thiago Monteiro,structured,,,,True,2026-09-19T16:07:37+00:00
kalshi,KXITFWMATCH-26SEP18MATABE-ABE,https://kalshi.com/markets/kxitfwmatch/itf-women-s-match,https://kalshi.com/markets/kxitfwmatch/itf-women-s-match/kxitfwmatch-26sep18matabe,Hiromi Abe wins,Hiromi Abe,KXITFWMATCH-26SEP18MATABE,Matsuda vs Abe,KXITFWMATCH,ITF Women's Match,Sports,"[""Tennis""]",settled,binary,0,1,0.99,0.99,0.01,0.99,1,1155972.43,1155777.77,353003.2,0,2026-09-18T09:11:00Z,2026-09-19T03:14:59Z,2026-10-03T01:00:00Z,,yes,Hiromi Abe,structured,,,,True,2026-09-19T16:08:06+00:00
kalshi,KXWTAMATCH-26SEP18KOSQUE-KOS,https://kalshi.com/markets/kxwtamatch/wta-tennis-match,https://kalshi.com/markets/kxwtamatch/wta-tennis-match/kxwtamatch-26sep18kosque,Teodora Kostovic wins,Teodora Kostovic,KXWTAMATCH-26SEP18KOSQUE,Kostovic vs Quevedo,KXWTAMATCH,WTA Tennis Match,Sports,"[""Tennis""]",settled,binary,0,1,0.01,0.01,0.99,0.01,1,1151138.05,1125865.82,513540.24,0,2026-09-17T17:35:00Z,2026-09-18T17:58:19Z,2026-10-02T16:00:00Z,,no,Kaitlin Quevedo,structured,,,,True,2026-09-19T16:08:42+00:00
kalshi,KXMLBGAME-26SEP182010SEACOL-COL,https://kalshi.com/markets/kxmlbgame/professional-baseball-game,https://kalshi.com/markets/kxmlbgame/professional-baseball-game/kxmlbgame-26sep182010seacol,Colorado wins,Colorado,KXMLBGAME-26SEP182010SEACOL,Seattle vs Colorado,KXMLBGAME,Professional Baseball Game,Sports,"[""Baseball""]",settled,binary,0,1,0.01,0.01,0.99,0.01,1,1125029.15,1118006.7,623571.3,0,2026-09-16T00:25:00Z,2026-09-19T03:24:27Z,2026-09-22T00:10:00Z,,no,Seattle,structured,,,,True,2026-09-19T16:08:05+00:00
kalshi,KXMLBGAME-26SEP181840KCPIT-PIT,https://kalshi.com/markets/kxmlbgame/professional-baseball-game,https://kalshi.com/markets/kxmlbgame/professional-baseball-game/kxmlbgame-26sep181840kcpit,Pittsburgh wins,Pittsburgh,KXMLBGAME-26SEP181840KCPIT,Kansas City vs Pittsburgh,KXMLBGAME,Professional Baseball Game,Sports,"[""Baseball""]",settled,binary,0,1,0.99,0.99,0.01,0.99,1,1151935.83,1114226.5,439352.63,0,2026-09-15T22:55:00Z,2026-09-19T01:29:51Z,2026-09-21T22:40:00Z,,yes,Pittsburgh,structured,,,,True,2026-09-19T16:08:18+00:00
kalshi,KXBTCD-26SEP1817-T80999.99,https://kalshi.com/markets/kxbtcd/bitcoin-price-above-below,https://kalshi.com/markets/kxbtcd/bitcoin-price-above-below/kxbtcd-26sep1817,"Bitcoin price on Sep 18, 2026?","$81,000 or above",KXBTCD-26SEP1817,"BTC price on Sep 18, 2026 at 5pm EDT?",KXBTCD,Bitcoin price Above/below,Crypto,"[""Hourly"", ""BTC""]",settled,binary,0,1,0.99,0.99,0.01,0.99,1,1281394.5,1111850.68,209112.89,0,2026-09-11T20:00:00Z,2026-09-18T21:00:00Z,2026-09-25T21:00:00Z,,yes,81077.63,greater,80999.99,,BRTI,True,2026-09-19T16:08:31+00:00
kalshi,KXATPCHALLENGERMATCH-26SEP18WOLGOR-GOR,https://kalshi.com/markets/kxatpchallengermatch/challenger-atp,https://kalshi.com/markets/kxatpchallengermatch/challenger-atp/kxatpchallengermatch-26sep18wolgor,Sebastian Gorzny wins,Sebastian Gorzny,KXATPCHALLENGERMATCH-26SEP18WOLGOR,Wolf vs Gorzny,KXATPCHALLENGERMATCH,Challenger ATP ,Sports,"[""Tennis""]",settled,binary,0,1,0.01,0.01,0.99,0.01,1,1107549.24,1105647.77,544555.8,0,2026-09-18T11:11:00Z,2026-09-19T01:50:05Z,2026-10-02T23:00:00Z,,no,Jeffrey John Wolf,structured,,,,True,2026-09-19T16:08:16+00:00
kalshi,KXWTAMATCH-26SEP18ITOLAN-LAN,https://kalshi.com/markets/kxwtamatch/wta-tennis-match,https://kalshi.com/markets/kxwtamatch/wta-tennis-match/kxwtamatch-26sep18itolan,Sofya Lansere wins,Sofya Lansere,KXWTAMATCH-26SEP18ITOLAN,Ito vs Lansere,KXWTAMATCH,WTA Tennis Match,Sports,"[""Tennis""]",settled,binary,0,1,0.01,0.01,0.99,0.01,1,1102964,1102950.34,571550.61,0,2026-09-18T09:45:00Z,2026-09-19T06:40:02Z,2026-10-03T03:00:00Z,,no,Aoi Ito,structured,,,,True,2026-09-19T16:07:53+00:00
kalshi,KXNCAAFTOTAL-26SEP18MIAWAKE-56,https://kalshi.com/markets/kxncaaftotal/college-football-total-points,https://kalshi.com/markets/kxncaaftotal/college-football-total-points/kxncaaftotal-26sep18miawake,Over 55.5 points scored,Over 55.5 points scored,KXNCAAFTOTAL-26SEP18MIAWAKE,Miami (FL) vs Wake Forest: Total Points,KXNCAAFTOTAL,College Football Total Points,Sports,"[""Football""]",settled,binary,0,1,0.01,0.01,0.99,0.01,1,1215703.17,1097026.08,731846.51,0,2026-09-12T01:07:00Z,2026-09-19T03:14:39Z,2026-09-20T23:30:00Z,,no,53,greater,55.5,,,True,2026-09-19T16:08:06+00:00
kalshi,KXWTAMATCH-26SEP18KAJAST-KAJ,https://kalshi.com/markets/kxwtamatch/wta-tennis-match,https://kalshi.com/markets/kxwtamatch/wta-tennis-match/kxwtamatch-26sep18kajast,Haruka Kaji wins,Haruka Kaji,KXWTAMATCH-26SEP18KAJAST,Kaji vs Astakhova,KXWTAMATCH,WTA Tennis Match,Sports,"[""Tennis""]",settled,binary,0,1,0.01,0.01,0.99,0.01,1,1096363.26,1096363.26,434519.59,0,2026-09-18T09:15:00Z,2026-09-19T05:30:09Z,2026-10-03T02:00:00Z,,no,Darya Astakhova,structured,,,,True,2026-09-19T16:07:55+00:00
kalshi,KXMLBGAME-26SEP182140MIASD-SD,https://kalshi.com/markets/kxmlbgame/professional-baseball-game,https://kalshi.com/markets/kxmlbgame/professional-baseball-game/kxmlbgame-26sep182140miasd,San Diego wins,San Diego,KXMLBGAME-26SEP182140MIASD,Miami vs San Diego,KXMLBGAME,Professional Baseball Game,Sports,"[""Baseball""]",settled,binary,0,1,0.99,0.99,0.01,0.99,1,1112394.94,1084488.79,665828.47,0,2026-09-16T01:55:00Z,2026-09-19T04:30:20Z,2026-09-22T01:40:00Z,,yes,San Diego,structured,,,,True,2026-09-19T16:08:01+00:00
kalshi,KXMLBGAME-26SEP181840CHCCIN-CIN,https://kalshi.com/markets/kxmlbgame/professional-baseball-game,https://kalshi.com/markets/kxmlbgame/professional-baseball-game/kxmlbgame-26sep181840chccin,Cincinnati wins,Cincinnati,KXMLBGAME-26SEP181840CHCCIN,Chicago C vs Cincinnati,KXMLBGAME,Professional Baseball Game,Sports,"[""Baseball""]",settled,binary,0,1,0.99,0.99,0.01,0.99,1,1121755.96,1077891.53,440915.67,0,2026-09-15T22:55:00Z,2026-09-19T01:30:30Z,2026-09-21T22:40:00Z,,yes,Cincinnati,structured,,,,True,2026-09-19T16:08:18+00:00
kalshi,KXEPLGAME-26SEP19TOTAVL-TOT,https://kalshi.com/markets/kxeplgame/english-premier-league-game,https://kalshi.com/markets/kxeplgame/english-premier-league-game/kxeplgame-26sep19totavl,Tottenham wins,Tottenham,KXEPLGAME-26SEP19TOTAVL,Tottenham vs Aston Villa,KXEPLGAME,English Premier League Game,Sports,"[""Soccer""]",settled,binary,0,1,0.01,0.01,0.99,0.01,1,1107980.47,1077586.83,646865.45,0,2026-09-05T00:40:00Z,2026-09-19T13:45:23Z,2026-09-21T17:30:00Z,,no,Aston Villa,structured,,,,True,2026-09-19T16:07:38+00:00
kalshi,KXARGPREMDIVGAME-26SEP18CCDYJ-DYJ,https://kalshi.com/markets/kxargpremdivgame/argentina-primera-division-game,https://kalshi.com/markets/kxargpremdivgame/argentina-primera-division-game/kxargpremdivgame-26sep18ccdyj,Defensa y Justicia wins,Defensa y Justicia,KXARGPREMDIVGAME-26SEP18CCDYJ,Central Cordoba vs Defensa y Justicia,KXARGPREMDIVGAME,Argentina Primera Division Game,Sports,"[""Soccer""]",settled,binary,0,1,0.01,0.01,0.99,0.01,1,1075075.02,1069636.75,270353.87,0,2026-09-14T00:34:00Z,2026-09-18T23:16:43Z,2026-09-20T21:00:00Z,,no,Tie,structured,,,,True,2026-09-19T16:08:25+00:00
kalshi,KXBTC15M-26SEP190600-00,https://kalshi.com/markets/kxbtc15m/bitcoin-price-up-down,https://kalshi.com/markets/kxbtc15m/bitcoin-price-up-down/kxbtc15m-26sep190600,BTC price up in next 15 mins?,"Target Price: $81,246.67",KXBTC15M-26SEP190600,"BTC 15 min · $81,246.67 target",KXBTC15M,Bitcoin price up down,Crypto,"[""BTC"", ""15 min""]",settled,binary,0,1,0.999,0.999,0.001,0.999,1,1053126.11,1053126.11,380203.03,0,2026-09-19T09:45:00Z,2026-09-19T10:00:00Z,2026-09-26T10:00:00Z,,yes,81311.36,greater_or_equal,81246.67,,,True,2026-09-19T16:07:44+00:00
kalshi,KXITFWMATCH-26SEP19PODSIS-POD,https://kalshi.com/markets/kxitfwmatch/itf-women-s-match,https://kalshi.com/markets/kxitfwmatch/itf-women-s-match/kxitfwmatch-26sep19podsis,Veronika Podrez wins,Veronika Podrez,KXITFWMATCH-26SEP19PODSIS,Podrez vs Siskova,KXITFWMATCH,ITF Women's Match,Sports,"[""Tennis""]",settled,binary,0,1,0.01,0.01,0.99,0.01,1,1039373.43,1039373.43,384510.21,0,2026-09-18T20:11:00Z,2026-09-19T14:39:48Z,2026-10-03T12:00:00Z,,no,Anna Siskova,structured,,,,True,2026-09-19T16:07:37+00:00
kalshi,KXMLBGAME-26SEP182140MIASD-MIA,https://kalshi.com/markets/kxmlbgame/professional-baseball-game,https://kalshi.com/markets/kxmlbgame/professional-baseball-game/kxmlbgame-26sep182140miasd,Miami wins,Miami,KXMLBGAME-26SEP182140MIASD,Miami vs San Diego,KXMLBGAME,Professional Baseball Game,Sports,"[""Baseball""]",settled,binary,0,1,0.01,0.01,0.99,0.01,1,1042881.06,1034018.04,625725.34,0,2026-09-16T01:55:00Z,2026-09-19T04:30:20Z,2026-09-22T01:40:00Z,,no,San Diego,structured,,,,True,2026-09-19T16:08:01+00:00
kalshi,KXWNBAGAME-26SEP18NYMIN-MIN,https://kalshi.com/markets/kxwnbagame/women-s-pro-basketball-game,https://kalshi.com/markets/kxwnbagame/women-s-pro-basketball-game/kxwnbagame-26sep18nymin,Minnesota wins,Minnesota,KXWNBAGAME-26SEP18NYMIN,New York vs Minnesota,KXWNBAGAME,Women's Pro Basketball Game,Sports,"[""Basketball""]",settled,binary,0,1,0.01,0.01,0.99,0.01,1,1066735.56,1031873.09,495242.06,0,2026-09-15T23:40:00Z,2026-09-19T02:00:16Z,2026-09-20T23:30:00Z,,no,NY Liberty,structured,,,,True,2026-09-19T16:08:15+00:00
kalshi,KXATPCHALLENGERMATCH-26SEP18BLANAK-NAK,https://kalshi.com/markets/kxatpchallengermatch/challenger-atp,https://kalshi.com/markets/kxatpchallengermatch/challenger-atp/kxatpchallengermatch-26sep18blanak,Bryce Nakashima Nakashima wins,Bryce Nakashima Nakashima,KXATPCHALLENGERMATCH-26SEP18BLANAK,Blanch vs Nakashima,KXATPCHALLENGERMATCH,Challenger ATP ,Sports,"[""Tennis""]",settled,binary,0,1,0.01,0.01,0.99,0.01,1,1020902.08,1018073.3,581442.09,0,2026-09-18T07:11:00Z,2026-09-18T20:20:07Z,2026-10-02T19:00:00Z,,no,Darwin Blanch,structured,,,,True,2026-09-19T16:08:32+00:00
kalshi,KXWTACHALLENGERMATCH-26SEP19PIGVAN-PIG,https://kalshi.com/markets/kxwtachallengermatch/challenger-wta,https://kalshi.com/markets/kxwtachallengermatch/challenger-wta/kxwtachallengermatch-26sep19pigvan,Lisa Pigato wins,Lisa Pigato,KXWTACHALLENGERMATCH-26SEP19PIGVAN,Pigato vs Vandromme,KXWTACHALLENGERMATCH,Challenger WTA,Sports,"[""Tennis""]",settled,binary,0,1,0.99,0.99,0.01,0.99,1,1015212.93,1015212.93,496963.86,0,2026-09-18T23:20:00Z,2026-09-19T15:00:18Z,2026-10-03T11:10:00Z,,yes,Lisa Pigato,structured,,,,True,2026-09-19T16:07:35+00:00
kalshi,KXITFMATCH-26SEP18FAUPET-PET,https://kalshi.com/markets/kxitfmatch/itf-men-s-match,https://kalshi.com/markets/kxitfmatch/itf-men-s-match/kxitfmatch-26sep18faupet,Andreja Petrovic wins,Andreja Petrovic,KXITFMATCH-26SEP18FAUPET,Faurel vs Petrovic,KXITFMATCH,ITF Men's Match,Sports,"[""Tennis""]",settled,binary,0,1,0.99,0.99,0.01,0.99,1,1389003.11,1004603.09,664118.58,0,2026-09-17T21:11:00Z,2026-09-18T17:00:18Z,2026-10-02T13:00:00Z,,yes,Andreja Petrovic,structured,,,,True,2026-09-19T16:08:42+00:00
kalshi,KXWTAMATCH-26SEP18ITOLAN-ITO,https://kalshi.com/markets/kxwtamatch/wta-tennis-match,https://kalshi.com/markets/kxwtamatch/wta-tennis-match/kxwtamatch-26sep18itolan,Aoi Ito wins,Aoi Ito,KXWTAMATCH-26SEP18ITOLAN,Ito vs Lansere,KXWTAMATCH,WTA Tennis Match,Sports,"[""Tennis""]",settled,binary,0,1,0.99,0.99,0.01,0.99,1,1001635.17,1001533.68,518300.92,0,2026-09-18T09:45:00Z,2026-09-19T06:40:02Z,2026-10-03T03:00:00Z,,yes,Aoi Ito,structured,,,,True,2026-09-19T16:07:53+00:00
kalshi,KXATPCHALLENGERMATCH-26SEP19MORCLA-MOR,https://kalshi.com/markets/kxatpchallengermatch/challenger-atp,https://kalshi.com/markets/kxatpchallengermatch/challenger-atp/kxatpchallengermatch-26sep19morcla,Alejandro Moro Canas wins,Alejandro Moro Canas,KXATPCHALLENGERMATCH-26SEP19MORCLA,Moro Canas vs Clarke,KXATPCHALLENGERMATCH,Challenger ATP ,Sports,"[""Tennis""]",settled,binary,0,1,0.99,0.99,0.01,0.99,1,993024.88,992679.09,506977.32,0,2026-09-19T00:50:00Z,2026-09-19T16:00:26Z,2026-10-03T12:40:00Z,,yes,Alejandro Moro Canas,structured,,,,True,2026-09-19T16:07:34+00:00
kalshi,KXWTACHALLENGERMATCH-26SEP19DESAM-SAM,https://kalshi.com/markets/kxwtachallengermatch/challenger-wta,https://kalshi.com/markets/kxwtachallengermatch/challenger-wta/kxwtachallengermatch-26sep19desam,Laura Samson wins,Laura Samson,KXWTACHALLENGERMATCH-26SEP19DESAM,de Stefano vs Samson,KXWTACHALLENGERMATCH,Challenger WTA,Sports,"[""Tennis""]",settled,binary,0,1,0.01,0.01,0.99,0.01,1,990174.09,990174.09,426291.28,0,2026-09-18T22:10:00Z,2026-09-19T12:30:08Z,2026-10-03T10:00:00Z,,no,Samira de Stefano,structured,,,,True,2026-09-19T16:07:39+00:00
kalshi,KXATPCHALLENGERMATCH-26SEP18ZHEKRU-ZHE,https://kalshi.com/markets/kxatpchallengermatch/challenger-atp,https://kalshi.com/markets/kxatpchallengermatch/challenger-atp/kxatpchallengermatch-26sep18zhekru,Michael Zheng wins,Michael Zheng,KXATPCHALLENGERMATCH-26SEP18ZHEKRU,Zheng vs Krueger,KXATPCHALLENGERMATCH,Challenger ATP ,Sports,"[""Tennis""]",settled,binary,0,1,0.99,0.99,0.01,0.99,1,982815.42,981972.15,601346.99,0,2026-09-18T08:20:00Z,2026-09-18T22:30:10Z,2026-10-02T20:10:00Z,,yes,Michael Zheng,structured,,,,True,2026-09-19T16:08:27+00:00
kalshi,KXDAVISCUPMATCH-26SEP18RODBER-BER,https://kalshi.com/markets/kxdaviscupmatch/davis-cup-match,https://kalshi.com/markets/kxdaviscupmatch/davis-cup-match/kxdaviscupmatch-26sep18rodber,Zizou Bergs wins,Zizou Bergs,KXDAVISCUPMATCH-26SEP18RODBER,Rodionov vs Bergs,KXDAVISCUPMATCH,Davis Cup Match,Sports,"[""Tennis""]",settled,binary,0,1,0.01,0.01,0.99,0.01,1,981000.26,981000.26,455489.37,0,2026-09-17T14:35:00Z,2026-09-19T14:00:33Z,2026-10-02T14:30:00Z,,no,Jurij Rodionov,structured,,,,True,2026-09-19T16:07:37+00:00
kalshi,KXMLBSPREAD-26SEP182215SFLAD-LAD2,https://kalshi.com/markets/kxmlbspread/pro-baseball-spread,https://kalshi.com/markets/kxmlbspread/pro-baseball-spread/kxmlbspread-26sep182215sflad,Los Angeles D wins by over 1.5 runs?,Los Angeles D wins by over 1.5 runs,KXMLBSPREAD-26SEP182215SFLAD,San Francisco vs Los Angeles D: Spread,KXMLBSPREAD,Pro Baseball Spread,Sports,"[""Baseball""]",settled,binary,0,1,0.99,0.99,0.01,0.99,1,984900.17,974525.96,424209.13,0,2026-09-17T19:10:00Z,2026-09-19T05:02:30Z,2026-09-22T02:15:00Z,,yes,6,greater,1.5,,,True,2026-09-19T16:07:56+00:00
kalshi,KXDAVISCUPMATCH-26SEP19DUCMAJ-MAJ,https://kalshi.com/markets/kxdaviscupmatch/davis-cup-match,https://kalshi.com/markets/kxdaviscupmatch/davis-cup-match/kxdaviscupmatch-26sep19ducmaj,Kamil Majchrzak wins,Kamil Majchrzak,KXDAVISCUPMATCH-26SEP19DUCMAJ,Duckworth vs Majchrzak,KXDAVISCUPMATCH,Davis Cup Match,Sports,"[""Tennis""]",settled,binary,0,1,0.99,0.99,0.01,0.99,1,973102.58,973102.58,472328.68,0,2026-09-18T04:15:00Z,2026-09-19T06:40:10Z,2026-10-03T04:10:00Z,,yes,Kamil Majchrzak,structured,,,,True,2026-09-19T16:07:53+00:00
kalshi,KXWTAMATCH-26SEP18BUCJOV-BUC,https://kalshi.com/markets/kxwtamatch/wta-tennis-match,https://kalshi.com/markets/kxwtamatch/wta-tennis-match/kxwtamatch-26sep18bucjov,Cristina Bucsa wins,Cristina Bucsa,KXWTAMATCH-26SEP18BUCJOV,Bucsa vs Jovic,KXWTAMATCH,WTA Tennis Match,Sports,"[""Tennis""]",settled,binary,0,1,0.01,0.01,0.99,0.01,1,978246.04,968249.17,551967.54,0,2026-09-17T22:15:00Z,2026-09-19T00:51:33Z,2026-10-02T21:00:00Z,,no,Iva Jovic,structured,,,,True,2026-09-19T16:08:21+00:00
kalshi,KXMLBGAME-26SEP182010ATLHOU-ATL,https://kalshi.com/markets/kxmlbgame/professional-baseball-game,https://kalshi.com/markets/kxmlbgame/professional-baseball-game/kxmlbgame-26sep182010atlhou,Atlanta wins,Atlanta,KXMLBGAME-26SEP182010ATLHOU,Atlanta vs Houston,KXMLBGAME,Professional Baseball Game,Sports,"[""Baseball""]",settled,binary,0,1,0.99,0.99,0.01,0.99,1,1078607.6,966849.23,516602.23,0,2026-09-16T00:25:00Z,2026-09-19T02:59:54Z,2026-09-22T00:10:00Z,,yes,Atlanta,structured,,,,True,2026-09-19T16:08:12+00:00
kalshi,KXMLBGAME-26SEP182010ATLHOU-HOU,https://kalshi.com/markets/kxmlbgame/professional-baseball-game,https://kalshi.com/markets/kxmlbgame/professional-baseball-game/kxmlbgame-26sep182010atlhou,Houston wins,Houston,KXMLBGAME-26SEP182010ATLHOU,Atlanta vs Houston,KXMLBGAME,Professional Baseball Game,Sports,"[""Baseball""]",settled,binary,0,1,0.01,0.01,0.99,0.01,1,994821.48,960468.19,543827.62,0,2026-09-16T00:25:00Z,2026-09-19T02:59:54Z,2026-09-22T00:10:00Z,,no,Atlanta,structured,,,,True,2026-09-19T16:08:12+00:00
kalshi,KXDAVISCUPMATCH-26SEP19DUCMAJ-DUC,https://kalshi.com/markets/kxdaviscupmatch/davis-cup-match,https://kalshi.com/markets/kxdaviscupmatch/davis-cup-match/kxdaviscupmatch-26sep19ducmaj,James Duckworth wins,James Duckworth,KXDAVISCUPMATCH-26SEP19DUCMAJ,Duckworth vs Majchrzak,KXDAVISCUPMATCH,Davis Cup Match,Sports,"[""Tennis""]",settled,binary,0,1,0.01,0.01,0.99,0.01,1,939858.3,939858.3,478687.98,0,2026-09-18T04:15:00Z,2026-09-19T06:40:10Z,2026-10-03T04:10:00Z,,no,Kamil Majchrzak,structured,,,,True,2026-09-19T16:07:53+00:00
kalshi,KXBTC15M-26SEP190800-00,https://kalshi.com/markets/kxbtc15m/bitcoin-price-up-down,https://kalshi.com/markets/kxbtc15m/bitcoin-price-up-down/kxbtc15m-26sep190800,BTC price up in next 15 mins?,"Target Price: $81,266.28",KXBTC15M-26SEP190800,"BTC 15 min · $81,266.28 target",KXBTC15M,Bitcoin price up down,Crypto,"[""BTC"", ""15 min""]",settled,binary,0,1,0.999,0.999,0.001,0.999,1,929512.8,929512.8,285048.15,0,2026-09-19T11:45:00Z,2026-09-19T12:00:00Z,2026-09-26T12:00:00Z,,yes,81286.06,greater_or_equal,81266.28,,,True,2026-09-19T16:07:40+00:00
kalshi,KXDAVISCUPMATCH-26SEP18RUNDIM-RUN,https://kalshi.com/markets/kxdaviscupmatch/davis-cup-match,https://kalshi.com/markets/kxdaviscupmatch/davis-cup-match/kxdaviscupmatch-26sep18rundim,Holger Rune wins,Holger Rune,KXDAVISCUPMATCH-26SEP18RUNDIM,Rune vs Dimitrov,KXDAVISCUPMATCH,Davis Cup Match,Sports,"[""Tennis""]",settled,binary,0,1,0.99,0.99,0.01,0.99,1,925539.53,925539.53,366764.41,0,2026-09-17T11:45:00Z,2026-09-19T15:30:18Z,2026-10-02T08:00:00Z,,yes,Holger Rune,structured,,,,True,2026-09-19T16:07:35+00:00
kalshi,KXMLBGAME-26SEP182138MINLAA-MIN,https://kalshi.com/markets/kxmlbgame/professional-baseball-game,https://kalshi.com/markets/kxmlbgame/professional-baseball-game/kxmlbgame-26sep182138minlaa,Minnesota wins,Minnesota,KXMLBGAME-26SEP182138MINLAA,Minnesota vs Los Angeles A,KXMLBGAME,Professional Baseball Game,Sports,"[""Baseball""]",settled,binary,0,1,0.99,0.99,0.01,0.99,1,927710.78,919950.03,682846.14,0,2026-09-16T01:55:00Z,2026-09-19T04:00:26Z,2026-09-22T01:38:00Z,,yes,Minnesota,structured,,,,True,2026-09-19T16:08:01+00:00
kalshi,KXMLBGAME-26SEP182140NYYAZ-NYY,https://kalshi.com/markets/kxmlbgame/professional-baseball-game,https://kalshi.com/markets/kxmlbgame/professional-baseball-game/kxmlbgame-26sep182140nyyaz,New York Y wins,New York Y,KXMLBGAME-26SEP182140NYYAZ,New York Y vs Arizona,KXMLBGAME,Professional Baseball Game,Sports,"[""Baseball""]",settled,binary,0,1,0.99,0.99,0.01,0.99,1,985996.9,919585.09,582099.31,0,2026-09-16T01:55:00Z,2026-09-19T04:34:35Z,2026-09-22T01:40:00Z,,yes,New York Y,structured,,,,True,2026-09-19T16:08:01+00:00
kalshi,KXMLBGAME-26SEP181915PHINYM-PHI,https://kalshi.com/markets/kxmlbgame/professional-baseball-game,https://kalshi.com/markets/kxmlbgame/professional-baseball-game/kxmlbgame-26sep181915phinym,Philadelphia wins,Philadelphia,KXMLBGAME-26SEP181915PHINYM,Philadelphia vs New York M,KXMLBGAME,Professional Baseball Game,Sports,"[""Baseball""]",settled,binary,0,1,0.01,0.01,0.99,0.01,1,942795.56,914539.37,556452.45,0,2026-09-15T23:25:00Z,2026-09-19T01:54:32Z,2026-09-21T23:15:00Z,,no,New York M,structured,,,,True,2026-09-19T16:08:16+00:00
kalshi,KXWTAMATCH-26SEP19YAOHON-HON,https://kalshi.com/markets/kxwtamatch/wta-tennis-match,https://kalshi.com/markets/kxwtamatch/wta-tennis-match/kxwtamatch-26sep19yaohon,Priscilla Hon wins,Priscilla Hon,KXWTAMATCH-26SEP19YAOHON,Yao vs Hon,KXWTAMATCH,WTA Tennis Match,Sports,"[""Tennis""]",settled,binary,0,1,0.01,0.01,0.99,0.01,1,910341.42,909688.42,352216.03,0,2026-09-18T09:15:00Z,2026-09-19T10:00:28Z,2026-10-03T04:20:00Z,,no,Xinxin Yao,structured,,,,True,2026-09-19T16:07:41+00:00
kalshi,KXDAVISCUPMATCH-26SEP18RUNDIM-DIM,https://kalshi.com/markets/kxdaviscupmatch/davis-cup-match,https://kalshi.com/markets/kxdaviscupmatch/davis-cup-match/kxdaviscupmatch-26sep18rundim,Grigor Dimitrov wins,Grigor Dimitrov,KXDAVISCUPMATCH-26SEP18RUNDIM,Rune vs Dimitrov,KXDAVISCUPMATCH,Davis Cup Match,Sports,"[""Tennis""]",settled,binary,0,1,0.01,0.01,0.99,0.01,1,902924.11,902923.11,308866.59,0,2026-09-17T11:45:00Z,2026-09-19T15:30:18Z,2026-10-02T08:00:00Z,,no,Holger Rune,structured,,,,True,2026-09-19T16:07:35+00:00
kalshi,KXMLBGAME-26SEP182138MINLAA-LAA,https://kalshi.com/markets/kxmlbgame/professional-baseball-game,https://kalshi.com/markets/kxmlbgame/professional-baseball-game/kxmlbgame-26sep182138minlaa,Los Angeles A wins,Los Angeles A,KXMLBGAME-26SEP182138MINLAA,Minnesota vs Los Angeles A,KXMLBGAME,Professional Baseball Game,Sports,"[""Baseball""]",settled,binary,0,1,0.01,0.01,0.99,0.01,1,881618.1,870728.11,616762.46,0,2026-09-16T01:55:00Z,2026-09-19T04:00:26Z,2026-09-22T01:38:00Z,,no,Minnesota,structured,,,,True,2026-09-19T16:08:01+00:00
kalshi,KXWTACHALLENGERMATCH-26SEP19POHKNU-POH,https://kalshi.com/markets/kxwtachallengermatch/challenger-wta,https://kalshi.com/markets/kxwtachallengermatch/challenger-wta/kxwtachallengermatch-26sep19pohknu,Mia Pohankova wins,Mia Pohankova,KXWTACHALLENGERMATCH-26SEP19POHKNU,Pohankova vs Knutson,KXWTACHALLENGERMATCH,Challenger WTA,Sports,"[""Tennis""]",settled,binary,0,1,0.01,0.01,0.99,0.01,1,866752.87,866752.87,306834.89,0,2026-09-18T22:10:00Z,2026-09-19T12:50:04Z,2026-10-03T10:00:00Z,,no,Gabriela Knutson,structured,,,,True,2026-09-19T16:07:39+00:00
kalshi,KXDAVISCUPMATCH-26SEP18VARVAL-VAR,https://kalshi.com/markets/kxdaviscupmatch/davis-cup-match,https://kalshi.com/markets/kxdaviscupmatch/davis-cup-match/kxdaviscupmatch-26sep18varval,Juan Pablo Varillas wins,Juan Pablo Varillas,KXDAVISCUPMATCH-26SEP18VARVAL,Varillas vs Vallejo,KXDAVISCUPMATCH,Davis Cup Match,Sports,"[""Tennis""]",settled,binary,0,1,0.99,0.99,0.01,0.99,1,858195.41,858195.41,410723.36,0,2026-09-17T22:15:00Z,2026-09-19T04:15:04Z,2026-10-02T22:10:00Z,,yes,Juan Pablo Varillas,structured,,,,True,2026-09-19T16:08:01+00:00
kalshi,KXLIGUE1GAME-26SEP18ASMRCL-ASM,https://kalshi.com/markets/kxligue1game/ligue-1-game,https://kalshi.com/markets/kxligue1game/ligue-1-game/kxligue1game-26sep18asmrcl,Monaco wins,Monaco,KXLIGUE1GAME-26SEP18ASMRCL,Monaco vs Lens,KXLIGUE1GAME,Ligue 1 Game,Sports,"[""Soccer""]",settled,binary,0,1,0.99,0.99,0.01,0.99,1,1051164.57,856494.77,570137.3,0,2026-09-04T00:38:00Z,2026-09-18T20:46:39Z,2026-09-21T00:45:00Z,,yes,Monaco,structured,,,,True,2026-09-19T16:08:32+00:00
kalshi,KXDAVISCUPMATCH-26SEP19ZVEDOD-DOD,https://kalshi.com/markets/kxdaviscupmatch/davis-cup-match,https://kalshi.com/markets/kxdaviscupmatch/davis-cup-match/kxdaviscupmatch-26sep19zvedod,Matej Dodig wins,Matej Dodig,KXDAVISCUPMATCH-26SEP19ZVEDOD,Zverev vs Dodig,KXDAVISCUPMATCH,Davis Cup Match,Sports,"[""Tennis""]",settled,binary,0,1,0.01,0.01,0.99,0.01,1,854480.36,854480.36,491062.18,0,2026-09-18T12:36:00Z,2026-09-19T14:10:10Z,2026-10-03T12:00:00Z,,no,Alexander Zverev,structured,,,,True,2026-09-19T16:07:37+00:00
kalshi,KXDAVISCUPMATCH-26SEP18LEHSHE-SHE,https://kalshi.com/markets/kxdaviscupmatch/davis-cup-match,https://kalshi.com/markets/kxdaviscupmatch/davis-cup-match/kxdaviscupmatch-26sep18lehshe,Ben Shelton wins,Ben Shelton,KXDAVISCUPMATCH-26SEP18LEHSHE,Lehecka vs Shelton,KXDAVISCUPMATCH,Davis Cup Match,Sports,"[""Tennis""]",settled,binary,0,1,0.01,0.01,0.99,0.01,1,3119350.23,832449.08,2082899.18,0,2026-09-17T14:15:00Z,2026-09-18T16:30:45Z,2026-10-02T14:10:00Z,,no,Jiri Lehecka,structured,,,,True,2026-09-19T16:08:45+00:00
kalshi,KXITFWMATCH-26SEP19PERPAW-PAW,https://kalshi.com/markets/kxitfwmatch/itf-women-s-match,https://kalshi.com/markets/kxitfwmatch/itf-women-s-match/kxitfwmatch-26sep19perpaw,Zuzanna Pawlikowska wins,Zuzanna Pawlikowska,KXITFWMATCH-26SEP19PERPAW,Perelygina vs Pawlikowska,KXITFWMATCH,ITF Women's Match,Sports,"[""Tennis""]",settled,binary,0,1,0.01,0.01,0.99,0.01,1,832408.6,832408.6,285008.06,0,2026-09-18T15:21:00Z,2026-09-19T10:00:24Z,2026-10-03T06:00:00Z,,no,Ekaterina Perelygina,structured,,,,True,2026-09-19T16:07:41+00:00
kalshi,KXWNBAGAME-26SEP18INDTOR-IND,https://kalshi.com/markets/kxwnbagame/women-s-pro-basketball-game,https://kalshi.com/markets/kxwnbagame/women-s-pro-basketball-game/kxwnbagame-26sep18indtor,Indiana wins,Indiana,KXWNBAGAME-26SEP18INDTOR,Indiana vs Toronto,KXWNBAGAME,Women's Pro Basketball Game,Sports,"[""Basketball""]",settled,binary,0,1,0.99,0.99,0.01,0.99,1,895321.23,828593.76,573301,0,2026-09-15T23:40:00Z,2026-09-19T02:09:57Z,2026-09-20T23:30:00Z,,yes,IND Fever,structured,,,,True,2026-09-19T16:08:14+00:00
kalshi,KXDAVISCUPMATCH-26SEP18RODBER-ROD,https://kalshi.com/markets/kxdaviscupmatch/davis-cup-match,https://kalshi.com/markets/kxdaviscupmatch/davis-cup-match/kxdaviscupmatch-26sep18rodber,Jurij Rodionov wins,Jurij Rodionov,KXDAVISCUPMATCH-26SEP18RODBER,Rodionov vs Bergs,KXDAVISCUPMATCH,Davis Cup Match,Sports,"[""Tennis""]",settled,binary,0,1,0.99,0.99,0.01,0.99,1,828316.82,828316.82,458694.85,0,2026-09-17T14:35:00Z,2026-09-19T14:00:33Z,2026-10-02T14:30:00Z,,yes,Jurij Rodionov,structured,,,,True,2026-09-19T16:07:37+00:00
kalshi,KXDAVISCUPMATCH-26SEP18DRARIN-DRA,https://kalshi.com/markets/kxdaviscupmatch/davis-cup-match,https://kalshi.com/markets/kxdaviscupmatch/davis-cup-match/kxdaviscupmatch-26sep18drarin,Liam Draxl wins,Liam Draxl,KXDAVISCUPMATCH-26SEP18DRARIN,Draxl vs Rinderknech,KXDAVISCUPMATCH,Davis Cup Match,Sports,"[""Tennis""]",settled,binary,0,1,0.99,0.99,0.01,0.99,1,826550.07,825790.5,423116.69,0,2026-09-17T21:06:00Z,2026-09-18T23:04:53Z,2026-10-02T21:00:00Z,,yes,Liam Draxl,structured,,,,True,2026-09-19T16:08:25+00:00
kalshi,KXATPCHALLENGERMATCH-26SEP18SHEMMO-MMO,https://kalshi.com/markets/kxatpchallengermatch/challenger-atp,https://kalshi.com/markets/kxatpchallengermatch/challenger-atp/kxatpchallengermatch-26sep18shemmo,Michael Mmoh wins,Michael Mmoh,KXATPCHALLENGERMATCH-26SEP18SHEMMO,Shelbayh vs Mmoh,KXATPCHALLENGERMATCH,Challenger ATP ,Sports,"[""Tennis""]",settled,binary,0,1,0.99,0.99,0.01,0.99,1,821365.47,819644.07,503165.1,0,2026-09-18T10:11:00Z,2026-09-18T23:50:10Z,2026-10-02T22:00:00Z,,yes,Michael Mmoh,structured,,,,True,2026-09-19T16:08:24+00:00
kalshi,KXITFWMATCH-26SEP18GARCAT-GAR,https://kalshi.com/markets/kxitfwmatch/itf-women-s-match,https://kalshi.com/markets/kxitfwmatch/itf-women-s-match/kxitfwmatch-26sep18garcat,Leticia Garcia Vidal wins,Leticia Garcia Vidal,KXITFWMATCH-26SEP18GARCAT,Garcia Vidal vs Catanzarite,KXITFWMATCH,ITF Women's Match,Sports,"[""Tennis""]",settled,binary,0,1,0.01,0.01,0.99,0.01,1,848367.29,810983.5,404438.9,0,2026-09-17T22:41:00Z,2026-09-18T17:34:52Z,2026-10-02T14:30:00Z,,no,Ava Catanzarite,structured,,,,True,2026-09-19T16:08:42+00:00
kalshi,KXWNBAGAME-26SEP18PDXGS-PDX,https://kalshi.com/markets/kxwnbagame/women-s-pro-basketball-game,https://kalshi.com/markets/kxwnbagame/women-s-pro-basketball-game/kxwnbagame-26sep18pdxgs,Portland wins,Portland,KXWNBAGAME-26SEP18PDXGS,Portland vs Golden State,KXWNBAGAME,Women's Pro Basketball Game,Sports,"[""Basketball""]",settled,binary,0,1,0.01,0.01,0.99,0.01,1,814758.23,806264.17,490578.39,0,2026-09-16T02:10:00Z,2026-09-19T04:30:01Z,2026-09-21T02:00:00Z,,no,GS Valkyries,structured,,,,True,2026-09-19T16:08:01+00:00
kalshi,KXWTACHALLENGERMATCH-26SEP19PIGVAN-VAN,https://kalshi.com/markets/kxwtachallengermatch/challenger-wta,https://kalshi.com/markets/kxwtachallengermatch/challenger-wta/kxwtachallengermatch-26sep19pigvan,Jeline Vandromme wins,Jeline Vandromme,KXWTACHALLENGERMATCH-26SEP19PIGVAN,Pigato vs Vandromme,KXWTACHALLENGERMATCH,Challenger WTA,Sports,"[""Tennis""]",settled,binary,0,1,0.01,0.01,0.99,0.01,1,806201.41,806201.41,411497.85,0,2026-09-18T23:20:00Z,2026-09-19T15:00:18Z,2026-10-03T11:10:00Z,,no,Lisa Pigato,structured,,,,True,2026-09-19T16:07:35+00:00
kalshi,KXNCAAFSPREAD-26SEP18MIAWAKE-MIA22,https://kalshi.com/markets/kxncaafspread/college-football-spread,https://kalshi.com/markets/kxncaafspread/college-football-spread/kxncaafspread-26sep18miawake,Miami (FL) wins by over 21.5 points,Miami (FL) wins by over 21.5 points,KXNCAAFSPREAD-26SEP18MIAWAKE,Miami (FL) vs Wake Forest: Spread,KXNCAAFSPREAD,College Football Spread,Sports,"[""Football""]",settled,binary,0,1,0.01,0.01,0.99,0.01,1,917920.28,795899.53,546739.67,0,2026-09-12T01:07:00Z,2026-09-19T03:14:38Z,2026-09-20T23:30:00Z,,no,13,greater,21.5,,,True,2026-09-19T16:08:06+00:00
kalshi,KXSERIEAGAME-26SEP18MONSAS-MON,https://kalshi.com/markets/kxserieagame/serie-a-game,https://kalshi.com/markets/kxserieagame/serie-a-game/kxserieagame-26sep18monsas,Monza wins,Monza,KXSERIEAGAME-26SEP18MONSAS,Monza vs Sassuolo,KXSERIEAGAME,Serie A Game,Sports,"[""Soccer""]",settled,binary,0,1,0.99,0.99,0.01,0.99,1,803435.06,794557.11,370217.11,0,2026-09-04T00:39:00Z,2026-09-18T20:46:40Z,2026-09-21T00:45:00Z,,yes,Monza,structured,,,,True,2026-09-19T16:08:32+00:00
kalshi,KXATPCHALLENGERMATCH-26SEP19MORCLA-CLA,https://kalshi.com/markets/kxatpchallengermatch/challenger-atp,https://kalshi.com/markets/kxatpchallengermatch/challenger-atp/kxatpchallengermatch-26sep19morcla,Jay Clarke wins,Jay Clarke,KXATPCHALLENGERMATCH-26SEP19MORCLA,Moro Canas vs Clarke,KXATPCHALLENGERMATCH,Challenger ATP ,Sports,"[""Tennis""]",settled,binary,0,1,0.01,0.01,0.99,0.01,1,790408.72,790408.72,371464.75,0,2026-09-19T00:50:00Z,2026-09-19T16:00:26Z,2026-10-03T12:40:00Z,,no,Alejandro Moro Canas,structured,,,,True,2026-09-19T16:07:34+00:00
kalshi,KXNCAAFSPREAD-26SEP18HOUTTU-TTU7,https://kalshi.com/markets/kxncaafspread/college-football-spread,https://kalshi.com/markets/kxncaafspread/college-football-spread/kxncaafspread-26sep18houttu,Texas Tech wins by over 6.5 points,Texas Tech wins by over 6.5 points,KXNCAAFSPREAD-26SEP18HOUTTU,Houston vs Texas Tech: Spread,KXNCAAFSPREAD,College Football Spread,Sports,"[""Football""]",settled,binary,0,1,0.01,0.01,0.99,0.01,1,817381.25,786068.02,477924.04,0,2026-09-12T01:07:00Z,2026-09-19T03:34:33Z,2026-09-21T00:00:00Z,,no,2,greater,6.5,,,True,2026-09-19T16:08:05+00:00
kalshi,KXLALIGAGAME-26SEP18ESPELC-TIE,https://kalshi.com/markets/kxlaligagame/la-liga-game,https://kalshi.com/markets/kxlaligagame/la-liga-game/kxlaligagame-26sep18espelc,Tie is the result,Tie,KXLALIGAGAME-26SEP18ESPELC,Espanyol vs Elche,KXLALIGAGAME,La Liga Game,Sports,"[""Soccer""]",settled,binary,0,1,0.01,0.01,0.99,0.01,1,780515.27,773676.31,451759.8,0,2026-09-04T00:37:00Z,2026-09-18T21:12:12Z,2026-09-21T01:00:00Z,,no,Elche,structured,,,,True,2026-09-19T16:08:30+00:00
kalshi,KXMLBGAME-26SEP181840KCPIT-KC,https://kalshi.com/markets/kxmlbgame/professional-baseball-game,https://kalshi.com/markets/kxmlbgame/professional-baseball-game/kxmlbgame-26sep181840kcpit,Kansas City wins,Kansas City,KXMLBGAME-26SEP181840KCPIT,Kansas City vs Pittsburgh,KXMLBGAME,Professional Baseball Game,Sports,"[""Baseball""]",settled,binary,0,1,0.01,0.01,0.99,0.01,1,778479.62,770527,354359.78,0,2026-09-15T22:55:00Z,2026-09-19T01:29:51Z,2026-09-21T22:40:00Z,,no,Pittsburgh,structured,,,,True,2026-09-19T16:08:18+00:00
kalshi,KXITFWMATCH-26SEP19PODSIS-SIS,https://kalshi.com/markets/kxitfwmatch/itf-women-s-match,https://kalshi.com/markets/kxitfwmatch/itf-women-s-match/kxitfwmatch-26sep19podsis,Anna Siskova wins,Anna Siskova,KXITFWMATCH-26SEP19PODSIS,Podrez vs Siskova,KXITFWMATCH,ITF Women's Match,Sports,"[""Tennis""]",settled,binary,0,1,0.99,0.99,0.01,0.99,1,760478.16,760478.16,262423.07,0,2026-09-18T20:11:00Z,2026-09-19T14:39:48Z,2026-10-03T12:00:00Z,,yes,Anna Siskova,structured,,,,True,2026-09-19T16:07:37+00:00
kalshi,KXMLBGAME-26SEP181910ATHCLE-CLE,https://kalshi.com/markets/kxmlbgame/professional-baseball-game,https://kalshi.com/markets/kxmlbgame/professional-baseball-game/kxmlbgame-26sep181910athcle,Cleveland wins,Cleveland,KXMLBGAME-26SEP181910ATHCLE,A's vs Cleveland,KXMLBGAME,Professional Baseball Game,Sports,"[""Baseball""]",settled,binary,0,1,0.99,0.99,0.01,0.99,1,889008.28,753637.43,504534.09,0,2026-09-15T23:25:00Z,2026-09-19T01:49:45Z,2026-09-21T23:10:00Z,,yes,Cleveland,structured,,,,True,2026-09-19T16:08:16+00:00
kalshi,KXWNBAGAME-26SEP18INDTOR-TOR,https://kalshi.com/markets/kxwnbagame/women-s-pro-basketball-game,https://kalshi.com/markets/kxwnbagame/women-s-pro-basketball-game/kxwnbagame-26sep18indtor,Toronto wins,Toronto,KXWNBAGAME-26SEP18INDTOR,Indiana vs Toronto,KXWNBAGAME,Women's Pro Basketball Game,Sports,"[""Basketball""]",settled,binary,0,1,0.01,0.01,0.99,0.01,1,751445.37,744572.95,415905.21,0,2026-09-15T23:40:00Z,2026-09-19T02:09:57Z,2026-09-20T23:30:00Z,,no,IND Fever,structured,,,,True,2026-09-19T16:08:14+00:00
kalshi,KXBUNDESLIGAGAME-26SEP18BMUUNI-BMU,https://kalshi.com/markets/kxbundesligagame/bundesliga-game,https://kalshi.com/markets/kxbundesligagame/bundesliga-game/kxbundesligagame-26sep18bmuuni,Bayern Munich wins,Bayern Munich,KXBUNDESLIGAGAME-26SEP18BMUUNI,Bayern Munich vs Union Berlin,KXBUNDESLIGAGAME,Bundesliga Game,Sports,"[""Soccer""]",settled,binary,0,1,0.99,0.99,0.01,0.99,1,1523498.97,739332.72,1103138.93,0,2026-09-04T00:35:00Z,2026-09-18T20:28:19Z,2026-09-21T00:30:00Z,,yes,Bayern Munich,structured,,,,True,2026-09-19T16:08:32+00:00
kalshi,KXITFMATCH-26SEP19JUBIVA-IVA,https://kalshi.com/markets/kxitfmatch/itf-men-s-match,https://kalshi.com/markets/kxitfmatch/itf-men-s-match/kxitfmatch-26sep19jubiva,Saveliy Ivanov wins,Saveliy Ivanov,KXITFMATCH-26SEP19JUBIVA,Jubb vs Ivanov,KXITFMATCH,ITF Men's Match,Sports,"[""Tennis""]",settled,binary,0,1,0.01,0.01,0.99,0.01,1,731868.61,731868.61,286643.46,0,2026-09-18T15:21:00Z,2026-09-19T08:10:24Z,2026-10-03T06:00:00Z,,no,Paul Jubb,structured,,,,True,2026-09-19T16:07:47+00:00
kalshi,KXBTCD-26SEP1816-T81199.99,https://kalshi.com/markets/kxbtcd/bitcoin-price-above-below,https://kalshi.com/markets/kxbtcd/bitcoin-price-above-below/kxbtcd-26sep1816,"Bitcoin price on Sep 18, 2026?","$81,200 or above",KXBTCD-26SEP1816,"BTC price on Sep 18, 2026 at 4pm EDT?",KXBTCD,Bitcoin price Above/below,Crypto,"[""Hourly"", ""BTC""]",settled,binary,0,1,0.99,0.99,0.01,0.99,1,731246.28,731246.28,115625.68,0,2026-09-18T19:00:00Z,2026-09-18T20:00:00Z,2026-09-25T20:00:00Z,,yes,81210.88,greater,81199.99,,BRTI,True,2026-09-19T16:08:35+00:00
kalshi,KXATPCHALLENGERMATCH-26SEP18MAEGUE-MAE,https://kalshi.com/markets/kxatpchallengermatch/challenger-atp,https://kalshi.com/markets/kxatpchallengermatch/challenger-atp/kxatpchallengermatch-26sep18maegue,Francesco Maestrelli wins,Francesco Maestrelli,KXATPCHALLENGERMATCH-26SEP18MAEGUE,Maestrelli vs Gueymard Wayenburg,KXATPCHALLENGERMATCH,Challenger ATP ,Sports,"[""Tennis""]",settled,binary,0,1,0.01,0.01,0.99,0.01,1,726384.75,711552.37,534718.99,0,2026-09-18T06:20:00Z,2026-09-18T20:26:05Z,2026-10-02T18:10:00Z,,no,Sascha Gueymard Wayenburg,structured,,,,True,2026-09-19T16:08:32+00:00
kalshi,KXWNBAGAME-26SEP18PDXGS-GS,https://kalshi.com/markets/kxwnbagame/women-s-pro-basketball-game,https://kalshi.com/markets/kxwnbagame/women-s-pro-basketball-game/kxwnbagame-26sep18pdxgs,Golden State wins,Golden State,KXWNBAGAME-26SEP18PDXGS,Portland vs Golden State,KXWNBAGAME,Women's Pro Basketball Game,Sports,"[""Basketball""]",settled,binary,0,1,0.99,0.99,0.01,0.99,1,725977.86,705199.87,536006.2,0,2026-09-16T02:10:00Z,2026-09-19T04:30:01Z,2026-09-21T02:00:00Z,,yes,GS Valkyries,structured,,,,True,2026-09-19T16:08:01+00:00
kalshi,KXITFWMATCH-26SEP19PERPAW-PER,https://kalshi.com/markets/kxitfwmatch/itf-women-s-match,https://kalshi.com/markets/kxitfwmatch/itf-women-s-match/kxitfwmatch-26sep19perpaw,Ekaterina Perelygina wins,Ekaterina Perelygina,KXITFWMATCH-26SEP19PERPAW,Perelygina vs Pawlikowska,KXITFWMATCH,ITF Women's Match,Sports,"[""Tennis""]",settled,binary,0,1,0.99,0.99,0.01,0.99,1,699917.43,699917.43,285399.22,0,2026-09-18T15:21:00Z,2026-09-19T10:00:24Z,2026-10-03T06:00:00Z,,yes,Ekaterina Perelygina,structured,,,,True,2026-09-19T16:07:41+00:00
kalshi,KXBTCD-26SEP1911-T81499.99,https://kalshi.com/markets/kxbtcd/bitcoin-price-above-below,https://kalshi.com/markets/kxbtcd/bitcoin-price-above-below/kxbtcd-26sep1911,"Bitcoin price on Sep 19, 2026?","$81,500 or above",KXBTCD-26SEP1911,"BTC price on Sep 19, 2026 at 11am EDT?",KXBTCD,Bitcoin price Above/below,Crypto,"[""Hourly"", ""BTC""]",settled,binary,0,1,0.99,0.99,0.01,0.99,1,696409.64,696409.64,93520.47,0,2026-09-19T14:00:00Z,2026-09-19T15:00:00Z,2026-09-26T15:00:00Z,,yes,81545.93,greater,81499.99,,BRTI,True,2026-09-19T16:07:36+00:00
kalshi,KXWTACHALLENGERMATCH-26SEP19DESAM-DE,https://kalshi.com/markets/kxwtachallengermatch/challenger-wta,https://kalshi.com/markets/kxwtachallengermatch/challenger-wta/kxwtachallengermatch-26sep19desam,Samira de Stefano wins,Samira de Stefano,KXWTACHALLENGERMATCH-26SEP19DESAM,de Stefano vs Samson,KXWTACHALLENGERMATCH,Challenger WTA,Sports,"[""Tennis""]",settled,binary,0,1,0.99,0.99,0.01,0.99,1,692409.32,692409.32,242966.79,0,2026-09-18T22:10:00Z,2026-09-19T12:30:08Z,2026-10-03T10:00:00Z,,yes,Samira de Stefano,structured,,,,True,2026-09-19T16:07:39+00:00
kalshi,KXWT20MATCH-26SEP190730RSAZIM-ZIM,https://kalshi.com/markets/kxwt20match/women-s-t20-match,https://kalshi.com/markets/kxwt20match/women-s-t20-match/kxwt20match-26sep190730rsazim,Zimbabwe wins,Zimbabwe,KXWT20MATCH-26SEP190730RSAZIM,Zimbabwe vs South Africa,KXWT20MATCH,Women's T20 Match,Sports,"[""Cricket""]",settled,binary,0,1,0.01,0.01,0.99,0.01,1,694076.39,690520.25,236861.53,0,2026-09-05T00:10:00Z,2026-09-19T14:50:06Z,2026-09-21T15:30:00Z,,no,South Africa,structured,,,,True,2026-09-19T16:07:37+00:00
kalshi,KXWNBAGAME-26SEP18NYMIN-NY,https://kalshi.com/markets/kxwnbagame/women-s-pro-basketball-game,https://kalshi.com/markets/kxwnbagame/women-s-pro-basketball-game/kxwnbagame-26sep18nymin,New York wins,New York,KXWNBAGAME-26SEP18NYMIN,New York vs Minnesota,KXWNBAGAME,Women's Pro Basketball Game,Sports,"[""Basketball""]",settled,binary,0,1,0.99,0.99,0.01,0.99,1,694145.5,678606.41,333748.56,0,2026-09-15T23:40:00Z,2026-09-19T02:00:16Z,2026-09-20T23:30:00Z,,yes,NY Liberty,structured,,,,True,2026-09-19T16:08:15+00:00
kalshi,KXWTAMATCH-26SEP19IBRSAI-SAI,https://kalshi.com/markets/kxwtamatch/wta-tennis-match,https://kalshi.com/markets/kxwtamatch/wta-tennis-match/kxwtamatch-26sep19ibrsai,Rina Saigo wins,Rina Saigo,KXWTAMATCH-26SEP19IBRSAI,Ibragimova vs Saigo,KXWTAMATCH,WTA Tennis Match,Sports,"[""Tennis""]",settled,binary,0,1,0.01,0.01,0.99,0.01,1,663739.76,663738.87,323988.17,0,2026-09-18T09:15:00Z,2026-09-19T11:00:09Z,2026-10-03T05:30:00Z,,no,Alevtina Ibragimova,structured,,,,True,2026-09-19T16:07:40+00:00
kalshi,KXDAVISCUPMATCH-26SEP18FONSTR-STR,https://kalshi.com/markets/kxdaviscupmatch/davis-cup-match,https://kalshi.com/markets/kxdaviscupmatch/davis-cup-match/kxdaviscupmatch-26sep18fonstr,Dominic Stricker wins,Dominic Stricker,KXDAVISCUPMATCH-26SEP18FONSTR,Fonseca vs Stricker,KXDAVISCUPMATCH,Davis Cup Match,Sports,"[""Tennis""]",settled,binary,0,1,0.01,0.01,0.99,0.01,1,658937.57,658839.05,406821.48,0,2026-09-17T18:06:00Z,2026-09-18T20:25:59Z,2026-10-02T18:00:00Z,,no,Joao Fonseca,structured,,,,True,2026-09-19T16:08:32+00:00
kalshi,KXBTCD-26SEP1822-T81299.99,https://kalshi.com/markets/kxbtcd/bitcoin-price-above-below,https://kalshi.com/markets/kxbtcd/bitcoin-price-above-below/kxbtcd-26sep1822,"Bitcoin price on Sep 18, 2026?","$81,300 or above",KXBTCD-26SEP1822,"BTC price on Sep 18, 2026 at 10pm EDT?",KXBTCD,Bitcoin price Above/below,Crypto,"[""Hourly"", ""BTC""]",settled,binary,0,1,0.01,0.01,0.99,0.01,1,656657.16,656657.16,129177.14,0,2026-09-19T01:00:00Z,2026-09-19T02:00:00Z,2026-09-26T02:00:00Z,,no,81261.34,greater,81299.99,,BRTI,True,2026-09-19T16:08:16+00:00
kalshi,KXDAVISCUPMATCH-26SEP18VARVAL-VAL,https://kalshi.com/markets/kxdaviscupmatch/davis-cup-match,https://kalshi.com/markets/kxdaviscupmatch/davis-cup-match/kxdaviscupmatch-26sep18varval,Adolfo Daniel Vallejo wins,Adolfo Daniel Vallejo,KXDAVISCUPMATCH-26SEP18VARVAL,Varillas vs Vallejo,KXDAVISCUPMATCH,Davis Cup Match,Sports,"[""Tennis""]",settled,binary,0,1,0.01,0.01,0.99,0.01,1,657820.01,656215.39,356542.97,0,2026-09-17T22:15:00Z,2026-09-19T04:15:04Z,2026-10-02T22:10:00Z,,no,Juan Pablo Varillas,structured,,,,True,2026-09-19T16:08:01+00:00
kalshi,KXEPLTOTAL-26SEP18BRECFC-2,https://kalshi.com/markets/kxepltotal/english-premier-league-total-goals,https://kalshi.com/markets/kxepltotal/english-premier-league-total-goals/kxepltotal-26sep18brecfc,Will over 1.5 goals be scored?,Over 1.5 goals scored,KXEPLTOTAL-26SEP18BRECFC,Brentford vs Chelsea: Total Goals,KXEPLTOTAL,English Premier League Total Goals,Sports,"[""Soccer""]",settled,binary,0,1,0.99,0.99,0.01,0.99,1,677253.58,655969.41,342431.1,0,2026-09-11T19:07:00Z,2026-09-18T20:59:28Z,2026-09-20T19:00:00Z,,yes,3,greater,1.5,,,True,2026-09-19T16:08:32+00:00
kalshi,KXLALIGAGAME-26SEP19OSARVC-RVC,https://kalshi.com/markets/kxlaligagame/la-liga-game,https://kalshi.com/markets/kxlaligagame/la-liga-game/kxlaligagame-26sep19osarvc,Vallecano wins,Vallecano,KXLALIGAGAME-26SEP19OSARVC,Osasuna vs Vallecano,KXLALIGAGAME,La Liga Game,Sports,"[""Soccer""]",settled,binary,0,1,0.01,0.01,0.99,0.01,1,659487.8,651511.4,330882.08,0,2026-09-05T00:42:00Z,2026-09-19T14:14:57Z,2026-09-21T18:00:00Z,,no,Tie,structured,,,,True,2026-09-19T16:07:37+00:00
kalshi,KXITFMATCH-26SEP19BERHUR-BER,https://kalshi.com/markets/kxitfmatch/itf-men-s-match,https://kalshi.com/markets/kxitfmatch/itf-men-s-match/kxitfmatch-26sep19berhur,Charles Bertimon wins,Charles Bertimon,KXITFMATCH-26SEP19BERHUR,Bertimon vs Hurrion,KXITFMATCH,ITF Men's Match,Sports,"[""Tennis""]",settled,binary,0,1,0.99,0.99,0.01,0.99,1,648215.69,648215.69,228104.15,0,2026-09-18T15:21:00Z,2026-09-19T08:30:09Z,2026-10-03T06:00:00Z,,yes,Charles Bertimon,structured,,,,True,2026-09-19T16:07:47+00:00
kalshi,KXWTAMATCH-26SEP19IBRSAI-IBR,https://kalshi.com/markets/kxwtamatch/wta-tennis-match,https://kalshi.com/markets/kxwtamatch/wta-tennis-match/kxwtamatch-26sep19ibrsai,Alevtina Ibragimova wins,Alevtina Ibragimova,KXWTAMATCH-26SEP19IBRSAI,Ibragimova vs Saigo,KXWTAMATCH,WTA Tennis Match,Sports,"[""Tennis""]",settled,binary,0,1,0.99,0.99,0.01,0.99,1,637364.45,637364.45,492021.3,0,2026-09-18T09:15:00Z,2026-09-19T11:00:09Z,2026-10-03T05:30:00Z,,yes,Alevtina Ibragimova,structured,,,,True,2026-09-19T16:07:40+00:00
kalshi,KXNCAAFSPREAD-26SEP18HOUTTU-TTU10,https://kalshi.com/markets/kxncaafspread/college-football-spread,https://kalshi.com/markets/kxncaafspread/college-football-spread/kxncaafspread-26sep18houttu,Texas Tech wins by over 9.5 points,Texas Tech wins by over 9.5 points,KXNCAAFSPREAD-26SEP18HOUTTU,Houston vs Texas Tech: Spread,KXNCAAFSPREAD,College Football Spread,Sports,"[""Football""]",settled,binary,0,1,0.01,0.01,0.99,0.01,1,658703.71,634753.22,409055.81,0,2026-09-12T01:07:00Z,2026-09-19T03:34:33Z,2026-09-21T00:00:00Z,,no,2,greater,9.5,,,True,2026-09-19T16:08:05+00:00
kalshi,KXDAVISCUPMATCH-26SEP18AUGHAL-HAL,https://kalshi.com/markets/kxdaviscupmatch/davis-cup-match,https://kalshi.com/markets/kxdaviscupmatch/davis-cup-match/kxdaviscupmatch-26sep18aughal,Quentin Halys wins,Quentin Halys,KXDAVISCUPMATCH-26SEP18AUGHAL,Auger-Aliassime vs Halys,KXDAVISCUPMATCH,Davis Cup Match,Sports,"[""Tennis""]",settled,binary,0,1,0.01,0.01,0.99,0.01,1,633854.19,633223.11,336302.65,0,2026-09-17T22:15:00Z,2026-09-19T02:00:40Z,2026-10-02T22:10:00Z,,no,Felix Auger-Aliassime,structured,,,,True,2026-09-19T16:08:14+00:00
kalshi,KXATPCHALLENGERMATCH-26SEP18BLANAK-BLA,https://kalshi.com/markets/kxatpchallengermatch/challenger-atp,https://kalshi.com/markets/kxatpchallengermatch/challenger-atp/kxatpchallengermatch-26sep18blanak,Darwin Blanch wins,Darwin Blanch,KXATPCHALLENGERMATCH-26SEP18BLANAK,Blanch vs Nakashima,KXATPCHALLENGERMATCH,Challenger ATP ,Sports,"[""Tennis""]",settled,binary,0,1,0.99,0.99,0.01,0.99,1,639694.98,632460.73,438338.47,0,2026-09-18T07:11:00Z,2026-09-18T20:20:07Z,2026-10-02T19:00:00Z,,yes,Darwin Blanch,structured,,,,True,2026-09-19T16:08:32+00:00
kalshi,KXBTCD-26SEP1912-T81699.99,https://kalshi.com/markets/kxbtcd/bitcoin-price-above-below,https://kalshi.com/markets/kxbtcd/bitcoin-price-above-below/kxbtcd-26sep1912,"Bitcoin price on Sep 19, 2026?","$81,700 or above",KXBTCD-26SEP1912,"BTC price on Sep 19, 2026 at 12pm EDT?",KXBTCD,Bitcoin price Above/below,Crypto,"[""Hourly"", ""BTC""]",settled,binary,0,1,0.01,0.01,0.99,0.01,1,632052.72,632052.72,95029.31,0,2026-09-19T15:00:00Z,2026-09-19T16:00:00Z,2026-09-26T16:00:00Z,,no,81603.44,greater,81699.99,,BRTI,True,2026-09-19T16:07:35+00:00
kalshi,KXNCAAFSPREAD-26SEP18PRSTORE-ORE73,https://kalshi.com/markets/kxncaafspread/college-football-spread,https://kalshi.com/markets/kxncaafspread/college-football-spread/kxncaafspread-26sep18prstore,Oregon wins by over 72.5 points,Oregon wins by over 72.5 points,KXNCAAFSPREAD-26SEP18PRSTORE,Portland St. vs Oregon: Spread,KXNCAAFSPREAD,College Football Spread,Sports,"[""Football""]",settled,binary,0,1,0.99,0.99,0.01,0.99,1,631354.41,631354.41,273587.61,0,2026-09-19T02:43:00Z,2026-09-19T05:54:37Z,2026-09-21T02:30:00Z,,yes,84,greater,72.5,,,True,2026-09-19T16:07:55+00:00
kalshi,KXDAVISCUPMATCH-26SEP19ZVEDOD-ZVE,https://kalshi.com/markets/kxdaviscupmatch/davis-cup-match,https://kalshi.com/markets/kxdaviscupmatch/davis-cup-match/kxdaviscupmatch-26sep19zvedod,Alexander Zverev wins,Alexander Zverev,KXDAVISCUPMATCH-26SEP19ZVEDOD,Zverev vs Dodig,KXDAVISCUPMATCH,Davis Cup Match,Sports,"[""Tennis""]",settled,binary,0,1,0.99,0.99,0.01,0.99,1,627440.65,627252.89,404870.36,0,2026-09-18T12:36:00Z,2026-09-19T14:10:10Z,2026-10-03T12:00:00Z,,yes,Alexander Zverev,structured,,,,True,2026-09-19T16:07:37+00:00
kalshi,KXNCAAFTOTAL-26SEP18HOUTTU-53,https://kalshi.com/markets/kxncaaftotal/college-football-total-points,https://kalshi.com/markets/kxncaaftotal/college-football-total-points/kxncaaftotal-26sep18houttu,Over 52.5 points scored,Over 52.5 points scored,KXNCAAFTOTAL-26SEP18HOUTTU,Houston vs Texas Tech: Total Points,KXNCAAFTOTAL,College Football Total Points,Sports,"[""Football""]",settled,binary,0,1,0.99,0.99,0.01,0.99,1,669117.95,626535.84,405082.03,0,2026-09-12T01:07:00Z,2026-09-19T03:34:34Z,2026-09-21T00:00:00Z,,yes,54,greater,52.5,,,True,2026-09-19T16:08:05+00:00
kalshi,KXEPLTOTAL-26SEP18BRECFC-3,https://kalshi.com/markets/kxepltotal/english-premier-league-total-goals,https://kalshi.com/markets/kxepltotal/english-premier-league-total-goals/kxepltotal-26sep18brecfc,Will over 2.5 goals be scored?,Over 2.5 goals scored,KXEPLTOTAL-26SEP18BRECFC,Brentford vs Chelsea: Total Goals,KXEPLTOTAL,English Premier League Total Goals,Sports,"[""Soccer""]",settled,binary,0,1,0.99,0.99,0.01,0.99,1,660395.28,624552.55,257070.61,0,2026-09-11T19:07:00Z,2026-09-18T20:59:28Z,2026-09-20T19:00:00Z,,yes,3,greater,2.5,,,True,2026-09-19T16:08:32+00:00
kalshi,KXDAVISCUPMATCH-26SEP18HSUWAL-WAL,https://kalshi.com/markets/kxdaviscupmatch/davis-cup-match,https://kalshi.com/markets/kxdaviscupmatch/davis-cup-match/kxdaviscupmatch-26sep18hsuwal,Olle Wallin wins,Olle Wallin,KXDAVISCUPMATCH-26SEP18HSUWAL,Hsu vs Wallin,KXDAVISCUPMATCH,Davis Cup Match,Sports,"[""Tennis""]",settled,binary,0,1,0.99,0.99,0.01,0.99,1,624225.3,624225.3,248737.32,0,2026-09-18T08:36:00Z,2026-09-19T05:24:57Z,2026-10-03T03:00:00Z,,yes,Olle Wallin,structured,,,,True,2026-09-19T16:07:56+00:00
kalshi,KXBUNDESLIGAGAME-26SEP18BMUUNI-UNI,https://kalshi.com/markets/kxbundesligagame/bundesliga-game,https://kalshi.com/markets/kxbundesligagame/bundesliga-game/kxbundesligagame-26sep18bmuuni,Union Berlin wins,Union Berlin,KXBUNDESLIGAGAME-26SEP18BMUUNI,Bayern Munich vs Union Berlin,KXBUNDESLIGAGAME,Bundesliga Game,Sports,"[""Soccer""]",settled,binary,0,1,0.01,0.01,0.99,0.01,1,1090201.74,621546.07,1033902.91,0,2026-09-04T00:35:00Z,2026-09-18T20:28:19Z,2026-09-21T00:30:00Z,,no,Bayern Munich,structured,,,,True,2026-09-19T16:08:32+00:00
kalshi,KXDAVISCUPMATCH-26SEP18BUDCUI-CUI,https://kalshi.com/markets/kxdaviscupmatch/davis-cup-match,https://kalshi.com/markets/kxdaviscupmatch/davis-cup-match/kxdaviscupmatch-26sep18budcui,Jie Cui wins,Jie Cui,KXDAVISCUPMATCH-26SEP18BUDCUI,Budkov Kjaer vs Cui,KXDAVISCUPMATCH,Davis Cup Match,Sports,"[""Tennis""]",settled,binary,0,1,0.01,0.01,0.99,0.01,1,621249.95,620677.52,389047.62,0,2026-09-17T17:15:00Z,2026-09-18T20:50:14Z,2026-10-02T17:10:00Z,,no,Nicolai Budkov Kjaer,structured,,,,True,2026-09-19T16:08:32+00:00
kalshi,KXLIGAMXGAME-26SEP18PUEALA-TIE,https://kalshi.com/markets/kxligamxgame/liga-mx-game,https://kalshi.com/markets/kxligamxgame/liga-mx-game/kxligamxgame-26sep18pueala,Tie is the result,Tie,KXLIGAMXGAME-26SEP18PUEALA,Puebla vs Atlante,KXLIGAMXGAME,Liga MX Game,Sports,"[""Soccer""]",settled,binary,0,1,0.99,0.99,0.01,0.99,1,625811.31,618536.5,264255.82,0,2026-09-05T00:42:00Z,2026-09-19T03:07:01Z,2026-09-21T07:00:00Z,,yes,Tie,structured,,,,True,2026-09-19T16:08:07+00:00
kalshi,KXDAVISCUPMATCH-26SEP18LEHSHE-LEH,https://kalshi.com/markets/kxdaviscupmatch/davis-cup-match,https://kalshi.com/markets/kxdaviscupmatch/davis-cup-match/kxdaviscupmatch-26sep18lehshe,Jiri Lehecka wins,Jiri Lehecka,KXDAVISCUPMATCH-26SEP18LEHSHE,Lehecka vs Shelton,KXDAVISCUPMATCH,Davis Cup Match,Sports,"[""Tennis""]",settled,binary,0,1,0.99,0.99,0.01,0.99,1,1607957.46,617702.13,970674.8,0,2026-09-17T14:15:00Z,2026-09-18T16:30:45Z,2026-10-02T14:10:00Z,,yes,Jiri Lehecka,structured,,,,True,2026-09-19T16:08:45+00:00
kalshi,KXWTAMATCH-26SEP19LIASAI-SAI,https://kalshi.com/markets/kxwtamatch/wta-tennis-match,https://kalshi.com/markets/kxwtamatch/wta-tennis-match/kxwtamatch-26sep19liasai,Sara Saito wins,Sara Saito,KXWTAMATCH-26SEP19LIASAI,Liang vs Saito,KXWTAMATCH,WTA Tennis Match,Sports,"[""Tennis""]",settled,binary,0,1,0.99,0.99,0.01,0.99,1,615917.83,615901.95,277301.5,0,2026-09-18T09:15:00Z,2026-09-19T11:44:46Z,2026-10-03T05:30:00Z,,yes,Sara Saito,structured,,,,True,2026-09-19T16:07:40+00:00
kalshi,KXBTCD-26SEP1818-T81199.99,https://kalshi.com/markets/kxbtcd/bitcoin-price-above-below,https://kalshi.com/markets/kxbtcd/bitcoin-price-above-below/kxbtcd-26sep1818,"Bitcoin price on Sep 18, 2026?","$81,200 or above",KXBTCD-26SEP1818,"BTC price on Sep 18, 2026 at 6pm EDT?",KXBTCD,Bitcoin price Above/below,Crypto,"[""Hourly"", ""BTC""]",settled,binary,0,1,0.99,0.99,0.01,0.99,1,614381.25,614381.25,99901.34,0,2026-09-18T21:00:00Z,2026-09-18T22:00:00Z,2026-09-25T22:00:00Z,,yes,81223.68,greater,81199.99,,BRTI,True,2026-09-19T16:08:29+00:00
kalshi,KXBTCD-26SEP1819-T81099.99,https://kalshi.com/markets/kxbtcd/bitcoin-price-above-below,https://kalshi.com/markets/kxbtcd/bitcoin-price-above-below/kxbtcd-26sep1819,"Bitcoin price on Sep 18, 2026?","$81,100 or above",KXBTCD-26SEP1819,"BTC price on Sep 18, 2026 at 7pm EDT?",KXBTCD,Bitcoin price Above/below,Crypto,"[""Hourly"", ""BTC""]",settled,binary,0,1,0.99,0.99,0.01,0.99,1,610159.4,610159.4,168037.75,0,2026-09-18T22:00:00Z,2026-09-18T23:00:00Z,2026-09-25T23:00:00Z,,yes,81141.05,greater,81099.99,,BRTI,True,2026-09-19T16:08:27+00:00
kalshi,KXBTCD-26SEP1815-T80999.99,https://kalshi.com/markets/kxbtcd/bitcoin-price-above-below,https://kalshi.com/markets/kxbtcd/bitcoin-price-above-below/kxbtcd-26sep1815,"Bitcoin price on Sep 18, 2026?","$81,000 or above",KXBTCD-26SEP1815,"BTC price on Sep 18, 2026 at 3pm EDT?",KXBTCD,Bitcoin price Above/below,Crypto,"[""Hourly"", ""BTC""]",settled,binary,0,1,0.01,0.01,0.99,0.01,1,606220.09,606220.09,123290.48,0,2026-09-18T18:00:00Z,2026-09-18T19:00:00Z,2026-09-25T19:00:00Z,,no,80933.92,greater,80999.99,,BRTI,True,2026-09-19T16:08:38+00:00
kalshi,KXBTCD-26SEP1901-T80999.99,https://kalshi.com/markets/kxbtcd/bitcoin-price-above-below,https://kalshi.com/markets/kxbtcd/bitcoin-price-above-below/kxbtcd-26sep1901,"Bitcoin price on Sep 19, 2026?","$81,000 or above",KXBTCD-26SEP1901,"BTC price on Sep 19, 2026 at 1am EDT?",KXBTCD,Bitcoin price Above/below,Crypto,"[""Hourly"", ""BTC""]",settled,binary,0,1,0.01,0.01,0.99,0.01,1,604601.83,604601.83,128342.95,0,2026-09-19T04:00:00Z,2026-09-19T05:00:00Z,2026-09-26T05:00:00Z,,no,80996.79,greater,80999.99,,BRTI,True,2026-09-19T16:07:58+00:00
kalshi,KXLIGAMXGAME-26SEP18PUEALA-ALA,https://kalshi.com/markets/kxligamxgame/liga-mx-game,https://kalshi.com/markets/kxligamxgame/liga-mx-game/kxligamxgame-26sep18pueala,Atlante wins,Atlante,KXLIGAMXGAME-26SEP18PUEALA,Puebla vs Atlante,KXLIGAMXGAME,Liga MX Game,Sports,"[""Soccer""]",settled,binary,0,1,0.01,0.01,0.99,0.01,1,621930.43,602803.91,312813.13,0,2026-09-05T00:42:00Z,2026-09-19T03:07:01Z,2026-09-21T07:00:00Z,,no,Tie,structured,,,,True,2026-09-19T16:08:07+00:00
kalshi,KXNCAAFSPREAD-26SEP18HOUTTU-TTU3,https://kalshi.com/markets/kxncaafspread/college-football-spread,https://kalshi.com/markets/kxncaafspread/college-football-spread/kxncaafspread-26sep18houttu,Texas Tech wins by over 2.5 points,Texas Tech wins by over 2.5 points,KXNCAAFSPREAD-26SEP18HOUTTU,Houston vs Texas Tech: Spread,KXNCAAFSPREAD,College Football Spread,Sports,"[""Football""]",settled,binary,0,1,0.01,0.01,0.99,0.01,1,599936.97,598479.56,317110.62,0,2026-09-12T01:07:00Z,2026-09-19T03:34:34Z,2026-09-21T00:00:00Z,,no,2,greater,2.5,,,True,2026-09-19T16:08:05+00:00
kalshi,KXITFWMATCH-26SEP18SIDHUA-HUA,https://kalshi.com/markets/kxitfwmatch/itf-women-s-match,https://kalshi.com/markets/kxitfwmatch/itf-women-s-match/kxitfwmatch-26sep18sidhua,Yujia Huang wins,Yujia Huang,KXITFWMATCH-26SEP18SIDHUA,Sidorova vs Huang,KXITFWMATCH,ITF Women's Match,Sports,"[""Tennis""]",settled,binary,0,1,0.01,0.01,0.99,0.01,1,597468.3,597468.3,229862.87,0,2026-09-18T10:11:00Z,2026-09-19T04:20:06Z,2026-10-03T02:00:00Z,,no,Kristiana Sidorova,structured,,,,True,2026-09-19T16:08:01+00:00
kalshi,KXATPCHALLENGERMATCH-26SEP19KOTTOM-TOM,https://kalshi.com/markets/kxatpchallengermatch/challenger-atp,https://kalshi.com/markets/kxatpchallengermatch/challenger-atp/kxatpchallengermatch-26sep19kottom,Bernard Tomic wins,Bernard Tomic,KXATPCHALLENGERMATCH-26SEP19KOTTOM,Kotov vs Tomic,KXATPCHALLENGERMATCH,Challenger ATP ,Sports,"[""Tennis""]",settled,binary,0,1,0.01,0.01,0.99,0.01,1,596979.03,596979.03,297085.77,0,2026-09-18T22:50:00Z,2026-09-19T14:00:16Z,2026-10-03T10:40:00Z,,no,Pavel Kotov,structured,,,,True,2026-09-19T16:07:37+00:00
kalshi,KXDAVISCUPMATCH-26SEP18BUDCUI-BUD,https://kalshi.com/markets/kxdaviscupmatch/davis-cup-match,https://kalshi.com/markets/kxdaviscupmatch/davis-cup-match/kxdaviscupmatch-26sep18budcui,Nicolai Budkov Kjaer wins,Nicolai Budkov Kjaer,KXDAVISCUPMATCH-26SEP18BUDCUI,Budkov Kjaer vs Cui,KXDAVISCUPMATCH,Davis Cup Match,Sports,"[""Tennis""]",settled,binary,0,1,0.99,0.99,0.01,0.99,1,597055.06,596845.15,330651.96,0,2026-09-17T17:15:00Z,2026-09-18T20:50:14Z,2026-10-02T17:10:00Z,,yes,Nicolai Budkov Kjaer,structured,,,,True,2026-09-19T16:08:32+00:00
kalshi,KXATPCHALLENGERMATCH-26SEP19MONTRU-MON,https://kalshi.com/markets/kxatpchallengermatch/challenger-atp,https://kalshi.com/markets/kxatpchallengermatch/challenger-atp/kxatpchallengermatch-26sep19montru,Thiago Monteiro wins,Thiago Monteiro,KXATPCHALLENGERMATCH-26SEP19MONTRU,Monteiro vs Trungelliti,KXATPCHALLENGERMATCH,Challenger ATP ,Sports,"[""Tennis""]",settled,binary,0,1,0.99,0.99,0.01,0.99,1,593493.04,593493.04,397134,0,2026-09-19T00:10:00Z,2026-09-19T14:14:46Z,2026-10-03T12:00:00Z,,yes,Thiago Monteiro,structured,,,,True,2026-09-19T16:07:37+00:00
kalshi,KXBTCD-26SEP1820-T80899.99,https://kalshi.com/markets/kxbtcd/bitcoin-price-above-below,https://kalshi.com/markets/kxbtcd/bitcoin-price-above-below/kxbtcd-26sep1820,"Bitcoin price on Sep 18, 2026?","$80,900 or above",KXBTCD-26SEP1820,"BTC price on Sep 18, 2026 at 8pm EDT?",KXBTCD,Bitcoin price Above/below,Crypto,"[""Hourly"", ""BTC""]",settled,binary,0,1,0.01,0.01,0.99,0.01,1,592856.77,592856.77,155457.26,0,2026-09-18T23:00:00Z,2026-09-19T00:00:00Z,2026-09-26T00:00:00Z,,no,80881.41,greater,80899.99,,BRTI,True,2026-09-19T16:08:24+00:00
kalshi,KXATPCHALLENGERMATCH-26SEP19SCHMAY-SCH,https://kalshi.com/markets/kxatpchallengermatch/challenger-atp,https://kalshi.com/markets/kxatpchallengermatch/challenger-atp/kxatpchallengermatch-26sep19schmay,Tristan Schoolkate wins,Tristan Schoolkate,KXATPCHALLENGERMATCH-26SEP19SCHMAY,Schoolkate vs Mayot,KXATPCHALLENGERMATCH,Challenger ATP ,Sports,"[""Tennis""]",settled,binary,0,1,0.01,0.01,0.99,0.01,1,590701.74,590701.74,370056.41,0,2026-09-18T23:40:00Z,2026-09-19T13:04:54Z,2026-10-03T11:30:00Z,,no,Harold Mayot,structured,,,,True,2026-09-19T16:07:38+00:00
kalshi,KXARGPREMDIVGAME-26SEP18CCDYJ-CC,https://kalshi.com/markets/kxargpremdivgame/argentina-primera-division-game,https://kalshi.com/markets/kxargpremdivgame/argentina-primera-division-game/kxargpremdivgame-26sep18ccdyj,Central Cordoba wins,Central Cordoba,KXARGPREMDIVGAME-26SEP18CCDYJ,Central Cordoba vs Defensa y Justicia,KXARGPREMDIVGAME,Argentina Primera Division Game,Sports,"[""Soccer""]",settled,binary,0,1,0.01,0.01,0.99,0.01,1,586684.45,586379.97,245298.17,0,2026-09-14T00:34:00Z,2026-09-18T23:16:43Z,2026-09-20T21:00:00Z,,no,Tie,structured,,,,True,2026-09-19T16:08:25+00:00
kalshi,KXITFMATCH-26SEP18FAUPET-FAU,https://kalshi.com/markets/kxitfmatch/itf-men-s-match,https://kalshi.com/markets/kxitfmatch/itf-men-s-match/kxitfmatch-26sep18faupet,Thomas Faurel wins,Thomas Faurel,KXITFMATCH-26SEP18FAUPET,Faurel vs Petrovic,KXITFMATCH,ITF Men's Match,Sports,"[""Tennis""]",settled,binary,0,1,0.01,0.01,0.99,0.01,1,724061.14,585919.27,431553.68,0,2026-09-17T21:11:00Z,2026-09-18T17:00:18Z,2026-10-02T13:00:00Z,,no,Andreja Petrovic,structured,,,,True,2026-09-19T16:08:42+00:00
kalshi,KXBTCD-26SEP1912-T81599.99,https://kalshi.com/markets/kxbtcd/bitcoin-price-above-below,https://kalshi.com/markets/kxbtcd/bitcoin-price-above-below/kxbtcd-26sep1912,"Bitcoin price on Sep 19, 2026?","$81,600 or above",KXBTCD-26SEP1912,"BTC price on Sep 19, 2026 at 12pm EDT?",KXBTCD,Bitcoin price Above/below,Crypto,"[""Hourly"", ""BTC""]",settled,binary,0,1,0.99,0.99,0.01,0.99,1,580871.56,580871.56,95102.48,0,2026-09-19T15:00:00Z,2026-09-19T16:00:00Z,2026-09-26T16:00:00Z,,yes,81603.44,greater,81599.99,,BRTI,True,2026-09-19T16:07:35+00:00
kalshi,KXMLBGAME-26SEP181910ATHCLE-ATH,https://kalshi.com/markets/kxmlbgame/professional-baseball-game,https://kalshi.com/markets/kxmlbgame/professional-baseball-game/kxmlbgame-26sep181910athcle,A's wins,A's,KXMLBGAME-26SEP181910ATHCLE,A's vs Cleveland,KXMLBGAME,Professional Baseball Game,Sports,"[""Baseball""]",settled,binary,0,1,0.01,0.01,0.99,0.01,1,585711.61,579367.27,321516.78,0,2026-09-15T23:25:00Z,2026-09-19T01:49:45Z,2026-09-21T23:10:00Z,,no,Cleveland,structured,,,,True,2026-09-19T16:08:16+00:00
kalshi,KXDAVISCUPMATCH-26SEP18AUGHAL-AUG,https://kalshi.com/markets/kxdaviscupmatch/davis-cup-match,https://kalshi.com/markets/kxdaviscupmatch/davis-cup-match/kxdaviscupmatch-26sep18aughal,Felix Auger-Aliassime wins,Felix Auger-Aliassime,KXDAVISCUPMATCH-26SEP18AUGHAL,Auger-Aliassime vs Halys,KXDAVISCUPMATCH,Davis Cup Match,Sports,"[""Tennis""]",settled,binary,0,1,0.99,0.99,0.01,0.99,1,573937.38,572517.55,367197.74,0,2026-09-17T22:15:00Z,2026-09-19T02:00:40Z,2026-10-02T22:10:00Z,,yes,Felix Auger-Aliassime,structured,,,,True,2026-09-19T16:08:14+00:00
kalshi,KXLIGAMXGAME-26SEP18JUATIG-TIE,https://kalshi.com/markets/kxligamxgame/liga-mx-game,https://kalshi.com/markets/kxligamxgame/liga-mx-game/kxligamxgame-26sep18juatig,Tie is the result,Tie,KXLIGAMXGAME-26SEP18JUATIG,Juarez vs Tigres,KXLIGAMXGAME,Liga MX Game,Sports,"[""Soccer""]",settled,binary,0,1,0.01,0.01,0.99,0.01,1,576226.55,570116.49,324622.84,0,2026-09-05T00:43:00Z,2026-09-19T05:12:38Z,2026-09-21T09:00:00Z,,no,Juarez,structured,,,,True,2026-09-19T16:07:56+00:00
kalshi,KXBTCD-26SEP1904-T81099.99,https://kalshi.com/markets/kxbtcd/bitcoin-price-above-below,https://kalshi.com/markets/kxbtcd/bitcoin-price-above-below/kxbtcd-26sep1904,"Bitcoin price on Sep 19, 2026?","$81,100 or above",KXBTCD-26SEP1904,"BTC price on Sep 19, 2026 at 4am EDT?",KXBTCD,Bitcoin price Above/below,Crypto,"[""Hourly"", ""BTC""]",settled,binary,0,1,0.01,0.01,0.99,0.01,1,564335.92,564335.92,79508.9,0,2026-09-19T07:00:00Z,2026-09-19T08:00:00Z,2026-09-26T08:00:00Z,,no,81093.73,greater,81099.99,,BRTI,True,2026-09-19T16:07:49+00:00
kalshi,KXLOLGAME-26SEP181600SENSR-SR,https://kalshi.com/markets/kxlolgame/league-of-legends-game,https://kalshi.com/markets/kxlolgame/league-of-legends-game/kxlolgame-26sep181600sensr,Shopify Rebellion wins,Shopify Rebellion,KXLOLGAME-26SEP181600SENSR,Sentinels vs. Shopify Rebellion,KXLOLGAME,League of Legends Game,Sports,"[""Esports""]",settled,binary,0,1,0.99,0.99,0.01,0.99,1,575402.4,562541.15,284582.49,0,2026-09-15T00:05:00Z,2026-09-19T00:09:23Z,2026-09-20T20:00:00Z,,yes,Shopify Rebellion,structured,,,,True,2026-09-19T16:08:22+00:00
kalshi,KXEPLTOTAL-26SEP19TOTAVL-3,https://kalshi.com/markets/kxepltotal/english-premier-league-total-goals,https://kalshi.com/markets/kxepltotal/english-premier-league-total-goals/kxepltotal-26sep19totavl,Will over 2.5 goals be scored?,Over 2.5 goals scored,KXEPLTOTAL-26SEP19TOTAVL,Tottenham vs Aston Villa: Total Goals,KXEPLTOTAL,English Premier League Total Goals,Sports,"[""Soccer""]",settled,binary,0,1,0.99,0.99,0.01,0.99,1,624242.36,558786.75,364898.31,0,2026-09-12T12:06:00Z,2026-09-19T13:26:28Z,2026-09-21T11:30:00Z,,yes,4,greater,2.5,,,True,2026-09-19T16:07:38+00:00
kalshi,KXBTCD-26SEP1815-T80899.99,https://kalshi.com/markets/kxbtcd/bitcoin-price-above-below,https://kalshi.com/markets/kxbtcd/bitcoin-price-above-below/kxbtcd-26sep1815,"Bitcoin price on Sep 18, 2026?","$80,900 or above",KXBTCD-26SEP1815,"BTC price on Sep 18, 2026 at 3pm EDT?",KXBTCD,Bitcoin price Above/below,Crypto,"[""Hourly"", ""BTC""]",settled,binary,0,1,0.99,0.99,0.01,0.99,1,557254.48,557254.48,109936.39,0,2026-09-18T18:00:00Z,2026-09-18T19:00:00Z,2026-09-25T19:00:00Z,,yes,80933.92,greater,80899.99,,BRTI,True,2026-09-19T16:08:38+00:00
kalshi,KXARGPREMDIVGAME-26SEP18CCDYJ-TIE,https://kalshi.com/markets/kxargpremdivgame/argentina-primera-division-game,https://kalshi.com/markets/kxargpremdivgame/argentina-primera-division-game/kxargpremdivgame-26sep18ccdyj,Tie is the result,Tie,KXARGPREMDIVGAME-26SEP18CCDYJ,Central Cordoba vs Defensa y Justicia,KXARGPREMDIVGAME,Argentina Primera Division Game,Sports,"[""Soccer""]",settled,binary,0,1,0.99,0.99,0.01,0.99,1,553247.26,552992.66,170789.95,0,2026-09-14T00:34:00Z,2026-09-18T23:16:43Z,2026-09-20T21:00:00Z,,yes,Tie,structured,,,,True,2026-09-19T16:08:24+00:00
kalshi,KXBTCD-26SEP1822-T81199.99,https://kalshi.com/markets/kxbtcd/bitcoin-price-above-below,https://kalshi.com/markets/kxbtcd/bitcoin-price-above-below/kxbtcd-26sep1822,"Bitcoin price on Sep 18, 2026?","$81,200 or above",KXBTCD-26SEP1822,"BTC price on Sep 18, 2026 at 10pm EDT?",KXBTCD,Bitcoin price Above/below,Crypto,"[""Hourly"", ""BTC""]",settled,binary,0,1,0.99,0.99,0.01,0.99,1,552840.08,552840.08,132196.78,0,2026-09-19T01:00:00Z,2026-09-19T02:00:00Z,2026-09-26T02:00:00Z,,yes,81261.34,greater,81199.99,,BRTI,True,2026-09-19T16:08:16+00:00
kalshi,KXNCAAFSPREAD-26SEP18MIAWAKE-MIA14,https://kalshi.com/markets/kxncaafspread/college-football-spread,https://kalshi.com/markets/kxncaafspread/college-football-spread/kxncaafspread-26sep18miawake,Miami (FL) wins by over 13.5 points,Miami (FL) wins by over 13.5 points,KXNCAAFSPREAD-26SEP18MIAWAKE,Miami (FL) vs Wake Forest: Spread,KXNCAAFSPREAD,College Football Spread,Sports,"[""Football""]",settled,binary,0,1,0.01,0.01,0.99,0.01,1,565230.91,551912.14,235146.41,0,2026-09-12T01:07:00Z,2026-09-19T03:14:37Z,2026-09-20T23:30:00Z,,no,13,greater,13.5,,,True,2026-09-19T16:08:06+00:00
kalshi,KXEPLGAME-26SEP19TOTAVL-TIE,https://kalshi.com/markets/kxeplgame/english-premier-league-game,https://kalshi.com/markets/kxeplgame/english-premier-league-game/kxeplgame-26sep19totavl,Tie is the result,Tie,KXEPLGAME-26SEP19TOTAVL,Tottenham vs Aston Villa,KXEPLGAME,English Premier League Game,Sports,"[""Soccer""]",settled,binary,0,1,0.01,0.01,0.99,0.01,1,558736.28,550151.22,288089.31,0,2026-09-05T00:40:00Z,2026-09-19T13:45:23Z,2026-09-21T17:30:00Z,,no,Aston Villa,structured,,,,True,2026-09-19T16:07:38+00:00
kalshi,KXNCAAFSPREAD-26SEP18HOUTTU-TTU4,https://kalshi.com/markets/kxncaafspread/college-football-spread,https://kalshi.com/markets/kxncaafspread/college-football-spread/kxncaafspread-26sep18houttu,Texas Tech wins by over 3.5 points,Texas Tech wins by over 3.5 points,KXNCAAFSPREAD-26SEP18HOUTTU,Houston vs Texas Tech: Spread,KXNCAAFSPREAD,College Football Spread,Sports,"[""Football""]",settled,binary,0,1,0.01,0.01,0.99,0.01,1,550599.16,547210.98,238075.18,0,2026-09-12T01:07:00Z,2026-09-19T03:34:34Z,2026-09-21T00:00:00Z,,no,2,greater,3.5,,,True,2026-09-19T16:08:05+00:00
kalshi,KXNCAAFTOTAL-26SEP18PRSTORE-79,https://kalshi.com/markets/kxncaaftotal/college-football-total-points,https://kalshi.com/markets/kxncaaftotal/college-football-total-points/kxncaaftotal-26sep18prstore,Over 78.5 points scored,Over 78.5 points scored,KXNCAAFTOTAL-26SEP18PRSTORE,Portland St. vs Oregon: Total Points,KXNCAAFTOTAL,College Football Total Points,Sports,"[""Football""]",settled,binary,0,1,0.99,0.99,0.01,0.99,1,545000.64,544908.85,215213.2,0,2026-09-14T16:05:00Z,2026-09-19T05:54:39Z,2026-09-21T02:30:00Z,,yes,84,greater,78.5,,,True,2026-09-19T16:07:55+00:00
kalshi,KXNCAAFSPREAD-26SEP18MIAWAKE-MIA25,https://kalshi.com/markets/kxncaafspread/college-football-spread,https://kalshi.com/markets/kxncaafspread/college-football-spread/kxncaafspread-26sep18miawake,Miami (FL) wins by over 24.5 points,Miami (FL) wins by over 24.5 points,KXNCAAFSPREAD-26SEP18MIAWAKE,Miami (FL) vs Wake Forest: Spread,KXNCAAFSPREAD,College Football Spread,Sports,"[""Football""]",settled,binary,0,1,0.01,0.01,0.99,0.01,1,548285.9,543205.15,325561.83,0,2026-09-12T01:07:00Z,2026-09-19T03:14:38Z,2026-09-20T23:30:00Z,,no,13,greater,24.5,,,True,2026-09-19T16:08:06+00:00
kalshi,KXNCAAFSPREAD-26SEP18PRSTORE-ORE79,https://kalshi.com/markets/kxncaafspread/college-football-spread,https://kalshi.com/markets/kxncaafspread/college-football-spread/kxncaafspread-26sep18prstore,Oregon wins by over 78.5 points,Oregon wins by over 78.5 points,KXNCAAFSPREAD-26SEP18PRSTORE,Portland St. vs Oregon: Spread,KXNCAAFSPREAD,College Football Spread,Sports,"[""Football""]",settled,binary,0,1,0.99,0.99,0.01,0.99,1,539246.13,539246.13,243215.45,0,2026-09-19T03:03:00Z,2026-09-19T05:54:37Z,2026-09-21T02:30:00Z,,yes,84,greater,78.5,,,True,2026-09-19T16:07:55+00:00
kalshi,KXMLSGAME-26SEP18NYCNYRB-NYC,https://kalshi.com/markets/kxmlsgame/major-league-soccer-game,https://kalshi.com/markets/kxmlsgame/major-league-soccer-game/kxmlsgame-26sep18nycnyrb,New York City wins,New York City,KXMLSGAME-26SEP18NYCNYRB,New York City vs New York RB,KXMLSGAME,Major League Soccer Game,Sports,"[""Soccer""]",settled,binary,0,1,0.01,0.01,0.99,0.01,1,549351.94,538767.73,352698.17,0,2026-09-04T00:38:00Z,2026-09-19T01:42:43Z,2026-09-21T05:30:00Z,,no,New York RB,structured,,,,True,2026-09-19T16:08:18+00:00
kalshi,KXEPLBTTS-26SEP18BRECFC-BTTS,https://kalshi.com/markets/kxeplbtts/epl-both-teams-to-score,https://kalshi.com/markets/kxeplbtts/epl-both-teams-to-score/kxeplbtts-26sep18brecfc,Both Teams To Score,Both Teams To Score,KXEPLBTTS-26SEP18BRECFC,Brentford vs Chelsea: BTTS,KXEPLBTTS,EPL Both Teams to Score,Sports,"[""Soccer""]",settled,binary,0,1,0.01,0.01,0.99,0.01,1,604664.62,537630.37,404386.68,0,2026-09-11T19:07:00Z,2026-09-18T20:59:38Z,2026-09-20T19:00:00Z,,no,NO,,,,,True,2026-09-19T16:08:32+00:00
kalshi,KXNCAAFTOTAL-26SEP18PRSTORE-82,https://kalshi.com/markets/kxncaaftotal/college-football-total-points,https://kalshi.com/markets/kxncaaftotal/college-football-total-points/kxncaaftotal-26sep18prstore,Over 81.5 points scored,Over 81.5 points scored,KXNCAAFTOTAL-26SEP18PRSTORE,Portland St. vs Oregon: Total Points,KXNCAAFTOTAL,College Football Total Points,Sports,"[""Football""]",settled,binary,0,1,0.99,0.99,0.01,0.99,1,538214.61,536104.99,201834.82,0,2026-09-14T16:05:00Z,2026-09-19T05:54:40Z,2026-09-21T02:30:00Z,,yes,84,greater,81.5,,,True,2026-09-19T16:07:55+00:00
kalshi,KXBTCD-26SEP1814-T80899.99,https://kalshi.com/markets/kxbtcd/bitcoin-price-above-below,https://kalshi.com/markets/kxbtcd/bitcoin-price-above-below/kxbtcd-26sep1814,"Bitcoin price on Sep 18, 2026?","$80,900 or above",KXBTCD-26SEP1814,"BTC price on Sep 18, 2026 at 2pm EDT?",KXBTCD,Bitcoin price Above/below,Crypto,"[""Hourly"", ""BTC""]",settled,binary,0,1,0.99,0.99,0.01,0.99,1,535904.46,535904.46,150759.38,0,2026-09-18T17:00:00Z,2026-09-18T18:00:00Z,2026-09-25T18:00:00Z,,yes,80984.20,greater,80899.99,,BRTI,True,2026-09-19T16:08:42+00:00
kalshi,KXLALIGAGAME-26SEP19OSARVC-OSA,https://kalshi.com/markets/kxlaligagame/la-liga-game,https://kalshi.com/markets/kxlaligagame/la-liga-game/kxlaligagame-26sep19osarvc,Osasuna wins,Osasuna,KXLALIGAGAME-26SEP19OSARVC,Osasuna vs Vallecano,KXLALIGAGAME,La Liga Game,Sports,"[""Soccer""]",settled,binary,0,1,0.01,0.01,0.99,0.01,1,537578.28,533083.04,237146.37,0,2026-09-05T00:42:00Z,2026-09-19T14:14:57Z,2026-09-21T18:00:00Z,,no,Tie,structured,,,,True,2026-09-19T16:07:37+00:00
kalshi,KXBTCD-26SEP1819-T81199.99,https://kalshi.com/markets/kxbtcd/bitcoin-price-above-below,https://kalshi.com/markets/kxbtcd/bitcoin-price-above-below/kxbtcd-26sep1819,"Bitcoin price on Sep 18, 2026?","$81,200 or above",KXBTCD-26SEP1819,"BTC price on Sep 18, 2026 at 7pm EDT?",KXBTCD,Bitcoin price Above/below,Crypto,"[""Hourly"", ""BTC""]",settled,binary,0,1,0.01,0.01,0.99,0.01,1,529369.19,529369.19,132002.53,0,2026-09-18T22:00:00Z,2026-09-18T23:00:00Z,2026-09-25T23:00:00Z,,no,81141.05,greater,81199.99,,BRTI,True,2026-09-19T16:08:27+00:00
kalshi,KXBTCD-26SEP1821-T81299.99,https://kalshi.com/markets/kxbtcd/bitcoin-price-above-below,https://kalshi.com/markets/kxbtcd/bitcoin-price-above-below/kxbtcd-26sep1821,"Bitcoin price on Sep 18, 2026?","$81,300 or above",KXBTCD-26SEP1821,"BTC price on Sep 18, 2026 at 9pm EDT?",KXBTCD,Bitcoin price Above/below,Crypto,"[""Hourly"", ""BTC""]",settled,binary,0,1,0.99,0.99,0.01,0.99,1,529275.77,529275.77,117020.3,0,2026-09-19T00:00:00Z,2026-09-19T01:00:00Z,2026-09-26T01:00:00Z,,yes,81620.47,greater,81299.99,,BRTI,True,2026-09-19T16:08:20+00:00
kalshi,KXNCAAFSPREAD-26SEP18PRSTORE-ORE70,https://kalshi.com/markets/kxncaafspread/college-football-spread,https://kalshi.com/markets/kxncaafspread/college-football-spread/kxncaafspread-26sep18prstore,Oregon wins by over 69.5 points,Oregon wins by over 69.5 points,KXNCAAFSPREAD-26SEP18PRSTORE,Portland St. vs Oregon: Spread,KXNCAAFSPREAD,College Football Spread,Sports,"[""Football""]",settled,binary,0,1,0.99,0.99,0.01,0.99,1,523371.09,522542.02,224328.75,0,2026-09-14T16:05:00Z,2026-09-19T05:54:37Z,2026-09-21T02:30:00Z,,yes,84,greater,69.5,,,True,2026-09-19T16:07:55+00:00
kalshi,KXBTCD-26SEP1823-T81299.99,https://kalshi.com/markets/kxbtcd/bitcoin-price-above-below,https://kalshi.com/markets/kxbtcd/bitcoin-price-above-below/kxbtcd-26sep1823,"Bitcoin price on Sep 18, 2026?","$81,300 or above",KXBTCD-26SEP1823,"BTC price on Sep 18, 2026 at 11pm EDT?",KXBTCD,Bitcoin price Above/below,Crypto,"[""Hourly"", ""BTC""]",settled,binary,0,1,0.01,0.01,0.99,0.01,1,520296.46,520296.46,132182.44,0,2026-09-19T02:00:00Z,2026-09-19T03:00:00Z,2026-09-26T03:00:00Z,,no,81268.21,greater,81299.99,,BRTI,True,2026-09-19T16:08:11+00:00
kalshi,KXBUNDESLIGAGAME-26SEP19SVWFCA-SVW,https://kalshi.com/markets/kxbundesligagame/bundesliga-game,https://kalshi.com/markets/kxbundesligagame/bundesliga-game/kxbundesligagame-26sep19svwfca,Bremen wins,Bremen,KXBUNDESLIGAGAME-26SEP19SVWFCA,Bremen vs Augsburg,KXBUNDESLIGAGAME,Bundesliga Game,Sports,"[""Soccer""]",settled,binary,0,1,0.99,0.99,0.01,0.99,1,520724.6,519673.07,175970.14,0,2026-09-05T00:39:00Z,2026-09-19T15:44:31Z,2026-09-21T19:30:00Z,,yes,Bremen,structured,,,,True,2026-09-19T16:07:35+00:00
kalshi,KXBTCD-26SEP1813-T80899.99,https://kalshi.com/markets/kxbtcd/bitcoin-price-above-below,https://kalshi.com/markets/kxbtcd/bitcoin-price-above-below/kxbtcd-26sep1813,"Bitcoin price on Sep 18, 2026?","$80,900 or above",KXBTCD-26SEP1813,"BTC price on Sep 18, 2026 at 1pm EDT?",KXBTCD,Bitcoin price Above/below,Crypto,"[""Hourly"", ""BTC""]",settled,binary,0,1,0.01,0.01,0.99,0.01,1,517112.39,517112.39,103720.94,0,2026-09-18T16:00:00Z,2026-09-18T17:00:00Z,2026-09-25T17:00:00Z,,no,80828.52,greater,80899.99,,BRTI,True,2026-09-19T16:08:45+00:00
kalshi,KXMLBGAME-26SEP182015WSHSTL-STL,https://kalshi.com/markets/kxmlbgame/professional-baseball-game,https://kalshi.com/markets/kxmlbgame/professional-baseball-game/kxmlbgame-26sep182015wshstl,St. Louis wins,St. Louis,KXMLBGAME-26SEP182015WSHSTL,Washington vs St. Louis,KXMLBGAME,Professional Baseball Game,Sports,"[""Baseball""]",settled,binary,0,1,0.01,0.01,0.99,0.01,1,524497.61,516575.11,353755.45,0,2026-09-16T00:25:00Z,2026-09-19T03:00:32Z,2026-09-22T00:15:00Z,,no,Washington,structured,,,,True,2026-09-19T16:08:08+00:00
kalshi,KXITFWMATCH-26SEP18SIDHUA-SID,https://kalshi.com/markets/kxitfwmatch/itf-women-s-match,https://kalshi.com/markets/kxitfwmatch/itf-women-s-match/kxitfwmatch-26sep18sidhua,Kristiana Sidorova wins,Kristiana Sidorova,KXITFWMATCH-26SEP18SIDHUA,Sidorova vs Huang,KXITFWMATCH,ITF Women's Match,Sports,"[""Tennis""]",settled,binary,0,1,0.99,0.99,0.01,0.99,1,515184.48,515184.48,289099.06,0,2026-09-18T10:11:00Z,2026-09-19T04:20:06Z,2026-10-03T02:00:00Z,,yes,Kristiana Sidorova,structured,,,,True,2026-09-19T16:08:01+00:00
kalshi,KXDAVISCUPMATCH-26SEP19FERGUI-GUI,https://kalshi.com/markets/kxdaviscupmatch/davis-cup-match,https://kalshi.com/markets/kxdaviscupmatch/davis-cup-match/kxdaviscupmatch-26sep19fergui,Alvaro Guillen Meza wins,Alvaro Guillen Meza,KXDAVISCUPMATCH-26SEP19FERGUI,Fery vs Guillen Meza,KXDAVISCUPMATCH,Davis Cup Match,Sports,"[""Tennis""]",settled,binary,0,1,0.01,0.01,0.99,0.01,1,513518.35,513518.35,217446.14,0,2026-09-18T13:55:00Z,2026-09-19T16:00:35Z,2026-10-03T13:10:00Z,,no,Arthur Fery,structured,,,,True,2026-09-19T16:07:34+00:00
kalshi,KXEWSLGAME-26SEP18MCILFC-LFC,https://kalshi.com/markets/kxewslgame/england-women-s-super-league-game,https://kalshi.com/markets/kxewslgame/england-women-s-super-league-game/kxewslgame-26sep18mcilfc,Liverpool wins,Liverpool,KXEWSLGAME-26SEP18MCILFC,Manchester City vs Liverpool,KXEWSLGAME,England Women's Super League Game,Sports,"[""Soccer""]",settled,binary,0,1,0.01,0.01,0.99,0.01,1,549303.64,511890.4,284255.98,0,2026-09-14T00:36:00Z,2026-09-18T20:07:10Z,2026-09-20T18:00:00Z,,no,Manchester City,structured,,,,True,2026-09-19T16:08:32+00:00
kalshi,KXMLBGAME-26SEP181915PHINYM-NYM,https://kalshi.com/markets/kxmlbgame/professional-baseball-game,https://kalshi.com/markets/kxmlbgame/professional-baseball-game/kxmlbgame-26sep181915phinym,New York M wins,New York M,KXMLBGAME-26SEP181915PHINYM,Philadelphia vs New York M,KXMLBGAME,Professional Baseball Game,Sports,"[""Baseball""]",settled,binary,0,1,0.99,0.99,0.01,0.99,1,537334.96,509618.05,372349.83,0,2026-09-15T23:25:00Z,2026-09-19T01:54:32Z,2026-09-21T23:15:00Z,,yes,New York M,structured,,,,True,2026-09-19T16:08:16+00:00
kalshi,KXBTCD-26SEP1817-T81499.99,https://kalshi.com/markets/kxbtcd/bitcoin-price-above-below,https://kalshi.com/markets/kxbtcd/bitcoin-price-above-below/kxbtcd-26sep1817,"Bitcoin price on Sep 18, 2026?","$81,500 or above",KXBTCD-26SEP1817,"BTC price on Sep 18, 2026 at 5pm EDT?",KXBTCD,Bitcoin price Above/below,Crypto,"[""Hourly"", ""BTC""]",settled,binary,0,1,0.01,0.01,0.99,0.01,1,607140.12,507365.51,239924.9,0,2026-09-11T20:00:00Z,2026-09-18T21:00:00Z,2026-09-25T21:00:00Z,,no,81077.63,greater,81499.99,,BRTI,True,2026-09-19T16:08:31+00:00
kalshi,KXDAVISCUPMATCH-26SEP18HSUWAL-HSU,https://kalshi.com/markets/kxdaviscupmatch/davis-cup-match,https://kalshi.com/markets/kxdaviscupmatch/davis-cup-match/kxdaviscupmatch-26sep18hsuwal,Yu Hsiou Hsu wins,Yu Hsiou Hsu,KXDAVISCUPMATCH-26SEP18HSUWAL,Hsu vs Wallin,KXDAVISCUPMATCH,Davis Cup Match,Sports,"[""Tennis""]",settled,binary,0,1,0.01,0.01,0.99,0.01,1,502348.89,502348.89,228620.52,0,2026-09-18T08:36:00Z,2026-09-19T05:24:57Z,2026-10-03T03:00:00Z,,no,Olle Wallin,structured,,,,True,2026-09-19T16:07:56+00:00
kalshi,KXGOLD15M-26SEP181400-00,https://kalshi.com/markets/kxgold15m/gold-15-minute,https://kalshi.com/markets/kxgold15m/gold-15-minute/kxgold15m-26sep181400,Gold price up in next 15 mins?,"Target Price: $4,393.41",KXGOLD15M-26SEP181400,"Gold 15 min · $4,393.41 target",KXGOLD15M,Gold 15-minute,Commodities,"[""Metals""]",settled,binary,0,1,0.001,0.001,0.999,0.001,1,499968.57,499968.57,117782.17,0,2026-09-18T17:45:00Z,2026-09-18T18:00:00Z,2026-09-25T18:00:00Z,,no,4393.25,greater_or_equal,4393.41,,,True,2026-09-19T16:08:41+00:00
kalshi,KXGOLD15M-26SEP181330-30,https://kalshi.com/markets/kxgold15m/gold-15-minute,https://kalshi.com/markets/kxgold15m/gold-15-minute/kxgold15m-26sep181330,Gold price up in next 15 mins?,"Target Price: $4,385.57",KXGOLD15M-26SEP181330,"Gold 15 min · $4,385.57 target",KXGOLD15M,Gold 15-minute,Commodities,"[""Metals""]",settled,binary,0,1,0.999,0.999,0.001,0.999,1,498023.97,498023.97,101559.75,0,2026-09-18T17:15:00Z,2026-09-18T17:30:00Z,2026-09-25T17:30:00Z,,yes,4387.12,greater_or_equal,4385.57,,,True,2026-09-19T16:08:42+00:00
kalshi,KXGOLD15M-26SEP181515-15,https://kalshi.com/markets/kxgold15m/gold-15-minute,https://kalshi.com/markets/kxgold15m/gold-15-minute/kxgold15m-26sep181515,Gold price up in next 15 mins?,"Target Price: $4,382.30",KXGOLD15M-26SEP181515,"Gold 15 min · $4,382.30 target",KXGOLD15M,Gold 15-minute,Commodities,"[""Metals""]",settled,binary,0,1,0.999,0.999,0.001,0.999,1,496045.29,496045.29,113973.27,0,2026-09-18T19:00:00Z,2026-09-18T19:15:00Z,2026-09-25T19:15:00Z,,yes,4384.38,greater_or_equal,4382.3,,,True,2026-09-19T16:08:36+00:00
kalshi,KXGOLD15M-26SEP181415-15,https://kalshi.com/markets/kxgold15m/gold-15-minute,https://kalshi.com/markets/kxgold15m/gold-15-minute/kxgold15m-26sep181415,Gold price up in next 15 mins?,"Target Price: $4,393.25",KXGOLD15M-26SEP181415,"Gold 15 min · $4,393.25 target",KXGOLD15M,Gold 15-minute,Commodities,"[""Metals""]",settled,binary,0,1,0.007,0.007,0.993,0.007,1,489029.19,489029.19,115806.98,0,2026-09-18T18:00:00Z,2026-09-18T18:15:00Z,2026-09-25T18:15:00Z,,no,4392.22,greater_or_equal,4393.25,,,True,2026-09-19T16:08:39+00:00
kalshi,KXITFMATCH-26SEP18BARKAC-BAR,https://kalshi.com/markets/kxitfmatch/itf-men-s-match,https://kalshi.com/markets/kxitfmatch/itf-men-s-match/kxitfmatch-26sep18barkac,Nikolai Barsukov wins,Nikolai Barsukov,KXITFMATCH-26SEP18BARKAC,Barsukov vs Kachmazov,KXITFMATCH,ITF Men's Match,Sports,"[""Tennis""]",settled,binary,0,1,0.01,0.01,0.99,0.01,1,487984.97,487984.97,262582.71,0,2026-09-18T10:11:00Z,2026-09-19T03:50:01Z,2026-10-03T02:00:00Z,,no,Alibek Kachmazov,structured,,,,True,2026-09-19T16:08:04+00:00
kalshi,KXBTCD-26SEP1816-T81099.99,https://kalshi.com/markets/kxbtcd/bitcoin-price-above-below,https://kalshi.com/markets/kxbtcd/bitcoin-price-above-below/kxbtcd-26sep1816,"Bitcoin price on Sep 18, 2026?","$81,100 or above",KXBTCD-26SEP1816,"BTC price on Sep 18, 2026 at 4pm EDT?",KXBTCD,Bitcoin price Above/below,Crypto,"[""Hourly"", ""BTC""]",settled,binary,0,1,0.99,0.99,0.01,0.99,1,482515.58,482515.58,108094.97,0,2026-09-18T19:00:00Z,2026-09-18T20:00:00Z,2026-09-25T20:00:00Z,,yes,81210.88,greater,81099.99,,BRTI,True,2026-09-19T16:08:35+00:00
kalshi,KXGOLD15M-26SEP181500-00,https://kalshi.com/markets/kxgold15m/gold-15-minute,https://kalshi.com/markets/kxgold15m/gold-15-minute/kxgold15m-26sep181500,Gold price up in next 15 mins?,"Target Price: $4,381.17",KXGOLD15M-26SEP181500,"Gold 15 min · $4,381.17 target",KXGOLD15M,Gold 15-minute,Commodities,"[""Metals""]",settled,binary,0,1,0.999,0.999,0.001,0.999,1,481383.99,481383.99,80160.93,0,2026-09-18T18:45:00Z,2026-09-18T19:00:00Z,2026-09-25T19:00:00Z,,yes,4382.30,greater_or_equal,4381.17,,,True,2026-09-19T16:08:38+00:00
kalshi,KXBTCD-26SEP1816-T81299.99,https://kalshi.com/markets/kxbtcd/bitcoin-price-above-below,https://kalshi.com/markets/kxbtcd/bitcoin-price-above-below/kxbtcd-26sep1816,"Bitcoin price on Sep 18, 2026?","$81,300 or above",KXBTCD-26SEP1816,"BTC price on Sep 18, 2026 at 4pm EDT?",KXBTCD,Bitcoin price Above/below,Crypto,"[""Hourly"", ""BTC""]",settled,binary,0,1,0.01,0.01,0.99,0.01,1,479879.34,479879.34,110425.84,0,2026-09-18T19:00:00Z,2026-09-18T20:00:00Z,2026-09-25T20:00:00Z,,no,81210.88,greater,81299.99,,BRTI,True,2026-09-19T16:08:35+00:00
kalshi,KXNCAAF1HSPREAD-26SEP18MIAWAKE-MIA12,https://kalshi.com/markets/kxncaaf1hspread/college-football-1st-half-spread,https://kalshi.com/markets/kxncaaf1hspread/college-football-1st-half-spread/kxncaaf1hspread-26sep18miawake,Miami (FL) wins 1H by over 11.5 points,Miami (FL) wins 1H by over 11.5 points,KXNCAAF1HSPREAD-26SEP18MIAWAKE,Miami (FL) vs Wake Forest: 1st Half Spread,KXNCAAF1HSPREAD,College Football 1st Half Spread,Sports,"[""Football""]",settled,binary,0,1,0.99,0.99,0.01,0.99,1,511488.67,474430.59,330711.82,0,2026-09-14T10:20:00Z,2026-09-19T01:08:08Z,2026-09-20T23:30:00Z,,yes,17,greater,11.5,,,True,2026-09-19T16:08:18+00:00
kalshi,KXATPCHALLENGERMATCH-26SEP18SHEMMO-SHE,https://kalshi.com/markets/kxatpchallengermatch/challenger-atp,https://kalshi.com/markets/kxatpchallengermatch/challenger-atp/kxatpchallengermatch-26sep18shemmo,Abdullah Shelbayh wins,Abdullah Shelbayh,KXATPCHALLENGERMATCH-26SEP18SHEMMO,Shelbayh vs Mmoh,KXATPCHALLENGERMATCH,Challenger ATP ,Sports,"[""Tennis""]",settled,binary,0,1,0.01,0.01,0.99,0.01,1,472776.52,471656.58,252975.22,0,2026-09-18T10:11:00Z,2026-09-18T23:50:10Z,2026-10-02T22:00:00Z,,no,Michael Mmoh,structured,,,,True,2026-09-19T16:08:24+00:00
kalshi,KXSERIEAGAME-26SEP18MONSAS-SAS,https://kalshi.com/markets/kxserieagame/serie-a-game,https://kalshi.com/markets/kxserieagame/serie-a-game/kxserieagame-26sep18monsas,Sassuolo wins,Sassuolo,KXSERIEAGAME-26SEP18MONSAS,Monza vs Sassuolo,KXSERIEAGAME,Serie A Game,Sports,"[""Soccer""]",settled,binary,0,1,0.01,0.01,0.99,0.01,1,566797.16,467368.44,317982.19,0,2026-09-04T00:39:00Z,2026-09-18T20:46:40Z,2026-09-21T00:45:00Z,,no,Monza,structured,,,,True,2026-09-19T16:08:32+00:00
kalshi,KXMLSGAME-26SEP18NYCNYRB-NYRB,https://kalshi.com/markets/kxmlsgame/major-league-soccer-game,https://kalshi.com/markets/kxmlsgame/major-league-soccer-game/kxmlsgame-26sep18nycnyrb,New York RB wins,New York RB,KXMLSGAME-26SEP18NYCNYRB,New York City vs New York RB,KXMLSGAME,Major League Soccer Game,Sports,"[""Soccer""]",settled,binary,0,1,0.99,0.99,0.01,0.99,1,469543.72,461250.35,255300.71,0,2026-09-04T00:38:00Z,2026-09-19T01:42:43Z,2026-09-21T05:30:00Z,,yes,New York RB,structured,,,,True,2026-09-19T16:08:18+00:00
kalshi,KXBTCD-26SEP1909-T81299.99,https://kalshi.com/markets/kxbtcd/bitcoin-price-above-below,https://kalshi.com/markets/kxbtcd/bitcoin-price-above-below/kxbtcd-26sep1909,"Bitcoin price on Sep 19, 2026?","$81,300 or above",KXBTCD-26SEP1909,"BTC price on Sep 19, 2026 at 9am EDT?",KXBTCD,Bitcoin price Above/below,Crypto,"[""Hourly"", ""BTC""]",settled,binary,0,1,0.99,0.99,0.01,0.99,1,459005.62,459005.62,78233.1,0,2026-09-19T12:00:00Z,2026-09-19T13:00:00Z,2026-09-26T13:00:00Z,,yes,81307.65,greater,81299.99,,BRTI,True,2026-09-19T16:07:39+00:00
kalshi,KXBUNDESLIGAGAME-26SEP19SVWFCA-FCA,https://kalshi.com/markets/kxbundesligagame/bundesliga-game,https://kalshi.com/markets/kxbundesligagame/bundesliga-game/kxbundesligagame-26sep19svwfca,Augsburg wins,Augsburg,KXBUNDESLIGAGAME-26SEP19SVWFCA,Bremen vs Augsburg,KXBUNDESLIGAGAME,Bundesliga Game,Sports,"[""Soccer""]",settled,binary,0,1,0.01,0.01,0.99,0.01,1,456834.99,456148.31,154412.24,0,2026-09-05T00:39:00Z,2026-09-19T15:44:31Z,2026-09-21T19:30:00Z,,no,Bremen,structured,,,,True,2026-09-19T16:07:35+00:00
kalshi,KXLOLGAME-26SEP181600SENSR-SEN,https://kalshi.com/markets/kxlolgame/league-of-legends-game,https://kalshi.com/markets/kxlolgame/league-of-legends-game/kxlolgame-26sep181600sensr,Sentinels wins,Sentinels,KXLOLGAME-26SEP181600SENSR,Sentinels vs. Shopify Rebellion,KXLOLGAME,League of Legends Game,Sports,"[""Esports""]",settled,binary,0,1,0.01,0.01,0.99,0.01,1,459325.6,453711.37,240657.15,0,2026-09-15T00:05:00Z,2026-09-19T00:09:23Z,2026-09-20T20:00:00Z,,no,Shopify Rebellion,structured,,,,True,2026-09-19T16:08:22+00:00
kalshi,KXEPLTOTAL-26SEP18BRECFC-4,https://kalshi.com/markets/kxepltotal/english-premier-league-total-goals,https://kalshi.com/markets/kxepltotal/english-premier-league-total-goals/kxepltotal-26sep18brecfc,Will over 3.5 goals be scored?,Over 3.5 goals scored,KXEPLTOTAL-26SEP18BRECFC,Brentford vs Chelsea: Total Goals,KXEPLTOTAL,English Premier League Total Goals,Sports,"[""Soccer""]",settled,binary,0,1,0.01,0.01,0.99,0.01,1,505711.33,453385.9,284761.31,0,2026-09-11T19:07:00Z,2026-09-18T20:59:28Z,2026-09-20T19:00:00Z,,no,3,greater,3.5,,,True,2026-09-19T16:08:32+00:00
kalshi,KXATPCHALLENGERMATCH-26SEP18SAIKOL-SAI,https://kalshi.com/markets/kxatpchallengermatch/challenger-atp,https://kalshi.com/markets/kxatpchallengermatch/challenger-atp/kxatpchallengermatch-26sep18saikol,Nikolas Sanchez Izquierdo wins,Nikolas Sanchez Izquierdo,KXATPCHALLENGERMATCH-26SEP18SAIKOL,Sanchez Izquierdo vs Kolar,KXATPCHALLENGERMATCH,Challenger ATP ,Sports,"[""Tennis""]",settled,binary,0,1,0.99,0.99,0.01,0.99,1,545287.06,450273.89,316134.41,0,2026-09-18T03:10:00Z,2026-09-18T16:54:57Z,2026-10-02T15:00:00Z,,yes,Nikolas Sanchez Izquierdo,structured,,,,True,2026-09-19T16:08:45+00:00
kalshi,KXEWSLGAME-26SEP18MCILFC-MCI,https://kalshi.com/markets/kxewslgame/england-women-s-super-league-game,https://kalshi.com/markets/kxewslgame/england-women-s-super-league-game/kxewslgame-26sep18mcilfc,Manchester City wins,Manchester City,KXEWSLGAME-26SEP18MCILFC,Manchester City vs Liverpool,KXEWSLGAME,England Women's Super League Game,Sports,"[""Soccer""]",settled,binary,0,1,0.99,0.99,0.01,0.99,1,484605.19,450188.45,187208.76,0,2026-09-14T00:36:00Z,2026-09-18T20:07:10Z,2026-09-20T18:00:00Z,,yes,Manchester City,structured,,,,True,2026-09-19T16:08:32+00:00
kalshi,KXBTCD-26SEP1902-T81099.99,https://kalshi.com/markets/kxbtcd/bitcoin-price-above-below,https://kalshi.com/markets/kxbtcd/bitcoin-price-above-below/kxbtcd-26sep1902,"Bitcoin price on Sep 19, 2026?","$81,100 or above",KXBTCD-26SEP1902,"BTC price on Sep 19, 2026 at 2am EDT?",KXBTCD,Bitcoin price Above/below,Crypto,"[""Hourly"", ""BTC""]",settled,binary,0,1,0.01,0.01,0.99,0.01,1,448754.06,448754.06,149077.24,0,2026-09-19T05:00:00Z,2026-09-19T06:00:00Z,2026-09-26T06:00:00Z,,no,81012.89,greater,81099.99,,BRTI,True,2026-09-19T16:07:55+00:00
kalshi,KXBTCD-26SEP1820-T80999.99,https://kalshi.com/markets/kxbtcd/bitcoin-price-above-below,https://kalshi.com/markets/kxbtcd/bitcoin-price-above-below/kxbtcd-26sep1820,"Bitcoin price on Sep 18, 2026?","$81,000 or above",KXBTCD-26SEP1820,"BTC price on Sep 18, 2026 at 8pm EDT?",KXBTCD,Bitcoin price Above/below,Crypto,"[""Hourly"", ""BTC""]",settled,binary,0,1,0.01,0.01,0.99,0.01,1,447534.72,447534.72,144665.49,0,2026-09-18T23:00:00Z,2026-09-19T00:00:00Z,2026-09-26T00:00:00Z,,no,80881.41,greater,80999.99,,BRTI,True,2026-09-19T16:08:24+00:00
kalshi,KXGOLD15M-26SEP181630-30,https://kalshi.com/markets/kxgold15m/gold-15-minute,https://kalshi.com/markets/kxgold15m/gold-15-minute/kxgold15m-26sep181630,Gold price up in next 15 mins?,"Target Price: $4,381.67",KXGOLD15M-26SEP181630,"Gold 15 min · $4,381.67 target",KXGOLD15M,Gold 15-minute,Commodities,"[""Metals""]",settled,binary,0,1,0.001,0.001,0.999,0.001,1,446873.71,446873.71,79141.86,0,2026-09-18T20:15:00Z,2026-09-18T20:30:00Z,2026-09-25T20:30:00Z,,no,4381.13,greater_or_equal,4381.67,,,True,2026-09-19T16:08:32+00:00
kalshi,KXNCAAFSPREAD-26SEP18MIAWAKE-MIA18,https://kalshi.com/markets/kxncaafspread/college-football-spread,https://kalshi.com/markets/kxncaafspread/college-football-spread/kxncaafspread-26sep18miawake,Miami (FL) wins by over 17.5 points,Miami (FL) wins by over 17.5 points,KXNCAAFSPREAD-26SEP18MIAWAKE,Miami (FL) vs Wake Forest: Spread,KXNCAAFSPREAD,College Football Spread,Sports,"[""Football""]",settled,binary,0,1,0.01,0.01,0.99,0.01,1,484776.92,444925.06,262100.66,0,2026-09-12T01:07:00Z,2026-09-19T03:14:37Z,2026-09-20T23:30:00Z,,no,13,greater,17.5,,,True,2026-09-19T16:08:06+00:00
kalshi,KXWTAMATCH-26SEP18WANKUL-KUL,https://kalshi.com/markets/kxwtamatch/wta-tennis-match,https://kalshi.com/markets/kxwtamatch/wta-tennis-match/kxwtamatch-26sep18wankul,Anastasia Kulikova wins,Anastasia Kulikova,KXWTAMATCH-26SEP18WANKUL,Wang vs Kulikova,KXWTAMATCH,WTA Tennis Match,Sports,"[""Tennis""]",settled,binary,0,1,0.99,0.99,0.01,0.99,1,444571.98,444321.98,239916.51,0,2026-09-18T09:45:00Z,2026-09-19T04:54:47Z,2026-10-03T03:00:00Z,,yes,Anastasia Kulikova,structured,,,,True,2026-09-19T16:07:59+00:00
kalshi,KXLOLGAME-26SEP190500JDGIG-IG,https://kalshi.com/markets/kxlolgame/league-of-legends-game,https://kalshi.com/markets/kxlolgame/league-of-legends-game/kxlolgame-26sep190500jdgig,Invictus Gaming wins,Invictus Gaming,KXLOLGAME-26SEP190500JDGIG,JD Gaming vs. Invictus Gaming,KXLOLGAME,League of Legends Game,Sports,"[""Esports""]",settled,binary,0,1,0.99,0.99,0.01,0.99,1,442679.31,442541.66,273533.88,0,2026-09-18T13:25:00Z,2026-09-19T13:19:34Z,2026-09-21T09:00:00Z,,yes,Invictus Gaming,structured,,,,True,2026-09-19T16:07:38+00:00
kalshi,KXLOLGAME-26SEP190500JDGIG-JDG,https://kalshi.com/markets/kxlolgame/league-of-legends-game,https://kalshi.com/markets/kxlolgame/league-of-legends-game/kxlolgame-26sep190500jdgig,JD Gaming wins,JD Gaming,KXLOLGAME-26SEP190500JDGIG,JD Gaming vs. Invictus Gaming,KXLOLGAME,League of Legends Game,Sports,"[""Esports""]",settled,binary,0,1,0.01,0.01,0.99,0.01,1,439996.2,439794.58,225969.75,0,2026-09-18T13:25:00Z,2026-09-19T13:19:34Z,2026-09-21T09:00:00Z,,no,Invictus Gaming,structured,,,,True,2026-09-19T16:07:38+00:00
kalshi,KXGOLD15M-26SEP181645-45,https://kalshi.com/markets/kxgold15m/gold-15-minute,https://kalshi.com/markets/kxgold15m/gold-15-minute/kxgold15m-26sep181645,Gold price up in next 15 mins?,"Target Price: $4,381.13",KXGOLD15M-26SEP181645,"Gold 15 min · $4,381.13 target",KXGOLD15M,Gold 15-minute,Commodities,"[""Metals""]",settled,binary,0,1,0.001,0.001,0.999,0.001,1,439459.63,439459.63,96581.42,0,2026-09-18T20:30:00Z,2026-09-18T20:45:00Z,2026-09-25T20:45:00Z,,no,4380.91,greater_or_equal,4381.13,,,True,2026-09-19T16:08:32+00:00
kalshi,KXMLBTOTAL-26SEP182215SFLAD-8,https://kalshi.com/markets/kxmlbtotal/pro-baseball-total-points,https://kalshi.com/markets/kxmlbtotal/pro-baseball-total-points/kxmlbtotal-26sep182215sflad,Over 7.5 runs scored,Over 7.5 runs scored,KXMLBTOTAL-26SEP182215SFLAD,San Francisco vs Los Angeles D: Total Runs,KXMLBTOTAL,Pro Baseball Total Points,Sports,"[""Baseball""]",settled,binary,0,1,0.99,0.99,0.01,0.99,1,445041.06,439440.92,197505.9,0,2026-09-17T19:10:00Z,2026-09-19T04:49:35Z,2026-09-22T02:15:00Z,,yes,10,greater,7.5,,,True,2026-09-19T16:08:00+00:00
kalshi,KXBTCD-26SEP1813-T80799.99,https://kalshi.com/markets/kxbtcd/bitcoin-price-above-below,https://kalshi.com/markets/kxbtcd/bitcoin-price-above-below/kxbtcd-26sep1813,"Bitcoin price on Sep 18, 2026?","$80,800 or above",KXBTCD-26SEP1813,"BTC price on Sep 18, 2026 at 1pm EDT?",KXBTCD,Bitcoin price Above/below,Crypto,"[""Hourly"", ""BTC""]",settled,binary,0,1,0.99,0.99,0.01,0.99,1,439373.59,439373.59,128406.23,0,2026-09-18T16:00:00Z,2026-09-18T17:00:00Z,2026-09-25T17:00:00Z,,yes,80828.52,greater,80799.99,,BRTI,True,2026-09-19T16:08:45+00:00
kalshi,KXLALIGAGAME-26SEP19OSARVC-TIE,https://kalshi.com/markets/kxlaligagame/la-liga-game,https://kalshi.com/markets/kxlaligagame/la-liga-game/kxlaligagame-26sep19osarvc,Tie is the result,Tie,KXLALIGAGAME-26SEP19OSARVC,Osasuna vs Vallecano,KXLALIGAGAME,La Liga Game,Sports,"[""Soccer""]",settled,binary,0,1,0.99,0.99,0.01,0.99,1,440323.05,439346.86,277946.11,0,2026-09-05T00:42:00Z,2026-09-19T14:14:57Z,2026-09-21T18:00:00Z,,yes,Tie,structured,,,,True,2026-09-19T16:07:37+00:00
kalshi,KXEFLCHAMPIONSHIPGAME-26SEP19MILWHU-WHU,https://kalshi.com/markets/kxeflchampionshipgame/efl-championship-game,https://kalshi.com/markets/kxeflchampionshipgame/efl-championship-game/kxeflchampionshipgame-26sep19milwhu,West Ham wins,West Ham,KXEFLCHAMPIONSHIPGAME-26SEP19MILWHU,Millwall vs West Ham,KXEFLCHAMPIONSHIPGAME,EFL Championship Game,Sports,"[""Soccer""]",settled,binary,0,1,0.01,0.01,0.99,0.01,1,451296.59,438401.1,236721.04,0,2026-09-12T00:35:00Z,2026-09-19T13:45:18Z,2026-09-21T11:30:00Z,,no,Tie,structured,,,,True,2026-09-19T16:07:38+00:00
kalshi,KXNCAAFSPREAD-26SEP18PRSTORE-ORE59,https://kalshi.com/markets/kxncaafspread/college-football-spread,https://kalshi.com/markets/kxncaafspread/college-football-spread/kxncaafspread-26sep18prstore,Oregon wins by over 58.5 points,Oregon wins by over 58.5 points,KXNCAAFSPREAD-26SEP18PRSTORE,Portland St. vs Oregon: Spread,KXNCAAFSPREAD,College Football Spread,Sports,"[""Football""]",settled,binary,0,1,0.99,0.99,0.01,0.99,1,445493.33,436680.55,223345.46,0,2026-09-14T16:05:00Z,2026-09-19T05:54:38Z,2026-09-21T02:30:00Z,,yes,84,greater,58.5,,,True,2026-09-19T16:07:55+00:00
kalshi,KXMLBRFI-26SEP181840CHCCIN,https://kalshi.com/markets/kxmlbrfi/pro-baseball-run-in-first-inning,https://kalshi.com/markets/kxmlbrfi/pro-baseball-run-in-first-inning/kxmlbrfi-26sep181840chccin,1st inning: Over 0.5 runs,Over 0.5 runs in the 1st inning,KXMLBRFI-26SEP181840CHCCIN,Chicago C vs Cincinnati: First Inning Run,KXMLBRFI,Pro Baseball Run in First Inning,Sports,"[""Baseball""]",settled,binary,0,1,0.99,0.99,0.01,0.99,1,475561.75,434763.56,334403.58,0,2026-09-15T23:10:00Z,2026-09-18T23:04:29Z,2026-09-21T22:40:00Z,,yes,Yes,greater_or_equal,1,,,True,2026-09-19T16:08:25+00:00
kalshi,KXWTAMATCH-26SEP19LIASAI-LIA,https://kalshi.com/markets/kxwtamatch/wta-tennis-match,https://kalshi.com/markets/kxwtamatch/wta-tennis-match/kxwtamatch-26sep19liasai,En-Shuo Liang wins,En-Shuo Liang,KXWTAMATCH-26SEP19LIASAI,Liang vs Saito,KXWTAMATCH,WTA Tennis Match,Sports,"[""Tennis""]",settled,binary,0,1,0.01,0.01,0.99,0.01,1,431885.42,431885.42,174083.44,0,2026-09-18T09:15:00Z,2026-09-19T11:44:46Z,2026-10-03T05:30:00Z,,no,Sara Saito,structured,,,,True,2026-09-19T16:07:40+00:00
kalshi,KXATPCHALLENGERMATCH-26SEP19KOTTOM-KOT,https://kalshi.com/markets/kxatpchallengermatch/challenger-atp,https://kalshi.com/markets/kxatpchallengermatch/challenger-atp/kxatpchallengermatch-26sep19kottom,Pavel Kotov wins,Pavel Kotov,KXATPCHALLENGERMATCH-26SEP19KOTTOM,Kotov vs Tomic,KXATPCHALLENGERMATCH,Challenger ATP ,Sports,"[""Tennis""]",settled,binary,0,1,0.99,0.99,0.01,0.99,1,428237.96,428237.96,295443.38,0,2026-09-18T22:50:00Z,2026-09-19T14:00:16Z,2026-10-03T10:40:00Z,,yes,Pavel Kotov,structured,,,,True,2026-09-19T16:07:37+00:00
kalshi,KXBTCD-26SEP1902-T80999.99,https://kalshi.com/markets/kxbtcd/bitcoin-price-above-below,https://kalshi.com/markets/kxbtcd/bitcoin-price-above-below/kxbtcd-26sep1902,"Bitcoin price on Sep 19, 2026?","$81,000 or above",KXBTCD-26SEP1902,"BTC price on Sep 19, 2026 at 2am EDT?",KXBTCD,Bitcoin price Above/below,Crypto,"[""Hourly"", ""BTC""]",settled,binary,0,1,0.99,0.99,0.01,0.99,1,427465.46,427465.46,87526.76,0,2026-09-19T05:00:00Z,2026-09-19T06:00:00Z,2026-09-26T06:00:00Z,,yes,81012.89,greater,80999.99,,BRTI,True,2026-09-19T16:07:55+00:00
kalshi,KXITFMATCH-26SEP18SARSCH-SCH,https://kalshi.com/markets/kxitfmatch/itf-men-s-match,https://kalshi.com/markets/kxitfmatch/itf-men-s-match/kxitfmatch-26sep18sarsch,Gabriel Schenekenberg wins,Gabriel Schenekenberg,KXITFMATCH-26SEP18SARSCH,Saraiva Dos Santos vs Schenekenberg,KXITFMATCH,ITF Men's Match,Sports,"[""Tennis""]",settled,binary,0,1,0.01,0.01,0.99,0.01,1,427513.07,427259.94,245373.79,0,2026-09-18T04:11:00Z,2026-09-18T21:30:15Z,2026-10-02T20:00:00Z,,no,Paulo Andre Saraiva Dos Santos,structured,,,,True,2026-09-19T16:08:30+00:00
kalshi,KXBTCD-26SEP1814-T80799.99,https://kalshi.com/markets/kxbtcd/bitcoin-price-above-below,https://kalshi.com/markets/kxbtcd/bitcoin-price-above-below/kxbtcd-26sep1814,"Bitcoin price on Sep 18, 2026?","$80,800 or above",KXBTCD-26SEP1814,"BTC price on Sep 18, 2026 at 2pm EDT?",KXBTCD,Bitcoin price Above/below,Crypto,"[""Hourly"", ""BTC""]",settled,binary,0,1,0.99,0.99,0.01,0.99,1,427055.55,427055.55,94467.74,0,2026-09-18T17:00:00Z,2026-09-18T18:00:00Z,2026-09-25T18:00:00Z,,yes,80984.20,greater,80799.99,,BRTI,True,2026-09-19T16:08:42+00:00
kalshi,KXATPCHALLENGERMATCH-26SEP19SCHMAY-MAY,https://kalshi.com/markets/kxatpchallengermatch/challenger-atp,https://kalshi.com/markets/kxatpchallengermatch/challenger-atp/kxatpchallengermatch-26sep19schmay,Harold Mayot wins,Harold Mayot,KXATPCHALLENGERMATCH-26SEP19SCHMAY,Schoolkate vs Mayot,KXATPCHALLENGERMATCH,Challenger ATP ,Sports,"[""Tennis""]",settled,binary,0,1,0.99,0.99,0.01,0.99,1,426498.96,426498.96,339179.79,0,2026-09-18T23:40:00Z,2026-09-19T13:04:54Z,2026-10-03T11:30:00Z,,yes,Harold Mayot,structured,,,,True,2026-09-19T16:07:38+00:00
kalshi,KXBTCD-26SEP1903-T80999.99,https://kalshi.com/markets/kxbtcd/bitcoin-price-above-below,https://kalshi.com/markets/kxbtcd/bitcoin-price-above-below/kxbtcd-26sep1903,"Bitcoin price on Sep 19, 2026?","$81,000 or above",KXBTCD-26SEP1903,"BTC price on Sep 19, 2026 at 3am EDT?",KXBTCD,Bitcoin price Above/below,Crypto,"[""Hourly"", ""BTC""]",settled,binary,0,1,0.99,0.99,0.01,0.99,1,420957.91,420957.91,69974.9,0,2026-09-19T06:00:00Z,2026-09-19T07:00:00Z,2026-09-26T07:00:00Z,,yes,81013.63,greater,80999.99,,BRTI,True,2026-09-19T16:07:52+00:00
kalshi,KXWTAMATCH-26SEP18DESOKA-DES,https://kalshi.com/markets/kxwtamatch/wta-tennis-match,https://kalshi.com/markets/kxwtamatch/wta-tennis-match/kxwtamatch-26sep18desoka,Eva Marie Desvignes wins,Eva Marie Desvignes,KXWTAMATCH-26SEP18DESOKA,Desvignes vs Okamura,KXWTAMATCH,WTA Tennis Match,Sports,"[""Tennis""]",settled,binary,0,1,0.01,0.01,0.99,0.01,1,421056.12,420922.05,162482.97,0,2026-09-18T09:45:00Z,2026-09-19T09:20:24Z,2026-10-03T03:00:00Z,,no,Kyoka Okamura,structured,,,,True,2026-09-19T16:07:44+00:00
kalshi,KXBUNDESLIGAGAME-26SEP18BMUUNI-TIE,https://kalshi.com/markets/kxbundesligagame/bundesliga-game,https://kalshi.com/markets/kxbundesligagame/bundesliga-game/kxbundesligagame-26sep18bmuuni,Tie is the result,Tie,KXBUNDESLIGAGAME-26SEP18BMUUNI,Bayern Munich vs Union Berlin,KXBUNDESLIGAGAME,Bundesliga Game,Sports,"[""Soccer""]",settled,binary,0,1,0.01,0.01,0.99,0.01,1,838552.03,420052.84,703345.28,0,2026-09-04T00:35:00Z,2026-09-18T20:28:19Z,2026-09-21T00:30:00Z,,no,Bayern Munich,structured,,,,True,2026-09-19T16:08:32+00:00
kalshi,KXGOLD15M-26SEP181245-45,https://kalshi.com/markets/kxgold15m/gold-15-minute,https://kalshi.com/markets/kxgold15m/gold-15-minute/kxgold15m-26sep181245,Gold price up in next 15 mins?,"Target Price: $4,377.80",KXGOLD15M-26SEP181245,"Gold 15 min · $4,377.80 target",KXGOLD15M,Gold 15-minute,Commodities,"[""Metals""]",settled,binary,0,1,0.999,0.999,0.001,0.999,1,418275.16,418275.16,114474.99,0,2026-09-18T16:30:00Z,2026-09-18T16:45:00Z,2026-09-25T16:45:00Z,,yes,4378.17,greater_or_equal,4377.8,,,True,2026-09-19T16:08:45+00:00
kalshi,KXITFMATCH-26SEP19BERHUR-HUR,https://kalshi.com/markets/kxitfmatch/itf-men-s-match,https://kalshi.com/markets/kxitfmatch/itf-men-s-match/kxitfmatch-26sep19berhur,Millen Hurrion wins,Millen Hurrion,KXITFMATCH-26SEP19BERHUR,Bertimon vs Hurrion,KXITFMATCH,ITF Men's Match,Sports,"[""Tennis""]",settled,binary,0,1,0.01,0.01,0.99,0.01,1,415079.55,415079.55,177763.03,0,2026-09-18T15:21:00Z,2026-09-19T08:30:09Z,2026-10-03T06:00:00Z,,no,Charles Bertimon,structured,,,,True,2026-09-19T16:07:47+00:00
kalshi,KXWTAMATCH-26SEP18FRIKRA-KRA,https://kalshi.com/markets/kxwtamatch/wta-tennis-match,https://kalshi.com/markets/kxwtamatch/wta-tennis-match/kxwtamatch-26sep18frikra,Desirae Krawczyk wins,Desirae Krawczyk,KXWTAMATCH-26SEP18FRIKRA,Friedsam vs Krawczyk,KXWTAMATCH,WTA Tennis Match,Sports,"[""Tennis""]",settled,binary,0,1,0.01,0.01,0.99,0.01,1,413082.26,413082.26,259659.05,0,2026-09-18T09:45:00Z,2026-09-19T04:35:00Z,2026-10-03T03:00:00Z,,no,Anna-Lena Friedsam,structured,,,,True,2026-09-19T16:08:00+00:00
kalshi,KXNCAAFTOTAL-26SEP18HOUTTU-59,https://kalshi.com/markets/kxncaaftotal/college-football-total-points,https://kalshi.com/markets/kxncaaftotal/college-football-total-points/kxncaaftotal-26sep18houttu,Over 58.5 points scored,Over 58.5 points scored,KXNCAAFTOTAL-26SEP18HOUTTU,Houston vs Texas Tech: Total Points,KXNCAAFTOTAL,College Football Total Points,Sports,"[""Football""]",settled,binary,0,1,0.01,0.01,0.99,0.01,1,413228.8,412913.39,216364.79,0,2026-09-12T01:07:00Z,2026-09-19T03:34:34Z,2026-09-21T00:00:00Z,,no,54,greater,58.5,,,True,2026-09-19T16:08:05+00:00
kalshi,KXBTCD-26SEP1906-T81299.99,https://kalshi.com/markets/kxbtcd/bitcoin-price-above-below,https://kalshi.com/markets/kxbtcd/bitcoin-price-above-below/kxbtcd-26sep1906,"Bitcoin price on Sep 19, 2026?","$81,300 or above",KXBTCD-26SEP1906,"BTC price on Sep 19, 2026 at 6am EDT?",KXBTCD,Bitcoin price Above/below,Crypto,"[""Hourly"", ""BTC""]",settled,binary,0,1,0.99,0.99,0.01,0.99,1,410809.81,410809.81,60876.08,0,2026-09-19T09:00:00Z,2026-09-19T10:00:00Z,2026-09-26T10:00:00Z,,yes,81311.36,greater,81299.99,,BRTI,True,2026-09-19T16:07:44+00:00
kalshi,KXBTCD-26SEP1900-T81099.99,https://kalshi.com/markets/kxbtcd/bitcoin-price-above-below,https://kalshi.com/markets/kxbtcd/bitcoin-price-above-below/kxbtcd-26sep1900,"Bitcoin price on Sep 19, 2026?","$81,100 or above",KXBTCD-26SEP1900,"BTC price on Sep 19, 2026 at 12am EDT?",KXBTCD,Bitcoin price Above/below,Crypto,"[""Hourly"", ""BTC""]",settled,binary,0,1,0.99,0.99,0.01,0.99,1,409110.15,409110.15,130413.41,0,2026-09-19T03:00:00Z,2026-09-19T04:00:00Z,2026-09-26T04:00:00Z,,yes,81105.69,greater,81099.99,,BRTI,True,2026-09-19T16:08:03+00:00
kalshi,KXBTCD-26SEP1813-T80999.99,https://kalshi.com/markets/kxbtcd/bitcoin-price-above-below,https://kalshi.com/markets/kxbtcd/bitcoin-price-above-below/kxbtcd-26sep1813,"Bitcoin price on Sep 18, 2026?","$81,000 or above",KXBTCD-26SEP1813,"BTC price on Sep 18, 2026 at 1pm EDT?",KXBTCD,Bitcoin price Above/below,Crypto,"[""Hourly"", ""BTC""]",settled,binary,0,1,0.01,0.01,0.99,0.01,1,409009.69,409009.69,114852.88,0,2026-09-18T16:00:00Z,2026-09-18T17:00:00Z,2026-09-25T17:00:00Z,,no,80828.52,greater,80999.99,,BRTI,True,2026-09-19T16:08:45+00:00
kalshi,KXATPCHALLENGERMATCH-26SEP18SAIKOL-KOL,https://kalshi.com/markets/kxatpchallengermatch/challenger-atp,https://kalshi.com/markets/kxatpchallengermatch/challenger-atp/kxatpchallengermatch-26sep18saikol,Zdenek Kolar wins,Zdenek Kolar,KXATPCHALLENGERMATCH-26SEP18SAIKOL,Sanchez Izquierdo vs Kolar,KXATPCHALLENGERMATCH,Challenger ATP ,Sports,"[""Tennis""]",settled,binary,0,1,0.01,0.01,0.99,0.01,1,571307.51,408416.53,336884.75,0,2026-09-18T03:10:00Z,2026-09-18T16:54:57Z,2026-10-02T15:00:00Z,,no,Nikolas Sanchez Izquierdo,structured,,,,True,2026-09-19T16:08:45+00:00
kalshi,KXSERIEAGAME-26SEP19UDICAG-UDI,https://kalshi.com/markets/kxserieagame/serie-a-game,https://kalshi.com/markets/kxserieagame/serie-a-game/kxserieagame-26sep19udicag,Udinese wins,Udinese,KXSERIEAGAME-26SEP19UDICAG,Udinese vs Cagliari,KXSERIEAGAME,Serie A Game,Sports,"[""Soccer""]",settled,binary,0,1,0.01,0.01,0.99,0.01,1,404778.54,403615.11,235467.26,0,2026-09-05T00:45:00Z,2026-09-19T15:06:14Z,2026-09-21T19:00:00Z,,no,Cagliari,structured,,,,True,2026-09-19T16:07:35+00:00
kalshi,KXBTCD-26SEP1823-T81399.99,https://kalshi.com/markets/kxbtcd/bitcoin-price-above-below,https://kalshi.com/markets/kxbtcd/bitcoin-price-above-below/kxbtcd-26sep1823,"Bitcoin price on Sep 18, 2026?","$81,400 or above",KXBTCD-26SEP1823,"BTC price on Sep 18, 2026 at 11pm EDT?",KXBTCD,Bitcoin price Above/below,Crypto,"[""Hourly"", ""BTC""]",settled,binary,0,1,0.01,0.01,0.99,0.01,1,402825.75,402825.75,129170.05,0,2026-09-19T02:00:00Z,2026-09-19T03:00:00Z,2026-09-26T03:00:00Z,,no,81268.21,greater,81399.99,,BRTI,True,2026-09-19T16:08:11+00:00
kalshi,KXBTCD-26SEP1905-T81299.99,https://kalshi.com/markets/kxbtcd/bitcoin-price-above-below,https://kalshi.com/markets/kxbtcd/bitcoin-price-above-below/kxbtcd-26sep1905,"Bitcoin price on Sep 19, 2026?","$81,300 or above",KXBTCD-26SEP1905,"BTC price on Sep 19, 2026 at 5am EDT?",KXBTCD,Bitcoin price Above/below,Crypto,"[""Hourly"", ""BTC""]",settled,binary,0,1,0.01,0.01,0.99,0.01,1,402620.5,402620.5,41572.52,0,2026-09-19T08:00:00Z,2026-09-19T09:00:00Z,2026-09-26T09:00:00Z,,no,81286.80,greater,81299.99,,BRTI,True,2026-09-19T16:07:46+00:00
kalshi,KXATPCHALLENGERDOUBLES-26SEP18LAMWITCASSEG-CASSEG,https://kalshi.com/markets/kxatpchallengerdoubles/atp-challenger-doubles-match,https://kalshi.com/markets/kxatpchallengerdoubles/atp-challenger-doubles-match/kxatpchallengerdoubles-26sep18lamwitcasseg,Robert Cash / Ryan Seggerman wins,Robert Cash / Ryan Seggerman,KXATPCHALLENGERDOUBLES-26SEP18LAMWITCASSEG,Lammons / Withrow vs Cash / Seggerman,KXATPCHALLENGERDOUBLES,ATP Challenger Doubles Match,Sports,"[""Tennis""]",settled,binary,0,1,0.01,0.01,0.99,0.01,1,402102.59,402102.59,209032.6,0,2026-09-18T08:10:00Z,2026-09-18T22:10:04Z,2026-10-02T20:00:00Z,,no,Nathaniel Lammons / Jackson Withrow,structured,,,,True,2026-09-19T16:08:27+00:00
kalshi,KXBTCD-26SEP1912-T81799.99,https://kalshi.com/markets/kxbtcd/bitcoin-price-above-below,https://kalshi.com/markets/kxbtcd/bitcoin-price-above-below/kxbtcd-26sep1912,"Bitcoin price on Sep 19, 2026?","$81,800 or above",KXBTCD-26SEP1912,"BTC price on Sep 19, 2026 at 12pm EDT?",KXBTCD,Bitcoin price Above/below,Crypto,"[""Hourly"", ""BTC""]",settled,binary,0,1,0.01,0.01,0.99,0.01,1,401633.05,401633.05,72578.35,0,2026-09-19T15:00:00Z,2026-09-19T16:00:00Z,2026-09-26T16:00:00Z,,no,81603.44,greater,81799.99,,BRTI,True,2026-09-19T16:07:35+00:00
kalshi,KXCZEFNLGAME-26SEP181SKDUK-1SK,https://kalshi.com/markets/kxczefnlgame/czech-national-football-league-game,https://kalshi.com/markets/kxczefnlgame/czech-national-football-league-game/kxczefnlgame-26sep181skduk,Prostejov wins,Prostejov,KXCZEFNLGAME-26SEP181SKDUK,Prostejov vs Dukla Prague,KXCZEFNLGAME,Czech National Football League Game,Sports,"[""Soccer""]",settled,binary,0,1,0.01,0.01,0.99,0.01,1,403318.58,401461.5,142065.59,0,2026-09-14T00:38:00Z,2026-09-18T18:07:50Z,2026-09-20T16:00:00Z,,no,Tie,structured,,,,True,2026-09-19T16:08:39+00:00
kalshi,KXGOLD15M-26SEP181345-45,https://kalshi.com/markets/kxgold15m/gold-15-minute,https://kalshi.com/markets/kxgold15m/gold-15-minute/kxgold15m-26sep181345,Gold price up in next 15 mins?,"Target Price: $4,387.12",KXGOLD15M-26SEP181345,"Gold 15 min · $4,387.12 target",KXGOLD15M,Gold 15-minute,Commodities,"[""Metals""]",settled,binary,0,1,0.999,0.999,0.001,0.999,1,399188.16,399188.16,161521.25,0,2026-09-18T17:30:00Z,2026-09-18T17:45:00Z,2026-09-25T17:45:00Z,,yes,4393.41,greater_or_equal,4387.12,,,True,2026-09-19T16:08:42+00:00
kalshi,KXGOLD15M-26SEP181530-30,https://kalshi.com/markets/kxgold15m/gold-15-minute,https://kalshi.com/markets/kxgold15m/gold-15-minute/kxgold15m-26sep181530,Gold price up in next 15 mins?,"Target Price: $4,384.38",KXGOLD15M-26SEP181530,"Gold 15 min · $4,384.38 target",KXGOLD15M,Gold 15-minute,Commodities,"[""Metals""]",settled,binary,0,1,0.001,0.001,0.999,0.001,1,398543.65,398543.65,218137.84,0,2026-09-18T19:15:00Z,2026-09-18T19:30:00Z,2026-09-25T19:30:00Z,,no,4380.66,greater_or_equal,4384.38,,,True,2026-09-19T16:08:36+00:00
kalshi,KXBTCD-26SEP1819-T81299.99,https://kalshi.com/markets/kxbtcd/bitcoin-price-above-below,https://kalshi.com/markets/kxbtcd/bitcoin-price-above-below/kxbtcd-26sep1819,"Bitcoin price on Sep 18, 2026?","$81,300 or above",KXBTCD-26SEP1819,"BTC price on Sep 18, 2026 at 7pm EDT?",KXBTCD,Bitcoin price Above/below,Crypto,"[""Hourly"", ""BTC""]",settled,binary,0,1,0.01,0.01,0.99,0.01,1,398143.42,398143.42,97547.87,0,2026-09-18T22:00:00Z,2026-09-18T23:00:00Z,2026-09-25T23:00:00Z,,no,81141.05,greater,81299.99,,BRTI,True,2026-09-19T16:08:27+00:00
kalshi,KXNCAAFTOTAL-26SEP18HOUTTU-55,https://kalshi.com/markets/kxncaaftotal/college-football-total-points,https://kalshi.com/markets/kxncaaftotal/college-football-total-points/kxncaaftotal-26sep18houttu,Over 54.5 points scored,Over 54.5 points scored,KXNCAAFTOTAL-26SEP18HOUTTU,Houston vs Texas Tech: Total Points,KXNCAAFTOTAL,College Football Total Points,Sports,"[""Football""]",settled,binary,0,1,0.01,0.01,0.99,0.01,1,396546.6,395700.59,182929.17,0,2026-09-12T01:07:00Z,2026-09-19T03:34:34Z,2026-09-21T00:00:00Z,,no,54,greater,54.5,,,True,2026-09-19T16:08:05+00:00
kalshi,KXWTAMATCH-26SEP18HIBKAI-KAI,https://kalshi.com/markets/kxwtamatch/wta-tennis-match,https://kalshi.com/markets/kxwtamatch/wta-tennis-match/kxwtamatch-26sep18hibkai,Kai Ning Chanya Ng wins,Kai Ning Chanya Ng,KXWTAMATCH-26SEP18HIBKAI,Hibino vs Ng,KXWTAMATCH,WTA Tennis Match,Sports,"[""Tennis""]",settled,binary,0,1,0.01,0.01,0.99,0.01,1,395956.88,395552.88,233661.13,0,2026-09-18T09:45:00Z,2026-09-19T06:00:17Z,2026-10-03T03:00:00Z,,no,Nao Hibino,structured,,,,True,2026-09-19T16:07:53+00:00
kalshi,KXBTCD-26SEP1911-T81399.99,https://kalshi.com/markets/kxbtcd/bitcoin-price-above-below,https://kalshi.com/markets/kxbtcd/bitcoin-price-above-below/kxbtcd-26sep1911,"Bitcoin price on Sep 19, 2026?","$81,400 or above",KXBTCD-26SEP1911,"BTC price on Sep 19, 2026 at 11am EDT?",KXBTCD,Bitcoin price Above/below,Crypto,"[""Hourly"", ""BTC""]",settled,binary,0,1,0.99,0.99,0.01,0.99,1,394992.23,394992.23,89952.44,0,2026-09-19T14:00:00Z,2026-09-19T15:00:00Z,2026-09-26T15:00:00Z,,yes,81545.93,greater,81399.99,,BRTI,True,2026-09-19T16:07:36+00:00
kalshi,KXBTCD-26SEP1910-T81299.99,https://kalshi.com/markets/kxbtcd/bitcoin-price-above-below,https://kalshi.com/markets/kxbtcd/bitcoin-price-above-below/kxbtcd-26sep1910,"Bitcoin price on Sep 19, 2026?","$81,300 or above",KXBTCD-26SEP1910,"BTC price on Sep 19, 2026 at 10am EDT?",KXBTCD,Bitcoin price Above/below,Crypto,"[""Hourly"", ""BTC""]",settled,binary,0,1,0.99,0.99,0.01,0.99,1,392170.16,392170.16,60369.9,0,2026-09-19T13:00:00Z,2026-09-19T14:00:00Z,2026-09-26T14:00:00Z,,yes,81328.30,greater,81299.99,,BRTI,True,2026-09-19T16:07:37+00:00
kalshi,KXITFWMATCH-26SEP18GARCAT-CAT,https://kalshi.com/markets/kxitfwmatch/itf-women-s-match,https://kalshi.com/markets/kxitfwmatch/itf-women-s-match/kxitfwmatch-26sep18garcat,Ava Catanzarite wins,Ava Catanzarite,KXITFWMATCH-26SEP18GARCAT,Garcia Vidal vs Catanzarite,KXITFWMATCH,ITF Women's Match,Sports,"[""Tennis""]",settled,binary,0,1,0.99,0.99,0.01,0.99,1,396669.22,388009.97,261505.57,0,2026-09-17T22:41:00Z,2026-09-18T17:34:52Z,2026-10-02T14:30:00Z,,yes,Ava Catanzarite,structured,,,,True,2026-09-19T16:08:42+00:00
kalshi,KXBUNDESLIGAGAME-26SEP19BMGM05-M05,https://kalshi.com/markets/kxbundesligagame/bundesliga-game,https://kalshi.com/markets/kxbundesligagame/bundesliga-game/kxbundesligagame-26sep19bmgm05,Mainz wins,Mainz,KXBUNDESLIGAGAME-26SEP19BMGM05,M´gladbach vs Mainz,KXBUNDESLIGAGAME,Bundesliga Game,Sports,"[""Soccer""]",settled,binary,0,1,0.99,0.99,0.01,0.99,1,389153.01,387975.61,147830.98,0,2026-09-05T00:39:00Z,2026-09-19T15:54:31Z,2026-09-21T19:30:00Z,,yes,Mainz,structured,,,,True,2026-09-19T16:07:35+00:00
kalshi,KXGOLD15M-26SEP181430-30,https://kalshi.com/markets/kxgold15m/gold-15-minute,https://kalshi.com/markets/kxgold15m/gold-15-minute/kxgold15m-26sep181430,Gold price up in next 15 mins?,"Target Price: $4,392.22",KXGOLD15M-26SEP181430,"Gold 15 min · $4,392.22 target",KXGOLD15M,Gold 15-minute,Commodities,"[""Metals""]",settled,binary,0,1,0.001,0.001,0.999,0.001,1,387795.6,387795.6,169389.85,0,2026-09-18T18:15:00Z,2026-09-18T18:30:00Z,2026-09-25T18:30:00Z,,no,4390.79,greater_or_equal,4392.22,,,True,2026-09-19T16:08:39+00:00
kalshi,KXGOLD15M-26SEP181700-00,https://kalshi.com/markets/kxgold15m/gold-15-minute,https://kalshi.com/markets/kxgold15m/gold-15-minute/kxgold15m-26sep181700,Gold price up in next 15 mins?,"Target Price: $4,380.91",KXGOLD15M-26SEP181700,"Gold 15 min · $4,380.91 target",KXGOLD15M,Gold 15-minute,Commodities,"[""Metals""]",settled,binary,0,1,0.001,0.001,0.999,0.001,1,386904.85,386904.85,204889.8,0,2026-09-18T20:45:00Z,2026-09-18T21:00:00Z,2026-09-25T21:00:00Z,,no,4378.04,greater_or_equal,4380.91,,,True,2026-09-19T16:08:31+00:00
kalshi,KXBTCD-26SEP1907-T81199.99,https://kalshi.com/markets/kxbtcd/bitcoin-price-above-below,https://kalshi.com/markets/kxbtcd/bitcoin-price-above-below/kxbtcd-26sep1907,"Bitcoin price on Sep 19, 2026?","$81,200 or above",KXBTCD-26SEP1907,"BTC price on Sep 19, 2026 at 7am EDT?",KXBTCD,Bitcoin price Above/below,Crypto,"[""Hourly"", ""BTC""]",settled,binary,0,1,0.01,0.01,0.99,0.01,1,385468.72,385468.72,66096.58,0,2026-09-19T10:00:00Z,2026-09-19T11:00:00Z,2026-09-26T11:00:00Z,,no,81192.74,greater,81199.99,,BRTI,True,2026-09-19T16:07:41+00:00
kalshi,KXGOLD15M-26SEP181315-15,https://kalshi.com/markets/kxgold15m/gold-15-minute,https://kalshi.com/markets/kxgold15m/gold-15-minute/kxgold15m-26sep181315,Gold price up in next 15 mins?,"Target Price: $4,382.79",KXGOLD15M-26SEP181315,"Gold 15 min · $4,382.79 target",KXGOLD15M,Gold 15-minute,Commodities,"[""Metals""]",settled,binary,0,1,0.999,0.999,0.001,0.999,1,381792.1,381792.1,130362.31,0,2026-09-18T17:00:00Z,2026-09-18T17:15:00Z,2026-09-25T17:15:00Z,,yes,4385.57,greater_or_equal,4382.79,,,True,2026-09-19T16:08:42+00:00
kalshi,KXSERIEAGAME-26SEP19BFCTOR-BFC,https://kalshi.com/markets/kxserieagame/serie-a-game,https://kalshi.com/markets/kxserieagame/serie-a-game/kxserieagame-26sep19bfctor,Bologna wins,Bologna,KXSERIEAGAME-26SEP19BFCTOR,Bologna vs Torino,KXSERIEAGAME,Serie A Game,Sports,"[""Soccer""]",settled,binary,0,1,0.01,0.01,0.99,0.01,1,380283.18,379068.19,107767.35,0,2026-09-05T00:45:00Z,2026-09-19T15:15:41Z,2026-09-21T19:00:00Z,,no,Tie,structured,,,,True,2026-09-19T16:07:35+00:00
kalshi,KXLOLGAME-26SEP181100MKOINAVI-MKOI,https://kalshi.com/markets/kxlolgame/league-of-legends-game,https://kalshi.com/markets/kxlolgame/league-of-legends-game/kxlolgame-26sep181100mkoinavi,Movistar KOI wins,Movistar KOI,KXLOLGAME-26SEP181100MKOINAVI,Movistar KOI vs. Natus Vincere,KXLOLGAME,League of Legends Game,Sports,"[""Esports""]",settled,binary,0,1,0.99,0.99,0.01,0.99,1,606891.75,376870.78,406699.88,0,2026-09-15T00:05:00Z,2026-09-18T19:29:44Z,2026-09-20T15:00:00Z,,yes,Movistar KOI,structured,,,,True,2026-09-19T16:08:36+00:00
kalshi,KXMLBTOTAL-26SEP182215SFLAD-9,https://kalshi.com/markets/kxmlbtotal/pro-baseball-total-points,https://kalshi.com/markets/kxmlbtotal/pro-baseball-total-points/kxmlbtotal-26sep182215sflad,Over 8.5 runs scored,Over 8.5 runs scored,KXMLBTOTAL-26SEP182215SFLAD,San Francisco vs Los Angeles D: Total Runs,KXMLBTOTAL,Pro Baseball Total Points,Sports,"[""Baseball""]",settled,binary,0,1,0.99,0.99,0.01,0.99,1,378693.12,375444.39,175897.82,0,2026-09-17T19:10:00Z,2026-09-19T04:49:35Z,2026-09-22T02:15:00Z,,yes,10,greater,8.5,,,True,2026-09-19T16:08:00+00:00
kalshi,KXITFWMATCH-26SEP19YANEBE-YAN,https://kalshi.com/markets/kxitfwmatch/itf-women-s-match,https://kalshi.com/markets/kxitfwmatch/itf-women-s-match/kxitfwmatch-26sep19yanebe,Elizara Yaneva wins,Elizara Yaneva,KXITFWMATCH-26SEP19YANEBE,Yaneva vs Ebeling Koning,KXITFWMATCH,ITF Women's Match,Sports,"[""Tennis""]",settled,binary,0,1,0.99,0.99,0.01,0.99,1,375244.81,375244.81,149374.42,0,2026-09-18T15:11:00Z,2026-09-19T09:34:51Z,2026-10-03T07:00:00Z,,yes,Elizara Yaneva,structured,,,,True,2026-09-19T16:07:44+00:00
kalshi,KXNCAAFSPREAD-26SEP18HOUTTU-TTU5,https://kalshi.com/markets/kxncaafspread/college-football-spread,https://kalshi.com/markets/kxncaafspread/college-football-spread/kxncaafspread-26sep18houttu,Texas Tech wins by over 4.5 points,Texas Tech wins by over 4.5 points,KXNCAAFSPREAD-26SEP18HOUTTU,Houston vs Texas Tech: Spread,KXNCAAFSPREAD,College Football Spread,Sports,"[""Football""]",settled,binary,0,1,0.01,0.01,0.99,0.01,1,378311.69,374712.94,156995.31,0,2026-09-12T01:07:00Z,2026-09-19T03:34:34Z,2026-09-21T00:00:00Z,,no,2,greater,4.5,,,True,2026-09-19T16:08:05+00:00
kalshi,KXNCAAFTOTAL-26SEP18PRSTORE-73,https://kalshi.com/markets/kxncaaftotal/college-football-total-points,https://kalshi.com/markets/kxncaaftotal/college-football-total-points/kxncaaftotal-26sep18prstore,Over 72.5 points scored,Over 72.5 points scored,KXNCAAFTOTAL-26SEP18PRSTORE,Portland St. vs Oregon: Total Points,KXNCAAFTOTAL,College Football Total Points,Sports,"[""Football""]",settled,binary,0,1,0.99,0.99,0.01,0.99,1,379465.38,373040.97,201877.45,0,2026-09-14T16:05:00Z,2026-09-19T05:54:39Z,2026-09-21T02:30:00Z,,yes,84,greater,72.5,,,True,2026-09-19T16:07:55+00:00
kalshi,KXGOLD15M-26SEP181545-45,https://kalshi.com/markets/kxgold15m/gold-15-minute,https://kalshi.com/markets/kxgold15m/gold-15-minute/kxgold15m-26sep181545,Gold price up in next 15 mins?,"Target Price: $4,380.66",KXGOLD15M-26SEP181545,"Gold 15 min · $4,380.66 target",KXGOLD15M,Gold 15-minute,Commodities,"[""Metals""]",settled,binary,0,1,0.999,0.999,0.001,0.999,1,372856.56,372856.56,99586.55,0,2026-09-18T19:30:00Z,2026-09-18T19:45:00Z,2026-09-25T19:45:00Z,,yes,4381.43,greater_or_equal,4380.66,,,True,2026-09-19T16:08:36+00:00
kalshi,KXWTAMATCH-26SEP18ZHAYEX-ZHA,https://kalshi.com/markets/kxwtamatch/wta-tennis-match,https://kalshi.com/markets/kxwtamatch/wta-tennis-match/kxwtamatch-26sep18zhayex,Carol Zhao wins,Carol Zhao,KXWTAMATCH-26SEP18ZHAYEX,Zhao vs Ma,KXWTAMATCH,WTA Tennis Match,Sports,"[""Tennis""]",settled,binary,0,1,0.01,0.01,0.99,0.01,1,370500,370500,215526.35,0,2026-09-18T09:15:00Z,2026-09-19T06:40:02Z,2026-10-03T03:10:00Z,,no,Yexin Ma,structured,,,,True,2026-09-19T16:07:53+00:00
kalshi,KXBUNDESLIGATOTAL-26SEP18BMUUNI-6,https://kalshi.com/markets/kxbundesligatotal/bundesliga-total,https://kalshi.com/markets/kxbundesligatotal/bundesliga-total/kxbundesligatotal-26sep18bmuuni,Will over 5.5 goals be scored?,Over 5.5 goals scored,KXBUNDESLIGATOTAL-26SEP18BMUUNI,Bayern Munich vs Union Berlin: Total Goals,KXBUNDESLIGATOTAL,Bundesliga Total,Sports,"[""Soccer""]",settled,binary,0,1,0.99,0.99,0.01,0.99,1,407687.31,370453.98,214703.19,0,2026-09-11T19:06:00Z,2026-09-18T20:04:57Z,2026-09-20T18:30:00Z,,yes,7,greater,5.5,,,True,2026-09-19T16:08:32+00:00
kalshi,KXBTCD-26SEP1900-T81199.99,https://kalshi.com/markets/kxbtcd/bitcoin-price-above-below,https://kalshi.com/markets/kxbtcd/bitcoin-price-above-below/kxbtcd-26sep1900,"Bitcoin price on Sep 19, 2026?","$81,200 or above",KXBTCD-26SEP1900,"BTC price on Sep 19, 2026 at 12am EDT?",KXBTCD,Bitcoin price Above/below,Crypto,"[""Hourly"", ""BTC""]",settled,binary,0,1,0.01,0.01,0.99,0.01,1,368910.71,368910.71,114930.24,0,2026-09-19T03:00:00Z,2026-09-19T04:00:00Z,2026-09-26T04:00:00Z,,no,81105.69,greater,81199.99,,BRTI,True,2026-09-19T16:08:03+00:00
kalshi,KXBTCD-26SEP1821-T81199.99,https://kalshi.com/markets/kxbtcd/bitcoin-price-above-below,https://kalshi.com/markets/kxbtcd/bitcoin-price-above-below/kxbtcd-26sep1821,"Bitcoin price on Sep 18, 2026?","$81,200 or above",KXBTCD-26SEP1821,"BTC price on Sep 18, 2026 at 9pm EDT?",KXBTCD,Bitcoin price Above/below,Crypto,"[""Hourly"", ""BTC""]",settled,binary,0,1,0.99,0.99,0.01,0.99,1,361721.45,361721.45,68795.38,0,2026-09-19T00:00:00Z,2026-09-19T01:00:00Z,2026-09-26T01:00:00Z,,yes,81620.47,greater,81199.99,,BRTI,True,2026-09-19T16:08:20+00:00
kalshi,KXITFWMATCH-26SEP19TUPKUZ-TUP,https://kalshi.com/markets/kxitfwmatch/itf-women-s-match,https://kalshi.com/markets/kxitfwmatch/itf-women-s-match/kxitfwmatch-26sep19tupkuz,Ekaterina Tupitsyna wins,Ekaterina Tupitsyna,KXITFWMATCH-26SEP19TUPKUZ,Tupitsyna vs Kuzmova,KXITFWMATCH,ITF Women's Match,Sports,"[""Tennis""]",settled,binary,0,1,0.99,0.99,0.01,0.99,1,360112.24,360112.24,140344.09,0,2026-09-18T15:21:00Z,2026-09-19T09:10:04Z,2026-10-03T06:00:00Z,,yes,Ekaterina Tupitsyna,structured,,,,True,2026-09-19T16:07:44+00:00
kalshi,KXGOLD15M-26SEP181230-30,https://kalshi.com/markets/kxgold15m/gold-15-minute,https://kalshi.com/markets/kxgold15m/gold-15-minute/kxgold15m-26sep181230,Gold price up in next 15 mins?,"Target Price: $4,361.89",KXGOLD15M-26SEP181230,"Gold 15 min · $4,361.89 target",KXGOLD15M,Gold 15-minute,Commodities,"[""Metals""]",settled,binary,0,1,0.999,0.999,0.001,0.999,1,359350.82,359350.82,175063.89,0,2026-09-18T16:15:00Z,2026-09-18T16:30:00Z,2026-09-25T16:30:00Z,,yes,4377.80,greater_or_equal,4361.89,,,True,2026-09-19T16:08:45+00:00
kalshi,KXGOLD15M-26SEP181600-00,https://kalshi.com/markets/kxgold15m/gold-15-minute,https://kalshi.com/markets/kxgold15m/gold-15-minute/kxgold15m-26sep181600,Gold price up in next 15 mins?,"Target Price: $4,381.43",KXGOLD15M-26SEP181600,"Gold 15 min · $4,381.43 target",KXGOLD15M,Gold 15-minute,Commodities,"[""Metals""]",settled,binary,0,1,0.001,0.001,0.999,0.001,1,359090.26,359090.26,101957.48,0,2026-09-18T19:45:00Z,2026-09-18T20:00:00Z,2026-09-25T20:00:00Z,,no,4377.00,greater_or_equal,4381.43,,,True,2026-09-19T16:08:34+00:00
kalshi,KXNCAAF1QSPREAD-26SEP18MIAWAKE-MIA7,https://kalshi.com/markets/kxncaaf1qspread/college-football-1st-quarter-spread,https://kalshi.com/markets/kxncaaf1qspread/college-football-1st-quarter-spread/kxncaaf1qspread-26sep18miawake,Miami (FL) wins 1Q by over 6.5 points,Miami (FL) wins 1Q by over 6.5 points,KXNCAAF1QSPREAD-26SEP18MIAWAKE,Miami (FL) vs Wake Forest: 1st Quarter Spread,KXNCAAF1QSPREAD,College Football 1st Quarter Spread,Sports,"[""Football""]",settled,binary,0,1,0.01,0.01,0.99,0.01,1,410369.04,357491.16,303236.35,0,2026-09-16T00:25:00Z,2026-09-19T00:11:42Z,2026-09-20T23:30:00Z,,no,0,greater,6.5,,,True,2026-09-19T16:08:22+00:00
kalshi,KXWT20MATCH-26SEP190730RSAZIM-RSA,https://kalshi.com/markets/kxwt20match/women-s-t20-match,https://kalshi.com/markets/kxwt20match/women-s-t20-match/kxwt20match-26sep190730rsazim,South Africa wins,South Africa,KXWT20MATCH-26SEP190730RSAZIM,Zimbabwe vs South Africa,KXWT20MATCH,Women's T20 Match,Sports,"[""Cricket""]",settled,binary,0,1,0.99,0.99,0.01,0.99,1,362399.27,355186.7,134386.87,0,2026-09-05T00:10:00Z,2026-09-19T14:50:06Z,2026-09-21T15:30:00Z,,yes,South Africa,structured,,,,True,2026-09-19T16:07:37+00:00
kalshi,KXBTCD-26SEP1822-T81399.99,https://kalshi.com/markets/kxbtcd/bitcoin-price-above-below,https://kalshi.com/markets/kxbtcd/bitcoin-price-above-below/kxbtcd-26sep1822,"Bitcoin price on Sep 18, 2026?","$81,400 or above",KXBTCD-26SEP1822,"BTC price on Sep 18, 2026 at 10pm EDT?",KXBTCD,Bitcoin price Above/below,Crypto,"[""Hourly"", ""BTC""]",settled,binary,0,1,0.01,0.01,0.99,0.01,1,354690.25,354690.25,104611.13,0,2026-09-19T01:00:00Z,2026-09-19T02:00:00Z,2026-09-26T02:00:00Z,,no,81261.34,greater,81399.99,,BRTI,True,2026-09-19T16:08:16+00:00
kalshi,KXCS2GAME-26SEP190830FURIAMOUZ-FURIA,https://kalshi.com/markets/kxcs2game/counter-strike-2-game,https://kalshi.com/markets/kxcs2game/counter-strike-2-game/kxcs2game-26sep190830furiamouz,FURIA wins,FURIA,KXCS2GAME-26SEP190830FURIAMOUZ,FURIA vs. MOUZ,KXCS2GAME,Counter-Strike 2 Game,Sports,"[""Esports""]",settled,binary,0,1,0.99,0.99,0.01,0.99,1,354590.74,354590.74,175636.55,0,2026-09-18T21:35:00Z,2026-09-19T15:19:42Z,2026-09-21T12:30:00Z,,yes,FURIA,structured,,,,True,2026-09-19T16:07:35+00:00
kalshi,KXNCAAFTOTAL-26SEP18PRSTORE-76,https://kalshi.com/markets/kxncaaftotal/college-football-total-points,https://kalshi.com/markets/kxncaaftotal/college-football-total-points/kxncaaftotal-26sep18prstore,Over 75.5 points scored,Over 75.5 points scored,KXNCAAFTOTAL-26SEP18PRSTORE,Portland St. vs Oregon: Total Points,KXNCAAFTOTAL,College Football Total Points,Sports,"[""Football""]",settled,binary,0,1,0.99,0.99,0.01,0.99,1,356015.43,354346.45,167966.32,0,2026-09-14T16:05:00Z,2026-09-19T05:54:39Z,2026-09-21T02:30:00Z,,yes,84,greater,75.5,,,True,2026-09-19T16:07:55+00:00
kalshi,KXCS2GAME-26SEP190830FURIAMOUZ-MOUZ,https://kalshi.com/markets/kxcs2game/counter-strike-2-game,https://kalshi.com/markets/kxcs2game/counter-strike-2-game/kxcs2game-26sep190830furiamouz,MOUZ wins,MOUZ,KXCS2GAME-26SEP190830FURIAMOUZ,FURIA vs. MOUZ,KXCS2GAME,Counter-Strike 2 Game,Sports,"[""Esports""]",settled,binary,0,1,0.01,0.01,0.99,0.01,1,353527.02,353527.02,182976.75,0,2026-09-18T21:35:00Z,2026-09-19T15:19:42Z,2026-09-21T12:30:00Z,,no,FURIA,structured,,,,True,2026-09-19T16:07:35+00:00
kalshi,KXBUNDESLIGAGAME-26SEP19SGESCF-SCF,https://kalshi.com/markets/kxbundesligagame/bundesliga-game,https://kalshi.com/markets/kxbundesligagame/bundesliga-game/kxbundesligagame-26sep19sgescf,Freiburg wins,Freiburg,KXBUNDESLIGAGAME-26SEP19SGESCF,Frankfurt vs Freiburg,KXBUNDESLIGAGAME,Bundesliga Game,Sports,"[""Soccer""]",settled,binary,0,1,0.01,0.01,0.99,0.01,1,354275.63,352024.06,157608.13,0,2026-09-05T00:39:00Z,2026-09-19T15:35:17Z,2026-09-21T19:30:00Z,,no,Tie,structured,,,,True,2026-09-19T16:07:35+00:00
kalshi,KXGOLD15M-26SEP181445-45,https://kalshi.com/markets/kxgold15m/gold-15-minute,https://kalshi.com/markets/kxgold15m/gold-15-minute/kxgold15m-26sep181445,Gold price up in next 15 mins?,"Target Price: $4,390.79",KXGOLD15M-26SEP181445,"Gold 15 min · $4,390.79 target",KXGOLD15M,Gold 15-minute,Commodities,"[""Metals""]",settled,binary,0,1,0.001,0.001,0.999,0.001,1,351934.35,351934.35,219351.25,0,2026-09-18T18:30:00Z,2026-09-18T18:45:00Z,2026-09-25T18:45:00Z,,no,4381.17,greater_or_equal,4390.79,,,True,2026-09-19T16:08:39+00:00
kalshi,KXNCAAFTOTAL-26SEP18MIAWAKE-58,https://kalshi.com/markets/kxncaaftotal/college-football-total-points,https://kalshi.com/markets/kxncaaftotal/college-football-total-points/kxncaaftotal-26sep18miawake,Over 57.5 points scored,Over 57.5 points scored,KXNCAAFTOTAL-26SEP18MIAWAKE,Miami (FL) vs Wake Forest: Total Points,KXNCAAFTOTAL,College Football Total Points,Sports,"[""Football""]",settled,binary,0,1,0.01,0.01,0.99,0.01,1,425596.09,351625.45,206582.55,0,2026-09-12T01:07:00Z,2026-09-19T03:14:39Z,2026-09-20T23:30:00Z,,no,53,greater,57.5,,,True,2026-09-19T16:08:06+00:00
kalshi,KXBTCD-26SEP1901-T81099.99,https://kalshi.com/markets/kxbtcd/bitcoin-price-above-below,https://kalshi.com/markets/kxbtcd/bitcoin-price-above-below/kxbtcd-26sep1901,"Bitcoin price on Sep 19, 2026?","$81,100 or above",KXBTCD-26SEP1901,"BTC price on Sep 19, 2026 at 1am EDT?",KXBTCD,Bitcoin price Above/below,Crypto,"[""Hourly"", ""BTC""]",settled,binary,0,1,0.01,0.01,0.99,0.01,1,350254.85,350254.85,111508.46,0,2026-09-19T04:00:00Z,2026-09-19T05:00:00Z,2026-09-26T05:00:00Z,,no,80996.79,greater,81099.99,,BRTI,True,2026-09-19T16:07:58+00:00
kalshi,KXWTAMATCH-26SEP18WANKUL-WAN,https://kalshi.com/markets/kxwtamatch/wta-tennis-match,https://kalshi.com/markets/kxwtamatch/wta-tennis-match/kxwtamatch-26sep18wankul,Jiaqi Wang wins,Jiaqi Wang,KXWTAMATCH-26SEP18WANKUL,Wang vs Kulikova,KXWTAMATCH,WTA Tennis Match,Sports,"[""Tennis""]",settled,binary,0,1,0.01,0.01,0.99,0.01,1,346494.54,346494.54,156158.18,0,2026-09-18T09:45:00Z,2026-09-19T04:54:47Z,2026-10-03T03:00:00Z,,no,Anastasia Kulikova,structured,,,,True,2026-09-19T16:07:59+00:00
kalshi,KXDAVISCUPMATCH-26SEP18RUNRAD-RUN,https://kalshi.com/markets/kxdaviscupmatch/davis-cup-match,https://kalshi.com/markets/kxdaviscupmatch/davis-cup-match/kxdaviscupmatch-26sep18runrad,Holger Rune wins,Holger Rune,KXDAVISCUPMATCH-26SEP18RUNRAD,Rune vs Radulov,KXDAVISCUPMATCH,Davis Cup Match,Sports,"[""Tennis""]",settled,binary,0,1,0.99,0.99,0.01,0.99,1,353973.19,346211.45,199423.15,0,2026-09-17T11:45:00Z,2026-09-18T18:30:16Z,2026-10-02T08:00:00Z,,yes,Holger Rune,structured,,,,True,2026-09-19T16:08:39+00:00
kalshi,KXLALIGATOTAL-26SEP18ESPELC-5,https://kalshi.com/markets/kxlaligatotal/la-liga-total,https://kalshi.com/markets/kxlaligatotal/la-liga-total/kxlaligatotal-26sep18espelc,Will over 4.5 goals be scored?,Over 4.5 goals scored,KXLALIGATOTAL-26SEP18ESPELC,Espanyol vs Elche: Total Goals,KXLALIGATOTAL,La Liga Total,Sports,"[""Soccer""]",settled,binary,0,1,0.01,0.01,0.99,0.01,1,346100.38,345187.06,173109.27,0,2026-09-11T19:07:00Z,2026-09-18T21:07:02Z,2026-09-20T19:00:00Z,,no,4,greater,4.5,,,True,2026-09-19T16:08:30+00:00
kalshi,KXBTCD-26SEP1821-T81399.99,https://kalshi.com/markets/kxbtcd/bitcoin-price-above-below,https://kalshi.com/markets/kxbtcd/bitcoin-price-above-below/kxbtcd-26sep1821,"Bitcoin price on Sep 18, 2026?","$81,400 or above",KXBTCD-26SEP1821,"BTC price on Sep 18, 2026 at 9pm EDT?",KXBTCD,Bitcoin price Above/below,Crypto,"[""Hourly"", ""BTC""]",settled,binary,0,1,0.99,0.99,0.01,0.99,1,337981.79,337981.79,66045.22,0,2026-09-19T00:00:00Z,2026-09-19T01:00:00Z,2026-09-26T01:00:00Z,,yes,81620.47,greater,81399.99,,BRTI,True,2026-09-19T16:08:20+00:00
kalshi,KXGOLD15M-26SEP181300-00,https://kalshi.com/markets/kxgold15m/gold-15-minute,https://kalshi.com/markets/kxgold15m/gold-15-minute/kxgold15m-26sep181300,Gold price up in next 15 mins?,"Target Price: $4,378.17",KXGOLD15M-26SEP181300,"Gold 15 min · $4,378.17 target",KXGOLD15M,Gold 15-minute,Commodities,"[""Metals""]",settled,binary,0,1,0.999,0.999,0.001,0.999,1,335998.3,335998.3,131294.74,0,2026-09-18T16:45:00Z,2026-09-18T17:00:00Z,2026-09-25T17:00:00Z,,yes,4382.79,greater_or_equal,4378.17,,,True,2026-09-19T16:08:44+00:00
kalshi,KXDAVISCUPMATCH-26SEP19KECBUT-KEC,https://kalshi.com/markets/kxdaviscupmatch/davis-cup-match,https://kalshi.com/markets/kxdaviscupmatch/davis-cup-match/kxdaviscupmatch-26sep19kecbut,Miomir Kecmanovic wins,Miomir Kecmanovic,KXDAVISCUPMATCH-26SEP19KECBUT,Kecmanovic vs Butvilas,KXDAVISCUPMATCH,Davis Cup Match,Sports,"[""Tennis""]",settled,binary,0,1,0.99,0.99,0.01,0.99,1,335655.59,335655.59,202464.1,0,2026-09-18T12:06:00Z,2026-09-19T14:30:17Z,2026-10-03T12:00:00Z,,yes,Miomir Kecmanovic,structured,,,,True,2026-09-19T16:07:37+00:00
kalshi,KXBUNDESLIGAGAME-26SEP19SGESCF-SGE,https://kalshi.com/markets/kxbundesligagame/bundesliga-game,https://kalshi.com/markets/kxbundesligagame/bundesliga-game/kxbundesligagame-26sep19sgescf,Frankfurt wins,Frankfurt,KXBUNDESLIGAGAME-26SEP19SGESCF,Frankfurt vs Freiburg,KXBUNDESLIGAGAME,Bundesliga Game,Sports,"[""Soccer""]",settled,binary,0,1,0.01,0.01,0.99,0.01,1,335318.69,334529.43,183963.63,0,2026-09-05T00:39:00Z,2026-09-19T15:35:17Z,2026-09-21T19:30:00Z,,no,Tie,structured,,,,True,2026-09-19T16:07:35+00:00
kalshi,KXBTCD-26SEP1818-T81099.99,https://kalshi.com/markets/kxbtcd/bitcoin-price-above-below,https://kalshi.com/markets/kxbtcd/bitcoin-price-above-below/kxbtcd-26sep1818,"Bitcoin price on Sep 18, 2026?","$81,100 or above",KXBTCD-26SEP1818,"BTC price on Sep 18, 2026 at 6pm EDT?",KXBTCD,Bitcoin price Above/below,Crypto,"[""Hourly"", ""BTC""]",settled,binary,0,1,0.99,0.99,0.01,0.99,1,334264.5,334264.5,112489.96,0,2026-09-18T21:00:00Z,2026-09-18T22:00:00Z,2026-09-25T22:00:00Z,,yes,81223.68,greater,81099.99,,BRTI,True,2026-09-19T16:08:29+00:00
kalshi,KXWTAMATCH-26SEP18SHUJAN-JAN,https://kalshi.com/markets/kxwtamatch/wta-tennis-match,https://kalshi.com/markets/kxwtamatch/wta-tennis-match/kxwtamatch-26sep18shujan,Gaeul Jang wins,Gaeul Jang,KXWTAMATCH-26SEP18SHUJAN,Shubladze vs Jang,KXWTAMATCH,WTA Tennis Match,Sports,"[""Tennis""]",settled,binary,0,1,0.01,0.01,0.99,0.01,1,336188.45,333296.24,174927.27,0,2026-09-18T09:15:00Z,2026-09-19T03:20:05Z,2026-10-03T02:00:00Z,,no,Alexandra Shubladze,structured,,,,True,2026-09-19T16:08:06+00:00
kalshi,KXBTCD-26SEP1814-T80699.99,https://kalshi.com/markets/kxbtcd/bitcoin-price-above-below,https://kalshi.com/markets/kxbtcd/bitcoin-price-above-below/kxbtcd-26sep1814,"Bitcoin price on Sep 18, 2026?","$80,700 or above",KXBTCD-26SEP1814,"BTC price on Sep 18, 2026 at 2pm EDT?",KXBTCD,Bitcoin price Above/below,Crypto,"[""Hourly"", ""BTC""]",settled,binary,0,1,0.99,0.99,0.01,0.99,1,332868.69,332868.69,77011.69,0,2026-09-18T17:00:00Z,2026-09-18T18:00:00Z,2026-09-25T18:00:00Z,,yes,80984.20,greater,80699.99,,BRTI,True,2026-09-19T16:08:42+00:00
kalshi,KXITFWMATCH-26SEP18LUXSHI-SHI,https://kalshi.com/markets/kxitfwmatch/itf-women-s-match,https://kalshi.com/markets/kxitfwmatch/itf-women-s-match/kxitfwmatch-26sep18luxshi,Ena Shibahara wins,Ena Shibahara,KXITFWMATCH-26SEP18LUXSHI,Lu vs Shibahara,KXITFWMATCH,ITF Women's Match,Sports,"[""Tennis""]",settled,binary,0,1,0.01,0.01,0.99,0.01,1,332629.4,332609.93,191732.36,0,2026-09-18T10:11:00Z,2026-09-19T04:40:05Z,2026-10-03T02:00:00Z,,no,Jia-Jing Lu,structured,,,,True,2026-09-19T16:08:00+00:00
kalshi,KXITFMATCH-26SEP19MCHREC-REC,https://kalshi.com/markets/kxitfmatch/itf-men-s-match,https://kalshi.com/markets/kxitfmatch/itf-men-s-match/kxitfmatch-26sep19mchrec,Alexandre Reco wins,Alexandre Reco,KXITFMATCH-26SEP19MCHREC,Mchugh vs Reco,KXITFMATCH,ITF Men's Match,Sports,"[""Tennis""]",settled,binary,0,1,0.01,0.01,0.99,0.01,1,330453.26,330453.26,151106.33,0,2026-09-18T20:11:00Z,2026-09-19T14:29:54Z,2026-10-03T12:00:00Z,,no,Aidan Mchugh,structured,,,,True,2026-09-19T16:07:37+00:00
kalshi,KXSERIEAGAME-26SEP19BFCTOR-TOR,https://kalshi.com/markets/kxserieagame/serie-a-game,https://kalshi.com/markets/kxserieagame/serie-a-game/kxserieagame-26sep19bfctor,Torino wins,Torino,KXSERIEAGAME-26SEP19BFCTOR,Bologna vs Torino,KXSERIEAGAME,Serie A Game,Sports,"[""Soccer""]",settled,binary,0,1,0.01,0.01,0.99,0.01,1,331278.07,330014.34,140095.59,0,2026-09-05T00:45:00Z,2026-09-19T15:15:41Z,2026-09-21T19:00:00Z,,no,Tie,structured,,,,True,2026-09-19T16:07:35+00:00
kalshi,KXITFMATCH-26SEP18BINDEC-BIN,https://kalshi.com/markets/kxitfmatch/itf-men-s-match,https://kalshi.com/markets/kxitfmatch/itf-men-s-match/kxitfmatch-26sep18bindec,Victor Bini wins,Victor Bini,KXITFMATCH-26SEP18BINDEC,Bini vs De Carvalho Damazio,KXITFMATCH,ITF Men's Match,Sports,"[""Tennis""]",settled,binary,0,1,0.01,0.01,0.99,0.01,1,330026.04,329917.2,171281.14,0,2026-09-18T04:11:00Z,2026-09-18T22:45:00Z,2026-10-02T20:00:00Z,,no,Livas Eduardo De Carvalho Damazio,structured,,,,True,2026-09-19T16:08:27+00:00
kalshi,KXNCAAFTOTAL-26SEP18HOUTTU-56,https://kalshi.com/markets/kxncaaftotal/college-football-total-points,https://kalshi.com/markets/kxncaaftotal/college-football-total-points/kxncaaftotal-26sep18houttu,Over 55.5 points scored,Over 55.5 points scored,KXNCAAFTOTAL-26SEP18HOUTTU,Houston vs Texas Tech: Total Points,KXNCAAFTOTAL,College Football Total Points,Sports,"[""Football""]",settled,binary,0,1,0.01,0.01,0.99,0.01,1,328558.68,328212.49,172580.04,0,2026-09-12T01:07:00Z,2026-09-19T03:34:34Z,2026-09-21T00:00:00Z,,no,54,greater,55.5,,,True,2026-09-19T16:08:05+00:00
kalshi,KXGOLD15M-26SEP181615-15,https://kalshi.com/markets/kxgold15m/gold-15-minute,https://kalshi.com/markets/kxgold15m/gold-15-minute/kxgold15m-26sep181615,Gold price up in next 15 mins?,"Target Price: $4,377.00",KXGOLD15M-26SEP181615,"Gold 15 min · $4,377.00 target",KXGOLD15M,Gold 15-minute,Commodities,"[""Metals""]",settled,binary,0,1,0.999,0.999,0.001,0.999,1,326749.15,326749.15,121140.2,0,2026-09-18T20:00:00Z,2026-09-18T20:15:00Z,2026-09-25T20:15:00Z,,yes,4381.67,greater_or_equal,4377,,,True,2026-09-19T16:08:32+00:00
kalshi,KXEWSLGAME-26SEP18MCILFC-TIE,https://kalshi.com/markets/kxewslgame/england-women-s-super-league-game,https://kalshi.com/markets/kxewslgame/england-women-s-super-league-game/kxewslgame-26sep18mcilfc,Tie is the result,Tie,KXEWSLGAME-26SEP18MCILFC,Manchester City vs Liverpool,KXEWSLGAME,England Women's Super League Game,Sports,"[""Soccer""]",settled,binary,0,1,0.01,0.01,0.99,0.01,1,329405.15,325417.69,126801,0,2026-09-14T00:36:00Z,2026-09-18T20:07:10Z,2026-09-20T18:00:00Z,,no,Manchester City,structured,,,,True,2026-09-19T16:08:32+00:00
kalshi,KXGOLD15M-26SEP181215-15,https://kalshi.com/markets/kxgold15m/gold-15-minute,https://kalshi.com/markets/kxgold15m/gold-15-minute/kxgold15m-26sep181215,Gold price up in next 15 mins?,"Target Price: $4,356.94",KXGOLD15M-26SEP181215,"Gold 15 min · $4,356.94 target",KXGOLD15M,Gold 15-minute,Commodities,"[""Metals""]",settled,binary,0,1,0.999,0.999,0.001,0.999,1,325053.41,325053.41,124175.71,0,2026-09-18T16:00:00Z,2026-09-18T16:15:00Z,2026-09-25T16:15:00Z,,yes,4361.89,greater_or_equal,4356.94,,,True,2026-09-19T16:08:45+00:00
kalshi,KXATPCHALLENGERMATCH-26SEP19CANBAR-BAR,https://kalshi.com/markets/kxatpchallengermatch/challenger-atp,https://kalshi.com/markets/kxatpchallengermatch/challenger-atp/kxatpchallengermatch-26sep19canbar,Alex Barrena wins,Alex Barrena,KXATPCHALLENGERMATCH-26SEP19CANBAR,Caniato vs Barrena,KXATPCHALLENGERMATCH,Challenger ATP ,Sports,"[""Tennis""]",settled,binary,0,1,0.01,0.01,0.99,0.01,1,324896.17,324896.17,177303.35,0,2026-09-18T23:40:00Z,2026-09-19T13:04:53Z,2026-10-03T11:30:00Z,,no,Carlo Alberto Caniato,structured,,,,True,2026-09-19T16:07:38+00:00
kalshi,KXATPCHALLENGERMATCH-26SEP18MAEGUE-GUE,https://kalshi.com/markets/kxatpchallengermatch/challenger-atp,https://kalshi.com/markets/kxatpchallengermatch/challenger-atp/kxatpchallengermatch-26sep18maegue,Sascha Gueymard Wayenburg wins,Sascha Gueymard Wayenburg,KXATPCHALLENGERMATCH-26SEP18MAEGUE,Maestrelli vs Gueymard Wayenburg,KXATPCHALLENGERMATCH,Challenger ATP ,Sports,"[""Tennis""]",settled,binary,0,1,0.99,0.99,0.01,0.99,1,331727.56,324866.32,246940.11,0,2026-09-18T06:20:00Z,2026-09-18T20:26:05Z,2026-10-02T18:10:00Z,,yes,Sascha Gueymard Wayenburg,structured,,,,True,2026-09-19T16:08:32+00:00
kalshi,KXWTAMATCH-26SEP18YAMEIK-EIK,https://kalshi.com/markets/kxwtamatch/wta-tennis-match,https://kalshi.com/markets/kxwtamatch/wta-tennis-match/kxwtamatch-26sep18yameik,Ulrikke Eikeri wins,Ulrikke Eikeri,KXWTAMATCH-26SEP18YAMEIK,Yamaguchi vs Eikeri,KXWTAMATCH,WTA Tennis Match,Sports,"[""Tennis""]",settled,binary,0,1,0.01,0.01,0.99,0.01,1,324162.52,324158.52,140436.67,0,2026-09-18T09:45:00Z,2026-09-19T10:00:27Z,2026-10-03T03:00:00Z,,no,Mei Yamaguchi,structured,,,,True,2026-09-19T16:07:41+00:00
kalshi,KXMLBSPREAD-26SEP182140MIASD-SD2,https://kalshi.com/markets/kxmlbspread/pro-baseball-spread,https://kalshi.com/markets/kxmlbspread/pro-baseball-spread/kxmlbspread-26sep182140miasd,San Diego wins by over 1.5 runs?,San Diego wins by over 1.5 runs,KXMLBSPREAD-26SEP182140MIASD,Miami vs San Diego: Spread,KXMLBSPREAD,Pro Baseball Spread,Sports,"[""Baseball""]",settled,binary,0,1,0.99,0.99,0.01,0.99,1,351360.04,324007.37,175676.94,0,2026-09-17T19:10:00Z,2026-09-19T04:30:21Z,2026-09-22T01:40:00Z,,yes,6,greater,1.5,,,True,2026-09-19T16:08:01+00:00
kalshi,KXITFMATCH-26SEP18BANMAS-BAN,https://kalshi.com/markets/kxitfmatch/itf-men-s-match,https://kalshi.com/markets/kxitfmatch/itf-men-s-match/kxitfmatch-26sep18banmas,Samir Banerjee wins,Samir Banerjee,KXITFMATCH-26SEP18BANMAS,Banerjee vs Massard,KXITFMATCH,ITF Men's Match,Sports,"[""Tennis""]",settled,binary,0,1,0.99,0.99,0.01,0.99,1,324718.18,322813.05,245027.16,0,2026-09-17T22:11:00Z,2026-09-18T17:30:20Z,2026-10-02T14:00:00Z,,yes,Samir Banerjee,structured,,,,True,2026-09-19T16:08:42+00:00
kalshi,KXBTCD-26SEP1818-T81299.99,https://kalshi.com/markets/kxbtcd/bitcoin-price-above-below,https://kalshi.com/markets/kxbtcd/bitcoin-price-above-below/kxbtcd-26sep1818,"Bitcoin price on Sep 18, 2026?","$81,300 or above",KXBTCD-26SEP1818,"BTC price on Sep 18, 2026 at 6pm EDT?",KXBTCD,Bitcoin price Above/below,Crypto,"[""Hourly"", ""BTC""]",settled,binary,0,1,0.01,0.01,0.99,0.01,1,321288.56,321288.56,108910.47,0,2026-09-18T21:00:00Z,2026-09-18T22:00:00Z,2026-09-25T22:00:00Z,,no,81223.68,greater,81299.99,,BRTI,True,2026-09-19T16:08:29+00:00
kalshi,KXITFMATCH-26SEP19MARTUR-TUR,https://kalshi.com/markets/kxitfmatch/itf-men-s-match,https://kalshi.com/markets/kxitfmatch/itf-men-s-match/kxitfmatch-26sep19martur,Alejandro Turriziani Alvarez wins,Alejandro Turriziani Alvarez,KXITFMATCH-26SEP19MARTUR,Marino vs Turriziani Alvarez,KXITFMATCH,ITF Men's Match,Sports,"[""Tennis""]",settled,binary,0,1,0.01,0.01,0.99,0.01,1,321256.93,321256.93,157369.85,0,2026-09-18T16:11:00Z,2026-09-19T10:54:41Z,2026-10-03T08:00:00Z,,no,Pietro Marino,structured,,,,True,2026-09-19T16:07:41+00:00
kalshi,KXNCAAFSPREAD-26SEP18MIAWAKE-MIA28,https://kalshi.com/markets/kxncaafspread/college-football-spread,https://kalshi.com/markets/kxncaafspread/college-football-spread/kxncaafspread-26sep18miawake,Miami (FL) wins by over 27.5 points,Miami (FL) wins by over 27.5 points,KXNCAAFSPREAD-26SEP18MIAWAKE,Miami (FL) vs Wake Forest: Spread,KXNCAAFSPREAD,College Football Spread,Sports,"[""Football""]",settled,binary,0,1,0.01,0.01,0.99,0.01,1,330727,319575.44,186780.84,0,2026-09-12T01:07:00Z,2026-09-19T03:14:38Z,2026-09-20T23:30:00Z,,no,13,greater,27.5,,,True,2026-09-19T16:08:06+00:00
kalshi,KXBTCD-26SEP1911-T81599.99,https://kalshi.com/markets/kxbtcd/bitcoin-price-above-below,https://kalshi.com/markets/kxbtcd/bitcoin-price-above-below/kxbtcd-26sep1911,"Bitcoin price on Sep 19, 2026?","$81,600 or above",KXBTCD-26SEP1911,"BTC price on Sep 19, 2026 at 11am EDT?",KXBTCD,Bitcoin price Above/below,Crypto,"[""Hourly"", ""BTC""]",settled,binary,0,1,0.01,0.01,0.99,0.01,1,319553.89,319553.89,92471.2,0,2026-09-19T14:00:00Z,2026-09-19T15:00:00Z,2026-09-26T15:00:00Z,,no,81545.93,greater,81599.99,,BRTI,True,2026-09-19T16:07:36+00:00
kalshi,KXITFWMATCH-26SEP19TUPKUZ-KUZ,https://kalshi.com/markets/kxitfwmatch/itf-women-s-match,https://kalshi.com/markets/kxitfwmatch/itf-women-s-match/kxitfwmatch-26sep19tupkuz,Katarina Kuzmova wins,Katarina Kuzmova,KXITFWMATCH-26SEP19TUPKUZ,Tupitsyna vs Kuzmova,KXITFWMATCH,ITF Women's Match,Sports,"[""Tennis""]",settled,binary,0,1,0.01,0.01,0.99,0.01,1,319424.26,319424.26,141796.48,0,2026-09-18T15:21:00Z,2026-09-19T09:10:04Z,2026-10-03T06:00:00Z,,no,Ekaterina Tupitsyna,structured,,,,True,2026-09-19T16:07:44+00:00
kalshi,KXBTCD-26SEP1817-T80499.99,https://kalshi.com/markets/kxbtcd/bitcoin-price-above-below,https://kalshi.com/markets/kxbtcd/bitcoin-price-above-below/kxbtcd-26sep1817,"Bitcoin price on Sep 18, 2026?","$80,500 or above",KXBTCD-26SEP1817,"BTC price on Sep 18, 2026 at 5pm EDT?",KXBTCD,Bitcoin price Above/below,Crypto,"[""Hourly"", ""BTC""]",settled,binary,0,1,0.99,0.99,0.01,0.99,1,456939.45,319335.41,164280.45,0,2026-09-11T20:00:00Z,2026-09-18T21:00:00Z,2026-09-25T21:00:00Z,,yes,81077.63,greater,80499.99,,BRTI,True,2026-09-19T16:08:31+00:00
kalshi,KXWTASETWINNER-26SEP18SAMSTE-1-SAM,https://kalshi.com/markets/kxwtasetwinner/wta-set-winner,https://kalshi.com/markets/kxwtasetwinner/wta-set-winner/kxwtasetwinner-26sep18samste-1,Will Liudmila Samsonova win set 1 in the Liudmila Samsonova vs Peyton Stearns match,Liudmila Samsonova,KXWTASETWINNER-26SEP18SAMSTE-1,Liudmila Samsonova vs Peyton Stearns: Set 1 Winner,KXWTASETWINNER,WTA Set Winner,Sports,"[""Tennis""]",settled,binary,0,1,0.01,0.01,0.99,0.01,1,318671.95,318611.63,154212.89,0,2026-09-18T05:20:00Z,2026-09-19T02:31:02Z,2026-10-03T00:10:00Z,,no,"Stearns, Peyton",structured,,,,True,2026-09-19T16:08:13+00:00
kalshi,KXLIGAMXTOTAL-26SEP18JUATIG-3,https://kalshi.com/markets/kxligamxtotal/liga-mx-total,https://kalshi.com/markets/kxligamxtotal/liga-mx-total/kxligamxtotal-26sep18juatig,Will over 2.5 goals be scored?,Over 2.5 goals scored,KXLIGAMXTOTAL-26SEP18JUATIG,Juarez vs Tigres: Total Goals,KXLIGAMXTOTAL,Liga MX Total,Sports,"[""Soccer""]",settled,binary,0,1,0.01,0.01,0.99,0.01,1,316918.75,316817.59,145413.16,0,2026-09-12T03:06:00Z,2026-09-19T05:07:35Z,2026-09-21T03:00:00Z,,no,2,greater,2.5,,,True,2026-09-19T16:07:56+00:00
kalshi,KXMLBTOTAL-26SEP182215SFLAD-11,https://kalshi.com/markets/kxmlbtotal/pro-baseball-total-points,https://kalshi.com/markets/kxmlbtotal/pro-baseball-total-points/kxmlbtotal-26sep182215sflad,Over 10.5 runs scored,Over 10.5 runs scored,KXMLBTOTAL-26SEP182215SFLAD,San Francisco vs Los Angeles D: Total Runs,KXMLBTOTAL,Pro Baseball Total Points,Sports,"[""Baseball""]",settled,binary,0,1,0.01,0.01,0.99,0.01,1,312858.19,312690.36,169165.98,0,2026-09-17T19:10:00Z,2026-09-19T05:02:31Z,2026-09-22T02:15:00Z,,no,10,greater,10.5,,,True,2026-09-19T16:07:56+00:00
kalshi,KXDAVISCUPMATCH-26SEP19FERGUI-FER,https://kalshi.com/markets/kxdaviscupmatch/davis-cup-match,https://kalshi.com/markets/kxdaviscupmatch/davis-cup-match/kxdaviscupmatch-26sep19fergui,Arthur Fery wins,Arthur Fery,KXDAVISCUPMATCH-26SEP19FERGUI,Fery vs Guillen Meza,KXDAVISCUPMATCH,Davis Cup Match,Sports,"[""Tennis""]",settled,binary,0,1,0.99,0.99,0.01,0.99,1,312085.27,312062.55,131324.38,0,2026-09-18T13:55:00Z,2026-09-19T16:00:35Z,2026-10-03T13:10:00Z,,yes,Arthur Fery,structured,,,,True,2026-09-19T16:07:34+00:00
kalshi,KXNCAAFSPREAD-26SEP18PRSTORE-ORE76,https://kalshi.com/markets/kxncaafspread/college-football-spread,https://kalshi.com/markets/kxncaafspread/college-football-spread/kxncaafspread-26sep18prstore,Oregon wins by over 75.5 points,Oregon wins by over 75.5 points,KXNCAAFSPREAD-26SEP18PRSTORE,Portland St. vs Oregon: Spread,KXNCAAFSPREAD,College Football Spread,Sports,"[""Football""]",settled,binary,0,1,0.99,0.99,0.01,0.99,1,311650.21,311650.21,108382.31,0,2026-09-19T02:59:00Z,2026-09-19T05:54:37Z,2026-09-21T02:30:00Z,,yes,84,greater,75.5,,,True,2026-09-19T16:07:55+00:00
kalshi,KXBTCD-26SEP1820-T81099.99,https://kalshi.com/markets/kxbtcd/bitcoin-price-above-below,https://kalshi.com/markets/kxbtcd/bitcoin-price-above-below/kxbtcd-26sep1820,"Bitcoin price on Sep 18, 2026?","$81,100 or above",KXBTCD-26SEP1820,"BTC price on Sep 18, 2026 at 8pm EDT?",KXBTCD,Bitcoin price Above/below,Crypto,"[""Hourly"", ""BTC""]",settled,binary,0,1,0.01,0.01,0.99,0.01,1,310782.73,310782.73,116864.78,0,2026-09-18T23:00:00Z,2026-09-19T00:00:00Z,2026-09-26T00:00:00Z,,no,80881.41,greater,81099.99,,BRTI,True,2026-09-19T16:08:24+00:00
kalshi,KXNCAAFTOTAL-26SEP18MIAWAKE-61,https://kalshi.com/markets/kxncaaftotal/college-football-total-points,https://kalshi.com/markets/kxncaaftotal/college-football-total-points/kxncaaftotal-26sep18miawake,Over 60.5 points scored,Over 60.5 points scored,KXNCAAFTOTAL-26SEP18MIAWAKE,Miami (FL) vs Wake Forest: Total Points,KXNCAAFTOTAL,College Football Total Points,Sports,"[""Football""]",settled,binary,0,1,0.01,0.01,0.99,0.01,1,317153.89,309931.03,123672.21,0,2026-09-12T01:07:00Z,2026-09-19T03:14:39Z,2026-09-20T23:30:00Z,,no,53,greater,60.5,,,True,2026-09-19T16:08:06+00:00
kalshi,KXBTCD-26SEP1910-T81199.99,https://kalshi.com/markets/kxbtcd/bitcoin-price-above-below,https://kalshi.com/markets/kxbtcd/bitcoin-price-above-below/kxbtcd-26sep1910,"Bitcoin price on Sep 19, 2026?","$81,200 or above",KXBTCD-26SEP1910,"BTC price on Sep 19, 2026 at 10am EDT?",KXBTCD,Bitcoin price Above/below,Crypto,"[""Hourly"", ""BTC""]",settled,binary,0,1,0.99,0.99,0.01,0.99,1,308612.97,308612.97,83592.9,0,2026-09-19T13:00:00Z,2026-09-19T14:00:00Z,2026-09-26T14:00:00Z,,yes,81328.30,greater,81199.99,,BRTI,True,2026-09-19T16:07:37+00:00
kalshi,KXMLBTOTAL-26SEP182140NYYAZ-12,https://kalshi.com/markets/kxmlbtotal/pro-baseball-total-points,https://kalshi.com/markets/kxmlbtotal/pro-baseball-total-points/kxmlbtotal-26sep182140nyyaz,Over 11.5 runs scored,Over 11.5 runs scored,KXMLBTOTAL-26SEP182140NYYAZ,New York Y vs Arizona: Total Runs,KXMLBTOTAL,Pro Baseball Total Points,Sports,"[""Baseball""]",settled,binary,0,1,0.01,0.01,0.99,0.01,1,307426.63,307396.61,145260.41,0,2026-09-17T19:10:00Z,2026-09-19T04:34:34Z,2026-09-22T01:40:00Z,,no,11,greater,11.5,,,True,2026-09-19T16:08:01+00:00
kalshi,KXITFMATCH-26SEP18BINDEC-DEC,https://kalshi.com/markets/kxitfmatch/itf-men-s-match,https://kalshi.com/markets/kxitfmatch/itf-men-s-match/kxitfmatch-26sep18bindec,Livas Eduardo De Carvalho Damazio wins,Livas Eduardo De Carvalho Damazio,KXITFMATCH-26SEP18BINDEC,Bini vs De Carvalho Damazio,KXITFMATCH,ITF Men's Match,Sports,"[""Tennis""]",settled,binary,0,1,0.99,0.99,0.01,0.99,1,307243.15,307235.43,222424.4,0,2026-09-18T04:11:00Z,2026-09-18T22:45:00Z,2026-10-02T20:00:00Z,,yes,Livas Eduardo De Carvalho Damazio,structured,,,,True,2026-09-19T16:08:27+00:00
kalshi,KXBTCD-26SEP1901-T80899.99,https://kalshi.com/markets/kxbtcd/bitcoin-price-above-below,https://kalshi.com/markets/kxbtcd/bitcoin-price-above-below/kxbtcd-26sep1901,"Bitcoin price on Sep 19, 2026?","$80,900 or above",KXBTCD-26SEP1901,"BTC price on Sep 19, 2026 at 1am EDT?",KXBTCD,Bitcoin price Above/below,Crypto,"[""Hourly"", ""BTC""]",settled,binary,0,1,0.99,0.99,0.01,0.99,1,306123.29,306123.29,80412.52,0,2026-09-19T04:00:00Z,2026-09-19T05:00:00Z,2026-09-26T05:00:00Z,,yes,80996.79,greater,80899.99,,BRTI,True,2026-09-19T16:07:58+00:00
kalshi,KXLIGUE1GAME-26SEP18ASMRCL-RCL,https://kalshi.com/markets/kxligue1game/ligue-1-game,https://kalshi.com/markets/kxligue1game/ligue-1-game/kxligue1game-26sep18asmrcl,Lens wins,Lens,KXLIGUE1GAME-26SEP18ASMRCL,Monaco vs Lens,KXLIGUE1GAME,Ligue 1 Game,Sports,"[""Soccer""]",settled,binary,0,1,0.01,0.01,0.99,0.01,1,317002.44,305399.74,166152.35,0,2026-09-04T00:38:00Z,2026-09-18T20:46:39Z,2026-09-21T00:45:00Z,,no,Monaco,structured,,,,True,2026-09-19T16:08:32+00:00
kalshi,KXNCAAFTOTAL-26SEP18MIAWAKE-57,https://kalshi.com/markets/kxncaaftotal/college-football-total-points,https://kalshi.com/markets/kxncaaftotal/college-football-total-points/kxncaaftotal-26sep18miawake,Over 56.5 points scored,Over 56.5 points scored,KXNCAAFTOTAL-26SEP18MIAWAKE,Miami (FL) vs Wake Forest: Total Points,KXNCAAFTOTAL,College Football Total Points,Sports,"[""Football""]",settled,binary,0,1,0.01,0.01,0.99,0.01,1,434591.89,302931.56,259678.74,0,2026-09-12T01:07:00Z,2026-09-19T03:14:39Z,2026-09-20T23:30:00Z,,no,53,greater,56.5,,,True,2026-09-19T16:08:06+00:00
kalshi,KXBUNDESLIGATOTAL-26SEP18BMUUNI-5,https://kalshi.com/markets/kxbundesligatotal/bundesliga-total,https://kalshi.com/markets/kxbundesligatotal/bundesliga-total/kxbundesligatotal-26sep18bmuuni,Will over 4.5 goals be scored?,Over 4.5 goals scored,KXBUNDESLIGATOTAL-26SEP18BMUUNI,Bayern Munich vs Union Berlin: Total Goals,KXBUNDESLIGATOTAL,Bundesliga Total,Sports,"[""Soccer""]",settled,binary,0,1,0.99,0.99,0.01,0.99,1,375954.29,301206.99,210172.82,0,2026-09-11T19:06:00Z,2026-09-18T20:04:57Z,2026-09-20T18:30:00Z,,yes,7,greater,4.5,,,True,2026-09-19T16:08:32+00:00
kalshi,KXBTCD-26SEP1821-T81499.99,https://kalshi.com/markets/kxbtcd/bitcoin-price-above-below,https://kalshi.com/markets/kxbtcd/bitcoin-price-above-below/kxbtcd-26sep1821,"Bitcoin price on Sep 18, 2026?","$81,500 or above",KXBTCD-26SEP1821,"BTC price on Sep 18, 2026 at 9pm EDT?",KXBTCD,Bitcoin price Above/below,Crypto,"[""Hourly"", ""BTC""]",settled,binary,0,1,0.99,0.99,0.01,0.99,1,298950.88,298950.88,83130.09,0,2026-09-19T00:00:00Z,2026-09-19T01:00:00Z,2026-09-26T01:00:00Z,,yes,81620.47,greater,81499.99,,BRTI,True,2026-09-19T16:08:20+00:00
kalshi,KXITFMATCH-26SEP18ZANSVE-SVE,https://kalshi.com/markets/kxitfmatch/itf-men-s-match,https://kalshi.com/markets/kxitfmatch/itf-men-s-match/kxitfmatch-26sep18zansve,Lorenzo Sverzut Corsini wins,Lorenzo Sverzut Corsini,KXITFMATCH-26SEP18ZANSVE,Zanellato vs Sverzut Corsini,KXITFMATCH,ITF Men's Match,Sports,"[""Tennis""]",settled,binary,0,1,0.01,0.01,0.99,0.01,1,296275.2,295466.24,138235.46,0,2026-09-18T06:11:00Z,2026-09-19T00:34:53Z,2026-10-02T22:00:00Z,,no,Nicolas Zanellato,structured,,,,True,2026-09-19T16:08:21+00:00
kalshi,KXBTCD-26SEP1904-T80999.99,https://kalshi.com/markets/kxbtcd/bitcoin-price-above-below,https://kalshi.com/markets/kxbtcd/bitcoin-price-above-below/kxbtcd-26sep1904,"Bitcoin price on Sep 19, 2026?","$81,000 or above",KXBTCD-26SEP1904,"BTC price on Sep 19, 2026 at 4am EDT?",KXBTCD,Bitcoin price Above/below,Crypto,"[""Hourly"", ""BTC""]",settled,binary,0,1,0.99,0.99,0.01,0.99,1,295010.9,295010.9,52472.86,0,2026-09-19T07:00:00Z,2026-09-19T08:00:00Z,2026-09-26T08:00:00Z,,yes,81093.73,greater,80999.99,,BRTI,True,2026-09-19T16:07:49+00:00
kalshi,KXBRASILEIROBGAME-26SEP18VINAMG-AMG,https://kalshi.com/markets/kxbrasileirobgame/brasileiro-serie-b-game,https://kalshi.com/markets/kxbrasileirobgame/brasileiro-serie-b-game/kxbrasileirobgame-26sep18vinamg,America FC wins,America FC,KXBRASILEIROBGAME-26SEP18VINAMG,Vila Nova vs America FC,KXBRASILEIROBGAME,Brasileiro Serie B Game,Sports,"[""Soccer""]",settled,binary,0,1,0.01,0.01,0.99,0.01,1,295801.33,294862.61,164388.63,0,2026-09-11T00:34:00Z,2026-09-19T00:36:30Z,2026-09-20T22:30:00Z,,no,Vila Nova,structured,,,,True,2026-09-19T16:08:21+00:00
kalshi,KXBTCD-26SEP1821-T81099.99,https://kalshi.com/markets/kxbtcd/bitcoin-price-above-below,https://kalshi.com/markets/kxbtcd/bitcoin-price-above-below/kxbtcd-26sep1821,"Bitcoin price on Sep 18, 2026?","$81,100 or above",KXBTCD-26SEP1821,"BTC price on Sep 18, 2026 at 9pm EDT?",KXBTCD,Bitcoin price Above/below,Crypto,"[""Hourly"", ""BTC""]",settled,binary,0,1,0.99,0.99,0.01,0.99,1,294584.47,294584.47,72834.79,0,2026-09-19T00:00:00Z,2026-09-19T01:00:00Z,2026-09-26T01:00:00Z,,yes,81620.47,greater,81099.99,,BRTI,True,2026-09-19T16:08:20+00:00
kalshi,KXNCAAFTOTAL-26SEP18HOUTTU-54,https://kalshi.com/markets/kxncaaftotal/college-football-total-points,https://kalshi.com/markets/kxncaaftotal/college-football-total-points/kxncaaftotal-26sep18houttu,Over 53.5 points scored,Over 53.5 points scored,KXNCAAFTOTAL-26SEP18HOUTTU,Houston vs Texas Tech: Total Points,KXNCAAFTOTAL,College Football Total Points,Sports,"[""Football""]",settled,binary,0,1,0.99,0.99,0.01,0.99,1,303902.87,294518.77,168626.98,0,2026-09-12T01:07:00Z,2026-09-19T03:34:34Z,2026-09-21T00:00:00Z,,yes,54,greater,53.5,,,True,2026-09-19T16:08:05+00:00
kalshi,KXGOLD15M-26SEP181945-45,https://kalshi.com/markets/kxgold15m/gold-15-minute,https://kalshi.com/markets/kxgold15m/gold-15-minute/kxgold15m-26sep181945,Gold price up in next 15 mins?,"Target Price: $4,384.82",KXGOLD15M-26SEP181945,"Gold 15 min · $4,384.82 target",KXGOLD15M,Gold 15-minute,Commodities,"[""Metals""]",settled,binary,0,1,0.001,0.001,0.999,0.001,1,291441.43,291441.43,86722.62,0,2026-09-18T23:30:00Z,2026-09-18T23:45:00Z,2026-09-25T23:45:00Z,,no,4382.10,greater_or_equal,4384.82,,,True,2026-09-19T16:08:24+00:00
kalshi,KXNCAAF1HSPREAD-26SEP18PRSTORE-ORE36,https://kalshi.com/markets/kxncaaf1hspread/college-football-1st-half-spread,https://kalshi.com/markets/kxncaaf1hspread/college-football-1st-half-spread/kxncaaf1hspread-26sep18prstore,Oregon wins 1H by over 35.5 points,Oregon wins 1H by over 35.5 points,KXNCAAF1HSPREAD-26SEP18PRSTORE,Portland St. vs Oregon: 1st Half Spread,KXNCAAF1HSPREAD,College Football 1st Half Spread,Sports,"[""Football""]",settled,binary,0,1,0.99,0.99,0.01,0.99,1,299307.91,290709.61,175094.23,0,2026-09-15T11:20:00Z,2026-09-19T04:04:14Z,2026-09-21T02:30:00Z,,yes,49,greater,35.5,,,True,2026-09-19T16:08:01+00:00
kalshi,KXWNBASPREAD-26SEP18PDXGS-GS13,https://kalshi.com/markets/kxwnbaspread/women-s-pro-basketball-spread,https://kalshi.com/markets/kxwnbaspread/women-s-pro-basketball-spread/kxwnbaspread-26sep18pdxgs,Golden State wins the game by over 12.5 points,Golden State wins by over 12.5 points,KXWNBASPREAD-26SEP18PDXGS,Portland vs Golden State: Spread,KXWNBASPREAD,Women's Pro Basketball Spread,Sports,"[""Basketball""]",settled,binary,0,1,0.99,0.99,0.01,0.99,1,300460.71,290530.85,130016.51,0,2026-09-16T02:10:00Z,2026-09-19T04:30:02Z,2026-09-21T02:00:00Z,,yes,16,greater,12.5,,,True,2026-09-19T16:08:01+00:00
kalshi,KXNCAAFSPREAD-26SEP18HOUTTU-TTU11,https://kalshi.com/markets/kxncaafspread/college-football-spread,https://kalshi.com/markets/kxncaafspread/college-football-spread/kxncaafspread-26sep18houttu,Texas Tech wins by over 10.5 points,Texas Tech wins by over 10.5 points,KXNCAAFSPREAD-26SEP18HOUTTU,Houston vs Texas Tech: Spread,KXNCAAFSPREAD,College Football Spread,Sports,"[""Football""]",settled,binary,0,1,0.01,0.01,0.99,0.01,1,316357.2,288104.28,219016.88,0,2026-09-12T01:07:00Z,2026-09-19T03:34:33Z,2026-09-21T00:00:00Z,,no,2,greater,10.5,,,True,2026-09-19T16:08:05+00:00
kalshi,KXLALIGATOTAL-26SEP18ESPELC-4,https://kalshi.com/markets/kxlaligatotal/la-liga-total,https://kalshi.com/markets/kxlaligatotal/la-liga-total/kxlaligatotal-26sep18espelc,Will over 3.5 goals be scored?,Over 3.5 goals scored,KXLALIGATOTAL-26SEP18ESPELC,Espanyol vs Elche: Total Goals,KXLALIGATOTAL,La Liga Total,Sports,"[""Soccer""]",settled,binary,0,1,0.99,0.99,0.01,0.99,1,289069.72,287032.29,175112.44,0,2026-09-11T19:07:00Z,2026-09-18T21:07:01Z,2026-09-20T19:00:00Z,,yes,4,greater,3.5,,,True,2026-09-19T16:08:30+00:00
kalshi,KXBTCD-26SEP1907-T81299.99,https://kalshi.com/markets/kxbtcd/bitcoin-price-above-below,https://kalshi.com/markets/kxbtcd/bitcoin-price-above-below/kxbtcd-26sep1907,"Bitcoin price on Sep 19, 2026?","$81,300 or above",KXBTCD-26SEP1907,"BTC price on Sep 19, 2026 at 7am EDT?",KXBTCD,Bitcoin price Above/below,Crypto,"[""Hourly"", ""BTC""]",settled,binary,0,1,0.01,0.01,0.99,0.01,1,286839.85,286839.85,47587.33,0,2026-09-19T10:00:00Z,2026-09-19T11:00:00Z,2026-09-26T11:00:00Z,,no,81192.74,greater,81299.99,,BRTI,True,2026-09-19T16:07:41+00:00
kalshi,KXBTCD-26SEP1908-T81299.99,https://kalshi.com/markets/kxbtcd/bitcoin-price-above-below,https://kalshi.com/markets/kxbtcd/bitcoin-price-above-below/kxbtcd-26sep1908,"Bitcoin price on Sep 19, 2026?","$81,300 or above",KXBTCD-26SEP1908,"BTC price on Sep 19, 2026 at 8am EDT?",KXBTCD,Bitcoin price Above/below,Crypto,"[""Hourly"", ""BTC""]",settled,binary,0,1,0.01,0.01,0.99,0.01,1,286626.64,286626.64,54675.3,0,2026-09-19T11:00:00Z,2026-09-19T12:00:00Z,2026-09-26T12:00:00Z,,no,81286.06,greater,81299.99,,BRTI,True,2026-09-19T16:07:39+00:00
kalshi,KXNCAAF1H-26SEP18HOUTTU-HOU,https://kalshi.com/markets/kxncaaf1h/college-football-1st-half-winner,https://kalshi.com/markets/kxncaaf1h/college-football-1st-half-winner/kxncaaf1h-26sep18houttu,Houston wins the 1st half,Houston wins 1st Half,KXNCAAF1H-26SEP18HOUTTU,Houston vs Texas Tech: 1st Half Winner,KXNCAAF1H,College Football 1st Half Winner,Sports,"[""Football""]",settled,binary,0,1,0.99,0.99,0.01,0.99,1,287494.25,286049.31,171096.72,0,2026-09-05T00:22:00Z,2026-09-19T01:44:26Z,2026-09-21T00:00:00Z,,yes,Houston wins 1st Half,structured,,,,True,2026-09-19T16:08:18+00:00
kalshi,KXBTCD-26SEP1814-T80999.99,https://kalshi.com/markets/kxbtcd/bitcoin-price-above-below,https://kalshi.com/markets/kxbtcd/bitcoin-price-above-below/kxbtcd-26sep1814,"Bitcoin price on Sep 18, 2026?","$81,000 or above",KXBTCD-26SEP1814,"BTC price on Sep 18, 2026 at 2pm EDT?",KXBTCD,Bitcoin price Above/below,Crypto,"[""Hourly"", ""BTC""]",settled,binary,0,1,0.01,0.01,0.99,0.01,1,285945.11,285945.11,120136.26,0,2026-09-18T17:00:00Z,2026-09-18T18:00:00Z,2026-09-25T18:00:00Z,,no,80984.20,greater,80999.99,,BRTI,True,2026-09-19T16:08:42+00:00
kalshi,KXWTAMATCH-26SEP18ZHAYEX-YEX,https://kalshi.com/markets/kxwtamatch/wta-tennis-match,https://kalshi.com/markets/kxwtamatch/wta-tennis-match/kxwtamatch-26sep18zhayex,Yexin Ma wins,Yexin Ma,KXWTAMATCH-26SEP18ZHAYEX,Zhao vs Ma,KXWTAMATCH,WTA Tennis Match,Sports,"[""Tennis""]",settled,binary,0,1,0.99,0.99,0.01,0.99,1,284220.73,284214.33,188822.09,0,2026-09-18T09:15:00Z,2026-09-19T06:40:02Z,2026-10-03T03:10:00Z,,yes,Yexin Ma,structured,,,,True,2026-09-19T16:07:53+00:00
kalshi,KXWTAMATCH-26SEP18RADMOR-RAD,https://kalshi.com/markets/kxwtamatch/wta-tennis-match,https://kalshi.com/markets/kxwtamatch/wta-tennis-match/kxwtamatch-26sep18radmor,Nika Radisic wins,Nika Radisic,KXWTAMATCH-26SEP18RADMOR,Radisic vs Morvayova,KXWTAMATCH,WTA Tennis Match,Sports,"[""Tennis""]",settled,binary,0,1,0.01,0.01,0.99,0.01,1,282407.04,282407.04,145871.9,0,2026-09-18T09:45:00Z,2026-09-19T08:30:07Z,2026-10-03T03:00:00Z,,no,Viktoria Morvayova,structured,,,,True,2026-09-19T16:07:47+00:00
kalshi,KXBUNDESLIGAGAME-26SEP19SVWFCA-TIE,https://kalshi.com/markets/kxbundesligagame/bundesliga-game,https://kalshi.com/markets/kxbundesligagame/bundesliga-game/kxbundesligagame-26sep19svwfca,Tie is the result,Tie,KXBUNDESLIGAGAME-26SEP19SVWFCA,Bremen vs Augsburg,KXBUNDESLIGAGAME,Bundesliga Game,Sports,"[""Soccer""]",settled,binary,0,1,0.01,0.01,0.99,0.01,1,282015.46,281937.9,110309.79,0,2026-09-05T00:39:00Z,2026-09-19T15:44:31Z,2026-09-21T19:30:00Z,,no,Bremen,structured,,,,True,2026-09-19T16:07:35+00:00
kalshi,KXBRASILEIROBGAME-26SEP18VINAMG-VIN,https://kalshi.com/markets/kxbrasileirobgame/brasileiro-serie-b-game,https://kalshi.com/markets/kxbrasileirobgame/brasileiro-serie-b-game/kxbrasileirobgame-26sep18vinamg,Vila Nova wins,Vila Nova,KXBRASILEIROBGAME-26SEP18VINAMG,Vila Nova vs America FC,KXBRASILEIROBGAME,Brasileiro Serie B Game,Sports,"[""Soccer""]",settled,binary,0,1,0.99,0.99,0.01,0.99,1,282201.04,281929,123445.95,0,2026-09-11T00:34:00Z,2026-09-19T00:36:30Z,2026-09-20T22:30:00Z,,yes,Vila Nova,structured,,,,True,2026-09-19T16:08:21+00:00
kalshi,KXWTAMATCH-26SEP18DESOKA-OKA,https://kalshi.com/markets/kxwtamatch/wta-tennis-match,https://kalshi.com/markets/kxwtamatch/wta-tennis-match/kxwtamatch-26sep18desoka,Kyoka Okamura wins,Kyoka Okamura,KXWTAMATCH-26SEP18DESOKA,Desvignes vs Okamura,KXWTAMATCH,WTA Tennis Match,Sports,"[""Tennis""]",settled,binary,0,1,0.99,0.99,0.01,0.99,1,279286.97,279111.37,114738.02,0,2026-09-18T09:45:00Z,2026-09-19T09:20:24Z,2026-10-03T03:00:00Z,,yes,Kyoka Okamura,structured,,,,True,2026-09-19T16:07:44+00:00
kalshi,KXNCAAFSPREAD-26SEP18PRSTORE-ORE82,https://kalshi.com/markets/kxncaafspread/college-football-spread,https://kalshi.com/markets/kxncaafspread/college-football-spread/kxncaafspread-26sep18prstore,Oregon wins by over 81.5 points,Oregon wins by over 81.5 points,KXNCAAFSPREAD-26SEP18PRSTORE,Portland St. vs Oregon: Spread,KXNCAAFSPREAD,College Football Spread,Sports,"[""Football""]",settled,binary,0,1,0.99,0.99,0.01,0.99,1,279105.84,279105.84,111137.02,0,2026-09-19T03:19:00Z,2026-09-19T05:54:37Z,2026-09-21T02:30:00Z,,yes,84,greater,81.5,,,True,2026-09-19T16:07:55+00:00
kalshi,KXNPBGAME-26SEP190100ORIHOK-HOK,https://kalshi.com/markets/kxnpbgame/japan-npb-game,https://kalshi.com/markets/kxnpbgame/japan-npb-game/kxnpbgame-26sep190100orihok,Hokkaido Nippon-Ham Fighters wins,Hokkaido Nippon-Ham Fighters,KXNPBGAME-26SEP190100ORIHOK,Orix Buffaloes vs Hokkaido Nippon-Ham Fighters,KXNPBGAME,Japan NPB Game,Sports,"[""Baseball""]",settled,binary,0,1,0.01,0.01,0.99,0.01,1,278072.58,278072.58,118554.59,0,2026-09-16T04:11:00Z,2026-09-19T08:04:37Z,2026-09-21T05:00:00Z,,no,Orix Buffaloes,structured,,,,True,2026-09-19T16:07:47+00:00
kalshi,KXMLBTOTAL-26SEP181910BOSTB-8,https://kalshi.com/markets/kxmlbtotal/pro-baseball-total-points,https://kalshi.com/markets/kxmlbtotal/pro-baseball-total-points/kxmlbtotal-26sep181910bostb,Over 7.5 runs scored,Over 7.5 runs scored,KXMLBTOTAL-26SEP181910BOSTB,Boston vs Tampa Bay: Total Runs,KXMLBTOTAL,Pro Baseball Total Points,Sports,"[""Baseball""]",settled,binary,0,1,0.01,0.01,0.99,0.01,1,294681.52,278036.9,243873.15,0,2026-09-17T19:10:00Z,2026-09-19T02:00:38Z,2026-09-21T23:10:00Z,,no,6,greater,7.5,,,True,2026-09-19T16:08:14+00:00
kalshi,KXNCAAFSPREAD-26SEP18MIAWAKE-MIA17,https://kalshi.com/markets/kxncaafspread/college-football-spread,https://kalshi.com/markets/kxncaafspread/college-football-spread/kxncaafspread-26sep18miawake,Miami (FL) wins by over 16.5 points,Miami (FL) wins by over 16.5 points,KXNCAAFSPREAD-26SEP18MIAWAKE,Miami (FL) vs Wake Forest: Spread,KXNCAAFSPREAD,College Football Spread,Sports,"[""Football""]",settled,binary,0,1,0.01,0.01,0.99,0.01,1,297982.48,277926.55,142498.62,0,2026-09-12T01:07:00Z,2026-09-19T03:14:37Z,2026-09-20T23:30:00Z,,no,13,greater,16.5,,,True,2026-09-19T16:08:06+00:00
kalshi,KXEPLSPREAD-26SEP18BRECFC-CFC2,https://kalshi.com/markets/kxeplspread/english-premier-league-spread,https://kalshi.com/markets/kxeplspread/english-premier-league-spread/kxeplspread-26sep18brecfc,Chelsea wins by more than 1.5 goals?,Chelsea wins by more than 1.5 goals,KXEPLSPREAD-26SEP18BRECFC,Brentford vs Chelsea: Spread,KXEPLSPREAD,English Premier League Spread,Sports,"[""Soccer""]",settled,binary,0,1,0.01,0.01,0.99,0.01,1,321276.86,276713.66,132926.63,0,2026-09-11T19:07:00Z,2026-09-18T20:59:25Z,2026-09-20T19:00:00Z,,no,3,greater,1.5,,,True,2026-09-19T16:08:32+00:00
kalshi,KXLALIGASPREAD-26SEP18ESPELC-ELC2,https://kalshi.com/markets/kxlaligaspread/la-liga-spread,https://kalshi.com/markets/kxlaligaspread/la-liga-spread/kxlaligaspread-26sep18espelc,Elche wins by more than 1.5 goals?,Elche wins by more than 1.5 goals,KXLALIGASPREAD-26SEP18ESPELC,Espanyol vs Elche: Spread,KXLALIGASPREAD,La Liga Spread,Sports,"[""Soccer""]",settled,binary,0,1,0.99,0.99,0.01,0.99,1,280415.32,275849.35,89937.57,0,2026-09-11T19:07:00Z,2026-09-18T21:06:52Z,2026-09-20T19:00:00Z,,yes,2,greater,1.5,,,True,2026-09-19T16:08:30+00:00
kalshi,KXCZEFNLGAME-26SEP181SKDUK-DUK,https://kalshi.com/markets/kxczefnlgame/czech-national-football-league-game,https://kalshi.com/markets/kxczefnlgame/czech-national-football-league-game/kxczefnlgame-26sep181skduk,Dukla Prague wins,Dukla Prague,KXCZEFNLGAME-26SEP181SKDUK,Prostejov vs Dukla Prague,KXCZEFNLGAME,Czech National Football League Game,Sports,"[""Soccer""]",settled,binary,0,1,0.01,0.01,0.99,0.01,1,309808.77,275659.02,172756.45,0,2026-09-14T00:38:00Z,2026-09-18T18:07:50Z,2026-09-20T16:00:00Z,,no,Tie,structured,,,,True,2026-09-19T16:08:39+00:00
kalshi,KXWTACHALLENGERMATCH-26SEP19BARBAS-BAR,https://kalshi.com/markets/kxwtachallengermatch/challenger-wta,https://kalshi.com/markets/kxwtachallengermatch/challenger-wta/kxwtachallengermatch-26sep19barbas,Mona Barthel wins,Mona Barthel,KXWTACHALLENGERMATCH-26SEP19BARBAS,Barthel vs Basiletti,KXWTACHALLENGERMATCH,Challenger WTA,Sports,"[""Tennis""]",settled,binary,0,1,0.99,0.99,0.01,0.99,1,274098.53,274098.53,137126.87,0,2026-09-18T23:20:00Z,2026-09-19T13:50:02Z,2026-10-03T11:10:00Z,,yes,Mona Barthel,structured,,,,True,2026-09-19T16:07:38+00:00
kalshi,KXWTASETWINNER-26SEP18PODLAM-1-LAM,https://kalshi.com/markets/kxwtasetwinner/wta-set-winner,https://kalshi.com/markets/kxwtasetwinner/wta-set-winner/kxwtasetwinner-26sep18podlam-1,Will Suzan Lamens win set 1 in the Nadia Podoroska vs Suzan Lamens match,Suzan Lamens,KXWTASETWINNER-26SEP18PODLAM-1,Nadia Podoroska vs Suzan Lamens: Set 1 Winner,KXWTASETWINNER,WTA Set Winner,Sports,"[""Tennis""]",settled,binary,0,1,0.01,0.01,0.99,0.01,1,271831.62,271783.59,129416.87,0,2026-09-17T23:10:00Z,2026-09-18T23:46:01Z,2026-10-02T16:00:00Z,,no,"Podoroska, Nadia",structured,,,,True,2026-09-19T16:08:24+00:00
kalshi,KXBTCD-26SEP1822-T81099.99,https://kalshi.com/markets/kxbtcd/bitcoin-price-above-below,https://kalshi.com/markets/kxbtcd/bitcoin-price-above-below/kxbtcd-26sep1822,"Bitcoin price on Sep 18, 2026?","$81,100 or above",KXBTCD-26SEP1822,"BTC price on Sep 18, 2026 at 10pm EDT?",KXBTCD,Bitcoin price Above/below,Crypto,"[""Hourly"", ""BTC""]",settled,binary,0,1,0.99,0.99,0.01,0.99,1,271511.42,271511.42,64996.13,0,2026-09-19T01:00:00Z,2026-09-19T02:00:00Z,2026-09-26T02:00:00Z,,yes,81261.34,greater,81099.99,,BRTI,True,2026-09-19T16:08:16+00:00
kalshi,KXEPLTOTAL-26SEP19TOTAVL-5,https://kalshi.com/markets/kxepltotal/english-premier-league-total-goals,https://kalshi.com/markets/kxepltotal/english-premier-league-total-goals/kxepltotal-26sep19totavl,Will over 4.5 goals be scored?,Over 4.5 goals scored,KXEPLTOTAL-26SEP19TOTAVL,Tottenham vs Aston Villa: Total Goals,KXEPLTOTAL,English Premier League Total Goals,Sports,"[""Soccer""]",settled,binary,0,1,0.99,0.99,0.01,0.99,1,271369.69,271162.69,141526.27,0,2026-09-12T12:06:00Z,2026-09-19T13:36:18Z,2026-09-21T11:30:00Z,,yes,5,greater,4.5,,,True,2026-09-19T16:07:38+00:00
kalshi,KXDAVISCUPMATCH-26SEP18WATSHI-WAT,https://kalshi.com/markets/kxdaviscupmatch/davis-cup-match,https://kalshi.com/markets/kxdaviscupmatch/davis-cup-match/kxdaviscupmatch-26sep18watshi,James Watt wins,James Watt,KXDAVISCUPMATCH-26SEP18WATSHI,Watt vs Shimabukuro,KXDAVISCUPMATCH,Davis Cup Match,Sports,"[""Tennis""]",settled,binary,0,1,0.01,0.01,0.99,0.01,1,270858.64,270858.64,171583.23,0,2026-09-18T02:25:00Z,2026-09-19T03:54:58Z,2026-10-03T01:10:00Z,,no,Sho Shimabukuro,structured,,,,True,2026-09-19T16:08:04+00:00
kalshi,KXBUNDESLIGATOTAL-26SEP18BMUUNI-8,https://kalshi.com/markets/kxbundesligatotal/bundesliga-total,https://kalshi.com/markets/kxbundesligatotal/bundesliga-total/kxbundesligatotal-26sep18bmuuni,Will over 7.5 goals be scored?,Over 7.5 goals scored,KXBUNDESLIGATOTAL-26SEP18BMUUNI,Bayern Munich vs Union Berlin: Total Goals,KXBUNDESLIGATOTAL,Bundesliga Total,Sports,"[""Soccer""]",settled,binary,0,1,0.01,0.01,0.99,0.01,1,268069.47,268069.47,129037.82,0,2026-09-18T18:33:17Z,2026-09-18T20:24:52Z,2026-09-20T18:30:00Z,,no,7,greater,7.5,,,True,2026-09-19T16:08:32+00:00
kalshi,KXBTCD-26SEP1813-T81099.99,https://kalshi.com/markets/kxbtcd/bitcoin-price-above-below,https://kalshi.com/markets/kxbtcd/bitcoin-price-above-below/kxbtcd-26sep1813,"Bitcoin price on Sep 18, 2026?","$81,100 or above",KXBTCD-26SEP1813,"BTC price on Sep 18, 2026 at 1pm EDT?",KXBTCD,Bitcoin price Above/below,Crypto,"[""Hourly"", ""BTC""]",settled,binary,0,1,0.01,0.01,0.99,0.01,1,267214.9,267214.9,88693.02,0,2026-09-18T16:00:00Z,2026-09-18T17:00:00Z,2026-09-25T17:00:00Z,,no,80828.52,greater,81099.99,,BRTI,True,2026-09-19T16:08:45+00:00
kalshi,KXITFMATCH-26SEP19MARTUR-MAR,https://kalshi.com/markets/kxitfmatch/itf-men-s-match,https://kalshi.com/markets/kxitfmatch/itf-men-s-match/kxitfmatch-26sep19martur,Pietro Marino wins,Pietro Marino,KXITFMATCH-26SEP19MARTUR,Marino vs Turriziani Alvarez,KXITFMATCH,ITF Men's Match,Sports,"[""Tennis""]",settled,binary,0,1,0.99,0.99,0.01,0.99,1,266835.79,266835.79,169289.98,0,2026-09-18T16:11:00Z,2026-09-19T10:54:41Z,2026-10-03T08:00:00Z,,yes,Pietro Marino,structured,,,,True,2026-09-19T16:07:41+00:00
kalshi,KXBUNDESLIGA2GAME-26SEP18WOBD98-WOB,https://kalshi.com/markets/kxbundesliga2game/bundesliga-2-game,https://kalshi.com/markets/kxbundesliga2game/bundesliga-2-game/kxbundesliga2game-26sep18wobd98,Wolfsburg wins,Wolfsburg,KXBUNDESLIGA2GAME-26SEP18WOBD98,Wolfsburg vs Darmstadt,KXBUNDESLIGA2GAME,Bundesliga 2 Game,Sports,"[""Soccer""]",settled,binary,0,1,0.99,0.99,0.01,0.99,1,283242.84,266678.97,115578.51,0,2026-09-14T00:35:00Z,2026-09-18T18:33:13Z,2026-09-20T16:30:00Z,,yes,Wolfsburg,structured,,,,True,2026-09-19T16:08:39+00:00
kalshi,KXBTCD-26SEP1815-T81099.99,https://kalshi.com/markets/kxbtcd/bitcoin-price-above-below,https://kalshi.com/markets/kxbtcd/bitcoin-price-above-below/kxbtcd-26sep1815,"Bitcoin price on Sep 18, 2026?","$81,100 or above",KXBTCD-26SEP1815,"BTC price on Sep 18, 2026 at 3pm EDT?",KXBTCD,Bitcoin price Above/below,Crypto,"[""Hourly"", ""BTC""]",settled,binary,0,1,0.01,0.01,0.99,0.01,1,266185.06,266185.06,100605.62,0,2026-09-18T18:00:00Z,2026-09-18T19:00:00Z,2026-09-25T19:00:00Z,,no,80933.92,greater,81099.99,,BRTI,True,2026-09-19T16:08:38+00:00
kalshi,KXBTCD-26SEP1905-T81199.99,https://kalshi.com/markets/kxbtcd/bitcoin-price-above-below,https://kalshi.com/markets/kxbtcd/bitcoin-price-above-below/kxbtcd-26sep1905,"Bitcoin price on Sep 19, 2026?","$81,200 or above",KXBTCD-26SEP1905,"BTC price on Sep 19, 2026 at 5am EDT?",KXBTCD,Bitcoin price Above/below,Crypto,"[""Hourly"", ""BTC""]",settled,binary,0,1,0.99,0.99,0.01,0.99,1,265583.46,265583.46,50463.81,0,2026-09-19T08:00:00Z,2026-09-19T09:00:00Z,2026-09-26T09:00:00Z,,yes,81286.80,greater,81199.99,,BRTI,True,2026-09-19T16:07:46+00:00
kalshi,KXITFWMATCH-26SEP19YANEBE-EBE,https://kalshi.com/markets/kxitfwmatch/itf-women-s-match,https://kalshi.com/markets/kxitfwmatch/itf-women-s-match/kxitfwmatch-26sep19yanebe,Loes Ebeling Koning wins,Loes Ebeling Koning,KXITFWMATCH-26SEP19YANEBE,Yaneva vs Ebeling Koning,KXITFWMATCH,ITF Women's Match,Sports,"[""Tennis""]",settled,binary,0,1,0.01,0.01,0.99,0.01,1,265303.32,265303.32,109743.76,0,2026-09-18T15:11:00Z,2026-09-19T09:34:51Z,2026-10-03T07:00:00Z,,no,Elizara Yaneva,structured,,,,True,2026-09-19T16:07:44+00:00
kalshi,KXITFWMATCH-26SEP19ESTCAT-EST,https://kalshi.com/markets/kxitfwmatch/itf-women-s-match,https://kalshi.com/markets/kxitfwmatch/itf-women-s-match/kxitfwmatch-26sep19estcat,Josefina Estevez wins,Josefina Estevez,KXITFWMATCH-26SEP19ESTCAT,Estevez vs Catanzarite,KXITFWMATCH,ITF Women's Match,Sports,"[""Tennis""]",settled,binary,0,1,0.01,0.01,0.99,0.01,1,264769.94,264769.94,111264.69,0,2026-09-18T21:41:00Z,2026-09-19T15:24:43Z,2026-10-03T13:30:00Z,,no,Ava Catanzarite,structured,,,,True,2026-09-19T16:07:35+00:00
kalshi,KXEFLCHAMPIONSHIPGAME-26SEP19MILWHU-MIL,https://kalshi.com/markets/kxeflchampionshipgame/efl-championship-game,https://kalshi.com/markets/kxeflchampionshipgame/efl-championship-game/kxeflchampionshipgame-26sep19milwhu,Millwall wins,Millwall,KXEFLCHAMPIONSHIPGAME-26SEP19MILWHU,Millwall vs West Ham,KXEFLCHAMPIONSHIPGAME,EFL Championship Game,Sports,"[""Soccer""]",settled,binary,0,1,0.01,0.01,0.99,0.01,1,265055.24,264351.3,97586.62,0,2026-09-12T00:35:00Z,2026-09-19T13:45:18Z,2026-09-21T11:30:00Z,,no,Tie,structured,,,,True,2026-09-19T16:07:38+00:00
kalshi,KXNCAAFTOTAL-26SEP18HOUTTU-52,https://kalshi.com/markets/kxncaaftotal/college-football-total-points,https://kalshi.com/markets/kxncaaftotal/college-football-total-points/kxncaaftotal-26sep18houttu,Over 51.5 points scored,Over 51.5 points scored,KXNCAAFTOTAL-26SEP18HOUTTU,Houston vs Texas Tech: Total Points,KXNCAAFTOTAL,College Football Total Points,Sports,"[""Football""]",settled,binary,0,1,0.99,0.99,0.01,0.99,1,273727.19,264346.18,168427.59,0,2026-09-12T01:07:00Z,2026-09-19T03:34:34Z,2026-09-21T00:00:00Z,,yes,54,greater,51.5,,,True,2026-09-19T16:08:05+00:00
kalshi,KXARGPREMDIVGAME-26SEP18RACCAS-CAS,https://kalshi.com/markets/kxargpremdivgame/argentina-primera-division-game,https://kalshi.com/markets/kxargpremdivgame/argentina-primera-division-game/kxargpremdivgame-26sep18raccas,Junin wins,Junin,KXARGPREMDIVGAME-26SEP18RACCAS,Racing Avellaneda vs Junin,KXARGPREMDIVGAME,Argentina Primera Division Game,Sports,"[""Soccer""]",settled,binary,0,1,0.01,0.01,0.99,0.01,1,266395.77,263897.89,187963.85,0,2026-09-15T00:34:00Z,2026-09-19T02:11:56Z,2026-09-21T00:15:00Z,,no,Racing Avellaneda,structured,,,,True,2026-09-19T16:08:14+00:00
kalshi,KXDIMAYORGAME-26SEP18ADRPER-PER,https://kalshi.com/markets/kxdimayorgame/liga-dimayor-game,https://kalshi.com/markets/kxdimayorgame/liga-dimayor-game/kxdimayorgame-26sep18adrper,Pereira wins,Pereira,KXDIMAYORGAME-26SEP18ADRPER,Aguilas Doradas Rionegro vs Pereira,KXDIMAYORGAME,Liga DIMAYOR Game,Sports,"[""Soccer""]",settled,binary,0,1,0.01,0.01,0.99,0.01,1,268482.12,263416.54,114804.32,0,2026-09-14T00:35:00Z,2026-09-18T23:06:36Z,2026-09-20T21:00:00Z,,no,Tie,structured,,,,True,2026-09-19T16:08:25+00:00
kalshi,KXNCAAFTEAMTOTAL-26SEP18PRSTORE-PRST3,https://kalshi.com/markets/kxncaafteamtotal/college-football-team-total-points,https://kalshi.com/markets/kxncaafteamtotal/college-football-team-total-points/kxncaafteamtotal-26sep18prstore,Portland St. scores over 2.5 points,Portland St. over 2.5 points scored,KXNCAAFTEAMTOTAL-26SEP18PRSTORE,Portland St. vs Oregon: Team Total,KXNCAAFTEAMTOTAL,College Football Team Total Points,Sports,"[""Football""]",settled,binary,0,1,0.01,0.01,0.99,0.01,1,264238.48,262751.05,156493.23,0,2026-09-15T13:06:00Z,2026-09-19T05:53:58Z,2026-09-21T02:30:00Z,,no,"Home: 84, Away: 0",greater,2.5,,,True,2026-09-19T16:07:55+00:00
kalshi,KXMLBTOTAL-26SEP181905MILBAL-9,https://kalshi.com/markets/kxmlbtotal/pro-baseball-total-points,https://kalshi.com/markets/kxmlbtotal/pro-baseball-total-points/kxmlbtotal-26sep181905milbal,Over 8.5 runs scored,Over 8.5 runs scored,KXMLBTOTAL-26SEP181905MILBAL,Milwaukee vs Baltimore: Total Runs,KXMLBTOTAL,Pro Baseball Total Points,Sports,"[""Baseball""]",settled,binary,0,1,0.99,0.99,0.01,0.99,1,279703.56,261416.84,147605.3,0,2026-09-18T03:10:00Z,2026-09-19T02:34:24Z,2026-09-21T23:05:00Z,,yes,10,greater,8.5,,,True,2026-09-19T16:08:13+00:00
kalshi,KXDAVISCUPMATCH-26SEP19SAMAND-SAM,https://kalshi.com/markets/kxdaviscupmatch/davis-cup-match,https://kalshi.com/markets/kxdaviscupmatch/davis-cup-match/kxdaviscupmatch-26sep19samand,Toby Samuel wins,Toby Samuel,KXDAVISCUPMATCH-26SEP19SAMAND,Samuel vs Andrade,KXDAVISCUPMATCH,Davis Cup Match,Sports,"[""Tennis""]",settled,binary,0,1,0.99,0.99,0.01,0.99,1,260654.28,260654.28,126143.68,0,2026-09-18T13:55:00Z,2026-09-19T14:05:06Z,2026-10-03T12:00:00Z,,yes,Toby Samuel,structured,,,,True,2026-09-19T16:07:37+00:00
kalshi,KXLIGUE1GAME-26SEP18ASMRCL-TIE,https://kalshi.com/markets/kxligue1game/ligue-1-game,https://kalshi.com/markets/kxligue1game/ligue-1-game/kxligue1game-26sep18asmrcl,Tie is the result,Tie,KXLIGUE1GAME-26SEP18ASMRCL,Monaco vs Lens,KXLIGUE1GAME,Ligue 1 Game,Sports,"[""Soccer""]",settled,binary,0,1,0.01,0.01,0.99,0.01,1,263995.34,259072.83,134565.59,0,2026-09-04T00:38:00Z,2026-09-18T20:46:39Z,2026-09-21T00:45:00Z,,no,Monaco,structured,,,,True,2026-09-19T16:08:32+00:00
kalshi,KXBTCD-26SEP1908-T81199.99,https://kalshi.com/markets/kxbtcd/bitcoin-price-above-below,https://kalshi.com/markets/kxbtcd/bitcoin-price-above-below/kxbtcd-26sep1908,"Bitcoin price on Sep 19, 2026?","$81,200 or above",KXBTCD-26SEP1908,"BTC price on Sep 19, 2026 at 8am EDT?",KXBTCD,Bitcoin price Above/below,Crypto,"[""Hourly"", ""BTC""]",settled,binary,0,1,0.99,0.99,0.01,0.99,1,258381.29,258381.29,111367.93,0,2026-09-19T11:00:00Z,2026-09-19T12:00:00Z,2026-09-26T12:00:00Z,,yes,81286.06,greater,81199.99,,BRTI,True,2026-09-19T16:07:39+00:00
kalshi,KXBRASILEIROBGAME-26SEP18CEAGRN-GRN,https://kalshi.com/markets/kxbrasileirobgame/brasileiro-serie-b-game,https://kalshi.com/markets/kxbrasileirobgame/brasileiro-serie-b-game/kxbrasileirobgame-26sep18ceagrn,Gremio Novorizontino wins,Gremio Novorizontino,KXBRASILEIROBGAME-26SEP18CEAGRN,Ceara vs Gremio Novorizontino,KXBRASILEIROBGAME,Brasileiro Serie B Game,Sports,"[""Soccer""]",settled,binary,0,1,0.01,0.01,0.99,0.01,1,258213.48,257706.81,142604.64,0,2026-09-11T00:34:00Z,2026-09-19T01:42:41Z,2026-09-20T23:30:00Z,,no,Ceara,structured,,,,True,2026-09-19T16:08:18+00:00
kalshi,KXBTCD-26SEP1823-T81199.99,https://kalshi.com/markets/kxbtcd/bitcoin-price-above-below,https://kalshi.com/markets/kxbtcd/bitcoin-price-above-below/kxbtcd-26sep1823,"Bitcoin price on Sep 18, 2026?","$81,200 or above",KXBTCD-26SEP1823,"BTC price on Sep 18, 2026 at 11pm EDT?",KXBTCD,Bitcoin price Above/below,Crypto,"[""Hourly"", ""BTC""]",settled,binary,0,1,0.99,0.99,0.01,0.99,1,257164.76,257164.76,99925.12,0,2026-09-19T02:00:00Z,2026-09-19T03:00:00Z,2026-09-26T03:00:00Z,,yes,81268.21,greater,81199.99,,BRTI,True,2026-09-19T16:08:11+00:00
kalshi,KXATPCHALLENGERDOUBLES-26SEP18LAMWITCASSEG-LAMWIT,https://kalshi.com/markets/kxatpchallengerdoubles/atp-challenger-doubles-match,https://kalshi.com/markets/kxatpchallengerdoubles/atp-challenger-doubles-match/kxatpchallengerdoubles-26sep18lamwitcasseg,Nathaniel Lammons / Jackson Withrow wins,Nathaniel Lammons / Jackson Withrow,KXATPCHALLENGERDOUBLES-26SEP18LAMWITCASSEG,Lammons / Withrow vs Cash / Seggerman,KXATPCHALLENGERDOUBLES,ATP Challenger Doubles Match,Sports,"[""Tennis""]",settled,binary,0,1,0.99,0.99,0.01,0.99,1,257032.8,257032.8,166244.27,0,2026-09-18T08:10:00Z,2026-09-18T22:10:04Z,2026-10-02T20:00:00Z,,yes,Nathaniel Lammons / Jackson Withrow,structured,,,,True,2026-09-19T16:08:27+00:00
kalshi,KXSERIEAGAME-26SEP19BFCTOR-TIE,https://kalshi.com/markets/kxserieagame/serie-a-game,https://kalshi.com/markets/kxserieagame/serie-a-game/kxserieagame-26sep19bfctor,Tie is the result,Tie,KXSERIEAGAME-26SEP19BFCTOR,Bologna vs Torino,KXSERIEAGAME,Serie A Game,Sports,"[""Soccer""]",settled,binary,0,1,0.99,0.99,0.01,0.99,1,256984.45,256752.34,204303.98,0,2026-09-05T00:45:00Z,2026-09-19T15:15:41Z,2026-09-21T19:00:00Z,,yes,Tie,structured,,,,True,2026-09-19T16:07:35+00:00
kalshi,KXBUNDESLIGAGAME-26SEP19BMGM05-BMG,https://kalshi.com/markets/kxbundesligagame/bundesliga-game,https://kalshi.com/markets/kxbundesligagame/bundesliga-game/kxbundesligagame-26sep19bmgm05,M´gladbach wins,M´gladbach,KXBUNDESLIGAGAME-26SEP19BMGM05,M´gladbach vs Mainz,KXBUNDESLIGAGAME,Bundesliga Game,Sports,"[""Soccer""]",settled,binary,0,1,0.01,0.01,0.99,0.01,1,256214.93,255499.97,86084.59,0,2026-09-05T00:39:00Z,2026-09-19T15:54:31Z,2026-09-21T19:30:00Z,,no,Mainz,structured,,,,True,2026-09-19T16:07:35+00:00
kalshi,KXNCAAFSPREAD-26SEP18MIAWAKE-MIA7,https://kalshi.com/markets/kxncaafspread/college-football-spread,https://kalshi.com/markets/kxncaafspread/college-football-spread/kxncaafspread-26sep18miawake,Miami (FL) wins by over 6.5 points,Miami (FL) wins by over 6.5 points,KXNCAAFSPREAD-26SEP18MIAWAKE,Miami (FL) vs Wake Forest: Spread,KXNCAAFSPREAD,College Football Spread,Sports,"[""Football""]",settled,binary,0,1,0.99,0.99,0.01,0.99,1,262835.51,254174.2,173265.66,0,2026-09-12T01:07:00Z,2026-09-19T03:14:36Z,2026-09-20T23:30:00Z,,yes,13,greater,6.5,,,True,2026-09-19T16:08:06+00:00
kalshi,KXWTADOUBLES-26SEP17GLEPITKOBPLI-KOBPLI,https://kalshi.com/markets/kxwtadoubles/wta-doubles-tennis-match,https://kalshi.com/markets/kxwtadoubles/wta-doubles-tennis-match/kxwtadoubles-26sep17glepitkobpli,Momoko Kobori / Peangtarn Plipuech wins,Momoko Kobori / Peangtarn Plipuech,KXWTADOUBLES-26SEP17GLEPITKOBPLI,Gleason / Piter vs Kobori / Plipuech,KXWTADOUBLES,WTA Doubles Tennis Match,Sports,"[""Tennis""]",settled,binary,0,1,0.99,0.99,0.01,0.99,1,251253.65,250944.41,124497.3,0,2026-09-16T21:18:00Z,2026-09-18T22:45:05Z,2026-10-01T18:00:00Z,,yes,Momoko Kobori / Peangtarn Plipuech,structured,,,,True,2026-09-19T16:08:27+00:00
kalshi,KXNCAAFSPREAD-26SEP18MIAWAKE-MIA15,https://kalshi.com/markets/kxncaafspread/college-football-spread,https://kalshi.com/markets/kxncaafspread/college-football-spread/kxncaafspread-26sep18miawake,Miami (FL) wins by over 14.5 points,Miami (FL) wins by over 14.5 points,KXNCAAFSPREAD-26SEP18MIAWAKE,Miami (FL) vs Wake Forest: Spread,KXNCAAFSPREAD,College Football Spread,Sports,"[""Football""]",settled,binary,0,1,0.01,0.01,0.99,0.01,1,256882.99,250246.67,112653.83,0,2026-09-12T01:07:00Z,2026-09-19T03:14:37Z,2026-09-20T23:30:00Z,,no,13,greater,14.5,,,True,2026-09-19T16:08:06+00:00
kalshi,KXBTCD-26SEP1816-T80999.99,https://kalshi.com/markets/kxbtcd/bitcoin-price-above-below,https://kalshi.com/markets/kxbtcd/bitcoin-price-above-below/kxbtcd-26sep1816,"Bitcoin price on Sep 18, 2026?","$81,000 or above",KXBTCD-26SEP1816,"BTC price on Sep 18, 2026 at 4pm EDT?",KXBTCD,Bitcoin price Above/below,Crypto,"[""Hourly"", ""BTC""]",settled,binary,0,1,0.99,0.99,0.01,0.99,1,247177.26,247177.26,81256.35,0,2026-09-18T19:00:00Z,2026-09-18T20:00:00Z,2026-09-25T20:00:00Z,,yes,81210.88,greater,80999.99,,BRTI,True,2026-09-19T16:08:35+00:00
kalshi,KXLIGAMXTOTAL-26SEP18PUEALA-3,https://kalshi.com/markets/kxligamxtotal/liga-mx-total,https://kalshi.com/markets/kxligamxtotal/liga-mx-total/kxligamxtotal-26sep18pueala,Will over 2.5 goals be scored?,Over 2.5 goals scored,KXLIGAMXTOTAL-26SEP18PUEALA,Puebla vs Atlante: Total Goals,KXLIGAMXTOTAL,Liga MX Total,Sports,"[""Soccer""]",settled,binary,0,1,0.01,0.01,0.99,0.01,1,250997.11,247130.42,109804.5,0,2026-09-12T01:07:00Z,2026-09-19T03:05:14Z,2026-09-21T01:00:00Z,,no,2,greater,2.5,,,True,2026-09-19T16:08:08+00:00
kalshi,KXDAVISCUPMATCH-26SEP18MOLDIM-DIM,https://kalshi.com/markets/kxdaviscupmatch/davis-cup-match,https://kalshi.com/markets/kxdaviscupmatch/davis-cup-match/kxdaviscupmatch-26sep18moldim,Grigor Dimitrov wins,Grigor Dimitrov,KXDAVISCUPMATCH-26SEP18MOLDIM,Moller vs Dimitrov,KXDAVISCUPMATCH,Davis Cup Match,Sports,"[""Tennis""]",settled,binary,0,1,0.99,0.99,0.01,0.99,1,356537.34,246896.11,206815.85,0,2026-09-17T11:45:00Z,2026-09-18T16:40:14Z,2026-10-02T08:00:00Z,,yes,Grigor Dimitrov,structured,,,,True,2026-09-19T16:08:45+00:00
kalshi,KXATPCHALLENGERMATCH-26SEP19SHABAR-BAR,https://kalshi.com/markets/kxatpchallengermatch/challenger-atp,https://kalshi.com/markets/kxatpchallengermatch/challenger-atp/kxatpchallengermatch-26sep19shabar,Petr Bar Biryukov wins,Petr Bar Biryukov,KXATPCHALLENGERMATCH-26SEP19SHABAR,Sharipov vs Bar Biryukov,KXATPCHALLENGERMATCH,Challenger ATP ,Sports,"[""Tennis""]",settled,binary,0,1,0.01,0.01,0.99,0.01,1,246863.12,246863.12,183710.55,0,2026-09-18T21:41:00Z,2026-09-19T11:35:02Z,2026-10-03T09:30:00Z,,no,Marat Sharipov,structured,,,,True,2026-09-19T16:07:40+00:00
kalshi,KXSERIEAGAME-26SEP19UDICAG-CAG,https://kalshi.com/markets/kxserieagame/serie-a-game,https://kalshi.com/markets/kxserieagame/serie-a-game/kxserieagame-26sep19udicag,Cagliari wins,Cagliari,KXSERIEAGAME-26SEP19UDICAG,Udinese vs Cagliari,KXSERIEAGAME,Serie A Game,Sports,"[""Soccer""]",settled,binary,0,1,0.99,0.99,0.01,0.99,1,247238.12,245888.19,128250.56,0,2026-09-05T00:45:00Z,2026-09-19T15:06:14Z,2026-09-21T19:00:00Z,,yes,Cagliari,structured,,,,True,2026-09-19T16:07:35+00:00
kalshi,KXBTCD-26SEP1817-T81999.99,https://kalshi.com/markets/kxbtcd/bitcoin-price-above-below,https://kalshi.com/markets/kxbtcd/bitcoin-price-above-below/kxbtcd-26sep1817,"Bitcoin price on Sep 18, 2026?","$82,000 or above",KXBTCD-26SEP1817,"BTC price on Sep 18, 2026 at 5pm EDT?",KXBTCD,Bitcoin price Above/below,Crypto,"[""Hourly"", ""BTC""]",settled,binary,0,1,0.01,0.01,0.99,0.01,1,356667.83,245458.46,191483.67,0,2026-09-11T20:00:00Z,2026-09-18T21:00:00Z,2026-09-25T21:00:00Z,,no,81077.63,greater,81999.99,,BRTI,True,2026-09-19T16:08:31+00:00
kalshi,KXWTAMATCH-26SEP18GARPER-PER,https://kalshi.com/markets/kxwtamatch/wta-tennis-match,https://kalshi.com/markets/kxwtamatch/wta-tennis-match/kxwtamatch-26sep18garper,Ellen Perez wins,Ellen Perez,KXWTAMATCH-26SEP18GARPER,Garland vs Perez,KXWTAMATCH,WTA Tennis Match,Sports,"[""Tennis""]",settled,binary,0,1,0.01,0.01,0.99,0.01,1,245971.63,245355.8,113712.52,0,2026-09-18T09:45:00Z,2026-09-19T07:15:13Z,2026-10-03T03:00:00Z,,no,Joanna Garland,structured,,,,True,2026-09-19T16:07:50+00:00
kalshi,KXJLEAGUEGAME-26SEP19AVISAN-AVI,https://kalshi.com/markets/kxjleaguegame/japan-j-league-game,https://kalshi.com/markets/kxjleaguegame/japan-j-league-game/kxjleaguegame-26sep19avisan,Avispa wins,Avispa,KXJLEAGUEGAME-26SEP19AVISAN,Avispa vs Hiroshima,KXJLEAGUEGAME,Japan J League Game,Sports,"[""Soccer""]",settled,binary,0,1,0.01,0.01,0.99,0.01,1,245454.43,244853.15,128969.3,0,2026-09-12T00:37:00Z,2026-09-19T11:24:34Z,2026-09-21T09:00:00Z,,no,Hiroshima,structured,,,,True,2026-09-19T16:07:40+00:00
kalshi,KXETH15M-26SEP181745-45,https://kalshi.com/markets/kxeth15m/eth-15m-price-up-down,https://kalshi.com/markets/kxeth15m/eth-15m-price-up-down/kxeth15m-26sep181745,ETH price up in next 15 mins?,"Target Price: $2,631.76",KXETH15M-26SEP181745,"ETH 15 min · $2,631.76 target",KXETH15M,ETH 15M price up down,Crypto,"[""ETH"", ""15 min""]",settled,binary,0,1,0.001,0.001,0.999,0.001,1,243356.24,243356.24,77649.1,0,2026-09-18T21:30:00Z,2026-09-18T21:45:00Z,2026-09-25T21:45:00Z,,no,2629.34,greater_or_equal,2631.76,,,True,2026-09-19T16:08:30+00:00
kalshi,KXBTCD-26SEP1906-T81399.99,https://kalshi.com/markets/kxbtcd/bitcoin-price-above-below,https://kalshi.com/markets/kxbtcd/bitcoin-price-above-below/kxbtcd-26sep1906,"Bitcoin price on Sep 19, 2026?","$81,400 or above",KXBTCD-26SEP1906,"BTC price on Sep 19, 2026 at 6am EDT?",KXBTCD,Bitcoin price Above/below,Crypto,"[""Hourly"", ""BTC""]",settled,binary,0,1,0.01,0.01,0.99,0.01,1,241497.88,241497.88,43937.16,0,2026-09-19T09:00:00Z,2026-09-19T10:00:00Z,2026-09-26T10:00:00Z,,no,81311.36,greater,81399.99,,BRTI,True,2026-09-19T16:07:44+00:00
kalshi,KXDAVISCUPMATCH-26SEP18RUURIG-RIG,https://kalshi.com/markets/kxdaviscupmatch/davis-cup-match,https://kalshi.com/markets/kxdaviscupmatch/davis-cup-match/kxdaviscupmatch-26sep18ruurig,Rigele TE wins,Rigele TE,KXDAVISCUPMATCH-26SEP18RUURIG,Ruud vs TE,KXDAVISCUPMATCH,Davis Cup Match,Sports,"[""Tennis""]",settled,binary,0,1,0.01,0.01,0.99,0.01,1,266243.53,241018.14,175208.35,0,2026-09-17T16:05:00Z,2026-09-18T17:58:13Z,2026-10-02T16:00:00Z,,no,Casper Ruud,structured,,,,True,2026-09-19T16:08:42+00:00
kalshi,KXMLBTOTAL-26SEP182010ATLHOU-7,https://kalshi.com/markets/kxmlbtotal/pro-baseball-total-points,https://kalshi.com/markets/kxmlbtotal/pro-baseball-total-points/kxmlbtotal-26sep182010atlhou,Over 6.5 runs scored,Over 6.5 runs scored,KXMLBTOTAL-26SEP182010ATLHOU,Atlanta vs Houston: Total Runs,KXMLBTOTAL,Pro Baseball Total Points,Sports,"[""Baseball""]",settled,binary,0,1,0.99,0.99,0.01,0.99,1,240588.78,240214.59,66834.2,0,2026-09-17T23:00:00Z,2026-09-19T02:55:01Z,2026-09-22T00:10:00Z,,yes,8,greater,6.5,,,True,2026-09-19T16:08:12+00:00
kalshi,KXMLBTOTAL-26SEP181840CHCCIN-9,https://kalshi.com/markets/kxmlbtotal/pro-baseball-total-points,https://kalshi.com/markets/kxmlbtotal/pro-baseball-total-points/kxmlbtotal-26sep181840chccin,Over 8.5 runs scored,Over 8.5 runs scored,KXMLBTOTAL-26SEP181840CHCCIN,Chicago C vs Cincinnati: Total Runs,KXMLBTOTAL,Pro Baseball Total Points,Sports,"[""Baseball""]",settled,binary,0,1,0.99,0.99,0.01,0.99,1,261026.72,239938.56,151963.44,0,2026-09-18T03:20:00Z,2026-09-19T00:44:30Z,2026-09-21T22:40:00Z,,yes,10,greater,8.5,,,True,2026-09-19T16:08:21+00:00
kalshi,KXNCAAFSPREAD-26SEP18MIAWAKE-MIA31,https://kalshi.com/markets/kxncaafspread/college-football-spread,https://kalshi.com/markets/kxncaafspread/college-football-spread/kxncaafspread-26sep18miawake,Miami (FL) wins by over 30.5 points,Miami (FL) wins by over 30.5 points,KXNCAAFSPREAD-26SEP18MIAWAKE,Miami (FL) vs Wake Forest: Spread,KXNCAAFSPREAD,College Football Spread,Sports,"[""Football""]",settled,binary,0,1,0.01,0.01,0.99,0.01,1,246599.44,239602.27,133034.37,0,2026-09-12T01:07:00Z,2026-09-19T03:14:38Z,2026-09-20T23:30:00Z,,no,13,greater,30.5,,,True,2026-09-19T16:08:06+00:00
kalshi,KXPERLIGA1GAME-26SEP18AATCOM-AAT,https://kalshi.com/markets/kxperliga1game/peru-liga-1-game,https://kalshi.com/markets/kxperliga1game/peru-liga-1-game/kxperliga1game-26sep18aatcom,Alianza Atletico wins,Alianza Atletico,KXPERLIGA1GAME-26SEP18AATCOM,Alianza Atletico vs Comerciantes U.,KXPERLIGA1GAME,Peru Liga 1 Game,Sports,"[""Soccer""]",settled,binary,0,1,0.99,0.99,0.01,0.99,1,240226.46,239350.57,128130.46,0,2026-09-14T00:37:00Z,2026-09-18T22:07:02Z,2026-09-20T20:00:00Z,,yes,Alianza Atletico,structured,,,,True,2026-09-19T16:08:27+00:00
kalshi,KXBTCD-26SEP1903-T81099.99,https://kalshi.com/markets/kxbtcd/bitcoin-price-above-below,https://kalshi.com/markets/kxbtcd/bitcoin-price-above-below/kxbtcd-26sep1903,"Bitcoin price on Sep 19, 2026?","$81,100 or above",KXBTCD-26SEP1903,"BTC price on Sep 19, 2026 at 3am EDT?",KXBTCD,Bitcoin price Above/below,Crypto,"[""Hourly"", ""BTC""]",settled,binary,0,1,0.01,0.01,0.99,0.01,1,239229.72,239229.72,81092.59,0,2026-09-19T06:00:00Z,2026-09-19T07:00:00Z,2026-09-26T07:00:00Z,,no,81013.63,greater,81099.99,,BRTI,True,2026-09-19T16:07:52+00:00
kalshi,KXNCAAFSPREAD-26SEP18MIAWAKE-MIA24,https://kalshi.com/markets/kxncaafspread/college-football-spread,https://kalshi.com/markets/kxncaafspread/college-football-spread/kxncaafspread-26sep18miawake,Miami (FL) wins by over 23.5 points,Miami (FL) wins by over 23.5 points,KXNCAAFSPREAD-26SEP18MIAWAKE,Miami (FL) vs Wake Forest: Spread,KXNCAAFSPREAD,College Football Spread,Sports,"[""Football""]",settled,binary,0,1,0.01,0.01,0.99,0.01,1,261022.93,237467.76,124771.34,0,2026-09-12T01:07:00Z,2026-09-19T03:14:38Z,2026-09-20T23:30:00Z,,no,13,greater,23.5,,,True,2026-09-19T16:08:06+00:00
kalshi,KXNPBGAME-26SEP190100FUKTOH-FUK,https://kalshi.com/markets/kxnpbgame/japan-npb-game,https://kalshi.com/markets/kxnpbgame/japan-npb-game/kxnpbgame-26sep190100fuktoh,Fukuoka Hawks wins,Fukuoka Hawks,KXNPBGAME-26SEP190100FUKTOH,Fukuoka Hawks vs Tohoku Rakuten Golden Eagles,KXNPBGAME,Japan NPB Game,Sports,"[""Baseball""]",settled,binary,0,1,0.01,0.01,0.99,0.01,1,238485.73,237425.57,150723.73,0,2026-09-16T04:11:00Z,2026-09-19T08:10:18Z,2026-09-21T05:00:00Z,,no,Tohoku Rakuten Golden Eagles,structured,,,,True,2026-09-19T16:07:47+00:00
kalshi,KXBTCD-26SEP1912-T81499.99,https://kalshi.com/markets/kxbtcd/bitcoin-price-above-below,https://kalshi.com/markets/kxbtcd/bitcoin-price-above-below/kxbtcd-26sep1912,"Bitcoin price on Sep 19, 2026?","$81,500 or above",KXBTCD-26SEP1912,"BTC price on Sep 19, 2026 at 12pm EDT?",KXBTCD,Bitcoin price Above/below,Crypto,"[""Hourly"", ""BTC""]",settled,binary,0,1,0.99,0.99,0.01,0.99,1,236418.54,236418.54,64169.94,0,2026-09-19T15:00:00Z,2026-09-19T16:00:00Z,2026-09-26T16:00:00Z,,yes,81603.44,greater,81499.99,,BRTI,True,2026-09-19T16:07:35+00:00
kalshi,KXITFMATCH-26SEP19JUHPRI-PRI,https://kalshi.com/markets/kxitfmatch/itf-men-s-match,https://kalshi.com/markets/kxitfmatch/itf-men-s-match/kxitfmatch-26sep19juhpri,Oleg Prihodko wins,Oleg Prihodko,KXITFMATCH-26SEP19JUHPRI,Juhas vs Prihodko,KXITFMATCH,ITF Men's Match,Sports,"[""Tennis""]",settled,binary,0,1,0.01,0.01,0.99,0.01,1,235469.01,235469.01,136408.56,0,2026-09-18T20:11:00Z,2026-09-19T10:19:49Z,2026-10-03T08:00:00Z,,no,Kristijan Juhas,structured,,,,True,2026-09-19T16:07:41+00:00
kalshi,KXMLBSPREAD-26SEP181910ATHCLE-CLE2,https://kalshi.com/markets/kxmlbspread/pro-baseball-spread,https://kalshi.com/markets/kxmlbspread/pro-baseball-spread/kxmlbspread-26sep181910athcle,Cleveland wins by over 1.5 runs?,Cleveland wins by over 1.5 runs,KXMLBSPREAD-26SEP181910ATHCLE,A's vs Cleveland: Spread,KXMLBSPREAD,Pro Baseball Spread,Sports,"[""Baseball""]",settled,binary,0,1,0.99,0.99,0.01,0.99,1,257503.2,235397.7,188953.37,0,2026-09-17T23:00:00Z,2026-09-19T01:49:47Z,2026-09-21T23:10:00Z,,yes,2,greater,1.5,,,True,2026-09-19T16:08:16+00:00
kalshi,KXELITESERIENGAME-26SEP18SARKFU-KFU,https://kalshi.com/markets/kxeliteseriengame/eliteserien-game,https://kalshi.com/markets/kxeliteseriengame/eliteserien-game/kxeliteseriengame-26sep18sarkfu,KFUM Oslo wins,KFUM Oslo,KXELITESERIENGAME-26SEP18SARKFU,Sarpsborg vs KFUM Oslo,KXELITESERIENGAME,Eliteserien Game,Sports,"[""Soccer""]",settled,binary,0,1,0.99,0.99,0.01,0.99,1,236311.56,235266.12,161617.88,0,2026-09-14T00:35:00Z,2026-09-18T19:03:28Z,2026-09-20T17:00:00Z,,yes,KFUM Oslo,structured,,,,True,2026-09-19T16:08:36+00:00
kalshi,KXWTAMATCH-26SEP18RADMOR-MOR,https://kalshi.com/markets/kxwtamatch/wta-tennis-match,https://kalshi.com/markets/kxwtamatch/wta-tennis-match/kxwtamatch-26sep18radmor,Viktoria Morvayova wins,Viktoria Morvayova,KXWTAMATCH-26SEP18RADMOR,Radisic vs Morvayova,KXWTAMATCH,WTA Tennis Match,Sports,"[""Tennis""]",settled,binary,0,1,0.99,0.99,0.01,0.99,1,235243.41,235243.41,147532.86,0,2026-09-18T09:45:00Z,2026-09-19T08:30:07Z,2026-10-03T03:00:00Z,,yes,Viktoria Morvayova,structured,,,,True,2026-09-19T16:07:47+00:00
kalshi,KXNCAAFTOTAL-26SEP18HOUTTU-51,https://kalshi.com/markets/kxncaaftotal/college-football-total-points,https://kalshi.com/markets/kxncaaftotal/college-football-total-points/kxncaaftotal-26sep18houttu,Over 50.5 points scored,Over 50.5 points scored,KXNCAAFTOTAL-26SEP18HOUTTU,Houston vs Texas Tech: Total Points,KXNCAAFTOTAL,College Football Total Points,Sports,"[""Football""]",settled,binary,0,1,0.99,0.99,0.01,0.99,1,238508.34,235192.89,108870.38,0,2026-09-12T01:07:00Z,2026-09-19T03:34:34Z,2026-09-21T00:00:00Z,,yes,54,greater,50.5,,,True,2026-09-19T16:08:05+00:00
kalshi,KXBTCD-26SEP1821-T80999.99,https://kalshi.com/markets/kxbtcd/bitcoin-price-above-below,https://kalshi.com/markets/kxbtcd/bitcoin-price-above-below/kxbtcd-26sep1821,"Bitcoin price on Sep 18, 2026?","$81,000 or above",KXBTCD-26SEP1821,"BTC price on Sep 18, 2026 at 9pm EDT?",KXBTCD,Bitcoin price Above/below,Crypto,"[""Hourly"", ""BTC""]",settled,binary,0,1,0.99,0.99,0.01,0.99,1,234483.4,234483.4,69951.2,0,2026-09-19T00:00:00Z,2026-09-19T01:00:00Z,2026-09-26T01:00:00Z,,yes,81620.47,greater,80999.99,,BRTI,True,2026-09-19T16:08:20+00:00
kalshi,KXDAVISCUPMATCH-26SEP18RUNRAD-RAD,https://kalshi.com/markets/kxdaviscupmatch/davis-cup-match,https://kalshi.com/markets/kxdaviscupmatch/davis-cup-match/kxdaviscupmatch-26sep18runrad,Iliyan Radulov wins,Iliyan Radulov,KXDAVISCUPMATCH-26SEP18RUNRAD,Rune vs Radulov,KXDAVISCUPMATCH,Davis Cup Match,Sports,"[""Tennis""]",settled,binary,0,1,0.01,0.01,0.99,0.01,1,235051.97,234348.9,141552.72,0,2026-09-17T11:45:00Z,2026-09-18T18:30:16Z,2026-10-02T08:00:00Z,,no,Holger Rune,structured,,,,True,2026-09-19T16:08:39+00:00
kalshi,KXBUNDESLIGAGAME-26SEP19HSVKOE-HSV,https://kalshi.com/markets/kxbundesligagame/bundesliga-game,https://kalshi.com/markets/kxbundesligagame/bundesliga-game/kxbundesligagame-26sep19hsvkoe,Hamburg wins,Hamburg,KXBUNDESLIGAGAME-26SEP19HSVKOE,Hamburg vs FC Köln,KXBUNDESLIGAGAME,Bundesliga Game,Sports,"[""Soccer""]",settled,binary,0,1,0.99,0.99,0.01,0.99,1,235644.17,234209.57,138001.29,0,2026-09-05T00:39:00Z,2026-09-19T15:35:17Z,2026-09-21T19:30:00Z,,yes,Hamburg,structured,,,,True,2026-09-19T16:07:35+00:00
kalshi,KXBTCD-26SEP1815-T80799.99,https://kalshi.com/markets/kxbtcd/bitcoin-price-above-below,https://kalshi.com/markets/kxbtcd/bitcoin-price-above-below/kxbtcd-26sep1815,"Bitcoin price on Sep 18, 2026?","$80,800 or above",KXBTCD-26SEP1815,"BTC price on Sep 18, 2026 at 3pm EDT?",KXBTCD,Bitcoin price Above/below,Crypto,"[""Hourly"", ""BTC""]",settled,binary,0,1,0.99,0.99,0.01,0.99,1,232439.38,232439.38,77902.41,0,2026-09-18T18:00:00Z,2026-09-18T19:00:00Z,2026-09-25T19:00:00Z,,yes,80933.92,greater,80799.99,,BRTI,True,2026-09-19T16:08:38+00:00
kalshi,KXDIMAYORGAME-26SEP18ADRPER-TIE,https://kalshi.com/markets/kxdimayorgame/liga-dimayor-game,https://kalshi.com/markets/kxdimayorgame/liga-dimayor-game/kxdimayorgame-26sep18adrper,Tie is the result,Tie,KXDIMAYORGAME-26SEP18ADRPER,Aguilas Doradas Rionegro vs Pereira,KXDIMAYORGAME,Liga DIMAYOR Game,Sports,"[""Soccer""]",settled,binary,0,1,0.99,0.99,0.01,0.99,1,232413.52,231989.96,98113.84,0,2026-09-14T00:35:00Z,2026-09-18T23:06:36Z,2026-09-20T21:00:00Z,,yes,Tie,structured,,,,True,2026-09-19T16:08:25+00:00
kalshi,KXNCAAF1HTOTAL-26SEP18HOUTTU-28,https://kalshi.com/markets/kxncaaf1htotal/college-football-1st-half-total,https://kalshi.com/markets/kxncaaf1htotal/college-football-1st-half-total/kxncaaf1htotal-26sep18houttu,Over 27.5 1H points scored,Over 27.5 1H points scored,KXNCAAF1HTOTAL-26SEP18HOUTTU,Houston vs Texas Tech: 1st Half Total,KXNCAAF1HTOTAL,College Football 1st Half Total,Sports,"[""Football""]",settled,binary,0,1,0.99,0.99,0.01,0.99,1,239468.55,231928.93,151269.33,0,2026-09-14T10:20:00Z,2026-09-19T01:44:30Z,2026-09-21T00:00:00Z,,yes,31,greater,27.5,,,True,2026-09-19T16:08:18+00:00
kalshi,KXBTCD-26SEP1912-T81899.99,https://kalshi.com/markets/kxbtcd/bitcoin-price-above-below,https://kalshi.com/markets/kxbtcd/bitcoin-price-above-below/kxbtcd-26sep1912,"Bitcoin price on Sep 19, 2026?","$81,900 or above",KXBTCD-26SEP1912,"BTC price on Sep 19, 2026 at 12pm EDT?",KXBTCD,Bitcoin price Above/below,Crypto,"[""Hourly"", ""BTC""]",settled,binary,0,1,0.01,0.01,0.99,0.01,1,230941.01,230941.01,59759.01,0,2026-09-19T15:00:00Z,2026-09-19T16:00:00Z,2026-09-26T16:00:00Z,,no,81603.44,greater,81899.99,,BRTI,True,2026-09-19T16:07:35+00:00
kalshi,KXBTCD-26SEP1819-T80999.99,https://kalshi.com/markets/kxbtcd/bitcoin-price-above-below,https://kalshi.com/markets/kxbtcd/bitcoin-price-above-below/kxbtcd-26sep1819,"Bitcoin price on Sep 18, 2026?","$81,000 or above",KXBTCD-26SEP1819,"BTC price on Sep 18, 2026 at 7pm EDT?",KXBTCD,Bitcoin price Above/below,Crypto,"[""Hourly"", ""BTC""]",settled,binary,0,1,0.99,0.99,0.01,0.99,1,230770.51,230770.51,95887.48,0,2026-09-18T22:00:00Z,2026-09-18T23:00:00Z,2026-09-25T23:00:00Z,,yes,81141.05,greater,80999.99,,BRTI,True,2026-09-19T16:08:27+00:00
kalshi,KXDAVISCUPMATCH-26SEP18MOLDIM-MOL,https://kalshi.com/markets/kxdaviscupmatch/davis-cup-match,https://kalshi.com/markets/kxdaviscupmatch/davis-cup-match/kxdaviscupmatch-26sep18moldim,Elmer Moller wins,Elmer Moller,KXDAVISCUPMATCH-26SEP18MOLDIM,Moller vs Dimitrov,KXDAVISCUPMATCH,Davis Cup Match,Sports,"[""Tennis""]",settled,binary,0,1,0.01,0.01,0.99,0.01,1,355218.54,230595.65,227286.86,0,2026-09-17T11:45:00Z,2026-09-18T16:40:14Z,2026-10-02T08:00:00Z,,no,Grigor Dimitrov,structured,,,,True,2026-09-19T16:08:45+00:00
kalshi,KXNCAAFSPREAD-26SEP18HOUTTU-TTU6,https://kalshi.com/markets/kxncaafspread/college-football-spread,https://kalshi.com/markets/kxncaafspread/college-football-spread/kxncaafspread-26sep18houttu,Texas Tech wins by over 5.5 points,Texas Tech wins by over 5.5 points,KXNCAAFSPREAD-26SEP18HOUTTU,Houston vs Texas Tech: Spread,KXNCAAFSPREAD,College Football Spread,Sports,"[""Football""]",settled,binary,0,1,0.01,0.01,0.99,0.01,1,231887.5,230451.53,104429.89,0,2026-09-12T01:07:00Z,2026-09-19T03:34:34Z,2026-09-21T00:00:00Z,,no,2,greater,5.5,,,True,2026-09-19T16:08:05+00:00
kalshi,KXSERIEAGAME-26SEP18MONSAS-TIE,https://kalshi.com/markets/kxserieagame/serie-a-game,https://kalshi.com/markets/kxserieagame/serie-a-game/kxserieagame-26sep18monsas,Tie is the result,Tie,KXSERIEAGAME-26SEP18MONSAS,Monza vs Sassuolo,KXSERIEAGAME,Serie A Game,Sports,"[""Soccer""]",settled,binary,0,1,0.01,0.01,0.99,0.01,1,329449,229491.62,204118.97,0,2026-09-04T00:39:00Z,2026-09-18T20:46:40Z,2026-09-21T00:45:00Z,,no,Monza,structured,,,,True,2026-09-19T16:08:32+00:00
kalshi,KXNCAAF1HSPREAD-26SEP18MIAWAKE-MIA10,https://kalshi.com/markets/kxncaaf1hspread/college-football-1st-half-spread,https://kalshi.com/markets/kxncaaf1hspread/college-football-1st-half-spread/kxncaaf1hspread-26sep18miawake,Miami (FL) wins 1H by over 9.5 points,Miami (FL) wins 1H by over 9.5 points,KXNCAAF1HSPREAD-26SEP18MIAWAKE,Miami (FL) vs Wake Forest: 1st Half Spread,KXNCAAF1HSPREAD,College Football 1st Half Spread,Sports,"[""Football""]",settled,binary,0,1,0.99,0.99,0.01,0.99,1,237095.48,228948.57,133504.1,0,2026-09-14T10:20:00Z,2026-09-19T01:08:08Z,2026-09-20T23:30:00Z,,yes,17,greater,9.5,,,True,2026-09-19T16:08:18+00:00
kalshi,KXNCAAFTOTAL-26SEP18HOUTTU-50,https://kalshi.com/markets/kxncaaftotal/college-football-total-points,https://kalshi.com/markets/kxncaaftotal/college-football-total-points/kxncaaftotal-26sep18houttu,Over 49.5 points scored,Over 49.5 points scored,KXNCAAFTOTAL-26SEP18HOUTTU,Houston vs Texas Tech: Total Points,KXNCAAFTOTAL,College Football Total Points,Sports,"[""Football""]",settled,binary,0,1,0.99,0.99,0.01,0.99,1,231475.44,228333.96,137983.63,0,2026-09-12T01:07:00Z,2026-09-19T03:34:34Z,2026-09-21T00:00:00Z,,yes,54,greater,49.5,,,True,2026-09-19T16:08:05+00:00
kalshi,KXITFWMATCH-26SEP18ZHAWEI-WEI,https://kalshi.com/markets/kxitfwmatch/itf-women-s-match,https://kalshi.com/markets/kxitfwmatch/itf-women-s-match/kxitfwmatch-26sep18zhawei,Sijia Wei wins,Sijia Wei,KXITFWMATCH-26SEP18ZHAWEI,Zhang vs Wei,KXITFWMATCH,ITF Women's Match,Sports,"[""Tennis""]",settled,binary,0,1,0.99,0.99,0.01,0.99,1,226477.31,226475.8,145912.01,0,2026-09-18T10:11:00Z,2026-09-19T03:50:04Z,2026-10-03T02:00:00Z,,yes,Sijia Wei,structured,,,,True,2026-09-19T16:08:04+00:00
kalshi,KXNCAAFSPREAD-26SEP18MIAWAKE-MIA12,https://kalshi.com/markets/kxncaafspread/college-football-spread,https://kalshi.com/markets/kxncaafspread/college-football-spread/kxncaafspread-26sep18miawake,Miami (FL) wins by over 11.5 points,Miami (FL) wins by over 11.5 points,KXNCAAFSPREAD-26SEP18MIAWAKE,Miami (FL) vs Wake Forest: Spread,KXNCAAFSPREAD,College Football Spread,Sports,"[""Football""]",settled,binary,0,1,0.99,0.99,0.01,0.99,1,227009.13,225735.24,108173.4,0,2026-09-12T01:07:00Z,2026-09-19T03:14:37Z,2026-09-20T23:30:00Z,,yes,13,greater,11.5,,,True,2026-09-19T16:08:06+00:00
kalshi,KXT20MATCH-26SEP182100HKGJAP-JAP,https://kalshi.com/markets/kxt20match/men-s-t20-cricket-match,https://kalshi.com/markets/kxt20match/men-s-t20-cricket-match/kxt20match-26sep182100hkgjap,Japan wins,Japan,KXT20MATCH-26SEP182100HKGJAP,Japan vs Hong Kong,KXT20MATCH,Men's T20 Cricket Match,Sports,"[""Cricket""]",settled,binary,0,1,0.01,0.01,0.99,0.01,1,225010.05,224037.13,104184.27,0,2026-09-18T00:10:00Z,2026-09-19T04:20:06Z,2026-09-21T05:00:00Z,,no,Hong Kong,structured,,,,True,2026-09-19T16:08:01+00:00
kalshi,KXBTCD-26SEP1901-T81199.99,https://kalshi.com/markets/kxbtcd/bitcoin-price-above-below,https://kalshi.com/markets/kxbtcd/bitcoin-price-above-below/kxbtcd-26sep1901,"Bitcoin price on Sep 19, 2026?","$81,200 or above",KXBTCD-26SEP1901,"BTC price on Sep 19, 2026 at 1am EDT?",KXBTCD,Bitcoin price Above/below,Crypto,"[""Hourly"", ""BTC""]",settled,binary,0,1,0.01,0.01,0.99,0.01,1,223819.29,223819.29,102947.56,0,2026-09-19T04:00:00Z,2026-09-19T05:00:00Z,2026-09-26T05:00:00Z,,no,80996.79,greater,81199.99,,BRTI,True,2026-09-19T16:07:58+00:00
kalshi,KXLALIGABTTS-26SEP18ESPELC-BTTS,https://kalshi.com/markets/kxlaligabtts/la-liga-btts,https://kalshi.com/markets/kxlaligabtts/la-liga-btts/kxlaligabtts-26sep18espelc,Both Teams To Score,Both Teams To Score,KXLALIGABTTS-26SEP18ESPELC,Espanyol vs Elche: BTTS,KXLALIGABTTS,La Liga BTTS,Sports,"[""Soccer""]",settled,binary,0,1,0.99,0.99,0.01,0.99,1,259795.87,221948.91,125930.36,0,2026-09-11T19:07:00Z,2026-09-18T20:59:38Z,2026-09-20T19:00:00Z,,yes,YES,,,,,True,2026-09-19T16:08:32+00:00
kalshi,KXWTADOUBLES-26SEP17GLEPITKOBPLI-GLEPIT,https://kalshi.com/markets/kxwtadoubles/wta-doubles-tennis-match,https://kalshi.com/markets/kxwtadoubles/wta-doubles-tennis-match/kxwtadoubles-26sep17glepitkobpli,Quinn Gleason / Katarzyna Piter wins,Quinn Gleason / Katarzyna Piter,KXWTADOUBLES-26SEP17GLEPITKOBPLI,Gleason / Piter vs Kobori / Plipuech,KXWTADOUBLES,WTA Doubles Tennis Match,Sports,"[""Tennis""]",settled,binary,0,1,0.01,0.01,0.99,0.01,1,222177.57,221743.93,125902.9,0,2026-09-16T21:18:00Z,2026-09-18T22:45:05Z,2026-10-01T18:00:00Z,,no,Momoko Kobori / Peangtarn Plipuech,structured,,,,True,2026-09-19T16:08:27+00:00
kalshi,KXNCAAF1HSPREAD-26SEP18MIAWAKE-MIA14,https://kalshi.com/markets/kxncaaf1hspread/college-football-1st-half-spread,https://kalshi.com/markets/kxncaaf1hspread/college-football-1st-half-spread/kxncaaf1hspread-26sep18miawake,Miami (FL) wins 1H by over 13.5 points,Miami (FL) wins 1H by over 13.5 points,KXNCAAF1HSPREAD-26SEP18MIAWAKE,Miami (FL) vs Wake Forest: 1st Half Spread,KXNCAAF1HSPREAD,College Football 1st Half Spread,Sports,"[""Football""]",settled,binary,0,1,0.99,0.99,0.01,0.99,1,228646.98,221404.72,121345.66,0,2026-09-14T10:20:00Z,2026-09-19T01:08:08Z,2026-09-20T23:30:00Z,,yes,17,greater,13.5,,,True,2026-09-19T16:08:18+00:00
kalshi,KXLIGAMXTOTAL-26SEP18JUATIG-2,https://kalshi.com/markets/kxligamxtotal/liga-mx-total,https://kalshi.com/markets/kxligamxtotal/liga-mx-total/kxligamxtotal-26sep18juatig,Will over 1.5 goals be scored?,Over 1.5 goals scored,KXLIGAMXTOTAL-26SEP18JUATIG,Juarez vs Tigres: Total Goals,KXLIGAMXTOTAL,Liga MX Total,Sports,"[""Soccer""]",settled,binary,0,1,0.99,0.99,0.01,0.99,1,220830.1,220828.83,100725.36,0,2026-09-12T03:06:00Z,2026-09-19T05:07:34Z,2026-09-21T03:00:00Z,,yes,2,greater,1.5,,,True,2026-09-19T16:07:56+00:00
kalshi,KXITFMATCH-26SEP18BANMAS-MAS,https://kalshi.com/markets/kxitfmatch/itf-men-s-match,https://kalshi.com/markets/kxitfmatch/itf-men-s-match/kxitfmatch-26sep18banmas,Loann Massard wins,Loann Massard,KXITFMATCH-26SEP18BANMAS,Banerjee vs Massard,KXITFMATCH,ITF Men's Match,Sports,"[""Tennis""]",settled,binary,0,1,0.01,0.01,0.99,0.01,1,228206.58,220686.3,144213.27,0,2026-09-17T22:11:00Z,2026-09-18T17:30:20Z,2026-10-02T14:00:00Z,,no,Samir Banerjee,structured,,,,True,2026-09-19T16:08:42+00:00
kalshi,KXITFWMATCH-26SEP19ESTCAT-CAT,https://kalshi.com/markets/kxitfwmatch/itf-women-s-match,https://kalshi.com/markets/kxitfwmatch/itf-women-s-match/kxitfwmatch-26sep19estcat,Ava Catanzarite wins,Ava Catanzarite,KXITFWMATCH-26SEP19ESTCAT,Estevez vs Catanzarite,KXITFWMATCH,ITF Women's Match,Sports,"[""Tennis""]",settled,binary,0,1,0.99,0.99,0.01,0.99,1,220661.25,220661.25,108893.29,0,2026-09-18T21:41:00Z,2026-09-19T15:24:43Z,2026-10-03T13:30:00Z,,yes,Ava Catanzarite,structured,,,,True,2026-09-19T16:07:35+00:00
kalshi,KXLOLGAME-26SEP181100MKOINAVI-NAVI,https://kalshi.com/markets/kxlolgame/league-of-legends-game,https://kalshi.com/markets/kxlolgame/league-of-legends-game/kxlolgame-26sep181100mkoinavi,Natus Vincere wins,Natus Vincere,KXLOLGAME-26SEP181100MKOINAVI,Movistar KOI vs. Natus Vincere,KXLOLGAME,League of Legends Game,Sports,"[""Esports""]",settled,binary,0,1,0.01,0.01,0.99,0.01,1,297030.89,220458.02,200820.5,0,2026-09-15T00:05:00Z,2026-09-18T19:29:44Z,2026-09-20T15:00:00Z,,no,Movistar KOI,structured,,,,True,2026-09-19T16:08:36+00:00
kalshi,KXDAVISCUPMATCH-26SEP18VASVAC-VAS,https://kalshi.com/markets/kxdaviscupmatch/davis-cup-match,https://kalshi.com/markets/kxdaviscupmatch/davis-cup-match/kxdaviscupmatch-26sep18vasvac,Eero Vasa wins,Eero Vasa,KXDAVISCUPMATCH-26SEP18VASVAC,Vasa vs Vacherot,KXDAVISCUPMATCH,Davis Cup Match,Sports,"[""Tennis""]",settled,binary,0,1,0.01,0.01,0.99,0.01,1,222435.91,219829.79,171657.73,0,2026-09-17T17:45:00Z,2026-09-18T18:15:02Z,2026-10-02T16:10:00Z,,no,Valentin Vacherot,structured,,,,True,2026-09-19T16:08:39+00:00
kalshi,KXPERLIGA1GAME-26SEP18AATCOM-COM,https://kalshi.com/markets/kxperliga1game/peru-liga-1-game,https://kalshi.com/markets/kxperliga1game/peru-liga-1-game/kxperliga1game-26sep18aatcom,Comerciantes U. wins,Comerciantes U.,KXPERLIGA1GAME-26SEP18AATCOM,Alianza Atletico vs Comerciantes U.,KXPERLIGA1GAME,Peru Liga 1 Game,Sports,"[""Soccer""]",settled,binary,0,1,0.01,0.01,0.99,0.01,1,220425.72,219697,157861.26,0,2026-09-14T00:37:00Z,2026-09-18T22:07:02Z,2026-09-20T20:00:00Z,,no,Alianza Atletico,structured,,,,True,2026-09-19T16:08:27+00:00
kalshi,KXITFMATCH-26SEP19JUBIVA-JUB,https://kalshi.com/markets/kxitfmatch/itf-men-s-match,https://kalshi.com/markets/kxitfmatch/itf-men-s-match/kxitfmatch-26sep19jubiva,Paul Jubb wins,Paul Jubb,KXITFMATCH-26SEP19JUBIVA,Jubb vs Ivanov,KXITFMATCH,ITF Men's Match,Sports,"[""Tennis""]",settled,binary,0,1,0.99,0.99,0.01,0.99,1,219240.22,219240.22,175501.85,0,2026-09-18T15:21:00Z,2026-09-19T08:10:24Z,2026-10-03T06:00:00Z,,yes,Paul Jubb,structured,,,,True,2026-09-19T16:07:47+00:00
kalshi,KXWTASETWINNER-26SEP18PODLAM-1-POD,https://kalshi.com/markets/kxwtasetwinner/wta-set-winner,https://kalshi.com/markets/kxwtasetwinner/wta-set-winner/kxwtasetwinner-26sep18podlam-1,Will Nadia Podoroska win set 1 in the Nadia Podoroska vs Suzan Lamens match,Nadia Podoroska,KXWTASETWINNER-26SEP18PODLAM-1,Nadia Podoroska vs Suzan Lamens: Set 1 Winner,KXWTASETWINNER,WTA Set Winner,Sports,"[""Tennis""]",settled,binary,0,1,0.99,0.99,0.01,0.99,1,218853.16,218853.16,128325.59,0,2026-09-17T23:10:00Z,2026-09-18T23:46:01Z,2026-10-02T16:00:00Z,,yes,"Podoroska, Nadia",structured,,,,True,2026-09-19T16:08:24+00:00
kalshi,KXBTCD-26SEP1821-T80899.99,https://kalshi.com/markets/kxbtcd/bitcoin-price-above-below,https://kalshi.com/markets/kxbtcd/bitcoin-price-above-below/kxbtcd-26sep1821,"Bitcoin price on Sep 18, 2026?","$80,900 or above",KXBTCD-26SEP1821,"BTC price on Sep 18, 2026 at 9pm EDT?",KXBTCD,Bitcoin price Above/below,Crypto,"[""Hourly"", ""BTC""]",settled,binary,0,1,0.99,0.99,0.01,0.99,1,217989.06,217989.06,102147.52,0,2026-09-19T00:00:00Z,2026-09-19T01:00:00Z,2026-09-26T01:00:00Z,,yes,81620.47,greater,80899.99,,BRTI,True,2026-09-19T16:08:20+00:00
kalshi,KXNCAAF1H-26SEP18HOUTTU-TTU,https://kalshi.com/markets/kxncaaf1h/college-football-1st-half-winner,https://kalshi.com/markets/kxncaaf1h/college-football-1st-half-winner/kxncaaf1h-26sep18houttu,Texas Tech wins the 1st half,Texas Tech wins 1st Half,KXNCAAF1H-26SEP18HOUTTU,Houston vs Texas Tech: 1st Half Winner,KXNCAAF1H,College Football 1st Half Winner,Sports,"[""Football""]",settled,binary,0,1,0.01,0.01,0.99,0.01,1,218721.76,217691.48,100111.88,0,2026-09-05T00:22:00Z,2026-09-19T01:44:26Z,2026-09-21T00:00:00Z,,no,Houston wins 1st Half,structured,,,,True,2026-09-19T16:08:18+00:00
kalshi,KXWTASETWINNER-26SEP18BLICHA-2-BLI,https://kalshi.com/markets/kxwtasetwinner/wta-set-winner,https://kalshi.com/markets/kxwtasetwinner/wta-set-winner/kxwtasetwinner-26sep18blicha-2,Will Anna Blinkova win set 2 in the Anna Blinkova vs Alina Charaeva match,Anna Blinkova,KXWTASETWINNER-26SEP18BLICHA-2,Anna Blinkova vs Alina Charaeva: Set 2 Winner,KXWTASETWINNER,WTA Set Winner,Sports,"[""Tennis""]",settled,binary,0,1,0.99,0.99,0.01,0.99,1,216956.05,216956.05,107987.88,0,2026-09-17T19:30:00Z,2026-09-18T20:01:05Z,2026-10-02T16:00:00Z,,yes,"Blinkova, Anna",structured,,,,True,2026-09-19T16:08:32+00:00
kalshi,KXGOLD15M-26SEP181930-30,https://kalshi.com/markets/kxgold15m/gold-15-minute,https://kalshi.com/markets/kxgold15m/gold-15-minute/kxgold15m-26sep181930,Gold price up in next 15 mins?,"Target Price: $4,384.81",KXGOLD15M-26SEP181930,"Gold 15 min · $4,384.81 target",KXGOLD15M,Gold 15-minute,Commodities,"[""Metals""]",settled,binary,0,1,0.999,0.999,0.001,0.999,1,215845.55,215845.55,80106.35,0,2026-09-18T23:15:00Z,2026-09-18T23:30:00Z,2026-09-25T23:30:00Z,,yes,4384.82,greater_or_equal,4384.81,,,True,2026-09-19T16:08:24+00:00
kalshi,KXITFWMATCH-26SEP18LUXSHI-LUX,https://kalshi.com/markets/kxitfwmatch/itf-women-s-match,https://kalshi.com/markets/kxitfwmatch/itf-women-s-match/kxitfwmatch-26sep18luxshi,Jia-Jing Lu wins,Jia-Jing Lu,KXITFWMATCH-26SEP18LUXSHI,Lu vs Shibahara,KXITFWMATCH,ITF Women's Match,Sports,"[""Tennis""]",settled,binary,0,1,0.99,0.99,0.01,0.99,1,215651.79,215619.79,121077.99,0,2026-09-18T10:11:00Z,2026-09-19T04:40:05Z,2026-10-03T02:00:00Z,,yes,Jia-Jing Lu,structured,,,,True,2026-09-19T16:08:00+00:00
kalshi,KXMLSGAME-26SEP18NYCNYRB-TIE,https://kalshi.com/markets/kxmlsgame/major-league-soccer-game,https://kalshi.com/markets/kxmlsgame/major-league-soccer-game/kxmlsgame-26sep18nycnyrb,Tie is the result,Tie,KXMLSGAME-26SEP18NYCNYRB,New York City vs New York RB,KXMLSGAME,Major League Soccer Game,Sports,"[""Soccer""]",settled,binary,0,1,0.01,0.01,0.99,0.01,1,219921.6,215291.95,152669.64,0,2026-09-04T00:38:00Z,2026-09-19T01:42:43Z,2026-09-21T05:30:00Z,,no,New York RB,structured,,,,True,2026-09-19T16:08:18+00:00
kalshi,KXMLBRFI-26SEP182005TORTEX,https://kalshi.com/markets/kxmlbrfi/pro-baseball-run-in-first-inning,https://kalshi.com/markets/kxmlbrfi/pro-baseball-run-in-first-inning/kxmlbrfi-26sep182005tortex,1st inning: Over 0.5 runs,Over 0.5 runs in the 1st inning,KXMLBRFI-26SEP182005TORTEX,Toronto vs Texas: First Inning Run,KXMLBRFI,Pro Baseball Run in First Inning,Sports,"[""Baseball""]",settled,binary,0,1,0.01,0.01,0.99,0.01,1,218670.75,215166.36,152795.52,0,2026-09-16T00:40:00Z,2026-09-19T00:24:32Z,2026-09-22T00:05:00Z,,no,No,greater_or_equal,1,,,True,2026-09-19T16:08:22+00:00
kalshi,KXITFMATCH-26SEP18CHUFER-FER,https://kalshi.com/markets/kxitfmatch/itf-men-s-match,https://kalshi.com/markets/kxitfmatch/itf-men-s-match/kxitfmatch-26sep18chufer,Chase Ferguson wins,Chase Ferguson,KXITFMATCH-26SEP18CHUFER,Chung vs Ferguson,KXITFMATCH,ITF Men's Match,Sports,"[""Tennis""]",settled,binary,0,1,0.01,0.01,0.99,0.01,1,214947.11,214876,113186.23,0,2026-09-18T10:11:00Z,2026-09-19T03:14:56Z,2026-10-03T02:00:00Z,,no,Yun Seong Chung,structured,,,,True,2026-09-19T16:08:06+00:00
kalshi,KXBTCD-26SEP1817-T79999.99,https://kalshi.com/markets/kxbtcd/bitcoin-price-above-below,https://kalshi.com/markets/kxbtcd/bitcoin-price-above-below/kxbtcd-26sep1817,"Bitcoin price on Sep 18, 2026?","$80,000 or above",KXBTCD-26SEP1817,"BTC price on Sep 18, 2026 at 5pm EDT?",KXBTCD,Bitcoin price Above/below,Crypto,"[""Hourly"", ""BTC""]",settled,binary,0,1,0.99,0.99,0.01,0.99,1,593525.7,214546.68,143922.76,0,2026-09-11T20:00:00Z,2026-09-18T21:00:00Z,2026-09-25T21:00:00Z,,yes,81077.63,greater,79999.99,,BRTI,True,2026-09-19T16:08:31+00:00
kalshi,KXBTCD-26SEP1903-T80899.99,https://kalshi.com/markets/kxbtcd/bitcoin-price-above-below,https://kalshi.com/markets/kxbtcd/bitcoin-price-above-below/kxbtcd-26sep1903,"Bitcoin price on Sep 19, 2026?","$80,900 or above",KXBTCD-26SEP1903,"BTC price on Sep 19, 2026 at 3am EDT?",KXBTCD,Bitcoin price Above/below,Crypto,"[""Hourly"", ""BTC""]",settled,binary,0,1,0.99,0.99,0.01,0.99,1,213917.43,213917.43,47370.92,0,2026-09-19T06:00:00Z,2026-09-19T07:00:00Z,2026-09-26T07:00:00Z,,yes,81013.63,greater,80899.99,,BRTI,True,2026-09-19T16:07:52+00:00
kalshi,KXEPLTEAMTOTAL-26SEP18BRECFC-CFC2,https://kalshi.com/markets/kxeplteamtotal/team-total,https://kalshi.com/markets/kxeplteamtotal/team-total/kxeplteamtotal-26sep18brecfc,Will Chelsea score over 1.5 goals?,Chelsea over 1.5 goals,KXEPLTEAMTOTAL-26SEP18BRECFC,Brentford vs Chelsea: Team Total,KXEPLTEAMTOTAL,Team Total,Sports,"[""Soccer""]",settled,binary,0,1,0.01,0.01,0.99,0.01,1,244247.97,213254.76,189780.16,0,2026-09-16T19:06:00Z,2026-09-18T20:55:38Z,2026-09-21T01:00:00Z,,no,H 3 - A 0,greater,1.5,,,True,2026-09-19T16:08:32+00:00
kalshi,KXBUNDESLIGAGAME-26SEP19SGESCF-TIE,https://kalshi.com/markets/kxbundesligagame/bundesliga-game,https://kalshi.com/markets/kxbundesligagame/bundesliga-game/kxbundesligagame-26sep19sgescf,Tie is the result,Tie,KXBUNDESLIGAGAME-26SEP19SGESCF,Frankfurt vs Freiburg,KXBUNDESLIGAGAME,Bundesliga Game,Sports,"[""Soccer""]",settled,binary,0,1,0.99,0.99,0.01,0.99,1,213740.53,212978.39,105741.13,0,2026-09-05T00:39:00Z,2026-09-19T15:35:17Z,2026-09-21T19:30:00Z,,yes,Tie,structured,,,,True,2026-09-19T16:07:35+00:00
kalshi,KXETH15M-26SEP181230-30,https://kalshi.com/markets/kxeth15m/eth-15m-price-up-down,https://kalshi.com/markets/kxeth15m/eth-15m-price-up-down/kxeth15m-26sep181230,ETH price up in next 15 mins?,"Target Price: $2,594.33",KXETH15M-26SEP181230,"ETH 15 min · $2,594.33 target",KXETH15M,ETH 15M price up down,Crypto,"[""ETH"", ""15 min""]",settled,binary,0,1,0.999,0.999,0.001,0.999,1,212873.96,212873.96,62695.88,0,2026-09-18T16:15:00Z,2026-09-18T16:30:00Z,2026-09-25T16:30:00Z,,yes,2597.54,greater_or_equal,2594.33,,,True,2026-09-19T16:08:45+00:00
kalshi,KXEPLTOTAL-26SEP19TOTAVL-4,https://kalshi.com/markets/kxepltotal/english-premier-league-total-goals,https://kalshi.com/markets/kxepltotal/english-premier-league-total-goals/kxepltotal-26sep19totavl,Will over 3.5 goals be scored?,Over 3.5 goals scored,KXEPLTOTAL-26SEP19TOTAVL,Tottenham vs Aston Villa: Total Goals,KXEPLTOTAL,English Premier League Total Goals,Sports,"[""Soccer""]",settled,binary,0,1,0.99,0.99,0.01,0.99,1,215042.32,212755.19,115429.78,0,2026-09-12T12:06:00Z,2026-09-19T13:36:18Z,2026-09-21T11:30:00Z,,yes,5,greater,3.5,,,True,2026-09-19T16:07:38+00:00
kalshi,KXWTAMATCH-26SEP18HIBKAI-HIB,https://kalshi.com/markets/kxwtamatch/wta-tennis-match,https://kalshi.com/markets/kxwtamatch/wta-tennis-match/kxwtamatch-26sep18hibkai,Nao Hibino wins,Nao Hibino,KXWTAMATCH-26SEP18HIBKAI,Hibino vs Ng,KXWTAMATCH,WTA Tennis Match,Sports,"[""Tennis""]",settled,binary,0,1,0.99,0.99,0.01,0.99,1,213680.72,212468.54,156770.68,0,2026-09-18T09:45:00Z,2026-09-19T06:00:17Z,2026-10-03T03:00:00Z,,yes,Nao Hibino,structured,,,,True,2026-09-19T16:07:53+00:00
kalshi,KXMLBTOTAL-26SEP181840CHCCIN-12,https://kalshi.com/markets/kxmlbtotal/pro-baseball-total-points,https://kalshi.com/markets/kxmlbtotal/pro-baseball-total-points/kxmlbtotal-26sep181840chccin,Over 11.5 runs scored,Over 11.5 runs scored,KXMLBTOTAL-26SEP181840CHCCIN,Chicago C vs Cincinnati: Total Runs,KXMLBTOTAL,Pro Baseball Total Points,Sports,"[""Baseball""]",settled,binary,0,1,0.01,0.01,0.99,0.01,1,213458.62,212450.26,76218.98,0,2026-09-18T03:20:00Z,2026-09-19T01:30:29Z,2026-09-21T22:40:00Z,,no,10,greater,11.5,,,True,2026-09-19T16:08:18+00:00
kalshi,KXITFMATCH-26SEP18BARKAC-KAC,https://kalshi.com/markets/kxitfmatch/itf-men-s-match,https://kalshi.com/markets/kxitfmatch/itf-men-s-match/kxitfmatch-26sep18barkac,Alibek Kachmazov wins,Alibek Kachmazov,KXITFMATCH-26SEP18BARKAC,Barsukov vs Kachmazov,KXITFMATCH,ITF Men's Match,Sports,"[""Tennis""]",settled,binary,0,1,0.99,0.99,0.01,0.99,1,212286.19,212283.7,109308.21,0,2026-09-18T10:11:00Z,2026-09-19T03:50:01Z,2026-10-03T02:00:00Z,,yes,Alibek Kachmazov,structured,,,,True,2026-09-19T16:08:04+00:00
kalshi,KXBTCD-26SEP1900-T81299.99,https://kalshi.com/markets/kxbtcd/bitcoin-price-above-below,https://kalshi.com/markets/kxbtcd/bitcoin-price-above-below/kxbtcd-26sep1900,"Bitcoin price on Sep 19, 2026?","$81,300 or above",KXBTCD-26SEP1900,"BTC price on Sep 19, 2026 at 12am EDT?",KXBTCD,Bitcoin price Above/below,Crypto,"[""Hourly"", ""BTC""]",settled,binary,0,1,0.01,0.01,0.99,0.01,1,211723.72,211723.72,95386.84,0,2026-09-19T03:00:00Z,2026-09-19T04:00:00Z,2026-09-26T04:00:00Z,,no,81105.69,greater,81299.99,,BRTI,True,2026-09-19T16:08:03+00:00
kalshi,KXBTCD-26SEP1820-T80799.99,https://kalshi.com/markets/kxbtcd/bitcoin-price-above-below,https://kalshi.com/markets/kxbtcd/bitcoin-price-above-below/kxbtcd-26sep1820,"Bitcoin price on Sep 18, 2026?","$80,800 or above",KXBTCD-26SEP1820,"BTC price on Sep 18, 2026 at 8pm EDT?",KXBTCD,Bitcoin price Above/below,Crypto,"[""Hourly"", ""BTC""]",settled,binary,0,1,0.99,0.99,0.01,0.99,1,211652.1,211652.1,77859.89,0,2026-09-18T23:00:00Z,2026-09-19T00:00:00Z,2026-09-26T00:00:00Z,,yes,80881.41,greater,80799.99,,BRTI,True,2026-09-19T16:08:24+00:00
kalshi,KXWTASETWINNER-26SEP18SAMSTE-1-STE,https://kalshi.com/markets/kxwtasetwinner/wta-set-winner,https://kalshi.com/markets/kxwtasetwinner/wta-set-winner/kxwtasetwinner-26sep18samste-1,Will Peyton Stearns win set 1 in the Liudmila Samsonova vs Peyton Stearns match,Peyton Stearns,KXWTASETWINNER-26SEP18SAMSTE-1,Liudmila Samsonova vs Peyton Stearns: Set 1 Winner,KXWTASETWINNER,WTA Set Winner,Sports,"[""Tennis""]",settled,binary,0,1,0.99,0.99,0.01,0.99,1,211289.1,211289.1,70462.43,0,2026-09-18T05:20:00Z,2026-09-19T02:31:02Z,2026-10-03T00:10:00Z,,yes,"Stearns, Peyton",structured,,,,True,2026-09-19T16:08:13+00:00
kalshi,KXDAVISCUPMATCH-26SEP19SAMAND-AND,https://kalshi.com/markets/kxdaviscupmatch/davis-cup-match,https://kalshi.com/markets/kxdaviscupmatch/davis-cup-match/kxdaviscupmatch-26sep19samand,Andres Andrade wins,Andres Andrade,KXDAVISCUPMATCH-26SEP19SAMAND,Samuel vs Andrade,KXDAVISCUPMATCH,Davis Cup Match,Sports,"[""Tennis""]",settled,binary,0,1,0.01,0.01,0.99,0.01,1,210338.31,210338.31,99818.56,0,2026-09-18T13:55:00Z,2026-09-19T14:05:06Z,2026-10-03T12:00:00Z,,no,Toby Samuel,structured,,,,True,2026-09-19T16:07:37+00:00
kalshi,KXETH15M-26SEP181500-00,https://kalshi.com/markets/kxeth15m/eth-15m-price-up-down,https://kalshi.com/markets/kxeth15m/eth-15m-price-up-down/kxeth15m-26sep181500,ETH price up in next 15 mins?,"Target Price: $2,610.49",KXETH15M-26SEP181500,"ETH 15 min · $2,610.49 target",KXETH15M,ETH 15M price up down,Crypto,"[""ETH"", ""15 min""]",settled,binary,0,1,0.999,0.999,0.001,0.999,1,209739.51,209739.51,57085.63,0,2026-09-18T18:45:00Z,2026-09-18T19:00:00Z,2026-09-25T19:00:00Z,,yes,2612.98,greater_or_equal,2610.49,,,True,2026-09-19T16:08:38+00:00
kalshi,KXATPCHALLENGERMATCH-26SEP19CANBAR-CAN,https://kalshi.com/markets/kxatpchallengermatch/challenger-atp,https://kalshi.com/markets/kxatpchallengermatch/challenger-atp/kxatpchallengermatch-26sep19canbar,Carlo Alberto Caniato wins,Carlo Alberto Caniato,KXATPCHALLENGERMATCH-26SEP19CANBAR,Caniato vs Barrena,KXATPCHALLENGERMATCH,Challenger ATP ,Sports,"[""Tennis""]",settled,binary,0,1,0.99,0.99,0.01,0.99,1,209451.38,209451.38,141361.55,0,2026-09-18T23:40:00Z,2026-09-19T13:04:53Z,2026-10-03T11:30:00Z,,yes,Carlo Alberto Caniato,structured,,,,True,2026-09-19T16:07:38+00:00
kalshi,KXDAVISCUPMATCH-26SEP18WATSHI-SHI,https://kalshi.com/markets/kxdaviscupmatch/davis-cup-match,https://kalshi.com/markets/kxdaviscupmatch/davis-cup-match/kxdaviscupmatch-26sep18watshi,Sho Shimabukuro wins,Sho Shimabukuro,KXDAVISCUPMATCH-26SEP18WATSHI,Watt vs Shimabukuro,KXDAVISCUPMATCH,Davis Cup Match,Sports,"[""Tennis""]",settled,binary,0,1,0.99,0.99,0.01,0.99,1,209431.64,209430.23,127475.25,0,2026-09-18T02:25:00Z,2026-09-19T03:54:58Z,2026-10-03T01:10:00Z,,yes,Sho Shimabukuro,structured,,,,True,2026-09-19T16:08:04+00:00
kalshi,KXITFMATCH-26SEP19SCHCAC-CAC,https://kalshi.com/markets/kxitfmatch/itf-men-s-match,https://kalshi.com/markets/kxitfmatch/itf-men-s-match/kxitfmatch-26sep19schcac,Tiago Cacao wins,Tiago Cacao,KXITFMATCH-26SEP19SCHCAC,Schoen vs Cacao,KXITFMATCH,ITF Men's Match,Sports,"[""Tennis""]",settled,binary,0,1,0.01,0.01,0.99,0.01,1,209340.39,209340.39,103978.58,0,2026-09-18T18:41:00Z,2026-09-19T13:39:53Z,2026-10-03T10:30:00Z,,no,Patrick Schoen,structured,,,,True,2026-09-19T16:07:38+00:00
kalshi,KXWTASETWINNER-26SEP18STOBAD-1-BAD,https://kalshi.com/markets/kxwtasetwinner/wta-set-winner,https://kalshi.com/markets/kxwtasetwinner/wta-set-winner/kxwtasetwinner-26sep18stobad-1,Will Paula Badosa win set 1 in the Mary Stoiana vs Paula Badosa match,Paula Badosa,KXWTASETWINNER-26SEP18STOBAD-1,Mary Stoiana vs Paula Badosa: Set 1 Winner,KXWTASETWINNER,WTA Set Winner,Sports,"[""Tennis""]",settled,binary,0,1,0.99,0.99,0.01,0.99,1,209105.5,209056.82,135318.66,0,2026-09-17T20:30:00Z,2026-09-18T21:41:05Z,2026-10-02T16:00:00Z,,yes,"Badosa, Paula",structured,,,,True,2026-09-19T16:08:30+00:00
kalshi,KXMLBTOTAL-26SEP182010SEACOL-10,https://kalshi.com/markets/kxmlbtotal/pro-baseball-total-points,https://kalshi.com/markets/kxmlbtotal/pro-baseball-total-points/kxmlbtotal-26sep182010seacol,Over 9.5 runs scored,Over 9.5 runs scored,KXMLBTOTAL-26SEP182010SEACOL,Seattle vs Colorado: Total Runs,KXMLBTOTAL,Pro Baseball Total Points,Sports,"[""Baseball""]",settled,binary,0,1,0.01,0.01,0.99,0.01,1,236936.71,207378.25,122076.22,0,2026-09-18T08:30:00Z,2026-09-19T03:24:27Z,2026-09-22T00:10:00Z,,no,9,greater,9.5,,,True,2026-09-19T16:08:05+00:00
kalshi,KXMLBTOTAL-26SEP181940DETCWS-9,https://kalshi.com/markets/kxmlbtotal/pro-baseball-total-points,https://kalshi.com/markets/kxmlbtotal/pro-baseball-total-points/kxmlbtotal-26sep181940detcws,Over 8.5 runs scored,Over 8.5 runs scored,KXMLBTOTAL-26SEP181940DETCWS,Detroit vs Chicago WS: Total Runs,KXMLBTOTAL,Pro Baseball Total Points,Sports,"[""Baseball""]",settled,binary,0,1,0.99,0.99,0.01,0.99,1,217571.86,206097.23,133952.93,0,2026-09-17T23:00:00Z,2026-09-19T00:50:35Z,2026-09-21T23:40:00Z,,yes,10,greater,8.5,,,True,2026-09-19T16:08:21+00:00
kalshi,KXGOLD15M-26SEP181800-00,https://kalshi.com/markets/kxgold15m/gold-15-minute,https://kalshi.com/markets/kxgold15m/gold-15-minute/kxgold15m-26sep181800,Gold price up in next 15 mins?,"Target Price: $4,379.38",KXGOLD15M-26SEP181800,"Gold 15 min · $4,379.38 target",KXGOLD15M,Gold 15-minute,Commodities,"[""Metals""]",settled,binary,0,1,0.999,0.999,0.001,0.999,1,205630.58,205630.58,99748.55,0,2026-09-18T21:45:00Z,2026-09-18T22:00:00Z,2026-09-25T22:00:00Z,,yes,4379.82,greater_or_equal,4379.38,,,True,2026-09-19T16:08:28+00:00
kalshi,KXMLBRFI-26SEP181840KCPIT,https://kalshi.com/markets/kxmlbrfi/pro-baseball-run-in-first-inning,https://kalshi.com/markets/kxmlbrfi/pro-baseball-run-in-first-inning/kxmlbrfi-26sep181840kcpit,1st inning: Over 0.5 runs,Over 0.5 runs in the 1st inning,KXMLBRFI-26SEP181840KCPIT,Kansas City vs Pittsburgh: First Inning Run,KXMLBRFI,Pro Baseball Run in First Inning,Sports,"[""Baseball""]",settled,binary,0,1,0.99,0.99,0.01,0.99,1,229632.4,204532.47,203322.08,0,2026-09-15T23:10:00Z,2026-09-18T22:59:56Z,2026-09-21T22:40:00Z,,yes,Yes,greater_or_equal,1,,,True,2026-09-19T16:08:27+00:00
kalshi,KXNCAAFTOTAL-26SEP18MIAWAKE-55,https://kalshi.com/markets/kxncaaftotal/college-football-total-points,https://kalshi.com/markets/kxncaaftotal/college-football-total-points/kxncaaftotal-26sep18miawake,Over 54.5 points scored,Over 54.5 points scored,KXNCAAFTOTAL-26SEP18MIAWAKE,Miami (FL) vs Wake Forest: Total Points,KXNCAAFTOTAL,College Football Total Points,Sports,"[""Football""]",settled,binary,0,1,0.01,0.01,0.99,0.01,1,222972.25,204471.1,110643.24,0,2026-09-12T01:07:00Z,2026-09-19T03:14:39Z,2026-09-20T23:30:00Z,,no,53,greater,54.5,,,True,2026-09-19T16:08:06+00:00
kalshi,KXETH15M-26SEP181600-00,https://kalshi.com/markets/kxeth15m/eth-15m-price-up-down,https://kalshi.com/markets/kxeth15m/eth-15m-price-up-down/kxeth15m-26sep181600,ETH price up in next 15 mins?,"Target Price: $2,638.91",KXETH15M-26SEP181600,"ETH 15 min · $2,638.91 target",KXETH15M,ETH 15M price up down,Crypto,"[""ETH"", ""15 min""]",settled,binary,0,1,0.001,0.001,0.999,0.001,1,203813.64,203813.64,57527.89,0,2026-09-18T19:45:00Z,2026-09-18T20:00:00Z,2026-09-25T20:00:00Z,,no,2637.69,greater_or_equal,2638.91,,,True,2026-09-19T16:08:35+00:00
kalshi,KXMLBSPREAD-26SEP181905MILBAL-MIL2,https://kalshi.com/markets/kxmlbspread/pro-baseball-spread,https://kalshi.com/markets/kxmlbspread/pro-baseball-spread/kxmlbspread-26sep181905milbal,Milwaukee wins by over 1.5 runs?,Milwaukee wins by over 1.5 runs,KXMLBSPREAD-26SEP181905MILBAL,Milwaukee vs Baltimore: Spread,KXMLBSPREAD,Pro Baseball Spread,Sports,"[""Baseball""]",settled,binary,0,1,0.01,0.01,0.99,0.01,1,230268.92,203469.98,123766.1,0,2026-09-18T03:10:00Z,2026-09-19T02:54:28Z,2026-09-21T23:05:00Z,,no,1,greater,1.5,,,True,2026-09-19T16:08:13+00:00
kalshi,KXITFWMATCH-26SEP18ZHAWEI-ZHA,https://kalshi.com/markets/kxitfwmatch/itf-women-s-match,https://kalshi.com/markets/kxitfwmatch/itf-women-s-match/kxitfwmatch-26sep18zhawei,Ruien Zhang wins,Ruien Zhang,KXITFWMATCH-26SEP18ZHAWEI,Zhang vs Wei,KXITFWMATCH,ITF Women's Match,Sports,"[""Tennis""]",settled,binary,0,1,0.01,0.01,0.99,0.01,1,203002.59,203002.59,85380.6,0,2026-09-18T10:11:00Z,2026-09-19T03:50:04Z,2026-10-03T02:00:00Z,,no,Sijia Wei,structured,,,,True,2026-09-19T16:08:04+00:00
kalshi,KXMLBGAME-26SEP182015WSHSTL-WSH,https://kalshi.com/markets/kxmlbgame/professional-baseball-game,https://kalshi.com/markets/kxmlbgame/professional-baseball-game/kxmlbgame-26sep182015wshstl,Washington wins,Washington,KXMLBGAME-26SEP182015WSHSTL,Washington vs St. Louis,KXMLBGAME,Professional Baseball Game,Sports,"[""Baseball""]",settled,binary,0,1,0.99,0.99,0.01,0.99,1,239625.36,202378.74,167148.35,0,2026-09-16T00:25:00Z,2026-09-19T03:00:32Z,2026-09-22T00:15:00Z,,yes,Washington,structured,,,,True,2026-09-19T16:08:08+00:00
kalshi,KXMLBF5-26SEP182215SFLAD-LAD,https://kalshi.com/markets/kxmlbf5/first-5-innings-winner,https://kalshi.com/markets/kxmlbf5/first-5-innings-winner/kxmlbf5-26sep182215sflad,Los Angeles D first 5 innings winner,Los Angeles D wins first 5 innings,KXMLBF5-26SEP182215SFLAD,San Francisco vs Los Angeles D: First 5 Innings,KXMLBF5,First 5 Innings Winner,Sports,"[""Baseball""]",settled,binary,0,1,0.01,0.01,0.99,0.01,1,220753.24,201429.23,108022.21,0,2026-09-17T19:10:00Z,2026-09-19T04:00:20Z,2026-09-22T02:15:00Z,,no,b8c3e2a1-7f4d-4e9b-a6d0-3c5f8e1b2a49,structured,,,,True,2026-09-19T16:08:01+00:00
kalshi,KXEFLCHAMPIONSHIPGAME-26SEP19MILWHU-TIE,https://kalshi.com/markets/kxeflchampionshipgame/efl-championship-game,https://kalshi.com/markets/kxeflchampionshipgame/efl-championship-game/kxeflchampionshipgame-26sep19milwhu,Tie is the result,Tie,KXEFLCHAMPIONSHIPGAME-26SEP19MILWHU,Millwall vs West Ham,KXEFLCHAMPIONSHIPGAME,EFL Championship Game,Sports,"[""Soccer""]",settled,binary,0,1,0.99,0.99,0.01,0.99,1,201103.07,200856.24,77609.27,0,2026-09-12T00:35:00Z,2026-09-19T13:45:18Z,2026-09-21T11:30:00Z,,yes,Tie,structured,,,,True,2026-09-19T16:07:38+00:00
kalshi,KXNCAAFTOTAL-26SEP18MIAWAKE-54,https://kalshi.com/markets/kxncaaftotal/college-football-total-points,https://kalshi.com/markets/kxncaaftotal/college-football-total-points/kxncaaftotal-26sep18miawake,Over 53.5 points scored,Over 53.5 points scored,KXNCAAFTOTAL-26SEP18MIAWAKE,Miami (FL) vs Wake Forest: Total Points,KXNCAAFTOTAL,College Football Total Points,Sports,"[""Football""]",settled,binary,0,1,0.01,0.01,0.99,0.01,1,207906.07,199737.22,118283.67,0,2026-09-12T01:07:00Z,2026-09-19T03:14:39Z,2026-09-20T23:30:00Z,,no,53,greater,53.5,,,True,2026-09-19T16:08:06+00:00
kalshi,KXPGAR2LEAD-BICA26-MGRE,https://kalshi.com/markets/kxpgar2lead/pga-round-2-leader,https://kalshi.com/markets/kxpgar2lead/pga-round-2-leader/kxpgar2lead-bica26,Max Greyserman leads at the end of Round 2,Max Greyserman,KXPGAR2LEAD-BICA26,Biltmore Championship Asheville End of Round 2 Leader,KXPGAR2LEAD,PGA Round 2 Leader,Sports,"[""Golf""]",settled,binary,0,1,0.01,0.01,0.99,0.01,1,224133.65,199448.04,201436.12,0,2026-09-14T20:10:00Z,2026-09-18T23:16:07Z,2026-10-04T00:00:00Z,,no,Neal Shipley,structured,,,,True,2026-09-19T16:08:25+00:00
kalshi,KXSERIEAGAME-26SEP19UDICAG-TIE,https://kalshi.com/markets/kxserieagame/serie-a-game,https://kalshi.com/markets/kxserieagame/serie-a-game/kxserieagame-26sep19udicag,Tie is the result,Tie,KXSERIEAGAME-26SEP19UDICAG,Udinese vs Cagliari,KXSERIEAGAME,Serie A Game,Sports,"[""Soccer""]",settled,binary,0,1,0.01,0.01,0.99,0.01,1,199551.29,199405.11,170416.81,0,2026-09-05T00:45:00Z,2026-09-19T15:06:14Z,2026-09-21T19:00:00Z,,no,Cagliari,structured,,,,True,2026-09-19T16:07:35+00:00
kalshi,KXWNBATOTAL-26SEP18PDXGS-149,https://kalshi.com/markets/kxwnbatotal/women-s-pro-basketball-total,https://kalshi.com/markets/kxwnbatotal/women-s-pro-basketball-total/kxwnbatotal-26sep18pdxgs,Over 148.5 points scored,Over 148.5 points scored,KXWNBATOTAL-26SEP18PDXGS,Portland vs Golden State: Total,KXWNBATOTAL,Women's Pro Basketball Total,Sports,"[""Basketball""]",settled,binary,0,1,0.01,0.01,0.99,0.01,1,198377.82,198271.13,65359.74,0,2026-09-16T02:10:00Z,2026-09-19T04:30:04Z,2026-09-21T02:00:00Z,,no,148,greater,148.5,,,True,2026-09-19T16:08:01+00:00
kalshi,KXBTCD-26SEP1814-T80599.99,https://kalshi.com/markets/kxbtcd/bitcoin-price-above-below,https://kalshi.com/markets/kxbtcd/bitcoin-price-above-below/kxbtcd-26sep1814,"Bitcoin price on Sep 18, 2026?","$80,600 or above",KXBTCD-26SEP1814,"BTC price on Sep 18, 2026 at 2pm EDT?",KXBTCD,Bitcoin price Above/below,Crypto,"[""Hourly"", ""BTC""]",settled,binary,0,1,0.99,0.99,0.01,0.99,1,198131.55,198131.55,58778.93,0,2026-09-18T17:00:00Z,2026-09-18T18:00:00Z,2026-09-25T18:00:00Z,,yes,80984.20,greater,80599.99,,BRTI,True,2026-09-19T16:08:42+00:00
kalshi,KXWTADOUBLES-26SEP18BARLEMSTRTIK-STRTIK,https://kalshi.com/markets/kxwtadoubles/wta-doubles-tennis-match,https://kalshi.com/markets/kxwtadoubles/wta-doubles-tennis-match/kxwtadoubles-26sep18barlemstrtik,Valeriya Strakhova / Anastasia Tikhonova wins,Valeriya Strakhova / Anastasia Tikhonova,KXWTADOUBLES-26SEP18BARLEMSTRTIK,Barros V / Leme Da Silva N vs Strakhova / Tikhonova,KXWTADOUBLES,WTA Doubles Tennis Match,Sports,"[""Tennis""]",settled,binary,0,1,0.99,0.99,0.01,0.99,1,197636.89,197636.89,134773.2,0,2026-09-17T21:35:00Z,2026-09-18T18:34:41Z,2026-10-02T18:00:00Z,,yes,Valeriya Strakhova / Anastasia Tikhonova,structured,,,,True,2026-09-19T16:08:39+00:00
kalshi,KXMLBTOTAL-26SEP182215SFLAD-7,https://kalshi.com/markets/kxmlbtotal/pro-baseball-total-points,https://kalshi.com/markets/kxmlbtotal/pro-baseball-total-points/kxmlbtotal-26sep182215sflad,Over 6.5 runs scored,Over 6.5 runs scored,KXMLBTOTAL-26SEP182215SFLAD,San Francisco vs Los Angeles D: Total Runs,KXMLBTOTAL,Pro Baseball Total Points,Sports,"[""Baseball""]",settled,binary,0,1,0.99,0.99,0.01,0.99,1,197801.09,197297.09,122163.2,0,2026-09-17T19:10:00Z,2026-09-19T04:45:00Z,2026-09-22T02:15:00Z,,yes,10,greater,6.5,,,True,2026-09-19T16:08:00+00:00
kalshi,KXBTCD-26SEP1821-T81599.99,https://kalshi.com/markets/kxbtcd/bitcoin-price-above-below,https://kalshi.com/markets/kxbtcd/bitcoin-price-above-below/kxbtcd-26sep1821,"Bitcoin price on Sep 18, 2026?","$81,600 or above",KXBTCD-26SEP1821,"BTC price on Sep 18, 2026 at 9pm EDT?",KXBTCD,Bitcoin price Above/below,Crypto,"[""Hourly"", ""BTC""]",settled,binary,0,1,0.99,0.99,0.01,0.99,1,196843.28,196843.28,57463.32,0,2026-09-19T00:00:00Z,2026-09-19T01:00:00Z,2026-09-26T01:00:00Z,,yes,81620.47,greater,81599.99,,BRTI,True,2026-09-19T16:08:20+00:00
kalshi,KXDAVISCUPMATCH-26SEP19KECBUT-BUT,https://kalshi.com/markets/kxdaviscupmatch/davis-cup-match,https://kalshi.com/markets/kxdaviscupmatch/davis-cup-match/kxdaviscupmatch-26sep19kecbut,Edas Butvilas wins,Edas Butvilas,KXDAVISCUPMATCH-26SEP19KECBUT,Kecmanovic vs Butvilas,KXDAVISCUPMATCH,Davis Cup Match,Sports,"[""Tennis""]",settled,binary,0,1,0.01,0.01,0.99,0.01,1,196711.1,196711.1,134694.48,0,2026-09-18T12:06:00Z,2026-09-19T14:30:17Z,2026-10-03T12:00:00Z,,no,Miomir Kecmanovic,structured,,,,True,2026-09-19T16:07:37+00:00
kalshi,KXITFWMATCH-26SEP19SZIOKT-SZI,https://kalshi.com/markets/kxitfwmatch/itf-women-s-match,https://kalshi.com/markets/kxitfwmatch/itf-women-s-match/kxitfwmatch-26sep19sziokt,Franziska Sziedat wins,Franziska Sziedat,KXITFWMATCH-26SEP19SZIOKT,Sziedat vs Oktiabreva,KXITFWMATCH,ITF Women's Match,Sports,"[""Tennis""]",settled,binary,0,1,0.01,0.01,0.99,0.01,1,196339.69,196339.69,117796.19,0,2026-09-18T16:11:00Z,2026-09-19T09:24:49Z,2026-10-03T08:00:00Z,,no,Alisa Oktiabreva,structured,,,,True,2026-09-19T16:07:44+00:00
kalshi,KXNWSLGAME-26SEP18SANKC-SAN,https://kalshi.com/markets/kxnwslgame/nwsl-game,https://kalshi.com/markets/kxnwslgame/nwsl-game/kxnwslgame-26sep18sankc,San Diego Wave FC wins,San Diego Wave FC,KXNWSLGAME-26SEP18SANKC,San Diego Wave FC vs Kansas City,KXNWSLGAME,NWSL Game,Sports,"[""Soccer""]",settled,binary,0,1,0.99,0.99,0.01,0.99,1,197802.98,195918.75,103437.48,0,2026-09-15T00:38:00Z,2026-09-19T04:06:59Z,2026-09-21T02:00:00Z,,yes,San Diego Wave FC,structured,,,,True,2026-09-19T16:08:01+00:00
kalshi,KXWTACHALLENGERMATCH-26SEP19BARBAS-BAS,https://kalshi.com/markets/kxwtachallengermatch/challenger-wta,https://kalshi.com/markets/kxwtachallengermatch/challenger-wta/kxwtachallengermatch-26sep19barbas,Noemi Basiletti wins,Noemi Basiletti,KXWTACHALLENGERMATCH-26SEP19BARBAS,Barthel vs Basiletti,KXWTACHALLENGERMATCH,Challenger WTA,Sports,"[""Tennis""]",settled,binary,0,1,0.01,0.01,0.99,0.01,1,195884.56,195884.56,85891.37,0,2026-09-18T23:20:00Z,2026-09-19T13:50:02Z,2026-10-03T11:10:00Z,,no,Mona Barthel,structured,,,,True,2026-09-19T16:07:38+00:00
kalshi,KXITFMATCH-26SEP19JUHPRI-JUH,https://kalshi.com/markets/kxitfmatch/itf-men-s-match,https://kalshi.com/markets/kxitfmatch/itf-men-s-match/kxitfmatch-26sep19juhpri,Kristijan Juhas wins,Kristijan Juhas,KXITFMATCH-26SEP19JUHPRI,Juhas vs Prihodko,KXITFMATCH,ITF Men's Match,Sports,"[""Tennis""]",settled,binary,0,1,0.99,0.99,0.01,0.99,1,194282.38,194282.38,104856.84,0,2026-09-18T20:11:00Z,2026-09-19T10:19:49Z,2026-10-03T08:00:00Z,,yes,Kristijan Juhas,structured,,,,True,2026-09-19T16:07:41+00:00
kalshi,KXCZEFNLGAME-26SEP181SKDUK-TIE,https://kalshi.com/markets/kxczefnlgame/czech-national-football-league-game,https://kalshi.com/markets/kxczefnlgame/czech-national-football-league-game/kxczefnlgame-26sep181skduk,Tie is the result,Tie,KXCZEFNLGAME-26SEP181SKDUK,Prostejov vs Dukla Prague,KXCZEFNLGAME,Czech National Football League Game,Sports,"[""Soccer""]",settled,binary,0,1,0.99,0.99,0.01,0.99,1,196128.41,193851.62,88085.64,0,2026-09-14T00:38:00Z,2026-09-18T18:07:50Z,2026-09-20T16:00:00Z,,yes,Tie,structured,,,,True,2026-09-19T16:08:39+00:00
kalshi,KXMLBTOTAL-26SEP181840KCPIT-9,https://kalshi.com/markets/kxmlbtotal/pro-baseball-total-points,https://kalshi.com/markets/kxmlbtotal/pro-baseball-total-points/kxmlbtotal-26sep181840kcpit,Over 8.5 runs scored,Over 8.5 runs scored,KXMLBTOTAL-26SEP181840KCPIT,Kansas City vs Pittsburgh: Total Runs,KXMLBTOTAL,Pro Baseball Total Points,Sports,"[""Baseball""]",settled,binary,0,1,0.99,0.99,0.01,0.99,1,219043.38,192957.54,149019.12,0,2026-09-17T19:10:00Z,2026-09-19T00:04:35Z,2026-09-21T22:40:00Z,,yes,9,greater,8.5,,,True,2026-09-19T16:08:22+00:00
kalshi,KXBTCD-26SEP1909-T81199.99,https://kalshi.com/markets/kxbtcd/bitcoin-price-above-below,https://kalshi.com/markets/kxbtcd/bitcoin-price-above-below/kxbtcd-26sep1909,"Bitcoin price on Sep 19, 2026?","$81,200 or above",KXBTCD-26SEP1909,"BTC price on Sep 19, 2026 at 9am EDT?",KXBTCD,Bitcoin price Above/below,Crypto,"[""Hourly"", ""BTC""]",settled,binary,0,1,0.99,0.99,0.01,0.99,1,192858.21,192858.21,53572.17,0,2026-09-19T12:00:00Z,2026-09-19T13:00:00Z,2026-09-26T13:00:00Z,,yes,81307.65,greater,81199.99,,BRTI,True,2026-09-19T16:07:39+00:00
kalshi,KXGOLD15M-26SEP181845-45,https://kalshi.com/markets/kxgold15m/gold-15-minute,https://kalshi.com/markets/kxgold15m/gold-15-minute/kxgold15m-26sep181845,Gold price up in next 15 mins?,"Target Price: $4,379.84",KXGOLD15M-26SEP181845,"Gold 15 min · $4,379.84 target",KXGOLD15M,Gold 15-minute,Commodities,"[""Metals""]",settled,binary,0,1,0.99,0.99,0.01,0.99,1,191340.86,191340.86,68643.07,0,2026-09-18T22:30:00Z,2026-09-18T22:45:00Z,2026-09-25T22:45:00Z,,yes,4381.33,greater_or_equal,4379.84,,,True,2026-09-19T16:08:27+00:00
kalshi,KXDAVISCUPMATCH-26SEP18SHESAK-SHE,https://kalshi.com/markets/kxdaviscupmatch/davis-cup-match,https://kalshi.com/markets/kxdaviscupmatch/davis-cup-match/kxdaviscupmatch-26sep18shesak,Anton Shepp wins,Anton Shepp,KXDAVISCUPMATCH-26SEP18SHESAK,Shepp vs Sakamoto,KXDAVISCUPMATCH,Davis Cup Match,Sports,"[""Tennis""]",settled,binary,0,1,0.01,0.01,0.99,0.01,1,191236.82,191236.82,107147.35,0,2026-09-18T02:25:00Z,2026-09-19T01:50:20Z,2026-10-03T00:00:00Z,,no,Rei Sakamoto,structured,,,,True,2026-09-19T16:08:16+00:00
kalshi,KXMLBRFI-26SEP181940DETCWS,https://kalshi.com/markets/kxmlbrfi/pro-baseball-run-in-first-inning,https://kalshi.com/markets/kxmlbrfi/pro-baseball-run-in-first-inning/kxmlbrfi-26sep181940detcws,1st inning: Over 0.5 runs,Over 0.5 runs in the 1st inning,KXMLBRFI-26SEP181940DETCWS,Detroit vs Chicago WS: First Inning Run,KXMLBRFI,Pro Baseball Run in First Inning,Sports,"[""Baseball""]",settled,binary,0,1,0.99,0.99,0.01,0.99,1,191581.25,188178.09,141958.49,0,2026-09-16T00:11:00Z,2026-09-19T00:10:38Z,2026-09-21T23:40:00Z,,yes,Yes,greater_or_equal,1,,,True,2026-09-19T16:08:22+00:00
kalshi,KXBTCD-26SEP1823-T81499.99,https://kalshi.com/markets/kxbtcd/bitcoin-price-above-below,https://kalshi.com/markets/kxbtcd/bitcoin-price-above-below/kxbtcd-26sep1823,"Bitcoin price on Sep 18, 2026?","$81,500 or above",KXBTCD-26SEP1823,"BTC price on Sep 18, 2026 at 11pm EDT?",KXBTCD,Bitcoin price Above/below,Crypto,"[""Hourly"", ""BTC""]",settled,binary,0,1,0.01,0.01,0.99,0.01,1,187465.74,187465.74,70861.2,0,2026-09-19T02:00:00Z,2026-09-19T03:00:00Z,2026-09-26T03:00:00Z,,no,81268.21,greater,81499.99,,BRTI,True,2026-09-19T16:08:11+00:00
kalshi,KXJ2LEAGUEGAME-26SEP19HCSOIT-OIT,https://kalshi.com/markets/kxj2leaguegame/japan-j2-league-game,https://kalshi.com/markets/kxj2leaguegame/japan-j2-league-game/kxj2leaguegame-26sep19hcsoit,Oita wins,Oita,KXJ2LEAGUEGAME-26SEP19HCSOIT,Sapporo vs Oita,KXJ2LEAGUEGAME,Japan J2 League Game,Sports,"[""Soccer""]",settled,binary,0,1,0.01,0.01,0.99,0.01,1,188023.97,187343.73,93100.07,0,2026-09-15T00:37:00Z,2026-09-19T07:03:06Z,2026-09-21T05:00:00Z,,no,Tie,structured,,,,True,2026-09-19T16:07:50+00:00
kalshi,KXGOLD15M-26SEP181715-15,https://kalshi.com/markets/kxgold15m/gold-15-minute,https://kalshi.com/markets/kxgold15m/gold-15-minute/kxgold15m-26sep181715,Gold price up in next 15 mins?,"Target Price: $4,378.04",KXGOLD15M-26SEP181715,"Gold 15 min · $4,378.04 target",KXGOLD15M,Gold 15-minute,Commodities,"[""Metals""]",settled,binary,0,1,0.999,0.999,0.001,0.999,1,187233.02,187233.02,94261.28,0,2026-09-18T21:00:00Z,2026-09-18T21:15:00Z,2026-09-25T21:15:00Z,,yes,4379.81,greater_or_equal,4378.04,,,True,2026-09-19T16:08:30+00:00
kalshi,KXMLBSPREAD-26SEP181840KCPIT-PIT2,https://kalshi.com/markets/kxmlbspread/pro-baseball-spread,https://kalshi.com/markets/kxmlbspread/pro-baseball-spread/kxmlbspread-26sep181840kcpit,Pittsburgh wins by over 1.5 runs?,Pittsburgh wins by over 1.5 runs,KXMLBSPREAD-26SEP181840KCPIT,Kansas City vs Pittsburgh: Spread,KXMLBSPREAD,Pro Baseball Spread,Sports,"[""Baseball""]",settled,binary,0,1,0.99,0.99,0.01,0.99,1,215568.82,187097.63,109150.04,0,2026-09-17T19:10:00Z,2026-09-19T01:29:47Z,2026-09-21T22:40:00Z,,yes,3,greater,1.5,,,True,2026-09-19T16:08:18+00:00
kalshi,KXMLBTOTAL-26SEP182140MIASD-8,https://kalshi.com/markets/kxmlbtotal/pro-baseball-total-points,https://kalshi.com/markets/kxmlbtotal/pro-baseball-total-points/kxmlbtotal-26sep182140miasd,Over 7.5 runs scored,Over 7.5 runs scored,KXMLBTOTAL-26SEP182140MIASD,Miami vs San Diego: Total Runs,KXMLBTOTAL,Pro Baseball Total Points,Sports,"[""Baseball""]",settled,binary,0,1,0.99,0.99,0.01,0.99,1,212539.06,187046.59,136093.16,0,2026-09-17T19:10:00Z,2026-09-19T04:14:52Z,2026-09-22T01:40:00Z,,yes,10,greater,7.5,,,True,2026-09-19T16:08:01+00:00
kalshi,KXBRASILEIROBGAME-26SEP18VINAMG-TIE,https://kalshi.com/markets/kxbrasileirobgame/brasileiro-serie-b-game,https://kalshi.com/markets/kxbrasileirobgame/brasileiro-serie-b-game/kxbrasileirobgame-26sep18vinamg,Tie is the result,Tie,KXBRASILEIROBGAME-26SEP18VINAMG,Vila Nova vs America FC,KXBRASILEIROBGAME,Brasileiro Serie B Game,Sports,"[""Soccer""]",settled,binary,0,1,0.01,0.01,0.99,0.01,1,187354.2,186882.08,98909.42,0,2026-09-11T00:34:00Z,2026-09-19T00:36:30Z,2026-09-20T22:30:00Z,,no,Vila Nova,structured,,,,True,2026-09-19T16:08:21+00:00
kalshi,KXNCAAFTEAMTOTAL-26SEP18MIAWAKE-MIA39,https://kalshi.com/markets/kxncaafteamtotal/college-football-team-total-points,https://kalshi.com/markets/kxncaafteamtotal/college-football-team-total-points/kxncaafteamtotal-26sep18miawake,Miami (FL) scores over 38.5 points,Miami (FL) over 38.5 points scored,KXNCAAFTEAMTOTAL-26SEP18MIAWAKE,Miami (FL) vs Wake Forest: Team Total,KXNCAAFTEAMTOTAL,College Football Team Total Points,Sports,"[""Football""]",settled,binary,0,1,0.01,0.01,0.99,0.01,1,227724.43,186718.44,148527.2,0,2026-09-13T22:05:00Z,2026-09-19T03:12:19Z,2026-09-20T23:30:00Z,,no,"Home: 20, Away: 33",greater,38.5,,,True,2026-09-19T16:08:06+00:00
kalshi,KXMLSTOTAL-26SEP18NYCNYRB-2,https://kalshi.com/markets/kxmlstotal/mls-total,https://kalshi.com/markets/kxmlstotal/mls-total/kxmlstotal-26sep18nycnyrb,Will over 1.5 goals be scored?,Over 1.5 goals scored,KXMLSTOTAL-26SEP18NYCNYRB,New York City vs New York RB: Total Goals,KXMLSTOTAL,MLS Total,Sports,"[""Soccer""]",settled,binary,0,1,0.01,0.01,0.99,0.01,1,186598.48,186592.58,129174.64,0,2026-09-12T00:07:00Z,2026-09-19T01:44:46Z,2026-09-20T23:30:00Z,,no,1,greater,1.5,,,True,2026-09-19T16:08:16+00:00
kalshi,KXMLBSPREAD-26SEP182215SFLAD-LAD4,https://kalshi.com/markets/kxmlbspread/pro-baseball-spread,https://kalshi.com/markets/kxmlbspread/pro-baseball-spread/kxmlbspread-26sep182215sflad,Los Angeles D wins by over 3.5 runs?,Los Angeles D wins by over 3.5 runs,KXMLBSPREAD-26SEP182215SFLAD,San Francisco vs Los Angeles D: Spread,KXMLBSPREAD,Pro Baseball Spread,Sports,"[""Baseball""]",settled,binary,0,1,0.99,0.99,0.01,0.99,1,188662.08,185978.4,87941.6,0,2026-09-17T19:10:00Z,2026-09-19T05:02:30Z,2026-09-22T02:15:00Z,,yes,6,greater,3.5,,,True,2026-09-19T16:07:56+00:00
kalshi,KXBUNDESLIGA2GAME-26SEP18SGFFCM-TIE,https://kalshi.com/markets/kxbundesliga2game/bundesliga-2-game,https://kalshi.com/markets/kxbundesliga2game/bundesliga-2-game/kxbundesliga2game-26sep18sgffcm,Tie is the result,Tie,KXBUNDESLIGA2GAME-26SEP18SGFFCM,Greuther Furth vs Magdeburg,KXBUNDESLIGA2GAME,Bundesliga 2 Game,Sports,"[""Soccer""]",settled,binary,0,1,0.99,0.99,0.01,0.99,1,186243.39,185928.98,106794.83,0,2026-09-14T00:35:00Z,2026-09-18T18:33:13Z,2026-09-20T16:30:00Z,,yes,Tie,structured,,,,True,2026-09-19T16:08:39+00:00
kalshi,KXBTCD-26SEP1906-T81199.99,https://kalshi.com/markets/kxbtcd/bitcoin-price-above-below,https://kalshi.com/markets/kxbtcd/bitcoin-price-above-below/kxbtcd-26sep1906,"Bitcoin price on Sep 19, 2026?","$81,200 or above",KXBTCD-26SEP1906,"BTC price on Sep 19, 2026 at 6am EDT?",KXBTCD,Bitcoin price Above/below,Crypto,"[""Hourly"", ""BTC""]",settled,binary,0,1,0.99,0.99,0.01,0.99,1,185926.82,185926.82,35662.47,0,2026-09-19T09:00:00Z,2026-09-19T10:00:00Z,2026-09-26T10:00:00Z,,yes,81311.36,greater,81199.99,,BRTI,True,2026-09-19T16:07:44+00:00
kalshi,KXEFLCHAMPIONSHIPGAME-26SEP18BRCWAT-BRC,https://kalshi.com/markets/kxeflchampionshipgame/efl-championship-game,https://kalshi.com/markets/kxeflchampionshipgame/efl-championship-game/kxeflchampionshipgame-26sep18brcwat,Bristol City wins,Bristol City,KXEFLCHAMPIONSHIPGAME-26SEP18BRCWAT,Bristol City vs Watford,KXEFLCHAMPIONSHIPGAME,EFL Championship Game,Sports,"[""Soccer""]",settled,binary,0,1,0.99,0.99,0.01,0.99,1,194572.67,185442.8,53483.11,0,2026-09-11T00:35:00Z,2026-09-18T20:56:32Z,2026-09-20T19:00:00Z,,yes,Bristol City,structured,,,,True,2026-09-19T16:08:32+00:00
kalshi,KXMLBRFI-26SEP182215SFLAD,https://kalshi.com/markets/kxmlbrfi/pro-baseball-run-in-first-inning,https://kalshi.com/markets/kxmlbrfi/pro-baseball-run-in-first-inning/kxmlbrfi-26sep182215sflad,1st inning: Over 0.5 runs,Over 0.5 runs in the 1st inning,KXMLBRFI-26SEP182215SFLAD,San Francisco vs Los Angeles D: First Inning Run,KXMLBRFI,Pro Baseball Run in First Inning,Sports,"[""Baseball""]",settled,binary,0,1,0.99,0.99,0.01,0.99,1,187913.58,185361.72,136068.4,0,2026-09-16T02:40:00Z,2026-09-19T02:34:21Z,2026-09-22T02:15:00Z,,yes,Yes,greater_or_equal,1,,,True,2026-09-19T16:08:13+00:00
kalshi,KXNCAAFTOTAL-26SEP18MIAWAKE-64,https://kalshi.com/markets/kxncaaftotal/college-football-total-points,https://kalshi.com/markets/kxncaaftotal/college-football-total-points/kxncaaftotal-26sep18miawake,Over 63.5 points scored,Over 63.5 points scored,KXNCAAFTOTAL-26SEP18MIAWAKE,Miami (FL) vs Wake Forest: Total Points,KXNCAAFTOTAL,College Football Total Points,Sports,"[""Football""]",settled,binary,0,1,0.01,0.01,0.99,0.01,1,198409.83,184619.71,85834.64,0,2026-09-12T01:07:00Z,2026-09-19T03:14:39Z,2026-09-20T23:30:00Z,,no,53,greater,63.5,,,True,2026-09-19T16:08:06+00:00
kalshi,KXBTCD-26SEP1818-T80999.99,https://kalshi.com/markets/kxbtcd/bitcoin-price-above-below,https://kalshi.com/markets/kxbtcd/bitcoin-price-above-below/kxbtcd-26sep1818,"Bitcoin price on Sep 18, 2026?","$81,000 or above",KXBTCD-26SEP1818,"BTC price on Sep 18, 2026 at 6pm EDT?",KXBTCD,Bitcoin price Above/below,Crypto,"[""Hourly"", ""BTC""]",settled,binary,0,1,0.99,0.99,0.01,0.99,1,183935.37,183935.37,75522.65,0,2026-09-18T21:00:00Z,2026-09-18T22:00:00Z,2026-09-25T22:00:00Z,,yes,81223.68,greater,80999.99,,BRTI,True,2026-09-19T16:08:29+00:00
kalshi,KXLALIGATOTAL-26SEP19OSARVC-3,https://kalshi.com/markets/kxlaligatotal/la-liga-total,https://kalshi.com/markets/kxlaligatotal/la-liga-total/kxlaligatotal-26sep19osarvc,Will over 2.5 goals be scored?,Over 2.5 goals scored,KXLALIGATOTAL-26SEP19OSARVC,Osasuna vs Vallecano: Total Goals,KXLALIGATOTAL,La Liga Total,Sports,"[""Soccer""]",settled,binary,0,1,0.01,0.01,0.99,0.01,1,183866.88,183779.5,99623.14,0,2026-09-12T12:06:00Z,2026-09-19T14:06:26Z,2026-09-21T12:00:00Z,,no,2,greater,2.5,,,True,2026-09-19T16:07:37+00:00
kalshi,KXBTCD-26SEP1904-T81199.99,https://kalshi.com/markets/kxbtcd/bitcoin-price-above-below,https://kalshi.com/markets/kxbtcd/bitcoin-price-above-below/kxbtcd-26sep1904,"Bitcoin price on Sep 19, 2026?","$81,200 or above",KXBTCD-26SEP1904,"BTC price on Sep 19, 2026 at 4am EDT?",KXBTCD,Bitcoin price Above/below,Crypto,"[""Hourly"", ""BTC""]",settled,binary,0,1,0.01,0.01,0.99,0.01,1,183720.89,183720.89,60388.29,0,2026-09-19T07:00:00Z,2026-09-19T08:00:00Z,2026-09-26T08:00:00Z,,no,81093.73,greater,81199.99,,BRTI,True,2026-09-19T16:07:49+00:00
kalshi,KXMLBSPREAD-26SEP181840CHCCIN-CHC2,https://kalshi.com/markets/kxmlbspread/pro-baseball-spread,https://kalshi.com/markets/kxmlbspread/pro-baseball-spread/kxmlbspread-26sep181840chccin,Chicago C wins by over 1.5 runs?,Chicago C wins by over 1.5 runs,KXMLBSPREAD-26SEP181840CHCCIN,Chicago C vs Cincinnati: Spread,KXMLBSPREAD,Pro Baseball Spread,Sports,"[""Baseball""]",settled,binary,0,1,0.01,0.01,0.99,0.01,1,198576.6,183266.03,101710.1,0,2026-09-18T03:20:00Z,2026-09-19T01:30:31Z,2026-09-21T22:40:00Z,,no,2,greater,1.5,,,True,2026-09-19T16:08:18+00:00
kalshi,KXMLBRFI-26SEP181905MILBAL,https://kalshi.com/markets/kxmlbrfi/pro-baseball-run-in-first-inning,https://kalshi.com/markets/kxmlbrfi/pro-baseball-run-in-first-inning/kxmlbrfi-26sep181905milbal,1st inning: Over 0.5 runs,Over 0.5 runs in the 1st inning,KXMLBRFI-26SEP181905MILBAL,Milwaukee vs Baltimore: First Inning Run,KXMLBRFI,Pro Baseball Run in First Inning,Sports,"[""Baseball""]",settled,binary,0,1,0.01,0.01,0.99,0.01,1,184241.89,181941.1,124330.8,0,2026-09-15T23:40:00Z,2026-09-18T23:29:48Z,2026-09-21T23:05:00Z,,no,No,greater_or_equal,1,,,True,2026-09-19T16:08:24+00:00
kalshi,KXETH15M-26SEP182000-00,https://kalshi.com/markets/kxeth15m/eth-15m-price-up-down,https://kalshi.com/markets/kxeth15m/eth-15m-price-up-down/kxeth15m-26sep182000,ETH price up in next 15 mins?,"Target Price: $2,611.93",KXETH15M-26SEP182000,"ETH 15 min · $2,611.93 target",KXETH15M,ETH 15M price up down,Crypto,"[""ETH"", ""15 min""]",settled,binary,0,1,0.001,0.001,0.999,0.001,1,181668.39,181668.39,39781.2,0,2026-09-18T23:45:00Z,2026-09-19T00:00:00Z,2026-09-26T00:00:00Z,,no,2611.61,greater_or_equal,2611.93,,,True,2026-09-19T16:08:24+00:00
kalshi,KXDIMAYORGAME-26SEP18ADRPER-ADR,https://kalshi.com/markets/kxdimayorgame/liga-dimayor-game,https://kalshi.com/markets/kxdimayorgame/liga-dimayor-game/kxdimayorgame-26sep18adrper,Aguilas Doradas Rionegro wins,Aguilas Doradas Rionegro,KXDIMAYORGAME-26SEP18ADRPER,Aguilas Doradas Rionegro vs Pereira,KXDIMAYORGAME,Liga DIMAYOR Game,Sports,"[""Soccer""]",settled,binary,0,1,0.01,0.01,0.99,0.01,1,182313.03,181382.09,76596.3,0,2026-09-14T00:35:00Z,2026-09-18T23:06:36Z,2026-09-20T21:00:00Z,,no,Tie,structured,,,,True,2026-09-19T16:08:25+00:00
kalshi,KXCS2GAME-26SEP181330FURIAVIT-VIT,https://kalshi.com/markets/kxcs2game/counter-strike-2-game,https://kalshi.com/markets/kxcs2game/counter-strike-2-game/kxcs2game-26sep181330furiavit,Vitality wins,Vitality,KXCS2GAME-26SEP181330FURIAVIT,FURIA vs. Vitality,KXCS2GAME,Counter-Strike 2 Game,Sports,"[""Esports""]",settled,binary,0,1,0.99,0.99,0.01,0.99,1,189462.55,180045.29,126257.07,0,2026-09-17T21:25:00Z,2026-09-18T20:29:45Z,2026-09-20T17:30:00Z,,yes,Vitality,structured,,,,True,2026-09-19T16:08:32+00:00
kalshi,KXMLSTOTAL-26SEP18NYCNYRB-3,https://kalshi.com/markets/kxmlstotal/mls-total,https://kalshi.com/markets/kxmlstotal/mls-total/kxmlstotal-26sep18nycnyrb,Will over 2.5 goals be scored?,Over 2.5 goals scored,KXMLSTOTAL-26SEP18NYCNYRB,New York City vs New York RB: Total Goals,KXMLSTOTAL,MLS Total,Sports,"[""Soccer""]",settled,binary,0,1,0.01,0.01,0.99,0.01,1,183216.33,180002.24,105691.16,0,2026-09-12T00:07:00Z,2026-09-19T01:44:46Z,2026-09-20T23:30:00Z,,no,1,greater,2.5,,,True,2026-09-19T16:08:16+00:00
kalshi,KXITFMATCH-26SEP19TABTAB2-TAB2,https://kalshi.com/markets/kxitfmatch/itf-men-s-match,https://kalshi.com/markets/kxitfmatch/itf-men-s-match/kxitfmatch-26sep19tabtab2,Fausto Tabacco wins,Fausto Tabacco,KXITFMATCH-26SEP19TABTAB2,Tabacco vs Tabacco,KXITFMATCH,ITF Men's Match,Sports,"[""Tennis""]",settled,binary,0,1,0.99,0.99,0.01,0.99,1,179947.13,179947.13,95160.85,0,2026-09-18T17:11:00Z,2026-09-19T11:24:42Z,2026-10-03T09:00:00Z,,yes,Fausto Tabacco,structured,,,,True,2026-09-19T16:07:40+00:00
kalshi,KXETH15M-26SEP181545-45,https://kalshi.com/markets/kxeth15m/eth-15m-price-up-down,https://kalshi.com/markets/kxeth15m/eth-15m-price-up-down/kxeth15m-26sep181545,ETH price up in next 15 mins?,"Target Price: $2,636.09",KXETH15M-26SEP181545,"ETH 15 min · $2,636.09 target",KXETH15M,ETH 15M price up down,Crypto,"[""ETH"", ""15 min""]",settled,binary,0,1,0.999,0.999,0.001,0.999,1,179854.18,179854.18,56802.71,0,2026-09-18T19:30:00Z,2026-09-18T19:45:00Z,2026-09-25T19:45:00Z,,yes,2638.91,greater_or_equal,2636.09,,,True,2026-09-19T16:08:36+00:00
kalshi,KXEPLBTTS-26SEP19TOTAVL-BTTS,https://kalshi.com/markets/kxeplbtts/epl-both-teams-to-score,https://kalshi.com/markets/kxeplbtts/epl-both-teams-to-score/kxeplbtts-26sep19totavl,Both Teams To Score,Both Teams To Score,KXEPLBTTS-26SEP19TOTAVL,Tottenham vs Aston Villa: BTTS,KXEPLBTTS,EPL Both Teams to Score,Sports,"[""Soccer""]",settled,binary,0,1,0.99,0.99,0.01,0.99,1,184443.18,179480.16,109933.23,0,2026-09-12T12:06:00Z,2026-09-19T13:36:00Z,2026-09-21T11:30:00Z,,yes,YES,,,,,True,2026-09-19T16:07:38+00:00
kalshi,KXBTCD-26SEP1905-T81099.99,https://kalshi.com/markets/kxbtcd/bitcoin-price-above-below,https://kalshi.com/markets/kxbtcd/bitcoin-price-above-below/kxbtcd-26sep1905,"Bitcoin price on Sep 19, 2026?","$81,100 or above",KXBTCD-26SEP1905,"BTC price on Sep 19, 2026 at 5am EDT?",KXBTCD,Bitcoin price Above/below,Crypto,"[""Hourly"", ""BTC""]",settled,binary,0,1,0.99,0.99,0.01,0.99,1,179074.14,179074.14,52884.75,0,2026-09-19T08:00:00Z,2026-09-19T09:00:00Z,2026-09-26T09:00:00Z,,yes,81286.80,greater,81099.99,,BRTI,True,2026-09-19T16:07:46+00:00
kalshi,KXGOLD15M-26SEP182000-00,https://kalshi.com/markets/kxgold15m/gold-15-minute,https://kalshi.com/markets/kxgold15m/gold-15-minute/kxgold15m-26sep182000,Gold price up in next 15 mins?,"Target Price: $4,382.10",KXGOLD15M-26SEP182000,"Gold 15 min · $4,382.10 target",KXGOLD15M,Gold 15-minute,Commodities,"[""Metals""]",settled,binary,0,1,0.002,0.002,0.998,0.002,1,178243.05,178243.05,51388.14,0,2026-09-18T23:45:00Z,2026-09-19T00:00:00Z,2026-09-26T00:00:00Z,,no,4380.84,greater_or_equal,4382.1,,,True,2026-09-19T16:08:23+00:00
kalshi,KXMLBTOTAL-26SEP182215SFLAD-10,https://kalshi.com/markets/kxmlbtotal/pro-baseball-total-points,https://kalshi.com/markets/kxmlbtotal/pro-baseball-total-points/kxmlbtotal-26sep182215sflad,Over 9.5 runs scored,Over 9.5 runs scored,KXMLBTOTAL-26SEP182215SFLAD,San Francisco vs Los Angeles D: Total Runs,KXMLBTOTAL,Pro Baseball Total Points,Sports,"[""Baseball""]",settled,binary,0,1,0.99,0.99,0.01,0.99,1,178544.5,178071.98,109858.9,0,2026-09-17T19:10:00Z,2026-09-19T04:49:35Z,2026-09-22T02:15:00Z,,yes,10,greater,9.5,,,True,2026-09-19T16:08:00+00:00
kalshi,KXMLBSPREAD-26SEP182215SFLAD-LAD3,https://kalshi.com/markets/kxmlbspread/pro-baseball-spread,https://kalshi.com/markets/kxmlbspread/pro-baseball-spread/kxmlbspread-26sep182215sflad,Los Angeles D wins by over 2.5 runs?,Los Angeles D wins by over 2.5 runs,KXMLBSPREAD-26SEP182215SFLAD,San Francisco vs Los Angeles D: Spread,KXMLBSPREAD,Pro Baseball Spread,Sports,"[""Baseball""]",settled,binary,0,1,0.99,0.99,0.01,0.99,1,190628.55,177975.61,92884.01,0,2026-09-17T19:10:00Z,2026-09-19T05:02:30Z,2026-09-22T02:15:00Z,,yes,6,greater,2.5,,,True,2026-09-19T16:07:56+00:00
kalshi,KXBRASILEIROBGAME-26SEP18CEAGRN-CEA,https://kalshi.com/markets/kxbrasileirobgame/brasileiro-serie-b-game,https://kalshi.com/markets/kxbrasileirobgame/brasileiro-serie-b-game/kxbrasileirobgame-26sep18ceagrn,Ceara wins,Ceara,KXBRASILEIROBGAME-26SEP18CEAGRN,Ceara vs Gremio Novorizontino,KXBRASILEIROBGAME,Brasileiro Serie B Game,Sports,"[""Soccer""]",settled,binary,0,1,0.99,0.99,0.01,0.99,1,177048.41,176964.25,74585.52,0,2026-09-11T00:34:00Z,2026-09-19T01:42:41Z,2026-09-20T23:30:00Z,,yes,Ceara,structured,,,,True,2026-09-19T16:08:18+00:00
kalshi,KXGOLD15M-26SEP181730-30,https://kalshi.com/markets/kxgold15m/gold-15-minute,https://kalshi.com/markets/kxgold15m/gold-15-minute/kxgold15m-26sep181730,Gold price up in next 15 mins?,"Target Price: $4,379.81",KXGOLD15M-26SEP181730,"Gold 15 min · $4,379.81 target",KXGOLD15M,Gold 15-minute,Commodities,"[""Metals""]",settled,binary,0,1,0.73,0.73,0.27,0.73,1,176766.13,176766.13,87220.3,0,2026-09-18T21:15:00Z,2026-09-18T21:30:00Z,2026-09-25T21:30:00Z,,yes,4379.81,greater_or_equal,4379.81,,,True,2026-09-19T16:08:30+00:00
kalshi,KXETH15M-26SEP190030-30,https://kalshi.com/markets/kxeth15m/eth-15m-price-up-down,https://kalshi.com/markets/kxeth15m/eth-15m-price-up-down/kxeth15m-26sep190030,ETH price up in next 15 mins?,"Target Price: $2,624.75",KXETH15M-26SEP190030,"ETH 15 min · $2,624.75 target",KXETH15M,ETH 15M price up down,Crypto,"[""ETH"", ""15 min""]",settled,binary,0,1,0.001,0.001,0.999,0.001,1,175931.77,175931.77,49647.53,0,2026-09-19T04:15:00Z,2026-09-19T04:30:00Z,2026-09-26T04:30:00Z,,no,2624.34,greater_or_equal,2624.75,,,True,2026-09-19T16:08:01+00:00
kalshi,KXETH15M-26SEP181345-45,https://kalshi.com/markets/kxeth15m/eth-15m-price-up-down,https://kalshi.com/markets/kxeth15m/eth-15m-price-up-down/kxeth15m-26sep181345,ETH price up in next 15 mins?,"Target Price: $2,591.38",KXETH15M-26SEP181345,"ETH 15 min · $2,591.38 target",KXETH15M,ETH 15M price up down,Crypto,"[""ETH"", ""15 min""]",settled,binary,0,1,0.999,0.999,0.001,0.999,1,174350.37,174350.37,48218.72,0,2026-09-18T17:30:00Z,2026-09-18T17:45:00Z,2026-09-25T17:45:00Z,,yes,2593.01,greater_or_equal,2591.38,,,True,2026-09-19T16:08:42+00:00
kalshi,KXARGPREMDIVTOTAL-26SEP18CCDYJ-3,https://kalshi.com/markets/kxargpremdivtotal/argentina-premier-division-total,https://kalshi.com/markets/kxargpremdivtotal/argentina-premier-division-total/kxargpremdivtotal-26sep18ccdyj,Will over 2.5 goals be scored?,Over 2.5 goals scored,KXARGPREMDIVTOTAL-26SEP18CCDYJ,Central Cordoba vs Defensa y Justicia: Total Goals,KXARGPREMDIVTOTAL,Argentina Premier Division Total,Sports,"[""Soccer""]",settled,binary,0,1,0.99,0.99,0.01,0.99,1,173881.8,173881.8,66939.07,0,2026-09-17T21:05:00Z,2026-09-18T23:04:55Z,2026-09-20T21:00:00Z,,yes,5,greater,2.5,,,True,2026-09-19T16:08:25+00:00
kalshi,KXGOLD15M-26SEP182045-45,https://kalshi.com/markets/kxgold15m/gold-15-minute,https://kalshi.com/markets/kxgold15m/gold-15-minute/kxgold15m-26sep182045,Gold price up in next 15 mins?,"Target Price: $4,375.92",KXGOLD15M-26SEP182045,"Gold 15 min · $4,375.92 target",KXGOLD15M,Gold 15-minute,Commodities,"[""Metals""]",settled,binary,0,1,0.987,0.987,0.013,0.987,1,173652.67,173652.67,63736.1,0,2026-09-19T00:30:00Z,2026-09-19T00:45:00Z,2026-09-26T00:45:00Z,,yes,4375.93,greater_or_equal,4375.92,,,True,2026-09-19T16:08:21+00:00
kalshi,KXBUNDESLIGABTTS-26SEP18BMUUNI-BTTS,https://kalshi.com/markets/kxbundesligabtts/bundesliga-btts,https://kalshi.com/markets/kxbundesligabtts/bundesliga-btts/kxbundesligabtts-26sep18bmuuni,Both Teams To Score,Both Teams To Score,KXBUNDESLIGABTTS-26SEP18BMUUNI,Bayern Munich vs Union Berlin: BTTS,KXBUNDESLIGABTTS,Bundesliga BTTS,Sports,"[""Soccer""]",settled,binary,0,1,0.01,0.01,0.99,0.01,1,187508.7,173264.92,85023.92,0,2026-09-11T19:06:00Z,2026-09-18T20:24:45Z,2026-09-20T18:30:00Z,,no,NO,,,,,True,2026-09-19T16:08:32+00:00
kalshi,KXITFMATCH-26SEP19TABTAB2-TAB,https://kalshi.com/markets/kxitfmatch/itf-men-s-match,https://kalshi.com/markets/kxitfmatch/itf-men-s-match/kxitfmatch-26sep19tabtab2,Giorgio Tabacco wins,Giorgio Tabacco,KXITFMATCH-26SEP19TABTAB2,Tabacco vs Tabacco,KXITFMATCH,ITF Men's Match,Sports,"[""Tennis""]",settled,binary,0,1,0.01,0.01,0.99,0.01,1,172449.46,172449.46,109922.63,0,2026-09-18T17:11:00Z,2026-09-19T11:24:42Z,2026-10-03T09:00:00Z,,no,Fausto Tabacco,structured,,,,True,2026-09-19T16:07:40+00:00
kalshi,KXBTCD-26SEP1822-T81499.99,https://kalshi.com/markets/kxbtcd/bitcoin-price-above-below,https://kalshi.com/markets/kxbtcd/bitcoin-price-above-below/kxbtcd-26sep1822,"Bitcoin price on Sep 18, 2026?","$81,500 or above",KXBTCD-26SEP1822,"BTC price on Sep 18, 2026 at 10pm EDT?",KXBTCD,Bitcoin price Above/below,Crypto,"[""Hourly"", ""BTC""]",settled,binary,0,1,0.01,0.01,0.99,0.01,1,171617,171617,67351.32,0,2026-09-19T01:00:00Z,2026-09-19T02:00:00Z,2026-09-26T02:00:00Z,,no,81261.34,greater,81499.99,,BRTI,True,2026-09-19T16:08:16+00:00
kalshi,KXARGPREMDIVGAME-26SEP18RACCAS-RAC,https://kalshi.com/markets/kxargpremdivgame/argentina-primera-division-game,https://kalshi.com/markets/kxargpremdivgame/argentina-primera-division-game/kxargpremdivgame-26sep18raccas,Racing Avellaneda wins,Racing Avellaneda,KXARGPREMDIVGAME-26SEP18RACCAS,Racing Avellaneda vs Junin,KXARGPREMDIVGAME,Argentina Primera Division Game,Sports,"[""Soccer""]",settled,binary,0,1,0.99,0.99,0.01,0.99,1,193624.75,171542.28,88730.49,0,2026-09-15T00:34:00Z,2026-09-19T02:11:56Z,2026-09-21T00:15:00Z,,yes,Racing Avellaneda,structured,,,,True,2026-09-19T16:08:14+00:00
kalshi,KXMLBRFI-26SEP181910ATHCLE,https://kalshi.com/markets/kxmlbrfi/pro-baseball-run-in-first-inning,https://kalshi.com/markets/kxmlbrfi/pro-baseball-run-in-first-inning/kxmlbrfi-26sep181910athcle,1st inning: Over 0.5 runs,Over 0.5 runs in the 1st inning,KXMLBRFI-26SEP181910ATHCLE,A's vs Cleveland: First Inning Run,KXMLBRFI,Pro Baseball Run in First Inning,Sports,"[""Baseball""]",settled,binary,0,1,0.99,0.99,0.01,0.99,1,202776.46,171412.91,168290.94,0,2026-09-15T23:40:00Z,2026-09-18T23:39:41Z,2026-09-21T23:10:00Z,,yes,Yes,greater_or_equal,1,,,True,2026-09-19T16:08:24+00:00
kalshi,KXETH15M-26SEP181415-15,https://kalshi.com/markets/kxeth15m/eth-15m-price-up-down,https://kalshi.com/markets/kxeth15m/eth-15m-price-up-down/kxeth15m-26sep181415,ETH price up in next 15 mins?,"Target Price: $2,607.13",KXETH15M-26SEP181415,"ETH 15 min · $2,607.13 target",KXETH15M,ETH 15M price up down,Crypto,"[""ETH"", ""15 min""]",settled,binary,0,1,0.001,0.001,0.999,0.001,1,171175.27,171175.27,74155.5,0,2026-09-18T18:00:00Z,2026-09-18T18:15:00Z,2026-09-25T18:15:00Z,,no,2603.72,greater_or_equal,2607.13,,,True,2026-09-19T16:08:39+00:00
kalshi,KXBUNDESLIGATOTAL-26SEP18BMUUNI-7,https://kalshi.com/markets/kxbundesligatotal/bundesliga-total,https://kalshi.com/markets/kxbundesligatotal/bundesliga-total/kxbundesligatotal-26sep18bmuuni,Will over 6.5 goals be scored?,Over 6.5 goals scored,KXBUNDESLIGATOTAL-26SEP18BMUUNI,Bayern Munich vs Union Berlin: Total Goals,KXBUNDESLIGATOTAL,Bundesliga Total,Sports,"[""Soccer""]",settled,binary,0,1,0.99,0.99,0.01,0.99,1,171052.53,171052.53,79052.03,0,2026-09-18T18:31:48Z,2026-09-18T20:24:52Z,2026-09-20T18:30:00Z,,yes,7,greater,6.5,,,True,2026-09-19T16:08:32+00:00
kalshi,KXPGAR2LEAD-BICA26-NSHI,https://kalshi.com/markets/kxpgar2lead/pga-round-2-leader,https://kalshi.com/markets/kxpgar2lead/pga-round-2-leader/kxpgar2lead-bica26,Neal Shipley leads at the end of Round 2,Neal Shipley,KXPGAR2LEAD-BICA26,Biltmore Championship Asheville End of Round 2 Leader,KXPGAR2LEAD,PGA Round 2 Leader,Sports,"[""Golf""]",settled,binary,0,1,0.99,0.99,0.01,0.99,1,265433.32,170830.7,132606.98,0,2026-09-14T20:10:00Z,2026-09-18T23:16:07Z,2026-10-04T00:00:00Z,,yes,Neal Shipley,structured,,,,True,2026-09-19T16:08:25+00:00
kalshi,KXBELGIANPLGAME-26SEP18KAASTA-KAA,https://kalshi.com/markets/kxbelgianplgame/belgian-pro-league-game,https://kalshi.com/markets/kxbelgianplgame/belgian-pro-league-game/kxbelgianplgame-26sep18kaasta,Gent wins,Gent,KXBELGIANPLGAME-26SEP18KAASTA,Gent vs Standard,KXBELGIANPLGAME,Belgian Pro League Game,Sports,"[""Soccer""]",settled,binary,0,1,0.99,0.99,0.01,0.99,1,185880.99,170387.87,78207.69,0,2026-09-14T00:34:00Z,2026-09-18T20:46:37Z,2026-09-20T18:45:00Z,,yes,Gent,structured,,,,True,2026-09-19T16:08:32+00:00
kalshi,KXETH15M-26SEP190830-30,https://kalshi.com/markets/kxeth15m/eth-15m-price-up-down,https://kalshi.com/markets/kxeth15m/eth-15m-price-up-down/kxeth15m-26sep190830,ETH price up in next 15 mins?,"Target Price: $2,641.26",KXETH15M-26SEP190830,"ETH 15 min · $2,641.26 target",KXETH15M,ETH 15M price up down,Crypto,"[""ETH"", ""15 min""]",settled,binary,0,1,0.001,0.001,0.999,0.001,1,170223.92,170223.92,53198.38,0,2026-09-19T12:15:00Z,2026-09-19T12:30:00Z,2026-09-26T12:30:00Z,,no,2640.57,greater_or_equal,2641.26,,,True,2026-09-19T16:07:39+00:00
kalshi,KXWTAMATCH-26SEP18SHUJAN-SHU,https://kalshi.com/markets/kxwtamatch/wta-tennis-match,https://kalshi.com/markets/kxwtamatch/wta-tennis-match/kxwtamatch-26sep18shujan,Alexandra Shubladze wins,Alexandra Shubladze,KXWTAMATCH-26SEP18SHUJAN,Shubladze vs Jang,KXWTAMATCH,WTA Tennis Match,Sports,"[""Tennis""]",settled,binary,0,1,0.99,0.99,0.01,0.99,1,173650.97,169087.9,121118.44,0,2026-09-18T09:15:00Z,2026-09-19T03:20:05Z,2026-10-03T02:00:00Z,,yes,Alexandra Shubladze,structured,,,,True,2026-09-19T16:08:06+00:00
kalshi,KXITFMATCH-26SEP18ZANSVE-ZAN,https://kalshi.com/markets/kxitfmatch/itf-men-s-match,https://kalshi.com/markets/kxitfmatch/itf-men-s-match/kxitfmatch-26sep18zansve,Nicolas Zanellato wins,Nicolas Zanellato,KXITFMATCH-26SEP18ZANSVE,Zanellato vs Sverzut Corsini,KXITFMATCH,ITF Men's Match,Sports,"[""Tennis""]",settled,binary,0,1,0.99,0.99,0.01,0.99,1,169248.51,169059.13,110175.95,0,2026-09-18T06:11:00Z,2026-09-19T00:34:53Z,2026-10-02T22:00:00Z,,yes,Nicolas Zanellato,structured,,,,True,2026-09-19T16:08:21+00:00
kalshi,KXBTCD-26SEP1905-T81399.99,https://kalshi.com/markets/kxbtcd/bitcoin-price-above-below,https://kalshi.com/markets/kxbtcd/bitcoin-price-above-below/kxbtcd-26sep1905,"Bitcoin price on Sep 19, 2026?","$81,400 or above",KXBTCD-26SEP1905,"BTC price on Sep 19, 2026 at 5am EDT?",KXBTCD,Bitcoin price Above/below,Crypto,"[""Hourly"", ""BTC""]",settled,binary,0,1,0.01,0.01,0.99,0.01,1,168835.71,168835.71,50502.8,0,2026-09-19T08:00:00Z,2026-09-19T09:00:00Z,2026-09-26T09:00:00Z,,no,81286.80,greater,81399.99,,BRTI,True,2026-09-19T16:07:46+00:00
kalshi,KXITFMATCH-26SEP19MCHREC-MCH,https://kalshi.com/markets/kxitfmatch/itf-men-s-match,https://kalshi.com/markets/kxitfmatch/itf-men-s-match/kxitfmatch-26sep19mchrec,Aidan Mchugh wins,Aidan Mchugh,KXITFMATCH-26SEP19MCHREC,Mchugh vs Reco,KXITFMATCH,ITF Men's Match,Sports,"[""Tennis""]",settled,binary,0,1,0.99,0.99,0.01,0.99,1,168544.97,168544.97,83638.86,0,2026-09-18T20:11:00Z,2026-09-19T14:29:54Z,2026-10-03T12:00:00Z,,yes,Aidan Mchugh,structured,,,,True,2026-09-19T16:07:37+00:00
kalshi,KXWTASETWINNER-26SEP18BLICHA-1-CHA,https://kalshi.com/markets/kxwtasetwinner/wta-set-winner,https://kalshi.com/markets/kxwtasetwinner/wta-set-winner/kxwtasetwinner-26sep18blicha-1,Will Alina Charaeva win set 1 in the Anna Blinkova vs Alina Charaeva match,Alina Charaeva,KXWTASETWINNER-26SEP18BLICHA-1,Anna Blinkova vs Alina Charaeva: Set 1 Winner,KXWTASETWINNER,WTA Set Winner,Sports,"[""Tennis""]",settled,binary,0,1,0.01,0.01,0.99,0.01,1,167946.53,167946.53,105697.17,0,2026-09-17T19:30:00Z,2026-09-18T19:05:41Z,2026-10-02T16:00:00Z,,no,"Blinkova, Anna",structured,,,,True,2026-09-19T16:08:36+00:00
kalshi,KXSERIEATOTAL-26SEP18MONSAS-3,https://kalshi.com/markets/kxserieatotal/serie-a-total,https://kalshi.com/markets/kxserieatotal/serie-a-total/kxserieatotal-26sep18monsas,Will over 2.5 goals be scored?,Over 2.5 goals scored,KXSERIEATOTAL-26SEP18MONSAS,Monza vs Sassuolo: Total Goals,KXSERIEATOTAL,Serie A Total,Sports,"[""Soccer""]",settled,binary,0,1,0.99,0.99,0.01,0.99,1,199966.02,167712.66,110522.9,0,2026-09-11T19:08:00Z,2026-09-18T20:49:53Z,2026-09-20T18:45:00Z,,yes,3,greater,2.5,,,True,2026-09-19T16:08:32+00:00
kalshi,KXEPLSPREAD-26SEP19TOTAVL-AVL2,https://kalshi.com/markets/kxeplspread/english-premier-league-spread,https://kalshi.com/markets/kxeplspread/english-premier-league-spread/kxeplspread-26sep19totavl,Aston Villa wins by more than 1.5 goals?,Aston Villa wins by more than 1.5 goals,KXEPLSPREAD-26SEP19TOTAVL,Tottenham vs Aston Villa: Spread,KXEPLSPREAD,English Premier League Spread,Sports,"[""Soccer""]",settled,binary,0,1,0.01,0.01,0.99,0.01,1,169575.13,167686.68,85715.96,0,2026-09-12T12:06:00Z,2026-09-19T13:36:02Z,2026-09-21T11:30:00Z,,no,1,greater,1.5,,,True,2026-09-19T16:07:38+00:00
kalshi,KXECULPGAME-26SEP20SDAMAC-MAC,https://kalshi.com/markets/kxeculpgame/ecuador-liga-pro-game,https://kalshi.com/markets/kxeculpgame/ecuador-liga-pro-game/kxeculpgame-26sep20sdamac,Macara wins,Macara,KXECULPGAME-26SEP20SDAMAC,Aucas vs Macara,KXECULPGAME,Ecuador Liga Pro Game,Sports,"[""Soccer""]",settled,binary,0,1,0.99,0.99,0.01,0.99,1,170124.79,166813.6,81188.01,0,2026-09-16T00:37:00Z,2026-09-19T02:36:24Z,2026-09-22T20:00:00Z,,yes,Macara,structured,,,,True,2026-09-19T16:08:13+00:00
kalshi,KXNCAAFSPREAD-26SEP18HOUTTU-TTU2,https://kalshi.com/markets/kxncaafspread/college-football-spread,https://kalshi.com/markets/kxncaafspread/college-football-spread/kxncaafspread-26sep18houttu,Texas Tech wins by over 1.5 points,Texas Tech wins by over 1.5 points,KXNCAAFSPREAD-26SEP18HOUTTU,Houston vs Texas Tech: Spread,KXNCAAFSPREAD,College Football Spread,Sports,"[""Football""]",settled,binary,0,1,0.99,0.99,0.01,0.99,1,167720.49,166381.69,88205.78,0,2026-09-12T01:07:00Z,2026-09-19T03:34:34Z,2026-09-21T00:00:00Z,,yes,2,greater,1.5,,,True,2026-09-19T16:08:05+00:00
kalshi,KXWTASETWINNER-26SEP18BUCJOV-2-JOV,https://kalshi.com/markets/kxwtasetwinner/wta-set-winner,https://kalshi.com/markets/kxwtasetwinner/wta-set-winner/kxwtasetwinner-26sep18bucjov-2,Will Iva Jovic win set 2 in the Cristina Bucsa vs Iva Jovic match,Iva Jovic,KXWTASETWINNER-26SEP18BUCJOV-2,Cristina Bucsa vs Iva Jovic: Set 2 Winner,KXWTASETWINNER,WTA Set Winner,Sports,"[""Tennis""]",settled,binary,0,1,0.99,0.99,0.01,0.99,1,166324.26,166324.26,127668.98,0,2026-09-17T22:30:00Z,2026-09-19T00:45:42Z,2026-10-02T21:00:00Z,,yes,"Jovic, Iva",structured,,,,True,2026-09-19T16:08:21+00:00
kalshi,KXETH15M-26SEP182345-45,https://kalshi.com/markets/kxeth15m/eth-15m-price-up-down,https://kalshi.com/markets/kxeth15m/eth-15m-price-up-down/kxeth15m-26sep182345,ETH price up in next 15 mins?,"Target Price: $2,620.84",KXETH15M-26SEP182345,"ETH 15 min · $2,620.84 target",KXETH15M,ETH 15M price up down,Crypto,"[""ETH"", ""15 min""]",settled,binary,0,1,0.999,0.999,0.001,0.999,1,165331.04,165331.04,51429.65,0,2026-09-19T03:30:00Z,2026-09-19T03:45:00Z,2026-09-26T03:45:00Z,,yes,2621.36,greater_or_equal,2620.84,,,True,2026-09-19T16:08:04+00:00
kalshi,KXEFLCHAMPIONSHIPGAME-26SEP19STKSHU-STK,https://kalshi.com/markets/kxeflchampionshipgame/efl-championship-game,https://kalshi.com/markets/kxeflchampionshipgame/efl-championship-game/kxeflchampionshipgame-26sep19stkshu,Stoke wins,Stoke,KXEFLCHAMPIONSHIPGAME-26SEP19STKSHU,Stoke vs Sheffield United,KXEFLCHAMPIONSHIPGAME,EFL Championship Game,Sports,"[""Soccer""]",settled,binary,0,1,0.99,0.99,0.01,0.99,1,164973.53,164973.51,45247.7,0,2026-09-12T00:36:00Z,2026-09-19T13:34:55Z,2026-09-21T11:30:00Z,,yes,Stoke,structured,,,,True,2026-09-19T16:07:38+00:00
kalshi,KXGOLD15M-26SEP182030-30,https://kalshi.com/markets/kxgold15m/gold-15-minute,https://kalshi.com/markets/kxgold15m/gold-15-minute/kxgold15m-26sep182030,Gold price up in next 15 mins?,"Target Price: $4,380.37",KXGOLD15M-26SEP182030,"Gold 15 min · $4,380.37 target",KXGOLD15M,Gold 15-minute,Commodities,"[""Metals""]",settled,binary,0,1,0.011,0.011,0.989,0.011,1,164280.98,164280.98,47863.51,0,2026-09-19T00:15:00Z,2026-09-19T00:30:00Z,2026-09-26T00:30:00Z,,no,4375.92,greater_or_equal,4380.37,,,True,2026-09-19T16:08:21+00:00
kalshi,KXWTASETWINNER-26SEP18SAMSTE-2-SAM,https://kalshi.com/markets/kxwtasetwinner/wta-set-winner,https://kalshi.com/markets/kxwtasetwinner/wta-set-winner/kxwtasetwinner-26sep18samste-2,Will Liudmila Samsonova win set 2 in the Liudmila Samsonova vs Peyton Stearns match,Liudmila Samsonova,KXWTASETWINNER-26SEP18SAMSTE-2,Liudmila Samsonova vs Peyton Stearns: Set 2 Winner,KXWTASETWINNER,WTA Set Winner,Sports,"[""Tennis""]",settled,binary,0,1,0.01,0.01,0.99,0.01,1,164277.5,164277.5,121387.08,0,2026-09-18T05:20:00Z,2026-09-19T03:15:43Z,2026-10-03T00:10:00Z,,no,"Stearns, Peyton",structured,,,,True,2026-09-19T16:08:06+00:00
kalshi,KXMLBSPREAD-26SEP181840CHCCIN-CIN2,https://kalshi.com/markets/kxmlbspread/pro-baseball-spread,https://kalshi.com/markets/kxmlbspread/pro-baseball-spread/kxmlbspread-26sep181840chccin,Cincinnati wins by over 1.5 runs?,Cincinnati wins by over 1.5 runs,KXMLBSPREAD-26SEP181840CHCCIN,Chicago C vs Cincinnati: Spread,KXMLBSPREAD,Pro Baseball Spread,Sports,"[""Baseball""]",settled,binary,0,1,0.99,0.99,0.01,0.99,1,164259.18,164110.14,59727.2,0,2026-09-18T03:20:00Z,2026-09-19T01:30:31Z,2026-09-21T22:40:00Z,,yes,2,greater,1.5,,,True,2026-09-19T16:08:18+00:00
kalshi,KXMLBTOTAL-26SEP182010SEACOL-11,https://kalshi.com/markets/kxmlbtotal/pro-baseball-total-points,https://kalshi.com/markets/kxmlbtotal/pro-baseball-total-points/kxmlbtotal-26sep182010seacol,Over 10.5 runs scored,Over 10.5 runs scored,KXMLBTOTAL-26SEP182010SEACOL,Seattle vs Colorado: Total Runs,KXMLBTOTAL,Pro Baseball Total Points,Sports,"[""Baseball""]",settled,binary,0,1,0.01,0.01,0.99,0.01,1,177737.37,163325.33,90665.41,0,2026-09-18T08:30:00Z,2026-09-19T03:24:27Z,2026-09-22T00:10:00Z,,no,9,greater,10.5,,,True,2026-09-19T16:08:05+00:00
kalshi,KXMLBTOTAL-26SEP182215SFLAD-6,https://kalshi.com/markets/kxmlbtotal/pro-baseball-total-points,https://kalshi.com/markets/kxmlbtotal/pro-baseball-total-points/kxmlbtotal-26sep182215sflad,Over 5.5 runs scored,Over 5.5 runs scored,KXMLBTOTAL-26SEP182215SFLAD,San Francisco vs Los Angeles D: Total Runs,KXMLBTOTAL,Pro Baseball Total Points,Sports,"[""Baseball""]",settled,binary,0,1,0.99,0.99,0.01,0.99,1,163286.46,163259.88,88155.09,0,2026-09-17T19:10:00Z,2026-09-19T04:45:00Z,2026-09-22T02:15:00Z,,yes,10,greater,5.5,,,True,2026-09-19T16:08:00+00:00
kalshi,KXITFMATCH-26SEP18SARSCH-SAR,https://kalshi.com/markets/kxitfmatch/itf-men-s-match,https://kalshi.com/markets/kxitfmatch/itf-men-s-match/kxitfmatch-26sep18sarsch,Paulo Andre Saraiva Dos Santos wins,Paulo Andre Saraiva Dos Santos,KXITFMATCH-26SEP18SARSCH,Saraiva Dos Santos vs Schenekenberg,KXITFMATCH,ITF Men's Match,Sports,"[""Tennis""]",settled,binary,0,1,0.99,0.99,0.01,0.99,1,163266.22,163201.22,129225.61,0,2026-09-18T04:11:00Z,2026-09-18T21:30:15Z,2026-10-02T20:00:00Z,,yes,Paulo Andre Saraiva Dos Santos,structured,,,,True,2026-09-19T16:08:30+00:00
kalshi,KXWTAMATCH-26SEP18YAMEIK-YAM,https://kalshi.com/markets/kxwtamatch/wta-tennis-match,https://kalshi.com/markets/kxwtamatch/wta-tennis-match/kxwtamatch-26sep18yameik,Mei Yamaguchi wins,Mei Yamaguchi,KXWTAMATCH-26SEP18YAMEIK,Yamaguchi vs Eikeri,KXWTAMATCH,WTA Tennis Match,Sports,"[""Tennis""]",settled,binary,0,1,0.99,0.99,0.01,0.99,1,162432.68,162423.68,69175.65,0,2026-09-18T09:45:00Z,2026-09-19T10:00:27Z,2026-10-03T03:00:00Z,,yes,Mei Yamaguchi,structured,,,,True,2026-09-19T16:07:41+00:00
kalshi,KXGOLD15M-26SEP182015-15,https://kalshi.com/markets/kxgold15m/gold-15-minute,https://kalshi.com/markets/kxgold15m/gold-15-minute/kxgold15m-26sep182015,Gold price up in next 15 mins?,"Target Price: $4,380.84",KXGOLD15M-26SEP182015,"Gold 15 min · $4,380.84 target",KXGOLD15M,Gold 15-minute,Commodities,"[""Metals""]",settled,binary,0,1,0.001,0.001,0.999,0.001,1,162047.06,162047.06,43387.35,0,2026-09-19T00:00:00Z,2026-09-19T00:15:00Z,2026-09-26T00:15:00Z,,no,4380.37,greater_or_equal,4380.84,,,True,2026-09-19T16:08:22+00:00
kalshi,KXNPBGAME-26SEP190100ORIHOK-ORI,https://kalshi.com/markets/kxnpbgame/japan-npb-game,https://kalshi.com/markets/kxnpbgame/japan-npb-game/kxnpbgame-26sep190100orihok,Orix Buffaloes wins,Orix Buffaloes,KXNPBGAME-26SEP190100ORIHOK,Orix Buffaloes vs Hokkaido Nippon-Ham Fighters,KXNPBGAME,Japan NPB Game,Sports,"[""Baseball""]",settled,binary,0,1,0.99,0.99,0.01,0.99,1,161609.33,161609.33,91872.46,0,2026-09-16T04:11:00Z,2026-09-19T08:04:37Z,2026-09-21T05:00:00Z,,yes,Orix Buffaloes,structured,,,,True,2026-09-19T16:07:47+00:00
kalshi,KXBUNDESLIGASPREAD-26SEP18BMUUNI-BMU3,https://kalshi.com/markets/kxbundesligaspread/bundesliga-spread,https://kalshi.com/markets/kxbundesligaspread/bundesliga-spread/kxbundesligaspread-26sep18bmuuni,Bayern Munich wins by more than 2.5 goals?,Bayern Munich wins by more than 2.5 goals,KXBUNDESLIGASPREAD-26SEP18BMUUNI,Bayern Munich vs Union Berlin: Spread,KXBUNDESLIGASPREAD,Bundesliga Spread,Sports,"[""Soccer""]",settled,binary,0,1,0.99,0.99,0.01,0.99,1,211292.32,161489.05,105570.49,0,2026-09-11T19:06:00Z,2026-09-18T20:24:53Z,2026-09-20T18:30:00Z,,yes,7,greater,2.5,,,True,2026-09-19T16:08:32+00:00
kalshi,KXBTCD-26SEP1816-T81399.99,https://kalshi.com/markets/kxbtcd/bitcoin-price-above-below,https://kalshi.com/markets/kxbtcd/bitcoin-price-above-below/kxbtcd-26sep1816,"Bitcoin price on Sep 18, 2026?","$81,400 or above",KXBTCD-26SEP1816,"BTC price on Sep 18, 2026 at 4pm EDT?",KXBTCD,Bitcoin price Above/below,Crypto,"[""Hourly"", ""BTC""]",settled,binary,0,1,0.01,0.01,0.99,0.01,1,160837.13,160837.13,50700.96,0,2026-09-18T19:00:00Z,2026-09-18T20:00:00Z,2026-09-25T20:00:00Z,,no,81210.88,greater,81399.99,,BRTI,True,2026-09-19T16:08:35+00:00
kalshi,KXLOLMAP-26SEP191100MKOIKC-1-MKOI,https://kalshi.com/markets/kxlolmap/league-of-legends-map-winner,https://kalshi.com/markets/kxlolmap/league-of-legends-map-winner/kxlolmap-26sep191100mkoikc-1,Movistar KOI wins map 1,Movistar KOI,KXLOLMAP-26SEP191100MKOIKC-1,Movistar KOI vs. Karmine Corp: Map 1,KXLOLMAP,League of Legends Map Winner,Sports,"[""Esports""]",settled,binary,0,1,0.99,0.99,0.01,0.99,1,160104.54,160043.39,78287.59,0,2026-09-18T20:45:00Z,2026-09-19T16:00:27Z,2026-09-21T15:00:00Z,,yes,Movistar KOI,structured,,,,True,2026-09-19T16:07:34+00:00
kalshi,KXMLBF5-26SEP181910ATHCLE-CLE,https://kalshi.com/markets/kxmlbf5/first-5-innings-winner,https://kalshi.com/markets/kxmlbf5/first-5-innings-winner/kxmlbf5-26sep181910athcle,Cleveland first 5 innings winner,Cleveland wins first 5 innings,KXMLBF5-26SEP181910ATHCLE,A's vs Cleveland: First 5 Innings,KXMLBF5,First 5 Innings Winner,Sports,"[""Baseball""]",settled,binary,0,1,0.99,0.99,0.01,0.99,1,162097.86,159553.07,87626.65,0,2026-09-17T23:00:00Z,2026-09-19T01:05:19Z,2026-09-21T23:10:00Z,,yes,60097777-bab8-4215-8d29-b92466b5bb65,structured,,,,True,2026-09-19T16:08:18+00:00
kalshi,KXWTAMATCH-26SEP18GARPER-GAR,https://kalshi.com/markets/kxwtamatch/wta-tennis-match,https://kalshi.com/markets/kxwtamatch/wta-tennis-match/kxwtamatch-26sep18garper,Joanna Garland wins,Joanna Garland,KXWTAMATCH-26SEP18GARPER,Garland vs Perez,KXWTAMATCH,WTA Tennis Match,Sports,"[""Tennis""]",settled,binary,0,1,0.99,0.99,0.01,0.99,1,160200.4,159544.72,101239.14,0,2026-09-18T09:45:00Z,2026-09-19T07:15:13Z,2026-10-03T03:00:00Z,,yes,Joanna Garland,structured,,,,True,2026-09-19T16:07:50+00:00
kalshi,KXXRP15M-26SEP190130-30,https://kalshi.com/markets/kxxrp15m/xrp-15-minute,https://kalshi.com/markets/kxxrp15m/xrp-15-minute/kxxrp15m-26sep190130,XRP price up in next 15 mins?,Target Price: $1.4255,KXXRP15M-26SEP190130,XRP 15 min · $1.4255 target,KXXRP15M,XRP 15 Minute,Crypto,"[""15 min"", ""XRP""]",settled,binary,0,1,0.999,0.999,0.001,0.999,1,159255.6,159255.6,51233.4,0,2026-09-19T05:15:00Z,2026-09-19T05:30:00Z,2026-09-26T05:30:00Z,,yes,1.4272,greater_or_equal,1.4255,,,True,2026-09-19T16:07:55+00:00
kalshi,KXETH15M-26SEP182100-00,https://kalshi.com/markets/kxeth15m/eth-15m-price-up-down,https://kalshi.com/markets/kxeth15m/eth-15m-price-up-down/kxeth15m-26sep182100,ETH price up in next 15 mins?,"Target Price: $2,620.83",KXETH15M-26SEP182100,"ETH 15 min · $2,620.83 target",KXETH15M,ETH 15M price up down,Crypto,"[""ETH"", ""15 min""]",settled,binary,0,1,0.999,0.999,0.001,0.999,1,158873.27,158873.27,51246.43,0,2026-09-19T00:45:00Z,2026-09-19T01:00:00Z,2026-09-26T01:00:00Z,,yes,2625.20,greater_or_equal,2620.83,,,True,2026-09-19T16:08:20+00:00
kalshi,KXETH15M-26SEP181330-30,https://kalshi.com/markets/kxeth15m/eth-15m-price-up-down,https://kalshi.com/markets/kxeth15m/eth-15m-price-up-down/kxeth15m-26sep181330,ETH price up in next 15 mins?,"Target Price: $2,594.43",KXETH15M-26SEP181330,"ETH 15 min · $2,594.43 target",KXETH15M,ETH 15M price up down,Crypto,"[""ETH"", ""15 min""]",settled,binary,0,1,0.001,0.001,0.999,0.001,1,158357.79,158357.79,48927.06,0,2026-09-18T17:15:00Z,2026-09-18T17:30:00Z,2026-09-25T17:30:00Z,,no,2591.38,greater_or_equal,2594.43,,,True,2026-09-19T16:08:42+00:00
kalshi,KXNCAAFTOTAL-26SEP18PRSTORE-70,https://kalshi.com/markets/kxncaaftotal/college-football-total-points,https://kalshi.com/markets/kxncaaftotal/college-football-total-points/kxncaaftotal-26sep18prstore,Over 69.5 points scored,Over 69.5 points scored,KXNCAAFTOTAL-26SEP18PRSTORE,Portland St. vs Oregon: Total Points,KXNCAAFTOTAL,College Football Total Points,Sports,"[""Football""]",settled,binary,0,1,0.99,0.99,0.01,0.99,1,170285.49,158212.51,131054.29,0,2026-09-14T16:05:00Z,2026-09-19T05:54:39Z,2026-09-21T02:30:00Z,,yes,84,greater,69.5,,,True,2026-09-19T16:07:55+00:00
kalshi,KXMLBTOTAL-26SEP182140MIASD-11,https://kalshi.com/markets/kxmlbtotal/pro-baseball-total-points,https://kalshi.com/markets/kxmlbtotal/pro-baseball-total-points/kxmlbtotal-26sep182140miasd,Over 10.5 runs scored,Over 10.5 runs scored,KXMLBTOTAL-26SEP182140MIASD,Miami vs San Diego: Total Runs,KXMLBTOTAL,Pro Baseball Total Points,Sports,"[""Baseball""]",settled,binary,0,1,0.01,0.01,0.99,0.01,1,158225.51,157913.37,94191.23,0,2026-09-17T19:10:00Z,2026-09-19T04:30:19Z,2026-09-22T01:40:00Z,,no,10,greater,10.5,,,True,2026-09-19T16:08:01+00:00
kalshi,KXSOL15M-26SEP181400-00,https://kalshi.com/markets/kxsol15m/solana-15-minutes,https://kalshi.com/markets/kxsol15m/solana-15-minutes/kxsol15m-26sep181400,SOL price up in next 15 mins?,Target Price: $112.4993,KXSOL15M-26SEP181400,SOL 15 min · $112.4993 target,KXSOL15M,Solana 15 minutes,Crypto,"[""15 min"", ""SOL""]",settled,binary,0,1,0.999,0.999,0.001,0.999,1,157118.47,157118.47,43392.09,0,2026-09-18T17:45:00Z,2026-09-18T18:00:00Z,2026-09-25T18:00:00Z,,yes,112.5923,greater_or_equal,112.4993,,,True,2026-09-19T16:08:40+00:00
kalshi,KXGOLD15M-26SEP181745-45,https://kalshi.com/markets/kxgold15m/gold-15-minute,https://kalshi.com/markets/kxgold15m/gold-15-minute/kxgold15m-26sep181745,Gold price up in next 15 mins?,"Target Price: $4,379.81",KXGOLD15M-26SEP181745,"Gold 15 min · $4,379.81 target",KXGOLD15M,Gold 15-minute,Commodities,"[""Metals""]",settled,binary,0,1,0.05,0.05,0.95,0.05,1,156971.89,156971.89,78809.97,0,2026-09-18T21:30:00Z,2026-09-18T21:45:00Z,2026-09-25T21:45:00Z,,no,4379.38,greater_or_equal,4379.81,,,True,2026-09-19T16:08:30+00:00
kalshi,KXNCAAF1HSPREAD-26SEP18MIAWAKE-MIA15,https://kalshi.com/markets/kxncaaf1hspread/college-football-1st-half-spread,https://kalshi.com/markets/kxncaaf1hspread/college-football-1st-half-spread/kxncaaf1hspread-26sep18miawake,Miami (FL) wins 1H by over 14.5 points,Miami (FL) wins 1H by over 14.5 points,KXNCAAF1HSPREAD-26SEP18MIAWAKE,Miami (FL) vs Wake Forest: 1st Half Spread,KXNCAAF1HSPREAD,College Football 1st Half Spread,Sports,"[""Football""]",settled,binary,0,1,0.99,0.99,0.01,0.99,1,157190.37,156414.56,49890.69,0,2026-09-14T10:20:00Z,2026-09-19T01:08:08Z,2026-09-20T23:30:00Z,,yes,17,greater,14.5,,,True,2026-09-19T16:08:18+00:00
kalshi,KXMLSTOTAL-26SEP18NYCNYRB-4,https://kalshi.com/markets/kxmlstotal/mls-total,https://kalshi.com/markets/kxmlstotal/mls-total/kxmlstotal-26sep18nycnyrb,Will over 3.5 goals be scored?,Over 3.5 goals scored,KXMLSTOTAL-26SEP18NYCNYRB,New York City vs New York RB: Total Goals,KXMLSTOTAL,MLS Total,Sports,"[""Soccer""]",settled,binary,0,1,0.01,0.01,0.99,0.01,1,157282.82,155550.49,78766.68,0,2026-09-12T00:07:00Z,2026-09-19T01:44:46Z,2026-09-20T23:30:00Z,,no,1,greater,3.5,,,True,2026-09-19T16:08:16+00:00
kalshi,KXETH15M-26SEP191015-15,https://kalshi.com/markets/kxeth15m/eth-15m-price-up-down,https://kalshi.com/markets/kxeth15m/eth-15m-price-up-down/kxeth15m-26sep191015,ETH price up in next 15 mins?,"Target Price: $2,638.04",KXETH15M-26SEP191015,"ETH 15 min · $2,638.04 target",KXETH15M,ETH 15M price up down,Crypto,"[""ETH"", ""15 min""]",settled,binary,0,1,0.001,0.001,0.999,0.001,1,154803.88,154803.88,41467.36,0,2026-09-19T14:00:00Z,2026-09-19T14:15:00Z,2026-09-26T14:15:00Z,,no,2637.07,greater_or_equal,2638.04,,,True,2026-09-19T16:07:37+00:00
kalshi,KXMLBRFI-26SEP182140NYYAZ,https://kalshi.com/markets/kxmlbrfi/pro-baseball-run-in-first-inning,https://kalshi.com/markets/kxmlbrfi/pro-baseball-run-in-first-inning/kxmlbrfi-26sep182140nyyaz,1st inning: Over 0.5 runs,Over 0.5 runs in the 1st inning,KXMLBRFI-26SEP182140NYYAZ,New York Y vs Arizona: First Inning Run,KXMLBRFI,Pro Baseball Run in First Inning,Sports,"[""Baseball""]",settled,binary,0,1,0.99,0.99,0.01,0.99,1,158281.12,154707.82,122470.21,0,2026-09-16T02:10:00Z,2026-09-19T02:09:40Z,2026-09-22T01:40:00Z,,yes,Yes,greater_or_equal,1,,,True,2026-09-19T16:08:14+00:00
kalshi,KXETH15M-26SEP182300-00,https://kalshi.com/markets/kxeth15m/eth-15m-price-up-down,https://kalshi.com/markets/kxeth15m/eth-15m-price-up-down/kxeth15m-26sep182300,ETH price up in next 15 mins?,"Target Price: $2,619.57",KXETH15M-26SEP182300,"ETH 15 min · $2,619.57 target",KXETH15M,ETH 15M price up down,Crypto,"[""ETH"", ""15 min""]",settled,binary,0,1,0.999,0.999,0.001,0.999,1,154112.26,154112.26,55358.58,0,2026-09-19T02:45:00Z,2026-09-19T03:00:00Z,2026-09-26T03:00:00Z,,yes,2622.17,greater_or_equal,2619.57,,,True,2026-09-19T16:08:11+00:00
kalshi,KXSILVER15M-26SEP181445-45,https://kalshi.com/markets/kxsilver15m/silver-15-minute,https://kalshi.com/markets/kxsilver15m/silver-15-minute/kxsilver15m-26sep181445,Silver price up in next 15 mins?,Target Price: $66.842,KXSILVER15M-26SEP181445,Silver 15 min · $66.842 target,KXSILVER15M,Silver 15-minute,Commodities,"[""Metals""]",settled,binary,0,1,0.001,0.001,0.999,0.001,1,153882.45,153882.45,76818.59,0,2026-09-18T18:30:00Z,2026-09-18T18:45:00Z,2026-09-25T18:45:00Z,,no,66.542,greater_or_equal,66.842,,,True,2026-09-19T16:08:39+00:00
kalshi,KXNCAAFTOTAL-26SEP18HOUTTU-62,https://kalshi.com/markets/kxncaaftotal/college-football-total-points,https://kalshi.com/markets/kxncaaftotal/college-football-total-points/kxncaaftotal-26sep18houttu,Over 61.5 points scored,Over 61.5 points scored,KXNCAAFTOTAL-26SEP18HOUTTU,Houston vs Texas Tech: Total Points,KXNCAAFTOTAL,College Football Total Points,Sports,"[""Football""]",settled,binary,0,1,0.01,0.01,0.99,0.01,1,153744.3,153541.89,77893.96,0,2026-09-12T01:07:00Z,2026-09-19T03:34:34Z,2026-09-21T00:00:00Z,,no,54,greater,61.5,,,True,2026-09-19T16:08:05+00:00
kalshi,KXGOLD15M-26SEP182100-00,https://kalshi.com/markets/kxgold15m/gold-15-minute,https://kalshi.com/markets/kxgold15m/gold-15-minute/kxgold15m-26sep182100,Gold price up in next 15 mins?,"Target Price: $4,375.93",KXGOLD15M-26SEP182100,,KXGOLD15M,Gold 15-minute,Commodities,"[""Metals""]",settled,binary,0,1,0.999,0.999,0.001,0.999,1,153523.25,153523.25,48943.38,0,2026-09-19T00:45:00Z,2026-09-19T01:00:00Z,2026-09-26T01:00:00Z,,yes,4376.18,greater_or_equal,4375.93,,,True,2026-09-19T16:08:19+00:00
kalshi,KXBTCD-26SEP1902-T81199.99,https://kalshi.com/markets/kxbtcd/bitcoin-price-above-below,https://kalshi.com/markets/kxbtcd/bitcoin-price-above-below/kxbtcd-26sep1902,"Bitcoin price on Sep 19, 2026?","$81,200 or above",KXBTCD-26SEP1902,"BTC price on Sep 19, 2026 at 2am EDT?",KXBTCD,Bitcoin price Above/below,Crypto,"[""Hourly"", ""BTC""]",settled,binary,0,1,0.01,0.01,0.99,0.01,1,153509.34,153509.34,70217.36,0,2026-09-19T05:00:00Z,2026-09-19T06:00:00Z,2026-09-26T06:00:00Z,,no,81012.89,greater,81199.99,,BRTI,True,2026-09-19T16:07:55+00:00
kalshi,KXITFMATCH-26SEP19SCHCAC-SCH,https://kalshi.com/markets/kxitfmatch/itf-men-s-match,https://kalshi.com/markets/kxitfmatch/itf-men-s-match/kxitfmatch-26sep19schcac,Patrick Schoen wins,Patrick Schoen,KXITFMATCH-26SEP19SCHCAC,Schoen vs Cacao,KXITFMATCH,ITF Men's Match,Sports,"[""Tennis""]",settled,binary,0,1,0.99,0.99,0.01,0.99,1,153366.52,153366.52,87796.43,0,2026-09-18T18:41:00Z,2026-09-19T13:39:53Z,2026-10-03T10:30:00Z,,yes,Patrick Schoen,structured,,,,True,2026-09-19T16:07:38+00:00
kalshi,KXMLBSPREAD-26SEP182005TORTEX-TOR2,https://kalshi.com/markets/kxmlbspread/pro-baseball-spread,https://kalshi.com/markets/kxmlbspread/pro-baseball-spread/kxmlbspread-26sep182005tortex,Toronto wins by over 1.5 runs?,Toronto wins by over 1.5 runs,KXMLBSPREAD-26SEP182005TORTEX,,KXMLBSPREAD,Pro Baseball Spread,Sports,"[""Baseball""]",settled,binary,0,1,0.01,0.01,0.99,0.01,1,158507.52,153152.47,138109.49,0,2026-09-18T01:40:00Z,2026-09-19T03:09:40Z,2026-09-22T00:05:00Z,,no,6,greater,1.5,,,True,2026-09-19T16:08:07+00:00
kalshi,KXWNBATOTAL-26SEP18PDXGS-152,https://kalshi.com/markets/kxwnbatotal/women-s-pro-basketball-total,https://kalshi.com/markets/kxwnbatotal/women-s-pro-basketball-total/kxwnbatotal-26sep18pdxgs,Over 151.5 points scored,Over 151.5 points scored,KXWNBATOTAL-26SEP18PDXGS,Portland vs Golden State: Total,KXWNBATOTAL,Women's Pro Basketball Total,Sports,"[""Basketball""]",settled,binary,0,1,0.01,0.01,0.99,0.01,1,152911.39,152911.39,47630.89,0,2026-09-16T02:10:00Z,2026-09-19T04:30:04Z,2026-09-21T02:00:00Z,,no,148,greater,151.5,,,True,2026-09-19T16:08:01+00:00
kalshi,KXMLBTOTAL-26SEP182140NYYAZ-13,https://kalshi.com/markets/kxmlbtotal/pro-baseball-total-points,https://kalshi.com/markets/kxmlbtotal/pro-baseball-total-points/kxmlbtotal-26sep182140nyyaz,Over 12.5 runs scored,Over 12.5 runs scored,KXMLBTOTAL-26SEP182140NYYAZ,New York Y vs Arizona: Total Runs,KXMLBTOTAL,Pro Baseball Total Points,Sports,"[""Baseball""]",settled,binary,0,1,0.01,0.01,0.99,0.01,1,152580.56,152580.56,76763.5,0,2026-09-17T19:10:00Z,2026-09-19T04:34:34Z,2026-09-22T01:40:00Z,,no,11,greater,12.5,,,True,2026-09-19T16:08:01+00:00
kalshi,KXWTASETWINNER-26SEP18BUCJOV-1-JOV,https://kalshi.com/markets/kxwtasetwinner/wta-set-winner,https://kalshi.com/markets/kxwtasetwinner/wta-set-winner/kxwtasetwinner-26sep18bucjov-1,Will Iva Jovic win set 1 in the Cristina Bucsa vs Iva Jovic match,Iva Jovic,KXWTASETWINNER-26SEP18BUCJOV-1,,KXWTASETWINNER,WTA Set Winner,Sports,"[""Tennis""]",settled,binary,0,1,0.99,0.99,0.01,0.99,1,152667.07,152475.82,120051.17,0,2026-09-17T22:30:00Z,2026-09-19T00:11:54Z,2026-10-02T21:00:00Z,,yes,"Jovic, Iva",structured,,,,True,2026-09-19T16:08:22+00:00
kalshi,KXBTCD-26SEP1820-T81199.99,https://kalshi.com/markets/kxbtcd/bitcoin-price-above-below,https://kalshi.com/markets/kxbtcd/bitcoin-price-above-below/kxbtcd-26sep1820,"Bitcoin price on Sep 18, 2026?","$81,200 or above",KXBTCD-26SEP1820,"BTC price on Sep 18, 2026 at 8pm EDT?",KXBTCD,Bitcoin price Above/below,Crypto,"[""Hourly"", ""BTC""]",settled,binary,0,1,0.01,0.01,0.99,0.01,1,150636.6,150636.6,61748.93,0,2026-09-18T23:00:00Z,2026-09-19T00:00:00Z,2026-09-26T00:00:00Z,,no,80881.41,greater,81199.99,,BRTI,True,2026-09-19T16:08:24+00:00
kalshi,KXNCAAF1HTOTAL-26SEP18MIAWAKE-28,https://kalshi.com/markets/kxncaaf1htotal/college-football-1st-half-total,https://kalshi.com/markets/kxncaaf1htotal/college-football-1st-half-total/kxncaaf1htotal-26sep18miawake,Over 27.5 1H points scored,Over 27.5 1H points scored,KXNCAAF1HTOTAL-26SEP18MIAWAKE,,KXNCAAF1HTOTAL,College Football 1st Half Total,Sports,"[""Football""]",settled,binary,0,1,0.99,0.99,0.01,0.99,1,161437.75,150353.81,103124.28,0,2026-09-14T10:20:00Z,2026-09-19T01:08:10Z,2026-09-20T23:30:00Z,,yes,31,greater,27.5,,,True,2026-09-19T16:08:18+00:00
kalshi,KXBTCD-26SEP1819-T81399.99,https://kalshi.com/markets/kxbtcd/bitcoin-price-above-below,https://kalshi.com/markets/kxbtcd/bitcoin-price-above-below/kxbtcd-26sep1819,"Bitcoin price on Sep 18, 2026?","$81,400 or above",KXBTCD-26SEP1819,"BTC price on Sep 18, 2026 at 7pm EDT?",KXBTCD,Bitcoin price Above/below,Crypto,"[""Hourly"", ""BTC""]",settled,binary,0,1,0.01,0.01,0.99,0.01,1,150236.16,150236.16,69805.66,0,2026-09-18T22:00:00Z,2026-09-18T23:00:00Z,2026-09-25T23:00:00Z,,no,81141.05,greater,81399.99,,BRTI,True,2026-09-19T16:08:27+00:00
kalshi,KXBTCD-26SEP1813-T81199.99,https://kalshi.com/markets/kxbtcd/bitcoin-price-above-below,https://kalshi.com/markets/kxbtcd/bitcoin-price-above-below/kxbtcd-26sep1813,"Bitcoin price on Sep 18, 2026?","$81,200 or above",KXBTCD-26SEP1813,"BTC price on Sep 18, 2026 at 1pm EDT?",KXBTCD,Bitcoin price Above/below,Crypto,"[""Hourly"", ""BTC""]",settled,binary,0,1,0.01,0.01,0.99,0.01,1,149827.57,149827.57,56386.03,0,2026-09-18T16:00:00Z,2026-09-18T17:00:00Z,2026-09-25T17:00:00Z,,no,80828.52,greater,81199.99,,BRTI,True,2026-09-19T16:08:45+00:00
kalshi,KXMLBRFI-26SEP181915PHINYM,https://kalshi.com/markets/kxmlbrfi/pro-baseball-run-in-first-inning,https://kalshi.com/markets/kxmlbrfi/pro-baseball-run-in-first-inning/kxmlbrfi-26sep181915phinym,1st inning: Over 0.5 runs,Over 0.5 runs in the 1st inning,KXMLBRFI-26SEP181915PHINYM,,KXMLBRFI,Pro Baseball Run in First Inning,Sports,"[""Baseball""]",settled,binary,0,1,0.99,0.99,0.01,0.99,1,154531.49,149687.86,83230.39,0,2026-09-15T23:40:00Z,2026-09-18T23:49:39Z,2026-09-21T23:15:00Z,,yes,Yes,greater_or_equal,1,,,True,2026-09-19T16:08:24+00:00
kalshi,KXWTI15M-26SEP181515-15,https://kalshi.com/markets/kxwti15m/wti-15-minute,https://kalshi.com/markets/kxwti15m/wti-15-minute/kxwti15m-26sep181515,WTI Oil price up in next 15 mins?,Target Price: $95.49,KXWTI15M-26SEP181515,,KXWTI15M,WTI 15-minute,Commodities,"[""Oil & Gas""]",settled,binary,0,1,0.999,0.999,0.001,0.999,1,149280.72,149280.72,39178.15,0,2026-09-18T19:00:00Z,2026-09-18T19:15:00Z,2026-09-25T19:15:00Z,,yes,95.53,greater_or_equal,95.49,,,True,2026-09-19T16:08:36+00:00
kalshi,KXT20MATCH-26SEP190730KENUGA-KEN,https://kalshi.com/markets/kxt20match/men-s-t20-cricket-match,https://kalshi.com/markets/kxt20match/men-s-t20-cricket-match/kxt20match-26sep190730kenuga,Kenya wins,Kenya,KXT20MATCH-26SEP190730KENUGA,,KXT20MATCH,Men's T20 Cricket Match,Sports,"[""Cricket""]",settled,binary,0,1,0.99,0.99,0.01,0.99,1,149269.17,149269.17,70055.8,0,2026-09-19T00:10:00Z,2026-09-19T14:50:04Z,2026-09-21T15:30:00Z,,yes,Kenya,structured,,,,True,2026-09-19T16:07:37+00:00
kalshi,KXETH15M-26SEP182015-15,https://kalshi.com/markets/kxeth15m/eth-15m-price-up-down,https://kalshi.com/markets/kxeth15m/eth-15m-price-up-down/kxeth15m-26sep182015,ETH price up in next 15 mins?,"Target Price: $2,611.61",KXETH15M-26SEP182015,,KXETH15M,ETH 15M price up down,Crypto,"[""ETH"", ""15 min""]",settled,binary,0,1,0.001,0.001,0.999,0.001,1,149115.66,149115.66,47563.31,0,2026-09-19T00:00:00Z,2026-09-19T00:15:00Z,2026-09-26T00:15:00Z,,no,2611.28,greater_or_equal,2611.61,,,True,2026-09-19T16:08:22+00:00
kalshi,KXBTCD-26SEP1813-T80699.99,https://kalshi.com/markets/kxbtcd/bitcoin-price-above-below,https://kalshi.com/markets/kxbtcd/bitcoin-price-above-below/kxbtcd-26sep1813,"Bitcoin price on Sep 18, 2026?","$80,700 or above",KXBTCD-26SEP1813,"BTC price on Sep 18, 2026 at 1pm EDT?",KXBTCD,Bitcoin price Above/below,Crypto,"[""Hourly"", ""BTC""]",settled,binary,0,1,0.99,0.99,0.01,0.99,1,149094.34,149094.34,47709.32,0,2026-09-18T16:00:00Z,2026-09-18T17:00:00Z,2026-09-25T17:00:00Z,,yes,80828.52,greater,80699.99,,BRTI,True,2026-09-19T16:08:45+00:00
kalshi,KXBTCD-26SEP1911-T81299.99,https://kalshi.com/markets/kxbtcd/bitcoin-price-above-below,https://kalshi.com/markets/kxbtcd/bitcoin-price-above-below/kxbtcd-26sep1911,"Bitcoin price on Sep 19, 2026?","$81,300 or above",KXBTCD-26SEP1911,"BTC price on Sep 19, 2026 at 11am EDT?",KXBTCD,Bitcoin price Above/below,Crypto,"[""Hourly"", ""BTC""]",settled,binary,0,1,0.99,0.99,0.01,0.99,1,148426.82,148426.82,53353.26,0,2026-09-19T14:00:00Z,2026-09-19T15:00:00Z,2026-09-26T15:00:00Z,,yes,81545.93,greater,81299.99,,BRTI,True,2026-09-19T16:07:36+00:00
kalshi,KXETH15M-26SEP190915-15,https://kalshi.com/markets/kxeth15m/eth-15m-price-up-down,https://kalshi.com/markets/kxeth15m/eth-15m-price-up-down/kxeth15m-26sep190915,ETH price up in next 15 mins?,"Target Price: $2,640.88",KXETH15M-26SEP190915,,KXETH15M,ETH 15M price up down,Crypto,"[""ETH"", ""15 min""]",settled,binary,0,1,0.001,0.001,0.999,0.001,1,148292.04,148292.04,77149.92,0,2026-09-19T13:00:00Z,2026-09-19T13:15:00Z,2026-09-26T13:15:00Z,,no,2636.20,greater_or_equal,2640.88,,,True,2026-09-19T16:07:38+00:00
kalshi,KXNCAAFTOTAL-26SEP18PRSTORE-85,https://kalshi.com/markets/kxncaaftotal/college-football-total-points,https://kalshi.com/markets/kxncaaftotal/college-football-total-points/kxncaaftotal-26sep18prstore,Over 84.5 points scored,Over 84.5 points scored,KXNCAAFTOTAL-26SEP18PRSTORE,Portland St. vs Oregon: Total Points,KXNCAAFTOTAL,College Football Total Points,Sports,"[""Football""]",settled,binary,0,1,0.01,0.01,0.99,0.01,1,150112.27,148135.15,84095.81,0,2026-09-14T16:05:00Z,2026-09-19T05:54:40Z,2026-09-21T02:30:00Z,,no,84,greater,84.5,,,True,2026-09-19T16:07:55+00:00
kalshi,KXMLBSPREAD-26SEP182138MINLAA-MIN2,https://kalshi.com/markets/kxmlbspread/pro-baseball-spread,https://kalshi.com/markets/kxmlbspread/pro-baseball-spread/kxmlbspread-26sep182138minlaa,Minnesota wins by over 1.5 runs?,Minnesota wins by over 1.5 runs,KXMLBSPREAD-26SEP182138MINLAA,,KXMLBSPREAD,Pro Baseball Spread,Sports,"[""Baseball""]",settled,binary,0,1,0.99,0.99,0.01,0.99,1,150239.99,148034.02,78091.3,0,2026-09-17T19:10:00Z,2026-09-19T04:00:27Z,2026-09-22T01:38:00Z,,yes,3,greater,1.5,,,True,2026-09-19T16:08:01+00:00
kalshi,KXJ2LEAGUEGAME-26SEP19HCSOIT-HCS,https://kalshi.com/markets/kxj2leaguegame/japan-j2-league-game,https://kalshi.com/markets/kxj2leaguegame/japan-j2-league-game/kxj2leaguegame-26sep19hcsoit,Sapporo wins,Sapporo,KXJ2LEAGUEGAME-26SEP19HCSOIT,Sapporo vs Oita,KXJ2LEAGUEGAME,Japan J2 League Game,Sports,"[""Soccer""]",settled,binary,0,1,0.01,0.01,0.99,0.01,1,148546.85,148010.67,90424.38,0,2026-09-15T00:37:00Z,2026-09-19T07:03:06Z,2026-09-21T05:00:00Z,,no,Tie,structured,,,,True,2026-09-19T16:07:50+00:00
kalshi,KXMLBRFI-26SEP182138MINLAA,https://kalshi.com/markets/kxmlbrfi/pro-baseball-run-in-first-inning,https://kalshi.com/markets/kxmlbrfi/pro-baseball-run-in-first-inning/kxmlbrfi-26sep182138minlaa,1st inning: Over 0.5 runs,Over 0.5 runs in the 1st inning,KXMLBRFI-26SEP182138MINLAA,,KXMLBRFI,Pro Baseball Run in First Inning,Sports,"[""Baseball""]",settled,binary,0,1,0.99,0.99,0.01,0.99,1,148843.48,147706.14,121259.61,0,2026-09-16T02:10:00Z,2026-09-19T01:59:53Z,2026-09-22T01:38:00Z,,yes,Yes,greater_or_equal,1,,,True,2026-09-19T16:08:16+00:00
kalshi,KXNCAAF1HTOTAL-26SEP18MIAWAKE-29,https://kalshi.com/markets/kxncaaf1htotal/college-football-1st-half-total,https://kalshi.com/markets/kxncaaf1htotal/college-football-1st-half-total/kxncaaf1htotal-26sep18miawake,Over 28.5 1H points scored,Over 28.5 1H points scored,KXNCAAF1HTOTAL-26SEP18MIAWAKE,,KXNCAAF1HTOTAL,College Football 1st Half Total,Sports,"[""Football""]",settled,binary,0,1,0.99,0.99,0.01,0.99,1,154313.04,147039.75,77273.52,0,2026-09-14T10:20:00Z,2026-09-19T01:08:10Z,2026-09-20T23:30:00Z,,yes,31,greater,28.5,,,True,2026-09-19T16:08:18+00:00
kalshi,KXWTADOUBLES-26SEP18STOVALDANYOU-DANYOU,https://kalshi.com/markets/kxwtadoubles/wta-doubles-tennis-match,https://kalshi.com/markets/kxwtadoubles/wta-doubles-tennis-match/kxwtadoubles-26sep18stovaldanyou,Yiming Dang / Xiaodi You wins,Yiming Dang / Xiaodi You,KXWTADOUBLES-26SEP18STOVALDANYOU,,KXWTADOUBLES,WTA Doubles Tennis Match,Sports,"[""Tennis""]",settled,binary,0,1,0.99,0.99,0.01,0.99,1,146367.35,146362.35,49712.95,0,2026-09-18T00:15:00Z,2026-09-19T01:39:58Z,2026-10-02T18:00:00Z,,yes,Yiming Dang / Xiaodi You,structured,,,,True,2026-09-19T16:08:18+00:00
kalshi,KXGOLD15M-26SEP181915-15,https://kalshi.com/markets/kxgold15m/gold-15-minute,https://kalshi.com/markets/kxgold15m/gold-15-minute/kxgold15m-26sep181915,Gold price up in next 15 mins?,"Target Price: $4,381.34",KXGOLD15M-26SEP181915,,KXGOLD15M,Gold 15-minute,Commodities,"[""Metals""]",settled,binary,0,1,0.991,0.991,0.009,0.991,1,146260.79,146260.79,54439.73,0,2026-09-18T23:00:00Z,2026-09-18T23:15:00Z,2026-09-25T23:15:00Z,,yes,4384.81,greater_or_equal,4381.34,,,True,2026-09-19T16:08:25+00:00
kalshi,KXMLBTOTAL-26SEP182140MIASD-9,https://kalshi.com/markets/kxmlbtotal/pro-baseball-total-points,https://kalshi.com/markets/kxmlbtotal/pro-baseball-total-points/kxmlbtotal-26sep182140miasd,Over 8.5 runs scored,Over 8.5 runs scored,KXMLBTOTAL-26SEP182140MIASD,Miami vs San Diego: Total Runs,KXMLBTOTAL,Pro Baseball Total Points,Sports,"[""Baseball""]",settled,binary,0,1,0.99,0.99,0.01,0.99,1,145302.75,144699.19,78657.23,0,2026-09-17T19:10:00Z,2026-09-19T04:24:31Z,2026-09-22T01:40:00Z,,yes,10,greater,8.5,,,True,2026-09-19T16:08:01+00:00
kalshi,KXBTCD-26SEP1910-T81399.99,https://kalshi.com/markets/kxbtcd/bitcoin-price-above-below,https://kalshi.com/markets/kxbtcd/bitcoin-price-above-below/kxbtcd-26sep1910,"Bitcoin price on Sep 19, 2026?","$81,400 or above",KXBTCD-26SEP1910,"BTC price on Sep 19, 2026 at 10am EDT?",KXBTCD,Bitcoin price Above/below,Crypto,"[""Hourly"", ""BTC""]",settled,binary,0,1,0.01,0.01,0.99,0.01,1,144077.81,144077.81,60177.89,0,2026-09-19T13:00:00Z,2026-09-19T14:00:00Z,2026-09-26T14:00:00Z,,no,81328.30,greater,81399.99,,BRTI,True,2026-09-19T16:07:37+00:00
kalshi,KXETH15M-26SEP190100-00,https://kalshi.com/markets/kxeth15m/eth-15m-price-up-down,https://kalshi.com/markets/kxeth15m/eth-15m-price-up-down/kxeth15m-26sep190100,ETH price up in next 15 mins?,"Target Price: $2,614.33",KXETH15M-26SEP190100,,KXETH15M,ETH 15M price up down,Crypto,"[""ETH"", ""15 min""]",settled,binary,0,1,0.999,0.999,0.001,0.999,1,144059.02,144059.02,62056.9,0,2026-09-19T04:45:00Z,2026-09-19T05:00:00Z,2026-09-26T05:00:00Z,,yes,2618.60,greater_or_equal,2614.33,,,True,2026-09-19T16:07:58+00:00
kalshi,KXLOLMAP-26SEP191100MKOIKC-1-KC,https://kalshi.com/markets/kxlolmap/league-of-legends-map-winner,https://kalshi.com/markets/kxlolmap/league-of-legends-map-winner/kxlolmap-26sep191100mkoikc-1,Karmine Corp wins map 1,Karmine Corp,KXLOLMAP-26SEP191100MKOIKC-1,Movistar KOI vs. Karmine Corp: Map 1,KXLOLMAP,League of Legends Map Winner,Sports,"[""Esports""]",settled,binary,0,1,0.01,0.01,0.99,0.01,1,143754.94,143754.94,74349.91,0,2026-09-18T20:45:00Z,2026-09-19T16:00:27Z,2026-09-21T15:00:00Z,,no,Movistar KOI,structured,,,,True,2026-09-19T16:07:34+00:00
kalshi,KXWTASETWINNER-26SEP18BLICHA-1-BLI,https://kalshi.com/markets/kxwtasetwinner/wta-set-winner,https://kalshi.com/markets/kxwtasetwinner/wta-set-winner/kxwtasetwinner-26sep18blicha-1,Will Anna Blinkova win set 1 in the Anna Blinkova vs Alina Charaeva match,Anna Blinkova,KXWTASETWINNER-26SEP18BLICHA-1,Anna Blinkova vs Alina Charaeva: Set 1 Winner,KXWTASETWINNER,WTA Set Winner,Sports,"[""Tennis""]",settled,binary,0,1,0.99,0.99,0.01,0.99,1,143788.5,143651.63,83729.14,0,2026-09-17T19:30:00Z,2026-09-18T19:05:41Z,2026-10-02T16:00:00Z,,yes,"Blinkova, Anna",structured,,,,True,2026-09-19T16:08:36+00:00
kalshi,KXCS2GAME-26SEP181330FURIAVIT-FURIA,https://kalshi.com/markets/kxcs2game/counter-strike-2-game,https://kalshi.com/markets/kxcs2game/counter-strike-2-game/kxcs2game-26sep181330furiavit,FURIA wins,FURIA,KXCS2GAME-26SEP181330FURIAVIT,FURIA vs. Vitality,KXCS2GAME,Counter-Strike 2 Game,Sports,"[""Esports""]",settled,binary,0,1,0.01,0.01,0.99,0.01,1,145954.17,143569.39,109213.66,0,2026-09-17T21:25:00Z,2026-09-18T20:29:45Z,2026-09-20T17:30:00Z,,no,Vitality,structured,,,,True,2026-09-19T16:08:32+00:00
kalshi,KXFINYLGAME-26SEP18HVKK04-HVK,https://kalshi.com/markets/kxfinylgame/finnish-ykkosliiga-game,https://kalshi.com/markets/kxfinylgame/finnish-ykkosliiga-game/kxfinylgame-26sep18hvkk04,Valkeakoski wins,Valkeakoski,KXFINYLGAME-26SEP18HVKK04,,KXFINYLGAME,Finnish Ykkosliiga Game,Sports,"[""Soccer""]",settled,binary,0,1,0.99,0.99,0.01,0.99,1,217140.9,143474.82,114416.09,0,2026-09-14T00:38:00Z,2026-09-18T17:28:21Z,2026-09-20T15:30:00Z,,yes,Valkeakoski,structured,,,,True,2026-09-19T16:08:42+00:00
kalshi,KXJLEAGUEGAME-26SEP19TOKNGE-TOK,https://kalshi.com/markets/kxjleaguegame/japan-j-league-game,https://kalshi.com/markets/kxjleaguegame/japan-j-league-game/kxjleaguegame-26sep19toknge,Tokyo wins,Tokyo,KXJLEAGUEGAME-26SEP19TOKNGE,,KXJLEAGUEGAME,Japan J League Game,Sports,"[""Soccer""]",settled,binary,0,1,0.99,0.99,0.01,0.99,1,143422.72,143417.72,67197.9,0,2026-09-12T00:38:00Z,2026-09-19T12:14:46Z,2026-09-21T10:00:00Z,,yes,Tokyo,structured,,,,True,2026-09-19T16:07:39+00:00
kalshi,KXWTI15M-26SEP181700-00,https://kalshi.com/markets/kxwti15m/wti-15-minute,https://kalshi.com/markets/kxwti15m/wti-15-minute/kxwti15m-26sep181700,WTI Oil price up in next 15 mins?,Target Price: $95.37,KXWTI15M-26SEP181700,,KXWTI15M,WTI 15-minute,Commodities,"[""Oil & Gas""]",settled,binary,0,1,0.999,0.999,0.001,0.999,1,143335.82,143335.82,72448.99,0,2026-09-18T20:45:00Z,2026-09-18T21:00:00Z,2026-09-25T21:00:00Z,,yes,95.47,greater_or_equal,95.37,,,True,2026-09-19T16:08:30+00:00
kalshi,KXBTCD-26SEP1822-T80999.99,https://kalshi.com/markets/kxbtcd/bitcoin-price-above-below,https://kalshi.com/markets/kxbtcd/bitcoin-price-above-below/kxbtcd-26sep1822,"Bitcoin price on Sep 18, 2026?","$81,000 or above",KXBTCD-26SEP1822,"BTC price on Sep 18, 2026 at 10pm EDT?",KXBTCD,Bitcoin price Above/below,Crypto,"[""Hourly"", ""BTC""]",settled,binary,0,1,0.99,0.99,0.01,0.99,1,142820.91,142820.91,59834.86,0,2026-09-19T01:00:00Z,2026-09-19T02:00:00Z,2026-09-26T02:00:00Z,,yes,81261.34,greater,80999.99,,BRTI,True,2026-09-19T16:08:16+00:00
kalshi,KXNCAAF1HTOTAL-26SEP18PRSTORE-54,https://kalshi.com/markets/kxncaaf1htotal/college-football-1st-half-total,https://kalshi.com/markets/kxncaaf1htotal/college-football-1st-half-total/kxncaaf1htotal-26sep18prstore,Over 53.5 1H points scored,Over 53.5 1H points scored,KXNCAAF1HTOTAL-26SEP18PRSTORE,,KXNCAAF1HTOTAL,College Football 1st Half Total,Sports,"[""Football""]",settled,binary,0,1,0.01,0.01,0.99,0.01,1,142738.64,142738.64,46927.11,0,2026-09-15T11:20:00Z,2026-09-19T04:04:19Z,2026-09-21T02:30:00Z,,no,49,greater,53.5,,,True,2026-09-19T16:08:01+00:00
kalshi,KXPGAR2LEAD-BICA26-BKOH,https://kalshi.com/markets/kxpgar2lead/pga-round-2-leader,https://kalshi.com/markets/kxpgar2lead/pga-round-2-leader/kxpgar2lead-bica26,Ben Kohles leads at the end of Round 2,Ben Kohles,KXPGAR2LEAD-BICA26,Biltmore Championship Asheville End of Round 2 Leader,KXPGAR2LEAD,PGA Round 2 Leader,Sports,"[""Golf""]",settled,binary,0,1,0.01,0.01,0.99,0.01,1,156923.6,142348.14,150443.8,0,2026-09-14T20:10:00Z,2026-09-18T23:16:07Z,2026-10-04T00:00:00Z,,no,Neal Shipley,structured,,,,True,2026-09-19T16:08:25+00:00
kalshi,KXETH15M-26SEP182200-00,https://kalshi.com/markets/kxeth15m/eth-15m-price-up-down,https://kalshi.com/markets/kxeth15m/eth-15m-price-up-down/kxeth15m-26sep182200,ETH price up in next 15 mins?,"Target Price: $2,610.98",KXETH15M-26SEP182200,,KXETH15M,ETH 15M price up down,Crypto,"[""ETH"", ""15 min""]",settled,binary,0,1,0.999,0.999,0.001,0.999,1,142068.85,142068.85,44414.46,0,2026-09-19T01:45:00Z,2026-09-19T02:00:00Z,2026-09-26T02:00:00Z,,yes,2612.38,greater_or_equal,2610.98,,,True,2026-09-19T16:08:16+00:00
kalshi,KXNCAAFSPREAD-26SEP18HOUTTU-HOU4,https://kalshi.com/markets/kxncaafspread/college-football-spread,https://kalshi.com/markets/kxncaafspread/college-football-spread/kxncaafspread-26sep18houttu,Houston wins by over 3.5 points,Houston wins by over 3.5 points,KXNCAAFSPREAD-26SEP18HOUTTU,Houston vs Texas Tech: Spread,KXNCAAFSPREAD,College Football Spread,Sports,"[""Football""]",settled,binary,0,1,0.01,0.01,0.99,0.01,1,143030.7,141867.38,83011.02,0,2026-09-12T01:07:00Z,2026-09-19T03:34:34Z,2026-09-21T00:00:00Z,,no,2,greater,3.5,,,True,2026-09-19T16:08:05+00:00
kalshi,KXPERLIGA1GAME-26SEP18AATCOM-TIE,https://kalshi.com/markets/kxperliga1game/peru-liga-1-game,https://kalshi.com/markets/kxperliga1game/peru-liga-1-game/kxperliga1game-26sep18aatcom,Tie is the result,Tie,KXPERLIGA1GAME-26SEP18AATCOM,Alianza Atletico vs Comerciantes U.,KXPERLIGA1GAME,Peru Liga 1 Game,Sports,"[""Soccer""]",settled,binary,0,1,0.01,0.01,0.99,0.01,1,141526.76,141390.2,88125.55,0,2026-09-14T00:37:00Z,2026-09-18T22:07:02Z,2026-09-20T20:00:00Z,,no,Alianza Atletico,structured,,,,True,2026-09-19T16:08:27+00:00
kalshi,KXLOLMAP-26SEP181600SENSR-3-SEN,https://kalshi.com/markets/kxlolmap/league-of-legends-map-winner,https://kalshi.com/markets/kxlolmap/league-of-legends-map-winner/kxlolmap-26sep181600sensr-3,Sentinels wins map 3,Sentinels,KXLOLMAP-26SEP181600SENSR-3,,KXLOLMAP,League of Legends Map Winner,Sports,"[""Esports""]",settled,binary,0,1,0.01,0.01,0.99,0.01,1,141229.97,141229.97,71873.53,0,2026-09-15T00:25:00Z,2026-09-18T22:14:48Z,2026-09-20T20:00:00Z,,no,Shopify Rebellion,structured,,,,True,2026-09-19T16:08:27+00:00
kalshi,KXGOLD15M-26SEP182115-15,https://kalshi.com/markets/kxgold15m/gold-15-minute,https://kalshi.com/markets/kxgold15m/gold-15-minute/kxgold15m-26sep182115,Gold price up in next 15 mins?,"Target Price: $4,376.18",KXGOLD15M-26SEP182115,,KXGOLD15M,Gold 15-minute,Commodities,"[""Metals""]",settled,binary,0,1,0.999,0.999,0.001,0.999,1,140925.12,140925.12,51578.43,0,2026-09-19T01:00:00Z,2026-09-19T01:15:00Z,2026-09-26T01:15:00Z,,yes,4377.00,greater_or_equal,4376.18,,,True,2026-09-19T16:08:18+00:00
kalshi,KXNCAAF1HSPREAD-26SEP18HOUTTU-HOU3,https://kalshi.com/markets/kxncaaf1hspread/college-football-1st-half-spread,https://kalshi.com/markets/kxncaaf1hspread/college-football-1st-half-spread/kxncaaf1hspread-26sep18houttu,Houston wins 1H by over 2.5 points,Houston wins 1H by over 2.5 points,KXNCAAF1HSPREAD-26SEP18HOUTTU,,KXNCAAF1HSPREAD,College Football 1st Half Spread,Sports,"[""Football""]",settled,binary,0,1,0.99,0.99,0.01,0.99,1,140892.51,140869.65,66342.67,0,2026-09-14T10:20:00Z,2026-09-19T01:44:28Z,2026-09-21T00:00:00Z,,yes,3,greater,2.5,,,True,2026-09-19T16:08:18+00:00
kalshi,KXDAVISCUPMATCH-26SEP19GOMTSI-TSI,https://kalshi.com/markets/kxdaviscupmatch/davis-cup-match,https://kalshi.com/markets/kxdaviscupmatch/davis-cup-match/kxdaviscupmatch-26sep19gomtsi,Stefanos Tsitsipas wins,Stefanos Tsitsipas,KXDAVISCUPMATCH-26SEP19GOMTSI,,KXDAVISCUPMATCH,Davis Cup Match,Sports,"[""Tennis""]",settled,binary,0,1,0.99,0.99,0.01,0.99,1,140610.77,140610.77,97265.79,0,2026-09-18T13:15:00Z,2026-09-19T14:10:09Z,2026-10-03T11:10:00Z,,yes,Stefanos Tsitsipas,structured,,,,True,2026-09-19T16:07:37+00:00
kalshi,KXBTCD-26SEP1815-T81199.99,https://kalshi.com/markets/kxbtcd/bitcoin-price-above-below,https://kalshi.com/markets/kxbtcd/bitcoin-price-above-below/kxbtcd-26sep1815,"Bitcoin price on Sep 18, 2026?","$81,200 or above",KXBTCD-26SEP1815,"BTC price on Sep 18, 2026 at 3pm EDT?",KXBTCD,Bitcoin price Above/below,Crypto,"[""Hourly"", ""BTC""]",settled,binary,0,1,0.01,0.01,0.99,0.01,1,140414.08,140414.08,77345.51,0,2026-09-18T18:00:00Z,2026-09-18T19:00:00Z,2026-09-25T19:00:00Z,,no,80933.92,greater,81199.99,,BRTI,True,2026-09-19T16:08:38+00:00
kalshi,KXETH15M-26SEP181445-45,https://kalshi.com/markets/kxeth15m/eth-15m-price-up-down,https://kalshi.com/markets/kxeth15m/eth-15m-price-up-down/kxeth15m-26sep181445,ETH price up in next 15 mins?,"Target Price: $2,608.38",KXETH15M-26SEP181445,,KXETH15M,ETH 15M price up down,Crypto,"[""ETH"", ""15 min""]",settled,binary,0,1,0.999,0.999,0.001,0.999,1,140323.3,140323.3,44304.86,0,2026-09-18T18:30:00Z,2026-09-18T18:45:00Z,2026-09-25T18:45:00Z,,yes,2610.49,greater_or_equal,2608.38,,,True,2026-09-19T16:08:39+00:00
kalshi,KXMLBTOTAL-26SEP181910BOSTB-7,https://kalshi.com/markets/kxmlbtotal/pro-baseball-total-points,https://kalshi.com/markets/kxmlbtotal/pro-baseball-total-points/kxmlbtotal-26sep181910bostb,Over 6.5 runs scored,Over 6.5 runs scored,KXMLBTOTAL-26SEP181910BOSTB,Boston vs Tampa Bay: Total Runs,KXMLBTOTAL,Pro Baseball Total Points,Sports,"[""Baseball""]",settled,binary,0,1,0.01,0.01,0.99,0.01,1,142517.38,140293.51,78683.59,0,2026-09-17T19:10:00Z,2026-09-19T02:00:37Z,2026-09-21T23:10:00Z,,no,6,greater,6.5,,,True,2026-09-19T16:08:14+00:00
kalshi,KXETH15M-26SEP181645-45,https://kalshi.com/markets/kxeth15m/eth-15m-price-up-down,https://kalshi.com/markets/kxeth15m/eth-15m-price-up-down/kxeth15m-26sep181645,ETH price up in next 15 mins?,"Target Price: $2,627.96",KXETH15M-26SEP181645,,KXETH15M,ETH 15M price up down,Crypto,"[""ETH"", ""15 min""]",settled,binary,0,1,0.999,0.999,0.001,0.999,1,140242.7,140242.7,73457.53,0,2026-09-18T20:30:00Z,2026-09-18T20:45:00Z,2026-09-25T20:45:00Z,,yes,2633.78,greater_or_equal,2627.96,,,True,2026-09-19T16:08:32+00:00
kalshi,KXLOLMAP-26SEP190500JDGIG-3-IG,https://kalshi.com/markets/kxlolmap/league-of-legends-map-winner,https://kalshi.com/markets/kxlolmap/league-of-legends-map-winner/kxlolmap-26sep190500jdgig-3,Invictus Gaming wins map 3,Invictus Gaming,KXLOLMAP-26SEP190500JDGIG-3,,KXLOLMAP,League of Legends Map Winner,Sports,"[""Esports""]",settled,binary,0,1,0.01,0.01,0.99,0.01,1,140111.26,140111.26,100882.63,0,2026-09-18T13:45:00Z,2026-09-19T11:50:25Z,2026-09-21T09:00:00Z,,no,JD Gaming,structured,,,,True,2026-09-19T16:07:40+00:00
kalshi,KXETH15M-26SEP181530-30,https://kalshi.com/markets/kxeth15m/eth-15m-price-up-down,https://kalshi.com/markets/kxeth15m/eth-15m-price-up-down/kxeth15m-26sep181530,ETH price up in next 15 mins?,"Target Price: $2,625.09",KXETH15M-26SEP181530,,KXETH15M,ETH 15M price up down,Crypto,"[""ETH"", ""15 min""]",settled,binary,0,1,0.999,0.999,0.001,0.999,1,139881.07,139881.07,66157.25,0,2026-09-18T19:15:00Z,2026-09-18T19:30:00Z,2026-09-25T19:30:00Z,,yes,2636.09,greater_or_equal,2625.09,,,True,2026-09-19T16:08:36+00:00
kalshi,KXBTCD-26SEP1816-T80899.99,https://kalshi.com/markets/kxbtcd/bitcoin-price-above-below,https://kalshi.com/markets/kxbtcd/bitcoin-price-above-below/kxbtcd-26sep1816,"Bitcoin price on Sep 18, 2026?","$80,900 or above",KXBTCD-26SEP1816,"BTC price on Sep 18, 2026 at 4pm EDT?",KXBTCD,Bitcoin price Above/below,Crypto,"[""Hourly"", ""BTC""]",settled,binary,0,1,0.99,0.99,0.01,0.99,1,139541.62,139541.62,48096.11,0,2026-09-18T19:00:00Z,2026-09-18T20:00:00Z,2026-09-25T20:00:00Z,,yes,81210.88,greater,80899.99,,BRTI,True,2026-09-19T16:08:35+00:00
kalshi,KXBUNDESLIGATOTAL-26SEP19SGESCF-5,https://kalshi.com/markets/kxbundesligatotal/bundesliga-total,https://kalshi.com/markets/kxbundesligatotal/bundesliga-total/kxbundesligatotal-26sep19sgescf,Will over 4.5 goals be scored?,Over 4.5 goals scored,KXBUNDESLIGATOTAL-26SEP19SGESCF,,KXBUNDESLIGATOTAL,Bundesliga Total,Sports,"[""Soccer""]",settled,binary,0,1,0.01,0.01,0.99,0.01,1,139408.28,139394.97,67423.83,0,2026-09-12T14:06:00Z,2026-09-19T15:25:51Z,2026-09-21T13:30:00Z,,no,4,greater,4.5,,,True,2026-09-19T16:07:35+00:00
kalshi,KXBUNDESLIGA2GAME-26SEP18SGFFCM-FCM,https://kalshi.com/markets/kxbundesliga2game/bundesliga-2-game,https://kalshi.com/markets/kxbundesliga2game/bundesliga-2-game/kxbundesliga2game-26sep18sgffcm,Magdeburg wins,Magdeburg,KXBUNDESLIGA2GAME-26SEP18SGFFCM,Greuther Furth vs Magdeburg,KXBUNDESLIGA2GAME,Bundesliga 2 Game,Sports,"[""Soccer""]",settled,binary,0,1,0.01,0.01,0.99,0.01,1,143190.52,139393.69,93115.29,0,2026-09-14T00:35:00Z,2026-09-18T18:33:13Z,2026-09-20T16:30:00Z,,no,Tie,structured,,,,True,2026-09-19T16:08:39+00:00
kalshi,KXNCAAFSPREAD-26SEP18HOUTTU-HOU3,https://kalshi.com/markets/kxncaafspread/college-football-spread,https://kalshi.com/markets/kxncaafspread/college-football-spread/kxncaafspread-26sep18houttu,Houston wins by over 2.5 points,Houston wins by over 2.5 points,KXNCAAFSPREAD-26SEP18HOUTTU,Houston vs Texas Tech: Spread,KXNCAAFSPREAD,College Football Spread,Sports,"[""Football""]",settled,binary,0,1,0.01,0.01,0.99,0.01,1,141083.16,138988.1,73802.02,0,2026-09-12T01:07:00Z,2026-09-19T03:34:34Z,2026-09-21T00:00:00Z,,no,2,greater,2.5,,,True,2026-09-19T16:08:05+00:00
kalshi,KXBUNDESLIGASPREAD-26SEP18BMUUNI-BMU2,https://kalshi.com/markets/kxbundesligaspread/bundesliga-spread,https://kalshi.com/markets/kxbundesligaspread/bundesliga-spread/kxbundesligaspread-26sep18bmuuni,Bayern Munich wins by more than 1.5 goals?,Bayern Munich wins by more than 1.5 goals,KXBUNDESLIGASPREAD-26SEP18BMUUNI,Bayern Munich vs Union Berlin: Spread,KXBUNDESLIGASPREAD,Bundesliga Spread,Sports,"[""Soccer""]",settled,binary,0,1,0.99,0.99,0.01,0.99,1,167220.82,138822.15,89992.52,0,2026-09-11T19:06:00Z,2026-09-18T20:24:53Z,2026-09-20T18:30:00Z,,yes,7,greater,1.5,,,True,2026-09-19T16:08:32+00:00
kalshi,KXJ2LEAGUEGAME-26SEP19HCSOIT-TIE,https://kalshi.com/markets/kxj2leaguegame/japan-j2-league-game,https://kalshi.com/markets/kxj2leaguegame/japan-j2-league-game/kxj2leaguegame-26sep19hcsoit,Tie is the result,Tie,KXJ2LEAGUEGAME-26SEP19HCSOIT,Sapporo vs Oita,KXJ2LEAGUEGAME,Japan J2 League Game,Sports,"[""Soccer""]",settled,binary,0,1,0.99,0.99,0.01,0.99,1,139307.59,138793.63,67350.95,0,2026-09-15T00:37:00Z,2026-09-19T07:03:06Z,2026-09-21T05:00:00Z,,yes,Tie,structured,,,,True,2026-09-19T16:07:50+00:00
kalshi,KXMLBTOTAL-26SEP181905MILBAL-13,https://kalshi.com/markets/kxmlbtotal/pro-baseball-total-points,https://kalshi.com/markets/kxmlbtotal/pro-baseball-total-points/kxmlbtotal-26sep181905milbal,Over 12.5 runs scored,Over 12.5 runs scored,KXMLBTOTAL-26SEP181905MILBAL,Milwaukee vs Baltimore: Total Runs,KXMLBTOTAL,Pro Baseball Total Points,Sports,"[""Baseball""]",settled,binary,0,1,0.01,0.01,0.99,0.01,1,138558.53,137968.53,71401.18,0,2026-09-18T03:10:00Z,2026-09-19T02:54:31Z,2026-09-21T23:05:00Z,,no,11,greater,12.5,,,True,2026-09-19T16:08:13+00:00
kalshi,KXGOLD15M-26SEP181900-00,https://kalshi.com/markets/kxgold15m/gold-15-minute,https://kalshi.com/markets/kxgold15m/gold-15-minute/kxgold15m-26sep181900,Gold price up in next 15 mins?,"Target Price: $4,381.33",KXGOLD15M-26SEP181900,,KXGOLD15M,Gold 15-minute,Commodities,"[""Metals""]",settled,binary,0,1,0.999,0.999,0.001,0.999,1,137896.34,137896.34,53282.55,0,2026-09-18T22:45:00Z,2026-09-18T23:00:00Z,2026-09-25T23:00:00Z,,yes,4381.34,greater_or_equal,4381.33,,,True,2026-09-19T16:08:26+00:00
kalshi,KXEPLTOTAL-26SEP18BRECFC-1,https://kalshi.com/markets/kxepltotal/english-premier-league-total-goals,https://kalshi.com/markets/kxepltotal/english-premier-league-total-goals/kxepltotal-26sep18brecfc,Will over 0.5 goals be scored?,Over 0.5 goals scored,KXEPLTOTAL-26SEP18BRECFC,Brentford vs Chelsea: Total Goals,KXEPLTOTAL,English Premier League Total Goals,Sports,"[""Soccer""]",settled,binary,0,1,0.99,0.99,0.01,0.99,1,145474.58,137788.41,85874.99,0,2026-09-11T19:07:00Z,2026-09-18T20:39:44Z,2026-09-20T19:00:00Z,,yes,2,greater,0.5,,,True,2026-09-19T16:08:32+00:00
kalshi,KXMLBTOTAL-26SEP182138MINLAA-5,https://kalshi.com/markets/kxmlbtotal/pro-baseball-total-points,https://kalshi.com/markets/kxmlbtotal/pro-baseball-total-points/kxmlbtotal-26sep182138minlaa,Over 4.5 runs scored,Over 4.5 runs scored,KXMLBTOTAL-26SEP182138MINLAA,,KXMLBTOTAL,Pro Baseball Total Points,Sports,"[""Baseball""]",settled,binary,0,1,0.01,0.01,0.99,0.01,1,137638.27,137509.89,76553.5,0,2026-09-17T19:10:00Z,2026-09-19T04:00:25Z,2026-09-22T01:38:00Z,,no,3,greater,4.5,,,True,2026-09-19T16:08:01+00:00
kalshi,KXBUNDESLIGA1HTOTAL-26SEP18BMUUNI-2,https://kalshi.com/markets/kxbundesliga1htotal/1st-half-total,https://kalshi.com/markets/kxbundesliga1htotal/1st-half-total/kxbundesliga1htotal-26sep18bmuuni,Over 1.5 1H goals scored,Over 1.5 1H goals scored,KXBUNDESLIGA1HTOTAL-26SEP18BMUUNI,,KXBUNDESLIGA1HTOTAL,1st Half Total,Sports,"[""Soccer""]",settled,binary,0,1,0.99,0.99,0.01,0.99,1,139265.97,137135.67,71863.71,0,2026-09-16T19:05:00Z,2026-09-18T19:20:48Z,2026-09-20T18:30:00Z,,yes,3,greater,1.5,,,True,2026-09-19T16:08:36+00:00
kalshi,KXWTI15M-26SEP181615-15,https://kalshi.com/markets/kxwti15m/wti-15-minute,https://kalshi.com/markets/kxwti15m/wti-15-minute/kxwti15m-26sep181615,WTI Oil price up in next 15 mins?,Target Price: $95.69,KXWTI15M-26SEP181615,,KXWTI15M,WTI 15-minute,Commodities,"[""Oil & Gas""]",settled,binary,0,1,0.001,0.001,0.999,0.001,1,137039.24,137039.24,54633.14,0,2026-09-18T20:00:00Z,2026-09-18T20:15:00Z,2026-09-25T20:15:00Z,,no,95.36,greater_or_equal,95.69,,,True,2026-09-19T16:08:32+00:00
kalshi,KXWTASETWINNER-26SEP18BLICHA-2-CHA,https://kalshi.com/markets/kxwtasetwinner/wta-set-winner,https://kalshi.com/markets/kxwtasetwinner/wta-set-winner/kxwtasetwinner-26sep18blicha-2,Will Alina Charaeva win set 2 in the Anna Blinkova vs Alina Charaeva match,Alina Charaeva,KXWTASETWINNER-26SEP18BLICHA-2,Anna Blinkova vs Alina Charaeva: Set 2 Winner,KXWTASETWINNER,WTA Set Winner,Sports,"[""Tennis""]",settled,binary,0,1,0.01,0.01,0.99,0.01,1,136779.4,136779.4,66633.63,0,2026-09-17T19:30:00Z,2026-09-18T20:01:05Z,2026-10-02T16:00:00Z,,no,"Blinkova, Anna",structured,,,,True,2026-09-19T16:08:32+00:00
kalshi,KXETH15M-26SEP181630-30,https://kalshi.com/markets/kxeth15m/eth-15m-price-up-down,https://kalshi.com/markets/kxeth15m/eth-15m-price-up-down/kxeth15m-26sep181630,ETH price up in next 15 mins?,"Target Price: $2,634.36",KXETH15M-26SEP181630,,KXETH15M,ETH 15M price up down,Crypto,"[""ETH"", ""15 min""]",settled,binary,0,1,0.001,0.001,0.999,0.001,1,135962.01,135962.01,60503.89,0,2026-09-18T20:15:00Z,2026-09-18T20:30:00Z,2026-09-25T20:30:00Z,,no,2627.96,greater_or_equal,2634.36,,,True,2026-09-19T16:08:32+00:00
kalshi,KXETH15M-26SEP182245-45,https://kalshi.com/markets/kxeth15m/eth-15m-price-up-down,https://kalshi.com/markets/kxeth15m/eth-15m-price-up-down/kxeth15m-26sep182245,ETH price up in next 15 mins?,"Target Price: $2,617.38",KXETH15M-26SEP182245,,KXETH15M,ETH 15M price up down,Crypto,"[""ETH"", ""15 min""]",settled,binary,0,1,0.999,0.999,0.001,0.999,1,135869.24,135869.24,43020.05,0,2026-09-19T02:30:00Z,2026-09-19T02:45:00Z,2026-09-26T02:45:00Z,,yes,2619.57,greater_or_equal,2617.38,,,True,2026-09-19T16:08:13+00:00
kalshi,KXLOLMAP-26SEP181600SENSR-4-SR,https://kalshi.com/markets/kxlolmap/league-of-legends-map-winner,https://kalshi.com/markets/kxlolmap/league-of-legends-map-winner/kxlolmap-26sep181600sensr-4,Shopify Rebellion wins map 4,Shopify Rebellion,KXLOLMAP-26SEP181600SENSR-4,,KXLOLMAP,League of Legends Map Winner,Sports,"[""Esports""]",settled,binary,0,1,0.99,0.99,0.01,0.99,1,135828.55,135828.55,68288.25,0,2026-09-18T22:21:00Z,2026-09-18T23:04:46Z,2026-09-20T20:00:00Z,,yes,Shopify Rebellion,structured,,,,True,2026-09-19T16:08:25+00:00
kalshi,KXWTACHALLENGERMATCH-26SEP18BURHER-BUR,https://kalshi.com/markets/kxwtachallengermatch/challenger-wta,https://kalshi.com/markets/kxwtachallengermatch/challenger-wta/kxwtachallengermatch-26sep18burher,Irene Burillo Escorihuela wins,Irene Burillo Escorihuela,KXWTACHALLENGERMATCH-26SEP18BURHER,,KXWTACHALLENGERMATCH,Challenger WTA,Sports,"[""Tennis""]",settled,binary,0,1,0.01,0.01,0.99,0.01,1,717178.86,135523.16,416932.52,0,2026-09-18T02:41:00Z,2026-09-18T16:15:07Z,2026-10-02T14:30:00Z,,no,Alicia Herrero Linana,structured,,,,True,2026-09-19T16:08:45+00:00
kalshi,KXGOLD15M-26SEP181830-30,https://kalshi.com/markets/kxgold15m/gold-15-minute,https://kalshi.com/markets/kxgold15m/gold-15-minute/kxgold15m-26sep181830,Gold price up in next 15 mins?,"Target Price: $4,379.83",KXGOLD15M-26SEP181830,,KXGOLD15M,Gold 15-minute,Commodities,"[""Metals""]",settled,binary,0,1,0.999,0.999,0.001,0.999,1,135499.17,135499.17,59302.55,0,2026-09-18T22:15:00Z,2026-09-18T22:30:00Z,2026-09-25T22:30:00Z,,yes,4379.84,greater_or_equal,4379.83,,,True,2026-09-19T16:08:27+00:00
kalshi,KXLIGAMXTOTAL-26SEP18JUATIG-4,https://kalshi.com/markets/kxligamxtotal/liga-mx-total,https://kalshi.com/markets/kxligamxtotal/liga-mx-total/kxligamxtotal-26sep18juatig,Will over 3.5 goals be scored?,Over 3.5 goals scored,KXLIGAMXTOTAL-26SEP18JUATIG,Juarez vs Tigres: Total Goals,KXLIGAMXTOTAL,Liga MX Total,Sports,"[""Soccer""]",settled,binary,0,1,0.01,0.01,0.99,0.01,1,135467.76,135427.61,69411.17,0,2026-09-12T03:06:00Z,2026-09-19T05:07:35Z,2026-09-21T03:00:00Z,,no,2,greater,3.5,,,True,2026-09-19T16:07:56+00:00
kalshi,KXT20MATCH-26SEP182100HKGJAP-HKG,https://kalshi.com/markets/kxt20match/men-s-t20-cricket-match,https://kalshi.com/markets/kxt20match/men-s-t20-cricket-match/kxt20match-26sep182100hkgjap,Hong Kong wins,Hong Kong,KXT20MATCH-26SEP182100HKGJAP,Japan vs Hong Kong,KXT20MATCH,Men's T20 Cricket Match,Sports,"[""Cricket""]",settled,binary,0,1,0.99,0.99,0.01,0.99,1,137054.43,134982.57,57047.48,0,2026-09-18T00:10:00Z,2026-09-19T04:20:06Z,2026-09-21T05:00:00Z,,yes,Hong Kong,structured,,,,True,2026-09-19T16:08:01+00:00
kalshi,KXETH15M-26SEP191100-00,https://kalshi.com/markets/kxeth15m/eth-15m-price-up-down,https://kalshi.com/markets/kxeth15m/eth-15m-price-up-down/kxeth15m-26sep191100,ETH price up in next 15 mins?,"Target Price: $2,638.34",KXETH15M-26SEP191100,,KXETH15M,ETH 15M price up down,Crypto,"[""ETH"", ""15 min""]",settled,binary,0,1,0.001,0.001,0.999,0.001,1,134295.96,134295.96,35962.8,0,2026-09-19T14:45:00Z,2026-09-19T15:00:00Z,2026-09-26T15:00:00Z,,no,2638.28,greater_or_equal,2638.34,,,True,2026-09-19T16:07:36+00:00
kalshi,KXARGPREMDIVTOTAL-26SEP18CCDYJ-4,https://kalshi.com/markets/kxargpremdivtotal/argentina-premier-division-total,https://kalshi.com/markets/kxargpremdivtotal/argentina-premier-division-total/kxargpremdivtotal-26sep18ccdyj,Will over 3.5 goals be scored?,Over 3.5 goals scored,KXARGPREMDIVTOTAL-26SEP18CCDYJ,Central Cordoba vs Defensa y Justicia: Total Goals,KXARGPREMDIVTOTAL,Argentina Premier Division Total,Sports,"[""Soccer""]",settled,binary,0,1,0.99,0.99,0.01,0.99,1,134033.64,134033.64,53810.97,0,2026-09-17T21:05:00Z,2026-09-18T23:04:55Z,2026-09-20T21:00:00Z,,yes,5,greater,3.5,,,True,2026-09-19T16:08:25+00:00
kalshi,KXITFWMATCH-26SEP18PODMAT-MAT,https://kalshi.com/markets/kxitfwmatch/itf-women-s-match,https://kalshi.com/markets/kxitfwmatch/itf-women-s-match/kxitfwmatch-26sep18podmat,Martha MATOULA wins,Martha MATOULA,KXITFWMATCH-26SEP18PODMAT,,KXITFWMATCH,ITF Women's Match,Sports,"[""Tennis""]",settled,binary,0,1,0.01,0.01,0.99,0.01,1,134074.14,133272.11,83325.77,0,2026-09-18T11:31:00Z,2026-09-18T17:40:02Z,2026-10-02T16:30:00Z,,no,Veronika Podrez,structured,,,,True,2026-09-19T16:08:42+00:00
kalshi,KXWTADOUBLES-26SEP18STOVALDANYOU-STOVAL,https://kalshi.com/markets/kxwtadoubles/wta-doubles-tennis-match,https://kalshi.com/markets/kxwtadoubles/wta-doubles-tennis-match/kxwtadoubles-26sep18stovaldanyou,Mary Stoiana / Vendula Valdmannova wins,Mary Stoiana / Vendula Valdmannova,KXWTADOUBLES-26SEP18STOVALDANYOU,,KXWTADOUBLES,WTA Doubles Tennis Match,Sports,"[""Tennis""]",settled,binary,0,1,0.01,0.01,0.99,0.01,1,133066.29,133056.29,55171.22,0,2026-09-18T00:15:00Z,2026-09-19T01:39:58Z,2026-10-02T18:00:00Z,,no,Yiming Dang / Xiaodi You,structured,,,,True,2026-09-19T16:08:18+00:00
kalshi,KXSUPERLIGGAME-26SEP18KASKON-KAS,https://kalshi.com/markets/kxsuperliggame/turkish-super-lig-game,https://kalshi.com/markets/kxsuperliggame/turkish-super-lig-game/kxsuperliggame-26sep18kaskon,Kasimpasa wins,Kasimpasa,KXSUPERLIGGAME-26SEP18KASKON,,KXSUPERLIGGAME,Turkish Super Lig Game,Sports,"[""Soccer""]",settled,binary,0,1,0.01,0.01,0.99,0.01,1,144886.63,132846.98,100325.49,0,2026-09-14T00:37:00Z,2026-09-18T18:57:06Z,2026-09-20T17:00:00Z,,no,Tie,structured,,,,True,2026-09-19T16:08:38+00:00
kalshi,KXETH15M-26SEP182315-15,https://kalshi.com/markets/kxeth15m/eth-15m-price-up-down,https://kalshi.com/markets/kxeth15m/eth-15m-price-up-down/kxeth15m-26sep182315,ETH price up in next 15 mins?,"Target Price: $2,622.17",KXETH15M-26SEP182315,,KXETH15M,ETH 15M price up down,Crypto,"[""ETH"", ""15 min""]",settled,binary,0,1,0.999,0.999,0.001,0.999,1,132664.18,132664.18,61727.83,0,2026-09-19T03:00:00Z,2026-09-19T03:15:00Z,2026-09-26T03:15:00Z,,yes,2625.25,greater_or_equal,2622.17,,,True,2026-09-19T16:08:06+00:00
kalshi,KXETH15M-26SEP190145-45,https://kalshi.com/markets/kxeth15m/eth-15m-price-up-down,https://kalshi.com/markets/kxeth15m/eth-15m-price-up-down/kxeth15m-26sep190145,ETH price up in next 15 mins?,"Target Price: $2,628.72",KXETH15M-26SEP190145,,KXETH15M,ETH 15M price up down,Crypto,"[""ETH"", ""15 min""]",settled,binary,0,1,0.001,0.001,0.999,0.001,1,132346.73,132346.73,50545.06,0,2026-09-19T05:30:00Z,2026-09-19T05:45:00Z,2026-09-26T05:45:00Z,,no,2626.62,greater_or_equal,2628.72,,,True,2026-09-19T16:07:55+00:00
kalshi,KXBTCD-26SEP1901-T80799.99,https://kalshi.com/markets/kxbtcd/bitcoin-price-above-below,https://kalshi.com/markets/kxbtcd/bitcoin-price-above-below/kxbtcd-26sep1901,"Bitcoin price on Sep 19, 2026?","$80,800 or above",KXBTCD-26SEP1901,"BTC price on Sep 19, 2026 at 1am EDT?",KXBTCD,Bitcoin price Above/below,Crypto,"[""Hourly"", ""BTC""]",settled,binary,0,1,0.99,0.99,0.01,0.99,1,130753.2,130753.2,64664.11,0,2026-09-19T04:00:00Z,2026-09-19T05:00:00Z,2026-09-26T05:00:00Z,,yes,80996.79,greater,80799.99,,BRTI,True,2026-09-19T16:07:58+00:00
kalshi,KXBTCD-26SEP1900-T81399.99,https://kalshi.com/markets/kxbtcd/bitcoin-price-above-below,https://kalshi.com/markets/kxbtcd/bitcoin-price-above-below/kxbtcd-26sep1900,"Bitcoin price on Sep 19, 2026?","$81,400 or above",KXBTCD-26SEP1900,"BTC price on Sep 19, 2026 at 12am EDT?",KXBTCD,Bitcoin price Above/below,Crypto,"[""Hourly"", ""BTC""]",settled,binary,0,1,0.01,0.01,0.99,0.01,1,130371.01,130371.01,70505.45,0,2026-09-19T03:00:00Z,2026-09-19T04:00:00Z,2026-09-26T04:00:00Z,,no,81105.69,greater,81399.99,,BRTI,True,2026-09-19T16:08:03+00:00
kalshi,KXETH15M-26SEP181845-45,https://kalshi.com/markets/kxeth15m/eth-15m-price-up-down,https://kalshi.com/markets/kxeth15m/eth-15m-price-up-down/kxeth15m-26sep181845,ETH price up in next 15 mins?,"Target Price: $2,631.36",KXETH15M-26SEP181845,,KXETH15M,ETH 15M price up down,Crypto,"[""ETH"", ""15 min""]",settled,binary,0,1,0.001,0.001,0.999,0.001,1,129982.84,129982.84,76271.19,0,2026-09-18T22:30:00Z,2026-09-18T22:45:00Z,2026-09-25T22:45:00Z,,no,2619.47,greater_or_equal,2631.36,,,True,2026-09-19T16:08:27+00:00
kalshi,KXMLBRFI-26SEP181910BOSTB,https://kalshi.com/markets/kxmlbrfi/pro-baseball-run-in-first-inning,https://kalshi.com/markets/kxmlbrfi/pro-baseball-run-in-first-inning/kxmlbrfi-26sep181910bostb,1st inning: Over 0.5 runs,Over 0.5 runs in the 1st inning,KXMLBRFI-26SEP181910BOSTB,,KXMLBRFI,Pro Baseball Run in First Inning,Sports,"[""Baseball""]",settled,binary,0,1,0.99,0.99,0.01,0.99,1,140747.02,129516.51,121240.78,0,2026-09-15T23:40:00Z,2026-09-18T23:29:49Z,2026-09-21T23:10:00Z,,yes,Yes,greater_or_equal,1,,,True,2026-09-19T16:08:24+00:00
kalshi,KXJLEAGUEGAME-26SEP19KAWKAS-KAS,https://kalshi.com/markets/kxjleaguegame/japan-j-league-game,https://kalshi.com/markets/kxjleaguegame/japan-j-league-game/kxjleaguegame-26sep19kawkas,Kashima wins,Kashima,KXJLEAGUEGAME-26SEP19KAWKAS,,KXJLEAGUEGAME,Japan J League Game,Sports,"[""Soccer""]",settled,binary,0,1,0.01,0.01,0.99,0.01,1,128804.65,128651.14,49963.98,0,2026-09-12T00:37:00Z,2026-09-19T11:14:39Z,2026-09-21T09:00:00Z,,no,Tie,structured,,,,True,2026-09-19T16:07:40+00:00
kalshi,KXITFWMATCH-26SEP19KONBRI-KON,https://kalshi.com/markets/kxitfwmatch/itf-women-s-match,https://kalshi.com/markets/kxitfwmatch/itf-women-s-match/kxitfwmatch-26sep19konbri,Julia Konishi Camargo Silva wins,Julia Konishi Camargo Silva,KXITFWMATCH-26SEP19KONBRI,,KXITFWMATCH,ITF Women's Match,Sports,"[""Tennis""]",settled,binary,0,1,0.01,0.01,0.99,0.01,1,128566.45,128566.45,84877.64,0,2026-09-18T21:41:00Z,2026-09-19T14:54:38Z,2026-10-03T13:30:00Z,,no,Leyla Fiorella Britez Risso,structured,,,,True,2026-09-19T16:07:37+00:00
kalshi,KXNCAAFSPREAD-26SEP18PRSTORE-ORE67,https://kalshi.com/markets/kxncaafspread/college-football-spread,https://kalshi.com/markets/kxncaafspread/college-football-spread/kxncaafspread-26sep18prstore,Oregon wins by over 66.5 points,Oregon wins by over 66.5 points,KXNCAAFSPREAD-26SEP18PRSTORE,Portland St. vs Oregon: Spread,KXNCAAFSPREAD,College Football Spread,Sports,"[""Football""]",settled,binary,0,1,0.99,0.99,0.01,0.99,1,129214.48,128132.92,64288.91,0,2026-09-14T16:05:00Z,2026-09-19T05:54:37Z,2026-09-21T02:30:00Z,,yes,84,greater,66.5,,,True,2026-09-19T16:07:55+00:00
kalshi,KXATPCHALLENGERMATCH-26SEP19SHABAR-SHA,https://kalshi.com/markets/kxatpchallengermatch/challenger-atp,https://kalshi.com/markets/kxatpchallengermatch/challenger-atp/kxatpchallengermatch-26sep19shabar,Marat Sharipov wins,Marat Sharipov,KXATPCHALLENGERMATCH-26SEP19SHABAR,Sharipov vs Bar Biryukov,KXATPCHALLENGERMATCH,Challenger ATP ,Sports,"[""Tennis""]",settled,binary,0,1,0.99,0.99,0.01,0.99,1,127824.63,127824.63,100737.04,0,2026-09-18T21:41:00Z,2026-09-19T11:35:02Z,2026-10-03T09:30:00Z,,yes,Marat Sharipov,structured,,,,True,2026-09-19T16:07:40+00:00
kalshi,KXNPBGAME-26SEP190100FUKTOH-TOH,https://kalshi.com/markets/kxnpbgame/japan-npb-game,https://kalshi.com/markets/kxnpbgame/japan-npb-game/kxnpbgame-26sep190100fuktoh,Tohoku Rakuten Golden Eagles wins,Tohoku Rakuten Golden Eagles,KXNPBGAME-26SEP190100FUKTOH,Fukuoka Hawks vs Tohoku Rakuten Golden Eagles,KXNPBGAME,Japan NPB Game,Sports,"[""Baseball""]",settled,binary,0,1,0.99,0.99,0.01,0.99,1,127712.88,127443.44,79488.71,0,2026-09-16T04:11:00Z,2026-09-19T08:10:18Z,2026-09-21T05:00:00Z,,yes,Tohoku Rakuten Golden Eagles,structured,,,,True,2026-09-19T16:07:47+00:00
kalshi,KXMLBTOTAL-26SEP182005TORTEX-8,https://kalshi.com/markets/kxmlbtotal/pro-baseball-total-points,https://kalshi.com/markets/kxmlbtotal/pro-baseball-total-points/kxmlbtotal-26sep182005tortex,Over 7.5 runs scored,Over 7.5 runs scored,KXMLBTOTAL-26SEP182005TORTEX,,KXMLBTOTAL,Pro Baseball Total Points,Sports,"[""Baseball""]",settled,binary,0,1,0.99,0.99,0.01,0.99,1,137357.51,127155.65,94030.89,0,2026-09-18T01:40:00Z,2026-09-19T02:59:50Z,2026-09-22T00:05:00Z,,yes,8,greater,7.5,,,True,2026-09-19T16:08:12+00:00
kalshi,KXPERLIGA1GAME-26SEP18ALIASO-ASO,https://kalshi.com/markets/kxperliga1game/peru-liga-1-game,https://kalshi.com/markets/kxperliga1game/peru-liga-1-game/kxperliga1game-26sep18aliaso,Asociacion Deportiva Tarma wins,Asociacion Deportiva Tarma,KXPERLIGA1GAME-26SEP18ALIASO,,KXPERLIGA1GAME,Peru Liga 1 Game,Sports,"[""Soccer""]",settled,binary,0,1,0.01,0.01,0.99,0.01,1,128032.31,127007.88,86691.85,0,2026-09-15T00:39:00Z,2026-09-19T03:07:02Z,2026-09-21T01:00:00Z,,no,Alianza Lima,structured,,,,True,2026-09-19T16:08:07+00:00
kalshi,KXETH15M-26SEP190115-15,https://kalshi.com/markets/kxeth15m/eth-15m-price-up-down,https://kalshi.com/markets/kxeth15m/eth-15m-price-up-down/kxeth15m-26sep190115,ETH price up in next 15 mins?,"Target Price: $2,618.60",KXETH15M-26SEP190115,,KXETH15M,ETH 15M price up down,Crypto,"[""ETH"", ""15 min""]",settled,binary,0,1,0.999,0.999,0.001,0.999,1,126943.2,126943.2,73299.92,0,2026-09-19T05:00:00Z,2026-09-19T05:15:00Z,2026-09-26T05:15:00Z,,yes,2624.42,greater_or_equal,2618.6,,,True,2026-09-19T16:07:56+00:00
kalshi,KXETH15M-26SEP181915-15,https://kalshi.com/markets/kxeth15m/eth-15m-price-up-down,https://kalshi.com/markets/kxeth15m/eth-15m-price-up-down/kxeth15m-26sep181915,ETH price up in next 15 mins?,"Target Price: $2,620.59",KXETH15M-26SEP181915,,KXETH15M,ETH 15M price up down,Crypto,"[""ETH"", ""15 min""]",settled,binary,0,1,0.001,0.001,0.999,0.001,1,126734.47,126734.47,50288.27,0,2026-09-18T23:00:00Z,2026-09-18T23:15:00Z,2026-09-25T23:15:00Z,,no,2619.12,greater_or_equal,2620.59,,,True,2026-09-19T16:08:25+00:00
kalshi,KXKBOGAME-26SEP190400SAMLOT-SAM,https://kalshi.com/markets/kxkbogame/kbo-game,https://kalshi.com/markets/kxkbogame/kbo-game/kxkbogame-26sep190400samlot,Samsung Lions wins,Samsung Lions,KXKBOGAME-26SEP190400SAMLOT,,KXKBOGAME,KBO Game,Sports,"[""Baseball""]",settled,binary,0,1,0.01,0.01,0.99,0.01,1,127903.29,126632.43,76265.81,0,2026-09-16T04:11:00Z,2026-09-19T11:09:53Z,2026-09-21T08:00:00Z,,no,Lotte Giants,structured,,,,True,2026-09-19T16:07:40+00:00
kalshi,KXBTCD-26SEP1908-T81399.99,https://kalshi.com/markets/kxbtcd/bitcoin-price-above-below,https://kalshi.com/markets/kxbtcd/bitcoin-price-above-below/kxbtcd-26sep1908,"Bitcoin price on Sep 19, 2026?","$81,400 or above",KXBTCD-26SEP1908,"BTC price on Sep 19, 2026 at 8am EDT?",KXBTCD,Bitcoin price Above/below,Crypto,"[""Hourly"", ""BTC""]",settled,binary,0,1,0.01,0.01,0.99,0.01,1,126596.65,126596.65,39341.41,0,2026-09-19T11:00:00Z,2026-09-19T12:00:00Z,2026-09-26T12:00:00Z,,no,81286.06,greater,81399.99,,BRTI,True,2026-09-19T16:07:39+00:00
kalshi,KXETH15M-26SEP190045-45,https://kalshi.com/markets/kxeth15m/eth-15m-price-up-down,https://kalshi.com/markets/kxeth15m/eth-15m-price-up-down/kxeth15m-26sep190045,ETH price up in next 15 mins?,"Target Price: $2,624.34",KXETH15M-26SEP190045,,KXETH15M,ETH 15M price up down,Crypto,"[""ETH"", ""15 min""]",settled,binary,0,1,0.001,0.001,0.999,0.001,1,126059.97,126059.97,68009.11,0,2026-09-19T04:30:00Z,2026-09-19T04:45:00Z,2026-09-26T04:45:00Z,,no,2614.33,greater_or_equal,2624.34,,,True,2026-09-19T16:08:00+00:00
kalshi,KXETH15M-26SEP190215-15,https://kalshi.com/markets/kxeth15m/eth-15m-price-up-down,https://kalshi.com/markets/kxeth15m/eth-15m-price-up-down/kxeth15m-26sep190215,ETH price up in next 15 mins?,"Target Price: $2,627.62",KXETH15M-26SEP190215,,KXETH15M,ETH 15M price up down,Crypto,"[""ETH"", ""15 min""]",settled,binary,0,1,0.001,0.001,0.999,0.001,1,125946.65,125946.65,39735.59,0,2026-09-19T06:00:00Z,2026-09-19T06:15:00Z,2026-09-26T06:15:00Z,,no,2624.74,greater_or_equal,2627.62,,,True,2026-09-19T16:07:53+00:00
kalshi,KXETH15M-26SEP190715-15,https://kalshi.com/markets/kxeth15m/eth-15m-price-up-down,https://kalshi.com/markets/kxeth15m/eth-15m-price-up-down/kxeth15m-26sep190715,ETH price up in next 15 mins?,"Target Price: $2,637.67",KXETH15M-26SEP190715,,KXETH15M,ETH 15M price up down,Crypto,"[""ETH"", ""15 min""]",settled,binary,0,1,0.004,0.004,0.996,0.004,1,125601.07,125601.07,27231.79,0,2026-09-19T11:00:00Z,2026-09-19T11:15:00Z,2026-09-26T11:15:00Z,,no,2637.35,greater_or_equal,2637.67,,,True,2026-09-19T16:07:40+00:00
kalshi,KXMLBTOTAL-26SEP182138MINLAA-4,https://kalshi.com/markets/kxmlbtotal/pro-baseball-total-points,https://kalshi.com/markets/kxmlbtotal/pro-baseball-total-points/kxmlbtotal-26sep182138minlaa,Over 3.5 runs scored,Over 3.5 runs scored,KXMLBTOTAL-26SEP182138MINLAA,,KXMLBTOTAL,Pro Baseball Total Points,Sports,"[""Baseball""]",settled,binary,0,1,0.01,0.01,0.99,0.01,1,125328.23,125328.23,55060.79,0,2026-09-17T19:10:00Z,2026-09-19T04:00:24Z,2026-09-22T01:38:00Z,,no,3,greater,3.5,,,True,2026-09-19T16:08:01+00:00
kalshi,KXBTCD-26SEP1906-T81499.99,https://kalshi.com/markets/kxbtcd/bitcoin-price-above-below,https://kalshi.com/markets/kxbtcd/bitcoin-price-above-below/kxbtcd-26sep1906,"Bitcoin price on Sep 19, 2026?","$81,500 or above",KXBTCD-26SEP1906,"BTC price on Sep 19, 2026 at 6am EDT?",KXBTCD,Bitcoin price Above/below,Crypto,"[""Hourly"", ""BTC""]",settled,binary,0,1,0.02,0.02,0.98,0.02,1,125040.11,125040.11,37178.62,0,2026-09-19T09:00:00Z,2026-09-19T10:00:00Z,2026-09-26T10:00:00Z,,no,81311.36,greater,81499.99,,BRTI,True,2026-09-19T16:07:44+00:00
kalshi,KXLALIGATOTAL-26SEP18ESPELC-3,https://kalshi.com/markets/kxlaligatotal/la-liga-total,https://kalshi.com/markets/kxlaligatotal/la-liga-total/kxlaligatotal-26sep18espelc,Will over 2.5 goals be scored?,Over 2.5 goals scored,KXLALIGATOTAL-26SEP18ESPELC,Espanyol vs Elche: Total Goals,KXLALIGATOTAL,La Liga Total,Sports,"[""Soccer""]",settled,binary,0,1,0.99,0.99,0.01,0.99,1,137049.21,124919.3,80342.85,0,2026-09-11T19:07:00Z,2026-09-18T20:49:49Z,2026-09-20T19:00:00Z,,yes,4,greater,2.5,,,True,2026-09-19T16:08:32+00:00
kalshi,KXETH15M-26SEP181900-00,https://kalshi.com/markets/kxeth15m/eth-15m-price-up-down,https://kalshi.com/markets/kxeth15m/eth-15m-price-up-down/kxeth15m-26sep181900,ETH price up in next 15 mins?,"Target Price: $2,619.47",KXETH15M-26SEP181900,,KXETH15M,ETH 15M price up down,Crypto,"[""ETH"", ""15 min""]",settled,binary,0,1,0.999,0.999,0.001,0.999,1,124915.46,124915.46,36824.32,0,2026-09-18T22:45:00Z,2026-09-18T23:00:00Z,2026-09-25T23:00:00Z,,yes,2620.59,greater_or_equal,2619.47,,,True,2026-09-19T16:08:26+00:00
kalshi,KXWTI15M-26SEP181630-30,https://kalshi.com/markets/kxwti15m/wti-15-minute,https://kalshi.com/markets/kxwti15m/wti-15-minute/kxwti15m-26sep181630,WTI Oil price up in next 15 mins?,Target Price: $95.36,KXWTI15M-26SEP181630,,KXWTI15M,WTI 15-minute,Commodities,"[""Oil & Gas""]",settled,binary,0,1,0.002,0.002,0.998,0.002,1,124900.46,124900.46,24407.85,0,2026-09-18T20:15:00Z,2026-09-18T20:30:00Z,2026-09-25T20:30:00Z,,no,95.31,greater_or_equal,95.36,,,True,2026-09-19T16:08:32+00:00
kalshi,KXRAIN-26SEP18-CHI,https://kalshi.com/markets/kxrain/where-will-it-rain-daily,https://kalshi.com/markets/kxrain/where-will-it-rain-daily/kxrain-26sep18,"Will it rain in Chicago on Sep 18, 2026?",Chicago,KXRAIN-26SEP18,,KXRAIN,Where will it rain daily,Climate and Weather,"[""Snow and rain""]",settled,binary,0,1,0.02,0.02,0.98,0.02,1,135951.73,124594.5,50705.31,0,2026-09-17T09:10:00Z,2026-09-19T06:00:00Z,2026-09-20T06:00:00Z,,no,0.00,greater,0,,,True,2026-09-19T16:07:54+00:00
kalshi,KXBUNDESLIGA1HTOTAL-26SEP18BMUUNI-3,https://kalshi.com/markets/kxbundesliga1htotal/1st-half-total,https://kalshi.com/markets/kxbundesliga1htotal/1st-half-total/kxbundesliga1htotal-26sep18bmuuni,Over 2.5 1H goals scored,Over 2.5 1H goals scored,KXBUNDESLIGA1HTOTAL-26SEP18BMUUNI,,KXBUNDESLIGA1HTOTAL,1st Half Total,Sports,"[""Soccer""]",settled,binary,0,1,0.99,0.99,0.01,0.99,1,129495.37,124406.75,77596.7,0,2026-09-16T19:05:00Z,2026-09-18T19:20:48Z,2026-09-20T18:30:00Z,,yes,3,greater,2.5,,,True,2026-09-19T16:08:36+00:00
kalshi,KXETH15M-26SEP181315-15,https://kalshi.com/markets/kxeth15m/eth-15m-price-up-down,https://kalshi.com/markets/kxeth15m/eth-15m-price-up-down/kxeth15m-26sep181315,ETH price up in next 15 mins?,"Target Price: $2,596.09",KXETH15M-26SEP181315,,KXETH15M,ETH 15M price up down,Crypto,"[""ETH"", ""15 min""]",settled,binary,0,1,0.001,0.001,0.999,0.001,1,123745.47,123745.47,40978.74,0,2026-09-18T17:00:00Z,2026-09-18T17:15:00Z,2026-09-25T17:15:00Z,,no,2594.43,greater_or_equal,2596.09,,,True,2026-09-19T16:08:42+00:00
kalshi,KXETH15M-26SEP190330-30,https://kalshi.com/markets/kxeth15m/eth-15m-price-up-down,https://kalshi.com/markets/kxeth15m/eth-15m-price-up-down/kxeth15m-26sep190330,ETH price up in next 15 mins?,"Target Price: $2,628.54",KXETH15M-26SEP190330,,KXETH15M,ETH 15M price up down,Crypto,"[""ETH"", ""15 min""]",settled,binary,0,1,0.001,0.001,0.999,0.001,1,123565.28,123565.28,29817.33,0,2026-09-19T07:15:00Z,2026-09-19T07:30:00Z,2026-09-26T07:30:00Z,,no,2628.17,greater_or_equal,2628.54,,,True,2026-09-19T16:07:50+00:00
kalshi,KXMLBTOTAL-26SEP182138MINLAA-8,https://kalshi.com/markets/kxmlbtotal/pro-baseball-total-points,https://kalshi.com/markets/kxmlbtotal/pro-baseball-total-points/kxmlbtotal-26sep182138minlaa,Over 7.5 runs scored,Over 7.5 runs scored,KXMLBTOTAL-26SEP182138MINLAA,,KXMLBTOTAL,Pro Baseball Total Points,Sports,"[""Baseball""]",settled,binary,0,1,0.01,0.01,0.99,0.01,1,125789.83,123523.36,61302.38,0,2026-09-17T19:10:00Z,2026-09-19T04:00:25Z,2026-09-22T01:38:00Z,,no,3,greater,7.5,,,True,2026-09-19T16:08:01+00:00
kalshi,KXJ2LEAGUETOTAL-26SEP19HCSOIT-2,https://kalshi.com/markets/kxj2leaguetotal/point-total,https://kalshi.com/markets/kxj2leaguetotal/point-total/kxj2leaguetotal-26sep19hcsoit,Will over 1.5 goals be scored?,Over 1.5 goals scored,KXJ2LEAGUETOTAL-26SEP19HCSOIT,,KXJ2LEAGUETOTAL,Point Total,Sports,"[""Soccer""]",settled,binary,0,1,0.99,0.99,0.01,0.99,1,123467.8,123467.8,51850.92,0,2026-09-18T05:06:00Z,2026-09-19T07:05:30Z,2026-09-21T05:00:00Z,,yes,2,greater,1.5,,,True,2026-09-19T16:07:50+00:00
kalshi,KXBUNDESLIGA2GAME-26SEP19KSCFCN-FCN,https://kalshi.com/markets/kxbundesliga2game/bundesliga-2-game,https://kalshi.com/markets/kxbundesliga2game/bundesliga-2-game/kxbundesliga2game-26sep19kscfcn,Nuremberg wins,Nuremberg,KXBUNDESLIGA2GAME-26SEP19KSCFCN,,KXBUNDESLIGA2GAME,Bundesliga 2 Game,Sports,"[""Soccer""]",settled,binary,0,1,0.99,0.99,0.01,0.99,1,123462.56,123462.56,28469.48,0,2026-09-15T00:36:00Z,2026-09-19T13:05:13Z,2026-09-21T11:00:00Z,,yes,Nuremberg,structured,,,,True,2026-09-19T16:07:38+00:00
kalshi,KXMLBTOTAL-26SEP181840CHCCIN-11,https://kalshi.com/markets/kxmlbtotal/pro-baseball-total-points,https://kalshi.com/markets/kxmlbtotal/pro-baseball-total-points/kxmlbtotal-26sep181840chccin,Over 10.5 runs scored,Over 10.5 runs scored,KXMLBTOTAL-26SEP181840CHCCIN,Chicago C vs Cincinnati: Total Runs,KXMLBTOTAL,Pro Baseball Total Points,Sports,"[""Baseball""]",settled,binary,0,1,0.01,0.01,0.99,0.01,1,126333.4,123383.22,60043.43,0,2026-09-18T03:20:00Z,2026-09-19T01:30:29Z,2026-09-21T22:40:00Z,,no,10,greater,10.5,,,True,2026-09-19T16:08:18+00:00
kalshi,KXETH15M-26SEP182230-30,https://kalshi.com/markets/kxeth15m/eth-15m-price-up-down,https://kalshi.com/markets/kxeth15m/eth-15m-price-up-down/kxeth15m-26sep182230,ETH price up in next 15 mins?,"Target Price: $2,615.83",KXETH15M-26SEP182230,,KXETH15M,ETH 15M price up down,Crypto,"[""ETH"", ""15 min""]",settled,binary,0,1,0.999,0.999,0.001,0.999,1,123233.26,123233.26,43123.33,0,2026-09-19T02:15:00Z,2026-09-19T02:30:00Z,2026-09-26T02:30:00Z,,yes,2617.38,greater_or_equal,2615.83,,,True,2026-09-19T16:08:13+00:00
kalshi,KXWTADOUBLES-26SEP18BARLEMSTRTIK-BARLEM,https://kalshi.com/markets/kxwtadoubles/wta-doubles-tennis-match,https://kalshi.com/markets/kxwtadoubles/wta-doubles-tennis-match/kxwtadoubles-26sep18barlemstrtik,Victoria Luiza Barros / Nauhany Vitoria Leme Da Silva wins,Victoria Luiza Barros / Nauhany Vitoria Leme Da Silva,KXWTADOUBLES-26SEP18BARLEMSTRTIK,Barros V / Leme Da Silva N vs Strakhova / Tikhonova,KXWTADOUBLES,WTA Doubles Tennis Match,Sports,"[""Tennis""]",settled,binary,0,1,0.01,0.01,0.99,0.01,1,123023.1,123023.1,98967.23,0,2026-09-17T21:35:00Z,2026-09-18T18:34:41Z,2026-10-02T18:00:00Z,,no,Valeriya Strakhova / Anastasia Tikhonova,structured,,,,True,2026-09-19T16:08:39+00:00
kalshi,KXETH15M-26SEP190130-30,https://kalshi.com/markets/kxeth15m/eth-15m-price-up-down,https://kalshi.com/markets/kxeth15m/eth-15m-price-up-down/kxeth15m-26sep190130,ETH price up in next 15 mins?,"Target Price: $2,624.42",KXETH15M-26SEP190130,,KXETH15M,ETH 15M price up down,Crypto,"[""ETH"", ""15 min""]",settled,binary,0,1,0.999,0.999,0.001,0.999,1,123019.42,123019.42,59957.25,0,2026-09-19T05:15:00Z,2026-09-19T05:30:00Z,2026-09-26T05:30:00Z,,yes,2628.72,greater_or_equal,2624.42,,,True,2026-09-19T16:07:56+00:00
kalshi,KXETH15M-26SEP190845-45,https://kalshi.com/markets/kxeth15m/eth-15m-price-up-down,https://kalshi.com/markets/kxeth15m/eth-15m-price-up-down/kxeth15m-26sep190845,ETH price up in next 15 mins?,"Target Price: $2,640.57",KXETH15M-26SEP190845,,KXETH15M,ETH 15M price up down,Crypto,"[""ETH"", ""15 min""]",settled,binary,0,1,0.001,0.001,0.999,0.001,1,122955.32,122955.32,37455.66,0,2026-09-19T12:30:00Z,2026-09-19T12:45:00Z,2026-09-26T12:45:00Z,,no,2639.11,greater_or_equal,2640.57,,,True,2026-09-19T16:07:39+00:00
kalshi,KXETH15M-26SEP181300-00,https://kalshi.com/markets/kxeth15m/eth-15m-price-up-down,https://kalshi.com/markets/kxeth15m/eth-15m-price-up-down/kxeth15m-26sep181300,ETH price up in next 15 mins?,"Target Price: $2,600.95",KXETH15M-26SEP181300,,KXETH15M,ETH 15M price up down,Crypto,"[""ETH"", ""15 min""]",settled,binary,0,1,0.001,0.001,0.999,0.001,1,122336.58,122336.58,49504.44,0,2026-09-18T16:45:00Z,2026-09-18T17:00:00Z,2026-09-25T17:00:00Z,,no,2596.09,greater_or_equal,2600.95,,,True,2026-09-19T16:08:45+00:00
kalshi,KXLOLMAP-26SEP181100MKOINAVI-4-MKOI,https://kalshi.com/markets/kxlolmap/league-of-legends-map-winner,https://kalshi.com/markets/kxlolmap/league-of-legends-map-winner/kxlolmap-26sep181100mkoinavi-4,Movistar KOI wins map 4,Movistar KOI,KXLOLMAP-26SEP181100MKOINAVI-4,,KXLOLMAP,League of Legends Map Winner,Sports,"[""Esports""]",settled,binary,0,1,0.99,0.99,0.01,0.99,1,122114.76,122114.76,61067.94,0,2026-09-18T16:59:00Z,2026-09-18T18:50:09Z,2026-09-20T15:10:00Z,,yes,Movistar KOI,structured,,,,True,2026-09-19T16:08:39+00:00
kalshi,KXNCAAF1HTOTAL-26SEP18HOUTTU-24,https://kalshi.com/markets/kxncaaf1htotal/college-football-1st-half-total,https://kalshi.com/markets/kxncaaf1htotal/college-football-1st-half-total/kxncaaf1htotal-26sep18houttu,Over 23.5 1H points scored,Over 23.5 1H points scored,KXNCAAF1HTOTAL-26SEP18HOUTTU,Houston vs Texas Tech: 1st Half Total,KXNCAAF1HTOTAL,College Football 1st Half Total,Sports,"[""Football""]",settled,binary,0,1,0.99,0.99,0.01,0.99,1,122535.49,122096.23,60173.96,0,2026-09-14T10:20:00Z,2026-09-19T01:44:30Z,2026-09-21T00:00:00Z,,yes,31,greater,23.5,,,True,2026-09-19T16:08:18+00:00
kalshi,KXWTI15M-26SEP181300-00,https://kalshi.com/markets/kxwti15m/wti-15-minute,https://kalshi.com/markets/kxwti15m/wti-15-minute/kxwti15m-26sep181300,WTI Oil price up in next 15 mins?,Target Price: $95.98,KXWTI15M-26SEP181300,,KXWTI15M,WTI 15-minute,Commodities,"[""Oil & Gas""]",settled,binary,0,1,0.999,0.999,0.001,0.999,1,122007.11,122007.11,43694.31,0,2026-09-18T16:45:00Z,2026-09-18T17:00:00Z,2026-09-25T17:00:00Z,,yes,95.99,greater_or_equal,95.98,,,True,2026-09-19T16:08:42+00:00
kalshi,KXMLBF5-26SEP181840CHCCIN-CHC,https://kalshi.com/markets/kxmlbf5/first-5-innings-winner,https://kalshi.com/markets/kxmlbf5/first-5-innings-winner/kxmlbf5-26sep181840chccin,Chicago C first 5 innings winner,Chicago C wins first 5 innings,KXMLBF5-26SEP181840CHCCIN,,KXMLBF5,First 5 Innings Winner,Sports,"[""Baseball""]",settled,binary,0,1,0.99,0.99,0.01,0.99,1,123480.17,121252.7,60956.12,0,2026-09-18T03:20:00Z,2026-09-19T00:30:27Z,2026-09-21T22:40:00Z,,yes,2101af91-b334-4db1-b859-0cc50c1e2d4a,structured,,,,True,2026-09-19T16:08:21+00:00
kalshi,KXETH15M-26SEP182130-30,https://kalshi.com/markets/kxeth15m/eth-15m-price-up-down,https://kalshi.com/markets/kxeth15m/eth-15m-price-up-down/kxeth15m-26sep182130,ETH price up in next 15 mins?,"Target Price: $2,612.91",KXETH15M-26SEP182130,,KXETH15M,ETH 15M price up down,Crypto,"[""ETH"", ""15 min""]",settled,binary,0,1,0.001,0.001,0.999,0.001,1,121192.36,121192.36,35694.35,0,2026-09-19T01:15:00Z,2026-09-19T01:30:00Z,2026-09-26T01:30:00Z,,no,2611.69,greater_or_equal,2612.91,,,True,2026-09-19T16:08:18+00:00
kalshi,KXETH15M-26SEP181215-15,https://kalshi.com/markets/kxeth15m/eth-15m-price-up-down,https://kalshi.com/markets/kxeth15m/eth-15m-price-up-down/kxeth15m-26sep181215,ETH price up in next 15 mins?,"Target Price: $2,581.72",KXETH15M-26SEP181215,,KXETH15M,ETH 15M price up down,Crypto,"[""ETH"", ""15 min""]",settled,binary,0,1,0.999,0.999,0.001,0.999,1,120727.2,120727.2,45307.53,0,2026-09-18T16:00:00Z,2026-09-18T16:15:00Z,2026-09-25T16:15:00Z,,yes,2594.33,greater_or_equal,2581.72,,,True,2026-09-19T16:08:45+00:00
kalshi,KXBUNDESLIGA2TOTAL-26SEP18WOBD98-4,https://kalshi.com/markets/kxbundesliga2total/point-total,https://kalshi.com/markets/kxbundesliga2total/point-total/kxbundesliga2total-26sep18wobd98,Will over 3.5 goals be scored?,Over 3.5 goals scored,KXBUNDESLIGA2TOTAL-26SEP18WOBD98,,KXBUNDESLIGA2TOTAL,Point Total,Sports,"[""Soccer""]",settled,binary,0,1,0.99,0.99,0.01,0.99,1,125780.62,120318.73,93696.81,0,2026-09-17T17:05:00Z,2026-09-18T18:03:18Z,2026-09-20T16:30:00Z,,yes,5,greater,3.5,,,True,2026-09-19T16:08:39+00:00
kalshi,KXETH15M-26SEP181400-00,https://kalshi.com/markets/kxeth15m/eth-15m-price-up-down,https://kalshi.com/markets/kxeth15m/eth-15m-price-up-down/kxeth15m-26sep181400,ETH price up in next 15 mins?,"Target Price: $2,593.01",KXETH15M-26SEP181400,,KXETH15M,ETH 15M price up down,Crypto,"[""ETH"", ""15 min""]",settled,binary,0,1,0.999,0.999,0.001,0.999,1,120224.01,120224.01,69195.85,0,2026-09-18T17:45:00Z,2026-09-18T18:00:00Z,2026-09-25T18:00:00Z,,yes,2607.13,greater_or_equal,2593.01,,,True,2026-09-19T16:08:41+00:00
kalshi,KXLOLMAP-26SEP181100MKOINAVI-4-NAVI,https://kalshi.com/markets/kxlolmap/league-of-legends-map-winner,https://kalshi.com/markets/kxlolmap/league-of-legends-map-winner/kxlolmap-26sep181100mkoinavi-4,Natus Vincere wins map 4,Natus Vincere,KXLOLMAP-26SEP181100MKOINAVI-4,,KXLOLMAP,League of Legends Map Winner,Sports,"[""Esports""]",settled,binary,0,1,0.01,0.01,0.99,0.01,1,120009.09,120009.09,66904.01,0,2026-09-18T16:59:00Z,2026-09-18T18:50:09Z,2026-09-20T15:10:00Z,,no,Movistar KOI,structured,,,,True,2026-09-19T16:08:39+00:00
kalshi,KXETH15M-26SEP190230-30,https://kalshi.com/markets/kxeth15m/eth-15m-price-up-down,https://kalshi.com/markets/kxeth15m/eth-15m-price-up-down/kxeth15m-26sep190230,ETH price up in next 15 mins?,"Target Price: $2,624.74",KXETH15M-26SEP190230,,KXETH15M,ETH 15M price up down,Crypto,"[""ETH"", ""15 min""]",settled,binary,0,1,0.001,0.001,0.999,0.001,1,119828.01,119828.01,47527.74,0,2026-09-19T06:15:00Z,2026-09-19T06:30:00Z,2026-09-26T06:30:00Z,,no,2623.01,greater_or_equal,2624.74,,,True,2026-09-19T16:07:53+00:00
kalshi,KXETH15M-26SEP181800-00,https://kalshi.com/markets/kxeth15m/eth-15m-price-up-down,https://kalshi.com/markets/kxeth15m/eth-15m-price-up-down/kxeth15m-26sep181800,ETH price up in next 15 mins?,"Target Price: $2,629.34",KXETH15M-26SEP181800,,KXETH15M,ETH 15M price up down,Crypto,"[""ETH"", ""15 min""]",settled,binary,0,1,0.001,0.001,0.999,0.001,1,119699.24,119699.24,42036.25,0,2026-09-18T21:45:00Z,2026-09-18T22:00:00Z,2026-09-25T22:00:00Z,,no,2625.94,greater_or_equal,2629.34,,,True,2026-09-19T16:08:29+00:00
kalshi,KXMLBTOTAL-26SEP182005TORTEX-9,https://kalshi.com/markets/kxmlbtotal/pro-baseball-total-points,https://kalshi.com/markets/kxmlbtotal/pro-baseball-total-points/kxmlbtotal-26sep182005tortex,Over 8.5 runs scored,Over 8.5 runs scored,KXMLBTOTAL-26SEP182005TORTEX,,KXMLBTOTAL,Pro Baseball Total Points,Sports,"[""Baseball""]",settled,binary,0,1,0.01,0.01,0.99,0.01,1,120622.71,119613.52,50523.68,0,2026-09-18T01:40:00Z,2026-09-19T03:04:58Z,2026-09-22T00:05:00Z,,no,8,greater,8.5,,,True,2026-09-19T16:08:08+00:00
kalshi,KXBTCD-26SEP1912-T81399.99,https://kalshi.com/markets/kxbtcd/bitcoin-price-above-below,https://kalshi.com/markets/kxbtcd/bitcoin-price-above-below/kxbtcd-26sep1912,"Bitcoin price on Sep 19, 2026?","$81,400 or above",KXBTCD-26SEP1912,"BTC price on Sep 19, 2026 at 12pm EDT?",KXBTCD,Bitcoin price Above/below,Crypto,"[""Hourly"", ""BTC""]",settled,binary,0,1,0.99,0.99,0.01,0.99,1,119304.56,119304.56,48454.18,0,2026-09-19T15:00:00Z,2026-09-19T16:00:00Z,2026-09-26T16:00:00Z,,yes,81603.44,greater,81399.99,,BRTI,True,2026-09-19T16:07:35+00:00
kalshi,KXMLBTOTAL-26SEP181910ATHCLE-9,https://kalshi.com/markets/kxmlbtotal/pro-baseball-total-points,https://kalshi.com/markets/kxmlbtotal/pro-baseball-total-points/kxmlbtotal-26sep181910athcle,Over 8.5 runs scored,Over 8.5 runs scored,KXMLBTOTAL-26SEP181910ATHCLE,,KXMLBTOTAL,Pro Baseball Total Points,Sports,"[""Baseball""]",settled,binary,0,1,0.01,0.01,0.99,0.01,1,134359.37,119304.55,78679.21,0,2026-09-17T23:00:00Z,2026-09-19T01:49:45Z,2026-09-21T23:10:00Z,,no,8,greater,8.5,,,True,2026-09-19T16:08:16+00:00
kalshi,KXBTCD-26SEP1902-T80899.99,https://kalshi.com/markets/kxbtcd/bitcoin-price-above-below,https://kalshi.com/markets/kxbtcd/bitcoin-price-above-below/kxbtcd-26sep1902,"Bitcoin price on Sep 19, 2026?","$80,900 or above",KXBTCD-26SEP1902,"BTC price on Sep 19, 2026 at 2am EDT?",KXBTCD,Bitcoin price Above/below,Crypto,"[""Hourly"", ""BTC""]",settled,binary,0,1,0.99,0.99,0.01,0.99,1,119279.73,119279.73,61675.5,0,2026-09-19T05:00:00Z,2026-09-19T06:00:00Z,2026-09-26T06:00:00Z,,yes,81012.89,greater,80899.99,,BRTI,True,2026-09-19T16:07:55+00:00
kalshi,KXXRP15M-26SEP181545-45,https://kalshi.com/markets/kxxrp15m/xrp-15-minute,https://kalshi.com/markets/kxxrp15m/xrp-15-minute/kxxrp15m-26sep181545,XRP price up in next 15 mins?,Target Price: $1.4011,KXXRP15M-26SEP181545,,KXXRP15M,XRP 15 Minute,Crypto,"[""15 min"", ""XRP""]",settled,binary,0,1,0.999,0.999,0.001,0.999,1,119202.47,119202.47,42673.61,0,2026-09-18T19:30:00Z,2026-09-18T19:45:00Z,2026-09-25T19:45:00Z,,yes,1.4067,greater_or_equal,1.4011,,,True,2026-09-19T16:08:36+00:00
kalshi,KXGOLD15M-26SEP181815-15,https://kalshi.com/markets/kxgold15m/gold-15-minute,https://kalshi.com/markets/kxgold15m/gold-15-minute/kxgold15m-26sep181815,Gold price up in next 15 mins?,"Target Price: $4,379.82",KXGOLD15M-26SEP181815,,KXGOLD15M,Gold 15-minute,Commodities,"[""Metals""]",settled,binary,0,1,0.981,0.981,0.019,0.981,1,119055.99,119055.99,52097.22,0,2026-09-18T22:00:00Z,2026-09-18T22:15:00Z,2026-09-25T22:15:00Z,,yes,4379.83,greater_or_equal,4379.82,,,True,2026-09-19T16:08:27+00:00
kalshi,KXETH15M-26SEP191130-30,https://kalshi.com/markets/kxeth15m/eth-15m-price-up-down,https://kalshi.com/markets/kxeth15m/eth-15m-price-up-down/kxeth15m-26sep191130,ETH price up in next 15 mins?,"Target Price: $2,642.09",KXETH15M-26SEP191130,,KXETH15M,ETH 15M price up down,Crypto,"[""ETH"", ""15 min""]",settled,binary,0,1,0.001,0.001,0.999,0.001,1,119054.04,119054.04,46450.18,0,2026-09-19T15:15:00Z,2026-09-19T15:30:00Z,2026-09-26T15:30:00Z,,no,2637.35,greater_or_equal,2642.09,,,True,2026-09-19T16:07:35+00:00
kalshi,KXBRASILEIROBGAME-26SEP18SBEGOI-GOI,https://kalshi.com/markets/kxbrasileirobgame/brasileiro-serie-b-game,https://kalshi.com/markets/kxbrasileirobgame/brasileiro-serie-b-game/kxbrasileirobgame-26sep18sbegoi,AC Goianiense wins,AC Goianiense,KXBRASILEIROBGAME-26SEP18SBEGOI,,KXBRASILEIROBGAME,Brasileiro Serie B Game,Sports,"[""Soccer""]",settled,binary,0,1,0.01,0.01,0.99,0.01,1,119284.1,119048.48,70919.09,0,2026-09-12T00:34:00Z,2026-09-19T02:02:21Z,2026-09-21T00:00:00Z,,no,Sao Bernardo,structured,,,,True,2026-09-19T16:08:14+00:00
kalshi,KXWTI15M-26SEP181230-30,https://kalshi.com/markets/kxwti15m/wti-15-minute,https://kalshi.com/markets/kxwti15m/wti-15-minute/kxwti15m-26sep181230,WTI Oil price up in next 15 mins?,Target Price: $96.59,KXWTI15M-26SEP181230,,KXWTI15M,WTI 15-minute,Commodities,"[""Oil & Gas""]",settled,binary,0,1,0.003,0.003,0.997,0.003,1,118982.59,118982.59,32328.71,0,2026-09-18T16:15:00Z,2026-09-18T16:30:00Z,2026-09-25T16:30:00Z,,no,96.31,greater_or_equal,96.59,,,True,2026-09-19T16:08:45+00:00
kalshi,KXLIGAMXTOTAL-26SEP18JUATIG-1,https://kalshi.com/markets/kxligamxtotal/liga-mx-total,https://kalshi.com/markets/kxligamxtotal/liga-mx-total/kxligamxtotal-26sep18juatig,Will over 0.5 goals be scored?,Over 0.5 goals scored,KXLIGAMXTOTAL-26SEP18JUATIG,Juarez vs Tigres: Total Goals,KXLIGAMXTOTAL,Liga MX Total,Sports,"[""Soccer""]",settled,binary,0,1,0.99,0.99,0.01,0.99,1,119004.61,118861.72,59903.17,0,2026-09-12T03:06:00Z,2026-09-19T04:44:45Z,2026-09-21T03:00:00Z,,yes,2,greater,0.5,,,True,2026-09-19T16:08:00+00:00
kalshi,KXETH15M-26SEP190200-00,https://kalshi.com/markets/kxeth15m/eth-15m-price-up-down,https://kalshi.com/markets/kxeth15m/eth-15m-price-up-down/kxeth15m-26sep190200,ETH price up in next 15 mins?,"Target Price: $2,626.62",KXETH15M-26SEP190200,,KXETH15M,ETH 15M price up down,Crypto,"[""ETH"", ""15 min""]",settled,binary,0,1,0.999,0.999,0.001,0.999,1,118640.86,118640.86,45068.14,0,2026-09-19T05:45:00Z,2026-09-19T06:00:00Z,2026-09-26T06:00:00Z,,yes,2627.62,greater_or_equal,2626.62,,,True,2026-09-19T16:07:55+00:00
kalshi,KXLOLMAP-26SEP181100MKOINAVI-3-MKOI,https://kalshi.com/markets/kxlolmap/league-of-legends-map-winner,https://kalshi.com/markets/kxlolmap/league-of-legends-map-winner/kxlolmap-26sep181100mkoinavi-3,Movistar KOI wins map 3,Movistar KOI,KXLOLMAP-26SEP181100MKOINAVI-3,,KXLOLMAP,League of Legends Map Winner,Sports,"[""Esports""]",settled,binary,0,1,0.99,0.99,0.01,0.99,1,119060.06,118599.62,90488.28,0,2026-09-15T00:25:00Z,2026-09-18T17:58:12Z,2026-09-20T15:00:00Z,,yes,Movistar KOI,structured,,,,True,2026-09-19T16:08:42+00:00
kalshi,KXWTI15M-26SEP181530-30,https://kalshi.com/markets/kxwti15m/wti-15-minute,https://kalshi.com/markets/kxwti15m/wti-15-minute/kxwti15m-26sep181530,WTI Oil price up in next 15 mins?,Target Price: $95.53,KXWTI15M-26SEP181530,,KXWTI15M,WTI 15-minute,Commodities,"[""Oil & Gas""]",settled,binary,0,1,0.999,0.999,0.001,0.999,1,118382.65,118382.65,35214.19,0,2026-09-18T19:15:00Z,2026-09-18T19:30:00Z,2026-09-25T19:30:00Z,,yes,95.63,greater_or_equal,95.53,,,True,2026-09-19T16:08:36+00:00
kalshi,KXMLBSPREAD-26SEP182010SEACOL-SEA2,https://kalshi.com/markets/kxmlbspread/pro-baseball-spread,https://kalshi.com/markets/kxmlbspread/pro-baseball-spread/kxmlbspread-26sep182010seacol,Seattle wins by over 1.5 runs?,Seattle wins by over 1.5 runs,KXMLBSPREAD-26SEP182010SEACOL,,KXMLBSPREAD,Pro Baseball Spread,Sports,"[""Baseball""]",settled,binary,0,1,0.01,0.01,0.99,0.01,1,132777.65,118132.04,72737.31,0,2026-09-18T08:30:00Z,2026-09-19T03:24:26Z,2026-09-22T00:10:00Z,,no,1,greater,1.5,,,True,2026-09-19T16:08:05+00:00
kalshi,KXCS2GAME-26SEP181400BHEGLS-GLS,https://kalshi.com/markets/kxcs2game/counter-strike-2-game,https://kalshi.com/markets/kxcs2game/counter-strike-2-game/kxcs2game-26sep181400bhegls,Galorys wins,Galorys,KXCS2GAME-26SEP181400BHEGLS,,KXCS2GAME,Counter-Strike 2 Game,Sports,"[""Esports""]",settled,binary,0,1,0.01,0.01,0.99,0.01,1,118127.98,118109.74,56368.02,0,2026-09-18T11:50:00Z,2026-09-18T21:59:46Z,2026-09-20T18:00:00Z,,no,Bounty Hunters Esports,structured,,,,True,2026-09-19T16:08:30+00:00
kalshi,KXPERLIGA1GAME-26SEP18ALIASO-ALI,https://kalshi.com/markets/kxperliga1game/peru-liga-1-game,https://kalshi.com/markets/kxperliga1game/peru-liga-1-game/kxperliga1game-26sep18aliaso,Alianza Lima wins,Alianza Lima,KXPERLIGA1GAME-26SEP18ALIASO,,KXPERLIGA1GAME,Peru Liga 1 Game,Sports,"[""Soccer""]",settled,binary,0,1,0.99,0.99,0.01,0.99,1,120112.89,117844.49,56516.05,0,2026-09-15T00:39:00Z,2026-09-19T03:07:02Z,2026-09-21T01:00:00Z,,yes,Alianza Lima,structured,,,,True,2026-09-19T16:08:07+00:00
kalshi,KXBTCD-26SEP1909-T81399.99,https://kalshi.com/markets/kxbtcd/bitcoin-price-above-below,https://kalshi.com/markets/kxbtcd/bitcoin-price-above-below/kxbtcd-26sep1909,"Bitcoin price on Sep 19, 2026?","$81,400 or above",KXBTCD-26SEP1909,"BTC price on Sep 19, 2026 at 9am EDT?",KXBTCD,Bitcoin price Above/below,Crypto,"[""Hourly"", ""BTC""]",settled,binary,0,1,0.01,0.01,0.99,0.01,1,117523.58,117523.58,40475,0,2026-09-19T12:00:00Z,2026-09-19T13:00:00Z,2026-09-26T13:00:00Z,,no,81307.65,greater,81399.99,,BRTI,True,2026-09-19T16:07:39+00:00
kalshi,KXBRASILEIROBGAME-26SEP18CEAGRN-TIE,https://kalshi.com/markets/kxbrasileirobgame/brasileiro-serie-b-game,https://kalshi.com/markets/kxbrasileirobgame/brasileiro-serie-b-game/kxbrasileirobgame-26sep18ceagrn,Tie is the result,Tie,KXBRASILEIROBGAME-26SEP18CEAGRN,Ceara vs Gremio Novorizontino,KXBRASILEIROBGAME,Brasileiro Serie B Game,Sports,"[""Soccer""]",settled,binary,0,1,0.01,0.01,0.99,0.01,1,117125.21,117125.21,71522.45,0,2026-09-11T00:34:00Z,2026-09-19T01:42:41Z,2026-09-20T23:30:00Z,,no,Ceara,structured,,,,True,2026-09-19T16:08:18+00:00
kalshi,KXEPLSPREAD-26SEP19TOTAVL-TOT2,https://kalshi.com/markets/kxeplspread/english-premier-league-spread,https://kalshi.com/markets/kxeplspread/english-premier-league-spread/kxeplspread-26sep19totavl,Tottenham wins by more than 1.5 goals?,Tottenham wins by more than 1.5 goals,KXEPLSPREAD-26SEP19TOTAVL,Tottenham vs Aston Villa: Spread,KXEPLSPREAD,English Premier League Spread,Sports,"[""Soccer""]",settled,binary,0,1,0.01,0.01,0.99,0.01,1,121291.42,117023.92,86198.41,0,2026-09-12T12:06:00Z,2026-09-19T13:36:02Z,2026-09-21T11:30:00Z,,no,1,greater,1.5,,,True,2026-09-19T16:07:38+00:00
kalshi,KXMLBF5TOTAL-26SEP181940DETCWS-5,https://kalshi.com/markets/kxmlbf5total/first-5-innings-total,https://kalshi.com/markets/kxmlbf5total/first-5-innings-total/kxmlbf5total-26sep181940detcws,First 5 innings: Over 4.5 runs,Over 4.5 runs in the first 5 innings,KXMLBF5TOTAL-26SEP181940DETCWS,,KXMLBF5TOTAL,First 5 Innings Total,Sports,"[""Baseball""]",settled,binary,0,1,0.99,0.99,0.01,0.99,1,119650.23,117002.48,96093.47,0,2026-09-17T23:00:00Z,2026-09-19T01:45:14Z,2026-09-21T23:40:00Z,,yes,13,greater,4.5,,,True,2026-09-19T16:08:16+00:00
kalshi,KXBUNDESLIGAGAME-26SEP19BMGM05-TIE,https://kalshi.com/markets/kxbundesligagame/bundesliga-game,https://kalshi.com/markets/kxbundesligagame/bundesliga-game/kxbundesligagame-26sep19bmgm05,Tie is the result,Tie,KXBUNDESLIGAGAME-26SEP19BMGM05,M´gladbach vs Mainz,KXBUNDESLIGAGAME,Bundesliga Game,Sports,"[""Soccer""]",settled,binary,0,1,0.01,0.01,0.99,0.01,1,116847.45,116663.79,55265.17,0,2026-09-05T00:39:00Z,2026-09-19T15:54:31Z,2026-09-21T19:30:00Z,,no,Mainz,structured,,,,True,2026-09-19T16:07:35+00:00
kalshi,KXBRASILEIROBTOTAL-26SEP18VINAMG-2,https://kalshi.com/markets/kxbrasileirobtotal/point-total,https://kalshi.com/markets/kxbrasileirobtotal/point-total/kxbrasileirobtotal-26sep18vinamg,Will over 1.5 goals be scored?,Over 1.5 goals scored,KXBRASILEIROBTOTAL-26SEP18VINAMG,,KXBRASILEIROBTOTAL,Point Total,Sports,"[""Soccer""]",settled,binary,0,1,0.01,0.01,0.99,0.01,1,116745.58,116605.22,72309.09,0,2026-09-15T23:05:00Z,2026-09-19T00:44:59Z,2026-09-20T22:30:00Z,,no,1,greater,1.5,,,True,2026-09-19T16:08:21+00:00
kalshi,KXMLBTOTAL-26SEP182140MIASD-10,https://kalshi.com/markets/kxmlbtotal/pro-baseball-total-points,https://kalshi.com/markets/kxmlbtotal/pro-baseball-total-points/kxmlbtotal-26sep182140miasd,Over 9.5 runs scored,Over 9.5 runs scored,KXMLBTOTAL-26SEP182140MIASD,Miami vs San Diego: Total Runs,KXMLBTOTAL,Pro Baseball Total Points,Sports,"[""Baseball""]",settled,binary,0,1,0.99,0.99,0.01,0.99,1,116772.94,116474.57,59795.58,0,2026-09-17T19:10:00Z,2026-09-19T04:24:31Z,2026-09-22T01:40:00Z,,yes,10,greater,9.5,,,True,2026-09-19T16:08:01+00:00
kalshi,KXBUNDESLIGA1H-26SEP18BMUUNI-BMU,https://kalshi.com/markets/kxbundesliga1h/bundesliga-first-half-winner,https://kalshi.com/markets/kxbundesliga1h/bundesliga-first-half-winner/kxbundesliga1h-26sep18bmuuni,Bayern Munich wins 1st Half,Bayern Munich wins 1st Half,KXBUNDESLIGA1H-26SEP18BMUUNI,,KXBUNDESLIGA1H,Bundesliga First Half Winner,Sports,"[""Soccer""]",settled,binary,0,1,0.99,0.99,0.01,0.99,1,146267.49,116466.47,106850.78,0,2026-09-16T19:05:00Z,2026-09-18T19:21:57Z,2026-09-20T18:30:00Z,,yes,Bayern Munich wins 1st Half,structured,,,,True,2026-09-19T16:08:36+00:00
kalshi,KXFINYLGAME-26SEP18JAPSEIF-TIE,https://kalshi.com/markets/kxfinylgame/finnish-ykkosliiga-game,https://kalshi.com/markets/kxfinylgame/finnish-ykkosliiga-game/kxfinylgame-26sep18japseif,Tie is the result,Tie,KXFINYLGAME-26SEP18JAPSEIF,,KXFINYLGAME,Finnish Ykkosliiga Game,Sports,"[""Soccer""]",settled,binary,0,1,0.01,0.01,0.99,0.01,1,130172.85,116417.67,73377.16,0,2026-09-14T00:38:00Z,2026-09-18T17:33:25Z,2026-09-20T15:30:00Z,,no,JaPS,structured,,,,True,2026-09-19T16:08:42+00:00
kalshi,KXMLBTOTAL-26SEP181905MILBAL-8,https://kalshi.com/markets/kxmlbtotal/pro-baseball-total-points,https://kalshi.com/markets/kxmlbtotal/pro-baseball-total-points/kxmlbtotal-26sep181905milbal,Over 7.5 runs scored,Over 7.5 runs scored,KXMLBTOTAL-26SEP181905MILBAL,Milwaukee vs Baltimore: Total Runs,KXMLBTOTAL,Pro Baseball Total Points,Sports,"[""Baseball""]",settled,binary,0,1,0.99,0.99,0.01,0.99,1,118321.18,116339.44,57085.93,0,2026-09-18T03:10:00Z,2026-09-19T02:30:23Z,2026-09-21T23:05:00Z,,yes,10,greater,7.5,,,True,2026-09-19T16:08:13+00:00
kalshi,KXBTCD-26SEP1822-T81599.99,https://kalshi.com/markets/kxbtcd/bitcoin-price-above-below,https://kalshi.com/markets/kxbtcd/bitcoin-price-above-below/kxbtcd-26sep1822,"Bitcoin price on Sep 18, 2026?","$81,600 or above",KXBTCD-26SEP1822,"BTC price on Sep 18, 2026 at 10pm EDT?",KXBTCD,Bitcoin price Above/below,Crypto,"[""Hourly"", ""BTC""]",settled,binary,0,1,0.01,0.01,0.99,0.01,1,116181.56,116181.56,42045.63,0,2026-09-19T01:00:00Z,2026-09-19T02:00:00Z,2026-09-26T02:00:00Z,,no,81261.34,greater,81599.99,,BRTI,True,2026-09-19T16:08:16+00:00
kalshi,KXLOLMAP-26SEP181600SENSR-3-SR,https://kalshi.com/markets/kxlolmap/league-of-legends-map-winner,https://kalshi.com/markets/kxlolmap/league-of-legends-map-winner/kxlolmap-26sep181600sensr-3,Shopify Rebellion wins map 3,Shopify Rebellion,KXLOLMAP-26SEP181600SENSR-3,,KXLOLMAP,League of Legends Map Winner,Sports,"[""Esports""]",settled,binary,0,1,0.99,0.99,0.01,0.99,1,116114.34,116114.34,57759.81,0,2026-09-15T00:25:00Z,2026-09-18T22:14:48Z,2026-09-20T20:00:00Z,,yes,Shopify Rebellion,structured,,,,True,2026-09-19T16:08:27+00:00
kalshi,KXHYPE15M-26SEP191200-00,https://kalshi.com/markets/kxhype15m/hype-15-min,https://kalshi.com/markets/kxhype15m/hype-15-min/kxhype15m-26sep191200,HYPE price up in next 15 mins?,Target Price: $92.9939,KXHYPE15M-26SEP191200,,KXHYPE15M,Hype 15 min,Crypto,"[""HYPE"", ""15 min""]",settled,binary,0,1,0.999,0.999,0.001,0.999,1,115754.81,115754.81,29032.22,0,2026-09-19T15:45:00Z,2026-09-19T16:00:00Z,2026-09-26T16:00:00Z,,yes,92.9998,greater_or_equal,92.9939,,,True,2026-09-19T16:07:34+00:00
kalshi,KXEPLTOTAL-26SEP19TOTAVL-2,https://kalshi.com/markets/kxepltotal/english-premier-league-total-goals,https://kalshi.com/markets/kxepltotal/english-premier-league-total-goals/kxepltotal-26sep19totavl,Will over 1.5 goals be scored?,Over 1.5 goals scored,KXEPLTOTAL-26SEP19TOTAVL,Tottenham vs Aston Villa: Total Goals,KXEPLTOTAL,English Premier League Total Goals,Sports,"[""Soccer""]",settled,binary,0,1,0.99,0.99,0.01,0.99,1,115941.18,115746.97,61709.71,0,2026-09-12T12:06:00Z,2026-09-19T13:16:01Z,2026-09-21T11:30:00Z,,yes,3,greater,1.5,,,True,2026-09-19T16:07:38+00:00
kalshi,KXMLBHR-26SEP181840CHCCIN-CHCPCROWARMSTRONG4-1,https://kalshi.com/markets/kxmlbhr/pro-baseball-home-runs,https://kalshi.com/markets/kxmlbhr/pro-baseball-home-runs/kxmlbhr-26sep181840chccin,Pete Crow-Armstrong: 1+ home runs?,Pete Crow-Armstrong: 1+,KXMLBHR-26SEP181840CHCCIN,,KXMLBHR,Pro Baseball Home Runs,Sports,"[""Baseball""]",settled,binary,0,1,0.01,0.01,0.99,0.01,1,134106.29,115572.48,114638.4,0,2026-09-18T05:10:00Z,2026-09-19T01:30:27Z,2026-09-21T22:40:00Z,,no,Pete Crow-Armstrong: 0 home runs,greater,0.5,,,True,2026-09-19T16:08:18+00:00
kalshi,KXETH15M-26SEP190000-00,https://kalshi.com/markets/kxeth15m/eth-15m-price-up-down,https://kalshi.com/markets/kxeth15m/eth-15m-price-up-down/kxeth15m-26sep190000,ETH price up in next 15 mins?,"Target Price: $2,621.36",KXETH15M-26SEP190000,,KXETH15M,ETH 15M price up down,Crypto,"[""ETH"", ""15 min""]",settled,binary,0,1,0.001,0.001,0.999,0.001,1,115475.57,115475.57,48266.21,0,2026-09-19T03:45:00Z,2026-09-19T04:00:00Z,2026-09-26T04:00:00Z,,no,2619.47,greater_or_equal,2621.36,,,True,2026-09-19T16:08:03+00:00
kalshi,KXMLBSPREAD-26SEP182138MINLAA-MIN3,https://kalshi.com/markets/kxmlbspread/pro-baseball-spread,https://kalshi.com/markets/kxmlbspread/pro-baseball-spread/kxmlbspread-26sep182138minlaa,Minnesota wins by over 2.5 runs?,Minnesota wins by over 2.5 runs,KXMLBSPREAD-26SEP182138MINLAA,,KXMLBSPREAD,Pro Baseball Spread,Sports,"[""Baseball""]",settled,binary,0,1,0.99,0.99,0.01,0.99,1,115123.46,115093.59,47885.75,0,2026-09-17T19:10:00Z,2026-09-19T04:00:27Z,2026-09-22T01:38:00Z,,yes,3,greater,2.5,,,True,2026-09-19T16:08:01+00:00
kalshi,KXETH15M-26SEP181515-15,https://kalshi.com/markets/kxeth15m/eth-15m-price-up-down,https://kalshi.com/markets/kxeth15m/eth-15m-price-up-down/kxeth15m-26sep181515,ETH price up in next 15 mins?,"Target Price: $2,612.98",KXETH15M-26SEP181515,,KXETH15M,ETH 15M price up down,Crypto,"[""ETH"", ""15 min""]",settled,binary,0,1,0.999,0.999,0.001,0.999,1,114369.14,114369.14,55983.86,0,2026-09-18T19:00:00Z,2026-09-18T19:15:00Z,2026-09-25T19:15:00Z,,yes,2625.09,greater_or_equal,2612.98,,,True,2026-09-19T16:08:36+00:00
kalshi,KXNCAAFSPREAD-26SEP18MIAWAKE-MIA11,https://kalshi.com/markets/kxncaafspread/college-football-spread,https://kalshi.com/markets/kxncaafspread/college-football-spread/kxncaafspread-26sep18miawake,Miami (FL) wins by over 10.5 points,Miami (FL) wins by over 10.5 points,KXNCAAFSPREAD-26SEP18MIAWAKE,Miami (FL) vs Wake Forest: Spread,KXNCAAFSPREAD,College Football Spread,Sports,"[""Football""]",settled,binary,0,1,0.99,0.99,0.01,0.99,1,115766.05,114291.65,45459.17,0,2026-09-12T01:07:00Z,2026-09-19T03:14:37Z,2026-09-20T23:30:00Z,,yes,13,greater,10.5,,,True,2026-09-19T16:08:06+00:00
kalshi,KXBTCD-26SEP1821-T80799.99,https://kalshi.com/markets/kxbtcd/bitcoin-price-above-below,https://kalshi.com/markets/kxbtcd/bitcoin-price-above-below/kxbtcd-26sep1821,"Bitcoin price on Sep 18, 2026?","$80,800 or above",KXBTCD-26SEP1821,"BTC price on Sep 18, 2026 at 9pm EDT?",KXBTCD,Bitcoin price Above/below,Crypto,"[""Hourly"", ""BTC""]",settled,binary,0,1,0.99,0.99,0.01,0.99,1,114120.58,114120.58,56163.7,0,2026-09-19T00:00:00Z,2026-09-19T01:00:00Z,2026-09-26T01:00:00Z,,yes,81620.47,greater,80799.99,,BRTI,True,2026-09-19T16:08:20+00:00
kalshi,KXNCAAF1QTOTAL-26SEP18MIAWAKE-14,https://kalshi.com/markets/kxncaaf1qtotal/college-football-1st-quarter-total,https://kalshi.com/markets/kxncaaf1qtotal/college-football-1st-quarter-total/kxncaaf1qtotal-26sep18miawake,Over 13.5 1Q points scored,Over 13.5 1Q points scored,KXNCAAF1QTOTAL-26SEP18MIAWAKE,,KXNCAAF1QTOTAL,College Football 1st Quarter Total,Sports,"[""Football""]",settled,binary,0,1,0.99,0.99,0.01,0.99,1,122625.96,114095.86,71679.91,0,2026-09-16T00:25:00Z,2026-09-19T00:11:44Z,2026-09-20T23:30:00Z,,yes,14,greater,13.5,,,True,2026-09-19T16:08:22+00:00
kalshi,KXETH15M-26SEP181245-45,https://kalshi.com/markets/kxeth15m/eth-15m-price-up-down,https://kalshi.com/markets/kxeth15m/eth-15m-price-up-down/kxeth15m-26sep181245,ETH price up in next 15 mins?,"Target Price: $2,597.54",KXETH15M-26SEP181245,,KXETH15M,ETH 15M price up down,Crypto,"[""ETH"", ""15 min""]",settled,binary,0,1,0.999,0.999,0.001,0.999,1,113780.12,113780.12,38098.71,0,2026-09-18T16:30:00Z,2026-09-18T16:45:00Z,2026-09-25T16:45:00Z,,yes,2600.95,greater_or_equal,2597.54,,,True,2026-09-19T16:08:45+00:00
kalshi,KXBTCD-26SEP1907-T81399.99,https://kalshi.com/markets/kxbtcd/bitcoin-price-above-below,https://kalshi.com/markets/kxbtcd/bitcoin-price-above-below/kxbtcd-26sep1907,"Bitcoin price on Sep 19, 2026?","$81,400 or above",KXBTCD-26SEP1907,"BTC price on Sep 19, 2026 at 7am EDT?",KXBTCD,Bitcoin price Above/below,Crypto,"[""Hourly"", ""BTC""]",settled,binary,0,1,0.01,0.01,0.99,0.01,1,113757.14,113757.14,36221.5,0,2026-09-19T10:00:00Z,2026-09-19T11:00:00Z,2026-09-26T11:00:00Z,,no,81192.74,greater,81399.99,,BRTI,True,2026-09-19T16:07:41+00:00
kalshi,KXWTASETWINNER-26SEP18ITOLAN-2-ITO,https://kalshi.com/markets/kxwtasetwinner/wta-set-winner,https://kalshi.com/markets/kxwtasetwinner/wta-set-winner/kxwtasetwinner-26sep18itolan-2,Will Aoi Ito win set 2 in the Aoi Ito vs Sofya Lansere match,Aoi Ito,KXWTASETWINNER-26SEP18ITOLAN-2,,KXWTASETWINNER,WTA Set Winner,Sports,"[""Tennis""]",settled,binary,0,1,0.99,0.99,0.01,0.99,1,113657.7,113657.7,62698.86,0,2026-09-18T10:00:00Z,2026-09-19T06:40:35Z,2026-10-03T03:00:00Z,,yes,"Ito, Aoi",structured,,,,True,2026-09-19T16:07:53+00:00
kalshi,KXCS2GAME-26SEP181100AURNRG-NRG,https://kalshi.com/markets/kxcs2game/counter-strike-2-game,https://kalshi.com/markets/kxcs2game/counter-strike-2-game/kxcs2game-26sep181100aurnrg,NRG wins,NRG,KXCS2GAME-26SEP181100AURNRG,,KXCS2GAME,Counter-Strike 2 Game,Sports,"[""Esports""]",settled,binary,0,1,0.01,0.01,0.99,0.01,1,138310.6,113580.74,90139.74,0,2026-09-17T17:50:00Z,2026-09-18T18:29:48Z,2026-09-20T15:00:00Z,,no,Aurora Gaming,structured,,,,True,2026-09-19T16:08:39+00:00
kalshi,KXWTI15M-26SEP181415-15,https://kalshi.com/markets/kxwti15m/wti-15-minute,https://kalshi.com/markets/kxwti15m/wti-15-minute/kxwti15m-26sep181415,WTI Oil price up in next 15 mins?,Target Price: $96.01,KXWTI15M-26SEP181415,,KXWTI15M,WTI 15-minute,Commodities,"[""Oil & Gas""]",settled,binary,0,1,0.001,0.001,0.999,0.001,1,113239.9,113239.9,30216.58,0,2026-09-18T18:00:00Z,2026-09-18T18:15:00Z,2026-09-25T18:15:00Z,,no,95.83,greater_or_equal,96.01,,,True,2026-09-19T16:08:39+00:00
kalshi,KXBNB15M-26SEP182030-30,https://kalshi.com/markets/kxbnb15m/bnb-15-minute,https://kalshi.com/markets/kxbnb15m/bnb-15-minute/kxbnb15m-26sep182030,BNB price up in next 15 mins?,Target Price: $761.38,KXBNB15M-26SEP182030,,KXBNB15M,BNB 15 Minute,Crypto,"[""BNB"", ""15 min""]",settled,binary,0,1,0.995,0.995,0.005,0.995,1,112896.63,112896.63,76546.21,0,2026-09-19T00:15:00Z,2026-09-19T00:30:00Z,2026-09-26T00:30:00Z,,yes,761.77,greater_or_equal,761.38,,,True,2026-09-19T16:08:22+00:00
kalshi,KXKBOGAME-26SEP190400DOOKTW-KTW,https://kalshi.com/markets/kxkbogame/kbo-game,https://kalshi.com/markets/kxkbogame/kbo-game/kxkbogame-26sep190400dooktw,KT Wiz wins,KT Wiz,KXKBOGAME-26SEP190400DOOKTW,,KXKBOGAME,KBO Game,Sports,"[""Baseball""]",settled,binary,0,1,0.99,0.99,0.01,0.99,1,112927.97,112849.61,66519.52,0,2026-09-16T04:11:00Z,2026-09-19T11:29:57Z,2026-09-21T08:00:00Z,,yes,KT Wiz,structured,,,,True,2026-09-19T16:07:40+00:00
kalshi,KXBTCD-26SEP1814-T80499.99,https://kalshi.com/markets/kxbtcd/bitcoin-price-above-below,https://kalshi.com/markets/kxbtcd/bitcoin-price-above-below/kxbtcd-26sep1814,"Bitcoin price on Sep 18, 2026?","$80,500 or above",KXBTCD-26SEP1814,"BTC price on Sep 18, 2026 at 2pm EDT?",KXBTCD,Bitcoin price Above/below,Crypto,"[""Hourly"", ""BTC""]",settled,binary,0,1,0.99,0.99,0.01,0.99,1,111574.28,111574.28,42548.03,0,2026-09-18T17:00:00Z,2026-09-18T18:00:00Z,2026-09-25T18:00:00Z,,yes,80984.20,greater,80499.99,,BRTI,True,2026-09-19T16:08:42+00:00
kalshi,KXEPLSPREAD-26SEP18BRECFC-BRE2,https://kalshi.com/markets/kxeplspread/english-premier-league-spread,https://kalshi.com/markets/kxeplspread/english-premier-league-spread/kxeplspread-26sep18brecfc,Brentford wins by more than 1.5 goals?,Brentford wins by more than 1.5 goals,KXEPLSPREAD-26SEP18BRECFC,Brentford vs Chelsea: Spread,KXEPLSPREAD,English Premier League Spread,Sports,"[""Soccer""]",settled,binary,0,1,0.99,0.99,0.01,0.99,1,127700.87,111510.81,72152.71,0,2026-09-11T19:07:00Z,2026-09-18T20:59:25Z,2026-09-20T19:00:00Z,,yes,3,greater,1.5,,,True,2026-09-19T16:08:32+00:00
kalshi,KXMLBTOTAL-26SEP182140NYYAZ-14,https://kalshi.com/markets/kxmlbtotal/pro-baseball-total-points,https://kalshi.com/markets/kxmlbtotal/pro-baseball-total-points/kxmlbtotal-26sep182140nyyaz,Over 13.5 runs scored,Over 13.5 runs scored,KXMLBTOTAL-26SEP182140NYYAZ,New York Y vs Arizona: Total Runs,KXMLBTOTAL,Pro Baseball Total Points,Sports,"[""Baseball""]",settled,binary,0,1,0.01,0.01,0.99,0.01,1,111476.95,111476.95,58251.45,0,2026-09-19T01:55:59Z,2026-09-19T04:34:34Z,2026-09-22T01:40:00Z,,no,11,greater,13.5,,,True,2026-09-19T16:08:01+00:00
kalshi,KXETH15M-26SEP181615-15,https://kalshi.com/markets/kxeth15m/eth-15m-price-up-down,https://kalshi.com/markets/kxeth15m/eth-15m-price-up-down/kxeth15m-26sep181615,ETH price up in next 15 mins?,"Target Price: $2,637.69",KXETH15M-26SEP181615,,KXETH15M,ETH 15M price up down,Crypto,"[""ETH"", ""15 min""]",settled,binary,0,1,0.001,0.001,0.999,0.001,1,111127.78,111127.78,56176.28,0,2026-09-18T20:00:00Z,2026-09-18T20:15:00Z,2026-09-25T20:15:00Z,,no,2634.36,greater_or_equal,2637.69,,,True,2026-09-19T16:08:32+00:00
kalshi,KXNCAAF1HSPREAD-26SEP18MIAWAKE-MIA11,https://kalshi.com/markets/kxncaaf1hspread/college-football-1st-half-spread,https://kalshi.com/markets/kxncaaf1hspread/college-football-1st-half-spread/kxncaaf1hspread-26sep18miawake,Miami (FL) wins 1H by over 10.5 points,Miami (FL) wins 1H by over 10.5 points,KXNCAAF1HSPREAD-26SEP18MIAWAKE,Miami (FL) vs Wake Forest: 1st Half Spread,KXNCAAF1HSPREAD,College Football 1st Half Spread,Sports,"[""Football""]",settled,binary,0,1,0.99,0.99,0.01,0.99,1,112188.61,111053.02,64881.62,0,2026-09-14T10:20:00Z,2026-09-19T01:08:08Z,2026-09-20T23:30:00Z,,yes,17,greater,10.5,,,True,2026-09-19T16:08:18+00:00
kalshi,KXITFWMATCH-26SEP18PODMAT-POD,https://kalshi.com/markets/kxitfwmatch/itf-women-s-match,https://kalshi.com/markets/kxitfwmatch/itf-women-s-match/kxitfwmatch-26sep18podmat,Veronika Podrez wins,Veronika Podrez,KXITFWMATCH-26SEP18PODMAT,,KXITFWMATCH,ITF Women's Match,Sports,"[""Tennis""]",settled,binary,0,1,0.99,0.99,0.01,0.99,1,111048.26,111011.12,74951.32,0,2026-09-18T11:31:00Z,2026-09-18T17:40:02Z,2026-10-02T16:30:00Z,,yes,Veronika Podrez,structured,,,,True,2026-09-19T16:08:42+00:00
kalshi,KXBTCD-26SEP1910-T81099.99,https://kalshi.com/markets/kxbtcd/bitcoin-price-above-below,https://kalshi.com/markets/kxbtcd/bitcoin-price-above-below/kxbtcd-26sep1910,"Bitcoin price on Sep 19, 2026?","$81,100 or above",KXBTCD-26SEP1910,"BTC price on Sep 19, 2026 at 10am EDT?",KXBTCD,Bitcoin price Above/below,Crypto,"[""Hourly"", ""BTC""]",settled,binary,0,1,0.99,0.99,0.01,0.99,1,111007.61,111007.61,41712.85,0,2026-09-19T13:00:00Z,2026-09-19T14:00:00Z,2026-09-26T14:00:00Z,,yes,81328.30,greater,81099.99,,BRTI,True,2026-09-19T16:07:37+00:00
kalshi,KXNCAAFTEAMTOTAL-26SEP18MIAWAKE-MIA42,https://kalshi.com/markets/kxncaafteamtotal/college-football-team-total-points,https://kalshi.com/markets/kxncaafteamtotal/college-football-team-total-points/kxncaafteamtotal-26sep18miawake,Miami (FL) scores over 41.5 points,Miami (FL) over 41.5 points scored,KXNCAAFTEAMTOTAL-26SEP18MIAWAKE,Miami (FL) vs Wake Forest: Team Total,KXNCAAFTEAMTOTAL,College Football Team Total Points,Sports,"[""Football""]",settled,binary,0,1,0.01,0.01,0.99,0.01,1,122739.37,110988.1,76238.4,0,2026-09-13T22:05:00Z,2026-09-19T03:12:19Z,2026-09-20T23:30:00Z,,no,"Home: 20, Away: 33",greater,41.5,,,True,2026-09-19T16:08:06+00:00
kalshi,KXWTI15M-26SEP181315-15,https://kalshi.com/markets/kxwti15m/wti-15-minute,https://kalshi.com/markets/kxwti15m/wti-15-minute/kxwti15m-26sep181315,WTI Oil price up in next 15 mins?,Target Price: $95.99,KXWTI15M-26SEP181315,,KXWTI15M,WTI 15-minute,Commodities,"[""Oil & Gas""]",settled,binary,0,1,0.001,0.001,0.999,0.001,1,110800.27,110800.27,32340.37,0,2026-09-18T17:00:00Z,2026-09-18T17:15:00Z,2026-09-25T17:15:00Z,,no,95.87,greater_or_equal,95.99,,,True,2026-09-19T16:08:42+00:00
kalshi,KXETH15M-26SEP190900-00,https://kalshi.com/markets/kxeth15m/eth-15m-price-up-down,https://kalshi.com/markets/kxeth15m/eth-15m-price-up-down/kxeth15m-26sep190900,ETH price up in next 15 mins?,"Target Price: $2,639.11",KXETH15M-26SEP190900,,KXETH15M,ETH 15M price up down,Crypto,"[""ETH"", ""15 min""]",settled,binary,0,1,0.999,0.999,0.001,0.999,1,110638.15,110638.15,28806.03,0,2026-09-19T12:45:00Z,2026-09-19T13:00:00Z,2026-09-26T13:00:00Z,,yes,2640.88,greater_or_equal,2639.11,,,True,2026-09-19T16:07:38+00:00
kalshi,KXLOLMAP-26SEP190500JDGIG-3-JDG,https://kalshi.com/markets/kxlolmap/league-of-legends-map-winner,https://kalshi.com/markets/kxlolmap/league-of-legends-map-winner/kxlolmap-26sep190500jdgig-3,JD Gaming wins map 3,JD Gaming,KXLOLMAP-26SEP190500JDGIG-3,,KXLOLMAP,League of Legends Map Winner,Sports,"[""Esports""]",settled,binary,0,1,0.99,0.99,0.01,0.99,1,110476.74,110476.74,83628.35,0,2026-09-18T13:45:00Z,2026-09-19T11:50:25Z,2026-09-21T09:00:00Z,,yes,JD Gaming,structured,,,,True,2026-09-19T16:07:40+00:00
kalshi,KXETH15M-26SEP190645-45,https://kalshi.com/markets/kxeth15m/eth-15m-price-up-down,https://kalshi.com/markets/kxeth15m/eth-15m-price-up-down/kxeth15m-26sep190645,ETH price up in next 15 mins?,"Target Price: $2,643.92",KXETH15M-26SEP190645,,KXETH15M,ETH 15M price up down,Crypto,"[""ETH"", ""15 min""]",settled,binary,0,1,0.001,0.001,0.999,0.001,1,110011.77,110011.77,35086.5,0,2026-09-19T10:30:00Z,2026-09-19T10:45:00Z,2026-09-26T10:45:00Z,,no,2642.79,greater_or_equal,2643.92,,,True,2026-09-19T16:07:41+00:00
kalshi,KXXRP15M-26SEP181815-15,https://kalshi.com/markets/kxxrp15m/xrp-15-minute,https://kalshi.com/markets/kxxrp15m/xrp-15-minute/kxxrp15m-26sep181815,XRP price up in next 15 mins?,Target Price: $1.4016,KXXRP15M-26SEP181815,,KXXRP15M,XRP 15 Minute,Crypto,"[""15 min"", ""XRP""]",settled,binary,0,1,0.999,0.999,0.001,0.999,1,109898.23,109898.23,33362.06,0,2026-09-18T22:00:00Z,2026-09-18T22:15:00Z,2026-09-25T22:15:00Z,,yes,1.4029,greater_or_equal,1.4016,,,True,2026-09-19T16:08:27+00:00
kalshi,KXNCAAF1HTOTAL-26SEP18PRSTORE-51,https://kalshi.com/markets/kxncaaf1htotal/college-football-1st-half-total,https://kalshi.com/markets/kxncaaf1htotal/college-football-1st-half-total/kxncaaf1htotal-26sep18prstore,Over 50.5 1H points scored,Over 50.5 1H points scored,KXNCAAF1HTOTAL-26SEP18PRSTORE,,KXNCAAF1HTOTAL,College Football 1st Half Total,Sports,"[""Football""]",settled,binary,0,1,0.01,0.01,0.99,0.01,1,109697.02,109697.02,37769.91,0,2026-09-15T11:20:00Z,2026-09-19T04:04:18Z,2026-09-21T02:30:00Z,,no,49,greater,50.5,,,True,2026-09-19T16:08:01+00:00
kalshi,KXEPL1HTOTAL-26SEP18BRECFC-2,https://kalshi.com/markets/kxepl1htotal/epl-1st-half-total,https://kalshi.com/markets/kxepl1htotal/epl-1st-half-total/kxepl1htotal-26sep18brecfc,Over 1.5 1H goals scored,Over 1.5 1H goals scored,KXEPL1HTOTAL-26SEP18BRECFC,,KXEPL1HTOTAL,EPL 1st Half Total,Sports,"[""Soccer""]",settled,binary,0,1,0.01,0.01,0.99,0.01,1,125880.32,109457.98,82119.43,0,2026-09-16T19:06:00Z,2026-09-18T19:50:34Z,2026-09-20T19:00:00Z,,no,0,greater,1.5,,,True,2026-09-19T16:08:36+00:00
kalshi,KXBTCD-26SEP1900-T80999.99,https://kalshi.com/markets/kxbtcd/bitcoin-price-above-below,https://kalshi.com/markets/kxbtcd/bitcoin-price-above-below/kxbtcd-26sep1900,"Bitcoin price on Sep 19, 2026?","$81,000 or above",KXBTCD-26SEP1900,"BTC price on Sep 19, 2026 at 12am EDT?",KXBTCD,Bitcoin price Above/below,Crypto,"[""Hourly"", ""BTC""]",settled,binary,0,1,0.99,0.99,0.01,0.99,1,109368.16,109368.16,58922.42,0,2026-09-19T03:00:00Z,2026-09-19T04:00:00Z,2026-09-26T04:00:00Z,,yes,81105.69,greater,80999.99,,BRTI,True,2026-09-19T16:08:03+00:00
kalshi,KXINXU-26SEP18H1600-T7634.9999,https://kalshi.com/markets/kxinxu/s-p-500-above-below,https://kalshi.com/markets/kxinxu/s-p-500-above-below/kxinxu-26sep18h1600,"Will the S&P 500 be above 7634.9999 on Sep 18, 2026 at 4pm EDT?","7,635 or above",KXINXU-26SEP18H1600,,KXINXU,S&P 500 above/below,Financials,"[""Markets"", ""Indices""]",settled,binary,0,1,0.99,0.99,0.01,0.99,1,114730.07,109306.43,81861.63,0,2026-09-17T20:00:00Z,2026-09-18T20:00:00Z,2026-09-25T23:00:00Z,,yes,7650.1200,greater_or_equal,7635,,,True,2026-09-19T16:08:34+00:00
kalshi,KXETH15M-26SEP181830-30,https://kalshi.com/markets/kxeth15m/eth-15m-price-up-down,https://kalshi.com/markets/kxeth15m/eth-15m-price-up-down/kxeth15m-26sep181830,ETH price up in next 15 mins?,"Target Price: $2,629.35",KXETH15M-26SEP181830,,KXETH15M,ETH 15M price up down,Crypto,"[""ETH"", ""15 min""]",settled,binary,0,1,0.999,0.999,0.001,0.999,1,108710.43,108710.43,35356.96,0,2026-09-18T22:15:00Z,2026-09-18T22:30:00Z,2026-09-25T22:30:00Z,,yes,2631.36,greater_or_equal,2629.35,,,True,2026-09-19T16:08:27+00:00
kalshi,KXNCAAFSPREAD-26SEP18PRSTORE-ORE61,https://kalshi.com/markets/kxncaafspread/college-football-spread,https://kalshi.com/markets/kxncaafspread/college-football-spread/kxncaafspread-26sep18prstore,Oregon wins by over 60.5 points,Oregon wins by over 60.5 points,KXNCAAFSPREAD-26SEP18PRSTORE,Portland St. vs Oregon: Spread,KXNCAAFSPREAD,College Football Spread,Sports,"[""Football""]",settled,binary,0,1,0.99,0.99,0.01,0.99,1,110556.55,108692.17,56478.64,0,2026-09-14T16:05:00Z,2026-09-19T05:54:38Z,2026-09-21T02:30:00Z,,yes,84,greater,60.5,,,True,2026-09-19T16:07:55+00:00
kalshi,KXNCAAFSPREAD-26SEP18MIAWAKE-MIA8,https://kalshi.com/markets/kxncaafspread/college-football-spread,https://kalshi.com/markets/kxncaafspread/college-football-spread/kxncaafspread-26sep18miawake,Miami (FL) wins by over 7.5 points,Miami (FL) wins by over 7.5 points,KXNCAAFSPREAD-26SEP18MIAWAKE,Miami (FL) vs Wake Forest: Spread,KXNCAAFSPREAD,College Football Spread,Sports,"[""Football""]",settled,binary,0,1,0.99,0.99,0.01,0.99,1,110929.78,108460.07,68228.51,0,2026-09-12T01:07:00Z,2026-09-19T03:14:37Z,2026-09-20T23:30:00Z,,yes,13,greater,7.5,,,True,2026-09-19T16:08:06+00:00
kalshi,KXMLBRFI-26SEP182140MIASD,https://kalshi.com/markets/kxmlbrfi/pro-baseball-run-in-first-inning,https://kalshi.com/markets/kxmlbrfi/pro-baseball-run-in-first-inning/kxmlbrfi-26sep182140miasd,1st inning: Over 0.5 runs,Over 0.5 runs in the 1st inning,KXMLBRFI-26SEP182140MIASD,,KXMLBRFI,Pro Baseball Run in First Inning,Sports,"[""Baseball""]",settled,binary,0,1,0.01,0.01,0.99,0.01,1,111771.24,108360.85,75999.91,0,2026-09-16T02:10:00Z,2026-09-19T01:59:54Z,2026-09-22T01:40:00Z,,no,No,greater_or_equal,1,,,True,2026-09-19T16:08:16+00:00
kalshi,KXETH15M-26SEP181815-15,https://kalshi.com/markets/kxeth15m/eth-15m-price-up-down,https://kalshi.com/markets/kxeth15m/eth-15m-price-up-down/kxeth15m-26sep181815,ETH price up in next 15 mins?,"Target Price: $2,625.94",KXETH15M-26SEP181815,,KXETH15M,ETH 15M price up down,Crypto,"[""ETH"", ""15 min""]",settled,binary,0,1,0.999,0.999,0.001,0.999,1,108202.91,108202.91,45039.25,0,2026-09-18T22:00:00Z,2026-09-18T22:15:00Z,2026-09-25T22:15:00Z,,yes,2629.35,greater_or_equal,2625.94,,,True,2026-09-19T16:08:27+00:00
kalshi,KXSOL15M-26SEP181600-00,https://kalshi.com/markets/kxsol15m/solana-15-minutes,https://kalshi.com/markets/kxsol15m/solana-15-minutes/kxsol15m-26sep181600,SOL price up in next 15 mins?,Target Price: $114.0312,KXSOL15M-26SEP181600,,KXSOL15M,Solana 15 minutes,Crypto,"[""15 min"", ""SOL""]",settled,binary,0,1,0.999,0.999,0.001,0.999,1,108173.49,108173.49,24676.84,0,2026-09-18T19:45:00Z,2026-09-18T20:00:00Z,2026-09-25T20:00:00Z,,yes,114.1098,greater_or_equal,114.0312,,,True,2026-09-19T16:08:33+00:00
kalshi,KXMLBTOTAL-26SEP182138MINLAA-9,https://kalshi.com/markets/kxmlbtotal/pro-baseball-total-points,https://kalshi.com/markets/kxmlbtotal/pro-baseball-total-points/kxmlbtotal-26sep182138minlaa,Over 8.5 runs scored,Over 8.5 runs scored,KXMLBTOTAL-26SEP182138MINLAA,,KXMLBTOTAL,Pro Baseball Total Points,Sports,"[""Baseball""]",settled,binary,0,1,0.01,0.01,0.99,0.01,1,118096.68,108062.28,62396.84,0,2026-09-17T19:10:00Z,2026-09-19T04:00:26Z,2026-09-22T01:38:00Z,,no,3,greater,8.5,,,True,2026-09-19T16:08:01+00:00
kalshi,KXLIGUE1TOTAL-26SEP18ASMRCL-3,https://kalshi.com/markets/kxligue1total/ligue-1-total,https://kalshi.com/markets/kxligue1total/ligue-1-total/kxligue1total-26sep18asmrcl,Will over 2.5 goals be scored?,Over 2.5 goals scored,KXLIGUE1TOTAL-26SEP18ASMRCL,,KXLIGUE1TOTAL,Ligue 1 Total,Sports,"[""Soccer""]",settled,binary,0,1,0.99,0.99,0.01,0.99,1,114015.09,107593.78,55630.48,0,2026-09-11T19:07:00Z,2026-09-18T20:49:50Z,2026-09-20T18:45:00Z,,yes,3,greater,2.5,,,True,2026-09-19T16:08:32+00:00
kalshi,KXBRASILEIROBGAME-26SEP18SBEGOI-SBE,https://kalshi.com/markets/kxbrasileirobgame/brasileiro-serie-b-game,https://kalshi.com/markets/kxbrasileirobgame/brasileiro-serie-b-game/kxbrasileirobgame-26sep18sbegoi,Sao Bernardo wins,Sao Bernardo,KXBRASILEIROBGAME-26SEP18SBEGOI,,KXBRASILEIROBGAME,Brasileiro Serie B Game,Sports,"[""Soccer""]",settled,binary,0,1,0.99,0.99,0.01,0.99,1,107748.85,107589.53,52851.92,0,2026-09-12T00:34:00Z,2026-09-19T02:02:21Z,2026-09-21T00:00:00Z,,yes,Sao Bernardo,structured,,,,True,2026-09-19T16:08:14+00:00
kalshi,KXWTI15M-26SEP181245-45,https://kalshi.com/markets/kxwti15m/wti-15-minute,https://kalshi.com/markets/kxwti15m/wti-15-minute/kxwti15m-26sep181245,WTI Oil price up in next 15 mins?,Target Price: $96.31,KXWTI15M-26SEP181245,,KXWTI15M,WTI 15-minute,Commodities,"[""Oil & Gas""]",settled,binary,0,1,0.001,0.001,0.999,0.001,1,107464.04,107464.04,69126.84,0,2026-09-18T16:30:00Z,2026-09-18T16:45:00Z,2026-09-25T16:45:00Z,,no,95.98,greater_or_equal,96.31,,,True,2026-09-19T16:08:45+00:00
kalshi,KXDAVISCUPMATCH-26SEP18VANMAR-VAN,https://kalshi.com/markets/kxdaviscupmatch/davis-cup-match,https://kalshi.com/markets/kxdaviscupmatch/davis-cup-match/kxdaviscupmatch-26sep18vanmar,Louis van Herck wins,Louis van Herck,KXDAVISCUPMATCH-26SEP18VANMAR,,KXDAVISCUPMATCH,Davis Cup Match,Sports,"[""Tennis""]",settled,binary,0,1,0.01,0.01,0.99,0.01,1,108036.57,107462.54,64653.65,0,2026-09-17T16:15:00Z,2026-09-18T17:40:12Z,2026-10-02T16:00:00Z,,no,Fabian Marozsan,structured,,,,True,2026-09-19T16:08:42+00:00
kalshi,KXBUNDESLIGA2TOTAL-26SEP18SGFFCM-4,https://kalshi.com/markets/kxbundesliga2total/point-total,https://kalshi.com/markets/kxbundesliga2total/point-total/kxbundesliga2total-26sep18sgffcm,Will over 3.5 goals be scored?,Over 3.5 goals scored,KXBUNDESLIGA2TOTAL-26SEP18SGFFCM,,KXBUNDESLIGA2TOTAL,Point Total,Sports,"[""Soccer""]",settled,binary,0,1,0.01,0.01,0.99,0.01,1,123499.13,107312.99,66214.88,0,2026-09-17T17:05:00Z,2026-09-18T18:25:35Z,2026-09-20T16:30:00Z,,no,2,greater,3.5,,,True,2026-09-19T16:08:39+00:00
kalshi,KXRAIN-26SEP18-MKE,https://kalshi.com/markets/kxrain/where-will-it-rain-daily,https://kalshi.com/markets/kxrain/where-will-it-rain-daily/kxrain-26sep18,"Will it rain in Milwaukee on Sep 18, 2026?",Milwaukee,KXRAIN-26SEP18,,KXRAIN,Where will it rain daily,Climate and Weather,"[""Snow and rain""]",settled,binary,0,1,0.99,0.99,0.01,0.99,1,121050.56,106941.76,24817.66,0,2026-09-17T09:10:00Z,2026-09-19T06:00:00Z,2026-09-20T06:00:00Z,,yes,0.03,greater,0,,,True,2026-09-19T16:07:54+00:00
kalshi,KXBTCD-26SEP1815-T80699.99,https://kalshi.com/markets/kxbtcd/bitcoin-price-above-below,https://kalshi.com/markets/kxbtcd/bitcoin-price-above-below/kxbtcd-26sep1815,"Bitcoin price on Sep 18, 2026?","$80,700 or above",KXBTCD-26SEP1815,"BTC price on Sep 18, 2026 at 3pm EDT?",KXBTCD,Bitcoin price Above/below,Crypto,"[""Hourly"", ""BTC""]",settled,binary,0,1,0.99,0.99,0.01,0.99,1,105876.58,105876.58,30979.01,0,2026-09-18T18:00:00Z,2026-09-18T19:00:00Z,2026-09-25T19:00:00Z,,yes,80933.92,greater,80699.99,,BRTI,True,2026-09-19T16:08:38+00:00
kalshi,KXLOLMAP-26SEP181600SENSR-4-SEN,https://kalshi.com/markets/kxlolmap/league-of-legends-map-winner,https://kalshi.com/markets/kxlolmap/league-of-legends-map-winner/kxlolmap-26sep181600sensr-4,Sentinels wins map 4,Sentinels,KXLOLMAP-26SEP181600SENSR-4,,KXLOLMAP,League of Legends Map Winner,Sports,"[""Esports""]",settled,binary,0,1,0.01,0.01,0.99,0.01,1,105778.21,105778.21,36420.69,0,2026-09-18T22:21:00Z,2026-09-18T23:04:46Z,2026-09-20T20:00:00Z,,no,Shopify Rebellion,structured,,,,True,2026-09-19T16:08:25+00:00
kalshi,KXETH15M-26SEP191200-00,https://kalshi.com/markets/kxeth15m/eth-15m-price-up-down,https://kalshi.com/markets/kxeth15m/eth-15m-price-up-down/kxeth15m-26sep191200,ETH price up in next 15 mins?,"Target Price: $2,647.69",KXETH15M-26SEP191200,,KXETH15M,ETH 15M price up down,Crypto,"[""ETH"", ""15 min""]",settled,binary,0,1,0.001,0.001,0.999,0.001,1,105553.02,105553.02,44272.83,0,2026-09-19T15:45:00Z,2026-09-19T16:00:00Z,2026-09-26T16:00:00Z,,no,2640.33,greater_or_equal,2647.69,,,True,2026-09-19T16:07:35+00:00
kalshi,KXETH15M-26SEP190315-15,https://kalshi.com/markets/kxeth15m/eth-15m-price-up-down,https://kalshi.com/markets/kxeth15m/eth-15m-price-up-down/kxeth15m-26sep190315,ETH price up in next 15 mins?,"Target Price: $2,626.37",KXETH15M-26SEP190315,,KXETH15M,ETH 15M price up down,Crypto,"[""ETH"", ""15 min""]",settled,binary,0,1,0.999,0.999,0.001,0.999,1,105117.31,105117.31,30375.5,0,2026-09-19T07:00:00Z,2026-09-19T07:15:00Z,2026-09-26T07:15:00Z,,yes,2628.54,greater_or_equal,2626.37,,,True,2026-09-19T16:07:50+00:00
kalshi,KXMLSBTTS-26SEP18NYCNYRB-BTTS,https://kalshi.com/markets/kxmlsbtts/mls-btts,https://kalshi.com/markets/kxmlsbtts/mls-btts/kxmlsbtts-26sep18nycnyrb,Both Teams To Score,Both Teams To Score,KXMLSBTTS-26SEP18NYCNYRB,,KXMLSBTTS,MLS BTTS,Sports,"[""Soccer""]",settled,binary,0,1,0.01,0.01,0.99,0.01,1,105513.95,104670.55,67547.85,0,2026-09-12T00:07:00Z,2026-09-19T01:44:37Z,2026-09-20T23:30:00Z,,no,NO,,,,,True,2026-09-19T16:08:17+00:00
kalshi,KXWTI15M-26SEP181545-45,https://kalshi.com/markets/kxwti15m/wti-15-minute,https://kalshi.com/markets/kxwti15m/wti-15-minute/kxwti15m-26sep181545,WTI Oil price up in next 15 mins?,Target Price: $95.63,KXWTI15M-26SEP181545,,KXWTI15M,WTI 15-minute,Commodities,"[""Oil & Gas""]",settled,binary,0,1,0.002,0.002,0.998,0.002,1,104606.18,104606.18,25049.32,0,2026-09-18T19:30:00Z,2026-09-18T19:45:00Z,2026-09-25T19:45:00Z,,no,95.59,greater_or_equal,95.63,,,True,2026-09-19T16:08:36+00:00
kalshi,KXSILVER15M-26SEP181300-00,https://kalshi.com/markets/kxsilver15m/silver-15-minute,https://kalshi.com/markets/kxsilver15m/silver-15-minute/kxsilver15m-26sep181300,Silver price up in next 15 mins?,Target Price: $66.615,KXSILVER15M-26SEP181300,,KXSILVER15M,Silver 15-minute,Commodities,"[""Metals""]",settled,binary,0,1,0.001,0.001,0.999,0.001,1,104603.27,104603.27,24231.73,0,2026-09-18T16:45:00Z,2026-09-18T17:00:00Z,2026-09-25T17:00:00Z,,no,66.602,greater_or_equal,66.615,,,True,2026-09-19T16:08:43+00:00
kalshi,KXETH15M-26SEP182330-30,https://kalshi.com/markets/kxeth15m/eth-15m-price-up-down,https://kalshi.com/markets/kxeth15m/eth-15m-price-up-down/kxeth15m-26sep182330,ETH price up in next 15 mins?,"Target Price: $2,625.25",KXETH15M-26SEP182330,,KXETH15M,ETH 15M price up down,Crypto,"[""ETH"", ""15 min""]",settled,binary,0,1,0.001,0.001,0.999,0.001,1,104523.44,104523.44,43346.58,0,2026-09-19T03:15:00Z,2026-09-19T03:30:00Z,2026-09-26T03:30:00Z,,no,2620.84,greater_or_equal,2625.25,,,True,2026-09-19T16:08:05+00:00
kalshi,KXSOL15M-26SEP182200-00,https://kalshi.com/markets/kxsol15m/solana-15-minutes,https://kalshi.com/markets/kxsol15m/solana-15-minutes/kxsol15m-26sep182200,SOL price up in next 15 mins?,Target Price: $113.3825,KXSOL15M-26SEP182200,,KXSOL15M,Solana 15 minutes,Crypto,"[""15 min"", ""SOL""]",settled,binary,0,1,0.999,0.999,0.001,0.999,1,104379.81,104379.81,30397.59,0,2026-09-19T01:45:00Z,2026-09-19T02:00:00Z,2026-09-26T02:00:00Z,,yes,113.4058,greater_or_equal,113.3825,,,True,2026-09-19T16:08:15+00:00
kalshi,KXETH15M-26SEP182115-15,https://kalshi.com/markets/kxeth15m/eth-15m-price-up-down,https://kalshi.com/markets/kxeth15m/eth-15m-price-up-down/kxeth15m-26sep182115,ETH price up in next 15 mins?,"Target Price: $2,625.20",KXETH15M-26SEP182115,,KXETH15M,ETH 15M price up down,Crypto,"[""ETH"", ""15 min""]",settled,binary,0,1,0.001,0.001,0.999,0.001,1,104165.74,104165.74,61009.61,0,2026-09-19T01:00:00Z,2026-09-19T01:15:00Z,2026-09-26T01:15:00Z,,no,2612.91,greater_or_equal,2625.2,,,True,2026-09-19T16:08:18+00:00
kalshi,KXBTCD-26SEP1912-T81999.99,https://kalshi.com/markets/kxbtcd/bitcoin-price-above-below,https://kalshi.com/markets/kxbtcd/bitcoin-price-above-below/kxbtcd-26sep1912,"Bitcoin price on Sep 19, 2026?","$82,000 or above",KXBTCD-26SEP1912,"BTC price on Sep 19, 2026 at 12pm EDT?",KXBTCD,Bitcoin price Above/below,Crypto,"[""Hourly"", ""BTC""]",settled,binary,0,1,0.01,0.01,0.99,0.01,1,103991.1,103991.1,33399.93,0,2026-09-19T15:00:00Z,2026-09-19T16:00:00Z,2026-09-26T16:00:00Z,,no,81603.44,greater,81999.99,,BRTI,True,2026-09-19T16:07:35+00:00
kalshi,KXITFMATCH-26SEP18CHUFER-CHU,https://kalshi.com/markets/kxitfmatch/itf-men-s-match,https://kalshi.com/markets/kxitfmatch/itf-men-s-match/kxitfmatch-26sep18chufer,Yun Seong Chung wins,Yun Seong Chung,KXITFMATCH-26SEP18CHUFER,Chung vs Ferguson,KXITFMATCH,ITF Men's Match,Sports,"[""Tennis""]",settled,binary,0,1,0.99,0.99,0.01,0.99,1,103990.62,103984.64,47516.78,0,2026-09-18T10:11:00Z,2026-09-19T03:14:56Z,2026-10-03T02:00:00Z,,yes,Yun Seong Chung,structured,,,,True,2026-09-19T16:08:06+00:00
kalshi,KXCS2GAME-26SEP181400BHEGLS-BHE,https://kalshi.com/markets/kxcs2game/counter-strike-2-game,https://kalshi.com/markets/kxcs2game/counter-strike-2-game/kxcs2game-26sep181400bhegls,Bounty Hunters Esports wins,Bounty Hunters Esports,KXCS2GAME-26SEP181400BHEGLS,,KXCS2GAME,Counter-Strike 2 Game,Sports,"[""Esports""]",settled,binary,0,1,0.99,0.99,0.01,0.99,1,103833.71,103833.71,54102.67,0,2026-09-18T11:50:00Z,2026-09-18T21:59:46Z,2026-09-20T18:00:00Z,,yes,Bounty Hunters Esports,structured,,,,True,2026-09-19T16:08:30+00:00
kalshi,KXETH15M-26SEP191000-00,https://kalshi.com/markets/kxeth15m/eth-15m-price-up-down,https://kalshi.com/markets/kxeth15m/eth-15m-price-up-down/kxeth15m-26sep191000,ETH price up in next 15 mins?,"Target Price: $2,634.70",KXETH15M-26SEP191000,,KXETH15M,ETH 15M price up down,Crypto,"[""ETH"", ""15 min""]",settled,binary,0,1,0.999,0.999,0.001,0.999,1,103700.57,103700.57,48453.49,0,2026-09-19T13:45:00Z,2026-09-19T14:00:00Z,2026-09-26T14:00:00Z,,yes,2638.04,greater_or_equal,2634.7,,,True,2026-09-19T16:07:37+00:00
kalshi,KXETH15M-26SEP181430-30,https://kalshi.com/markets/kxeth15m/eth-15m-price-up-down,https://kalshi.com/markets/kxeth15m/eth-15m-price-up-down/kxeth15m-26sep181430,ETH price up in next 15 mins?,"Target Price: $2,603.72",KXETH15M-26SEP181430,,KXETH15M,ETH 15M price up down,Crypto,"[""ETH"", ""15 min""]",settled,binary,0,1,0.999,0.999,0.001,0.999,1,103574.54,103574.54,37354.39,0,2026-09-18T18:15:00Z,2026-09-18T18:30:00Z,2026-09-25T18:30:00Z,,yes,2608.38,greater_or_equal,2603.72,,,True,2026-09-19T16:08:39+00:00
kalshi,KXWTASETWINNER-26SEP18KOSQUE-2-QUE,https://kalshi.com/markets/kxwtasetwinner/wta-set-winner,https://kalshi.com/markets/kxwtasetwinner/wta-set-winner/kxwtasetwinner-26sep18kosque-2,Will Kaitlin Quevedo win set 2 in the Teodora Kostovic vs Kaitlin Quevedo match,Kaitlin Quevedo,KXWTASETWINNER-26SEP18KOSQUE-2,,KXWTASETWINNER,WTA Set Winner,Sports,"[""Tennis""]",settled,binary,0,1,0.99,0.99,0.01,0.99,1,103567.78,103567.78,80003.86,0,2026-09-17T17:50:00Z,2026-09-18T17:59:01Z,2026-10-02T16:00:00Z,,yes,"Quevedo, Kaitlin",structured,,,,True,2026-09-19T16:08:42+00:00
kalshi,KXWTAMATCH-26SEP18FRIKRA-FRI,https://kalshi.com/markets/kxwtamatch/wta-tennis-match,https://kalshi.com/markets/kxwtamatch/wta-tennis-match/kxwtamatch-26sep18frikra,Anna-Lena Friedsam wins,Anna-Lena Friedsam,KXWTAMATCH-26SEP18FRIKRA,Friedsam vs Krawczyk,KXWTAMATCH,WTA Tennis Match,Sports,"[""Tennis""]",settled,binary,0,1,0.99,0.99,0.01,0.99,1,103555.94,103555.6,71565.38,0,2026-09-18T09:45:00Z,2026-09-19T04:35:00Z,2026-10-03T03:00:00Z,,yes,Anna-Lena Friedsam,structured,,,,True,2026-09-19T16:08:00+00:00
kalshi,KXETH15M-26SEP191145-45,https://kalshi.com/markets/kxeth15m/eth-15m-price-up-down,https://kalshi.com/markets/kxeth15m/eth-15m-price-up-down/kxeth15m-26sep191145,ETH price up in next 15 mins?,"Target Price: $2,637.35",KXETH15M-26SEP191145,,KXETH15M,ETH 15M price up down,Crypto,"[""ETH"", ""15 min""]",settled,binary,0,1,0.999,0.999,0.001,0.999,1,103399.73,103399.73,54669.02,0,2026-09-19T15:30:00Z,2026-09-19T15:45:00Z,2026-09-26T15:45:00Z,,yes,2647.69,greater_or_equal,2637.35,,,True,2026-09-19T16:07:35+00:00
kalshi,KXLIGUE1TOTAL-26SEP18ASMRCL-4,https://kalshi.com/markets/kxligue1total/ligue-1-total,https://kalshi.com/markets/kxligue1total/ligue-1-total/kxligue1total-26sep18asmrcl,Will over 3.5 goals be scored?,Over 3.5 goals scored,KXLIGUE1TOTAL-26SEP18ASMRCL,,KXLIGUE1TOTAL,Ligue 1 Total,Sports,"[""Soccer""]",settled,binary,0,1,0.01,0.01,0.99,0.01,1,106578.57,103137.96,58767.73,0,2026-09-11T19:07:00Z,2026-09-18T20:49:50Z,2026-09-20T18:45:00Z,,no,3,greater,3.5,,,True,2026-09-19T16:08:32+00:00
kalshi,KXEKSTRAKLASAGAME-26SEP18WLOWIE-WIE,https://kalshi.com/markets/kxekstraklasagame/polish-ekstraklasa-game,https://kalshi.com/markets/kxekstraklasagame/polish-ekstraklasa-game/kxekstraklasagame-26sep18wlowie,Wieczysta Krakow wins,Wieczysta Krakow,KXEKSTRAKLASAGAME-26SEP18WLOWIE,,KXEKSTRAKLASAGAME,Polish Ekstraklasa Game,Sports,"[""Soccer""]",settled,binary,0,1,0.01,0.01,0.99,0.01,1,103670.45,102886.65,46170.7,0,2026-09-14T00:35:00Z,2026-09-18T18:36:58Z,2026-09-20T16:00:00Z,,no,Tie,structured,,,,True,2026-09-19T16:08:39+00:00
kalshi,KXWTASETWINNER-26SEP18STOBAD-2-BAD,https://kalshi.com/markets/kxwtasetwinner/wta-set-winner,https://kalshi.com/markets/kxwtasetwinner/wta-set-winner/kxwtasetwinner-26sep18stobad-2,Will Paula Badosa win set 2 in the Mary Stoiana vs Paula Badosa match,Paula Badosa,KXWTASETWINNER-26SEP18STOBAD-2,,KXWTASETWINNER,WTA Set Winner,Sports,"[""Tennis""]",settled,binary,0,1,0.99,0.99,0.01,0.99,1,102867.31,102867.31,65187.42,0,2026-09-17T20:30:00Z,2026-09-18T22:15:51Z,2026-10-02T16:00:00Z,,yes,"Badosa, Paula",structured,,,,True,2026-09-19T16:08:27+00:00
kalshi,KXWNBATOTAL-26SEP18NYMIN-176,https://kalshi.com/markets/kxwnbatotal/women-s-pro-basketball-total,https://kalshi.com/markets/kxwnbatotal/women-s-pro-basketball-total/kxwnbatotal-26sep18nymin,Over 175.5 points scored,Over 175.5 points scored,KXWNBATOTAL-26SEP18NYMIN,,KXWNBATOTAL,Women's Pro Basketball Total,Sports,"[""Basketball""]",settled,binary,0,1,0.01,0.01,0.99,0.01,1,107410.3,102786.39,68062.62,0,2026-09-15T23:40:00Z,2026-09-19T02:00:19Z,2026-09-20T23:30:00Z,,no,174,greater,175.5,,,True,2026-09-19T16:08:15+00:00
kalshi,KXBTCD-26SEP1813-T80599.99,https://kalshi.com/markets/kxbtcd/bitcoin-price-above-below,https://kalshi.com/markets/kxbtcd/bitcoin-price-above-below/kxbtcd-26sep1813,"Bitcoin price on Sep 18, 2026?","$80,600 or above",KXBTCD-26SEP1813,"BTC price on Sep 18, 2026 at 1pm EDT?",KXBTCD,Bitcoin price Above/below,Crypto,"[""Hourly"", ""BTC""]",settled,binary,0,1,0.99,0.99,0.01,0.99,1,102763.53,102763.53,36491.41,0,2026-09-18T16:00:00Z,2026-09-18T17:00:00Z,2026-09-25T17:00:00Z,,yes,80828.52,greater,80599.99,,BRTI,True,2026-09-19T16:08:45+00:00
kalshi,KXNCAAFSPREAD-26SEP18PRSTORE-ORE58,https://kalshi.com/markets/kxncaafspread/college-football-spread,https://kalshi.com/markets/kxncaafspread/college-football-spread/kxncaafspread-26sep18prstore,Oregon wins by over 57.5 points,Oregon wins by over 57.5 points,KXNCAAFSPREAD-26SEP18PRSTORE,Portland St. vs Oregon: Spread,KXNCAAFSPREAD,College Football Spread,Sports,"[""Football""]",settled,binary,0,1,0.99,0.99,0.01,0.99,1,142476.07,102733.05,88290.66,0,2026-09-14T16:05:00Z,2026-09-19T05:54:38Z,2026-09-21T02:30:00Z,,yes,84,greater,57.5,,,True,2026-09-19T16:07:55+00:00
kalshi,KXSUPERLIGTOTAL-26SEP18KASKON-1,https://kalshi.com/markets/kxsuperligtotal/point-total,https://kalshi.com/markets/kxsuperligtotal/point-total/kxsuperligtotal-26sep18kaskon,Will over 0.5 goals be scored?,Over 0.5 goals scored,KXSUPERLIGTOTAL-26SEP18KASKON,,KXSUPERLIGTOTAL,Point Total,Sports,"[""Soccer""]",settled,binary,0,1,0.01,0.01,0.99,0.01,1,102845.69,102613.5,78217.57,0,2026-09-17T17:06:00Z,2026-09-18T18:55:03Z,2026-09-20T17:00:00Z,,no,0,greater,0.5,,,True,2026-09-19T16:08:38+00:00
kalshi,KXNCAAFSPREAD-26SEP18MIAWAKE-MIA10,https://kalshi.com/markets/kxncaafspread/college-football-spread,https://kalshi.com/markets/kxncaafspread/college-football-spread/kxncaafspread-26sep18miawake,Miami (FL) wins by over 9.5 points,Miami (FL) wins by over 9.5 points,KXNCAAFSPREAD-26SEP18MIAWAKE,Miami (FL) vs Wake Forest: Spread,KXNCAAFSPREAD,College Football Spread,Sports,"[""Football""]",settled,binary,0,1,0.99,0.99,0.01,0.99,1,106036.58,102567.26,55244.45,0,2026-09-12T01:07:00Z,2026-09-19T03:14:37Z,2026-09-20T23:30:00Z,,yes,13,greater,9.5,,,True,2026-09-19T16:08:06+00:00
kalshi,KXETH15M-26SEP190400-00,https://kalshi.com/markets/kxeth15m/eth-15m-price-up-down,https://kalshi.com/markets/kxeth15m/eth-15m-price-up-down/kxeth15m-26sep190400,ETH price up in next 15 mins?,"Target Price: $2,624.14",KXETH15M-26SEP190400,,KXETH15M,ETH 15M price up down,Crypto,"[""ETH"", ""15 min""]",settled,binary,0,1,0.999,0.999,0.001,0.999,1,102554.57,102554.57,37640.85,0,2026-09-19T07:45:00Z,2026-09-19T08:00:00Z,2026-09-26T08:00:00Z,,yes,2626.44,greater_or_equal,2624.14,,,True,2026-09-19T16:07:48+00:00
kalshi,KXETH15M-26SEP191045-45,https://kalshi.com/markets/kxeth15m/eth-15m-price-up-down,https://kalshi.com/markets/kxeth15m/eth-15m-price-up-down/kxeth15m-26sep191045,ETH price up in next 15 mins?,"Target Price: $2,642.34",KXETH15M-26SEP191045,,KXETH15M,ETH 15M price up down,Crypto,"[""ETH"", ""15 min""]",settled,binary,0,1,0.001,0.001,0.999,0.001,1,102489.3,102489.3,49768.45,0,2026-09-19T14:30:00Z,2026-09-19T14:45:00Z,2026-09-26T14:45:00Z,,no,2638.34,greater_or_equal,2642.34,,,True,2026-09-19T16:07:37+00:00
kalshi,KXETH15M-26SEP190300-00,https://kalshi.com/markets/kxeth15m/eth-15m-price-up-down,https://kalshi.com/markets/kxeth15m/eth-15m-price-up-down/kxeth15m-26sep190300,ETH price up in next 15 mins?,"Target Price: $2,627.71",KXETH15M-26SEP190300,,KXETH15M,ETH 15M price up down,Crypto,"[""ETH"", ""15 min""]",settled,binary,0,1,0.001,0.001,0.999,0.001,1,102489.07,102489.07,39416.73,0,2026-09-19T06:45:00Z,2026-09-19T07:00:00Z,2026-09-26T07:00:00Z,,no,2626.37,greater_or_equal,2627.71,,,True,2026-09-19T16:07:52+00:00
kalshi,KXWTASETWINNER-26SEP18SAMSTE-2-STE,https://kalshi.com/markets/kxwtasetwinner/wta-set-winner,https://kalshi.com/markets/kxwtasetwinner/wta-set-winner/kxwtasetwinner-26sep18samste-2,Will Peyton Stearns win set 2 in the Liudmila Samsonova vs Peyton Stearns match,Peyton Stearns,KXWTASETWINNER-26SEP18SAMSTE-2,Liudmila Samsonova vs Peyton Stearns: Set 2 Winner,KXWTASETWINNER,WTA Set Winner,Sports,"[""Tennis""]",settled,binary,0,1,0.99,0.99,0.01,0.99,1,102292.12,102292.12,64746.37,0,2026-09-18T05:20:00Z,2026-09-19T03:15:43Z,2026-10-03T00:10:00Z,,yes,"Stearns, Peyton",structured,,,,True,2026-09-19T16:08:06+00:00
kalshi,KXETH15M-26SEP190800-00,https://kalshi.com/markets/kxeth15m/eth-15m-price-up-down,https://kalshi.com/markets/kxeth15m/eth-15m-price-up-down/kxeth15m-26sep190800,ETH price up in next 15 mins?,"Target Price: $2,638.44",KXETH15M-26SEP190800,,KXETH15M,ETH 15M price up down,Crypto,"[""ETH"", ""15 min""]",settled,binary,0,1,0.999,0.999,0.001,0.999,1,102276.9,102276.9,34810.92,0,2026-09-19T11:45:00Z,2026-09-19T12:00:00Z,2026-09-26T12:00:00Z,,yes,2638.78,greater_or_equal,2638.44,,,True,2026-09-19T16:07:39+00:00
kalshi,KXWTI15M-26SEP181400-00,https://kalshi.com/markets/kxwti15m/wti-15-minute,https://kalshi.com/markets/kxwti15m/wti-15-minute/kxwti15m-26sep181400,WTI Oil price up in next 15 mins?,Target Price: $96.03,KXWTI15M-26SEP181400,,KXWTI15M,WTI 15-minute,Commodities,"[""Oil & Gas""]",settled,binary,0,1,0.061,0.061,0.939,0.061,1,102119.41,102119.41,21247.04,0,2026-09-18T17:45:00Z,2026-09-18T18:00:00Z,2026-09-25T18:00:00Z,,no,96.01,greater_or_equal,96.03,,,True,2026-09-19T16:08:40+00:00
kalshi,KXNCAAFTOTAL-26SEP18HOUTTU-65,https://kalshi.com/markets/kxncaaftotal/college-football-total-points,https://kalshi.com/markets/kxncaaftotal/college-football-total-points/kxncaaftotal-26sep18houttu,Over 64.5 points scored,Over 64.5 points scored,KXNCAAFTOTAL-26SEP18HOUTTU,Houston vs Texas Tech: Total Points,KXNCAAFTOTAL,College Football Total Points,Sports,"[""Football""]",settled,binary,0,1,0.01,0.01,0.99,0.01,1,102124.42,102080.19,57551.37,0,2026-09-12T01:07:00Z,2026-09-19T03:34:34Z,2026-09-21T00:00:00Z,,no,54,greater,64.5,,,True,2026-09-19T16:08:05+00:00
kalshi,KXBUNDESLIGATOTAL-26SEP19SVWFCA-4,https://kalshi.com/markets/kxbundesligatotal/bundesliga-total,https://kalshi.com/markets/kxbundesligatotal/bundesliga-total/kxbundesligatotal-26sep19svwfca,Will over 3.5 goals be scored?,Over 3.5 goals scored,KXBUNDESLIGATOTAL-26SEP19SVWFCA,,KXBUNDESLIGATOTAL,Bundesliga Total,Sports,"[""Soccer""]",settled,binary,0,1,0.99,0.99,0.01,0.99,1,101659.48,101659.47,62079.82,0,2026-09-12T14:06:00Z,2026-09-19T15:25:52Z,2026-09-21T13:30:00Z,,yes,5,greater,3.5,,,True,2026-09-19T16:07:35+00:00
kalshi,KXNCAAF1HSPREAD-26SEP18HOUTTU-TTU5,https://kalshi.com/markets/kxncaaf1hspread/college-football-1st-half-spread,https://kalshi.com/markets/kxncaaf1hspread/college-football-1st-half-spread/kxncaaf1hspread-26sep18houttu,Texas Tech wins 1H by over 4.5 points,Texas Tech wins 1H by over 4.5 points,KXNCAAF1HSPREAD-26SEP18HOUTTU,,KXNCAAF1HSPREAD,College Football 1st Half Spread,Sports,"[""Football""]",settled,binary,0,1,0.01,0.01,0.99,0.01,1,106403.36,101595.55,75284.75,0,2026-09-14T10:20:00Z,2026-09-19T01:44:28Z,2026-09-21T00:00:00Z,,no,3,greater,4.5,,,True,2026-09-19T16:08:18+00:00
kalshi,KXEPL1HTOTAL-26SEP18BRECFC-1,https://kalshi.com/markets/kxepl1htotal/epl-1st-half-total,https://kalshi.com/markets/kxepl1htotal/epl-1st-half-total/kxepl1htotal-26sep18brecfc,Over 0.5 1H goals scored,Over 0.5 1H goals scored,KXEPL1HTOTAL-26SEP18BRECFC,,KXEPL1HTOTAL,EPL 1st Half Total,Sports,"[""Soccer""]",settled,binary,0,1,0.01,0.01,0.99,0.01,1,110827.3,101514.36,77084.39,0,2026-09-16T19:06:00Z,2026-09-18T19:50:34Z,2026-09-20T19:00:00Z,,no,0,greater,0.5,,,True,2026-09-19T16:08:36+00:00
kalshi,KXMLBSPREAD-26SEP181910BOSTB-BOS3,https://kalshi.com/markets/kxmlbspread/pro-baseball-spread,https://kalshi.com/markets/kxmlbspread/pro-baseball-spread/kxmlbspread-26sep181910bostb,Boston wins by over 2.5 runs?,Boston wins by over 2.5 runs,KXMLBSPREAD-26SEP181910BOSTB,,KXMLBSPREAD,Pro Baseball Spread,Sports,"[""Baseball""]",settled,binary,0,1,0.01,0.01,0.99,0.01,1,101418.53,101400.53,53064.04,0,2026-09-17T19:10:00Z,2026-09-19T02:00:40Z,2026-09-21T23:10:00Z,,no,2,greater,2.5,,,True,2026-09-19T16:08:14+00:00
kalshi,KXETH15M-26SEP181700-00,https://kalshi.com/markets/kxeth15m/eth-15m-price-up-down,https://kalshi.com/markets/kxeth15m/eth-15m-price-up-down/kxeth15m-26sep181700,ETH price up in next 15 mins?,"Target Price: $2,633.78",KXETH15M-26SEP181700,,KXETH15M,ETH 15M price up down,Crypto,"[""ETH"", ""15 min""]",settled,binary,0,1,0.001,0.001,0.999,0.001,1,101163.07,101163.07,35734.61,0,2026-09-18T20:45:00Z,2026-09-18T21:00:00Z,2026-09-25T21:00:00Z,,no,2630.17,greater_or_equal,2633.78,,,True,2026-09-19T16:08:31+00:00
kalshi,KXBRASILEIROBTOTAL-26SEP18VINAMG-3,https://kalshi.com/markets/kxbrasileirobtotal/point-total,https://kalshi.com/markets/kxbrasileirobtotal/point-total/kxbrasileirobtotal-26sep18vinamg,Will over 2.5 goals be scored?,Over 2.5 goals scored,KXBRASILEIROBTOTAL-26SEP18VINAMG,,KXBRASILEIROBTOTAL,Point Total,Sports,"[""Soccer""]",settled,binary,0,1,0.01,0.01,0.99,0.01,1,101204.03,101137.14,54122.51,0,2026-09-15T23:05:00Z,2026-09-19T00:44:59Z,2026-09-20T22:30:00Z,,no,1,greater,2.5,,,True,2026-09-19T16:08:21+00:00
kalshi,KXNASCARRACE-FOOC91826-JUAL,https://kalshi.com/markets/kxnascarrace/nascar-race,https://kalshi.com/markets/kxnascarrace/nascar-race/kxnascarrace-fooc91826,Auto Parts: Justin Allgaier wins,Justin Allgaier,KXNASCARRACE-FOOC91826,,KXNASCARRACE,NASCAR Race,Sports,"[""Motorsport""]",settled,binary,0,1,0.01,0.01,0.99,0.01,1,111103.2,101079.33,75334.22,0,2026-09-14T21:05:00Z,2026-09-19T04:04:30Z,2026-09-26T05:30:00Z,,no,Sheldon Creed,structured,,,,True,2026-09-19T16:08:01+00:00
kalshi,KXBTCD-26SEP1818-T81399.99,https://kalshi.com/markets/kxbtcd/bitcoin-price-above-below,https://kalshi.com/markets/kxbtcd/bitcoin-price-above-below/kxbtcd-26sep1818,"Bitcoin price on Sep 18, 2026?","$81,400 or above",KXBTCD-26SEP1818,"BTC price on Sep 18, 2026 at 6pm EDT?",KXBTCD,Bitcoin price Above/below,Crypto,"[""Hourly"", ""BTC""]",settled,binary,0,1,0.01,0.01,0.99,0.01,1,101015.42,101015.42,45446.34,0,2026-09-18T21:00:00Z,2026-09-18T22:00:00Z,2026-09-25T22:00:00Z,,no,81223.68,greater,81399.99,,BRTI,True,2026-09-19T16:08:29+00:00
kalshi,KXBUNDESLIGA2GAME-26SEP18SGFFCM-SGF,https://kalshi.com/markets/kxbundesliga2game/bundesliga-2-game,https://kalshi.com/markets/kxbundesliga2game/bundesliga-2-game/kxbundesliga2game-26sep18sgffcm,Greuther Furth wins,Greuther Furth,KXBUNDESLIGA2GAME-26SEP18SGFFCM,Greuther Furth vs Magdeburg,KXBUNDESLIGA2GAME,Bundesliga 2 Game,Sports,"[""Soccer""]",settled,binary,0,1,0.01,0.01,0.99,0.01,1,103223.92,100922.44,64607.18,0,2026-09-14T00:35:00Z,2026-09-18T18:33:13Z,2026-09-20T16:30:00Z,,no,Tie,structured,,,,True,2026-09-19T16:08:39+00:00
kalshi,KXXRP15M-26SEP181430-30,https://kalshi.com/markets/kxxrp15m/xrp-15-minute,https://kalshi.com/markets/kxxrp15m/xrp-15-minute/kxxrp15m-26sep181430,XRP price up in next 15 mins?,Target Price: $1.3895,KXXRP15M-26SEP181430,,KXXRP15M,XRP 15 Minute,Crypto,"[""15 min"", ""XRP""]",settled,binary,0,1,0.999,0.999,0.001,0.999,1,100569.97,100569.97,32217,0,2026-09-18T18:15:00Z,2026-09-18T18:30:00Z,2026-09-25T18:30:00Z,,yes,1.3903,greater_or_equal,1.3895,,,True,2026-09-19T16:08:39+00:00
kalshi,KXXRP15M-26SEP191115-15,https://kalshi.com/markets/kxxrp15m/xrp-15-minute,https://kalshi.com/markets/kxxrp15m/xrp-15-minute/kxxrp15m-26sep191115,XRP price up in next 15 mins?,Target Price: $1.4394,KXXRP15M-26SEP191115,,KXXRP15M,XRP 15 Minute,Crypto,"[""15 min"", ""XRP""]",settled,binary,0,1,0.001,0.001,0.999,0.001,1,100552.26,100552.26,34212.14,0,2026-09-19T15:00:00Z,2026-09-19T15:15:00Z,2026-09-26T15:15:00Z,,no,1.4360,greater_or_equal,1.4394,,,True,2026-09-19T16:07:35+00:00
kalshi,KXEPLTOTAL-26SEP19BRIARS-2,https://kalshi.com/markets/kxepltotal/english-premier-league-total-goals,https://kalshi.com/markets/kxepltotal/english-premier-league-total-goals/kxepltotal-26sep19briars,Will over 1.5 goals be scored?,Over 1.5 goals scored,KXEPLTOTAL-26SEP19BRIARS,,KXEPLTOTAL,English Premier League Total Goals,Sports,"[""Soccer""]",settled,binary,0,1,0.99,0.99,0.01,0.99,1,100629.64,100460.26,64625.69,0,2026-09-12T14:06:00Z,2026-09-19T15:15:57Z,2026-09-21T14:00:00Z,,yes,3,greater,1.5,,,True,2026-09-19T16:07:35+00:00
kalshi,KXMLBSPREAD-26SEP182140MIASD-SD6,https://kalshi.com/markets/kxmlbspread/pro-baseball-spread,https://kalshi.com/markets/kxmlbspread/pro-baseball-spread/kxmlbspread-26sep182140miasd,San Diego wins by over 5.5 runs?,San Diego wins by over 5.5 runs,KXMLBSPREAD-26SEP182140MIASD,Miami vs San Diego: Spread,KXMLBSPREAD,Pro Baseball Spread,Sports,"[""Baseball""]",settled,binary,0,1,0.99,0.99,0.01,0.99,1,100400.19,100400.19,56463.64,0,2026-09-19T03:11:18Z,2026-09-19T04:30:20Z,2026-09-22T01:40:00Z,,yes,6,greater,5.5,,,True,2026-09-19T16:08:01+00:00
kalshi,KXEWSLGAME-26SEP19CFCBRM-BRM,https://kalshi.com/markets/kxewslgame/england-women-s-super-league-game,https://kalshi.com/markets/kxewslgame/england-women-s-super-league-game/kxewslgame-26sep19cfcbrm,Birmingham City WFC wins,Birmingham City WFC,KXEWSLGAME-26SEP19CFCBRM,,KXEWSLGAME,England Women's Super League Game,Sports,"[""Soccer""]",settled,binary,0,1,0.01,0.01,0.99,0.01,1,102645.86,100352.72,64646.04,0,2026-09-15T00:37:00Z,2026-09-19T13:54:46Z,2026-09-21T11:45:00Z,,no,Chelsea,structured,,,,True,2026-09-19T16:07:38+00:00
kalshi,KXJ2LEAGUETOTAL-26SEP19HCSOIT-3,https://kalshi.com/markets/kxj2leaguetotal/point-total,https://kalshi.com/markets/kxj2leaguetotal/point-total/kxj2leaguetotal-26sep19hcsoit,Will over 2.5 goals be scored?,Over 2.5 goals scored,KXJ2LEAGUETOTAL-26SEP19HCSOIT,,KXJ2LEAGUETOTAL,Point Total,Sports,"[""Soccer""]",settled,binary,0,1,0.01,0.01,0.99,0.01,1,100363.85,100311.49,43478.19,0,2026-09-18T05:06:00Z,2026-09-19T07:05:30Z,2026-09-21T05:00:00Z,,no,2,greater,2.5,,,True,2026-09-19T16:07:50+00:00
kalshi,KXARGPREMDIVBTTS-26SEP18CCDYJ-BTTS,https://kalshi.com/markets/kxargpremdivbtts/argentina-premier-division-btts,https://kalshi.com/markets/kxargpremdivbtts/argentina-premier-division-btts/kxargpremdivbtts-26sep18ccdyj,Both Teams To Score,Both Teams To Score,KXARGPREMDIVBTTS-26SEP18CCDYJ,,KXARGPREMDIVBTTS,Argentina Premier Division BTTS,Sports,"[""Soccer""]",settled,binary,0,1,0.99,0.99,0.01,0.99,1,100172.63,100162.22,46761.36,0,2026-09-17T21:05:00Z,2026-09-18T22:45:01Z,2026-09-20T21:00:00Z,,yes,YES,,,,,True,2026-09-19T16:08:27+00:00
kalshi,KXDENSUPERLIGAGAME-26SEP18LBYSIL-SIL,https://kalshi.com/markets/kxdensuperligagame/danish-superliga-game,https://kalshi.com/markets/kxdensuperligagame/danish-superliga-game/kxdensuperligagame-26sep18lbysil,Silkeborg wins,Silkeborg,KXDENSUPERLIGAGAME-26SEP18LBYSIL,,KXDENSUPERLIGAGAME,Danish Superliga Game,Sports,"[""Soccer""]",settled,binary,0,1,0.99,0.99,0.01,0.99,1,102260.02,100063.47,42027.78,0,2026-09-14T00:35:00Z,2026-09-18T19:03:27Z,2026-09-20T17:00:00Z,,yes,Silkeborg,structured,,,,True,2026-09-19T16:08:36+00:00
kalshi,KXMLBTOTAL-26SEP182140MIASD-12,https://kalshi.com/markets/kxmlbtotal/pro-baseball-total-points,https://kalshi.com/markets/kxmlbtotal/pro-baseball-total-points/kxmlbtotal-26sep182140miasd,Over 11.5 runs scored,Over 11.5 runs scored,KXMLBTOTAL-26SEP182140MIASD,Miami vs San Diego: Total Runs,KXMLBTOTAL,Pro Baseball Total Points,Sports,"[""Baseball""]",settled,binary,0,1,0.01,0.01,0.99,0.01,1,99994.44,99964.44,47208.19,0,2026-09-17T19:10:00Z,2026-09-19T04:30:19Z,2026-09-22T01:40:00Z,,no,10,greater,11.5,,,True,2026-09-19T16:08:01+00:00
kalshi,KXBUNDESLIGATOTAL-26SEP18BMUUNI-4,https://kalshi.com/markets/kxbundesligatotal/bundesliga-total,https://kalshi.com/markets/kxbundesligatotal/bundesliga-total/kxbundesligatotal-26sep18bmuuni,Will over 3.5 goals be scored?,Over 3.5 goals scored,KXBUNDESLIGATOTAL-26SEP18BMUUNI,Bayern Munich vs Union Berlin: Total Goals,KXBUNDESLIGATOTAL,Bundesliga Total,Sports,"[""Soccer""]",settled,binary,0,1,0.99,0.99,0.01,0.99,1,106731.61,99932.07,69866.58,0,2026-09-11T19:06:00Z,2026-09-18T20:04:57Z,2026-09-20T18:30:00Z,,yes,7,greater,3.5,,,True,2026-09-19T16:08:32+00:00
kalshi,KXBTCD-26SEP1822-T81699.99,https://kalshi.com/markets/kxbtcd/bitcoin-price-above-below,https://kalshi.com/markets/kxbtcd/bitcoin-price-above-below/kxbtcd-26sep1822,"Bitcoin price on Sep 18, 2026?","$81,700 or above",KXBTCD-26SEP1822,"BTC price on Sep 18, 2026 at 10pm EDT?",KXBTCD,Bitcoin price Above/below,Crypto,"[""Hourly"", ""BTC""]",settled,binary,0,1,0.01,0.01,0.99,0.01,1,99855.36,99855.36,42690.4,0,2026-09-19T01:00:00Z,2026-09-19T02:00:00Z,2026-09-26T02:00:00Z,,no,81261.34,greater,81699.99,,BRTI,True,2026-09-19T16:08:16+00:00
kalshi,KXJLEAGUEGAME-26SEP19KAWKAS-KAW,https://kalshi.com/markets/kxjleaguegame/japan-j-league-game,https://kalshi.com/markets/kxjleaguegame/japan-j-league-game/kxjleaguegame-26sep19kawkas,Frontale wins,Frontale,KXJLEAGUEGAME-26SEP19KAWKAS,,KXJLEAGUEGAME,Japan J League Game,Sports,"[""Soccer""]",settled,binary,0,1,0.01,0.01,0.99,0.01,1,99709.07,99656.11,44691.38,0,2026-09-12T00:37:00Z,2026-09-19T11:14:39Z,2026-09-21T09:00:00Z,,no,Tie,structured,,,,True,2026-09-19T16:07:40+00:00
kalshi,KXARGPREMDIVTOTAL-26SEP18CCDYJ-5,https://kalshi.com/markets/kxargpremdivtotal/argentina-premier-division-total,https://kalshi.com/markets/kxargpremdivtotal/argentina-premier-division-total/kxargpremdivtotal-26sep18ccdyj,Will over 4.5 goals be scored?,Over 4.5 goals scored,KXARGPREMDIVTOTAL-26SEP18CCDYJ,Central Cordoba vs Defensa y Justicia: Total Goals,KXARGPREMDIVTOTAL,Argentina Premier Division Total,Sports,"[""Soccer""]",settled,binary,0,1,0.01,0.01,0.99,0.01,1,99585.44,99585.44,37695.3,0,2026-09-17T21:05:00Z,2026-09-18T23:14:40Z,2026-09-20T21:00:00Z,,no,4,greater,4.5,,,True,2026-09-19T16:08:25+00:00
kalshi,KXBTCD-26SEP1911-T81699.99,https://kalshi.com/markets/kxbtcd/bitcoin-price-above-below,https://kalshi.com/markets/kxbtcd/bitcoin-price-above-below/kxbtcd-26sep1911,"Bitcoin price on Sep 19, 2026?","$81,700 or above",KXBTCD-26SEP1911,"BTC price on Sep 19, 2026 at 11am EDT?",KXBTCD,Bitcoin price Above/below,Crypto,"[""Hourly"", ""BTC""]",settled,binary,0,1,0.01,0.01,0.99,0.01,1,99294.85,99294.85,45714.05,0,2026-09-19T14:00:00Z,2026-09-19T15:00:00Z,2026-09-26T15:00:00Z,,no,81545.93,greater,81699.99,,BRTI,True,2026-09-19T16:07:36+00:00
kalshi,KXETH15M-26SEP182145-45,https://kalshi.com/markets/kxeth15m/eth-15m-price-up-down,https://kalshi.com/markets/kxeth15m/eth-15m-price-up-down/kxeth15m-26sep182145,ETH price up in next 15 mins?,"Target Price: $2,611.69",KXETH15M-26SEP182145,,KXETH15M,ETH 15M price up down,Crypto,"[""ETH"", ""15 min""]",settled,binary,0,1,0.001,0.001,0.999,0.001,1,99090.03,99090.03,42461.47,0,2026-09-19T01:30:00Z,2026-09-19T01:45:00Z,2026-09-26T01:45:00Z,,no,2610.98,greater_or_equal,2611.69,,,True,2026-09-19T16:08:16+00:00
kalshi,KXBUNDESLIGATOTAL-26SEP19HSVKOE-3,https://kalshi.com/markets/kxbundesligatotal/bundesliga-total,https://kalshi.com/markets/kxbundesligatotal/bundesliga-total/kxbundesligatotal-26sep19hsvkoe,Will over 2.5 goals be scored?,Over 2.5 goals scored,KXBUNDESLIGATOTAL-26SEP19HSVKOE,,KXBUNDESLIGATOTAL,Bundesliga Total,Sports,"[""Soccer""]",settled,binary,0,1,0.99,0.99,0.01,0.99,1,99047.61,99047.4,55535.89,0,2026-09-12T14:06:00Z,2026-09-19T15:25:51Z,2026-09-21T13:30:00Z,,yes,3,greater,2.5,,,True,2026-09-19T16:07:35+00:00
kalshi,KXJLEAGUEGAME-26SEP19KAWKAS-TIE,https://kalshi.com/markets/kxjleaguegame/japan-j-league-game,https://kalshi.com/markets/kxjleaguegame/japan-j-league-game/kxjleaguegame-26sep19kawkas,Tie is the result,Tie,KXJLEAGUEGAME-26SEP19KAWKAS,,KXJLEAGUEGAME,Japan J League Game,Sports,"[""Soccer""]",settled,binary,0,1,0.99,0.99,0.01,0.99,1,98998.14,98927.66,33799.61,0,2026-09-12T00:37:00Z,2026-09-19T11:14:39Z,2026-09-21T09:00:00Z,,yes,Tie,structured,,,,True,2026-09-19T16:07:40+00:00
kalshi,KXWNBATOTAL-26SEP18PDXGS-155,https://kalshi.com/markets/kxwnbatotal/women-s-pro-basketball-total,https://kalshi.com/markets/kxwnbatotal/women-s-pro-basketball-total/kxwnbatotal-26sep18pdxgs,Over 154.5 points scored,Over 154.5 points scored,KXWNBATOTAL-26SEP18PDXGS,Portland vs Golden State: Total,KXWNBATOTAL,Women's Pro Basketball Total,Sports,"[""Basketball""]",settled,binary,0,1,0.01,0.01,0.99,0.01,1,98937.01,98922,37837.48,0,2026-09-16T02:10:00Z,2026-09-19T04:30:04Z,2026-09-21T02:00:00Z,,no,148,greater,154.5,,,True,2026-09-19T16:08:01+00:00
kalshi,KXBTCD-26SEP1907-T81099.99,https://kalshi.com/markets/kxbtcd/bitcoin-price-above-below,https://kalshi.com/markets/kxbtcd/bitcoin-price-above-below/kxbtcd-26sep1907,"Bitcoin price on Sep 19, 2026?","$81,100 or above",KXBTCD-26SEP1907,"BTC price on Sep 19, 2026 at 7am EDT?",KXBTCD,Bitcoin price Above/below,Crypto,"[""Hourly"", ""BTC""]",settled,binary,0,1,0.99,0.99,0.01,0.99,1,98149.45,98149.45,31979.29,0,2026-09-19T10:00:00Z,2026-09-19T11:00:00Z,2026-09-26T11:00:00Z,,yes,81192.74,greater,81099.99,,BRTI,True,2026-09-19T16:07:41+00:00
kalshi,KXETH15M-26SEP190730-30,https://kalshi.com/markets/kxeth15m/eth-15m-price-up-down,https://kalshi.com/markets/kxeth15m/eth-15m-price-up-down/kxeth15m-26sep190730,ETH price up in next 15 mins?,"Target Price: $2,637.35",KXETH15M-26SEP190730,,KXETH15M,ETH 15M price up down,Crypto,"[""ETH"", ""15 min""]",settled,binary,0,1,0.999,0.999,0.001,0.999,1,98125.99,98125.99,24628.21,0,2026-09-19T11:15:00Z,2026-09-19T11:30:00Z,2026-09-26T11:30:00Z,,yes,2637.91,greater_or_equal,2637.35,,,True,2026-09-19T16:07:40+00:00
kalshi,KXMLBSPREAD-26SEP182010ATLHOU-ATL2,https://kalshi.com/markets/kxmlbspread/pro-baseball-spread,https://kalshi.com/markets/kxmlbspread/pro-baseball-spread/kxmlbspread-26sep182010atlhou,Atlanta wins by over 1.5 runs?,Atlanta wins by over 1.5 runs,KXMLBSPREAD-26SEP182010ATLHOU,,KXMLBSPREAD,Pro Baseball Spread,Sports,"[""Baseball""]",settled,binary,0,1,0.99,0.99,0.01,0.99,1,100569.77,98100.02,46450.66,0,2026-09-17T23:00:00Z,2026-09-19T02:59:53Z,2026-09-22T00:10:00Z,,yes,4,greater,1.5,,,True,2026-09-19T16:08:12+00:00
kalshi,KXBUNDESLIGA1HSPREAD-26SEP18BMUUNI-BMU2,https://kalshi.com/markets/kxbundesliga1hspread/1st-half-spread,https://kalshi.com/markets/kxbundesliga1hspread/1st-half-spread/kxbundesliga1hspread-26sep18bmuuni,Bayern Munich wins by more than 1.5 goals in the 1st Half,Bayern Munich wins the 1H by more than 1.5 goals,KXBUNDESLIGA1HSPREAD-26SEP18BMUUNI,,KXBUNDESLIGA1HSPREAD,1st Half Spread,Sports,"[""Soccer""]",settled,binary,0,1,0.99,0.99,0.01,0.99,1,112212.26,97959.43,59658.6,0,2026-09-16T19:05:00Z,2026-09-18T19:20:48Z,2026-09-20T18:30:00Z,,yes,HT: 3-0,greater,1.5,,,True,2026-09-19T16:08:36+00:00
kalshi,KXNCAAF1Q-26SEP18MIAWAKE-MIA,https://kalshi.com/markets/kxncaaf1q/college-football-1st-quarter-winner,https://kalshi.com/markets/kxncaaf1q/college-football-1st-quarter-winner/kxncaaf1q-26sep18miawake,Miami (FL) wins the 1st quarter,Miami (FL) wins 1st Quarter,KXNCAAF1Q-26SEP18MIAWAKE,,KXNCAAF1Q,College Football 1st Quarter Winner,Sports,"[""Football""]",settled,binary,0,1,0.01,0.01,0.99,0.01,1,110268.04,97958.03,95659.81,0,2026-09-16T00:25:00Z,2026-09-19T00:11:41Z,2026-09-20T23:30:00Z,,no,Tie 1st Quarter,structured,,,,True,2026-09-19T16:08:22+00:00
kalshi,KXBUNDESLIGA2TOTAL-26SEP18SGFFCM-3,https://kalshi.com/markets/kxbundesliga2total/point-total,https://kalshi.com/markets/kxbundesliga2total/point-total/kxbundesliga2total-26sep18sgffcm,Will over 2.5 goals be scored?,Over 2.5 goals scored,KXBUNDESLIGA2TOTAL-26SEP18SGFFCM,,KXBUNDESLIGA2TOTAL,Point Total,Sports,"[""Soccer""]",settled,binary,0,1,0.01,0.01,0.99,0.01,1,105134.45,97856.83,75914.98,0,2026-09-17T17:05:00Z,2026-09-18T18:25:35Z,2026-09-20T16:30:00Z,,no,2,greater,2.5,,,True,2026-09-19T16:08:39+00:00
kalshi,KXEKSTRAKLASAGAME-26SEP18WLOWIE-WLO,https://kalshi.com/markets/kxekstraklasagame/polish-ekstraklasa-game,https://kalshi.com/markets/kxekstraklasagame/polish-ekstraklasa-game/kxekstraklasagame-26sep18wlowie,Widzew Lodz wins,Widzew Lodz,KXEKSTRAKLASAGAME-26SEP18WLOWIE,,KXEKSTRAKLASAGAME,Polish Ekstraklasa Game,Sports,"[""Soccer""]",settled,binary,0,1,0.01,0.01,0.99,0.01,1,101261.44,97794.91,53826.16,0,2026-09-14T00:35:00Z,2026-09-18T18:36:58Z,2026-09-20T16:00:00Z,,no,Tie,structured,,,,True,2026-09-19T16:08:39+00:00
kalshi,KXETH15M-26SEP190745-45,https://kalshi.com/markets/kxeth15m/eth-15m-price-up-down,https://kalshi.com/markets/kxeth15m/eth-15m-price-up-down/kxeth15m-26sep190745,ETH price up in next 15 mins?,"Target Price: $2,637.91",KXETH15M-26SEP190745,,KXETH15M,ETH 15M price up down,Crypto,"[""ETH"", ""15 min""]",settled,binary,0,1,0.999,0.999,0.001,0.999,1,97539.6,97539.6,24520.86,0,2026-09-19T11:30:00Z,2026-09-19T11:45:00Z,2026-09-26T11:45:00Z,,yes,2638.44,greater_or_equal,2637.91,,,True,2026-09-19T16:07:40+00:00
kalshi,KXBUNDESLIGATOTAL-26SEP19BMGM05-6,https://kalshi.com/markets/kxbundesligatotal/bundesliga-total,https://kalshi.com/markets/kxbundesligatotal/bundesliga-total/kxbundesligatotal-26sep19bmgm05,Will over 5.5 goals be scored?,Over 5.5 goals scored,KXBUNDESLIGATOTAL-26SEP19BMGM05,,KXBUNDESLIGATOTAL,Bundesliga Total,Sports,"[""Soccer""]",settled,binary,0,1,0.99,0.99,0.01,0.99,1,97816.93,97317.41,75205.52,0,2026-09-12T14:06:00Z,2026-09-19T15:35:46Z,2026-09-21T13:30:00Z,,yes,7,greater,5.5,,,True,2026-09-19T16:07:35+00:00
kalshi,KXETH15M-26SEP181715-15,https://kalshi.com/markets/kxeth15m/eth-15m-price-up-down,https://kalshi.com/markets/kxeth15m/eth-15m-price-up-down/kxeth15m-26sep181715,ETH price up in next 15 mins?,"Target Price: $2,630.17",KXETH15M-26SEP181715,,KXETH15M,ETH 15M price up down,Crypto,"[""ETH"", ""15 min""]",settled,binary,0,1,0.999,0.999,0.001,0.999,1,97221.98,97221.98,38692.66,0,2026-09-18T21:00:00Z,2026-09-18T21:15:00Z,2026-09-25T21:15:00Z,,yes,2638.36,greater_or_equal,2630.17,,,True,2026-09-19T16:08:30+00:00
kalshi,KXBTCD-26SEP1823-T81099.99,https://kalshi.com/markets/kxbtcd/bitcoin-price-above-below,https://kalshi.com/markets/kxbtcd/bitcoin-price-above-below/kxbtcd-26sep1823,"Bitcoin price on Sep 18, 2026?","$81,100 or above",KXBTCD-26SEP1823,"BTC price on Sep 18, 2026 at 11pm EDT?",KXBTCD,Bitcoin price Above/below,Crypto,"[""Hourly"", ""BTC""]",settled,binary,0,1,0.99,0.99,0.01,0.99,1,97176.51,97176.51,52327.73,0,2026-09-19T02:00:00Z,2026-09-19T03:00:00Z,2026-09-26T03:00:00Z,,yes,81268.21,greater,81099.99,,BRTI,True,2026-09-19T16:08:11+00:00
kalshi,KXBTCD-26SEP1901-T81299.99,https://kalshi.com/markets/kxbtcd/bitcoin-price-above-below,https://kalshi.com/markets/kxbtcd/bitcoin-price-above-below/kxbtcd-26sep1901,"Bitcoin price on Sep 19, 2026?","$81,300 or above",KXBTCD-26SEP1901,"BTC price on Sep 19, 2026 at 1am EDT?",KXBTCD,Bitcoin price Above/below,Crypto,"[""Hourly"", ""BTC""]",settled,binary,0,1,0.01,0.01,0.99,0.01,1,96745.53,96745.53,64059.33,0,2026-09-19T04:00:00Z,2026-09-19T05:00:00Z,2026-09-26T05:00:00Z,,no,80996.79,greater,81299.99,,BRTI,True,2026-09-19T16:07:58+00:00
kalshi,KXDAVISCUPMATCH-26SEP19KWONNAG-KWON,https://kalshi.com/markets/kxdaviscupmatch/davis-cup-match,https://kalshi.com/markets/kxdaviscupmatch/davis-cup-match/kxdaviscupmatch-26sep19kwonnag,Soonwoo Kwon wins,Soonwoo Kwon,KXDAVISCUPMATCH-26SEP19KWONNAG,,KXDAVISCUPMATCH,Davis Cup Match,Sports,"[""Tennis""]",settled,binary,0,1,0.99,0.99,0.01,0.99,1,96736.24,96736.24,53715.61,0,2026-09-19T05:15:00Z,2026-09-19T06:54:54Z,2026-10-03T05:05:00Z,,yes,Soonwoo Kwon,structured,,,,True,2026-09-19T16:07:53+00:00
kalshi,KXETH15M-26SEP182030-30,https://kalshi.com/markets/kxeth15m/eth-15m-price-up-down,https://kalshi.com/markets/kxeth15m/eth-15m-price-up-down/kxeth15m-26sep182030,ETH price up in next 15 mins?,"Target Price: $2,611.28",KXETH15M-26SEP182030,,KXETH15M,ETH 15M price up down,Crypto,"[""ETH"", ""15 min""]",settled,binary,0,1,0.999,0.999,0.001,0.999,1,96567.83,96567.83,33116.01,0,2026-09-19T00:15:00Z,2026-09-19T00:30:00Z,2026-09-26T00:30:00Z,,yes,2614.15,greater_or_equal,2611.28,,,True,2026-09-19T16:08:21+00:00
kalshi,KXDAVISCUPMATCH-26SEP18DEKAS-KAS,https://kalshi.com/markets/kxdaviscupmatch/davis-cup-match,https://kalshi.com/markets/kxdaviscupmatch/davis-cup-match/kxdaviscupmatch-26sep18dekas,Maks Kasnikowski wins,Maks Kasnikowski,KXDAVISCUPMATCH-26SEP18DEKAS,,KXDAVISCUPMATCH,Davis Cup Match,Sports,"[""Tennis""]",settled,binary,0,1,0.01,0.01,0.99,0.01,1,96557.1,96547.7,70230.84,0,2026-09-18T03:05:00Z,2026-09-19T04:15:04Z,2026-10-03T03:00:00Z,,no,Alex de Minaur,structured,,,,True,2026-09-19T16:08:01+00:00
kalshi,KXETH15M-26SEP190700-00,https://kalshi.com/markets/kxeth15m/eth-15m-price-up-down,https://kalshi.com/markets/kxeth15m/eth-15m-price-up-down/kxeth15m-26sep190700,ETH price up in next 15 mins?,"Target Price: $2,642.79",KXETH15M-26SEP190700,,KXETH15M,ETH 15M price up down,Crypto,"[""ETH"", ""15 min""]",settled,binary,0,1,0.001,0.001,0.999,0.001,1,96079.98,96079.98,41022.64,0,2026-09-19T10:45:00Z,2026-09-19T11:00:00Z,2026-09-26T11:00:00Z,,no,2637.67,greater_or_equal,2642.79,,,True,2026-09-19T16:07:40+00:00
kalshi,KXDAVISCUPMATCH-26SEP19GOMTSI-GOM,https://kalshi.com/markets/kxdaviscupmatch/davis-cup-match,https://kalshi.com/markets/kxdaviscupmatch/davis-cup-match/kxdaviscupmatch-26sep19gomtsi,Norbert Gombos wins,Norbert Gombos,KXDAVISCUPMATCH-26SEP19GOMTSI,,KXDAVISCUPMATCH,Davis Cup Match,Sports,"[""Tennis""]",settled,binary,0,1,0.01,0.01,0.99,0.01,1,95671.66,95671.66,64992.39,0,2026-09-18T13:15:00Z,2026-09-19T14:10:09Z,2026-10-03T11:10:00Z,,no,Stefanos Tsitsipas,structured,,,,True,2026-09-19T16:07:37+00:00
kalshi,KXFINYLGAME-26SEP18JAPSEIF-JAPS,https://kalshi.com/markets/kxfinylgame/finnish-ykkosliiga-game,https://kalshi.com/markets/kxfinylgame/finnish-ykkosliiga-game/kxfinylgame-26sep18japseif,JaPS wins,JaPS,KXFINYLGAME-26SEP18JAPSEIF,,KXFINYLGAME,Finnish Ykkosliiga Game,Sports,"[""Soccer""]",settled,binary,0,1,0.99,0.99,0.01,0.99,1,121240.41,95631.73,58735.02,0,2026-09-14T00:38:00Z,2026-09-18T17:33:25Z,2026-09-20T15:30:00Z,,yes,JaPS,structured,,,,True,2026-09-19T16:08:42+00:00
kalshi,KXFINYLTOTAL-26SEP18JAPSEIF-1,https://kalshi.com/markets/kxfinyltotal/point-total,https://kalshi.com/markets/kxfinyltotal/point-total/kxfinyltotal-26sep18japseif,Will over 0.5 goals be scored?,Over 0.5 goals scored,KXFINYLTOTAL-26SEP18JAPSEIF,,KXFINYLTOTAL,Point Total,Sports,"[""Soccer""]",settled,binary,0,1,0.99,0.99,0.01,0.99,1,106992.42,95290.07,39336.92,0,2026-09-17T16:06:00Z,2026-09-18T17:30:11Z,2026-09-20T15:30:00Z,,yes,1,greater,0.5,,,True,2026-09-19T16:08:42+00:00
kalshi,KXETH15M-26SEP182215-15,https://kalshi.com/markets/kxeth15m/eth-15m-price-up-down,https://kalshi.com/markets/kxeth15m/eth-15m-price-up-down/kxeth15m-26sep182215,ETH price up in next 15 mins?,"Target Price: $2,612.38",KXETH15M-26SEP182215,,KXETH15M,ETH 15M price up down,Crypto,"[""ETH"", ""15 min""]",settled,binary,0,1,0.999,0.999,0.001,0.999,1,95158.93,95158.93,45665.9,0,2026-09-19T02:00:00Z,2026-09-19T02:15:00Z,2026-09-26T02:15:00Z,,yes,2615.83,greater_or_equal,2612.38,,,True,2026-09-19T16:08:14+00:00
kalshi,KXETH15M-26SEP190345-45,https://kalshi.com/markets/kxeth15m/eth-15m-price-up-down,https://kalshi.com/markets/kxeth15m/eth-15m-price-up-down/kxeth15m-26sep190345,ETH price up in next 15 mins?,"Target Price: $2,628.17",KXETH15M-26SEP190345,,KXETH15M,ETH 15M price up down,Crypto,"[""ETH"", ""15 min""]",settled,binary,0,1,0.001,0.001,0.999,0.001,1,95030.72,95030.72,47961.93,0,2026-09-19T07:30:00Z,2026-09-19T07:45:00Z,2026-09-26T07:45:00Z,,no,2624.14,greater_or_equal,2628.17,,,True,2026-09-19T16:07:50+00:00
kalshi,KXMLBSPREAD-26SEP181910ATHCLE-ATH2,https://kalshi.com/markets/kxmlbspread/pro-baseball-spread,https://kalshi.com/markets/kxmlbspread/pro-baseball-spread/kxmlbspread-26sep181910athcle,A's wins by over 1.5 runs?,A's wins by over 1.5 runs,KXMLBSPREAD-26SEP181910ATHCLE,A's vs Cleveland: Spread,KXMLBSPREAD,Pro Baseball Spread,Sports,"[""Baseball""]",settled,binary,0,1,0.01,0.01,0.99,0.01,1,95045.34,94839.98,45908.41,0,2026-09-17T23:00:00Z,2026-09-19T01:49:48Z,2026-09-21T23:10:00Z,,no,2,greater,1.5,,,True,2026-09-19T16:08:16+00:00
kalshi,KXETH15M-26SEP190430-30,https://kalshi.com/markets/kxeth15m/eth-15m-price-up-down,https://kalshi.com/markets/kxeth15m/eth-15m-price-up-down/kxeth15m-26sep190430,ETH price up in next 15 mins?,"Target Price: $2,634.76",KXETH15M-26SEP190430,,KXETH15M,ETH 15M price up down,Crypto,"[""ETH"", ""15 min""]",settled,binary,0,1,0.999,0.999,0.001,0.999,1,94586.35,94586.35,39394.39,0,2026-09-19T08:15:00Z,2026-09-19T08:30:00Z,2026-09-26T08:30:00Z,,yes,2642.95,greater_or_equal,2634.76,,,True,2026-09-19T16:07:47+00:00
kalshi,KXETH15M-26SEP190015-15,https://kalshi.com/markets/kxeth15m/eth-15m-price-up-down,https://kalshi.com/markets/kxeth15m/eth-15m-price-up-down/kxeth15m-26sep190015,ETH price up in next 15 mins?,"Target Price: $2,619.47",KXETH15M-26SEP190015,,KXETH15M,ETH 15M price up down,Crypto,"[""ETH"", ""15 min""]",settled,binary,0,1,0.999,0.999,0.001,0.999,1,94540.21,94540.21,40860.63,0,2026-09-19T04:00:00Z,2026-09-19T04:15:00Z,2026-09-26T04:15:00Z,,yes,2624.75,greater_or_equal,2619.47,,,True,2026-09-19T16:08:01+00:00
kalshi,KXDAVISCUPMATCH-26SEP19MOLSAK-SAK,https://kalshi.com/markets/kxdaviscupmatch/davis-cup-match,https://kalshi.com/markets/kxdaviscupmatch/davis-cup-match/kxdaviscupmatch-26sep19molsak,Stefanos Sakellaridis wins,Stefanos Sakellaridis,KXDAVISCUPMATCH-26SEP19MOLSAK,,KXDAVISCUPMATCH,Davis Cup Match,Sports,"[""Tennis""]",settled,binary,0,1,0.01,0.01,0.99,0.01,1,94487.09,94487.09,47855.26,0,2026-09-18T13:15:00Z,2026-09-19T12:00:26Z,2026-10-03T10:00:00Z,,no,Alex Molcan,structured,,,,True,2026-09-19T16:07:39+00:00
kalshi,KXMLBSPREAD-26SEP182140NYYAZ-NYY6,https://kalshi.com/markets/kxmlbspread/pro-baseball-spread,https://kalshi.com/markets/kxmlbspread/pro-baseball-spread/kxmlbspread-26sep182140nyyaz,New York Y wins by over 5.5 runs?,New York Y wins by over 5.5 runs,KXMLBSPREAD-26SEP182140NYYAZ,,KXMLBSPREAD,Pro Baseball Spread,Sports,"[""Baseball""]",settled,binary,0,1,0.99,0.99,0.01,0.99,1,94348.27,94348.27,60455.45,0,2026-09-19T01:56:20Z,2026-09-19T04:34:35Z,2026-09-22T01:40:00Z,,yes,7,greater,5.5,,,True,2026-09-19T16:08:01+00:00
kalshi,KXDAVISCUPMATCH-26SEP18SHESAK-SAK,https://kalshi.com/markets/kxdaviscupmatch/davis-cup-match,https://kalshi.com/markets/kxdaviscupmatch/davis-cup-match/kxdaviscupmatch-26sep18shesak,Rei Sakamoto wins,Rei Sakamoto,KXDAVISCUPMATCH-26SEP18SHESAK,Shepp vs Sakamoto,KXDAVISCUPMATCH,Davis Cup Match,Sports,"[""Tennis""]",settled,binary,0,1,0.99,0.99,0.01,0.99,1,94115.43,94115.43,62017.89,0,2026-09-18T02:25:00Z,2026-09-19T01:50:20Z,2026-10-03T00:00:00Z,,yes,Rei Sakamoto,structured,,,,True,2026-09-19T16:08:16+00:00
kalshi,KXLIGAEXPGAME-26SEP18CLUCOR-CLU,https://kalshi.com/markets/kxligaexpgame/liga-expansion-game,https://kalshi.com/markets/kxligaexpgame/liga-expansion-game/kxligaexpgame-26sep18clucor,Club Atletico La Paz wins,Club Atletico La Paz,KXLIGAEXPGAME-26SEP18CLUCOR,,KXLIGAEXPGAME,Liga Expansion Game,Sports,"[""Soccer""]",settled,binary,0,1,0.99,0.99,0.01,0.99,1,94195.72,93724.94,45893.58,0,2026-09-12T00:38:00Z,2026-09-19T05:12:38Z,2026-09-21T03:00:00Z,,yes,Club Atletico La Paz,structured,,,,True,2026-09-19T16:07:56+00:00
kalshi,KXLOLMAP-26SEP190500JDGIG-2-IG,https://kalshi.com/markets/kxlolmap/league-of-legends-map-winner,https://kalshi.com/markets/kxlolmap/league-of-legends-map-winner/kxlolmap-26sep190500jdgig-2,Invictus Gaming wins map 2,Invictus Gaming,KXLOLMAP-26SEP190500JDGIG-2,,KXLOLMAP,League of Legends Map Winner,Sports,"[""Esports""]",settled,binary,0,1,0.99,0.99,0.01,0.99,1,93419.92,93419.92,60886.77,0,2026-09-18T13:45:00Z,2026-09-19T10:55:08Z,2026-09-21T09:00:00Z,,yes,Invictus Gaming,structured,,,,True,2026-09-19T16:07:41+00:00
kalshi,KXETH15M-26SEP190500-00,https://kalshi.com/markets/kxeth15m/eth-15m-price-up-down,https://kalshi.com/markets/kxeth15m/eth-15m-price-up-down/kxeth15m-26sep190500,ETH price up in next 15 mins?,"Target Price: $2,648.27",KXETH15M-26SEP190500,,KXETH15M,ETH 15M price up down,Crypto,"[""ETH"", ""15 min""]",settled,binary,0,1,0.001,0.001,0.999,0.001,1,93353.74,93353.74,40701.18,0,2026-09-19T08:45:00Z,2026-09-19T09:00:00Z,2026-09-26T09:00:00Z,,no,2643.96,greater_or_equal,2648.27,,,True,2026-09-19T16:07:46+00:00
kalshi,KXNCAAF1HSPREAD-26SEP18HOUTTU-TTU3,https://kalshi.com/markets/kxncaaf1hspread/college-football-1st-half-spread,https://kalshi.com/markets/kxncaaf1hspread/college-football-1st-half-spread/kxncaaf1hspread-26sep18houttu,Texas Tech wins 1H by over 2.5 points,Texas Tech wins 1H by over 2.5 points,KXNCAAF1HSPREAD-26SEP18HOUTTU,,KXNCAAF1HSPREAD,College Football 1st Half Spread,Sports,"[""Football""]",settled,binary,0,1,0.01,0.01,0.99,0.01,1,94254.27,93224.05,49430.29,0,2026-09-14T10:20:00Z,2026-09-19T01:44:28Z,2026-09-21T00:00:00Z,,no,3,greater,2.5,,,True,2026-09-19T16:08:18+00:00
kalshi,KXWNBASPREAD-26SEP18PDXGS-GS16,https://kalshi.com/markets/kxwnbaspread/women-s-pro-basketball-spread,https://kalshi.com/markets/kxwnbaspread/women-s-pro-basketball-spread/kxwnbaspread-26sep18pdxgs,Golden State wins the game by over 15.5 points,Golden State wins by over 15.5 points,KXWNBASPREAD-26SEP18PDXGS,Portland vs Golden State: Spread,KXWNBASPREAD,Women's Pro Basketball Spread,Sports,"[""Basketball""]",settled,binary,0,1,0.99,0.99,0.01,0.99,1,94161.63,93095.7,41267.06,0,2026-09-16T02:10:00Z,2026-09-19T04:30:02Z,2026-09-21T02:00:00Z,,yes,16,greater,15.5,,,True,2026-09-19T16:08:01+00:00
kalshi,KXSOL15M-26SEP181815-15,https://kalshi.com/markets/kxsol15m/solana-15-minutes,https://kalshi.com/markets/kxsol15m/solana-15-minutes/kxsol15m-26sep181815,SOL price up in next 15 mins?,Target Price: $113.2005,KXSOL15M-26SEP181815,,KXSOL15M,Solana 15 minutes,Crypto,"[""15 min"", ""SOL""]",settled,binary,0,1,0.995,0.995,0.005,0.995,1,92800.18,92800.18,28792.33,0,2026-09-18T22:00:00Z,2026-09-18T22:15:00Z,2026-09-25T22:15:00Z,,yes,113.3430,greater_or_equal,113.2005,,,True,2026-09-19T16:08:27+00:00
kalshi,KXXRP15M-26SEP190145-45,https://kalshi.com/markets/kxxrp15m/xrp-15-minute,https://kalshi.com/markets/kxxrp15m/xrp-15-minute/kxxrp15m-26sep190145,XRP price up in next 15 mins?,Target Price: $1.4272,KXXRP15M-26SEP190145,,KXXRP15M,XRP 15 Minute,Crypto,"[""15 min"", ""XRP""]",settled,binary,0,1,0.999,0.999,0.001,0.999,1,92790.52,92790.52,52381.08,0,2026-09-19T05:30:00Z,2026-09-19T05:45:00Z,2026-09-26T05:45:00Z,,yes,1.4365,greater_or_equal,1.4272,,,True,2026-09-19T16:07:55+00:00
kalshi,KXETH15M-26SEP181945-45,https://kalshi.com/markets/kxeth15m/eth-15m-price-up-down,https://kalshi.com/markets/kxeth15m/eth-15m-price-up-down/kxeth15m-26sep181945,ETH price up in next 15 mins?,"Target Price: $2,613.86",KXETH15M-26SEP181945,,KXETH15M,ETH 15M price up down,Crypto,"[""ETH"", ""15 min""]",settled,binary,0,1,0.001,0.001,0.999,0.001,1,92459.79,92459.79,34597.02,0,2026-09-18T23:30:00Z,2026-09-18T23:45:00Z,2026-09-25T23:45:00Z,,no,2611.93,greater_or_equal,2613.86,,,True,2026-09-19T16:08:24+00:00
kalshi,KXMLBTOTAL-26SEP181840CHCCIN-10,https://kalshi.com/markets/kxmlbtotal/pro-baseball-total-points,https://kalshi.com/markets/kxmlbtotal/pro-baseball-total-points/kxmlbtotal-26sep181840chccin,Over 9.5 runs scored,Over 9.5 runs scored,KXMLBTOTAL-26SEP181840CHCCIN,Chicago C vs Cincinnati: Total Runs,KXMLBTOTAL,Pro Baseball Total Points,Sports,"[""Baseball""]",settled,binary,0,1,0.99,0.99,0.01,0.99,1,97312.55,92212.03,53774.84,0,2026-09-18T03:20:00Z,2026-09-19T00:44:30Z,2026-09-21T22:40:00Z,,yes,10,greater,9.5,,,True,2026-09-19T16:08:21+00:00
kalshi,KXMLBTOTAL-26SEP182010ATLHOU-6,https://kalshi.com/markets/kxmlbtotal/pro-baseball-total-points,https://kalshi.com/markets/kxmlbtotal/pro-baseball-total-points/kxmlbtotal-26sep182010atlhou,Over 5.5 runs scored,Over 5.5 runs scored,KXMLBTOTAL-26SEP182010ATLHOU,Atlanta vs Houston: Total Runs,KXMLBTOTAL,Pro Baseball Total Points,Sports,"[""Baseball""]",settled,binary,0,1,0.99,0.99,0.01,0.99,1,92119.21,92006.08,43152.55,0,2026-09-17T23:00:00Z,2026-09-19T02:39:41Z,2026-09-22T00:10:00Z,,yes,6,greater,5.5,,,True,2026-09-19T16:08:13+00:00
kalshi,KXXRP15M-26SEP181615-15,https://kalshi.com/markets/kxxrp15m/xrp-15-minute,https://kalshi.com/markets/kxxrp15m/xrp-15-minute/kxxrp15m-26sep181615,XRP price up in next 15 mins?,Target Price: $1.4101,KXXRP15M-26SEP181615,,KXXRP15M,XRP 15 Minute,Crypto,"[""15 min"", ""XRP""]",settled,binary,0,1,0.002,0.002,0.998,0.002,1,92001.76,92001.76,30845.52,0,2026-09-18T20:00:00Z,2026-09-18T20:15:00Z,2026-09-25T20:15:00Z,,no,1.4077,greater_or_equal,1.4101,,,True,2026-09-19T16:08:32+00:00
kalshi,KXNCAAF1HTOTAL-26SEP18MIAWAKE-31,https://kalshi.com/markets/kxncaaf1htotal/college-football-1st-half-total,https://kalshi.com/markets/kxncaaf1htotal/college-football-1st-half-total/kxncaaf1htotal-26sep18miawake,Over 30.5 1H points scored,Over 30.5 1H points scored,KXNCAAF1HTOTAL-26SEP18MIAWAKE,,KXNCAAF1HTOTAL,College Football 1st Half Total,Sports,"[""Football""]",settled,binary,0,1,0.99,0.99,0.01,0.99,1,92995.78,91683.27,46069.49,0,2026-09-14T10:20:00Z,2026-09-19T01:08:10Z,2026-09-20T23:30:00Z,,yes,31,greater,30.5,,,True,2026-09-19T16:08:18+00:00
kalshi,KXETH15M-26SEP181930-30,https://kalshi.com/markets/kxeth15m/eth-15m-price-up-down,https://kalshi.com/markets/kxeth15m/eth-15m-price-up-down/kxeth15m-26sep181930,ETH price up in next 15 mins?,"Target Price: $2,619.12",KXETH15M-26SEP181930,,KXETH15M,ETH 15M price up down,Crypto,"[""ETH"", ""15 min""]",settled,binary,0,1,0.001,0.001,0.999,0.001,1,91561.65,91561.65,52515.69,0,2026-09-18T23:15:00Z,2026-09-18T23:30:00Z,2026-09-25T23:30:00Z,,no,2613.86,greater_or_equal,2619.12,,,True,2026-09-19T16:08:24+00:00
kalshi,KXXRP15M-26SEP190315-15,https://kalshi.com/markets/kxxrp15m/xrp-15-minute,https://kalshi.com/markets/kxxrp15m/xrp-15-minute/kxxrp15m-26sep190315,XRP price up in next 15 mins?,Target Price: $1.4214,KXXRP15M-26SEP190315,,KXXRP15M,XRP 15 Minute,Crypto,"[""15 min"", ""XRP""]",settled,binary,0,1,0.005,0.005,0.995,0.005,1,91354.78,91354.78,33679.61,0,2026-09-19T07:00:00Z,2026-09-19T07:15:00Z,2026-09-26T07:15:00Z,,no,1.4205,greater_or_equal,1.4214,,,True,2026-09-19T16:07:50+00:00
kalshi,KXMLBSPREAD-26SEP182140NYYAZ-NYY7,https://kalshi.com/markets/kxmlbspread/pro-baseball-spread,https://kalshi.com/markets/kxmlbspread/pro-baseball-spread/kxmlbspread-26sep182140nyyaz,New York Y wins by over 6.5 runs?,New York Y wins by over 6.5 runs,KXMLBSPREAD-26SEP182140NYYAZ,,KXMLBSPREAD,Pro Baseball Spread,Sports,"[""Baseball""]",settled,binary,0,1,0.99,0.99,0.01,0.99,1,91346.51,91346.51,51822.96,0,2026-09-19T01:56:20Z,2026-09-19T04:34:36Z,2026-09-22T01:40:00Z,,yes,7,greater,6.5,,,True,2026-09-19T16:08:01+00:00
kalshi,KXMLBTOTAL-26SEP181905MILBAL-10,https://kalshi.com/markets/kxmlbtotal/pro-baseball-total-points,https://kalshi.com/markets/kxmlbtotal/pro-baseball-total-points/kxmlbtotal-26sep181905milbal,Over 9.5 runs scored,Over 9.5 runs scored,KXMLBTOTAL-26SEP181905MILBAL,Milwaukee vs Baltimore: Total Runs,KXMLBTOTAL,Pro Baseball Total Points,Sports,"[""Baseball""]",settled,binary,0,1,0.99,0.99,0.01,0.99,1,91466.32,91269.86,48882.15,0,2026-09-18T03:10:00Z,2026-09-19T02:34:24Z,2026-09-21T23:05:00Z,,yes,10,greater,9.5,,,True,2026-09-19T16:08:13+00:00
kalshi,KXMLBTOTAL-26SEP181905MILBAL-12,https://kalshi.com/markets/kxmlbtotal/pro-baseball-total-points,https://kalshi.com/markets/kxmlbtotal/pro-baseball-total-points/kxmlbtotal-26sep181905milbal,Over 11.5 runs scored,Over 11.5 runs scored,KXMLBTOTAL-26SEP181905MILBAL,Milwaukee vs Baltimore: Total Runs,KXMLBTOTAL,Pro Baseball Total Points,Sports,"[""Baseball""]",settled,binary,0,1,0.01,0.01,0.99,0.01,1,90978.38,90978.38,56038.9,0,2026-09-18T03:10:00Z,2026-09-19T02:54:31Z,2026-09-21T23:05:00Z,,no,11,greater,11.5,,,True,2026-09-19T16:08:13+00:00
kalshi,KXITFWMATCH-26SEP19CRALEO-CRA,https://kalshi.com/markets/kxitfwmatch/itf-women-s-match,https://kalshi.com/markets/kxitfwmatch/itf-women-s-match/kxitfwmatch-26sep19craleo,Fiona Crawley wins,Fiona Crawley,KXITFWMATCH-26SEP19CRALEO,,KXITFWMATCH,ITF Women's Match,Sports,"[""Tennis""]",settled,binary,0,1,0.99,0.99,0.01,0.99,1,90875.29,90875.29,78082.89,0,2026-09-18T22:11:00Z,2026-09-19T15:54:33Z,2026-10-03T14:00:00Z,,yes,Fiona Crawley,structured,,,,True,2026-09-19T16:07:35+00:00
kalshi,KXWTASETWINNER-26SEP18KOSQUE-1-QUE,https://kalshi.com/markets/kxwtasetwinner/wta-set-winner,https://kalshi.com/markets/kxwtasetwinner/wta-set-winner/kxwtasetwinner-26sep18kosque-1,Will Kaitlin Quevedo win set 1 in the Teodora Kostovic vs Kaitlin Quevedo match,Kaitlin Quevedo,KXWTASETWINNER-26SEP18KOSQUE-1,,KXWTASETWINNER,WTA Set Winner,Sports,"[""Tennis""]",settled,binary,0,1,0.99,0.99,0.01,0.99,1,97111.56,90754.03,64170.34,0,2026-09-17T17:50:00Z,2026-09-18T17:05:59Z,2026-10-02T16:00:00Z,,yes,"Quevedo, Kaitlin",structured,,,,True,2026-09-19T16:08:42+00:00
kalshi,KXSILVER15M-26SEP181415-15,https://kalshi.com/markets/kxsilver15m/silver-15-minute,https://kalshi.com/markets/kxsilver15m/silver-15-minute/kxsilver15m-26sep181415,Silver price up in next 15 mins?,Target Price: $66.756,KXSILVER15M-26SEP181415,,KXSILVER15M,Silver 15-minute,Commodities,"[""Metals""]",settled,binary,0,1,0.008,0.008,0.992,0.008,1,90627.04,90627.04,31053.5,0,2026-09-18T18:00:00Z,2026-09-18T18:15:00Z,2026-09-25T18:15:00Z,,no,66.745,greater_or_equal,66.756,,,True,2026-09-19T16:08:39+00:00
kalshi,KXMLBF5-26SEP182005TORTEX-TOR,https://kalshi.com/markets/kxmlbf5/first-5-innings-winner,https://kalshi.com/markets/kxmlbf5/first-5-innings-winner/kxmlbf5-26sep182005tortex,Toronto first 5 innings winner,Toronto wins first 5 innings,KXMLBF5-26SEP182005TORTEX,,KXMLBF5,First 5 Innings Winner,Sports,"[""Baseball""]",settled,binary,0,1,0.01,0.01,0.99,0.01,1,91792.34,90440.98,66597.11,0,2026-09-18T01:40:00Z,2026-09-19T02:20:14Z,2026-09-22T00:05:00Z,,no,ad64d981-5e58-4988-8e7e-7cac4ff4960c,structured,,,,True,2026-09-19T16:08:14+00:00
kalshi,KXNASDAQ100U-26SEP18H1600-T29519.99,https://kalshi.com/markets/kxnasdaq100u/nasdaq-above-below,https://kalshi.com/markets/kxnasdaq100u/nasdaq-above-below/kxnasdaq100u-26sep18h1600,"Will the Nasdaq-100 be above 29519.99 at the end of Sep 18, 2026 at 4pm EDT?","29,520 or above",KXNASDAQ100U-26SEP18H1600,,KXNASDAQ100U,Nasdaq above/below,Financials,"[""Indices""]",settled,binary,0,1,0.99,0.99,0.01,0.99,1,91406.91,90104.1,69035.28,0,2026-09-17T20:00:00Z,2026-09-18T20:00:00Z,2026-09-25T23:00:00Z,,yes,29644.1674,greater_or_equal,29520,,,True,2026-09-19T16:08:33+00:00
kalshi,KXETH15M-26SEP191115-15,https://kalshi.com/markets/kxeth15m/eth-15m-price-up-down,https://kalshi.com/markets/kxeth15m/eth-15m-price-up-down/kxeth15m-26sep191115,ETH price up in next 15 mins?,"Target Price: $2,638.28",KXETH15M-26SEP191115,,KXETH15M,ETH 15M price up down,Crypto,"[""ETH"", ""15 min""]",settled,binary,0,1,0.999,0.999,0.001,0.999,1,90034.36,90034.36,45491.17,0,2026-09-19T15:00:00Z,2026-09-19T15:15:00Z,2026-09-26T15:15:00Z,,yes,2642.09,greater_or_equal,2638.28,,,True,2026-09-19T16:07:35+00:00
kalshi,KXXRP15M-26SEP182230-30,https://kalshi.com/markets/kxxrp15m/xrp-15-minute,https://kalshi.com/markets/kxxrp15m/xrp-15-minute/kxxrp15m-26sep182230,XRP price up in next 15 mins?,Target Price: $1.4166,KXXRP15M-26SEP182230,,KXXRP15M,XRP 15 Minute,Crypto,"[""15 min"", ""XRP""]",settled,binary,0,1,0.993,0.993,0.007,0.993,1,89976.65,89976.65,25902.94,0,2026-09-19T02:15:00Z,2026-09-19T02:30:00Z,2026-09-26T02:30:00Z,,yes,1.4167,greater_or_equal,1.4166,,,True,2026-09-19T16:08:13+00:00
kalshi,KXWTI15M-26SEP181430-30,https://kalshi.com/markets/kxwti15m/wti-15-minute,https://kalshi.com/markets/kxwti15m/wti-15-minute/kxwti15m-26sep181430,WTI Oil price up in next 15 mins?,Target Price: $95.83,KXWTI15M-26SEP181430,,KXWTI15M,WTI 15-minute,Commodities,"[""Oil & Gas""]",settled,binary,0,1,0.998,0.998,0.002,0.998,1,89808.5,89808.5,31117.12,0,2026-09-18T18:15:00Z,2026-09-18T18:30:00Z,2026-09-25T18:30:00Z,,yes,96.04,greater_or_equal,95.83,,,True,2026-09-19T16:08:39+00:00
kalshi,KXETH15M-26SEP190930-30,https://kalshi.com/markets/kxeth15m/eth-15m-price-up-down,https://kalshi.com/markets/kxeth15m/eth-15m-price-up-down/kxeth15m-26sep190930,ETH price up in next 15 mins?,"Target Price: $2,636.20",KXETH15M-26SEP190930,,KXETH15M,ETH 15M price up down,Crypto,"[""ETH"", ""15 min""]",settled,binary,0,1,0.001,0.001,0.999,0.001,1,89750.33,89750.33,31560.58,0,2026-09-19T13:15:00Z,2026-09-19T13:30:00Z,2026-09-26T13:30:00Z,,no,2633.03,greater_or_equal,2636.2,,,True,2026-09-19T16:07:38+00:00
kalshi,KXCS2GAME-26SEP181100AURNRG-AUR,https://kalshi.com/markets/kxcs2game/counter-strike-2-game,https://kalshi.com/markets/kxcs2game/counter-strike-2-game/kxcs2game-26sep181100aurnrg,Aurora Gaming wins,Aurora Gaming,KXCS2GAME-26SEP181100AURNRG,,KXCS2GAME,Counter-Strike 2 Game,Sports,"[""Esports""]",settled,binary,0,1,0.99,0.99,0.01,0.99,1,104634.8,89599.32,64588.6,0,2026-09-17T17:50:00Z,2026-09-18T18:29:48Z,2026-09-20T15:00:00Z,,yes,Aurora Gaming,structured,,,,True,2026-09-19T16:08:39+00:00
kalshi,KXSOL15M-26SEP190100-00,https://kalshi.com/markets/kxsol15m/solana-15-minutes,https://kalshi.com/markets/kxsol15m/solana-15-minutes/kxsol15m-26sep190100,SOL price up in next 15 mins?,Target Price: $112.3522,KXSOL15M-26SEP190100,,KXSOL15M,Solana 15 minutes,Crypto,"[""15 min"", ""SOL""]",settled,binary,0,1,0.001,0.001,0.999,0.001,1,89584.5,89584.5,25994.58,0,2026-09-19T04:45:00Z,2026-09-19T05:00:00Z,2026-09-26T05:00:00Z,,no,112.3365,greater_or_equal,112.3522,,,True,2026-09-19T16:07:57+00:00
kalshi,KXWTACHALLENGERMATCH-26SEP18BURHER-HER,https://kalshi.com/markets/kxwtachallengermatch/challenger-wta,https://kalshi.com/markets/kxwtachallengermatch/challenger-wta/kxwtachallengermatch-26sep18burher,Alicia Herrero Linana wins,Alicia Herrero Linana,KXWTACHALLENGERMATCH-26SEP18BURHER,,KXWTACHALLENGERMATCH,Challenger WTA,Sports,"[""Tennis""]",settled,binary,0,1,0.99,0.99,0.01,0.99,1,525018.35,89512.43,333439.8,0,2026-09-18T02:41:00Z,2026-09-18T16:15:07Z,2026-10-02T14:30:00Z,,yes,Alicia Herrero Linana,structured,,,,True,2026-09-19T16:08:45+00:00
kalshi,KXSOL15M-26SEP181345-45,https://kalshi.com/markets/kxsol15m/solana-15-minutes,https://kalshi.com/markets/kxsol15m/solana-15-minutes/kxsol15m-26sep181345,SOL price up in next 15 mins?,Target Price: $112.1813,KXSOL15M-26SEP181345,,KXSOL15M,Solana 15 minutes,Crypto,"[""15 min"", ""SOL""]",settled,binary,0,1,0.999,0.999,0.001,0.999,1,89318.72,89318.72,26475.01,0,2026-09-18T17:30:00Z,2026-09-18T17:45:00Z,2026-09-25T17:45:00Z,,yes,112.4993,greater_or_equal,112.1813,,,True,2026-09-19T16:08:42+00:00
kalshi,KXSOL15M-26SEP190515-15,https://kalshi.com/markets/kxsol15m/solana-15-minutes,https://kalshi.com/markets/kxsol15m/solana-15-minutes/kxsol15m-26sep190515,SOL price up in next 15 mins?,Target Price: $112.2118,KXSOL15M-26SEP190515,,KXSOL15M,Solana 15 minutes,Crypto,"[""15 min"", ""SOL""]",settled,binary,0,1,0.999,0.999,0.001,0.999,1,89253.19,89253.19,16609.94,0,2026-09-19T09:00:00Z,2026-09-19T09:15:00Z,2026-09-26T09:15:00Z,,yes,112.2195,greater_or_equal,112.2118,,,True,2026-09-19T16:07:44+00:00
kalshi,KXMLBTOTAL-26SEP182010ATLHOU-9,https://kalshi.com/markets/kxmlbtotal/pro-baseball-total-points,https://kalshi.com/markets/kxmlbtotal/pro-baseball-total-points/kxmlbtotal-26sep182010atlhou,Over 8.5 runs scored,Over 8.5 runs scored,KXMLBTOTAL-26SEP182010ATLHOU,Atlanta vs Houston: Total Runs,KXMLBTOTAL,Pro Baseball Total Points,Sports,"[""Baseball""]",settled,binary,0,1,0.01,0.01,0.99,0.01,1,100112.33,89131.48,57270.73,0,2026-09-17T23:00:00Z,2026-09-19T02:55:01Z,2026-09-22T00:10:00Z,,no,8,greater,8.5,,,True,2026-09-19T16:08:12+00:00
kalshi,KXNCAAFTEAMTOTAL-26SEP18PRSTORE-ORE76,https://kalshi.com/markets/kxncaafteamtotal/college-football-team-total-points,https://kalshi.com/markets/kxncaafteamtotal/college-football-team-total-points/kxncaafteamtotal-26sep18prstore,Oregon scores over 75.5 points,Oregon over 75.5 points scored,KXNCAAFTEAMTOTAL-26SEP18PRSTORE,Portland St. vs Oregon: Team Total,KXNCAAFTEAMTOTAL,College Football Team Total Points,Sports,"[""Football""]",settled,binary,0,1,0.99,0.99,0.01,0.99,1,91012.07,89003.31,40422.2,0,2026-09-15T13:06:00Z,2026-09-19T05:43:31Z,2026-09-21T02:30:00Z,,yes,"Home: at least 77, Away: at least 0",greater,75.5,,,True,2026-09-19T16:07:55+00:00
kalshi,KXELITESERIENGAME-26SEP18SARKFU-SAR,https://kalshi.com/markets/kxeliteseriengame/eliteserien-game,https://kalshi.com/markets/kxeliteseriengame/eliteserien-game/kxeliteseriengame-26sep18sarkfu,Sarpsborg wins,Sarpsborg,KXELITESERIENGAME-26SEP18SARKFU,Sarpsborg vs KFUM Oslo,KXELITESERIENGAME,Eliteserien Game,Sports,"[""Soccer""]",settled,binary,0,1,0.01,0.01,0.99,0.01,1,104942.89,88875.05,61085.97,0,2026-09-14T00:35:00Z,2026-09-18T19:03:28Z,2026-09-20T17:00:00Z,,no,KFUM Oslo,structured,,,,True,2026-09-19T16:08:36+00:00
kalshi,KXXRP15M-26SEP190045-45,https://kalshi.com/markets/kxxrp15m/xrp-15-minute,https://kalshi.com/markets/kxxrp15m/xrp-15-minute/kxxrp15m-26sep190045,XRP price up in next 15 mins?,Target Price: $1.4153,KXXRP15M-26SEP190045,,KXXRP15M,XRP 15 Minute,Crypto,"[""15 min"", ""XRP""]",settled,binary,0,1,0.001,0.001,0.999,0.001,1,88815.91,88815.91,31979.6,0,2026-09-19T04:30:00Z,2026-09-19T04:45:00Z,2026-09-26T04:45:00Z,,no,1.4135,greater_or_equal,1.4153,,,True,2026-09-19T16:08:00+00:00
kalshi,KXNCAAFTEAMTOTAL-26SEP18PRSTORE-PRST7,https://kalshi.com/markets/kxncaafteamtotal/college-football-team-total-points,https://kalshi.com/markets/kxncaafteamtotal/college-football-team-total-points/kxncaafteamtotal-26sep18prstore,Portland St. scores over 6.5 points,Portland St. over 6.5 points scored,KXNCAAFTEAMTOTAL-26SEP18PRSTORE,Portland St. vs Oregon: Team Total,KXNCAAFTEAMTOTAL,College Football Team Total Points,Sports,"[""Football""]",settled,binary,0,1,0.02,0.02,0.98,0.02,1,93716.14,88793.99,69459.65,0,2026-09-15T13:06:00Z,2026-09-19T05:53:58Z,2026-09-21T02:30:00Z,,no,"Home: 84, Away: 0",greater,6.5,,,True,2026-09-19T16:07:55+00:00
kalshi,KXNWSLGAME-26SEP18SANKC-TIE,https://kalshi.com/markets/kxnwslgame/nwsl-game,https://kalshi.com/markets/kxnwslgame/nwsl-game/kxnwslgame-26sep18sankc,Tie is the result,Tie,KXNWSLGAME-26SEP18SANKC,San Diego Wave FC vs Kansas City,KXNWSLGAME,NWSL Game,Sports,"[""Soccer""]",settled,binary,0,1,0.01,0.01,0.99,0.01,1,88829.53,88767.97,50781.29,0,2026-09-15T00:38:00Z,2026-09-19T04:06:59Z,2026-09-21T02:00:00Z,,no,San Diego Wave FC,structured,,,,True,2026-09-19T16:08:01+00:00
kalshi,KXSOL15M-26SEP181315-15,https://kalshi.com/markets/kxsol15m/solana-15-minutes,https://kalshi.com/markets/kxsol15m/solana-15-minutes/kxsol15m-26sep181315,SOL price up in next 15 mins?,Target Price: $111.6487,KXSOL15M-26SEP181315,,KXSOL15M,Solana 15 minutes,Crypto,"[""15 min"", ""SOL""]",settled,binary,0,1,0.995,0.995,0.005,0.995,1,88743.26,88743.26,30476.16,0,2026-09-18T17:00:00Z,2026-09-18T17:15:00Z,2026-09-25T17:15:00Z,,yes,111.7922,greater_or_equal,111.6487,,,True,2026-09-19T16:08:42+00:00
kalshi,KXNCAAF1H-26SEP18HOUTTU-TIE,https://kalshi.com/markets/kxncaaf1h/college-football-1st-half-winner,https://kalshi.com/markets/kxncaaf1h/college-football-1st-half-winner/kxncaaf1h-26sep18houttu,Tie in the 1st half,Tie 1st Half,KXNCAAF1H-26SEP18HOUTTU,Houston vs Texas Tech: 1st Half Winner,KXNCAAF1H,College Football 1st Half Winner,Sports,"[""Football""]",settled,binary,0,1,0.01,0.01,0.99,0.01,1,91223.61,88718.44,60306.85,0,2026-09-05T00:22:00Z,2026-09-19T01:44:26Z,2026-09-21T00:00:00Z,,no,Houston wins 1st Half,structured,,,,True,2026-09-19T16:08:18+00:00
kalshi,KXSOL15M-26SEP182100-00,https://kalshi.com/markets/kxsol15m/solana-15-minutes,https://kalshi.com/markets/kxsol15m/solana-15-minutes/kxsol15m-26sep182100,SOL price up in next 15 mins?,Target Price: $113.4505,KXSOL15M-26SEP182100,,KXSOL15M,Solana 15 minutes,Crypto,"[""15 min"", ""SOL""]",settled,binary,0,1,0.999,0.999,0.001,0.999,1,88656.09,88656.09,28695.17,0,2026-09-19T00:45:00Z,2026-09-19T01:00:00Z,2026-09-26T01:00:00Z,,yes,113.6433,greater_or_equal,113.4505,,,True,2026-09-19T16:08:19+00:00
kalshi,KXCS2MAP-26SEP190830FURIAMOUZ-2-FURIA,https://kalshi.com/markets/kxcs2map/counter-strike-2-map-winner,https://kalshi.com/markets/kxcs2map/counter-strike-2-map-winner/kxcs2map-26sep190830furiamouz-2,FURIA wins map 2,FURIA,KXCS2MAP-26SEP190830FURIAMOUZ-2,,KXCS2MAP,Counter-Strike 2 Map Winner ,Sports,"[""Esports""]",settled,binary,0,1,0.01,0.01,0.99,0.01,1,88564.45,88564.45,41457.13,0,2026-09-18T21:55:00Z,2026-09-19T14:20:10Z,2026-09-21T12:30:00Z,,no,MOUZ,structured,,,,True,2026-09-19T16:07:37+00:00
kalshi,KXEKSTRAKLASAGAME-26SEP18WLOWIE-TIE,https://kalshi.com/markets/kxekstraklasagame/polish-ekstraklasa-game,https://kalshi.com/markets/kxekstraklasagame/polish-ekstraklasa-game/kxekstraklasagame-26sep18wlowie,Tie is the result,Tie,KXEKSTRAKLASAGAME-26SEP18WLOWIE,,KXEKSTRAKLASAGAME,Polish Ekstraklasa Game,Sports,"[""Soccer""]",settled,binary,0,1,0.99,0.99,0.01,0.99,1,88915.64,88531.4,40813.12,0,2026-09-14T00:35:00Z,2026-09-18T18:36:58Z,2026-09-20T16:00:00Z,,yes,Tie,structured,,,,True,2026-09-19T16:08:39+00:00
kalshi,KXITFDOUBLES-26SEP18ALMPINBRAMOU-BRAMOU,https://kalshi.com/markets/kxitfdoubles/itf-doubles-match,https://kalshi.com/markets/kxitfdoubles/itf-doubles-match/kxitfdoubles-26sep18almpinbramou,Braga / Mouilleron Salvo wins,Braga / Mouilleron Salvo,KXITFDOUBLES-26SEP18ALMPINBRAMOU,,KXITFDOUBLES,ITF Doubles Match,Sports,"[""Tennis""]",settled,binary,0,1,0.99,0.99,0.01,0.99,1,88508.6,88508.6,55580.71,0,2026-09-18T05:11:00Z,2026-09-18T20:34:44Z,2026-10-02T21:00:00Z,,yes,Braga / Mouilleron Salvo,structured,,,,True,2026-09-19T16:08:32+00:00
kalshi,KXNCAAFTOTAL-26SEP18MIAWAKE-52,https://kalshi.com/markets/kxncaaftotal/college-football-total-points,https://kalshi.com/markets/kxncaaftotal/college-football-total-points/kxncaaftotal-26sep18miawake,Over 51.5 points scored,Over 51.5 points scored,KXNCAAFTOTAL-26SEP18MIAWAKE,Miami (FL) vs Wake Forest: Total Points,KXNCAAFTOTAL,College Football Total Points,Sports,"[""Football""]",settled,binary,0,1,0.99,0.99,0.01,0.99,1,93106.41,88410.84,69778.99,0,2026-09-12T01:07:00Z,2026-09-19T03:14:38Z,2026-09-20T23:30:00Z,,yes,53,greater,51.5,,,True,2026-09-19T16:08:06+00:00
kalshi,KXNCAAFTOTAL-26SEP18MIAWAKE-53,https://kalshi.com/markets/kxncaaftotal/college-football-total-points,https://kalshi.com/markets/kxncaaftotal/college-football-total-points/kxncaaftotal-26sep18miawake,Over 52.5 points scored,Over 52.5 points scored,KXNCAAFTOTAL-26SEP18MIAWAKE,Miami (FL) vs Wake Forest: Total Points,KXNCAAFTOTAL,College Football Total Points,Sports,"[""Football""]",settled,binary,0,1,0.99,0.99,0.01,0.99,1,92586.39,88265.3,69475.85,0,2026-09-12T01:07:00Z,2026-09-19T03:14:39Z,2026-09-20T23:30:00Z,,yes,53,greater,52.5,,,True,2026-09-19T16:08:06+00:00
kalshi,KXXRP15M-26SEP182115-15,https://kalshi.com/markets/kxxrp15m/xrp-15-minute,https://kalshi.com/markets/kxxrp15m/xrp-15-minute/kxxrp15m-26sep182115,XRP price up in next 15 mins?,Target Price: $1.4094,KXXRP15M-26SEP182115,,KXXRP15M,XRP 15 Minute,Crypto,"[""15 min"", ""XRP""]",settled,binary,0,1,0.001,0.001,0.999,0.001,1,87827.39,87827.39,27212.24,0,2026-09-19T01:00:00Z,2026-09-19T01:15:00Z,2026-09-26T01:15:00Z,,no,1.4035,greater_or_equal,1.4094,,,True,2026-09-19T16:08:18+00:00
kalshi,KXCS2MAP-26SEP190830FURIAMOUZ-2-MOUZ,https://kalshi.com/markets/kxcs2map/counter-strike-2-map-winner,https://kalshi.com/markets/kxcs2map/counter-strike-2-map-winner/kxcs2map-26sep190830furiamouz-2,MOUZ wins map 2,MOUZ,KXCS2MAP-26SEP190830FURIAMOUZ-2,,KXCS2MAP,Counter-Strike 2 Map Winner ,Sports,"[""Esports""]",settled,binary,0,1,0.99,0.99,0.01,0.99,1,87744.83,87744.83,51172.67,0,2026-09-18T21:55:00Z,2026-09-19T14:20:10Z,2026-09-21T12:30:00Z,,yes,MOUZ,structured,,,,True,2026-09-19T16:07:37+00:00
kalshi,KXBTCD-26SEP1903-T80799.99,https://kalshi.com/markets/kxbtcd/bitcoin-price-above-below,https://kalshi.com/markets/kxbtcd/bitcoin-price-above-below/kxbtcd-26sep1903,"Bitcoin price on Sep 19, 2026?","$80,800 or above",KXBTCD-26SEP1903,"BTC price on Sep 19, 2026 at 3am EDT?",KXBTCD,Bitcoin price Above/below,Crypto,"[""Hourly"", ""BTC""]",settled,binary,0,1,0.99,0.99,0.01,0.99,1,87714.94,87714.94,43417.2,0,2026-09-19T06:00:00Z,2026-09-19T07:00:00Z,2026-09-26T07:00:00Z,,yes,81013.63,greater,80799.99,,BRTI,True,2026-09-19T16:07:52+00:00
kalshi,KXJLEAGUEGAME-26SEP19AVISAN-TIE,https://kalshi.com/markets/kxjleaguegame/japan-j-league-game,https://kalshi.com/markets/kxjleaguegame/japan-j-league-game/kxjleaguegame-26sep19avisan,Tie is the result,Tie,KXJLEAGUEGAME-26SEP19AVISAN,Avispa vs Hiroshima,KXJLEAGUEGAME,Japan J League Game,Sports,"[""Soccer""]",settled,binary,0,1,0.01,0.01,0.99,0.01,1,87648.92,87583.4,38936.02,0,2026-09-12T00:37:00Z,2026-09-19T11:24:34Z,2026-09-21T09:00:00Z,,no,Hiroshima,structured,,,,True,2026-09-19T16:07:40+00:00
kalshi,KXARGPREMDIVGAME-26SEP18RACCAS-TIE,https://kalshi.com/markets/kxargpremdivgame/argentina-primera-division-game,https://kalshi.com/markets/kxargpremdivgame/argentina-primera-division-game/kxargpremdivgame-26sep18raccas,Tie is the result,Tie,KXARGPREMDIVGAME-26SEP18RACCAS,Racing Avellaneda vs Junin,KXARGPREMDIVGAME,Argentina Primera Division Game,Sports,"[""Soccer""]",settled,binary,0,1,0.01,0.01,0.99,0.01,1,89115.35,87488.79,66078.92,0,2026-09-15T00:34:00Z,2026-09-19T02:11:56Z,2026-09-21T00:15:00Z,,no,Racing Avellaneda,structured,,,,True,2026-09-19T16:08:14+00:00
kalshi,KXDAVISCUPMATCH-26SEP18KNAPIR-KNA,https://kalshi.com/markets/kxdaviscupmatch/davis-cup-match,https://kalshi.com/markets/kxdaviscupmatch/davis-cup-match/kxdaviscupmatch-26sep18knapir,Alex Knaff wins,Alex Knaff,KXDAVISCUPMATCH-26SEP18KNAPIR,,KXDAVISCUPMATCH,Davis Cup Match,Sports,"[""Tennis""]",settled,binary,0,1,0.01,0.01,0.99,0.01,1,87551.21,87394.91,61399.5,0,2026-09-17T17:15:00Z,2026-09-18T19:10:00Z,2026-10-02T17:10:00Z,,no,Zsombor Piros,structured,,,,True,2026-09-19T16:08:36+00:00
kalshi,KXSILVER15M-26SEP181215-15,https://kalshi.com/markets/kxsilver15m/silver-15-minute,https://kalshi.com/markets/kxsilver15m/silver-15-minute/kxsilver15m-26sep181215,Silver price up in next 15 mins?,Target Price: $66.355,KXSILVER15M-26SEP181215,,KXSILVER15M,Silver 15-minute,Commodities,"[""Metals""]",settled,binary,0,1,0.001,0.001,0.999,0.001,1,87205.85,87205.85,28506.21,0,2026-09-18T16:00:00Z,2026-09-18T16:15:00Z,2026-09-25T16:15:00Z,,no,66.283,greater_or_equal,66.355,,,True,2026-09-19T16:08:45+00:00
kalshi,KXXRP15M-26SEP190930-30,https://kalshi.com/markets/kxxrp15m/xrp-15-minute,https://kalshi.com/markets/kxxrp15m/xrp-15-minute/kxxrp15m-26sep190930,XRP price up in next 15 mins?,Target Price: $1.4428,KXXRP15M-26SEP190930,,KXXRP15M,XRP 15 Minute,Crypto,"[""15 min"", ""XRP""]",settled,binary,0,1,0.001,0.001,0.999,0.001,1,87191.11,87191.11,38978.04,0,2026-09-19T13:15:00Z,2026-09-19T13:30:00Z,2026-09-26T13:30:00Z,,no,1.4358,greater_or_equal,1.4428,,,True,2026-09-19T16:07:38+00:00
kalshi,KXETH15M-26SEP190415-15,https://kalshi.com/markets/kxeth15m/eth-15m-price-up-down,https://kalshi.com/markets/kxeth15m/eth-15m-price-up-down/kxeth15m-26sep190415,ETH price up in next 15 mins?,"Target Price: $2,626.44",KXETH15M-26SEP190415,,KXETH15M,ETH 15M price up down,Crypto,"[""ETH"", ""15 min""]",settled,binary,0,1,0.999,0.999,0.001,0.999,1,87113.24,87113.24,36185.05,0,2026-09-19T08:00:00Z,2026-09-19T08:15:00Z,2026-09-26T08:15:00Z,,yes,2634.76,greater_or_equal,2626.44,,,True,2026-09-19T16:07:47+00:00
kalshi,KXXRP15M-26SEP181445-45,https://kalshi.com/markets/kxxrp15m/xrp-15-minute,https://kalshi.com/markets/kxxrp15m/xrp-15-minute/kxxrp15m-26sep181445,XRP price up in next 15 mins?,Target Price: $1.3903,KXXRP15M-26SEP181445,,KXXRP15M,XRP 15 Minute,Crypto,"[""15 min"", ""XRP""]",settled,binary,0,1,0.001,0.001,0.999,0.001,1,87080.33,87080.33,27232.18,0,2026-09-18T18:30:00Z,2026-09-18T18:45:00Z,2026-09-25T18:45:00Z,,no,1.3887,greater_or_equal,1.3903,,,True,2026-09-19T16:08:39+00:00
kalshi,KXSOL15M-26SEP181215-15,https://kalshi.com/markets/kxsol15m/solana-15-minutes,https://kalshi.com/markets/kxsol15m/solana-15-minutes/kxsol15m-26sep181215,SOL price up in next 15 mins?,Target Price: $111.1687,KXSOL15M-26SEP181215,,KXSOL15M,Solana 15 minutes,Crypto,"[""15 min"", ""SOL""]",settled,binary,0,1,0.999,0.999,0.001,0.999,1,87014.14,87014.14,27134.81,0,2026-09-18T16:00:00Z,2026-09-18T16:15:00Z,2026-09-25T16:15:00Z,,yes,111.4105,greater_or_equal,111.1687,,,True,2026-09-19T16:08:45+00:00
kalshi,KXLOLMAP-26SEP181100MKOINAVI-2-NAVI,https://kalshi.com/markets/kxlolmap/league-of-legends-map-winner,https://kalshi.com/markets/kxlolmap/league-of-legends-map-winner/kxlolmap-26sep181100mkoinavi-2,Natus Vincere wins map 2,Natus Vincere,KXLOLMAP-26SEP181100MKOINAVI-2,,KXLOLMAP,League of Legends Map Winner,Sports,"[""Esports""]",settled,binary,0,1,0.01,0.01,0.99,0.01,1,87627.95,87004.67,62121.97,0,2026-09-15T00:25:00Z,2026-09-18T16:54:56Z,2026-09-20T15:00:00Z,,no,Movistar KOI,structured,,,,True,2026-09-19T16:08:45+00:00
kalshi,KXAPFDDHTOTAL-26SEP18NACMAY-4,https://kalshi.com/markets/kxapfddhtotal/point-total,https://kalshi.com/markets/kxapfddhtotal/point-total/kxapfddhtotal-26sep18nacmay,Will over 3.5 goals be scored?,Over 3.5 goals scored,KXAPFDDHTOTAL-26SEP18NACMAY,,KXAPFDDHTOTAL,Point Total,Sports,"[""Soccer""]",settled,binary,0,1,0.01,0.01,0.99,0.01,1,86950.12,86950.12,43940.93,0,2026-09-17T22:05:00Z,2026-09-18T23:35:01Z,2026-09-20T21:30:00Z,,no,3,greater,3.5,,,True,2026-09-19T16:08:24+00:00
kalshi,KXNCAAFSPREAD-26SEP18HOUTTU-HOU2,https://kalshi.com/markets/kxncaafspread/college-football-spread,https://kalshi.com/markets/kxncaafspread/college-football-spread/kxncaafspread-26sep18houttu,Houston wins by over 1.5 points,Houston wins by over 1.5 points,KXNCAAFSPREAD-26SEP18HOUTTU,Houston vs Texas Tech: Spread,KXNCAAFSPREAD,College Football Spread,Sports,"[""Football""]",settled,binary,0,1,0.01,0.01,0.99,0.01,1,87375.84,86944.42,49364.7,0,2026-09-12T01:07:00Z,2026-09-19T03:34:34Z,2026-09-21T00:00:00Z,,no,2,greater,1.5,,,True,2026-09-19T16:08:05+00:00
kalshi,KXDOGE15M-26SEP181700-00,https://kalshi.com/markets/kxdoge15m/dogecoin-15-minute,https://kalshi.com/markets/kxdoge15m/dogecoin-15-minute/kxdoge15m-26sep181700,DOGE price up in next 15 mins?,Target Price: $0.0881705,KXDOGE15M-26SEP181700,,KXDOGE15M,Dogecoin 15 Minute,Crypto,"[""DOGE"", ""15 min""]",settled,binary,0,1,0.999,0.999,0.001,0.999,1,86731.53,86731.53,27196.17,0,2026-09-18T20:45:00Z,2026-09-18T21:00:00Z,2026-09-25T21:00:00Z,,yes,0.0882030,greater_or_equal,0.08817,,,True,2026-09-19T16:08:31+00:00
kalshi,KXWNBASPREAD-26SEP18INDTOR-IND14,https://kalshi.com/markets/kxwnbaspread/women-s-pro-basketball-spread,https://kalshi.com/markets/kxwnbaspread/women-s-pro-basketball-spread/kxwnbaspread-26sep18indtor,Indiana wins the game by over 13.5 points,Indiana wins by over 13.5 points,KXWNBASPREAD-26SEP18INDTOR,,KXWNBASPREAD,Women's Pro Basketball Spread,Sports,"[""Basketball""]",settled,binary,0,1,0.99,0.99,0.01,0.99,1,103203.86,86697.17,56203.2,0,2026-09-15T23:40:00Z,2026-09-19T02:09:58Z,2026-09-20T23:30:00Z,,yes,18,greater,13.5,,,True,2026-09-19T16:08:14+00:00
kalshi,KXETH15M-26SEP190245-45,https://kalshi.com/markets/kxeth15m/eth-15m-price-up-down,https://kalshi.com/markets/kxeth15m/eth-15m-price-up-down/kxeth15m-26sep190245,ETH price up in next 15 mins?,"Target Price: $2,623.01",KXETH15M-26SEP190245,,KXETH15M,ETH 15M price up down,Crypto,"[""ETH"", ""15 min""]",settled,binary,0,1,0.999,0.999,0.001,0.999,1,86651.71,86651.71,38209.91,0,2026-09-19T06:30:00Z,2026-09-19T06:45:00Z,2026-09-26T06:45:00Z,,yes,2627.71,greater_or_equal,2623.01,,,True,2026-09-19T16:07:53+00:00
kalshi,KXBTCD-26SEP1816-T80799.99,https://kalshi.com/markets/kxbtcd/bitcoin-price-above-below,https://kalshi.com/markets/kxbtcd/bitcoin-price-above-below/kxbtcd-26sep1816,"Bitcoin price on Sep 18, 2026?","$80,800 or above",KXBTCD-26SEP1816,"BTC price on Sep 18, 2026 at 4pm EDT?",KXBTCD,Bitcoin price Above/below,Crypto,"[""Hourly"", ""BTC""]",settled,binary,0,1,0.99,0.99,0.01,0.99,1,86571.27,86571.27,39071.48,0,2026-09-18T19:00:00Z,2026-09-18T20:00:00Z,2026-09-25T20:00:00Z,,yes,81210.88,greater,80799.99,,BRTI,True,2026-09-19T16:08:35+00:00
kalshi,KXRAIN-26SEP18-LEX,https://kalshi.com/markets/kxrain/where-will-it-rain-daily,https://kalshi.com/markets/kxrain/where-will-it-rain-daily/kxrain-26sep18,"Will it rain in Lexington on Sep 18, 2026?",Lexington,KXRAIN-26SEP18,,KXRAIN,Where will it rain daily,Climate and Weather,"[""Snow and rain""]",settled,binary,0,1,0.99,0.99,0.01,0.99,1,103208.46,86527.91,24476.85,0,2026-09-17T09:10:00Z,2026-09-19T05:00:00Z,2026-09-20T05:00:00Z,,yes,0.03,greater,0,,,True,2026-09-19T16:07:57+00:00
kalshi,KXMLBTOTAL-26SEP181840KCPIT-14,https://kalshi.com/markets/kxmlbtotal/pro-baseball-total-points,https://kalshi.com/markets/kxmlbtotal/pro-baseball-total-points/kxmlbtotal-26sep181840kcpit,Over 13.5 runs scored,Over 13.5 runs scored,KXMLBTOTAL-26SEP181840KCPIT,Kansas City vs Pittsburgh: Total Runs,KXMLBTOTAL,Pro Baseball Total Points,Sports,"[""Baseball""]",settled,binary,0,1,0.01,0.01,0.99,0.01,1,86292.38,86292.38,41708.63,0,2026-09-18T23:36:08Z,2026-09-19T01:29:48Z,2026-09-21T22:40:00Z,,no,13,greater,13.5,,,True,2026-09-19T16:08:18+00:00
kalshi,KXCS2MAP-26SEP181330FURIAVIT-1-VIT,https://kalshi.com/markets/kxcs2map/counter-strike-2-map-winner,https://kalshi.com/markets/kxcs2map/counter-strike-2-map-winner/kxcs2map-26sep181330furiavit-1,Vitality wins map 1,Vitality,KXCS2MAP-26SEP181330FURIAVIT-1,,KXCS2MAP,Counter-Strike 2 Map Winner ,Sports,"[""Esports""]",settled,binary,0,1,0.99,0.99,0.01,0.99,1,86089.35,86073.35,49202.24,0,2026-09-17T21:45:00Z,2026-09-18T19:24:59Z,2026-09-20T17:30:00Z,,yes,Vitality,structured,,,,True,2026-09-19T16:08:36+00:00
kalshi,KXNCAAFTEAMTOTAL-26SEP18MIAWAKE-MIA38,https://kalshi.com/markets/kxncaafteamtotal/college-football-team-total-points,https://kalshi.com/markets/kxncaafteamtotal/college-football-team-total-points/kxncaafteamtotal-26sep18miawake,Miami (FL) scores over 37.5 points,Miami (FL) over 37.5 points scored,KXNCAAFTEAMTOTAL-26SEP18MIAWAKE,Miami (FL) vs Wake Forest: Team Total,KXNCAAFTEAMTOTAL,College Football Team Total Points,Sports,"[""Football""]",settled,binary,0,1,0.01,0.01,0.99,0.01,1,94824.2,85963.69,69524.14,0,2026-09-13T22:05:00Z,2026-09-19T03:12:19Z,2026-09-20T23:30:00Z,,no,"Home: 20, Away: 33",greater,37.5,,,True,2026-09-19T16:08:06+00:00
kalshi,KXLIGAEXPGAME-26SEP18TEPMZA-MZA,https://kalshi.com/markets/kxligaexpgame/liga-expansion-game,https://kalshi.com/markets/kxligaexpgame/liga-expansion-game/kxligaexpgame-26sep18tepmza,Zacatecas wins,Zacatecas,KXLIGAEXPGAME-26SEP18TEPMZA,,KXLIGAEXPGAME,Liga Expansion Game,Sports,"[""Soccer""]",settled,binary,0,1,0.99,0.99,0.01,0.99,1,96162.71,85543.42,55483.91,0,2026-09-12T00:38:00Z,2026-09-19T03:02:26Z,2026-09-21T01:00:00Z,,yes,Zacatecas,structured,,,,True,2026-09-19T16:08:08+00:00
kalshi,KXEWSLGAME-26SEP19CFCBRM-TIE,https://kalshi.com/markets/kxewslgame/england-women-s-super-league-game,https://kalshi.com/markets/kxewslgame/england-women-s-super-league-game/kxewslgame-26sep19cfcbrm,Tie is the result,Tie,KXEWSLGAME-26SEP19CFCBRM,,KXEWSLGAME,England Women's Super League Game,Sports,"[""Soccer""]",settled,binary,0,1,0.01,0.01,0.99,0.01,1,100069.93,85446.49,69729.99,0,2026-09-15T00:37:00Z,2026-09-19T13:54:46Z,2026-09-21T11:45:00Z,,no,Chelsea,structured,,,,True,2026-09-19T16:07:38+00:00
kalshi,KXBRASILEIROBTOTAL-26SEP18SBEGOI-2,https://kalshi.com/markets/kxbrasileirobtotal/point-total,https://kalshi.com/markets/kxbrasileirobtotal/point-total/kxbrasileirobtotal-26sep18sbegoi,Will over 1.5 goals be scored?,Over 1.5 goals scored,KXBRASILEIROBTOTAL-26SEP18SBEGOI,,KXBRASILEIROBTOTAL,Point Total,Sports,"[""Soccer""]",settled,binary,0,1,0.01,0.01,0.99,0.01,1,85511.19,85358.03,55354.23,0,2026-09-16T00:06:00Z,2026-09-19T02:04:58Z,2026-09-21T00:00:00Z,,no,1,greater,1.5,,,True,2026-09-19T16:08:14+00:00
kalshi,KXMLBF5-26SEP181910ATHCLE-ATH,https://kalshi.com/markets/kxmlbf5/first-5-innings-winner,https://kalshi.com/markets/kxmlbf5/first-5-innings-winner/kxmlbf5-26sep181910athcle,A's first 5 innings winner,A's wins first 5 innings,KXMLBF5-26SEP181910ATHCLE,A's vs Cleveland: First 5 Innings,KXMLBF5,First 5 Innings Winner,Sports,"[""Baseball""]",settled,binary,0,1,0.01,0.01,0.99,0.01,1,85451.78,85354.81,70017.48,0,2026-09-17T23:00:00Z,2026-09-19T01:05:19Z,2026-09-21T23:10:00Z,,no,60097777-bab8-4215-8d29-b92466b5bb65,structured,,,,True,2026-09-19T16:08:18+00:00
kalshi,KXWTASETWINNER-26SEP18DESOKA-1-DES,https://kalshi.com/markets/kxwtasetwinner/wta-set-winner,https://kalshi.com/markets/kxwtasetwinner/wta-set-winner/kxwtasetwinner-26sep18desoka-1,Will Eva Marie Desvignes win set 1 in the Eva Marie Desvignes vs Kyoka Okamura match,Eva Marie Desvignes,KXWTASETWINNER-26SEP18DESOKA-1,,KXWTASETWINNER,WTA Set Winner,Sports,"[""Tennis""]",settled,binary,0,1,0.01,0.01,0.99,0.01,1,85318.49,85318.49,45655.78,0,2026-09-18T10:00:00Z,2026-09-19T08:50:38Z,2026-10-03T03:00:00Z,,no,"Okamura, Kyoka",structured,,,,True,2026-09-19T16:07:47+00:00
kalshi,KXBTCD-26SEP1816-T81499.99,https://kalshi.com/markets/kxbtcd/bitcoin-price-above-below,https://kalshi.com/markets/kxbtcd/bitcoin-price-above-below/kxbtcd-26sep1816,"Bitcoin price on Sep 18, 2026?","$81,500 or above",KXBTCD-26SEP1816,"BTC price on Sep 18, 2026 at 4pm EDT?",KXBTCD,Bitcoin price Above/below,Crypto,"[""Hourly"", ""BTC""]",settled,binary,0,1,0.01,0.01,0.99,0.01,1,85269.95,85269.95,40179.89,0,2026-09-18T19:00:00Z,2026-09-18T20:00:00Z,2026-09-25T20:00:00Z,,no,81210.88,greater,81499.99,,BRTI,True,2026-09-19T16:08:35+00:00
kalshi,KXLOLMAP-26SEP181600SENSR-2-SR,https://kalshi.com/markets/kxlolmap/league-of-legends-map-winner,https://kalshi.com/markets/kxlolmap/league-of-legends-map-winner/kxlolmap-26sep181600sensr-2,Shopify Rebellion wins map 2,Shopify Rebellion,KXLOLMAP-26SEP181600SENSR-2,,KXLOLMAP,League of Legends Map Winner,Sports,"[""Esports""]",settled,binary,0,1,0.01,0.01,0.99,0.01,1,85178.43,85178.43,63247.21,0,2026-09-15T00:25:00Z,2026-09-18T21:30:10Z,2026-09-20T20:00:00Z,,no,Sentinels,structured,,,,True,2026-09-19T16:08:30+00:00
kalshi,KXBTCD-26SEP1819-T81499.99,https://kalshi.com/markets/kxbtcd/bitcoin-price-above-below,https://kalshi.com/markets/kxbtcd/bitcoin-price-above-below/kxbtcd-26sep1819,"Bitcoin price on Sep 18, 2026?","$81,500 or above",KXBTCD-26SEP1819,"BTC price on Sep 18, 2026 at 7pm EDT?",KXBTCD,Bitcoin price Above/below,Crypto,"[""Hourly"", ""BTC""]",settled,binary,0,1,0.01,0.01,0.99,0.01,1,85132.33,85132.33,44983.03,0,2026-09-18T22:00:00Z,2026-09-18T23:00:00Z,2026-09-25T23:00:00Z,,no,81141.05,greater,81499.99,,BRTI,True,2026-09-19T16:08:27+00:00
kalshi,KXXRP15M-26SEP182145-45,https://kalshi.com/markets/kxxrp15m/xrp-15-minute,https://kalshi.com/markets/kxxrp15m/xrp-15-minute/kxxrp15m-26sep182145,XRP price up in next 15 mins?,Target Price: $1.4012,KXXRP15M-26SEP182145,,KXXRP15M,XRP 15 Minute,Crypto,"[""15 min"", ""XRP""]",settled,binary,0,1,0.999,0.999,0.001,0.999,1,84996.74,84996.74,30866.57,0,2026-09-19T01:30:00Z,2026-09-19T01:45:00Z,2026-09-26T01:45:00Z,,yes,1.4046,greater_or_equal,1.4012,,,True,2026-09-19T16:08:16+00:00
kalshi,KXJLEAGUEGAME-26SEP19AVISAN-SAN,https://kalshi.com/markets/kxjleaguegame/japan-j-league-game,https://kalshi.com/markets/kxjleaguegame/japan-j-league-game/kxjleaguegame-26sep19avisan,Hiroshima wins,Hiroshima,KXJLEAGUEGAME-26SEP19AVISAN,Avispa vs Hiroshima,KXJLEAGUEGAME,Japan J League Game,Sports,"[""Soccer""]",settled,binary,0,1,0.99,0.99,0.01,0.99,1,87799.6,84692.37,34348.93,0,2026-09-12T00:37:00Z,2026-09-19T11:24:34Z,2026-09-21T09:00:00Z,,yes,Hiroshima,structured,,,,True,2026-09-19T16:07:40+00:00
kalshi,KXCS2GAME-26SEP181300EXRBAKS-BAKS,https://kalshi.com/markets/kxcs2game/counter-strike-2-game,https://kalshi.com/markets/kxcs2game/counter-strike-2-game/kxcs2game-26sep181300exrbaks,BakS eSports wins,BakS eSports,KXCS2GAME-26SEP181300EXRBAKS,,KXCS2GAME,Counter-Strike 2 Game,Sports,"[""Esports""]",settled,binary,0,1,0.99,0.99,0.01,0.99,1,85007.52,84626.91,35312.18,0,2026-09-16T22:15:00Z,2026-09-18T20:29:44Z,2026-09-20T17:00:00Z,,yes,BakS eSports,structured,,,,True,2026-09-19T16:08:32+00:00
kalshi,KXPERLIGA1TOTAL-26SEP18AATCOM-4,https://kalshi.com/markets/kxperliga1total/point-total,https://kalshi.com/markets/kxperliga1total/point-total/kxperliga1total-26sep18aatcom,Will over 3.5 goals be scored?,Over 3.5 goals scored,KXPERLIGA1TOTAL-26SEP18AATCOM,,KXPERLIGA1TOTAL,Point Total,Sports,"[""Soccer""]",settled,binary,0,1,0.01,0.01,0.99,0.01,1,84620.27,84620.27,44301.1,0,2026-09-17T20:06:00Z,2026-09-18T22:04:47Z,2026-09-20T20:00:00Z,,no,3,greater,3.5,,,True,2026-09-19T16:08:27+00:00
kalshi,KXSILVER15M-26SEP190000-00,https://kalshi.com/markets/kxsilver15m/silver-15-minute,https://kalshi.com/markets/kxsilver15m/silver-15-minute/kxsilver15m-26sep190000,Silver price up in next 15 mins?,Target Price: $66.432,KXSILVER15M-26SEP190000,,KXSILVER15M,Silver 15-minute,Commodities,"[""Metals""]",settled,binary,0,1,0.59,0.59,0.41,0.59,1,84491.78,84491.78,31870.36,0,2026-09-19T03:45:00Z,2026-09-19T04:00:00Z,2026-09-26T04:00:00Z,,yes,66.432,greater_or_equal,66.432,,,True,2026-09-19T16:08:02+00:00
kalshi,KXNCAAF1HTOTAL-26SEP18PRSTORE-42,https://kalshi.com/markets/kxncaaf1htotal/college-football-1st-half-total,https://kalshi.com/markets/kxncaaf1htotal/college-football-1st-half-total/kxncaaf1htotal-26sep18prstore,Over 41.5 1H points scored,Over 41.5 1H points scored,KXNCAAF1HTOTAL-26SEP18PRSTORE,,KXNCAAF1HTOTAL,College Football 1st Half Total,Sports,"[""Football""]",settled,binary,0,1,0.99,0.99,0.01,0.99,1,97716.93,84474.08,73715.07,0,2026-09-15T11:20:00Z,2026-09-19T04:04:18Z,2026-09-21T02:30:00Z,,yes,49,greater,41.5,,,True,2026-09-19T16:08:01+00:00
kalshi,KXBTCD-26SEP1817-T79499.99,https://kalshi.com/markets/kxbtcd/bitcoin-price-above-below,https://kalshi.com/markets/kxbtcd/bitcoin-price-above-below/kxbtcd-26sep1817,"Bitcoin price on Sep 18, 2026?","$79,500 or above",KXBTCD-26SEP1817,"BTC price on Sep 18, 2026 at 5pm EDT?",KXBTCD,Bitcoin price Above/below,Crypto,"[""Hourly"", ""BTC""]",settled,binary,0,1,0.99,0.99,0.01,0.99,1,263290.09,84412.36,73455.33,0,2026-09-11T20:00:00Z,2026-09-18T21:00:00Z,2026-09-25T21:00:00Z,,yes,81077.63,greater,79499.99,,BRTI,True,2026-09-19T16:08:31+00:00
kalshi,KXLOLMAP-26SEP190500JDGIG-4-JDG,https://kalshi.com/markets/kxlolmap/league-of-legends-map-winner,https://kalshi.com/markets/kxlolmap/league-of-legends-map-winner/kxlolmap-26sep190500jdgig-4,JD Gaming wins map 4,JD Gaming,KXLOLMAP-26SEP190500JDGIG-4,,KXLOLMAP,League of Legends Map Winner,Sports,"[""Esports""]",settled,binary,0,1,0.01,0.01,0.99,0.01,1,84364.86,84364.86,57895.75,0,2026-09-19T11:53:00Z,2026-09-19T12:45:18Z,2026-09-21T09:00:00Z,,no,Invictus Gaming,structured,,,,True,2026-09-19T16:07:39+00:00
kalshi,KXARGPREMDIVTOTAL-26SEP18CCDYJ-2,https://kalshi.com/markets/kxargpremdivtotal/argentina-premier-division-total,https://kalshi.com/markets/kxargpremdivtotal/argentina-premier-division-total/kxargpremdivtotal-26sep18ccdyj,Will over 1.5 goals be scored?,Over 1.5 goals scored,KXARGPREMDIVTOTAL-26SEP18CCDYJ,Central Cordoba vs Defensa y Justicia: Total Goals,KXARGPREMDIVTOTAL,Argentina Premier Division Total,Sports,"[""Soccer""]",settled,binary,0,1,0.99,0.99,0.01,0.99,1,84374.97,84351.59,38758.31,0,2026-09-17T21:05:00Z,2026-09-18T22:34:53Z,2026-09-20T21:00:00Z,,yes,3,greater,1.5,,,True,2026-09-19T16:08:27+00:00
kalshi,KXETH15M-26SEP190815-15,https://kalshi.com/markets/kxeth15m/eth-15m-price-up-down,https://kalshi.com/markets/kxeth15m/eth-15m-price-up-down/kxeth15m-26sep190815,ETH price up in next 15 mins?,"Target Price: $2,638.78",KXETH15M-26SEP190815,,KXETH15M,ETH 15M price up down,Crypto,"[""ETH"", ""15 min""]",settled,binary,0,1,0.999,0.999,0.001,0.999,1,84243.22,84243.22,34225.83,0,2026-09-19T12:00:00Z,2026-09-19T12:15:00Z,2026-09-26T12:15:00Z,,yes,2641.26,greater_or_equal,2638.78,,,True,2026-09-19T16:07:39+00:00
kalshi,KXSOL15M-26SEP190400-00,https://kalshi.com/markets/kxsol15m/solana-15-minutes,https://kalshi.com/markets/kxsol15m/solana-15-minutes/kxsol15m-26sep190400,SOL price up in next 15 mins?,Target Price: $111.6785,KXSOL15M-26SEP190400,,KXSOL15M,Solana 15 minutes,Crypto,"[""15 min"", ""SOL""]",settled,binary,0,1,0.001,0.001,0.999,0.001,1,84225.29,84225.29,11594.36,0,2026-09-19T07:45:00Z,2026-09-19T08:00:00Z,2026-09-26T08:00:00Z,,no,111.5652,greater_or_equal,111.6785,,,True,2026-09-19T16:07:48+00:00
kalshi,KXWTASETWINNER-26SEP18STOBAD-1-STO,https://kalshi.com/markets/kxwtasetwinner/wta-set-winner,https://kalshi.com/markets/kxwtasetwinner/wta-set-winner/kxwtasetwinner-26sep18stobad-1,Will Mary Stoiana win set 1 in the Mary Stoiana vs Paula Badosa match,Mary Stoiana,KXWTASETWINNER-26SEP18STOBAD-1,Mary Stoiana vs Paula Badosa: Set 1 Winner,KXWTASETWINNER,WTA Set Winner,Sports,"[""Tennis""]",settled,binary,0,1,0.01,0.01,0.99,0.01,1,84229.5,84218.16,65613.15,0,2026-09-17T20:30:00Z,2026-09-18T21:41:05Z,2026-10-02T16:00:00Z,,no,"Badosa, Paula",structured,,,,True,2026-09-19T16:08:30+00:00
kalshi,KXNCAAFSPREAD-26SEP18HOUTTU-HOU7,https://kalshi.com/markets/kxncaafspread/college-football-spread,https://kalshi.com/markets/kxncaafspread/college-football-spread/kxncaafspread-26sep18houttu,Houston wins by over 6.5 points,Houston wins by over 6.5 points,KXNCAAFSPREAD-26SEP18HOUTTU,Houston vs Texas Tech: Spread,KXNCAAFSPREAD,College Football Spread,Sports,"[""Football""]",settled,binary,0,1,0.01,0.01,0.99,0.01,1,88380.21,84153.67,60199.85,0,2026-09-12T01:07:00Z,2026-09-19T03:34:34Z,2026-09-21T00:00:00Z,,no,2,greater,6.5,,,True,2026-09-19T16:08:05+00:00
kalshi,KXXRP15M-26SEP190100-00,https://kalshi.com/markets/kxxrp15m/xrp-15-minute,https://kalshi.com/markets/kxxrp15m/xrp-15-minute/kxxrp15m-26sep190100,XRP price up in next 15 mins?,Target Price: $1.4135,KXXRP15M-26SEP190100,,KXXRP15M,XRP 15 Minute,Crypto,"[""15 min"", ""XRP""]",settled,binary,0,1,0.999,0.999,0.001,0.999,1,84045.59,84045.59,35345.27,0,2026-09-19T04:45:00Z,2026-09-19T05:00:00Z,2026-09-26T05:00:00Z,,yes,1.4154,greater_or_equal,1.4135,,,True,2026-09-19T16:07:56+00:00
kalshi,KXWTI15M-26SEP181645-45,https://kalshi.com/markets/kxwti15m/wti-15-minute,https://kalshi.com/markets/kxwti15m/wti-15-minute/kxwti15m-26sep181645,WTI Oil price up in next 15 mins?,Target Price: $95.31,KXWTI15M-26SEP181645,,KXWTI15M,WTI 15-minute,Commodities,"[""Oil & Gas""]",settled,binary,0,1,0.999,0.999,0.001,0.999,1,83984.3,83984.3,21594.18,0,2026-09-18T20:30:00Z,2026-09-18T20:45:00Z,2026-09-25T20:45:00Z,,yes,95.37,greater_or_equal,95.31,,,True,2026-09-19T16:08:32+00:00
kalshi,KXMLBTOTAL-26SEP181910BOSTB-6,https://kalshi.com/markets/kxmlbtotal/pro-baseball-total-points,https://kalshi.com/markets/kxmlbtotal/pro-baseball-total-points/kxmlbtotal-26sep181910bostb,Over 5.5 runs scored,Over 5.5 runs scored,KXMLBTOTAL-26SEP181910BOSTB,Boston vs Tampa Bay: Total Runs,KXMLBTOTAL,Pro Baseball Total Points,Sports,"[""Baseball""]",settled,binary,0,1,0.99,0.99,0.01,0.99,1,90972.96,83910.17,40454.01,0,2026-09-17T19:10:00Z,2026-09-19T02:00:37Z,2026-09-21T23:10:00Z,,yes,6,greater,5.5,,,True,2026-09-19T16:08:14+00:00
kalshi,KXEPL1HTOTAL-26SEP19BRIARS-1,https://kalshi.com/markets/kxepl1htotal/epl-1st-half-total,https://kalshi.com/markets/kxepl1htotal/epl-1st-half-total/kxepl1htotal-26sep19briars,Over 0.5 1H goals scored,Over 0.5 1H goals scored,KXEPL1HTOTAL-26SEP19BRIARS,,KXEPL1HTOTAL,EPL 1st Half Total,Sports,"[""Soccer""]",settled,binary,0,1,0.99,0.99,0.01,0.99,1,83850.51,83818.51,55286.72,0,2026-09-17T14:06:00Z,2026-09-19T14:56:53Z,2026-09-21T14:00:00Z,,yes,2,greater,0.5,,,True,2026-09-19T16:07:37+00:00
kalshi,KXSUPERLIGGAME-26SEP18KASKON-TIE,https://kalshi.com/markets/kxsuperliggame/turkish-super-lig-game,https://kalshi.com/markets/kxsuperliggame/turkish-super-lig-game/kxsuperliggame-26sep18kaskon,Tie is the result,Tie,KXSUPERLIGGAME-26SEP18KASKON,,KXSUPERLIGGAME,Turkish Super Lig Game,Sports,"[""Soccer""]",settled,binary,0,1,0.99,0.99,0.01,0.99,1,84216.97,83706.09,56481.65,0,2026-09-14T00:37:00Z,2026-09-18T18:57:06Z,2026-09-20T17:00:00Z,,yes,Tie,structured,,,,True,2026-09-19T16:08:38+00:00
kalshi,KXLIGAMXSPREAD-26SEP18JUATIG-JUA2,https://kalshi.com/markets/kxligamxspread/liga-mx-game,https://kalshi.com/markets/kxligamxspread/liga-mx-game/kxligamxspread-26sep18juatig,Juarez wins by more than 1.5 goals?,Juarez wins by more than 1.5 goals,KXLIGAMXSPREAD-26SEP18JUATIG,,KXLIGAMXSPREAD,Liga MX Game,Sports,"[""Soccer""]",settled,binary,0,1,0.99,0.99,0.01,0.99,1,83427.37,83427.37,31714,0,2026-09-12T03:06:00Z,2026-09-19T05:07:35Z,2026-09-21T03:00:00Z,,yes,2,greater,1.5,,,True,2026-09-19T16:07:56+00:00
kalshi,KXEPL1HTOTAL-26SEP19BRIARS-2,https://kalshi.com/markets/kxepl1htotal/epl-1st-half-total,https://kalshi.com/markets/kxepl1htotal/epl-1st-half-total/kxepl1htotal-26sep19briars,Over 1.5 1H goals scored,Over 1.5 1H goals scored,KXEPL1HTOTAL-26SEP19BRIARS,,KXEPL1HTOTAL,EPL 1st Half Total,Sports,"[""Soccer""]",settled,binary,0,1,0.99,0.99,0.01,0.99,1,83405.5,83405.5,41832.81,0,2026-09-17T14:06:00Z,2026-09-19T14:56:53Z,2026-09-21T14:00:00Z,,yes,2,greater,1.5,,,True,2026-09-19T16:07:37+00:00
kalshi,KXXRP15M-26SEP181215-15,https://kalshi.com/markets/kxxrp15m/xrp-15-minute,https://kalshi.com/markets/kxxrp15m/xrp-15-minute/kxxrp15m-26sep181215,XRP price up in next 15 mins?,Target Price: $1.3832,KXXRP15M-26SEP181215,,KXXRP15M,XRP 15 Minute,Crypto,"[""15 min"", ""XRP""]",settled,binary,0,1,0.001,0.001,0.999,0.001,1,83272.62,83272.62,32841.19,0,2026-09-18T16:00:00Z,2026-09-18T16:15:00Z,2026-09-25T16:15:00Z,,no,1.3811,greater_or_equal,1.3832,,,True,2026-09-19T16:08:45+00:00
kalshi,KXKBOGAME-26SEP190400DOOKTW-DOO,https://kalshi.com/markets/kxkbogame/kbo-game,https://kalshi.com/markets/kxkbogame/kbo-game/kxkbogame-26sep190400dooktw,Doosan Bears wins,Doosan Bears,KXKBOGAME-26SEP190400DOOKTW,,KXKBOGAME,KBO Game,Sports,"[""Baseball""]",settled,binary,0,1,0.01,0.01,0.99,0.01,1,83124.02,83124.02,47134.32,0,2026-09-16T04:11:00Z,2026-09-19T11:29:57Z,2026-09-21T08:00:00Z,,no,KT Wiz,structured,,,,True,2026-09-19T16:07:40+00:00
kalshi,KXNCAAFTEAMTOTAL-26SEP18MIAWAKE-MIA35,https://kalshi.com/markets/kxncaafteamtotal/college-football-team-total-points,https://kalshi.com/markets/kxncaafteamtotal/college-football-team-total-points/kxncaafteamtotal-26sep18miawake,Miami (FL) scores over 34.5 points,Miami (FL) over 34.5 points scored,KXNCAAFTEAMTOTAL-26SEP18MIAWAKE,Miami (FL) vs Wake Forest: Team Total,KXNCAAFTEAMTOTAL,College Football Team Total Points,Sports,"[""Football""]",settled,binary,0,1,0.01,0.01,0.99,0.01,1,93005.74,83114.28,62448.87,0,2026-09-13T22:05:00Z,2026-09-19T03:12:18Z,2026-09-20T23:30:00Z,,no,"Home: 20, Away: 33",greater,34.5,,,True,2026-09-19T16:08:06+00:00
kalshi,KXLALIGASPREAD-26SEP18ESPELC-ESP2,https://kalshi.com/markets/kxlaligaspread/la-liga-spread,https://kalshi.com/markets/kxlaligaspread/la-liga-spread/kxlaligaspread-26sep18espelc,Espanyol wins by more than 1.5 goals?,Espanyol wins by more than 1.5 goals,KXLALIGASPREAD-26SEP18ESPELC,Espanyol vs Elche: Spread,KXLALIGASPREAD,La Liga Spread,Sports,"[""Soccer""]",settled,binary,0,1,0.01,0.01,0.99,0.01,1,91374.91,82840.78,56818.53,0,2026-09-11T19:07:00Z,2026-09-18T21:06:52Z,2026-09-20T19:00:00Z,,no,2,greater,1.5,,,True,2026-09-19T16:08:30+00:00
kalshi,KXXRP15M-26SEP190215-15,https://kalshi.com/markets/kxxrp15m/xrp-15-minute,https://kalshi.com/markets/kxxrp15m/xrp-15-minute/kxxrp15m-26sep190215,XRP price up in next 15 mins?,Target Price: $1.4269,KXXRP15M-26SEP190215,,KXXRP15M,XRP 15 Minute,Crypto,"[""15 min"", ""XRP""]",settled,binary,0,1,0.001,0.001,0.999,0.001,1,82802.28,82802.28,43324.19,0,2026-09-19T06:00:00Z,2026-09-19T06:15:00Z,2026-09-26T06:15:00Z,,no,1.4220,greater_or_equal,1.4269,,,True,2026-09-19T16:07:53+00:00
kalshi,KXBTCD-26SEP1905-T80999.99,https://kalshi.com/markets/kxbtcd/bitcoin-price-above-below,https://kalshi.com/markets/kxbtcd/bitcoin-price-above-below/kxbtcd-26sep1905,"Bitcoin price on Sep 19, 2026?","$81,000 or above",KXBTCD-26SEP1905,"BTC price on Sep 19, 2026 at 5am EDT?",KXBTCD,Bitcoin price Above/below,Crypto,"[""Hourly"", ""BTC""]",settled,binary,0,1,0.99,0.99,0.01,0.99,1,82743.45,82743.45,18224.75,0,2026-09-19T08:00:00Z,2026-09-19T09:00:00Z,2026-09-26T09:00:00Z,,yes,81286.80,greater,80999.99,,BRTI,True,2026-09-19T16:07:46+00:00
kalshi,KXETH15M-26SEP190945-45,https://kalshi.com/markets/kxeth15m/eth-15m-price-up-down,https://kalshi.com/markets/kxeth15m/eth-15m-price-up-down/kxeth15m-26sep190945,ETH price up in next 15 mins?,"Target Price: $2,633.03",KXETH15M-26SEP190945,,KXETH15M,ETH 15M price up down,Crypto,"[""ETH"", ""15 min""]",settled,binary,0,1,0.999,0.999,0.001,0.999,1,82723.45,82723.45,27204.28,0,2026-09-19T13:30:00Z,2026-09-19T13:45:00Z,2026-09-26T13:45:00Z,,yes,2634.70,greater_or_equal,2633.03,,,True,2026-09-19T16:07:38+00:00
kalshi,KXMLBF5TOTAL-26SEP181840CHCCIN-5,https://kalshi.com/markets/kxmlbf5total/first-5-innings-total,https://kalshi.com/markets/kxmlbf5total/first-5-innings-total/kxmlbf5total-26sep181840chccin,First 5 innings: Over 4.5 runs,Over 4.5 runs in the first 5 innings,KXMLBF5TOTAL-26SEP181840CHCCIN,,KXMLBF5TOTAL,First 5 Innings Total,Sports,"[""Baseball""]",settled,binary,0,1,0.99,0.99,0.01,0.99,1,84195.86,82669.35,60173.04,0,2026-09-18T03:20:00Z,2026-09-19T00:30:28Z,2026-09-21T22:40:00Z,,yes,7,greater,4.5,,,True,2026-09-19T16:08:21+00:00
kalshi,KXMLBTOTAL-26SEP182138MINLAA-6,https://kalshi.com/markets/kxmlbtotal/pro-baseball-total-points,https://kalshi.com/markets/kxmlbtotal/pro-baseball-total-points/kxmlbtotal-26sep182138minlaa,Over 5.5 runs scored,Over 5.5 runs scored,KXMLBTOTAL-26SEP182138MINLAA,,KXMLBTOTAL,Pro Baseball Total Points,Sports,"[""Baseball""]",settled,binary,0,1,0.01,0.01,0.99,0.01,1,83035.6,82637.74,52948.01,0,2026-09-17T19:10:00Z,2026-09-19T04:00:25Z,2026-09-22T01:38:00Z,,no,3,greater,5.5,,,True,2026-09-19T16:08:01+00:00
kalshi,KXSOL15M-26SEP182300-00,https://kalshi.com/markets/kxsol15m/solana-15-minutes,https://kalshi.com/markets/kxsol15m/solana-15-minutes/kxsol15m-26sep182300,SOL price up in next 15 mins?,Target Price: $113.5263,KXSOL15M-26SEP182300,,KXSOL15M,Solana 15 minutes,Crypto,"[""15 min"", ""SOL""]",settled,binary,0,1,0.992,0.992,0.008,0.992,1,82393.71,82393.71,22719.74,0,2026-09-19T02:45:00Z,2026-09-19T03:00:00Z,2026-09-26T03:00:00Z,,yes,113.5687,greater_or_equal,113.5263,,,True,2026-09-19T16:08:11+00:00
kalshi,KXWNBATOTAL-26SEP18NYMIN-173,https://kalshi.com/markets/kxwnbatotal/women-s-pro-basketball-total,https://kalshi.com/markets/kxwnbatotal/women-s-pro-basketball-total/kxwnbatotal-26sep18nymin,Over 172.5 points scored,Over 172.5 points scored,KXWNBATOTAL-26SEP18NYMIN,,KXWNBATOTAL,Women's Pro Basketball Total,Sports,"[""Basketball""]",settled,binary,0,1,0.99,0.99,0.01,0.99,1,82430.68,82369.74,32786.26,0,2026-09-15T23:40:00Z,2026-09-19T02:00:19Z,2026-09-20T23:30:00Z,,yes,174,greater,172.5,,,True,2026-09-19T16:08:15+00:00
kalshi,KXSOL15M-26SEP181230-30,https://kalshi.com/markets/kxsol15m/solana-15-minutes,https://kalshi.com/markets/kxsol15m/solana-15-minutes/kxsol15m-26sep181230,SOL price up in next 15 mins?,Target Price: $111.4105,KXSOL15M-26SEP181230,,KXSOL15M,Solana 15 minutes,Crypto,"[""15 min"", ""SOL""]",settled,binary,0,1,0.999,0.999,0.001,0.999,1,82156.3,82156.3,24361.52,0,2026-09-18T16:15:00Z,2026-09-18T16:30:00Z,2026-09-25T16:30:00Z,,yes,111.6873,greater_or_equal,111.4105,,,True,2026-09-19T16:08:45+00:00
kalshi,KXMLBSPREAD-26SEP181910ATHCLE-CLE3,https://kalshi.com/markets/kxmlbspread/pro-baseball-spread,https://kalshi.com/markets/kxmlbspread/pro-baseball-spread/kxmlbspread-26sep181910athcle,Cleveland wins by over 2.5 runs?,Cleveland wins by over 2.5 runs,KXMLBSPREAD-26SEP181910ATHCLE,A's vs Cleveland: Spread,KXMLBSPREAD,Pro Baseball Spread,Sports,"[""Baseball""]",settled,binary,0,1,0.01,0.01,0.99,0.01,1,83820.63,82106.48,39624.54,0,2026-09-17T23:00:00Z,2026-09-19T01:49:47Z,2026-09-21T23:10:00Z,,no,2,greater,2.5,,,True,2026-09-19T16:08:16+00:00
kalshi,KXWTASETWINNER-26SEP18ITOLAN-2-LAN,https://kalshi.com/markets/kxwtasetwinner/wta-set-winner,https://kalshi.com/markets/kxwtasetwinner/wta-set-winner/kxwtasetwinner-26sep18itolan-2,Will Sofya Lansere win set 2 in the Aoi Ito vs Sofya Lansere match,Sofya Lansere,KXWTASETWINNER-26SEP18ITOLAN-2,,KXWTASETWINNER,WTA Set Winner,Sports,"[""Tennis""]",settled,binary,0,1,0.01,0.01,0.99,0.01,1,82102.6,82102.6,41509.45,0,2026-09-18T10:00:00Z,2026-09-19T06:40:35Z,2026-10-03T03:00:00Z,,no,"Ito, Aoi",structured,,,,True,2026-09-19T16:07:53+00:00
kalshi,KXITFWMATCH-26SEP19KONBRI-BRI,https://kalshi.com/markets/kxitfwmatch/itf-women-s-match,https://kalshi.com/markets/kxitfwmatch/itf-women-s-match/kxitfwmatch-26sep19konbri,Leyla Fiorella Britez Risso wins,Leyla Fiorella Britez Risso,KXITFWMATCH-26SEP19KONBRI,,KXITFWMATCH,ITF Women's Match,Sports,"[""Tennis""]",settled,binary,0,1,0.99,0.99,0.01,0.99,1,82011.11,82011.11,60275.66,0,2026-09-18T21:41:00Z,2026-09-19T14:54:38Z,2026-10-03T13:30:00Z,,yes,Leyla Fiorella Britez Risso,structured,,,,True,2026-09-19T16:07:37+00:00
kalshi,KXDIMAYORTOTAL-26SEP18ADRPER-4,https://kalshi.com/markets/kxdimayortotal/point-total,https://kalshi.com/markets/kxdimayortotal/point-total/kxdimayortotal-26sep18adrper,Will over 3.5 goals be scored?,Over 3.5 goals scored,KXDIMAYORTOTAL-26SEP18ADRPER,,KXDIMAYORTOTAL,Point Total,Sports,"[""Soccer""]",settled,binary,0,1,0.99,0.99,0.01,0.99,1,81785.2,81785.2,29879.37,0,2026-09-17T21:06:00Z,2026-09-18T23:04:56Z,2026-09-20T21:00:00Z,,yes,4,greater,3.5,,,True,2026-09-19T16:08:25+00:00
kalshi,KXBTCD-26SEP1904-T80899.99,https://kalshi.com/markets/kxbtcd/bitcoin-price-above-below,https://kalshi.com/markets/kxbtcd/bitcoin-price-above-below/kxbtcd-26sep1904,"Bitcoin price on Sep 19, 2026?","$80,900 or above",KXBTCD-26SEP1904,"BTC price on Sep 19, 2026 at 4am EDT?",KXBTCD,Bitcoin price Above/below,Crypto,"[""Hourly"", ""BTC""]",settled,binary,0,1,0.99,0.99,0.01,0.99,1,81750.31,81750.31,39014.8,0,2026-09-19T07:00:00Z,2026-09-19T08:00:00Z,2026-09-26T08:00:00Z,,yes,81093.73,greater,80899.99,,BRTI,True,2026-09-19T16:07:49+00:00
kalshi,KXBTCD-26SEP1823-T81599.99,https://kalshi.com/markets/kxbtcd/bitcoin-price-above-below,https://kalshi.com/markets/kxbtcd/bitcoin-price-above-below/kxbtcd-26sep1823,"Bitcoin price on Sep 18, 2026?","$81,600 or above",KXBTCD-26SEP1823,"BTC price on Sep 18, 2026 at 11pm EDT?",KXBTCD,Bitcoin price Above/below,Crypto,"[""Hourly"", ""BTC""]",settled,binary,0,1,0.01,0.01,0.99,0.01,1,81485.84,81485.84,51331.18,0,2026-09-19T02:00:00Z,2026-09-19T03:00:00Z,2026-09-26T03:00:00Z,,no,81268.21,greater,81599.99,,BRTI,True,2026-09-19T16:08:11+00:00
kalshi,KXNWSLGAME-26SEP18SANKC-KC,https://kalshi.com/markets/kxnwslgame/nwsl-game,https://kalshi.com/markets/kxnwslgame/nwsl-game/kxnwslgame-26sep18sankc,Kansas City wins,Kansas City,KXNWSLGAME-26SEP18SANKC,San Diego Wave FC vs Kansas City,KXNWSLGAME,NWSL Game,Sports,"[""Soccer""]",settled,binary,0,1,0.01,0.01,0.99,0.01,1,82094.65,81479.93,49642.12,0,2026-09-15T00:38:00Z,2026-09-19T04:06:59Z,2026-09-21T02:00:00Z,,no,San Diego Wave FC,structured,,,,True,2026-09-19T16:08:01+00:00
kalshi,KXSERIEATOTAL-26SEP19UDICAG-2,https://kalshi.com/markets/kxserieatotal/serie-a-total,https://kalshi.com/markets/kxserieatotal/serie-a-total/kxserieatotal-26sep19udicag,Will over 1.5 goals be scored?,Over 1.5 goals scored,KXSERIEATOTAL-26SEP19UDICAG,,KXSERIEATOTAL,Serie A Total,Sports,"[""Soccer""]",settled,binary,0,1,0.01,0.01,0.99,0.01,1,81467.9,81451.94,53695.26,0,2026-09-12T13:07:00Z,2026-09-19T14:56:06Z,2026-09-21T13:00:00Z,,no,1,greater,1.5,,,True,2026-09-19T16:07:37+00:00
kalshi,KXETH15M-26SEP181730-30,https://kalshi.com/markets/kxeth15m/eth-15m-price-up-down,https://kalshi.com/markets/kxeth15m/eth-15m-price-up-down/kxeth15m-26sep181730,ETH price up in next 15 mins?,"Target Price: $2,638.36",KXETH15M-26SEP181730,,KXETH15M,ETH 15M price up down,Crypto,"[""ETH"", ""15 min""]",settled,binary,0,1,0.001,0.001,0.999,0.001,1,81403.13,81403.13,39768.9,0,2026-09-18T21:15:00Z,2026-09-18T21:30:00Z,2026-09-25T21:30:00Z,,no,2631.76,greater_or_equal,2638.36,,,True,2026-09-19T16:08:30+00:00
kalshi,KXLOLMAP-26SEP181100MKOINAVI-2-MKOI,https://kalshi.com/markets/kxlolmap/league-of-legends-map-winner,https://kalshi.com/markets/kxlolmap/league-of-legends-map-winner/kxlolmap-26sep181100mkoinavi-2,Movistar KOI wins map 2,Movistar KOI,KXLOLMAP-26SEP181100MKOINAVI-2,,KXLOLMAP,League of Legends Map Winner,Sports,"[""Esports""]",settled,binary,0,1,0.99,0.99,0.01,0.99,1,83770.99,81353.36,57275.27,0,2026-09-15T00:25:00Z,2026-09-18T16:54:56Z,2026-09-20T15:00:00Z,,yes,Movistar KOI,structured,,,,True,2026-09-19T16:08:45+00:00
kalshi,KXNCAAF1HSPREAD-26SEP18MIAWAKE-MIA21,https://kalshi.com/markets/kxncaaf1hspread/college-football-1st-half-spread,https://kalshi.com/markets/kxncaaf1hspread/college-football-1st-half-spread/kxncaaf1hspread-26sep18miawake,Miami (FL) wins 1H by over 20.5 points,Miami (FL) wins 1H by over 20.5 points,KXNCAAF1HSPREAD-26SEP18MIAWAKE,Miami (FL) vs Wake Forest: 1st Half Spread,KXNCAAF1HSPREAD,College Football 1st Half Spread,Sports,"[""Football""]",settled,binary,0,1,0.01,0.01,0.99,0.01,1,81734.49,81281.9,51353.3,0,2026-09-14T10:20:00Z,2026-09-19T01:08:07Z,2026-09-20T23:30:00Z,,no,17,greater,20.5,,,True,2026-09-19T16:08:18+00:00
kalshi,KXEPL1HTOTAL-26SEP19TOTAVL-2,https://kalshi.com/markets/kxepl1htotal/epl-1st-half-total,https://kalshi.com/markets/kxepl1htotal/epl-1st-half-total/kxepl1htotal-26sep19totavl,Over 1.5 1H goals scored,Over 1.5 1H goals scored,KXEPL1HTOTAL-26SEP19TOTAVL,,KXEPL1HTOTAL,EPL 1st Half Total,Sports,"[""Soccer""]",settled,binary,0,1,0.01,0.01,0.99,0.01,1,81162.96,81162.96,59221.41,0,2026-09-17T12:06:00Z,2026-09-19T12:26:49Z,2026-09-21T11:30:00Z,,no,1,greater,1.5,,,True,2026-09-19T16:07:39+00:00
kalshi,KXEPLSPREAD-26SEP19TOTAVL-AVL3,https://kalshi.com/markets/kxeplspread/english-premier-league-spread,https://kalshi.com/markets/kxeplspread/english-premier-league-spread/kxeplspread-26sep19totavl,Aston Villa wins by more than 2.5 goals?,Aston Villa wins by more than 2.5 goals,KXEPLSPREAD-26SEP19TOTAVL,Tottenham vs Aston Villa: Spread,KXEPLSPREAD,English Premier League Spread,Sports,"[""Soccer""]",settled,binary,0,1,0.01,0.01,0.99,0.01,1,81471.5,81024.7,22298.81,0,2026-09-12T12:06:00Z,2026-09-19T13:36:02Z,2026-09-21T11:30:00Z,,no,1,greater,2.5,,,True,2026-09-19T16:07:38+00:00
kalshi,KXSOL15M-26SEP190300-00,https://kalshi.com/markets/kxsol15m/solana-15-minutes,https://kalshi.com/markets/kxsol15m/solana-15-minutes/kxsol15m-26sep190300,SOL price up in next 15 mins?,Target Price: $111.7780,KXSOL15M-26SEP190300,,KXSOL15M,Solana 15 minutes,Crypto,"[""15 min"", ""SOL""]",settled,binary,0,1,0.999,0.999,0.001,0.999,1,80770.78,80770.78,16764.43,0,2026-09-19T06:45:00Z,2026-09-19T07:00:00Z,2026-09-26T07:00:00Z,,yes,111.8032,greater_or_equal,111.778,,,True,2026-09-19T16:07:51+00:00
kalshi,KXLIGAMXSPREAD-26SEP18JUATIG-TIG2,https://kalshi.com/markets/kxligamxspread/liga-mx-game,https://kalshi.com/markets/kxligamxspread/liga-mx-game/kxligamxspread-26sep18juatig,Tigres wins by more than 1.5 goals?,Tigres wins by more than 1.5 goals,KXLIGAMXSPREAD-26SEP18JUATIG,,KXLIGAMXSPREAD,Liga MX Game,Sports,"[""Soccer""]",settled,binary,0,1,0.01,0.01,0.99,0.01,1,84592.88,80730.92,55577.7,0,2026-09-12T03:06:00Z,2026-09-19T05:07:35Z,2026-09-21T03:00:00Z,,no,2,greater,1.5,,,True,2026-09-19T16:07:56+00:00
kalshi,KXNWSLTOTAL-26SEP18SANKC-2,https://kalshi.com/markets/kxnwsltotal/nwsl-total,https://kalshi.com/markets/kxnwsltotal/nwsl-total/kxnwsltotal-26sep18sankc,Will over 1.5 goals be scored?,Over 1.5 goals scored,KXNWSLTOTAL-26SEP18SANKC,,KXNWSLTOTAL,NWSL Total,Sports,"[""Soccer""]",settled,binary,0,1,0.99,0.99,0.01,0.99,1,80744.39,80630.15,37780.64,0,2026-09-18T02:06:00Z,2026-09-19T04:04:51Z,2026-09-21T02:00:00Z,,yes,2,greater,1.5,,,True,2026-09-19T16:08:01+00:00
kalshi,KXSOL15M-26SEP181445-45,https://kalshi.com/markets/kxsol15m/solana-15-minutes,https://kalshi.com/markets/kxsol15m/solana-15-minutes/kxsol15m-26sep181445,SOL price up in next 15 mins?,Target Price: $112.6985,KXSOL15M-26SEP181445,,KXSOL15M,Solana 15 minutes,Crypto,"[""15 min"", ""SOL""]",settled,binary,0,1,0.002,0.002,0.998,0.002,1,80488.1,80488.1,33113.08,0,2026-09-18T18:30:00Z,2026-09-18T18:45:00Z,2026-09-25T18:45:00Z,,no,112.4268,greater_or_equal,112.6985,,,True,2026-09-19T16:08:39+00:00
kalshi,KXMLBRFI-26SEP182015WSHSTL,https://kalshi.com/markets/kxmlbrfi/pro-baseball-run-in-first-inning,https://kalshi.com/markets/kxmlbrfi/pro-baseball-run-in-first-inning/kxmlbrfi-26sep182015wshstl,1st inning: Over 0.5 runs,Over 0.5 runs in the 1st inning,KXMLBRFI-26SEP182015WSHSTL,,KXMLBRFI,Pro Baseball Run in First Inning,Sports,"[""Baseball""]",settled,binary,0,1,0.99,0.99,0.01,0.99,1,87510.79,80482.68,76118.29,0,2026-09-16T00:40:00Z,2026-09-19T00:39:39Z,2026-09-22T00:15:00Z,,yes,Yes,greater_or_equal,1,,,True,2026-09-19T16:08:21+00:00
kalshi,KXXRP15M-26SEP181600-00,https://kalshi.com/markets/kxxrp15m/xrp-15-minute,https://kalshi.com/markets/kxxrp15m/xrp-15-minute/kxxrp15m-26sep181600,XRP price up in next 15 mins?,Target Price: $1.4067,KXXRP15M-26SEP181600,,KXXRP15M,XRP 15 Minute,Crypto,"[""15 min"", ""XRP""]",settled,binary,0,1,0.999,0.999,0.001,0.999,1,80403.01,80403.01,24995.52,0,2026-09-18T19:45:00Z,2026-09-18T20:00:00Z,2026-09-25T20:00:00Z,,yes,1.4101,greater_or_equal,1.4067,,,True,2026-09-19T16:08:32+00:00
kalshi,KXEPLSPREAD-26SEP19EVEIPS-EVE2,https://kalshi.com/markets/kxeplspread/english-premier-league-spread,https://kalshi.com/markets/kxeplspread/english-premier-league-spread/kxeplspread-26sep19eveips,Everton wins by more than 1.5 goals?,Everton wins by more than 1.5 goals,KXEPLSPREAD-26SEP19EVEIPS,,KXEPLSPREAD,English Premier League Spread,Sports,"[""Soccer""]",settled,binary,0,1,0.01,0.01,0.99,0.01,1,80443.27,80312.64,40505.14,0,2026-09-12T14:06:00Z,2026-09-19T16:05:55Z,2026-09-21T14:00:00Z,,no,1,greater,1.5,,,True,2026-09-19T16:07:34+00:00
kalshi,KXMLBTOTAL-26SEP181910BOSTB-9,https://kalshi.com/markets/kxmlbtotal/pro-baseball-total-points,https://kalshi.com/markets/kxmlbtotal/pro-baseball-total-points/kxmlbtotal-26sep181910bostb,Over 8.5 runs scored,Over 8.5 runs scored,KXMLBTOTAL-26SEP181910BOSTB,Boston vs Tampa Bay: Total Runs,KXMLBTOTAL,Pro Baseball Total Points,Sports,"[""Baseball""]",settled,binary,0,1,0.01,0.01,0.99,0.01,1,88306.03,80214.76,42386.93,0,2026-09-17T19:10:00Z,2026-09-19T02:00:38Z,2026-09-21T23:10:00Z,,no,6,greater,8.5,,,True,2026-09-19T16:08:14+00:00
kalshi,KXSOL15M-26SEP191015-15,https://kalshi.com/markets/kxsol15m/solana-15-minutes,https://kalshi.com/markets/kxsol15m/solana-15-minutes/kxsol15m-26sep191015,SOL price up in next 15 mins?,Target Price: $111.6145,KXSOL15M-26SEP191015,,KXSOL15M,Solana 15 minutes,Crypto,"[""15 min"", ""SOL""]",settled,binary,0,1,0.001,0.001,0.999,0.001,1,80169.85,80169.85,19003.2,0,2026-09-19T14:00:00Z,2026-09-19T14:15:00Z,2026-09-26T14:15:00Z,,no,111.5618,greater_or_equal,111.6145,,,True,2026-09-19T16:07:37+00:00
kalshi,KXCS2GAME-26SEP181700TDPSHIN-SHIN,https://kalshi.com/markets/kxcs2game/counter-strike-2-game,https://kalshi.com/markets/kxcs2game/counter-strike-2-game/kxcs2game-26sep181700tdpshin,ShindeN wins,ShindeN,KXCS2GAME-26SEP181700TDPSHIN,,KXCS2GAME,Counter-Strike 2 Game,Sports,"[""Esports""]",settled,binary,0,1,0.99,0.99,0.01,0.99,1,80246.95,80125.05,41103.71,0,2026-09-18T11:50:00Z,2026-09-19T01:09:29Z,2026-09-20T21:00:00Z,,yes,ShindeN,structured,,,,True,2026-09-19T16:08:18+00:00
kalshi,KXBRASILEIROBTOTAL-26SEP18VINAMG-4,https://kalshi.com/markets/kxbrasileirobtotal/point-total,https://kalshi.com/markets/kxbrasileirobtotal/point-total/kxbrasileirobtotal-26sep18vinamg,Will over 3.5 goals be scored?,Over 3.5 goals scored,KXBRASILEIROBTOTAL-26SEP18VINAMG,,KXBRASILEIROBTOTAL,Point Total,Sports,"[""Soccer""]",settled,binary,0,1,0.01,0.01,0.99,0.01,1,80099.64,79854.64,50047.71,0,2026-09-15T23:05:00Z,2026-09-19T00:44:59Z,2026-09-20T22:30:00Z,,no,1,greater,3.5,,,True,2026-09-19T16:08:21+00:00
kalshi,KXXRP15M-26SEP181930-30,https://kalshi.com/markets/kxxrp15m/xrp-15-minute,https://kalshi.com/markets/kxxrp15m/xrp-15-minute/kxxrp15m-26sep181930,XRP price up in next 15 mins?,Target Price: $1.3996,KXXRP15M-26SEP181930,,KXXRP15M,XRP 15 Minute,Crypto,"[""15 min"", ""XRP""]",settled,binary,0,1,0.001,0.001,0.999,0.001,1,79847.67,79847.67,27350.64,0,2026-09-18T23:15:00Z,2026-09-18T23:30:00Z,2026-09-25T23:30:00Z,,no,1.3982,greater_or_equal,1.3996,,,True,2026-09-19T16:08:24+00:00
kalshi,KXDAVISCUPMATCH-26SEP19MOLSAK-MOL,https://kalshi.com/markets/kxdaviscupmatch/davis-cup-match,https://kalshi.com/markets/kxdaviscupmatch/davis-cup-match/kxdaviscupmatch-26sep19molsak,Alex Molcan wins,Alex Molcan,KXDAVISCUPMATCH-26SEP19MOLSAK,,KXDAVISCUPMATCH,Davis Cup Match,Sports,"[""Tennis""]",settled,binary,0,1,0.99,0.99,0.01,0.99,1,79756.09,79745.09,56677.11,0,2026-09-18T13:15:00Z,2026-09-19T12:00:26Z,2026-10-03T10:00:00Z,,yes,Alex Molcan,structured,,,,True,2026-09-19T16:07:39+00:00
kalshi,KXNCAAF1H-26SEP18MIAWAKE-MIA,https://kalshi.com/markets/kxncaaf1h/college-football-1st-half-winner,https://kalshi.com/markets/kxncaaf1h/college-football-1st-half-winner/kxncaaf1h-26sep18miawake,Miami (FL) wins the 1st half,Miami (FL) wins 1st Half,KXNCAAF1H-26SEP18MIAWAKE,,KXNCAAF1H,College Football 1st Half Winner,Sports,"[""Football""]",settled,binary,0,1,0.99,0.99,0.01,0.99,1,82661.4,79546.66,66671.03,0,2026-09-05T01:23:00Z,2026-09-19T01:08:07Z,2026-09-20T23:30:00Z,,yes,Miami (FL) wins 1st Half,structured,,,,True,2026-09-19T16:08:18+00:00
kalshi,KXXRP15M-26SEP182100-00,https://kalshi.com/markets/kxxrp15m/xrp-15-minute,https://kalshi.com/markets/kxxrp15m/xrp-15-minute/kxxrp15m-26sep182100,XRP price up in next 15 mins?,Target Price: $1.4188,KXXRP15M-26SEP182100,,KXXRP15M,XRP 15 Minute,Crypto,"[""15 min"", ""XRP""]",settled,binary,0,1,0.001,0.001,0.999,0.001,1,79502.43,79502.43,50812.08,0,2026-09-19T00:45:00Z,2026-09-19T01:00:00Z,2026-09-26T01:00:00Z,,no,1.4094,greater_or_equal,1.4188,,,True,2026-09-19T16:08:18+00:00
kalshi,KXXRP15M-26SEP182030-30,https://kalshi.com/markets/kxxrp15m/xrp-15-minute,https://kalshi.com/markets/kxxrp15m/xrp-15-minute/kxxrp15m-26sep182030,XRP price up in next 15 mins?,Target Price: $1.4031,KXXRP15M-26SEP182030,,KXXRP15M,XRP 15 Minute,Crypto,"[""15 min"", ""XRP""]",settled,binary,0,1,0.999,0.999,0.001,0.999,1,79260.33,79260.33,28597.97,0,2026-09-19T00:15:00Z,2026-09-19T00:30:00Z,2026-09-26T00:30:00Z,,yes,1.4081,greater_or_equal,1.4031,,,True,2026-09-19T16:08:21+00:00
kalshi,KXWTI15M-26SEP181500-00,https://kalshi.com/markets/kxwti15m/wti-15-minute,https://kalshi.com/markets/kxwti15m/wti-15-minute/kxwti15m-26sep181500,WTI Oil price up in next 15 mins?,Target Price: $95.61,KXWTI15M-26SEP181500,,KXWTI15M,WTI 15-minute,Commodities,"[""Oil & Gas""]",settled,binary,0,1,0.001,0.001,0.999,0.001,1,79251.42,79251.42,21402.64,0,2026-09-18T18:45:00Z,2026-09-18T19:00:00Z,2026-09-25T19:00:00Z,,no,95.49,greater_or_equal,95.61,,,True,2026-09-19T16:08:36+00:00
kalshi,KXLOLMAP-26SEP181600SENSR-2-SEN,https://kalshi.com/markets/kxlolmap/league-of-legends-map-winner,https://kalshi.com/markets/kxlolmap/league-of-legends-map-winner/kxlolmap-26sep181600sensr-2,Sentinels wins map 2,Sentinels,KXLOLMAP-26SEP181600SENSR-2,,KXLOLMAP,League of Legends Map Winner,Sports,"[""Esports""]",settled,binary,0,1,0.99,0.99,0.01,0.99,1,79246.46,79246.46,53651.56,0,2026-09-15T00:25:00Z,2026-09-18T21:30:10Z,2026-09-20T20:00:00Z,,yes,Sentinels,structured,,,,True,2026-09-19T16:08:30+00:00
kalshi,KXXRP15M-26SEP190200-00,https://kalshi.com/markets/kxxrp15m/xrp-15-minute,https://kalshi.com/markets/kxxrp15m/xrp-15-minute/kxxrp15m-26sep190200,XRP price up in next 15 mins?,Target Price: $1.4365,KXXRP15M-26SEP190200,,KXXRP15M,XRP 15 Minute,Crypto,"[""15 min"", ""XRP""]",settled,binary,0,1,0.001,0.001,0.999,0.001,1,79240.16,79240.16,42260.5,0,2026-09-19T05:45:00Z,2026-09-19T06:00:00Z,2026-09-26T06:00:00Z,,no,1.4269,greater_or_equal,1.4365,,,True,2026-09-19T16:07:53+00:00
kalshi,KXBTCD-26SEP1815-T80599.99,https://kalshi.com/markets/kxbtcd/bitcoin-price-above-below,https://kalshi.com/markets/kxbtcd/bitcoin-price-above-below/kxbtcd-26sep1815,"Bitcoin price on Sep 18, 2026?","$80,600 or above",KXBTCD-26SEP1815,"BTC price on Sep 18, 2026 at 3pm EDT?",KXBTCD,Bitcoin price Above/below,Crypto,"[""Hourly"", ""BTC""]",settled,binary,0,1,0.99,0.99,0.01,0.99,1,79213.08,79213.08,35123.15,0,2026-09-18T18:00:00Z,2026-09-18T19:00:00Z,2026-09-25T19:00:00Z,,yes,80933.92,greater,80599.99,,BRTI,True,2026-09-19T16:08:38+00:00
kalshi,KXBTCD-26SEP1818-T80899.99,https://kalshi.com/markets/kxbtcd/bitcoin-price-above-below,https://kalshi.com/markets/kxbtcd/bitcoin-price-above-below/kxbtcd-26sep1818,"Bitcoin price on Sep 18, 2026?","$80,900 or above",KXBTCD-26SEP1818,"BTC price on Sep 18, 2026 at 6pm EDT?",KXBTCD,Bitcoin price Above/below,Crypto,"[""Hourly"", ""BTC""]",settled,binary,0,1,0.99,0.99,0.01,0.99,1,79006.13,79006.13,37762.61,0,2026-09-18T21:00:00Z,2026-09-18T22:00:00Z,2026-09-25T22:00:00Z,,yes,81223.68,greater,80899.99,,BRTI,True,2026-09-19T16:08:29+00:00
kalshi,KXWNBASPREAD-26SEP18NYMIN-MIN7,https://kalshi.com/markets/kxwnbaspread/women-s-pro-basketball-spread,https://kalshi.com/markets/kxwnbaspread/women-s-pro-basketball-spread/kxwnbaspread-26sep18nymin,Minnesota wins the game by over 6.5 points,Minnesota wins by over 6.5 points,KXWNBASPREAD-26SEP18NYMIN,,KXWNBASPREAD,Women's Pro Basketball Spread,Sports,"[""Basketball""]",settled,binary,0,1,0.01,0.01,0.99,0.01,1,86689.38,78990.68,54364.29,0,2026-09-15T23:40:00Z,2026-09-19T02:00:17Z,2026-09-20T23:30:00Z,,no,12,greater,6.5,,,True,2026-09-19T16:08:15+00:00
kalshi,KXSILVER15M-26SEP182345-45,https://kalshi.com/markets/kxsilver15m/silver-15-minute,https://kalshi.com/markets/kxsilver15m/silver-15-minute/kxsilver15m-26sep182345,Silver price up in next 15 mins?,Target Price: $66.434,KXSILVER15M-26SEP182345,,KXSILVER15M,Silver 15-minute,Commodities,"[""Metals""]",settled,binary,0,1,0.034,0.034,0.966,0.034,1,78977.09,78977.09,22533.83,0,2026-09-19T03:30:00Z,2026-09-19T03:45:00Z,2026-09-26T03:45:00Z,,no,66.432,greater_or_equal,66.434,,,True,2026-09-19T16:08:04+00:00
kalshi,KXAPFDDHGAME-26SEP18TRIGUA-TRI,https://kalshi.com/markets/kxapfddhgame/apf-division-de-honor-game,https://kalshi.com/markets/kxapfddhgame/apf-division-de-honor-game/kxapfddhgame-26sep18trigua,Trinidense wins,Trinidense,KXAPFDDHGAME-26SEP18TRIGUA,,KXAPFDDHGAME,APF Division de Honor Game,Sports,"[""Soccer""]",settled,binary,0,1,0.01,0.01,0.99,0.01,1,79877.87,78976.57,48245.24,0,2026-09-14T00:34:00Z,2026-09-18T20:56:31Z,2026-09-20T19:00:00Z,,no,Club Guarani,structured,,,,True,2026-09-19T16:08:32+00:00
kalshi,KXLALIGA2GAME-26SEP18ALBCOR-COR,https://kalshi.com/markets/kxlaliga2game/laliga-2-game,https://kalshi.com/markets/kxlaliga2game/laliga-2-game/kxlaliga2game-26sep18albcor,Cordoba wins,Cordoba,KXLALIGA2GAME-26SEP18ALBCOR,,KXLALIGA2GAME,LaLiga 2 Game,Sports,"[""Soccer""]",settled,binary,0,1,0.99,0.99,0.01,0.99,1,79081.82,78716.72,25105.78,0,2026-09-14T00:36:00Z,2026-09-18T20:32:29Z,2026-09-20T18:30:00Z,,yes,Cordoba,structured,,,,True,2026-09-19T16:08:32+00:00
kalshi,KXDAVISCUPMATCH-26SEP18VASVAC-VAC,https://kalshi.com/markets/kxdaviscupmatch/davis-cup-match,https://kalshi.com/markets/kxdaviscupmatch/davis-cup-match/kxdaviscupmatch-26sep18vasvac,Valentin Vacherot wins,Valentin Vacherot,KXDAVISCUPMATCH-26SEP18VASVAC,Vasa vs Vacherot,KXDAVISCUPMATCH,Davis Cup Match,Sports,"[""Tennis""]",settled,binary,0,1,0.99,0.99,0.01,0.99,1,79139.84,78684.77,68027.91,0,2026-09-17T17:45:00Z,2026-09-18T18:15:02Z,2026-10-02T16:10:00Z,,yes,Valentin Vacherot,structured,,,,True,2026-09-19T16:08:39+00:00
kalshi,KXMLBTOTAL-26SEP181840CHCCIN-13,https://kalshi.com/markets/kxmlbtotal/pro-baseball-total-points,https://kalshi.com/markets/kxmlbtotal/pro-baseball-total-points/kxmlbtotal-26sep181840chccin,Over 12.5 runs scored,Over 12.5 runs scored,KXMLBTOTAL-26SEP181840CHCCIN,Chicago C vs Cincinnati: Total Runs,KXMLBTOTAL,Pro Baseball Total Points,Sports,"[""Baseball""]",settled,binary,0,1,0.01,0.01,0.99,0.01,1,79036.23,78593.77,38405.39,0,2026-09-18T03:20:00Z,2026-09-19T01:30:29Z,2026-09-21T22:40:00Z,,no,10,greater,12.5,,,True,2026-09-19T16:08:18+00:00
kalshi,KXCS2GAME-26SEP190600NRGMIBR-NRG,https://kalshi.com/markets/kxcs2game/counter-strike-2-game,https://kalshi.com/markets/kxcs2game/counter-strike-2-game/kxcs2game-26sep190600nrgmibr,NRG wins,NRG,KXCS2GAME-26SEP190600NRGMIBR,,KXCS2GAME,Counter-Strike 2 Game,Sports,"[""Esports""]",settled,binary,0,1,0.01,0.01,0.99,0.01,1,78559.69,78559.69,56229.27,0,2026-09-18T19:05:00Z,2026-09-19T11:39:39Z,2026-09-21T10:00:00Z,,no,MIBR,structured,,,,True,2026-09-19T16:07:40+00:00
kalshi,KXETH15M-26SEP182045-45,https://kalshi.com/markets/kxeth15m/eth-15m-price-up-down,https://kalshi.com/markets/kxeth15m/eth-15m-price-up-down/kxeth15m-26sep182045,ETH price up in next 15 mins?,"Target Price: $2,614.15",KXETH15M-26SEP182045,,KXETH15M,ETH 15M price up down,Crypto,"[""ETH"", ""15 min""]",settled,binary,0,1,0.999,0.999,0.001,0.999,1,78428.62,78428.62,48482.17,0,2026-09-19T00:30:00Z,2026-09-19T00:45:00Z,2026-09-26T00:45:00Z,,yes,2620.83,greater_or_equal,2614.15,,,True,2026-09-19T16:08:21+00:00
kalshi,KXSILVER15M-26SEP182300-00,https://kalshi.com/markets/kxsilver15m/silver-15-minute,https://kalshi.com/markets/kxsilver15m/silver-15-minute/kxsilver15m-26sep182300,Silver price up in next 15 mins?,Target Price: $66.441,KXSILVER15M-26SEP182300,,KXSILVER15M,Silver 15-minute,Commodities,"[""Metals""]",settled,binary,0,1,0.999,0.999,0.001,0.999,1,78424.93,78424.93,20536.76,0,2026-09-19T02:45:00Z,2026-09-19T03:00:00Z,2026-09-26T03:00:00Z,,yes,66.461,greater_or_equal,66.441,,,True,2026-09-19T16:08:11+00:00
kalshi,KXECULPGAME-26SEP20SDAMAC-SDA,https://kalshi.com/markets/kxeculpgame/ecuador-liga-pro-game,https://kalshi.com/markets/kxeculpgame/ecuador-liga-pro-game/kxeculpgame-26sep20sdamac,Aucas wins,Aucas,KXECULPGAME-26SEP20SDAMAC,Aucas vs Macara,KXECULPGAME,Ecuador Liga Pro Game,Sports,"[""Soccer""]",settled,binary,0,1,0.01,0.01,0.99,0.01,1,79330.78,78410.44,51142.97,0,2026-09-16T00:37:00Z,2026-09-19T02:36:24Z,2026-09-22T20:00:00Z,,no,Macara,structured,,,,True,2026-09-19T16:08:13+00:00
kalshi,KXWNBATOTAL-26SEP18PDXGS-161,https://kalshi.com/markets/kxwnbatotal/women-s-pro-basketball-total,https://kalshi.com/markets/kxwnbatotal/women-s-pro-basketball-total/kxwnbatotal-26sep18pdxgs,Over 160.5 points scored,Over 160.5 points scored,KXWNBATOTAL-26SEP18PDXGS,Portland vs Golden State: Total,KXWNBATOTAL,Women's Pro Basketball Total,Sports,"[""Basketball""]",settled,binary,0,1,0.01,0.01,0.99,0.01,1,81632.8,78141.22,43743.64,0,2026-09-16T02:10:00Z,2026-09-19T04:30:04Z,2026-09-21T02:00:00Z,,no,148,greater,160.5,,,True,2026-09-19T16:08:01+00:00
kalshi,KXVALORANTGAME-26SEP190300GENFLC-GEN,https://kalshi.com/markets/kxvalorantgame/valorant-game-winner,https://kalshi.com/markets/kxvalorantgame/valorant-game-winner/kxvalorantgame-26sep190300genflc,Gen.G GC wins,Gen.G GC,KXVALORANTGAME-26SEP190300GENFLC,,KXVALORANTGAME,Valorant game winner,Sports,"[""Esports""]",settled,binary,0,1,0.99,0.99,0.01,0.99,1,78059.3,78059.3,47535.98,0,2026-09-18T15:05:00Z,2026-09-19T12:29:49Z,2026-09-21T07:00:00Z,,yes,Gen.G GC,structured,,,,True,2026-09-19T16:07:39+00:00
kalshi,KXNCAAF1HSPREAD-26SEP18MIAWAKE-MIA7,https://kalshi.com/markets/kxncaaf1hspread/college-football-1st-half-spread,https://kalshi.com/markets/kxncaaf1hspread/college-football-1st-half-spread/kxncaaf1hspread-26sep18miawake,Miami (FL) wins 1H by over 6.5 points,Miami (FL) wins 1H by over 6.5 points,KXNCAAF1HSPREAD-26SEP18MIAWAKE,Miami (FL) vs Wake Forest: 1st Half Spread,KXNCAAF1HSPREAD,College Football 1st Half Spread,Sports,"[""Football""]",settled,binary,0,1,0.99,0.99,0.01,0.99,1,80511.42,77824.68,53008.5,0,2026-09-14T10:20:00Z,2026-09-19T01:08:08Z,2026-09-20T23:30:00Z,,yes,17,greater,6.5,,,True,2026-09-19T16:08:18+00:00
kalshi,KXBUNDESLIGA2TOTAL-26SEP18WOBD98-6,https://kalshi.com/markets/kxbundesliga2total/point-total,https://kalshi.com/markets/kxbundesliga2total/point-total/kxbundesliga2total-26sep18wobd98,Will over 5.5 goals be scored?,Over 5.5 goals scored,KXBUNDESLIGA2TOTAL-26SEP18WOBD98,,KXBUNDESLIGA2TOTAL,Point Total,Sports,"[""Soccer""]",settled,binary,0,1,0.99,0.99,0.01,0.99,1,78278.38,77766.43,31085.45,0,2026-09-17T17:05:00Z,2026-09-18T18:25:35Z,2026-09-20T16:30:00Z,,yes,6,greater,5.5,,,True,2026-09-19T16:08:39+00:00
kalshi,KXMLBTEAMTOTAL-26SEP181910ATHCLE-CLE5,https://kalshi.com/markets/kxmlbteamtotal/pro-baseball-team-total,https://kalshi.com/markets/kxmlbteamtotal/pro-baseball-team-total/kxmlbteamtotal-26sep181910athcle,Will Cleveland score over 4.5 runs?,Cleveland over 4.5 runs scored,KXMLBTEAMTOTAL-26SEP181910ATHCLE,,KXMLBTEAMTOTAL,Pro Baseball Team Total,Sports,"[""Baseball""]",settled,binary,0,1,0.99,0.99,0.01,0.99,1,87037.96,77755.23,73059.53,0,2026-09-17T23:00:00Z,2026-09-19T01:49:48Z,2026-09-21T23:10:00Z,,yes,"Home: 5, Away: 3",greater,4.5,,,True,2026-09-19T16:08:16+00:00
kalshi,KXNPBGAME-26SEP190100CHUYOM-YOM,https://kalshi.com/markets/kxnpbgame/japan-npb-game,https://kalshi.com/markets/kxnpbgame/japan-npb-game/kxnpbgame-26sep190100chuyom,Yomiuri Giants wins,Yomiuri Giants,KXNPBGAME-26SEP190100CHUYOM,,KXNPBGAME,Japan NPB Game,Sports,"[""Baseball""]",settled,binary,0,1,0.99,0.99,0.01,0.99,1,77566.91,77558.29,62257.9,0,2026-09-16T04:11:00Z,2026-09-19T08:14:43Z,2026-09-21T05:00:00Z,,yes,Yomiuri Giants,structured,,,,True,2026-09-19T16:07:47+00:00
kalshi,KXMLBF5TOTAL-26SEP181840KCPIT-5,https://kalshi.com/markets/kxmlbf5total/first-5-innings-total,https://kalshi.com/markets/kxmlbf5total/first-5-innings-total/kxmlbf5total-26sep181840kcpit,First 5 innings: Over 4.5 runs,Over 4.5 runs in the first 5 innings,KXMLBF5TOTAL-26SEP181840KCPIT,,KXMLBF5TOTAL,First 5 Innings Total,Sports,"[""Baseball""]",settled,binary,0,1,0.99,0.99,0.01,0.99,1,79227.44,77510.7,49949.96,0,2026-09-17T19:10:00Z,2026-09-19T00:30:28Z,2026-09-21T22:40:00Z,,yes,10,greater,4.5,,,True,2026-09-19T16:08:21+00:00
kalshi,KXSERIEABTTS-26SEP18MONSAS-BTTS,https://kalshi.com/markets/kxserieabtts/serie-a-btts,https://kalshi.com/markets/kxserieabtts/serie-a-btts/kxserieabtts-26sep18monsas,Both Teams To Score,Both Teams To Score,KXSERIEABTTS-26SEP18MONSAS,,KXSERIEABTTS,Serie A BTTS,Sports,"[""Soccer""]",settled,binary,0,1,0.99,0.99,0.01,0.99,1,97140.64,77509.56,59519.98,0,2026-09-11T19:08:00Z,2026-09-18T20:49:39Z,2026-09-20T18:45:00Z,,yes,YES,,,,,True,2026-09-19T16:08:32+00:00
kalshi,KXSOL15M-26SEP190845-45,https://kalshi.com/markets/kxsol15m/solana-15-minutes,https://kalshi.com/markets/kxsol15m/solana-15-minutes/kxsol15m-26sep190845,SOL price up in next 15 mins?,Target Price: $111.7013,KXSOL15M-26SEP190845,,KXSOL15M,Solana 15 minutes,Crypto,"[""15 min"", ""SOL""]",settled,binary,0,1,0.001,0.001,0.999,0.001,1,77286.78,77286.78,16919.91,0,2026-09-19T12:30:00Z,2026-09-19T12:45:00Z,2026-09-26T12:45:00Z,,no,111.6973,greater_or_equal,111.7013,,,True,2026-09-19T16:07:39+00:00
kalshi,KXXRP15M-26SEP190015-15,https://kalshi.com/markets/kxxrp15m/xrp-15-minute,https://kalshi.com/markets/kxxrp15m/xrp-15-minute/kxxrp15m-26sep190015,XRP price up in next 15 mins?,Target Price: $1.4178,KXXRP15M-26SEP190015,,KXXRP15M,XRP 15 Minute,Crypto,"[""15 min"", ""XRP""]",settled,binary,0,1,0.999,0.999,0.001,0.999,1,77255.36,77255.36,44441.24,0,2026-09-19T04:00:00Z,2026-09-19T04:15:00Z,2026-09-26T04:15:00Z,,yes,1.4248,greater_or_equal,1.4178,,,True,2026-09-19T16:08:01+00:00
kalshi,KXXRP15M-26SEP190915-15,https://kalshi.com/markets/kxxrp15m/xrp-15-minute,https://kalshi.com/markets/kxxrp15m/xrp-15-minute/kxxrp15m-26sep190915,XRP price up in next 15 mins?,Target Price: $1.4321,KXXRP15M-26SEP190915,,KXXRP15M,XRP 15 Minute,Crypto,"[""15 min"", ""XRP""]",settled,binary,0,1,0.999,0.999,0.001,0.999,1,77254.71,77254.71,36825.39,0,2026-09-19T13:00:00Z,2026-09-19T13:15:00Z,2026-09-26T13:15:00Z,,yes,1.4428,greater_or_equal,1.4321,,,True,2026-09-19T16:07:38+00:00
kalshi,KXJLEAGUEGAME-26SEP19URDVER-URD,https://kalshi.com/markets/kxjleaguegame/japan-j-league-game,https://kalshi.com/markets/kxjleaguegame/japan-j-league-game/kxjleaguegame-26sep19urdver,Urawa wins,Urawa,KXJLEAGUEGAME-26SEP19URDVER,,KXJLEAGUEGAME,Japan J League Game,Sports,"[""Soccer""]",settled,binary,0,1,0.99,0.99,0.01,0.99,1,77299.46,77244.69,34255.71,0,2026-09-12T00:38:00Z,2026-09-19T11:44:37Z,2026-09-21T09:30:00Z,,yes,Urawa,structured,,,,True,2026-09-19T16:07:40+00:00
kalshi,KXECULPTOTAL-26SEP18SDAMAC-3,https://kalshi.com/markets/kxeculptotal/point-total,https://kalshi.com/markets/kxeculptotal/point-total/kxeculptotal-26sep18sdamac,Will over 2.5 goals be scored?,Over 2.5 goals scored,KXECULPTOTAL-26SEP18SDAMAC,,KXECULPTOTAL,Point Total,Sports,"[""Soccer""]",settled,binary,0,1,0.99,0.99,0.01,0.99,1,76897.73,76897.73,32961.94,0,2026-09-18T01:06:00Z,2026-09-19T02:34:49Z,2026-09-21T00:30:00Z,,yes,3,greater,2.5,,,True,2026-09-19T16:08:13+00:00
kalshi,KXLIGAMXTOTAL-26SEP18PUEALA-4,https://kalshi.com/markets/kxligamxtotal/liga-mx-total,https://kalshi.com/markets/kxligamxtotal/liga-mx-total/kxligamxtotal-26sep18pueala,Will over 3.5 goals be scored?,Over 3.5 goals scored,KXLIGAMXTOTAL-26SEP18PUEALA,Puebla vs Atlante: Total Goals,KXLIGAMXTOTAL,Liga MX Total,Sports,"[""Soccer""]",settled,binary,0,1,0.01,0.01,0.99,0.01,1,76969.99,76689.05,46182.31,0,2026-09-12T01:07:00Z,2026-09-19T03:05:14Z,2026-09-21T01:00:00Z,,no,2,greater,3.5,,,True,2026-09-19T16:08:08+00:00
kalshi,KXMLBTOTAL-26SEP182005TORTEX-10,https://kalshi.com/markets/kxmlbtotal/pro-baseball-total-points,https://kalshi.com/markets/kxmlbtotal/pro-baseball-total-points/kxmlbtotal-26sep182005tortex,Over 9.5 runs scored,Over 9.5 runs scored,KXMLBTOTAL-26SEP182005TORTEX,,KXMLBTOTAL,Pro Baseball Total Points,Sports,"[""Baseball""]",settled,binary,0,1,0.01,0.01,0.99,0.01,1,76970.91,76514.26,41483.55,0,2026-09-18T01:40:00Z,2026-09-19T03:04:58Z,2026-09-22T00:05:00Z,,no,8,greater,9.5,,,True,2026-09-19T16:08:08+00:00
kalshi,KXXRP15M-26SEP190430-30,https://kalshi.com/markets/kxxrp15m/xrp-15-minute,https://kalshi.com/markets/kxxrp15m/xrp-15-minute/kxxrp15m-26sep190430,XRP price up in next 15 mins?,Target Price: $1.4162,KXXRP15M-26SEP190430,,KXXRP15M,XRP 15 Minute,Crypto,"[""15 min"", ""XRP""]",settled,binary,0,1,0.001,0.001,0.999,0.001,1,76419.24,76419.24,24683.11,0,2026-09-19T08:15:00Z,2026-09-19T08:30:00Z,2026-09-26T08:30:00Z,,no,1.4158,greater_or_equal,1.4162,,,True,2026-09-19T16:07:47+00:00
kalshi,KXRAIN-26SEP18-MIA,https://kalshi.com/markets/kxrain/where-will-it-rain-daily,https://kalshi.com/markets/kxrain/where-will-it-rain-daily/kxrain-26sep18,"Will it rain in Miami on Sep 18, 2026?",Miami,KXRAIN-26SEP18,,KXRAIN,Where will it rain daily,Climate and Weather,"[""Snow and rain""]",settled,binary,0,1,0.99,0.99,0.01,0.99,1,97527.47,76369.43,29030.93,0,2026-09-17T09:10:00Z,2026-09-19T05:00:00Z,2026-09-20T05:00:00Z,,yes,0.17,greater,0,,,True,2026-09-19T16:07:57+00:00
kalshi,KXEFLCHAMPIONSHIPTOTAL-26SEP18BRCWAT-2,https://kalshi.com/markets/kxeflchampionshiptotal/efl-championship-total,https://kalshi.com/markets/kxeflchampionshiptotal/efl-championship-total/kxeflchampionshiptotal-26sep18brcwat,Will over 1.5 goals be scored?,Over 1.5 goals scored,KXEFLCHAMPIONSHIPTOTAL-26SEP18BRCWAT,,KXEFLCHAMPIONSHIPTOTAL,EFL Championship Total,Sports,"[""Soccer""]",settled,binary,0,1,0.01,0.01,0.99,0.01,1,80282.83,76241.64,29374.46,0,2026-09-15T19:06:00Z,2026-09-18T20:59:27Z,2026-09-20T19:00:00Z,,no,1,greater,1.5,,,True,2026-09-19T16:08:32+00:00
kalshi,KXBTCD-26SEP1814-T81099.99,https://kalshi.com/markets/kxbtcd/bitcoin-price-above-below,https://kalshi.com/markets/kxbtcd/bitcoin-price-above-below/kxbtcd-26sep1814,"Bitcoin price on Sep 18, 2026?","$81,100 or above",KXBTCD-26SEP1814,"BTC price on Sep 18, 2026 at 2pm EDT?",KXBTCD,Bitcoin price Above/below,Crypto,"[""Hourly"", ""BTC""]",settled,binary,0,1,0.01,0.01,0.99,0.01,1,76238.04,76238.04,35717.81,0,2026-09-18T17:00:00Z,2026-09-18T18:00:00Z,2026-09-25T18:00:00Z,,no,80984.20,greater,81099.99,,BRTI,True,2026-09-19T16:08:42+00:00
kalshi,KXBTCD-26SEP1905-T81499.99,https://kalshi.com/markets/kxbtcd/bitcoin-price-above-below,https://kalshi.com/markets/kxbtcd/bitcoin-price-above-below/kxbtcd-26sep1905,"Bitcoin price on Sep 19, 2026?","$81,500 or above",KXBTCD-26SEP1905,"BTC price on Sep 19, 2026 at 5am EDT?",KXBTCD,Bitcoin price Above/below,Crypto,"[""Hourly"", ""BTC""]",settled,binary,0,1,0.01,0.01,0.99,0.01,1,76096.63,76096.63,32104.78,0,2026-09-19T08:00:00Z,2026-09-19T09:00:00Z,2026-09-26T09:00:00Z,,no,81286.80,greater,81499.99,,BRTI,True,2026-09-19T16:07:46+00:00
kalshi,KXLALIGA1H-26SEP18ESPELC-ELC,https://kalshi.com/markets/kxlaliga1h/la-liga-first-half-winner,https://kalshi.com/markets/kxlaliga1h/la-liga-first-half-winner/kxlaliga1h-26sep18espelc,Elche wins 1st Half,Elche wins 1st Half,KXLALIGA1H-26SEP18ESPELC,,KXLALIGA1H,La Liga First Half Winner,Sports,"[""Soccer""]",settled,binary,0,1,0.99,0.99,0.01,0.99,1,79565.21,76009.93,54545.76,0,2026-09-16T19:06:00Z,2026-09-18T19:56:30Z,2026-09-20T19:00:00Z,,yes,Elche wins 1st Half,structured,,,,True,2026-09-19T16:08:36+00:00
kalshi,KXNBLGAME-26SEP190530A36MEL-MEL,https://kalshi.com/markets/kxnblgame/australia-nbl-game,https://kalshi.com/markets/kxnblgame/australia-nbl-game/kxnblgame-26sep190530a36mel,Melbourne United wins,Melbourne United,KXNBLGAME-26SEP190530A36MEL,,KXNBLGAME,Australia NBL Game,Sports,"[""Basketball""]",settled,binary,0,1,0.01,0.01,0.99,0.01,1,76409,75568.31,31811.98,0,2026-09-16T00:38:00Z,2026-09-19T11:34:49Z,2026-09-21T09:30:00Z,,no,Adelaide 36ers,structured,,,,True,2026-09-19T16:07:40+00:00
kalshi,KXLOLMAP-26SEP190500JDGIG-2-JDG,https://kalshi.com/markets/kxlolmap/league-of-legends-map-winner,https://kalshi.com/markets/kxlolmap/league-of-legends-map-winner/kxlolmap-26sep190500jdgig-2,JD Gaming wins map 2,JD Gaming,KXLOLMAP-26SEP190500JDGIG-2,,KXLOLMAP,League of Legends Map Winner,Sports,"[""Esports""]",settled,binary,0,1,0.01,0.01,0.99,0.01,1,75511.37,75511.37,63824.65,0,2026-09-18T13:45:00Z,2026-09-19T10:55:08Z,2026-09-21T09:00:00Z,,no,Invictus Gaming,structured,,,,True,2026-09-19T16:07:41+00:00
kalshi,KXNCAAFSPREAD-26SEP18MIAWAKE-MIA34,https://kalshi.com/markets/kxncaafspread/college-football-spread,https://kalshi.com/markets/kxncaafspread/college-football-spread/kxncaafspread-26sep18miawake,Miami (FL) wins by over 33.5 points,Miami (FL) wins by over 33.5 points,KXNCAAFSPREAD-26SEP18MIAWAKE,Miami (FL) vs Wake Forest: Spread,KXNCAAFSPREAD,College Football Spread,Sports,"[""Football""]",settled,binary,0,1,0.01,0.01,0.99,0.01,1,79114.18,75267.21,56919.17,0,2026-09-12T01:07:00Z,2026-09-19T03:14:38Z,2026-09-20T23:30:00Z,,no,13,greater,33.5,,,True,2026-09-19T16:08:06+00:00
kalshi,KXWTASETWINNER-26SEP18DESOKA-1-OKA,https://kalshi.com/markets/kxwtasetwinner/wta-set-winner,https://kalshi.com/markets/kxwtasetwinner/wta-set-winner/kxwtasetwinner-26sep18desoka-1,Will Kyoka Okamura win set 1 in the Eva Marie Desvignes vs Kyoka Okamura match,Kyoka Okamura,KXWTASETWINNER-26SEP18DESOKA-1,,KXWTASETWINNER,WTA Set Winner,Sports,"[""Tennis""]",settled,binary,0,1,0.99,0.99,0.01,0.99,1,75099.67,75099.67,49975.42,0,2026-09-18T10:00:00Z,2026-09-19T08:50:38Z,2026-10-03T03:00:00Z,,yes,"Okamura, Kyoka",structured,,,,True,2026-09-19T16:07:47+00:00
kalshi,KXBUNDESLIGAGAME-26SEP19HSVKOE-TIE,https://kalshi.com/markets/kxbundesligagame/bundesliga-game,https://kalshi.com/markets/kxbundesligagame/bundesliga-game/kxbundesligagame-26sep19hsvkoe,Tie is the result,Tie,KXBUNDESLIGAGAME-26SEP19HSVKOE,Hamburg vs FC Köln,KXBUNDESLIGAGAME,Bundesliga Game,Sports,"[""Soccer""]",settled,binary,0,1,0.01,0.01,0.99,0.01,1,75157.36,74966.85,37824.38,0,2026-09-05T00:39:00Z,2026-09-19T15:35:17Z,2026-09-21T19:30:00Z,,no,Hamburg,structured,,,,True,2026-09-19T16:07:35+00:00
kalshi,KXLOLMAP-26SEP190500JDGIG-1-IG,https://kalshi.com/markets/kxlolmap/league-of-legends-map-winner,https://kalshi.com/markets/kxlolmap/league-of-legends-map-winner/kxlolmap-26sep190500jdgig-1,Invictus Gaming wins map 1,Invictus Gaming,KXLOLMAP-26SEP190500JDGIG-1,,KXLOLMAP,League of Legends Map Winner,Sports,"[""Esports""]",settled,binary,0,1,0.99,0.99,0.01,0.99,1,74922.75,74922.75,54257.48,0,2026-09-18T13:45:00Z,2026-09-19T09:50:18Z,2026-09-21T09:00:00Z,,yes,Invictus Gaming,structured,,,,True,2026-09-19T16:07:44+00:00
kalshi,KXAPFDDHGAME-26SEP18NACMAY-NAC,https://kalshi.com/markets/kxapfddhgame/apf-division-de-honor-game,https://kalshi.com/markets/kxapfddhgame/apf-division-de-honor-game/kxapfddhgame-26sep18nacmay,Nacional wins,Nacional,KXAPFDDHGAME-26SEP18NACMAY,,KXAPFDDHGAME,APF Division de Honor Game,Sports,"[""Soccer""]",settled,binary,0,1,0.99,0.99,0.01,0.99,1,75186.45,74911.59,35063.01,0,2026-09-14T00:34:00Z,2026-09-18T23:32:14Z,2026-09-20T21:30:00Z,,yes,Nacional,structured,,,,True,2026-09-19T16:08:24+00:00
kalshi,KXLALIGA1HTOTAL-26SEP18ESPELC-3,https://kalshi.com/markets/kxlaliga1htotal/1st-half-total,https://kalshi.com/markets/kxlaliga1htotal/1st-half-total/kxlaliga1htotal-26sep18espelc,Over 2.5 1H goals scored,Over 2.5 1H goals scored,KXLALIGA1HTOTAL-26SEP18ESPELC,,KXLALIGA1HTOTAL,1st Half Total,Sports,"[""Soccer""]",settled,binary,0,1,0.01,0.01,0.99,0.01,1,75254.78,74892.29,45621.61,0,2026-09-16T19:06:00Z,2026-09-18T20:00:44Z,2026-09-20T19:00:00Z,,no,2,greater,2.5,,,True,2026-09-19T16:08:32+00:00
kalshi,KXBTCD-26SEP1820-T81299.99,https://kalshi.com/markets/kxbtcd/bitcoin-price-above-below,https://kalshi.com/markets/kxbtcd/bitcoin-price-above-below/kxbtcd-26sep1820,"Bitcoin price on Sep 18, 2026?","$81,300 or above",KXBTCD-26SEP1820,"BTC price on Sep 18, 2026 at 8pm EDT?",KXBTCD,Bitcoin price Above/below,Crypto,"[""Hourly"", ""BTC""]",settled,binary,0,1,0.01,0.01,0.99,0.01,1,74785.73,74785.73,38146.32,0,2026-09-18T23:00:00Z,2026-09-19T00:00:00Z,2026-09-26T00:00:00Z,,no,80881.41,greater,81299.99,,BRTI,True,2026-09-19T16:08:24+00:00
kalshi,KXMLS1HTOTAL-26SEP18NYCNYRB-2,https://kalshi.com/markets/kxmls1htotal/1st-half-total,https://kalshi.com/markets/kxmls1htotal/1st-half-total/kxmls1htotal-26sep18nycnyrb,Over 1.5 1H goals scored,Over 1.5 1H goals scored,KXMLS1HTOTAL-26SEP18NYCNYRB,,KXMLS1HTOTAL,1st Half Total,Sports,"[""Soccer""]",settled,binary,0,1,0.01,0.01,0.99,0.01,1,74654.02,74654.02,54903.42,0,2026-09-17T00:06:00Z,2026-09-19T00:35:47Z,2026-09-20T23:30:00Z,,no,0,greater,1.5,,,True,2026-09-19T16:08:21+00:00
kalshi,KXETH15M-26SEP190445-45,https://kalshi.com/markets/kxeth15m/eth-15m-price-up-down,https://kalshi.com/markets/kxeth15m/eth-15m-price-up-down/kxeth15m-26sep190445,ETH price up in next 15 mins?,"Target Price: $2,642.95",KXETH15M-26SEP190445,,KXETH15M,ETH 15M price up down,Crypto,"[""ETH"", ""15 min""]",settled,binary,0,1,0.999,0.999,0.001,0.999,1,74603.61,74603.61,35412.32,0,2026-09-19T08:30:00Z,2026-09-19T08:45:00Z,2026-09-26T08:45:00Z,,yes,2648.27,greater_or_equal,2642.95,,,True,2026-09-19T16:07:47+00:00
kalshi,KXETH15M-26SEP190615-15,https://kalshi.com/markets/kxeth15m/eth-15m-price-up-down,https://kalshi.com/markets/kxeth15m/eth-15m-price-up-down/kxeth15m-26sep190615,ETH price up in next 15 mins?,"Target Price: $2,640.95",KXETH15M-26SEP190615,,KXETH15M,ETH 15M price up down,Crypto,"[""ETH"", ""15 min""]",settled,binary,0,1,0.001,0.001,0.999,0.001,1,74523.86,74523.86,20935.1,0,2026-09-19T10:00:00Z,2026-09-19T10:15:00Z,2026-09-26T10:15:00Z,,no,2640.23,greater_or_equal,2640.95,,,True,2026-09-19T16:07:41+00:00
kalshi,KXJLEAGUEGAME-26SEP19SHIJEF-SHI,https://kalshi.com/markets/kxjleaguegame/japan-j-league-game,https://kalshi.com/markets/kxjleaguegame/japan-j-league-game/kxjleaguegame-26sep19shijef,Shimizu wins,Shimizu,KXJLEAGUEGAME-26SEP19SHIJEF,,KXJLEAGUEGAME,Japan J League Game,Sports,"[""Soccer""]",settled,binary,0,1,0.99,0.99,0.01,0.99,1,74525.29,74520.29,22479.05,0,2026-09-12T00:38:00Z,2026-09-19T11:44:37Z,2026-09-21T09:30:00Z,,yes,Shimizu,structured,,,,True,2026-09-19T16:07:40+00:00
kalshi,KXNCAAFSPREAD-26SEP18MIAWAKE-MIA36,https://kalshi.com/markets/kxncaafspread/college-football-spread,https://kalshi.com/markets/kxncaafspread/college-football-spread/kxncaafspread-26sep18miawake,Miami (FL) wins by over 35.5 points,Miami (FL) wins by over 35.5 points,KXNCAAFSPREAD-26SEP18MIAWAKE,Miami (FL) vs Wake Forest: Spread,KXNCAAFSPREAD,College Football Spread,Sports,"[""Football""]",settled,binary,0,1,0.01,0.01,0.99,0.01,1,80011.32,74497.47,51507.78,0,2026-09-12T01:07:00Z,2026-09-19T03:14:38Z,2026-09-20T23:30:00Z,,no,13,greater,35.5,,,True,2026-09-19T16:08:06+00:00
kalshi,KXDOGE15M-26SEP190915-15,https://kalshi.com/markets/kxdoge15m/dogecoin-15-minute,https://kalshi.com/markets/kxdoge15m/dogecoin-15-minute/kxdoge15m-26sep190915,DOGE price up in next 15 mins?,Target Price: $0.0888118,KXDOGE15M-26SEP190915,,KXDOGE15M,Dogecoin 15 Minute,Crypto,"[""DOGE"", ""15 min""]",settled,binary,0,1,0.999,0.999,0.001,0.999,1,74486.97,74486.97,27974.62,0,2026-09-19T13:00:00Z,2026-09-19T13:15:00Z,2026-09-26T13:15:00Z,,yes,0.0889095,greater_or_equal,0.088811,,,True,2026-09-19T16:07:38+00:00
kalshi,KXMLBF5-26SEP182140MIASD-SD,https://kalshi.com/markets/kxmlbf5/first-5-innings-winner,https://kalshi.com/markets/kxmlbf5/first-5-innings-winner/kxmlbf5-26sep182140miasd,San Diego first 5 innings winner,San Diego wins first 5 innings,KXMLBF5-26SEP182140MIASD,,KXMLBF5,First 5 Innings Winner,Sports,"[""Baseball""]",settled,binary,0,1,0.99,0.99,0.01,0.99,1,78532.13,74337.87,53033.99,0,2026-09-17T19:10:00Z,2026-09-19T03:30:14Z,2026-09-22T01:40:00Z,,yes,807fa239-87eb-4e89-a969-649ab2027bc4,structured,,,,True,2026-09-19T16:08:05+00:00
kalshi,KXXRP15M-26SEP182130-30,https://kalshi.com/markets/kxxrp15m/xrp-15-minute,https://kalshi.com/markets/kxxrp15m/xrp-15-minute/kxxrp15m-26sep182130,XRP price up in next 15 mins?,Target Price: $1.4035,KXXRP15M-26SEP182130,,KXXRP15M,XRP 15 Minute,Crypto,"[""15 min"", ""XRP""]",settled,binary,0,1,0.001,0.001,0.999,0.001,1,74324.65,74324.65,33217.35,0,2026-09-19T01:15:00Z,2026-09-19T01:30:00Z,2026-09-26T01:30:00Z,,no,1.4012,greater_or_equal,1.4035,,,True,2026-09-19T16:08:18+00:00
kalshi,KXITFWDOUBLES-26SEP18FIOESTRAMSOA-FIOEST,https://kalshi.com/markets/kxitfwdoubles/itf-women-s-doubles-match,https://kalshi.com/markets/kxitfwdoubles/itf-women-s-doubles-match/kxitfwdoubles-26sep18fioestramsoa,Fiorella Britez Risso / Estevez wins,Fiorella Britez Risso / Estevez,KXITFWDOUBLES-26SEP18FIOESTRAMSOA,,KXITFWDOUBLES,ITF Women's Doubles Match,Sports,"[""Tennis""]",settled,binary,0,1,0.99,0.99,0.01,0.99,1,74232.96,74232.96,71628.57,0,2026-09-18T03:11:00Z,2026-09-18T19:59:55Z,2026-10-02T19:00:00Z,,yes,Fiorella Britez Risso / Estevez,structured,,,,True,2026-09-19T16:08:35+00:00
kalshi,KXSOL15M-26SEP181330-30,https://kalshi.com/markets/kxsol15m/solana-15-minutes,https://kalshi.com/markets/kxsol15m/solana-15-minutes/kxsol15m-26sep181330,SOL price up in next 15 mins?,Target Price: $111.7922,KXSOL15M-26SEP181330,,KXSOL15M,Solana 15 minutes,Crypto,"[""15 min"", ""SOL""]",settled,binary,0,1,0.999,0.999,0.001,0.999,1,74195.77,74195.77,24670.54,0,2026-09-18T17:15:00Z,2026-09-18T17:30:00Z,2026-09-25T17:30:00Z,,yes,112.1813,greater_or_equal,111.7922,,,True,2026-09-19T16:08:42+00:00
kalshi,KXMLBRFI-26SEP182010ATLHOU,https://kalshi.com/markets/kxmlbrfi/pro-baseball-run-in-first-inning,https://kalshi.com/markets/kxmlbrfi/pro-baseball-run-in-first-inning/kxmlbrfi-26sep182010atlhou,1st inning: Over 0.5 runs,Over 0.5 runs in the 1st inning,KXMLBRFI-26SEP182010ATLHOU,,KXMLBRFI,Pro Baseball Run in First Inning,Sports,"[""Baseball""]",settled,binary,0,1,0.01,0.01,0.99,0.01,1,75092.66,74195.56,61837.65,0,2026-09-16T00:40:00Z,2026-09-19T00:29:47Z,2026-09-22T00:10:00Z,,no,No,greater_or_equal,1,,,True,2026-09-19T16:08:22+00:00
kalshi,KXBTCD-26SEP1813-T80499.99,https://kalshi.com/markets/kxbtcd/bitcoin-price-above-below,https://kalshi.com/markets/kxbtcd/bitcoin-price-above-below/kxbtcd-26sep1813,"Bitcoin price on Sep 18, 2026?","$80,500 or above",KXBTCD-26SEP1813,"BTC price on Sep 18, 2026 at 1pm EDT?",KXBTCD,Bitcoin price Above/below,Crypto,"[""Hourly"", ""BTC""]",settled,binary,0,1,0.99,0.99,0.01,0.99,1,74115.6,74115.6,30003.78,0,2026-09-18T16:00:00Z,2026-09-18T17:00:00Z,2026-09-25T17:00:00Z,,yes,80828.52,greater,80499.99,,BRTI,True,2026-09-19T16:08:45+00:00
kalshi,KXETH15M-26SEP191030-30,https://kalshi.com/markets/kxeth15m/eth-15m-price-up-down,https://kalshi.com/markets/kxeth15m/eth-15m-price-up-down/kxeth15m-26sep191030,ETH price up in next 15 mins?,"Target Price: $2,637.07",KXETH15M-26SEP191030,,KXETH15M,ETH 15M price up down,Crypto,"[""ETH"", ""15 min""]",settled,binary,0,1,0.999,0.999,0.001,0.999,1,74082.94,74082.94,43366.63,0,2026-09-19T14:15:00Z,2026-09-19T14:30:00Z,2026-09-26T14:30:00Z,,yes,2642.34,greater_or_equal,2637.07,,,True,2026-09-19T16:07:37+00:00
