source,id,url,event_url,title,outcome_label,event_id,event_title,series_id,series_title,category,tags,status,market_type,yes_bid,yes_ask,last_price,yes_price,no_price,implied_probability,spread,volume,volume_24h,open_interest,liquidity,open_time,close_time,expiration_time,settled_time,result,settlement_value,strike_type,floor_strike,cap_strike,settlement_station,can_close_early,fetched_at,price_change_24h_pts,outcomes,outcome_prices,yes_token_id
kalshi,KXFEDDECISION-26SEP-H0,https://kalshi.com/markets/kxfeddecision/fed-meeting,https://kalshi.com/markets/kxfeddecision/fed-meeting/kxfeddecision-26sep,Will the Federal Reserve Hike rates by 0bps at their September 2026 meeting?,Fed maintains rate,KXFEDDECISION-26SEP,Fed decision in Sep 2026?,KXFEDDECISION,Fed meeting,Economics,"[""Fed""]",open,binary,0.14,0.15,0.15,0.145,0.855,0.145,0.01,33149357.05,4484451.98,21328664.72,0,2025-09-29T14:00:00Z,2026-09-16T17:59:00Z,2026-12-16T18:01:00Z,,,,custom,,,,True,2026-09-14T18:10:57+00:00,,,,
polymarket,0xa3b36b2d6104d34af4e6c6215fc818e43352e78a748fbfb0b85e3a35f71dec9a,https://polymarket.com/event/fed-decision-in-september-762/will-there-be-no-change-in-fed-interest-rates-after-the-september-2026-meeting-615,,Will there be no change in Fed interest rates after the September 2026 meeting?,No change,481717,Fed Decision in September?,fed-decision-in-september-762,Fed Decision in September?,,[],open,binary,0.14,0.15,0.15,0.145,0.855,0.145,0.01,42076032.52282706,3709132.871469001,,1085810.8937,2026-05-13T21:23:13.517067Z,2026-09-16T00:00:00Z,2026-09-16T00:00:00Z,,,,,,,,,2026-09-14T18:09:38+00:00,-7,"[""Yes"", ""No""]","[0.145, 0.855]",5615282760875985231868508008056959876238536896643315063916840237042205273721
polymarket,0xac02cbb049e46d6a3627c0fdf52fa554982a9025d45968207b362acb6ca4b830,https://polymarket.com/event/fed-decision-in-september-762/will-the-fed-decrease-interest-rates-by-25-bps-after-the-september-2026-meeting-586,,Will the Fed decrease interest rates by 25 bps after the September 2026 meeting?,25 bps decrease,481717,Fed Decision in September?,fed-decision-in-september-762,Fed Decision in September?,,[],open,binary,0.002,0.003,0.003,0.0025,0.9975,0.0025,0.001,43876122.86586501,3304986.915691001,,3497219.6248,2026-05-13T21:23:11.486586Z,2026-09-16T00:00:00Z,2026-09-16T00:00:00Z,,,,,,,,,2026-09-14T18:09:38+00:00,-0.1,"[""Yes"", ""No""]","[0.0025, 0.9975]",57748138085022719760345772310040703848567377822400132842014290209986511882046
kalshi,KXNFLGAME-26SEP14DENKC-DEN,https://kalshi.com/markets/kxnflgame/professional-football-game,https://kalshi.com/markets/kxnflgame/professional-football-game/kxnflgame-26sep14denkc,Denver vs Kansas City Pro Football game: Denver wins?,Denver,KXNFLGAME-26SEP14DENKC,Denver vs Kansas City,KXNFLGAME,Professional Football Game,Sports,"[""Football""]",open,binary,0.45,0.46,0.45,0.455,0.545,0.455,0.01,3475931.1,2909038.9,3255428.59,0,2026-05-15T17:04:00Z,2026-09-17T00:15:00Z,2026-09-17T00:15:00Z,,,,structured,,,,True,2026-09-14T18:10:39+00:00,,,,
kalshi,KXFEDDECISION-26SEP-H26,https://kalshi.com/markets/kxfeddecision/fed-meeting,https://kalshi.com/markets/kxfeddecision/fed-meeting/kxfeddecision-26sep,Will the Federal Reserve Hike rates by >25bps at their September 2026 meeting?,Hike >25bps,KXFEDDECISION-26SEP,Fed decision in Sep 2026?,KXFEDDECISION,Fed meeting,Economics,"[""Fed""]",open,binary,0.01,0.02,0.02,0.015,0.985,0.015,0.01,14695747.84,2797293.85,13441119.25,0,2025-09-29T14:00:00Z,2026-09-16T17:59:00Z,2026-12-16T18:01:00Z,,,,custom,,,,True,2026-09-14T18:10:57+00:00,,,,
polymarket,0x876506d8b2bd7a0d3fa4fe18c024eee6e1dd81ee24c26795dadd6cfe4a7b5d0d,https://polymarket.com/event/fed-decision-in-september-762/will-the-fed-increase-interest-rates-by-25-bps-after-the-september-2026-meeting-649,,Will the Fed increase interest rates by 25 bps after the September 2026 meeting?,25 bps increase,481717,Fed Decision in September?,fed-decision-in-september-762,Fed Decision in September?,,[],open,binary,0.84,0.85,0.85,0.845,0.155,0.845,0.01,32052042.265111003,2242287.9424680006,,1415198.9021,2026-05-13T21:23:15.981841Z,2026-09-16T00:00:00Z,2026-09-16T00:00:00Z,,,,,,,,,2026-09-14T18:09:38+00:00,7,"[""Yes"", ""No""]","[0.845, 0.155]",63842529068710005716169325380315470359047749786610778647370693404952498013178
polymarket,0xfe7b2639b9acabc5d404ed8f8961d4c95d68ffd48c402decf8f70d14f5bef87b,https://polymarket.com/event/sea-tor-rom-2026-09-14/sea-tor-rom-2026-09-14-rom,,Will AS Roma win on 2026-09-14?,AS Roma,944639,Torino FC vs. AS Roma,sea-tor-rom-2026-09-14,Torino FC vs. AS Roma,,[],open,binary,0.84,0.85,0.84,0.845,0.155,0.845,0.01,2058783.9786530002,2057449.256602,,90819.5914,2026-08-31T23:00:16Z,2026-09-14T16:30:00Z,2026-09-14T16:30:00Z,,,,,,,,,2026-09-14T18:09:38+00:00,22,"[""Yes"", ""No""]","[0.845, 0.155]",99379294781349093043706751561052316731560754011566338922840409336958588137803
kalshi,KXSB-27-CIN,https://kalshi.com/markets/kxsb/super-bowl,https://kalshi.com/markets/kxsb/super-bowl/kxsb-27,Will Cincinnati win the 2027 Pro Football Championship?,Cincinnati,KXSB-27,2027 Pro Football Champion,KXSB,Super Bowl,Sports,"[""Football""]",open,binary,0.04,0.05,0.05,0.045,0.955,0.045,0.01,6150260.51,1686261.76,5251508.33,0,2026-02-08T20:00:00Z,2029-02-13T23:30:00Z,2029-02-13T23:30:00Z,,,,structured,,,,True,2026-09-14T18:10:52+00:00,,,,
kalshi,KXFEDDECISION-26SEP-H25,https://kalshi.com/markets/kxfeddecision/fed-meeting,https://kalshi.com/markets/kxfeddecision/fed-meeting/kxfeddecision-26sep,Will the Federal Reserve Hike rates by 25bps at their September 2026 meeting?,Hike 25bps,KXFEDDECISION-26SEP,Fed decision in Sep 2026?,KXFEDDECISION,Fed meeting,Economics,"[""Fed""]",open,binary,0.84,0.85,0.85,0.845,0.155,0.845,0.01,13553982.05,1599498.26,7651427.81,0,2025-09-29T14:00:00Z,2026-09-16T17:59:00Z,2026-12-16T18:01:00Z,,,,custom,,,,True,2026-09-14T18:10:57+00:00,,,,
kalshi,KXNFLGAME-26SEP14DENKC-KC,https://kalshi.com/markets/kxnflgame/professional-football-game,https://kalshi.com/markets/kxnflgame/professional-football-game/kxnflgame-26sep14denkc,Denver vs Kansas City Pro Football game: Kansas City wins?,Kansas City,KXNFLGAME-26SEP14DENKC,Denver vs Kansas City,KXNFLGAME,Professional Football Game,Sports,"[""Football""]",open,binary,0.54,0.55,0.55,0.545,0.455,0.545,0.01,1726179.54,1574419.34,1605576.81,0,2026-05-15T17:04:00Z,2026-09-17T00:15:00Z,2026-09-17T00:15:00Z,,,,structured,,,,True,2026-09-14T18:10:39+00:00,,,,
polymarket,0x2e4b58fc18dbffd74d5275d89fb076943f21992763c45dcadd81391b83bde13c,https://polymarket.com/event/fed-decision-in-september-762/will-the-fed-increase-interest-rates-by-50-bps-after-the-september-2026-meeting-664,,Will the Fed increase interest rates by 50+ bps after the September 2026 meeting?,50+ bps increase,481717,Fed Decision in September?,fed-decision-in-september-762,Fed Decision in September?,,[],open,binary,0.007,0.008,0.008,0.0075,0.9925,0.0075,0.001,21451101.355389,1496365.0066980002,,1040855.52062,2026-05-13T21:23:16.501737Z,2026-09-16T00:00:00Z,2026-09-16T00:00:00Z,,,,,,,,,2026-09-14T18:09:38+00:00,0.1,"[""Yes"", ""No""]","[0.0075, 0.9925]",88912926533493988427719291698947688154042720958310632316541141466409683822293
kalshi,KXWTACHALLENGERMATCH-26SEP14CURERJ-ERJ,https://kalshi.com/markets/kxwtachallengermatch/challenger-wta,https://kalshi.com/markets/kxwtachallengermatch/challenger-wta/kxwtachallengermatch-26sep14curerj,Veronika Erjavec wins,Veronika Erjavec,KXWTACHALLENGERMATCH-26SEP14CURERJ,Curmi vs Erjavec,KXWTACHALLENGERMATCH,Challenger WTA,Sports,"[""Tennis""]",open,binary,0,0.01,0.01,0.005,0.995,0.005,0.01,1671251.42,1390986.87,713637.63,0,2026-09-14T04:10:00Z,2026-09-28T16:00:00Z,2026-09-28T16:00:00Z,,,,structured,,,,True,2026-09-14T18:09:39+00:00,,,,
kalshi,KXSB-27-JAC,https://kalshi.com/markets/kxsb/super-bowl,https://kalshi.com/markets/kxsb/super-bowl/kxsb-27,Will Jacksonville win the 2027 Pro Football Championship?,Jacksonville,KXSB-27,2027 Pro Football Champion,KXSB,Super Bowl,Sports,"[""Football""]",open,binary,0.03,0.04,0.04,0.035,0.965,0.035,0.01,2760371.55,1137978.72,2512045.37,0,2026-02-08T20:00:00Z,2029-02-13T23:30:00Z,2029-02-13T23:30:00Z,,,,structured,,,,True,2026-09-14T18:10:52+00:00,,,,
kalshi,KXSB-27-NYG,https://kalshi.com/markets/kxsb/super-bowl,https://kalshi.com/markets/kxsb/super-bowl/kxsb-27,Will New York G win the 2027 Pro Football Championship?,New York G,KXSB-27,2027 Pro Football Champion,KXSB,Super Bowl,Sports,"[""Football""]",open,binary,0.02,0.03,0.03,0.025,0.975,0.025,0.01,4007870.75,1011981.11,3598504.7,0,2026-02-08T20:00:00Z,2029-02-13T23:30:00Z,2029-02-13T23:30:00Z,,,,structured,,,,True,2026-09-14T18:10:52+00:00,,,,
kalshi,KXWTACHALLENGERMATCH-26SEP14ANDHRU-HRU,https://kalshi.com/markets/kxwtachallengermatch/challenger-wta,https://kalshi.com/markets/kxwtachallengermatch/challenger-wta/kxwtachallengermatch-26sep14andhru,Viktoria Hruncakova wins,Viktoria Hruncakova,KXWTACHALLENGERMATCH-26SEP14ANDHRU,Andreeva vs Hruncakova,KXWTACHALLENGERMATCH,Challenger WTA,Sports,"[""Tennis""]",open,binary,0.61,0.62,0.62,0.615,0.385,0.615,0.01,1260261.2,979143.16,598999.48,0,2026-09-14T04:10:00Z,2026-09-28T16:00:00Z,2026-09-28T16:00:00Z,,,,structured,,,,True,2026-09-14T18:09:39+00:00,,,,
kalshi,KXWTACHALLENGERMATCH-26SEP14ANDHRU-AND,https://kalshi.com/markets/kxwtachallengermatch/challenger-wta,https://kalshi.com/markets/kxwtachallengermatch/challenger-wta/kxwtachallengermatch-26sep14andhru,Erika Andreeva wins,Erika Andreeva,KXWTACHALLENGERMATCH-26SEP14ANDHRU,Andreeva vs Hruncakova,KXWTACHALLENGERMATCH,Challenger WTA,Sports,"[""Tennis""]",open,binary,0.38,0.39,0.38,0.385,0.615,0.385,0.01,1226594.42,970011.08,636763.88,0,2026-09-14T04:10:00Z,2026-09-28T16:00:00Z,2026-09-28T16:00:00Z,,,,structured,,,,True,2026-09-14T18:09:39+00:00,,,,
polymarket,0x9cb23d04b2ded06147482076688b69b487a8d982c63ebdda2ab3678cf27cf390,https://polymarket.com/event/clarity-act-signed-into-law-in-2026/clarity-act-signed-into-law-in-2026,,Clarity Act (H.R.3633) signed into law in 2026?,,158505,Clarity Act (H.R.3633) signed into law in 2026?,clarity-act-signed-into-law-in-2026,Clarity Act (H.R.3633) signed into law in 2026?,,[],open,binary,0.28,0.29,0.29,0.285,0.715,0.285,0.01,16574462.093220001,871138.5011920001,,285364.7553,2026-01-11T23:22:56.488713Z,2027-01-01T05:00:00Z,2027-01-01T05:00:00Z,,,,,,,,,2026-09-14T18:09:38+00:00,5,"[""Yes"", ""No""]","[0.285, 0.715]",35198549486569600595408965368290795524428922595732253580266052028158040373233
kalshi,KXSERIEAGAME-26SEP13TORROM-ROM,https://kalshi.com/markets/kxserieagame/serie-a-game,https://kalshi.com/markets/kxserieagame/serie-a-game/kxserieagame-26sep13torrom,Roma wins,Roma,KXSERIEAGAME-26SEP13TORROM,Torino vs Roma,KXSERIEAGAME,Serie A Game,Sports,"[""Soccer""]",open,binary,0.86,0.87,0.87,0.865,0.135,0.865,0.01,915454.86,848723.4,621139.53,0,2026-08-30T00:49:00Z,2026-09-15T16:30:00Z,2026-09-15T16:30:00Z,,,,structured,,,,True,2026-09-14T18:10:09+00:00,,,,
polymarket,0x5e464d85eb49f22d876f3ed6168a7db5e2288e9ae1eb91effd2758e994676f86,https://polymarket.com/event/fed-decision-in-september-762/will-the-fed-decrease-interest-rates-by-50-bps-after-the-september-2026-meeting-863,,Will the Fed decrease interest rates by 50+ bps after the September 2026 meeting?,50+ bps decrease,481717,Fed Decision in September?,fed-decision-in-september-762,Fed Decision in September?,,[],open,binary,,0.001,0.001,0.0005,0.9995,0.0005,0.001,16969710.497784995,820956.06,,5174610.00538,2026-05-13T21:23:09.737806Z,2026-09-16T00:00:00Z,2026-09-16T00:00:00Z,,,,,,,,,2026-09-14T18:09:38+00:00,,"[""Yes"", ""No""]","[0.0005, 0.9995]",97186030785608128217926542396950266594898339988989015155120280107165449433603
kalshi,KXSERIEAGAME-26SEP13COMPAR-PAR,https://kalshi.com/markets/kxserieagame/serie-a-game,https://kalshi.com/markets/kxserieagame/serie-a-game/kxserieagame-26sep13compar,Parma Calcio wins,Parma Calcio,KXSERIEAGAME-26SEP13COMPAR,Como vs Parma Calcio,KXSERIEAGAME,Serie A Game,Sports,"[""Soccer""]",open,binary,0,0.01,0.01,0.005,0.995,0.005,0.01,847282.04,772488.76,548015.8,0,2026-08-30T00:49:00Z,2026-09-15T19:00:00Z,2026-09-15T19:00:00Z,,,,structured,,,,True,2026-09-14T18:10:09+00:00,,,,
polymarket,0x58d5cc2bf06a3289b127049239aee051f3b941f219efebbca02d3f50f0eb2a64,https://polymarket.com/event/next-prime-minister-of-sweden/will-magdalena-andersson-be-the-next-prime-minister-of-sweden,,Will Magdalena Andersson be the next Prime Minister of Sweden?,Magdalena Andersson,166435,Next Prime Minister of Sweden,next-prime-minister-of-sweden,Next Prime Minister of Sweden,,[],open,binary,0.86,0.87,0.87,0.865,0.135,0.865,0.01,1712297.975805,760149.7878110001,,61043.3391,2026-01-19T20:34:34.381805Z,2026-09-13T00:00:00Z,2026-09-13T00:00:00Z,,,,,,,,,2026-09-14T18:09:38+00:00,-2.5,"[""Yes"", ""No""]","[0.865, 0.135]",6761884778816083542753350539779617201084594664234729655783875952381923983097
polymarket,0xce9a13ac1f6f4e537c03fbe0421d2f26ab5b29ebc14dd4661283a5eb8f220de6,https://polymarket.com/event/nfl-den-kc-2026-09-15/nfl-den-kc-2026-09-15,,Broncos vs. Chiefs,,795799,Broncos vs. Chiefs,nfl-den-kc-2026-09-15,Broncos vs. Chiefs,,[],open,binary,0.45,0.46,0.46,0.455,0.545,0.455,0.01,746885.4772510005,730475.7623960007,,3482452.4875,2026-08-04T12:00:32Z,2026-09-15T00:15:00Z,2026-09-15T00:15:00Z,,,,,,,,,2026-09-14T18:09:38+00:00,2,"[""Broncos"", ""Chiefs""]","[0.455, 0.545]",31653956477830165372337334687889690366058437085864298395551634809453963934221
kalshi,KXWTACHALLENGERMATCH-26SEP14BENBAS-BEN,https://kalshi.com/markets/kxwtachallengermatch/challenger-wta,https://kalshi.com/markets/kxwtachallengermatch/challenger-wta/kxwtachallengermatch-26sep14benbas,Eva Bennemann wins,Eva Bennemann,KXWTACHALLENGERMATCH-26SEP14BENBAS,Bennemann vs Bassols Ribera,KXWTACHALLENGERMATCH,Challenger WTA,Sports,"[""Tennis""]",open,binary,0,0.01,0.01,0.005,0.995,0.005,0.01,805104.01,729352.55,485605.59,0,2026-09-14T04:10:00Z,2026-09-28T16:00:00Z,2026-09-28T16:00:00Z,,,,structured,,,,True,2026-09-14T18:09:39+00:00,,,,
kalshi,KXWTACHALLENGERMATCH-26SEP14CURERJ-CUR,https://kalshi.com/markets/kxwtachallengermatch/challenger-wta,https://kalshi.com/markets/kxwtachallengermatch/challenger-wta/kxwtachallengermatch-26sep14curerj,Francesca Curmi wins,Francesca Curmi,KXWTACHALLENGERMATCH-26SEP14CURERJ,Curmi vs Erjavec,KXWTACHALLENGERMATCH,Challenger WTA,Sports,"[""Tennis""]",open,binary,0.99,1,0.99,0.995,0.005,0.995,0.01,1293195.82,727612.78,691551.47,0,2026-09-14T04:10:00Z,2026-09-28T16:00:00Z,2026-09-28T16:00:00Z,,,,structured,,,,True,2026-09-14T18:09:39+00:00,,,,
kalshi,KXFEDDECISION-26SEP-C25,https://kalshi.com/markets/kxfeddecision/fed-meeting,https://kalshi.com/markets/kxfeddecision/fed-meeting/kxfeddecision-26sep,Will the Federal Reserve Cut rates by 25bps at their September 2026 meeting?,Cut 25bps,KXFEDDECISION-26SEP,Fed decision in Sep 2026?,KXFEDDECISION,Fed meeting,Economics,"[""Fed""]",open,binary,0,0.01,0.01,0.005,0.995,0.005,0.01,9214619.61,700609.4,8376863.12,0,2025-09-29T14:00:00Z,2026-09-16T17:59:00Z,2026-12-16T18:01:00Z,,,,custom,,,,True,2026-09-14T18:10:57+00:00,,,,
kalshi,KXNFLTOTAL-26SEP14DENKC-44,https://kalshi.com/markets/kxnfltotal/pro-football-total-points,https://kalshi.com/markets/kxnfltotal/pro-football-total-points/kxnfltotal-26sep14denkc,Will there be over 43.5 points scored?,Over 43.5 points scored,KXNFLTOTAL-26SEP14DENKC,Denver vs Kansas City: Total Points,KXNFLTOTAL,Pro Football Total Points,Sports,"[""Football""]",open,binary,0.47,0.48,0.48,0.475,0.525,0.475,0.01,708660.65,679653.67,677678.35,0,2026-08-03T23:13:00Z,2026-09-17T00:15:00Z,2026-09-17T00:15:00Z,,,,greater,43.5,,,True,2026-09-14T18:10:23+00:00,,,,
kalshi,KXSB-27-CHI,https://kalshi.com/markets/kxsb/super-bowl,https://kalshi.com/markets/kxsb/super-bowl/kxsb-27,Will Chicago win the 2027 Pro Football Championship?,Chicago,KXSB-27,2027 Pro Football Champion,KXSB,Super Bowl,Sports,"[""Football""]",open,binary,0.04,0.05,0.05,0.045,0.955,0.045,0.01,4688072.28,667270.46,4172389.44,0,2026-02-08T20:00:00Z,2029-02-13T23:30:00Z,2029-02-13T23:30:00Z,,,,structured,,,,True,2026-09-14T18:10:52+00:00,,,,
kalshi,KXLALIGAGAME-26SEP13VILRBB-RBB,https://kalshi.com/markets/kxlaligagame/la-liga-game,https://kalshi.com/markets/kxlaligagame/la-liga-game/kxlaligagame-26sep13vilrbb,Real Betis wins,Real Betis,KXLALIGAGAME-26SEP13VILRBB,Villarreal vs Real Betis,KXLALIGAGAME,La Liga Game,Sports,"[""Soccer""]",open,binary,0.27,0.28,0.28,0.275,0.725,0.275,0.01,733418.34,650545.57,695875.9,0,2026-08-30T00:48:00Z,2026-09-16T01:00:00Z,2026-09-16T01:00:00Z,,,,structured,,,,True,2026-09-14T18:10:09+00:00,,,,
polymarket,0x8a42bb4cb9b9f157b539611f6a8c122388f652570cfc3c07d538e7df2bb78894,https://polymarket.com/event/next-prime-minister-of-sweden/will-ulf-kristersson-be-the-next-prime-minister-of-sweden,,Will Ulf Kristersson be the next Prime Minister of Sweden?,Ulf Kristersson,166435,Next Prime Minister of Sweden,next-prime-minister-of-sweden,Next Prime Minister of Sweden,,[],open,binary,0.11,0.12,0.11,0.115,0.885,0.115,0.01,1281854.7962169996,644059.8517600003,,107320.0553,2026-01-19T20:34:34.639305Z,2026-09-13T00:00:00Z,2026-09-13T00:00:00Z,,,,,,,,,2026-09-14T18:09:38+00:00,3.5,"[""Yes"", ""No""]","[0.115, 0.885]",19884202204363090591845974364927513432419394537229594683046302661092511466716
kalshi,KXWTACHALLENGERMATCH-26SEP14BENBAS-BAS,https://kalshi.com/markets/kxwtachallengermatch/challenger-wta,https://kalshi.com/markets/kxwtachallengermatch/challenger-wta/kxwtachallengermatch-26sep14benbas,Marina Bassols Ribera wins,Marina Bassols Ribera,KXWTACHALLENGERMATCH-26SEP14BENBAS,Bennemann vs Bassols Ribera,KXWTACHALLENGERMATCH,Challenger WTA,Sports,"[""Tennis""]",open,binary,0.98,0.99,0.98,0.985,0.015,0.985,0.01,734347.16,634047.88,434842.27,0,2026-09-14T04:10:00Z,2026-09-28T16:00:00Z,2026-09-28T16:00:00Z,,,,structured,,,,True,2026-09-14T18:09:39+00:00,,,,
kalshi,KXSERIEAGAME-26SEP13COMPAR-COM,https://kalshi.com/markets/kxserieagame/serie-a-game,https://kalshi.com/markets/kxserieagame/serie-a-game/kxserieagame-26sep13compar,Como wins,Como,KXSERIEAGAME-26SEP13COMPAR,Como vs Parma Calcio,KXSERIEAGAME,Serie A Game,Sports,"[""Soccer""]",open,binary,0.9,0.91,0.91,0.905,0.095,0.905,0.01,585725.35,559868.49,464860.57,0,2026-08-30T00:49:00Z,2026-09-15T19:00:00Z,2026-09-15T19:00:00Z,,,,structured,,,,True,2026-09-14T18:10:09+00:00,,,,
kalshi,KXSB-27-DAL,https://kalshi.com/markets/kxsb/super-bowl,https://kalshi.com/markets/kxsb/super-bowl/kxsb-27,Will Dallas win the 2027 Pro Football Championship?,Dallas,KXSB-27,2027 Pro Football Champion,KXSB,Super Bowl,Sports,"[""Football""]",open,binary,0.03,0.04,0.03,0.035,0.965,0.035,0.01,7996229.51,547939.38,6268101.68,0,2026-02-08T20:00:00Z,2029-02-13T23:30:00Z,2029-02-13T23:30:00Z,,,,structured,,,,True,2026-09-14T18:10:52+00:00,,,,
kalshi,KXNFLSPREAD-26SEP14DENKC-KC3,https://kalshi.com/markets/kxnflspread/pro-football-spread,https://kalshi.com/markets/kxnflspread/pro-football-spread/kxnflspread-26sep14denkc,Kansas City wins by over 2.5 points?,Kansas City wins by over 2.5 points,KXNFLSPREAD-26SEP14DENKC,Denver vs Kansas City: Spread,KXNFLSPREAD,Pro Football Spread,Sports,"[""Football""]",open,binary,0.48,0.49,0.49,0.485,0.515,0.485,0.01,578271.82,496725.07,445293.69,0,2026-08-03T23:13:00Z,2026-09-17T00:15:00Z,2026-09-17T00:15:00Z,,,,greater,2.5,,,True,2026-09-14T18:10:23+00:00,,,,
kalshi,KXSB-27-BAL,https://kalshi.com/markets/kxsb/super-bowl,https://kalshi.com/markets/kxsb/super-bowl/kxsb-27,Will Baltimore win the 2027 Pro Football Championship?,Baltimore,KXSB-27,2027 Pro Football Champion,KXSB,Super Bowl,Sports,"[""Football""]",open,binary,0.07,0.08,0.08,0.075,0.925,0.075,0.01,4107043.98,483876.74,3440016.41,0,2026-02-08T20:00:00Z,2029-02-13T23:30:00Z,2029-02-13T23:30:00Z,,,,structured,,,,True,2026-09-14T18:10:52+00:00,,,,
polymarket,0x44809ebfc2d3ab8b1100a880dd4cc617c4186929539b3e65bf7a3f39ffa39adf,https://polymarket.com/event/sea-com-par-2026-09-14/sea-com-par-2026-09-14-com,,Will Como 1907 win on 2026-09-14?,Como 1907,944641,Como 1907 vs. Parma Calcio 1913,sea-com-par-2026-09-14,Como 1907 vs. Parma Calcio 1913,,[],open,binary,0.88,0.89,0.89,0.885,0.115,0.885,0.01,435928.79132600006,432753.8492590001,,107343.0656,2026-08-31T23:00:16Z,2026-09-14T16:30:00Z,2026-09-14T16:30:00Z,,,,,,,,,2026-09-14T18:09:38+00:00,8,"[""Yes"", ""No""]","[0.885, 0.115]",45442114403462819822336442614322001986581905220395167192947022001917347356896
polymarket,0xefa17dee3af09f69f9ddf245b969aa4efbe7c71cdf06ee49d694408bc33e2ed2,https://polymarket.com/event/uefa-champions-league-2027-champion-20260701202025549/will-shakhtar-donetsk-win-the-2026-27-uefa-champions-league-championship-20260701202025578,,Will Shakhtar Donetsk win the 2026-27 UEFA Champions League Championship?,Shakhtar Donetsk,659671,UEFA Champions League: 2027 Champion,uefa-champions-league-2027-champion-20260701202025549,UEFA Champions League: 2027 Champion,,[],open,binary,0.001,0.002,0.002,0.0015,0.9985,0.0015,0.001,17549550.711999997,425983.816,,399129.88458,2026-07-02T19:05:19.55463Z,2027-05-30T23:59:00Z,2027-05-30T23:59:00Z,,,,,,,,,2026-09-14T18:09:38+00:00,,"[""Yes"", ""No""]","[0.0015, 0.9985]",33339798372916037220786136133406478491116150628220441951753426683441228279665
kalshi,KXSERIEAGAME-26SEP13TORROM-TOR,https://kalshi.com/markets/kxserieagame/serie-a-game,https://kalshi.com/markets/kxserieagame/serie-a-game/kxserieagame-26sep13torrom,Torino wins,Torino,KXSERIEAGAME-26SEP13TORROM,Torino vs Roma,KXSERIEAGAME,Serie A Game,Sports,"[""Soccer""]",open,binary,0,0.01,0.01,0.005,0.995,0.005,0.01,440893.82,419636.4,313749.75,0,2026-08-30T00:49:00Z,2026-09-15T16:30:00Z,2026-09-15T16:30:00Z,,,,structured,,,,True,2026-09-14T18:10:09+00:00,,,,
polymarket,0x20c3928010794902c48c7642eb1a4891655c5451b6f8d89b8f5b2b0a97d15d63,https://polymarket.com/event/nfl-den-kc-2026-09-15/nfl-den-kc-2026-09-15-total-43pt5,,Broncos vs. Chiefs: O/U 43.5,O/U 43.5,795799,Broncos vs. Chiefs,nfl-den-kc-2026-09-15,Broncos vs. Chiefs,,[],open,binary,0.47,0.48,0.48,0.475,0.525,0.475,0.01,425022.9848359999,418343.76407399995,,1891692.6377,2026-08-04T16:02:52Z,2026-09-15T00:15:00Z,2026-09-15T00:15:00Z,,,,,,,,,2026-09-14T18:09:38+00:00,-3,"[""Over"", ""Under""]","[0.475, 0.525]",71233794533117360282819188482714533422838090539927786096475518512934288036113
kalshi,KXBALANCEPOWERCOMBO-27FEB-RR,https://kalshi.com/markets/kxbalancepowercombo/congress-balance-of-power-combo,https://kalshi.com/markets/kxbalancepowercombo/congress-balance-of-power-combo/kxbalancepowercombo-27feb,Will House Control be Republican AND Senate Control be Republican for Feb 2027?,"R-House, R-Senate",KXBALANCEPOWERCOMBO-27FEB,2026 Midterms: Congress Balance of Power?,KXBALANCEPOWERCOMBO,Congress balance of power combo,Elections,"[""Senate"", ""House"", ""Mixed Combos"", ""US Elections"", ""Election Combos""]",open,binary,0.15,0.16,0.16,0.155,0.845,0.155,0.01,5783498.68,410903.27,4146033.34,0,2025-12-11T15:00:00Z,2027-02-01T15:00:00Z,2027-02-08T15:00:00Z,,,,custom,,,,True,2026-09-14T18:10:55+00:00,,,,
kalshi,KXSB-27-LAC,https://kalshi.com/markets/kxsb/super-bowl,https://kalshi.com/markets/kxsb/super-bowl/kxsb-27,Will Los Angeles C win the 2027 Pro Football Championship?,Los Angeles C,KXSB-27,2027 Pro Football Champion,KXSB,Super Bowl,Sports,"[""Football""]",open,binary,0.03,0.04,0.03,0.035,0.965,0.035,0.01,2902515.76,405727.1,2465692.59,0,2026-02-08T20:00:00Z,2029-02-13T23:30:00Z,2029-02-13T23:30:00Z,,,,structured,,,,True,2026-09-14T18:10:52+00:00,,,,
polymarket,0xc77a1d574ec3cb2e3da6b1cc326a1f130d4a0227d2ec77111b7a99c294d38110,https://polymarket.com/event/sea-tor-rom-2026-09-14/sea-tor-rom-2026-09-14-tor,,Will Torino FC win on 2026-09-14?,Torino FC,944639,Torino FC vs. AS Roma,sea-tor-rom-2026-09-14,Torino FC vs. AS Roma,,[],open,binary,0.015,0.016,0.014,0.0155,0.9845,0.0155,0.001,399067.48579500004,398094.072119,,109845.15976,2026-08-31T23:00:16Z,2026-09-14T16:30:00Z,2026-09-14T16:30:00Z,,,,,,,,,2026-09-14T18:09:38+00:00,-13.95,"[""Yes"", ""No""]","[0.0155, 0.9845]",106233712367645539181596140869268579156762610139668118997611470887835225313394
polymarket,0x42b633e7acfedf301c4eb85acefc7430f2e76825c1f3324a39a5582d7a26599b,https://polymarket.com/event/us-x-iran-effective-ceasefire-begins-byptptpt-2-week-pause/us-x-iran-effective-ceasefire-by-september-4,,US x Iran Effective Ceasefire by September 4?,September 4,950983,US x Iran Effective Ceasefire begins by...? (2 week pause),us-x-iran-effective-ceasefire-begins-byptptpt-2-week-pause,US x Iran Effective Ceasefire begins by...? (2 week pause),,[],open,binary,0.945,0.947,0.945,0.946,0.054,0.946,0.002,2048539.7493800004,390904.9550239999,,115609.6296,2026-09-02T00:24:19Z,2026-09-04T23:59:00Z,2026-09-04T23:59:00Z,,,,,,,,,2026-09-14T18:09:38+00:00,8.1,"[""Yes"", ""No""]","[0.946, 0.054]",110531092871817326177676615981488848062239024242021648855998953959660629545985
kalshi,KXNFLGAME-26SEP21NYGLAR-NYG,https://kalshi.com/markets/kxnflgame/professional-football-game,https://kalshi.com/markets/kxnflgame/professional-football-game/kxnflgame-26sep21nyglar,New York G wins,New York G,KXNFLGAME-26SEP21NYGLAR,NY Giants vs LA Rams,KXNFLGAME,Professional Football Game,Sports,"[""Football""]",open,binary,0.24,0.25,0.25,0.245,0.755,0.245,0.01,398565.31,374898.98,260548.09,0,2026-08-25T15:33:00Z,2026-09-24T00:15:00Z,2026-09-24T00:15:00Z,,,,structured,,,,True,2026-09-14T18:10:11+00:00,,,,
kalshi,KXNFLMVP-27-CSTR,https://kalshi.com/markets/kxnflmvp/ap-pro-football-regular-season-mvp,https://kalshi.com/markets/kxnflmvp/ap-pro-football-regular-season-mvp/kxnflmvp-27,Will CJ Stroud win the MVP?,CJ Stroud,KXNFLMVP-27,MVP Winner?,KXNFLMVP,AP Pro Football Regular Season MVP,Sports,"[""Football""]",open,binary,0.01,0.02,0.02,0.015,0.985,0.015,0.01,489768.77,366594.55,485843.85,0,2026-02-08T20:30:00Z,2028-02-12T15:00:00Z,2028-02-12T15:00:00Z,,,,structured,,,,True,2026-09-14T18:10:52+00:00,,,,
polymarket,0x02efdb778c0195d643afca3cb6b205098dc12e59547be6ead60f982650422136,https://polymarket.com/event/lal-vil-bet-2026-09-14/lal-vil-bet-2026-09-14-bet,,Will Real Betis Balompié win on 2026-09-14?,Real Betis Balompié,946150,Villarreal CF vs. Real Betis Balompié,lal-vil-bet-2026-09-14,Villarreal CF vs. Real Betis Balompié,,[],open,binary,0.26,0.27,0.27,0.265,0.735,0.265,0.01,361314.63626900007,341646.4505830006,,320029.2867,2026-09-01T06:00:12Z,2026-09-14T19:00:00Z,2026-09-14T19:00:00Z,,,,,,,,,2026-09-14T18:09:38+00:00,1,"[""Yes"", ""No""]","[0.265, 0.735]",84544690125087154137118613306698276825095299984144139969604593483886799821560
polymarket,0x1420aeff6ef2683a964383f78efce258aecf1a4edb36c7e92fbe5b2f4da532b4,https://polymarket.com/event/epl-lee-new-2026-09-14/epl-lee-new-2026-09-14-new,,Will Newcastle United FC win on 2026-09-14?,Newcastle United FC,945719,Leeds United FC vs. Newcastle United FC,epl-lee-new-2026-09-14,Leeds United FC vs. Newcastle United FC,,[],open,binary,0.31,0.32,0.32,0.315,0.685,0.315,0.01,530639.4239910002,335639.35296900006,,1973075.5419,2026-09-01T04:00:14Z,2026-09-14T19:00:00Z,2026-09-14T19:00:00Z,,,,,,,,,2026-09-14T18:09:38+00:00,-1,"[""Yes"", ""No""]","[0.315, 0.685]",53298664464252587864890144941144503811507003613353733441479199018952323371634
kalshi,KXLALIGAGAME-26SEP15ELCRMA-RMA,https://kalshi.com/markets/kxlaligagame/la-liga-game,https://kalshi.com/markets/kxlaligagame/la-liga-game/kxlaligagame-26sep15elcrma,Real Madrid wins,Real Madrid,KXLALIGAGAME-26SEP15ELCRMA,Elche vs Real Madrid,KXLALIGAGAME,La Liga Game,Sports,"[""Soccer""]",open,binary,0.79,0.8,0.8,0.795,0.205,0.795,0.01,428080.05,307880.23,393062.76,0,2026-09-01T00:39:00Z,2026-09-18T01:30:00Z,2026-09-18T01:30:00Z,,,,structured,,,,True,2026-09-14T18:10:07+00:00,,,,
kalshi,KXNFLTD-26SEP14DENKC-DENBNIX10-2,https://kalshi.com/markets/kxnfltd/pro-football-touchdowns,https://kalshi.com/markets/kxnfltd/pro-football-touchdowns/kxnfltd-26sep14denkc,Bo Nix: 2+ touchdowns,Bo Nix: 2+,KXNFLTD-26SEP14DENKC,Denver vs Kansas City: Touchdowns,KXNFLTD,Pro Football Touchdowns,Sports,"[""Football""]",open,binary,0.01,0.02,0.02,0.015,0.985,0.015,0.01,320696.94,301243.47,314400.83,0,2026-09-04T21:04:00Z,2026-09-17T00:15:00Z,2026-09-17T00:15:00Z,,,,greater,1.5,,,True,2026-09-14T18:10:01+00:00,,,,
kalshi,KXATPCHALLENGERMATCH-26SEP14GENWAZ-GEN,https://kalshi.com/markets/kxatpchallengermatch/challenger-atp,https://kalshi.com/markets/kxatpchallengermatch/challenger-atp/kxatpchallengermatch-26sep14genwaz,Tom Gentzsch wins,Tom Gentzsch,KXATPCHALLENGERMATCH-26SEP14GENWAZ,Gentzsch vs Wazny,KXATPCHALLENGERMATCH,Challenger ATP ,Sports,"[""Tennis""]",open,binary,0.92,0.93,0.92,0.925,0.075,0.925,0.01,338817.15,298151.27,151714.06,0,2026-09-14T05:10:00Z,2026-09-28T17:00:00Z,2026-09-28T17:00:00Z,,,,structured,,,,True,2026-09-14T18:09:39+00:00,,,,
polymarket,0x25139d0bc65b44ed8fdd66d4fa751f3b15f14f3fe8c3371feefda076c1412f05,https://polymarket.com/event/sea-com-par-2026-09-14/sea-com-par-2026-09-14-par,,Will Parma Calcio 1913 win on 2026-09-14?,Parma Calcio 1913,944641,Como 1907 vs. Parma Calcio 1913,sea-com-par-2026-09-14,Como 1907 vs. Parma Calcio 1913,,[],open,binary,0.01,0.011,0.013,0.0105,0.9895,0.0105,0.001,294856.51227000006,294033.99779999995,,103226.52518,2026-08-31T23:00:16Z,2026-09-14T16:30:00Z,2026-09-14T16:30:00Z,,,,,,,,,2026-09-14T18:09:38+00:00,-4.45,"[""Yes"", ""No""]","[0.0105, 0.9895]",90280166097448251820540882692179374312734464953983897111331468240088698969960
kalshi,KXSB-27-BUF,https://kalshi.com/markets/kxsb/super-bowl,https://kalshi.com/markets/kxsb/super-bowl/kxsb-27,Will Buffalo win the 2027 Pro Football Championship?,Buffalo,KXSB-27,2027 Pro Football Champion,KXSB,Super Bowl,Sports,"[""Football""]",open,binary,0.08,0.09,0.09,0.085,0.915,0.085,0.01,5912334.15,271715.88,4054155.58,0,2026-02-08T20:00:00Z,2029-02-13T23:30:00Z,2029-02-13T23:30:00Z,,,,structured,,,,True,2026-09-14T18:10:52+00:00,,,,
kalshi,KXBALANCEPOWERCOMBO-27FEB-DD,https://kalshi.com/markets/kxbalancepowercombo/congress-balance-of-power-combo,https://kalshi.com/markets/kxbalancepowercombo/congress-balance-of-power-combo/kxbalancepowercombo-27feb,Will House Control be Democratic AND Senate Control be Democratic for Feb 2027?,"D-House, D-Senate",KXBALANCEPOWERCOMBO-27FEB,2026 Midterms: Congress Balance of Power?,KXBALANCEPOWERCOMBO,Congress balance of power combo,Elections,"[""Senate"", ""House"", ""Mixed Combos"", ""US Elections"", ""Election Combos""]",open,binary,0.49,0.5,0.5,0.495,0.505,0.495,0.01,3120609.2,270850.47,1859885.01,0,2025-12-11T15:00:00Z,2027-02-01T15:00:00Z,2027-02-08T15:00:00Z,,,,custom,,,,True,2026-09-14T18:10:55+00:00,,,,
kalshi,KXATPCHALLENGERMATCH-26SEP14VANNAK-VAN,https://kalshi.com/markets/kxatpchallengermatch/challenger-atp,https://kalshi.com/markets/kxatpchallengermatch/challenger-atp/kxatpchallengermatch-26sep14vannak,Quinn Vandecasteele wins,Quinn Vandecasteele,KXATPCHALLENGERMATCH-26SEP14VANNAK,Vandecasteele vs Nakashima,KXATPCHALLENGERMATCH,Challenger ATP ,Sports,"[""Tennis""]",open,binary,0.23,0.24,0.24,0.235,0.765,0.235,0.01,393280.54,262166.63,291619.77,0,2026-09-14T05:10:00Z,2026-09-28T17:00:00Z,2026-09-28T17:00:00Z,,,,structured,,,,True,2026-09-14T18:09:39+00:00,,,,
polymarket,0x7d84e691ae9e9506bf7cfd7b5fac96b4e2cd27205ff0a9cf8bc0e6c1b42a74c0,https://polymarket.com/event/cs2-fal-navij1-2026-09-14/cs2-fal-navij1-2026-09-14,,Counter-Strike: Falcons Force vs NAVI Junior (BO3) - CCT Europe Closed Qualifier: Series #9 Play-In,Match Winner,1019995,Counter-Strike: Falcons Force vs NAVI Junior (BO3) - CCT Europe Closed Qualifier: Series #9 Play-In,cs2-fal-navij1-2026-09-14,Counter-Strike: Falcons Force vs NAVI Junior (BO3) - CCT Europe Closed Qualifier: Series #9 Play-In,,[],open,binary,,0.001,0.031,0.0005,0.9995,0.0005,0.001,252252.05297600004,252252.05297600004,,185063.4366,2026-09-13T23:05:29Z,2026-09-14T20:00:00Z,2026-09-14T20:00:00Z,,,,,,,,,2026-09-14T18:09:38+00:00,,"[""Falcons Force"", ""NAVI Junior""]","[0.0005, 0.9995]",39041450499222235861619311307430052316906798952145403497316584332994515589317
kalshi,KXSERIEAGAME-26SEP13COMPAR-TIE,https://kalshi.com/markets/kxserieagame/serie-a-game,https://kalshi.com/markets/kxserieagame/serie-a-game/kxserieagame-26sep13compar,Tie is the result,Tie,KXSERIEAGAME-26SEP13COMPAR,Como vs Parma Calcio,KXSERIEAGAME,Serie A Game,Sports,"[""Soccer""]",open,binary,0.09,0.1,0.1,0.095,0.905,0.095,0.01,272290.44,251968.49,237020.35,0,2026-08-30T00:49:00Z,2026-09-15T19:00:00Z,2026-09-15T19:00:00Z,,,,structured,,,,True,2026-09-14T18:10:09+00:00,,,,
kalshi,KXNFLMVP-27-JDAR,https://kalshi.com/markets/kxnflmvp/ap-pro-football-regular-season-mvp,https://kalshi.com/markets/kxnflmvp/ap-pro-football-regular-season-mvp/kxnflmvp-27,Will Jaxson Dart win the MVP?,Jaxson Dart,KXNFLMVP-27,MVP Winner?,KXNFLMVP,AP Pro Football Regular Season MVP,Sports,"[""Football""]",open,binary,0.02,0.03,0.03,0.025,0.975,0.025,0.01,604523.18,235079.58,552555.84,0,2026-02-08T20:30:00Z,2028-02-12T15:00:00Z,2028-02-12T15:00:00Z,,,,structured,,,,True,2026-09-14T18:10:52+00:00,,,,
polymarket,0xd76ee86ffe52507341b8c020741db63578ff51427e6159cecc663b66ea4f4d20,https://polymarket.com/event/tur-gfk-fen-2026-09-14/tur-gfk-fen-2026-09-14-fen,,Will Fenerbahçe SK win on 2026-09-14?,Fenerbahçe SK,954056,Gaziantep FK vs. Fenerbahçe SK,tur-gfk-fen-2026-09-14,Gaziantep FK vs. Fenerbahçe SK,,[],open,binary,0.56,0.57,0.56,0.565,0.435,0.565,0.01,231431.66779600005,228709.96085600002,,77156.4421,2026-09-02T16:15:32Z,2026-09-14T17:00:00Z,2026-09-14T17:00:00Z,,,,,,,,,2026-09-14T18:09:38+00:00,-6,"[""Yes"", ""No""]","[0.565, 0.435]",88280286275849085518331645734413242031034704270794199475900374848904819926352
kalshi,KXATPCHALLENGERMATCH-26SEP14GENWAZ-WAZ,https://kalshi.com/markets/kxatpchallengermatch/challenger-atp,https://kalshi.com/markets/kxatpchallengermatch/challenger-atp/kxatpchallengermatch-26sep14genwaz,Alan Wazny wins,Alan Wazny,KXATPCHALLENGERMATCH-26SEP14GENWAZ,Gentzsch vs Wazny,KXATPCHALLENGERMATCH,Challenger ATP ,Sports,"[""Tennis""]",open,binary,0.07,0.08,0.08,0.075,0.925,0.075,0.01,312004.2,228041.48,179005.33,0,2026-09-14T05:10:00Z,2026-09-28T17:00:00Z,2026-09-28T17:00:00Z,,,,structured,,,,True,2026-09-14T18:09:39+00:00,,,,
kalshi,KXSERIEAGAME-26SEP14INTUDI-INT,https://kalshi.com/markets/kxserieagame/serie-a-game,https://kalshi.com/markets/kxserieagame/serie-a-game/kxserieagame-26sep14intudi,Inter wins,Inter,KXSERIEAGAME-26SEP14INTUDI,Inter vs Udinese,KXSERIEAGAME,Serie A Game,Sports,"[""Soccer""]",open,binary,0.79,0.8,0.8,0.795,0.205,0.795,0.01,239245.53,226499.84,195692.12,0,2026-08-31T00:41:00Z,2026-09-17T00:45:00Z,2026-09-17T00:45:00Z,,,,structured,,,,True,2026-09-14T18:10:09+00:00,,,,
kalshi,KXMLBGAME-26SEP141940NYYMIN-NYY,https://kalshi.com/markets/kxmlbgame/professional-baseball-game,https://kalshi.com/markets/kxmlbgame/professional-baseball-game/kxmlbgame-26sep141940nyymin,New York Y wins,New York Y,KXMLBGAME-26SEP141940NYYMIN,New York Y vs Minnesota,KXMLBGAME,Professional Baseball Game,Sports,"[""Baseball""]",open,binary,0.53,0.54,0.54,0.535,0.465,0.535,0.01,226893.76,224570.32,200102.46,0,2026-09-11T23:55:00Z,2026-09-17T23:40:00Z,2026-09-17T23:40:00Z,,,,structured,,,,True,2026-09-14T18:09:44+00:00,,,,
kalshi,KXNFLMVP-27-JALL,https://kalshi.com/markets/kxnflmvp/ap-pro-football-regular-season-mvp,https://kalshi.com/markets/kxnflmvp/ap-pro-football-regular-season-mvp/kxnflmvp-27,Will Josh Allen win the MVP?,Josh Allen,KXNFLMVP-27,MVP Winner?,KXNFLMVP,AP Pro Football Regular Season MVP,Sports,"[""Football""]",open,binary,0.15,0.17,0.17,0.16,0.84,0.16,0.02,694036.55,223561.55,567394.28,0,2026-02-08T20:30:00Z,2028-02-12T15:00:00Z,2028-02-12T15:00:00Z,,,,structured,,,,True,2026-09-14T18:10:52+00:00,,,,
kalshi,KXMLBGAME-26SEP141840LADCIN-LAD,https://kalshi.com/markets/kxmlbgame/professional-baseball-game,https://kalshi.com/markets/kxmlbgame/professional-baseball-game/kxmlbgame-26sep141840ladcin,Los Angeles D wins,Los Angeles D,KXMLBGAME-26SEP141840LADCIN,Los Angeles D vs Cincinnati,KXMLBGAME,Professional Baseball Game,Sports,"[""Baseball""]",open,binary,0.66,0.67,0.67,0.665,0.335,0.665,0.01,216460.81,210290.99,201152.85,0,2026-09-11T22:55:00Z,2026-09-17T22:40:00Z,2026-09-17T22:40:00Z,,,,structured,,,,True,2026-09-14T18:09:44+00:00,,,,
kalshi,KXEPLGAME-26SEP14LEENEW-NEW,https://kalshi.com/markets/kxeplgame/english-premier-league-game,https://kalshi.com/markets/kxeplgame/english-premier-league-game/kxeplgame-26sep14leenew,Newcastle wins,Newcastle,KXEPLGAME-26SEP14LEENEW,Leeds United vs Newcastle,KXEPLGAME,English Premier League Game,Sports,"[""Soccer""]",open,binary,0.31,0.32,0.32,0.315,0.685,0.315,0.01,273443.84,209078.36,262327.27,0,2026-08-31T00:37:00Z,2026-09-17T01:00:00Z,2026-09-17T01:00:00Z,,,,structured,,,,True,2026-09-14T18:10:09+00:00,,,,
kalshi,KXSERIEASPREAD-26SEP14COMPAR-COM2,https://kalshi.com/markets/kxserieaspread/serie-a-spread,https://kalshi.com/markets/kxserieaspread/serie-a-spread/kxserieaspread-26sep14compar,Como wins by more than 1.5 goals?,Como wins by more than 1.5 goals,KXSERIEASPREAD-26SEP14COMPAR,Como vs Parma Calcio: Spread,KXSERIEASPREAD,Serie A Spread,Sports,"[""Soccer""]",open,binary,0.32,0.35,0.32,0.335,0.665,0.335,0.03,224931.99,206674.76,157838.16,0,2026-09-07T17:06:00Z,2026-09-16T22:30:00Z,2026-09-16T22:30:00Z,,,,greater,1.5,,,True,2026-09-14T18:10:00+00:00,,,,
kalshi,CONTROLS-2026-D,https://kalshi.com/markets/controls/senate-winner,https://kalshi.com/markets/controls/senate-winner/controls-2026,Will Democrats win the U.S. Senate in 2026?,Democratic Party,CONTROLS-2026,Which party will win the U.S. Senate?,CONTROLS,Senate winner,Elections,"[""US Elections""]",open,binary,0.5,0.51,0.51,0.505,0.495,0.505,0.01,3783061.8,197664.94,1885583.89,0,2024-11-06T15:00:00Z,2027-02-01T15:00:00Z,2027-02-01T15:00:00Z,,,,structured,,,,True,2026-09-14T18:10:59+00:00,,,,
kalshi,KXNFL1Q-26SEP14DENKC-DEN,https://kalshi.com/markets/kxnfl1q/pro-football-1st-quarter-winner,https://kalshi.com/markets/kxnfl1q/pro-football-1st-quarter-winner/kxnfl1q-26sep14denkc,Will Denver win the 1st Quarter?,Denver wins 1st Quarter,KXNFL1Q-26SEP14DENKC,DEN Broncos vs KC Chiefs: 1st Quarter Winner,KXNFL1Q,Pro Football 1st Quarter Winner,Sports,"[""Football""]",open,binary,0.39,0.4,0.4,0.395,0.605,0.395,0.01,197831.13,194969.97,191801.73,0,2026-09-02T18:39:00Z,2026-09-17T00:15:00Z,2026-09-17T00:15:00Z,,,,structured,,,,True,2026-09-14T18:10:04+00:00,,,,
polymarket,0x0bf1704fe5f702a5ee6ed587fcaebebe07c8397c64c68b256bfc834e2fed7217,https://polymarket.com/event/mlb-lad-cin-2026-09-14/mlb-lad-cin-2026-09-14,,Los Angeles Dodgers vs. Cincinnati Reds,,988198,Los Angeles Dodgers vs. Cincinnati Reds,mlb-lad-cin-2026-09-14,Los Angeles Dodgers vs. Cincinnati Reds,,[],open,binary,0.65,0.66,0.66,0.655,0.345,0.655,0.01,194201.0716660001,193750.97245400003,,527562.233,2026-09-08T13:00:27Z,2026-09-21T22:40:00Z,2026-09-21T22:40:00Z,,,,,,,,,2026-09-14T18:09:38+00:00,-2.5,"[""Los Angeles Dodgers"", ""Cincinnati Reds""]","[0.655, 0.345]",22661408117572404298835747787110316573023856676573692281045058711503226126679
kalshi,KXNFLMVP-27-TSHO,https://kalshi.com/markets/kxnflmvp/ap-pro-football-regular-season-mvp,https://kalshi.com/markets/kxnflmvp/ap-pro-football-regular-season-mvp/kxnflmvp-27,Will Tyler Shough win the MVP?,Tyler Shough,KXNFLMVP-27,MVP Winner?,KXNFLMVP,AP Pro Football Regular Season MVP,Sports,"[""Football""]",open,binary,0,0.01,0.02,0.005,0.995,0.005,0.01,2076773.53,193168,1521864.23,0,2026-02-08T20:30:00Z,2028-02-12T15:00:00Z,2028-02-12T15:00:00Z,,,,structured,,,,True,2026-09-14T18:10:52+00:00,,,,
polymarket,0x5db999fad322cea2914535aae5517060c3f80ad6d8c0231cde2124a434d16846,https://polymarket.com/event/will-the-us-invade-iran-before-2027/will-the-us-invade-iran-before-2027,,Will the U.S. invade Iran before 2027?,,73130,Will the U.S. invade Iran before 2027?,will-the-us-invade-iran-before-2027,Will the U.S. invade Iran before 2027?,,[],open,binary,0.16,0.17,0.17,0.165,0.835,0.165,0.01,66108128.764545076,192049.92344999997,,647360.536,2025-11-05T17:52:17.414Z,2027-01-01T04:59:00Z,2027-01-01T04:59:00Z,,,,,,,,,2026-09-14T18:09:38+00:00,,"[""Yes"", ""No""]","[0.165, 0.835]",55115078421062885512539156303747803058407616201213034911037320915726138659123
polymarket,0xd0229887c13a5f540ec76619b7da3448b58a0b7eb924b87dcc9fbb142fc02d3f,https://polymarket.com/event/sea-int-udi-2026-09-14/sea-int-udi-2026-09-14-int,,Will FC Internazionale Milano win on 2026-09-14?,FC Internazionale Milano,944643,FC Internazionale Milano vs. Udinese Calcio,sea-int-udi-2026-09-14,FC Internazionale Milano vs. Udinese Calcio,,[],open,binary,0.79,0.8,0.8,0.795,0.205,0.795,0.01,193771.44251999995,188979.34495500004,,414410.2092,2026-08-31T23:00:17Z,2026-09-14T18:45:00Z,2026-09-14T18:45:00Z,,,,,,,,,2026-09-14T18:09:38+00:00,1,"[""Yes"", ""No""]","[0.795, 0.205]",43218196981038089437419549159354453443673993312119998406872053191642458645610
kalshi,SENATETX-26-D,https://kalshi.com/markets/senatetx/texas-senate-race,https://kalshi.com/markets/senatetx/texas-senate-race/senatetx-26,Will Democratics win the Senate race in Texas?,James Talarico,SENATETX-26,Texas Senate winner?,SENATETX,Texas Senate race,Elections,"[""Senate""]",open,binary,0.51,0.52,0.52,0.515,0.485,0.515,0.01,5017443.01,183187.77,3331415.28,0,2024-12-03T15:00:00Z,2027-11-03T15:00:00Z,2027-11-03T15:00:00Z,,,,structured,,,,True,2026-09-14T18:10:59+00:00,,,,
kalshi,KXATPCHALLENGERMATCH-26SEP14BARZHU-BAR,https://kalshi.com/markets/kxatpchallengermatch/challenger-atp,https://kalshi.com/markets/kxatpchallengermatch/challenger-atp/kxatpchallengermatch-26sep14barzhu,Ozan Baris wins,Ozan Baris,KXATPCHALLENGERMATCH-26SEP14BARZHU,Baris vs Zhu,KXATPCHALLENGERMATCH,Challenger ATP ,Sports,"[""Tennis""]",open,binary,0.38,0.39,0.39,0.385,0.615,0.385,0.01,228425.05,181201.26,165222.51,0,2026-09-14T05:10:00Z,2026-09-28T17:00:00Z,2026-09-28T17:00:00Z,,,,structured,,,,True,2026-09-14T18:09:39+00:00,,,,
kalshi,KXCRYPTOSTRUCTURE-26JAN-27,https://kalshi.com/markets/kxcryptostructure/crypto-market-structure,https://kalshi.com/markets/kxcryptostructure/crypto-market-structure/kxcryptostructure-26jan,"Will a crypto market structure bill becomes law before Jan 1, 2027?","Before Jan 1, 2027",KXCRYPTOSTRUCTURE-26JAN,Will the Clarity Act become law?,KXCRYPTOSTRUCTURE,Crypto market structure,Politics,"[""Congress""]",open,binary,0.3,0.33,0.3,0.315,0.685,0.315,0.03,1801339.83,175687.78,638823.97,0,2025-12-04T01:00:00Z,2027-01-01T15:00:00Z,2027-01-01T15:00:00Z,,,,,,,,True,2026-09-14T18:10:56+00:00,,,,
polymarket,0x2844ef8be930b4b87eaf26be8755a8715fe472b16d469aecc6921e64c41a0203,https://polymarket.com/event/epl-lee-new-2026-09-14/epl-lee-new-2026-09-14-lee,,Will Leeds United FC win on 2026-09-14?,Leeds United FC,945719,Leeds United FC vs. Newcastle United FC,epl-lee-new-2026-09-14,Leeds United FC vs. Newcastle United FC,,[],open,binary,0.4,0.41,0.41,0.405,0.595,0.405,0.01,179099.99042600003,173606.3495570001,,1987138.2779,2026-09-01T04:00:14Z,2026-09-14T19:00:00Z,2026-09-14T19:00:00Z,,,,,,,,,2026-09-14T18:09:38+00:00,-1,"[""Yes"", ""No""]","[0.405, 0.595]",90316549612322190080383058429390138624395168192057993099824241356775422634534
polymarket,0x5b54acdfd24837a60f5e2dc208091e93f3ee9100f4d30bf07a9788eeaba3b1d4,https://polymarket.com/event/nor-bog-san-2026-09-13-more-markets/nor-bog-san-2026-09-13-spread-home-2pt5,,Spread: FK Bodø/Glimt (-2.5),FK Bodø/Glimt (-2.5),942662,FK Bodø/Glimt vs. Sandefjord Fotball - More Markets,nor-bog-san-2026-09-13-more-markets,FK Bodø/Glimt vs. Sandefjord Fotball - More Markets,,[],open,binary,0.36,0.52,0.5,0.44,0.56,0.44,0.16,173569.35980599996,171559.76100499995,,10378.5342,2026-08-31T16:01:00Z,2026-09-14T17:00:00Z,2026-09-14T17:00:00Z,,,,,,,,,2026-09-14T18:09:38+00:00,-1,"[""FK Bod\u00f8/Glimt"", ""Sandefjord Fotball""]","[0.44, 0.56]",102203480645260570641867555068477204874721011863918341334208857046241683745472
kalshi,KXNFLMVP-27-CWIL,https://kalshi.com/markets/kxnflmvp/ap-pro-football-regular-season-mvp,https://kalshi.com/markets/kxnflmvp/ap-pro-football-regular-season-mvp/kxnflmvp-27,Will Caleb Williams win the MVP?,Caleb Williams,KXNFLMVP-27,MVP Winner?,KXNFLMVP,AP Pro Football Regular Season MVP,Sports,"[""Football""]",open,binary,0.11,0.13,0.13,0.12,0.88,0.12,0.02,914637.79,169580.2,814995.87,0,2026-02-08T20:30:00Z,2028-02-12T15:00:00Z,2028-02-12T15:00:00Z,,,,structured,,,,True,2026-09-14T18:10:52+00:00,,,,
kalshi,KXBTCD-26SEP1417-T76999.99,https://kalshi.com/markets/kxbtcd/bitcoin-price-above-below,https://kalshi.com/markets/kxbtcd/bitcoin-price-above-below/kxbtcd-26sep1417,"Bitcoin price on Sep 14, 2026?","$77,000 or above",KXBTCD-26SEP1417,"BTC price on Sep 14, 2026 at 5pm EDT?",KXBTCD,Bitcoin price Above/below,Crypto,"[""Hourly"", ""BTC""]",open,binary,0.99,1,0.99,0.995,0.005,0.995,0.01,169172.3,169172.3,67995.64,0,2026-09-13T20:00:00Z,2026-09-14T21:00:00Z,2026-09-21T21:00:00Z,,,,greater,76999.99,,BRTI,True,2026-09-14T18:09:42+00:00,,,,
kalshi,KXNFLMVP-27-BYOU,https://kalshi.com/markets/kxnflmvp/ap-pro-football-regular-season-mvp,https://kalshi.com/markets/kxnflmvp/ap-pro-football-regular-season-mvp/kxnflmvp-27,Will Bryce Young win the MVP?,Bryce Young,KXNFLMVP-27,MVP Winner?,KXNFLMVP,AP Pro Football Regular Season MVP,Sports,"[""Football""]",open,binary,0,0.01,0.01,0.005,0.995,0.005,0.01,238988.11,167845.86,238988.11,0,2026-02-08T20:30:00Z,2028-02-12T15:00:00Z,2028-02-12T15:00:00Z,,,,structured,,,,True,2026-09-14T18:10:52+00:00,,,,
kalshi,KXMLBGAME-26SEP142040SDCOL-SD,https://kalshi.com/markets/kxmlbgame/professional-baseball-game,https://kalshi.com/markets/kxmlbgame/professional-baseball-game/kxmlbgame-26sep142040sdcol,San Diego wins,San Diego,KXMLBGAME-26SEP142040SDCOL,San Diego vs Colorado,KXMLBGAME,Professional Baseball Game,Sports,"[""Baseball""]",open,binary,0.65,0.66,0.66,0.655,0.345,0.655,0.01,167558.13,166023.45,164085.92,0,2026-09-12T00:55:00Z,2026-09-18T00:40:00Z,2026-09-18T00:40:00Z,,,,structured,,,,True,2026-09-14T18:09:43+00:00,,,,
kalshi,KXSB-27-SF,https://kalshi.com/markets/kxsb/super-bowl,https://kalshi.com/markets/kxsb/super-bowl/kxsb-27,Will San Francisco win the 2027 Pro Football Championship?,San Francisco,KXSB-27,2027 Pro Football Champion,KXSB,Super Bowl,Sports,"[""Football""]",open,binary,0.07,0.08,0.08,0.075,0.925,0.075,0.01,6446036.48,165287.23,5086189.02,0,2026-02-08T20:00:00Z,2029-02-13T23:30:00Z,2029-02-13T23:30:00Z,,,,structured,,,,True,2026-09-14T18:10:52+00:00,,,,
polymarket,0x8b759c2db9565ab82b2dd5795c0d0bf9a3268cf0848b40362f90b98e6925e790,https://polymarket.com/event/sea-com-par-2026-09-14-more-markets/sea-com-par-2026-09-14-total-2pt5,,Como 1907 vs. Parma Calcio 1913: O/U 2.5,O/U 2.5,945984,Como 1907 vs. Parma Calcio 1913 - More Markets,sea-com-par-2026-09-14-more-markets,Como 1907 vs. Parma Calcio 1913 - More Markets,,[],open,binary,0.19,0.2,0.2,0.195,0.805,0.195,0.01,165579.64904400002,165007.44394899998,,49580.1063,2026-09-01T05:00:42Z,2026-09-14T16:30:00Z,2026-09-14T16:30:00Z,,,,,,,,,2026-09-14T18:09:38+00:00,-39,"[""Over"", ""Under""]","[0.195, 0.805]",102301393649161722408913253230549147584415779657476074552762176797760863055705
kalshi,KXCRYPTOSTRUCTURE-26JAN-OCT,https://kalshi.com/markets/kxcryptostructure/crypto-market-structure,https://kalshi.com/markets/kxcryptostructure/crypto-market-structure/kxcryptostructure-26jan,"Will a crypto market structure bill becomes law before Oct 1, 2026?","Before Oct 1, 2026",KXCRYPTOSTRUCTURE-26JAN,Will the Clarity Act become law?,KXCRYPTOSTRUCTURE,Crypto market structure,Politics,"[""Congress""]",open,binary,0.07,0.08,0.08,0.075,0.925,0.075,0.01,1101379.53,162298.34,684029.56,0,2026-07-13T16:00:00Z,2026-10-01T14:00:00Z,2026-10-01T14:00:00Z,,,,,,,,True,2026-09-14T18:10:30+00:00,,,,
kalshi,KXATPCHALLENGERMATCH-26SEP14VANNAK-NAK,https://kalshi.com/markets/kxatpchallengermatch/challenger-atp,https://kalshi.com/markets/kxatpchallengermatch/challenger-atp/kxatpchallengermatch-26sep14vannak,Bryce Nakashima Nakashima wins,Bryce Nakashima Nakashima,KXATPCHALLENGERMATCH-26SEP14VANNAK,Vandecasteele vs Nakashima,KXATPCHALLENGERMATCH,Challenger ATP ,Sports,"[""Tennis""]",open,binary,0.76,0.77,0.77,0.765,0.235,0.765,0.01,229667.79,156150.89,144768.52,0,2026-09-14T05:10:00Z,2026-09-28T17:00:00Z,2026-09-28T17:00:00Z,,,,structured,,,,True,2026-09-14T18:09:39+00:00,,,,
polymarket,0x2f847eed6e6447b3d99ec3298becbb66b3e553ba87011df78974fad358d20961,https://polymarket.com/event/sea-com-par-2026-09-14-more-markets/sea-com-par-2026-09-14-spread-home-1pt5,,Spread: Como 1907 (-1.5),Como 1907 (-1.5),945984,Como 1907 vs. Parma Calcio 1913 - More Markets,sea-com-par-2026-09-14-more-markets,Como 1907 vs. Parma Calcio 1913 - More Markets,,[],open,binary,0.39,0.41,0.41,0.4,0.6,0.4,0.02,156005.11650400003,155440.70235600002,,35683.6338,2026-09-01T05:00:41Z,2026-09-14T16:30:00Z,2026-09-14T16:30:00Z,,,,,,,,,2026-09-14T18:09:38+00:00,-16.5,"[""Como 1907"", ""Parma Calcio 1913""]","[0.4, 0.6]",46390158470622841285484663455536709498388904912481326562789395855789256625035
polymarket,0xaad2727a01e09fd1b0d84e286a63a94998efe35fce83a65a3c58dfa9b54dff33,https://polymarket.com/event/strait-of-hormuz-traffic-returns-to-normal-by-september-15-20260810150912478/strait-of-hormuz-traffic-returns-to-normal-by-september-15-20260810150912478,,Strait of Hormuz traffic returns to normal by September 15?,,830255,Strait of Hormuz traffic returns to normal by September 15?,strait-of-hormuz-traffic-returns-to-normal-by-september-15-20260810150912478,Strait of Hormuz traffic returns to normal by September 15?,,[],open,binary,,0.001,0.002,0.0005,0.9995,0.0005,0.001,2514242.475650001,155005,,944541.49365,2026-08-11T09:20:21.932904Z,2026-09-15T00:00:00Z,2026-09-15T00:00:00Z,,,,,,,,,2026-09-14T18:09:38+00:00,,"[""Yes"", ""No""]","[0.0005, 0.9995]",792896940617101609095080343806493099086366718518381398857436002509498065050
kalshi,KXSERIEATOTAL-26SEP14COMPAR-3,https://kalshi.com/markets/kxserieatotal/serie-a-total,https://kalshi.com/markets/kxserieatotal/serie-a-total/kxserieatotal-26sep14compar,Will over 2.5 goals be scored?,Over 2.5 goals scored,KXSERIEATOTAL-26SEP14COMPAR,Como vs Parma Calcio: Total Goals,KXSERIEATOTAL,Serie A Total,Sports,"[""Soccer""]",open,binary,0.11,0.13,0.11,0.12,0.88,0.12,0.02,175675.85,153519.57,88790.31,0,2026-09-07T17:06:00Z,2026-09-16T22:30:00Z,2026-09-16T22:30:00Z,,,,greater,2.5,,,True,2026-09-14T18:10:00+00:00,,,,
polymarket,0x2582c61a365cd1414c2607a9a8cd7cc557cd8b37079588782a995db673f6ce02,https://polymarket.com/event/wta-andree-hruncak-2026-09-14/wta-andree-hruncak-2026-09-14,,Caldas da Rainha: Erika Andreeva vs Viktoria Hruncakova,,1019738,Caldas da Rainha: Erika Andreeva vs Viktoria Hruncakova,wta-andree-hruncak-2026-09-14,Caldas da Rainha: Erika Andreeva vs Viktoria Hruncakova,,[],open,binary,0.59,0.6,0.6,0.595,0.405,0.595,0.01,150631.21708200008,150631.217082,,187151.3667,2026-09-13T22:14:16Z,2026-09-21T16:00:00Z,2026-09-21T16:00:00Z,,,,,,,,,2026-09-14T18:09:38+00:00,,"[""Erika Andreeva"", ""Viktoria Hruncakova""]","[0.595, 0.405]",23158793700826238599866146749331671019614864507207802419241343220758212762843
kalshi,KXBALANCEPOWERCOMBO-27FEB-RD,https://kalshi.com/markets/kxbalancepowercombo/congress-balance-of-power-combo,https://kalshi.com/markets/kxbalancepowercombo/congress-balance-of-power-combo/kxbalancepowercombo-27feb,Will House Control be Republican AND Senate Control be Democratic for Feb 2027?,"R-House, D-Senate",KXBALANCEPOWERCOMBO-27FEB,2026 Midterms: Congress Balance of Power?,KXBALANCEPOWERCOMBO,Congress balance of power combo,Elections,"[""Senate"", ""House"", ""Mixed Combos"", ""US Elections"", ""Election Combos""]",open,binary,0.014,0.015,0.015,0.0145,0.9855,0.0145,0.001,2901207.51,148805.34,2089516.47,0,2025-12-11T15:00:00Z,2027-02-01T15:00:00Z,2027-02-08T15:00:00Z,,,,custom,,,,True,2026-09-14T18:10:55+00:00,,,,
kalshi,KXNCAAFGAME-26SEP18PRSTORE-PRST,https://kalshi.com/markets/kxncaafgame/college-football-game,https://kalshi.com/markets/kxncaafgame/college-football-game/kxncaafgame-26sep18prstore,Portland St. wins,Portland St.,KXNCAAFGAME-26SEP18PRSTORE,Portland St. vs Oregon,KXNCAAFGAME,College Football Game,Sports,"[""Football""]",open,binary,0,0.01,0.01,0.005,0.995,0.005,0.01,248301.68,148116.68,247836.68,0,2026-09-05T04:08:00Z,2026-09-21T02:30:00Z,2026-09-21T02:30:00Z,,,,structured,,,,True,2026-09-14T18:10:01+00:00,,,,
polymarket,0xe188edd9f37195da687d03e0f40330eb3aa18fb97960471051305cc5056f2879,https://polymarket.com/event/what-price-will-wti-hit-in-september-2026/will-wti-reach-105-in-september-2026,,Will WTI Crude Oil (WTI) hit (HIGH) $105 in September?,↑ $105,907966,What will WTI Crude Oil (WTI) hit in September 2026?,what-price-will-wti-hit-in-september-2026,What will WTI Crude Oil (WTI) hit in September 2026?,,[],open,binary,0.645,0.71,0.663,0.6775,0.3225,0.6775,0.065,503786.35598399997,144723.43585399998,,29997.09776,2026-08-28T16:44:58Z,2026-10-01T03:59:59.999Z,2026-10-01T03:59:59.999Z,,,,,,,,,2026-09-14T18:09:38+00:00,3.25,"[""Yes"", ""No""]","[0.6775, 0.3225]",71199490957924041886735411161957276777778685991536415526722488030509401889440
kalshi,KXNFL1Q-26SEP14DENKC-KC,https://kalshi.com/markets/kxnfl1q/pro-football-1st-quarter-winner,https://kalshi.com/markets/kxnfl1q/pro-football-1st-quarter-winner/kxnfl1q-26sep14denkc,Will Kansas City win the 1st Quarter?,Kansas City wins 1st Quarter,KXNFL1Q-26SEP14DENKC,DEN Broncos vs KC Chiefs: 1st Quarter Winner,KXNFL1Q,Pro Football 1st Quarter Winner,Sports,"[""Football""]",open,binary,0.41,0.42,0.42,0.415,0.585,0.415,0.01,147156.34,144420.08,141963.67,0,2026-09-02T18:39:00Z,2026-09-17T00:15:00Z,2026-09-17T00:15:00Z,,,,structured,,,,True,2026-09-14T18:10:04+00:00,,,,
kalshi,KXSUPERLIGGAME-26SEP14GAZFEN-FEN,https://kalshi.com/markets/kxsuperliggame/turkish-super-lig-game,https://kalshi.com/markets/kxsuperliggame/turkish-super-lig-game/kxsuperliggame-26sep14gazfen,Fenerbahce wins,Fenerbahce,KXSUPERLIGGAME-26SEP14GAZFEN,Gaziantep vs Fenerbahce,KXSUPERLIGGAME,Turkish Super Lig Game,Sports,"[""Soccer""]",open,binary,0.55,0.56,0.56,0.555,0.445,0.555,0.01,161113.83,144101.21,142824.7,0,2026-09-10T00:37:00Z,2026-09-16T17:00:00Z,2026-09-16T17:00:00Z,,,,structured,,,,True,2026-09-14T18:09:57+00:00,,,,
polymarket,0x9e2966ab58d8cd6efaccfd92b2d7c518ff6c4318e8bcd3032fef68c8254d102a,https://polymarket.com/event/sweden-parliamentary-election-2nd-place/will-the-sweden-democrats-sd-win-the-second-most-seats-in-the-2026-swedish-parliamentary-election,,Will the Sweden Democrats (SD) win the second most seats in the 2026 Swedish parliamentary election?,Sweden Democrats (SD),502873,Sweden Parliamentary Election: 2nd Place,sweden-parliamentary-election-2nd-place,Sweden Parliamentary Election: 2nd Place,,[],open,binary,,0.001,0.001,0.0005,0.9995,0.0005,0.001,290461.89770599996,143927.398542,,46580.20697,2026-05-19T20:47:59.832844Z,2026-09-13T00:00:00Z,2026-09-13T00:00:00Z,,,,,,,,,2026-09-14T18:09:38+00:00,-15.95,"[""Yes"", ""No""]","[0.0005, 0.9995]",49208719549935438660034858287759012465900558517159395254556531239968960380856
kalshi,KXSERIEATOTAL-26SEP14COMPAR-4,https://kalshi.com/markets/kxserieatotal/serie-a-total,https://kalshi.com/markets/kxserieatotal/serie-a-total/kxserieatotal-26sep14compar,Will over 3.5 goals be scored?,Over 3.5 goals scored,KXSERIEATOTAL-26SEP14COMPAR,Como vs Parma Calcio: Total Goals,KXSERIEATOTAL,Serie A Total,Sports,"[""Soccer""]",open,binary,0.01,0.03,0.01,0.02,0.98,0.02,0.02,155988.44,143559.41,63563.97,0,2026-09-07T17:06:00Z,2026-09-16T22:30:00Z,2026-09-16T22:30:00Z,,,,greater,3.5,,,True,2026-09-14T18:10:00+00:00,,,,
polymarket,0x1998171951ddeac8f44c9e66ee49816d412721c16cfb5ef8576aa93941605113,https://polymarket.com/event/what-price-will-ethereum-hit-in-september-2026/will-ethereum-reach-2600-in-september-2026-from-september-11,,"Will Ethereum reach $2,600 in September?","↑ 2,600",946005,What price will Ethereum hit in September?,what-price-will-ethereum-hit-in-september-2026,What price will Ethereum hit in September?,,[],open,binary,0.8,0.81,0.79,0.805,0.195,0.805,0.01,173915.25154999996,141296.914242,,50112.7971,2026-09-11T16:18:25Z,2026-10-01T04:00:00Z,2026-10-01T04:00:00Z,,,,,,,,,2026-09-14T18:09:38+00:00,7,"[""Yes"", ""No""]","[0.805, 0.195]",43853966738403637461259093397144541816355598332094201152243477203086112394850
polymarket,0xcd9079a837d72a0eafde1dc692c819940bd030a295ddc67f27590e98df33878c,https://polymarket.com/event/us-announces-end-of-iranian-blockade-byptptpt-20260713152715080/us-announces-end-of-iranian-blockade-by-september-14-2026,,"US announces end of Iranian blockade by September 14, 2026?",September 14,699735,US announces end of Iranian blockade by...?,us-announces-end-of-iranian-blockade-byptptpt-20260713152715080,US announces end of Iranian blockade by...?,,[],open,binary,0.003,0.004,0.003,0.0035,0.9965,0.0035,0.001,1745866.6343410013,138961.343953,,70432.11565,2026-08-18T16:40:15.548922Z,2026-09-15T03:59:00Z,2026-09-15T03:59:00Z,,,,,,,,,2026-09-14T18:09:38+00:00,-1.7,"[""Yes"", ""No""]","[0.0035, 0.9965]",5704535028627813610807450987863678382834984459808017027367262166853701331994
kalshi,KXBTC15M-26SEP141415-15,https://kalshi.com/markets/kxbtc15m/bitcoin-price-up-down,https://kalshi.com/markets/kxbtc15m/bitcoin-price-up-down/kxbtc15m-26sep141415,BTC price up in next 15 mins?,"Target Price: $78,923.79",KXBTC15M-26SEP141415,"BTC 15 min · $78,923.79 target",KXBTC15M,Bitcoin price up down,Crypto,"[""BTC"", ""15 min"", ""15 Min Markets""]",open,binary,0.82,0.83,0.83,0.825,0.175,0.825,0.01,1268584.26,138206.97,441206.87,0,2026-09-14T18:00:00Z,2026-09-14T18:15:00Z,2026-09-21T18:15:00Z,,,,greater_or_equal,78923.79,,,True,2026-09-14T18:09:40+00:00,,,,
polymarket,0x189e80ff0d5971c5609d00bb3716c4a8a9ace0fe24e4928dbbd1f8dc9341dbcc,https://polymarket.com/event/den-mid-bro-2026-09-14/den-mid-bro-2026-09-14-mid,,Will FC Midtjylland win on 2026-09-14?,FC Midtjylland,943986,FC Midtjylland vs. Brøndby IF,den-mid-bro-2026-09-14,FC Midtjylland vs. Brøndby IF,,[],open,binary,0.92,0.93,0.93,0.925,0.075,0.925,0.01,137066.194187,135491.87842300002,,79278.9814,2026-08-31T20:00:12Z,2026-09-14T17:00:00Z,2026-09-14T17:00:00Z,,,,,,,,,2026-09-14T18:09:38+00:00,40,"[""Yes"", ""No""]","[0.925, 0.075]",13485179113374960293378491985127249107857930437031404284420729270513583212577
polymarket,0x5c79dfde05559b79a9cb9f7c4187e4d49632dd042572ae676952f812732591cc,https://polymarket.com/event/strait-of-hormuz-traffic-returns-to-normal-by-december-31/strait-of-hormuz-traffic-returns-to-normal-by-december-31,,Strait of Hormuz traffic returns to normal by December 31?,,455875,Strait of Hormuz traffic returns to normal by December 31?,strait-of-hormuz-traffic-returns-to-normal-by-december-31,Strait of Hormuz traffic returns to normal by December 31?,,[],open,binary,0.17,0.18,0.17,0.175,0.825,0.175,0.01,11712880.956226999,131973.714714,,397295.9992,2026-05-11T13:03:57.905316Z,2026-12-31T00:00:00Z,2026-12-31T00:00:00Z,,,,,,,,,2026-09-14T18:09:38+00:00,-3,"[""Yes"", ""No""]","[0.175, 0.825]",83783489454659420807679723574840032660002326710045123865554753994450797728825
polymarket,0x01b00499473edf43431d4ae2cfb529c1d2568c365fabbd0bd32027bee723594b,https://polymarket.com/event/lol-big1-koia-2026-09-14/lol-big1-koia-2026-09-14-game2,,LoL: BIG vs ⁠Movistar KOI Fénix - Game 2 Winner,Game 2 Winner,1020026,LoL: BIG vs ⁠Movistar KOI Fénix (BO5) - World Star Challengers Invitational EMEA Qualifier Playoffs,lol-big1-koia-2026-09-14,LoL: BIG vs ⁠Movistar KOI Fénix (BO5) - World Star Challengers Invitational EMEA Qualifier Playoffs,,[],open,binary,0.999,1,0.999,0.9995,0.0005,0.9995,0.001,131962.83384899993,131962.83384900002,,145880.72636,2026-09-13T23:10:28Z,2026-09-14T22:00:00Z,2026-09-14T22:00:00Z,,,,,,,,,2026-09-14T18:09:38+00:00,,"[""BIG"", ""\u2060Movistar KOI F\u00e9nix""]","[0.9995, 0.0005]",89795767550793618552219583574046952192580631221667287693781371863270529725846
kalshi,KXSB-27-LV,https://kalshi.com/markets/kxsb/super-bowl,https://kalshi.com/markets/kxsb/super-bowl/kxsb-27,Will Las Vegas win the 2027 Pro Football Championship?,Las Vegas,KXSB-27,2027 Pro Football Champion,KXSB,Super Bowl,Sports,"[""Football""]",open,binary,0,0.01,0.01,0.005,0.995,0.005,0.01,3573286.07,131833.39,3492606.19,0,2026-02-08T20:00:00Z,2029-02-13T23:30:00Z,2029-02-13T23:30:00Z,,,,structured,,,,True,2026-09-14T18:10:52+00:00,,,,
kalshi,KXNFLTD-26SEP14DENKC-DENBNIX10-1,https://kalshi.com/markets/kxnfltd/pro-football-touchdowns,https://kalshi.com/markets/kxnfltd/pro-football-touchdowns/kxnfltd-26sep14denkc,Bo Nix: 1+ touchdowns,Bo Nix: 1+,KXNFLTD-26SEP14DENKC,Denver vs Kansas City: Touchdowns,KXNFLTD,Pro Football Touchdowns,Sports,"[""Football""]",open,binary,0.14,0.15,0.15,0.145,0.855,0.145,0.01,145548.86,131322.05,141549.57,0,2026-09-04T21:04:00Z,2026-09-17T00:15:00Z,2026-09-17T00:15:00Z,,,,greater,0.5,,,True,2026-09-14T18:10:01+00:00,,,,
polymarket,0x310c681914e8eda70aa66f1f98bd001ac08b60f5abf0dc31608f5cfe9aa53031,https://polymarket.com/event/bitcoin-above-on-september-15-2026/bitcoin-above-70k-on-september-15-2026,,"Will the price of Bitcoin be above $70,000 on September 15?","70,000",988776,Bitcoin above ___ on September 15?,bitcoin-above-on-september-15-2026,Bitcoin above ___ on September 15?,,[],open,binary,0.998,0.999,0.998,0.9985,0.0015,0.9985,0.001,137311.171079,130633.27901799999,,54477.38489,2026-09-08T16:00:33Z,2026-09-15T16:00:00Z,2026-09-15T16:00:00Z,,,,,,,,,2026-09-14T18:09:38+00:00,0.7,"[""Yes"", ""No""]","[0.9985, 0.0015]",58586698206671111351541994612941732101497912139425521300244830828474140769434
kalshi,KXSERIEAGAME-26SEP13TORROM-TIE,https://kalshi.com/markets/kxserieagame/serie-a-game,https://kalshi.com/markets/kxserieagame/serie-a-game/kxserieagame-26sep13torrom,Tie is the result,Tie,KXSERIEAGAME-26SEP13TORROM,Torino vs Roma,KXSERIEAGAME,Serie A Game,Sports,"[""Soccer""]",open,binary,0.12,0.13,0.13,0.125,0.875,0.125,0.01,156553.35,128248.23,107054.6,0,2026-08-30T00:49:00Z,2026-09-15T16:30:00Z,2026-09-15T16:30:00Z,,,,structured,,,,True,2026-09-14T18:10:09+00:00,,,,
polymarket,0xa5b2b9d0e333d50db759139a364c01af812a3db60e5c653b9f959b6ef5d7139e,https://polymarket.com/event/next-prime-minister-of-sweden/will-ebba-busch-be-the-next-prime-minister-of-sweden,,Will Ebba Busch be the next Prime Minister of Sweden?,Ebba Busch,166435,Next Prime Minister of Sweden,next-prime-minister-of-sweden,Next Prime Minister of Sweden,,[],open,binary,0.004,0.007,0.005,0.0055,0.9945,0.0055,0.003,732139.658231,127213.559716,,59398.43097,2026-01-19T20:34:36.445422Z,2026-09-13T00:00:00Z,2026-09-13T00:00:00Z,,,,,,,,,2026-09-14T18:09:38+00:00,0.05,"[""Yes"", ""No""]","[0.0055, 0.9945]",46694911209504709842407102211694105151918150655785824361504208059495748983717
polymarket,0x80b3af88cb991980e8da1ce86b9794a0957f96ec98c29319dd7ba65e9744d82b,https://polymarket.com/event/fed-rate-hike-in-2026/fed-rate-hike-in-2026,,Fed rate hike in 2026?,,101936,Fed rate hike in 2026?,fed-rate-hike-in-2026,Fed rate hike in 2026?,,[],open,binary,0.91,0.92,0.92,0.915,0.085,0.915,0.01,9326868.186970003,125966.473989,,199823.9831,2025-12-10T21:10:25.258Z,2026-12-09T00:00:00Z,2026-12-09T00:00:00Z,,,,,,,,,2026-09-14T18:09:38+00:00,5,"[""Yes"", ""No""]","[0.915, 0.085]",75028752776148090296091099469912621384650554615761384992997579209329182670110
kalshi,KXOSCARPIC-27-JOS,https://kalshi.com/markets/kxoscarpic/oscar-for-best-picture,https://kalshi.com/markets/kxoscarpic/oscar-for-best-picture/kxoscarpic-27,Will Josephine win Best Picture at the Oscars?,Josephine,KXOSCARPIC-27,Oscar Winner: Best Picture,KXOSCARPIC,Oscar for Best Picture,Entertainment,"[""Oscars"", ""Awards""]",open,binary,0.01,0.02,0.02,0.015,0.985,0.015,0.01,182109.18,124208.55,176943.23,0,2026-03-20T14:00:00Z,2027-12-31T15:00:00Z,2027-12-31T15:00:00Z,,,,custom,,,,True,2026-09-14T18:10:50+00:00,,,,
polymarket,0x205438b8dba2e694e38292de16c929f10c7de57278054c8bde1f7e2c633a92ba,https://polymarket.com/event/lal-elc-rea-2026-09-15/lal-elc-rea-2026-09-15-rea,,Will Real Madrid CF win on 2026-09-15?,Real Madrid CF,952084,Elche CF vs. Real Madrid CF,lal-elc-rea-2026-09-15,Elche CF vs. Real Madrid CF,,[],open,binary,0.79,0.8,0.8,0.795,0.205,0.795,0.01,200879.22238800002,121489.907186,,259761.5896,2026-09-02T06:00:15Z,2026-09-15T19:30:00Z,2026-09-15T19:30:00Z,,,,,,,,,2026-09-14T18:09:38+00:00,2,"[""Yes"", ""No""]","[0.795, 0.205]",76021158154800283506736373387406796400944223245340439968328287263438060046566
kalshi,KXSERIEATOTAL-26SEP14TORROM-3,https://kalshi.com/markets/kxserieatotal/serie-a-total,https://kalshi.com/markets/kxserieatotal/serie-a-total/kxserieatotal-26sep14torrom,Will over 2.5 goals be scored?,Over 2.5 goals scored,KXSERIEATOTAL-26SEP14TORROM,Torino vs Roma: Total Goals,KXSERIEATOTAL,Serie A Total,Sports,"[""Soccer""]",open,binary,0.07,0.08,0.07,0.075,0.925,0.075,0.01,125933.92,119988.54,72530.87,0,2026-09-07T17:06:00Z,2026-09-16T22:30:00Z,2026-09-16T22:30:00Z,,,,greater,2.5,,,True,2026-09-14T18:10:00+00:00,,,,
kalshi,KXSB-27-DEN,https://kalshi.com/markets/kxsb/super-bowl,https://kalshi.com/markets/kxsb/super-bowl/kxsb-27,Will Denver win the 2027 Pro Football Championship?,Denver,KXSB-27,2027 Pro Football Champion,KXSB,Super Bowl,Sports,"[""Football""]",open,binary,0.05,0.06,0.06,0.055,0.945,0.055,0.01,5564239.23,118972.6,4640844.57,0,2026-02-08T20:00:00Z,2029-02-13T23:30:00Z,2029-02-13T23:30:00Z,,,,structured,,,,True,2026-09-14T18:10:52+00:00,,,,
polymarket,0xb106a3c9d1c59ed8117493dae6459a3ff79369a8f7cddaf62f4a05828b89195e,https://polymarket.com/event/which-party-wins-2028-us-presidential-election/will-the-democrats-win-the-2028-us-presidential-election,,Will the Democrats win the 2028 US Presidential Election?,Democratic,33228,Which party wins 2028 US Presidential Election?,which-party-wins-2028-us-presidential-election,Which party wins 2028 US Presidential Election?,,[],open,binary,0.64,0.66,0.66,0.65,0.35,0.65,0.02,1159418.6854489997,118017.75683500001,,249707.2841,2025-07-18T17:30:53.297931Z,2028-11-07T00:00:00Z,2028-11-07T00:00:00Z,,,,,,,,,2026-09-14T18:09:38+00:00,0.5,"[""Yes"", ""No""]","[0.65, 0.35]",49084048476353771153083262278964615095037480324537117350127265918750912547378
kalshi,KXPRESNOMD-28-JTAL,https://kalshi.com/markets/kxpresnomd/democratic-primary-winner,https://kalshi.com/markets/kxpresnomd/democratic-primary-winner/kxpresnomd-28,Will James Talarico be the Democratic Presidential nominee in 2028?,James Talarico,KXPRESNOMD-28,2028 Democratic presidential nominee,KXPRESNOMD,Democratic Primary winner,Elections,"[""2028"", ""US Elections""]",open,binary,0.016,0.017,0.018,0.0165,0.9835,0.0165,0.001,6735394.63,118012.15,4162681.67,0,2025-07-22T02:40:00Z,2028-11-07T15:00:00Z,2028-11-07T15:00:00Z,,,,custom,,,,True,2026-09-14T18:10:58+00:00,,,,
polymarket,0x0de4c9146fc5a9d8468b9e8b715294969a6c814bd6786f62d1a3b13736230fa1,https://polymarket.com/event/elon-musk-of-tweets-september-8-september-15-2026/elon-musk-of-tweets-september-8-september-15-2026-160-179,,"Will Elon Musk post 160-179 tweets from September 8 to September 15, 2026?",160-179,967957,"Elon Musk # tweets September 8 - September 15, 2026?",elon-musk-of-tweets-september-8-september-15-2026,"Elon Musk # tweets September 8 - September 15, 2026?",,[],open,binary,0.12,0.13,0.12,0.125,0.875,0.125,0.01,179754.57442199998,115989.67631999998,,10842.1898,2026-09-05T04:00:52Z,2026-09-15T16:00:00Z,2026-09-15T16:00:00Z,,,,,,,,,2026-09-14T18:09:38+00:00,-26,"[""Yes"", ""No""]","[0.125, 0.875]",86529620287121119141171369488629670898033982300044709110262344635337180284727
kalshi,KXCRYPTOSTRUCTURE-26JAN-NOV,https://kalshi.com/markets/kxcryptostructure/crypto-market-structure,https://kalshi.com/markets/kxcryptostructure/crypto-market-structure/kxcryptostructure-26jan,"Will a crypto market structure bill becomes law before Nov 1, 2026?","Before Nov 1, 2026",KXCRYPTOSTRUCTURE-26JAN,Will the Clarity Act become law?,KXCRYPTOSTRUCTURE,Crypto market structure,Politics,"[""Congress""]",open,binary,0.14,0.16,0.16,0.15,0.85,0.15,0.02,478084.54,115870.62,362869.79,0,2026-07-13T16:00:00Z,2026-11-01T15:00:00Z,2026-11-01T15:00:00Z,,,,,,,,True,2026-09-14T18:10:30+00:00,,,,
polymarket,0x1a01bf78f56a507fcb666d564d8c8b91b0750679163ed6e96746102c9b7d285d,https://polymarket.com/event/brazil-presidential-election/will-flvio-bolsonaro-win-the-2026-brazilian-presidential-election,,Will Flávio Bolsonaro win the 2026 Brazilian presidential election?,Flávio Bolsonaro,45915,Brazil Presidential Election,brazil-presidential-election,Brazil Presidential Election,,[],open,binary,0.525,0.527,0.524,0.526,0.474,0.526,0.002,10663978.365123997,115157.573335,,233922.63942,2025-09-18T20:08:06.281Z,2026-10-04T00:00:00Z,2026-10-04T00:00:00Z,,,,,,,,,2026-09-14T18:09:38+00:00,1.2,"[""Yes"", ""No""]","[0.526, 0.474]",109876868437950584369987384406356259939519193117253465815665152916226511121427
kalshi,KXSB-27-LAR,https://kalshi.com/markets/kxsb/super-bowl,https://kalshi.com/markets/kxsb/super-bowl/kxsb-27,Will Los Angeles R win the 2027 Pro Football Championship?,Los Angeles R,KXSB-27,2027 Pro Football Champion,KXSB,Super Bowl,Sports,"[""Football""]",open,binary,0.12,0.13,0.12,0.125,0.875,0.125,0.01,8332824.79,113799.96,6029458.81,0,2026-02-08T20:00:00Z,2029-02-13T23:30:00Z,2029-02-13T23:30:00Z,,,,structured,,,,True,2026-09-14T18:10:52+00:00,,,,
kalshi,KXCRYPTOSTRUCTURE-26JAN-DEC,https://kalshi.com/markets/kxcryptostructure/crypto-market-structure,https://kalshi.com/markets/kxcryptostructure/crypto-market-structure/kxcryptostructure-26jan,"Will a crypto market structure bill becomes law before Dec 1, 2026?","Before Dec 1, 2026",KXCRYPTOSTRUCTURE-26JAN,Will the Clarity Act become law?,KXCRYPTOSTRUCTURE,Crypto market structure,Politics,"[""Congress""]",open,binary,0.25,0.27,0.27,0.26,0.74,0.26,0.02,360397.73,113766.15,194663.89,0,2026-07-13T16:00:00Z,2026-12-01T15:00:00Z,2026-12-01T15:00:00Z,,,,custom,,,,True,2026-09-14T18:10:30+00:00,,,,
kalshi,KXIPHONERELEASE-IPHONE18-26OCT01,https://kalshi.com/markets/kxiphonerelease/iphone,https://kalshi.com/markets/kxiphonerelease/iphone/kxiphonerelease-iphone18,"Will Apple Inc. release iPhone 18 before Oct 1, 2026?",Before October,KXIPHONERELEASE-IPHONE18,When will Apple release the iPhone 18?,KXIPHONERELEASE,iPhone,Financials,"[""Product launches"", ""Compute"", ""Companies""]",open,binary,0.01,0.02,0.01,0.015,0.985,0.015,0.01,3125437.73,112827.85,1361250.37,0,2025-12-31T03:00:00Z,2026-10-01T03:59:00Z,2026-10-08T14:00:00Z,,,,,,,,True,2026-09-14T18:10:55+00:00,,,,
kalshi,KXNFLTD-26SEP14DENKC-KCPMAHOMES15-2,https://kalshi.com/markets/kxnfltd/pro-football-touchdowns,https://kalshi.com/markets/kxnfltd/pro-football-touchdowns/kxnfltd-26sep14denkc,Patrick Mahomes: 2+ touchdowns,Patrick Mahomes: 2+,KXNFLTD-26SEP14DENKC,Denver vs Kansas City: Touchdowns,KXNFLTD,Pro Football Touchdowns,Sports,"[""Football""]",open,binary,0,0.01,0.01,0.005,0.995,0.005,0.01,117526.22,112762.15,117526.22,0,2026-09-10T23:28:00Z,2026-09-17T00:15:00Z,2026-09-17T00:15:00Z,,,,greater,1.5,,,True,2026-09-14T18:09:48+00:00,,,,
polymarket,0xf8bea7b36004feaf7203b95d7802a9967380b403eb33e05d2cb548755f8428d5,https://polymarket.com/event/sea-tor-rom-2026-09-14-more-markets/sea-tor-rom-2026-09-14-total-2pt5,,Torino FC vs. AS Roma: O/U 2.5,O/U 2.5,945985,Torino FC vs. AS Roma - More Markets,sea-tor-rom-2026-09-14-more-markets,Torino FC vs. AS Roma - More Markets,,[],open,binary,0.12,0.14,0.16,0.13,0.87,0.13,0.02,113212.681509,111415.63779600001,,42160.7178,2026-09-01T05:00:47Z,2026-09-14T16:30:00Z,2026-09-14T16:30:00Z,,,,,,,,,2026-09-14T18:09:38+00:00,-41.5,"[""Over"", ""Under""]","[0.13, 0.87]",60974573885572481944885927460355447772411074230811879478356548876953161697584
polymarket,0xe750c46c35544102f0fbd06fdcc1110edb3095008c62b33ff59e859fad7b081f,https://polymarket.com/event/dota2-tm6-ic-2026-09-14/dota2-tm6-ic-2026-09-14-game2,,Dota 2: Two Move vs Inner Circle - Game 2 Winner,Game 2 Winner,1018763,Dota 2: Two Move vs Inner Circle (BO3) - European Pro League Group B,dota2-tm6-ic-2026-09-14,Dota 2: Two Move vs Inner Circle (BO3) - European Pro League Group B,,[],open,binary,0.999,1,0.999,0.9995,0.0005,0.9995,0.001,110765.27223800003,110765.272238,,72371.80717,2026-09-13T19:29:55Z,2026-09-14T21:15:00Z,2026-09-14T21:15:00Z,,,,,,,,,2026-09-14T18:09:38+00:00,,"[""Two Move"", ""Inner Circle""]","[0.9995, 0.0005]",35579535112267334194110037400038153308989593545765982740602900569782323682047
polymarket,0x6bd56627aa21311850825edb27e53434a0e17a4f782be0086bc07f71eee00d0d,https://polymarket.com/event/putin-out-before-2027/putin-out-before-2027-346,,"Putin out as President of Russia by December 31, 2026?","December 31, 2026",31195,Putin out as President of Russia by...?,putin-out-before-2027,Putin out as President of Russia by...?,,[],open,binary,0.06,0.07,0.06,0.065,0.935,0.065,0.01,21243477.076996993,110062.61121300001,,788326.0427,2025-07-06T22:30:10.584Z,2027-01-01T04:59:00Z,2027-01-01T04:59:00Z,,,,,,,,,2026-09-14T18:09:38+00:00,1,"[""Yes"", ""No""]","[0.065, 0.935]",350977769852917329387037893294763093471844346281449484439085576212613048126
polymarket,0x86fa2351e7a9469fd8bcd9a28ad5e300a59c3764747ad1eb7d6248546efbabfd,https://polymarket.com/event/next-prime-minister-of-sweden/will-jimmie-kesson-be-the-next-prime-minister-of-sweden,,Will Jimmie Åkesson be the next Prime Minister of Sweden?,Jimmie Åkesson,166435,Next Prime Minister of Sweden,next-prime-minister-of-sweden,Next Prime Minister of Sweden,,[],open,binary,,0.002,0.001,0.001,0.999,0.001,0.002,1770212.754259,109753.38783300002,,74053.40782,2026-01-19T20:34:36.704449Z,2026-09-13T00:00:00Z,2026-09-13T00:00:00Z,,,,,,,,,2026-09-14T18:09:38+00:00,-0.65,"[""Yes"", ""No""]","[0.001, 0.999]",82283291912489202302595502692326101345632588904573705648995568317366762287152
polymarket,0x452524e48a82b0360a29cfc4adc2b8d541adfd09660525e9535747163945668d,https://polymarket.com/event/lol-big1-koia-2026-09-14/lol-big1-koia-2026-09-14,,LoL: BIG vs ⁠Movistar KOI Fénix (BO5) - World Star Challengers Invitational EMEA Qualifier Playoffs,Match Winner,1020026,LoL: BIG vs ⁠Movistar KOI Fénix (BO5) - World Star Challengers Invitational EMEA Qualifier Playoffs,lol-big1-koia-2026-09-14,LoL: BIG vs ⁠Movistar KOI Fénix (BO5) - World Star Challengers Invitational EMEA Qualifier Playoffs,,[],open,binary,0.65,0.72,0.68,0.685,0.315,0.685,0.07,108595.87123599999,108595.871236,,43555.372,2026-09-13T23:10:28Z,2026-09-14T22:00:00Z,2026-09-14T22:00:00Z,,,,,,,,,2026-09-14T18:09:38+00:00,,"[""BIG"", ""\u2060Movistar KOI F\u00e9nix""]","[0.685, 0.315]",42805711109218504772980818980986996085458655853019771711917719537451403668090
polymarket,0xc61154ce91e38792201b284960f4c2667b2d40529e0966ac5ace6c03f92b70d4,https://polymarket.com/event/sea-com-par-2026-09-14-more-markets/sea-com-par-2026-09-14-total-1pt5,,Como 1907 vs. Parma Calcio 1913: O/U 1.5,O/U 1.5,945984,Como 1907 vs. Parma Calcio 1913 - More Markets,sea-com-par-2026-09-14-more-markets,Como 1907 vs. Parma Calcio 1913 - More Markets,,[],open,binary,0.57,0.58,0.58,0.575,0.425,0.575,0.01,109468.57417099999,108429.332059,,42362.8891,2026-09-01T05:00:42Z,2026-09-14T16:30:00Z,2026-09-14T16:30:00Z,,,,,,,,,2026-09-14T18:09:38+00:00,-23,"[""Over"", ""Under""]","[0.575, 0.425]",30914899115104873482034539796562232451379985541713202276155690573987986614036
polymarket,0xeaf68b7c422718e53f6b7f4d54a9719ab54c1812e5cdd15b10c098ac3800fd60,https://polymarket.com/event/lol-big1-koia-2026-09-14/lol-big1-koia-2026-09-14-game1,,LoL: BIG vs ⁠Movistar KOI Fénix - Game 1 Winner,Game 1 Winner,1020026,LoL: BIG vs ⁠Movistar KOI Fénix (BO5) - World Star Challengers Invitational EMEA Qualifier Playoffs,lol-big1-koia-2026-09-14,LoL: BIG vs ⁠Movistar KOI Fénix (BO5) - World Star Challengers Invitational EMEA Qualifier Playoffs,,[],open,binary,,0.001,0.01,0.0005,0.9995,0.0005,0.001,108426.17013800006,108426.17013799994,,495050.11909,2026-09-13T23:10:22Z,2026-09-14T22:00:00Z,2026-09-14T22:00:00Z,,,,,,,,,2026-09-14T18:09:38+00:00,,"[""BIG"", ""\u2060Movistar KOI F\u00e9nix""]","[0.0005, 0.9995]",79782623538483819646676817860625746106857579739527890753803782996559394798531
polymarket,0x5746c57dd608cab6094cb6f81e64b26e97001d7d34e4a605dee78b384d0dba51,https://polymarket.com/event/iran-oman-hormuz-management-agreement-byptptpt-20260804222725871/iran-oman-hormuz-agreement-by-september-14,,Iran-Oman Hormuz Agreement by September 14?,September 14,798490,Iran-Oman Hormuz Management Agreement by...?,iran-oman-hormuz-management-agreement-byptptpt-20260804222725871,Iran-Oman Hormuz Management Agreement by...?,,[],open,binary,0.003,0.004,0.004,0.0035,0.9965,0.0035,0.001,402997.4075920009,107524.48174500001,,57733.7527,2026-08-28T19:06:34.078784Z,2026-09-14T23:59:00Z,2026-09-14T23:59:00Z,,,,,,,,,2026-09-14T18:09:38+00:00,-33.15,"[""Yes"", ""No""]","[0.0035, 0.9965]",61119240220301200842831219804483220361803493876651835594137951492591514533
kalshi,KXUCL-27-COM,https://kalshi.com/markets/kxucl/uefa-champions-league,https://kalshi.com/markets/kxucl/uefa-champions-league/kxucl-27,Will Como win the Champions League?,Como,KXUCL-27,Champions League Winner,KXUCL,UEFA Champions League,Sports,"[""Soccer""]",open,binary,0.01,0.02,0.02,0.015,0.985,0.015,0.01,200742.79,106890.39,200442.78,0,2026-06-03T23:20:00Z,2027-06-19T21:00:00Z,2027-06-19T21:00:00Z,,,,structured,,,,True,2026-09-14T18:10:36+00:00,,,,
polymarket,0x502a94e5c525766d5ee7f16c6568131ba1b2cbadb69c703af05a6ef00336ed64,https://polymarket.com/event/which-party-will-gain-most-seats-in-russian-parliamentary-election/will-united-russia-er-gain-the-most-seats-in-the-next-russian-parliamentary-election,,Will United Russia (ER) gain the most seats in the next Russian parliamentary election?,United Russia (ER),149589,Which party will gain most seats in Russian Parliamentary Election?,which-party-will-gain-most-seats-in-russian-parliamentary-election,Which party will gain most seats in Russian Parliamentary Election?,,[],open,binary,0.78,0.79,0.78,0.785,0.215,0.785,0.01,10018964.678316996,106683.84232299999,,329388.4388,2026-01-07T21:34:52.537984Z,2026-09-30T00:00:00Z,2026-09-30T00:00:00Z,,,,,,,,,2026-09-14T18:09:38+00:00,-1,"[""Yes"", ""No""]","[0.785, 0.215]",20915769520649892253891152116814645067070024223185517956799957803974344024878
polymarket,0x095719fd4394354019396324cfad9030626ba43579fd0c8024a5355e5fdb7a4b,https://polymarket.com/event/bitcoin-above-on-september-15-2026/bitcoin-above-68k-on-september-15-2026,,"Will the price of Bitcoin be above $68,000 on September 15?","68,000",988776,Bitcoin above ___ on September 15?,bitcoin-above-on-september-15-2026,Bitcoin above ___ on September 15?,,[],open,binary,0.995,0.999,0.998,0.997,0.003,0.997,0.004,109390.50438,106584.392672,,50665.04831,2026-09-08T16:00:33Z,2026-09-15T16:00:00Z,2026-09-15T16:00:00Z,,,,,,,,,2026-09-14T18:09:38+00:00,0.3,"[""Yes"", ""No""]","[0.997, 0.003]",68309451775456649638749453548379280279242910126453016181731842824091215466381
polymarket,0xdd6df6bc49de64cf38b2059cea20d00b86ef0c01b4c146e8930471d20f599cef,https://polymarket.com/event/pro-football-2027-champion-20260729185915366/will-the-jacksonville-jaguars-win-the-2027-nfl-league-championship,,Will the Jacksonville Jaguars win the 2027 NFL league championship?,Jacksonville Jaguars,202857,Pro Football: 2027 Champion,pro-football-2027-champion-20260729185915366,Pro Football: 2027 Champion,,[],open,binary,0.033,0.034,0.034,0.0335,0.9665,0.0335,0.001,1617749.5100289998,105624.76698999997,,158767.73923,2026-02-09T00:43:14.221Z,2027-03-31T23:55:00Z,2027-03-31T23:55:00Z,,,,,,,,,2026-09-14T18:09:38+00:00,0.6,"[""Yes"", ""No""]","[0.0335, 0.9665]",974996339434137274969205706934098681831948949675083560493538609289838899860
polymarket,0xd119f113ef3dae27db4c06524b8fb2c27bfa09fe865f63cd275343ca99056d97,https://polymarket.com/event/acle-shm-itj-2026-09-14/acle-shm-itj-2026-09-14-itj,,Will Al-Ittihad Club win on 2026-09-14?,Al-Ittihad Club,1010572,Al-Shamal vs. Al-Ittihad Club,acle-shm-itj-2026-09-14,Al-Shamal vs. Al-Ittihad Club,,[],open,binary,,0.001,0.02,0.0005,0.9995,0.0005,0.001,105587.62315099995,105564.88853199998,,149370.65615,2026-09-12T13:16:13Z,2026-09-14T16:00:00Z,2026-09-14T16:00:00Z,,,,,,,,,2026-09-14T18:09:38+00:00,-54.95,"[""Yes"", ""No""]","[0.0005, 0.9995]",99983008852396404223610339390295169177010790844734784800678322983571300876673
kalshi,KXOSCARPIC-27-DIG,https://kalshi.com/markets/kxoscarpic/oscar-for-best-picture,https://kalshi.com/markets/kxoscarpic/oscar-for-best-picture/kxoscarpic-27,Will Digger win Best Picture at the Oscars?,Digger,KXOSCARPIC-27,Oscar Winner: Best Picture,KXOSCARPIC,Oscar for Best Picture,Entertainment,"[""Oscars"", ""Awards""]",open,binary,0.1,0.11,0.11,0.105,0.895,0.105,0.01,318037.34,104532.97,238833.67,0,2026-03-20T14:00:00Z,2027-12-31T15:00:00Z,2027-12-31T15:00:00Z,,,,custom,,,,True,2026-09-14T18:10:50+00:00,,,,
kalshi,KXSERIEATOTAL-26SEP14TORROM-2,https://kalshi.com/markets/kxserieatotal/serie-a-total,https://kalshi.com/markets/kxserieatotal/serie-a-total/kxserieatotal-26sep14torrom,Will over 1.5 goals be scored?,Over 1.5 goals scored,KXSERIEATOTAL-26SEP14TORROM,Torino vs Roma: Total Goals,KXSERIEATOTAL,Serie A Total,Sports,"[""Soccer""]",open,binary,0.39,0.4,0.4,0.395,0.605,0.395,0.01,123590.01,102456.01,89496.59,0,2026-09-07T17:06:00Z,2026-09-16T22:30:00Z,2026-09-16T22:30:00Z,,,,greater,1.5,,,True,2026-09-14T18:10:00+00:00,,,,
polymarket,0xc771628162ee0100dc74e1c71c14ed067c3cc0f90e85e9f2c1038a33967c52a5,https://polymarket.com/event/pro-football-2027-champion-20260729185915366/will-the-las-vegas-raiders-win-the-2027-nfl-league-championship,,Will the Las Vegas Raiders win the 2027 NFL league championship?,Las Vegas Raiders,202857,Pro Football: 2027 Champion,pro-football-2027-champion-20260729185915366,Pro Football: 2027 Champion,,[],open,binary,0.007,0.009,0.009,0.008,0.992,0.008,0.002,1689123.4171819994,101714.013869,,164707.33227,2026-02-09T00:43:26.218Z,2027-03-31T23:55:00Z,2027-03-31T23:55:00Z,,,,,,,,,2026-09-14T18:09:38+00:00,0.45,"[""Yes"", ""No""]","[0.008, 0.992]",59226162751411958698158426899722532714096625688096542121038780675009172335910
kalshi,KXNFL1Q-26SEP14DENKC-TIE,https://kalshi.com/markets/kxnfl1q/pro-football-1st-quarter-winner,https://kalshi.com/markets/kxnfl1q/pro-football-1st-quarter-winner/kxnfl1q-26sep14denkc,Will neither team win the 1st Quarter?,Tie 1st Quarter,KXNFL1Q-26SEP14DENKC,DEN Broncos vs KC Chiefs: 1st Quarter Winner,KXNFL1Q,Pro Football 1st Quarter Winner,Sports,"[""Football""]",open,binary,0.21,0.23,0.23,0.22,0.78,0.22,0.02,102883.81,101071.76,101978.81,0,2026-09-02T18:39:00Z,2026-09-17T00:15:00Z,2026-09-17T00:15:00Z,,,,structured,,,,True,2026-09-14T18:10:04+00:00,,,,
polymarket,0xcfbc2e5fbabb9e8a03bf234367244d4c97eaaf3ac33e2ba001541ee3e0e62416,https://polymarket.com/event/israel-closes-its-airspace-by/israel-closes-its-airspace-by-september-30,,Israel closes its airspace by September 30?,September 30,449163,Israel closes its airspace by...?,israel-closes-its-airspace-by,Israel closes its airspace by...?,,[],open,binary,0.965,0.97,0.975,0.9675,0.0325,0.9675,0.005,2997163.533145001,100770.72074100003,,124785.91649,2026-08-18T16:27:12.036146Z,2026-10-01T03:59:00Z,2026-10-01T03:59:00Z,,,,,,,,,2026-09-14T18:09:38+00:00,0.15,"[""Yes"", ""No""]","[0.9675, 0.0325]",101040420236481079077393026772174192261262803877417817462744147440746788606483
polymarket,0x3265b10daeb30dbcc3214bd02e488551d0a5d3028392f4152e4750b943fbfc91,https://polymarket.com/event/democratic-presidential-nominee-2028/will-tim-walz-win-the-2028-democratic-presidential-nomination-475,,Will Tim Walz win the 2028 Democratic presidential nomination?,Tim Walz,30829,Democratic Presidential Nominee 2028,democratic-presidential-nominee-2028,Democratic Presidential Nominee 2028,,[],open,binary,,0.001,0.001,0.0005,0.9995,0.0005,0.001,43452092.97342803,100284.44,,2806866.8968,2025-07-11T18:36:13.472Z,2028-11-07T00:00:00Z,2028-11-07T00:00:00Z,,,,,,,,,2026-09-14T18:09:38+00:00,,"[""Yes"", ""No""]","[0.0005, 0.9995]",104464678880204778606895232389511543522030897731392516718349574106843434770446
kalshi,KXSB-27-GB,https://kalshi.com/markets/kxsb/super-bowl,https://kalshi.com/markets/kxsb/super-bowl/kxsb-27,Will Green Bay win the 2027 Pro Football Championship?,Green Bay,KXSB-27,2027 Pro Football Champion,KXSB,Super Bowl,Sports,"[""Football""]",open,binary,0.03,0.04,0.03,0.035,0.965,0.035,0.01,2711843.59,100003.01,2245863.57,0,2026-02-08T20:00:00Z,2029-02-13T23:30:00Z,2029-02-13T23:30:00Z,,,,structured,,,,True,2026-09-14T18:10:52+00:00,,,,
kalshi,KXNFLTOTAL-26SEP14DENKC-45,https://kalshi.com/markets/kxnfltotal/pro-football-total-points,https://kalshi.com/markets/kxnfltotal/pro-football-total-points/kxnfltotal-26sep14denkc,Will there be over 44.5 points scored?,Over 44.5 points scored,KXNFLTOTAL-26SEP14DENKC,Denver vs Kansas City: Total Points,KXNFLTOTAL,Pro Football Total Points,Sports,"[""Football""]",open,binary,0.44,0.45,0.44,0.445,0.555,0.445,0.01,104062.7,99412.24,102825.93,0,2026-08-03T23:13:00Z,2026-09-17T00:15:00Z,2026-09-17T00:15:00Z,,,,greater,44.5,,,True,2026-09-14T18:10:23+00:00,,,,
polymarket,0xed75a3b173cd8d0a5b3946d6e13c0c8b90429bfb65e7d55c8bbea0f5e6856f4e,https://polymarket.com/event/epl-2027-champion-20260701200428749/will-brighton-win-the-2026-27-english-premier-league-epl-championship-20260701200428754,,Will Brighton win the 2026-27 English Premier League (EPL) Championship?,Brighton,659518,EPL: 2027 Champion,epl-2027-champion-20260701200428749,EPL: 2027 Champion,,[],open,binary,0.006,0.008,0.005,0.007,0.993,0.007,0.002,793053.5184610003,99361.63,,503729.13057,2026-07-02T18:13:54.127864Z,2027-05-30T23:59:00Z,2027-05-30T23:59:00Z,,,,,,,,,2026-09-14T18:09:38+00:00,0.25,"[""Yes"", ""No""]","[0.007, 0.993]",9221383556608449303835174806846320148935846556873035382860978740383478459961
kalshi,KXBTCD-26SEP1417-T77999.99,https://kalshi.com/markets/kxbtcd/bitcoin-price-above-below,https://kalshi.com/markets/kxbtcd/bitcoin-price-above-below/kxbtcd-26sep1417,"Bitcoin price on Sep 14, 2026?","$78,000 or above",KXBTCD-26SEP1417,"BTC price on Sep 14, 2026 at 5pm EDT?",KXBTCD,Bitcoin price Above/below,Crypto,"[""Hourly"", ""BTC""]",open,binary,0.96,0.97,0.96,0.965,0.035,0.965,0.01,99135.15,98962.17,31392.27,0,2026-09-13T20:00:00Z,2026-09-14T21:00:00Z,2026-09-21T21:00:00Z,,,,greater,77999.99,,BRTI,True,2026-09-14T18:09:42+00:00,,,,
kalshi,FEDHIKE-26DEC31,https://kalshi.com/markets/fedhike/next-fed-rate-hike,https://kalshi.com/markets/fedhike/next-fed-rate-hike/fedhike,"Will the Federal Reserve hike rates by December 31, 2026?",Before 2027,FEDHIKE,Next Fed rate hike?,FEDHIKE,Next Fed rate hike,Economics,"[""Interest rates""]",open,binary,0.9,0.91,0.91,0.905,0.095,0.905,0.01,4116599.71,98464.4,1219623.54,0,2025-03-19T23:30:00Z,2027-01-01T04:59:00Z,2027-01-01T15:00:00Z,,,,,,,,True,2026-09-14T18:10:59+00:00,,,,
kalshi,KXBTCD-26SEP1417-T76749.99,https://kalshi.com/markets/kxbtcd/bitcoin-price-above-below,https://kalshi.com/markets/kxbtcd/bitcoin-price-above-below/kxbtcd-26sep1417,"Bitcoin price on Sep 14, 2026?","$76,750 or above",KXBTCD-26SEP1417,"BTC price on Sep 14, 2026 at 5pm EDT?",KXBTCD,Bitcoin price Above/below,Crypto,"[""Hourly"", ""BTC""]",open,binary,0.98,0.99,0.99,0.985,0.015,0.985,0.01,98353.28,98353.28,66846.01,0,2026-09-13T20:00:00Z,2026-09-14T21:00:00Z,2026-09-21T21:00:00Z,,,,greater,76749.99,,BRTI,True,2026-09-14T18:09:42+00:00,,,,
kalshi,KXBTCD-26SEP1417-T77249.99,https://kalshi.com/markets/kxbtcd/bitcoin-price-above-below,https://kalshi.com/markets/kxbtcd/bitcoin-price-above-below/kxbtcd-26sep1417,"Bitcoin price on Sep 14, 2026?","$77,250 or above",KXBTCD-26SEP1417,"BTC price on Sep 14, 2026 at 5pm EDT?",KXBTCD,Bitcoin price Above/below,Crypto,"[""Hourly"", ""BTC""]",open,binary,0.99,1,0.99,0.995,0.005,0.995,0.01,98020.57,97544.57,44255.87,0,2026-09-13T20:00:00Z,2026-09-14T21:00:00Z,2026-09-21T21:00:00Z,,,,greater,77249.99,,BRTI,True,2026-09-14T18:09:42+00:00,,,,
polymarket,0xdf9bf27ee5757c55b44b8b9826ddc9ec3a8809aa3278634c45edbb7fc8f1a3e3,https://polymarket.com/event/fed-decision-in-october-20260617190323537/will-there-be-no-change-in-fed-interest-rates-after-the-october-2026-meeting-20260617190324031,,Will there be no change in Fed interest rates after the October 2026 meeting?,No change,606422,Fed Decision in October?,fed-decision-in-october-20260617190323537,Fed Decision in October?,,[],open,binary,0.61,0.62,0.62,0.615,0.385,0.615,0.01,402490.1432090002,96631.991685,,171965.6767,2026-06-18T00:02:51.727205Z,2026-10-28T23:59:00Z,2026-10-28T23:59:00Z,,,,,,,,,2026-09-14T18:09:38+00:00,,"[""Yes"", ""No""]","[0.615, 0.385]",111061902544814266207267295505639408607400625795891618462682726460921782993748
polymarket,0x39272d42f01e6cdb493a857022fb8ddf708d91709eb928649868cda8a9ccf5c9,https://polymarket.com/event/next-prime-minister-of-sweden/will-elisabeth-thand-ringqvist-be-the-next-prime-minister-of-sweden,,Will Elisabeth Thand Ringqvist be the next Prime Minister of Sweden?,Elisabeth Thand Ringqvist,166435,Next Prime Minister of Sweden,next-prime-minister-of-sweden,Next Prime Minister of Sweden,,[],open,binary,0.001,0.002,0.001,0.0015,0.9985,0.0015,0.001,343982.12502999994,96508.095002,,75541.84094,2026-01-19T20:34:44.904Z,2026-09-13T00:00:00Z,2026-09-13T00:00:00Z,,,,,,,,,2026-09-14T18:09:38+00:00,0.1,"[""Yes"", ""No""]","[0.0015, 0.9985]",98060061097780651807171860879548727196866666811981420650799429376583531532134
polymarket,0x962e5b226a77266ab429029ee04665e8fcfeb10b91af593786ceab871d2e945f,https://polymarket.com/event/nobel-peace-prize-winner-2026-139/will-donald-trump-win-the-nobel-peace-prize-in-2026-382,,Will Donald Trump win the Nobel Peace Prize in 2026?,Donald Trump,60182,Nobel Peace Prize Winner 2026,nobel-peace-prize-winner-2026-139,Nobel Peace Prize Winner 2026,,[],open,binary,0.023,0.026,0.023,0.0245,0.9755,0.0245,0.003,4651196.664694001,95962.45335400003,,274586.58518,2025-10-16T22:30:32.369842Z,2026-10-10T00:00:00Z,2026-10-10T00:00:00Z,,,,,,,,,2026-09-14T18:09:38+00:00,0.15,"[""Yes"", ""No""]","[0.0245, 0.9755]",96308556109755835434254900303426519652053230974356832970824534225192181988516
kalshi,KXSB-27-DET,https://kalshi.com/markets/kxsb/super-bowl,https://kalshi.com/markets/kxsb/super-bowl/kxsb-27,Will Detroit win the 2027 Pro Football Championship?,Detroit,KXSB-27,2027 Pro Football Champion,KXSB,Super Bowl,Sports,"[""Football""]",open,binary,0.03,0.04,0.04,0.035,0.965,0.035,0.01,2716960.31,94406.38,2356358.71,0,2026-02-08T20:00:00Z,2029-02-13T23:30:00Z,2029-02-13T23:30:00Z,,,,structured,,,,True,2026-09-14T18:10:52+00:00,,,,
kalshi,KXLALIGAGAME-26SEP16BARSAN-BAR,https://kalshi.com/markets/kxlaligagame/la-liga-game,https://kalshi.com/markets/kxlaligagame/la-liga-game/kxlaligagame-26sep16barsan,Barcelona wins,Barcelona,KXLALIGAGAME-26SEP16BARSAN,Barcelona vs Santander,KXLALIGAGAME,La Liga Game,Sports,"[""Soccer""]",open,binary,0.93,0.94,0.94,0.935,0.065,0.935,0.01,264435.67,93912.74,226635.03,0,2026-09-02T00:37:00Z,2026-09-19T01:30:00Z,2026-09-19T01:30:00Z,,,,structured,,,,True,2026-09-14T18:10:05+00:00,,,,
kalshi,KXNFLTD-26SEP14DENKC-KCPMAHOMES15-1,https://kalshi.com/markets/kxnfltd/pro-football-touchdowns,https://kalshi.com/markets/kxnfltd/pro-football-touchdowns/kxnfltd-26sep14denkc,Patrick Mahomes: 1+ touchdowns,Patrick Mahomes: 1+,KXNFLTD-26SEP14DENKC,Denver vs Kansas City: Touchdowns,KXNFLTD,Pro Football Touchdowns,Sports,"[""Football""]",open,binary,0.11,0.12,0.12,0.115,0.885,0.115,0.01,96957.54,93637.75,93286.09,0,2026-09-10T23:27:00Z,2026-09-17T00:15:00Z,2026-09-17T00:15:00Z,,,,greater,0.5,,,True,2026-09-14T18:09:48+00:00,,,,
kalshi,KXNFLTD-26SEP14DENKC-KCKWALKER9-1,https://kalshi.com/markets/kxnfltd/pro-football-touchdowns,https://kalshi.com/markets/kxnfltd/pro-football-touchdowns/kxnfltd-26sep14denkc,Kenneth Walker III: 1+ touchdowns,Kenneth Walker III: 1+,KXNFLTD-26SEP14DENKC,Denver vs Kansas City: Touchdowns,KXNFLTD,Pro Football Touchdowns,Sports,"[""Football""]",open,binary,0.5,0.51,0.51,0.505,0.495,0.505,0.01,94679.76,92504.91,93818.93,0,2026-09-04T21:04:00Z,2026-09-17T00:15:00Z,2026-09-17T00:15:00Z,,,,greater,0.5,,,True,2026-09-14T18:10:01+00:00,,,,
polymarket,0x36fd215387f80bb2ff1c059436f52394a5accababc77dea98d4ba3b6770c884e,https://polymarket.com/event/us-x-iran-effective-ceasefire-begins-byptptpt-2-week-pause/us-x-iran-effective-ceasefire-by-september-11,,US x Iran Effective Ceasefire by September 11?,September 11,950983,US x Iran Effective Ceasefire begins by...? (2 week pause),us-x-iran-effective-ceasefire-begins-byptptpt-2-week-pause,US x Iran Effective Ceasefire begins by...? (2 week pause),,[],open,binary,0.95,0.951,0.949,0.9505,0.0495,0.9505,0.001,226039.01206900002,91983.35563000002,,89067.77838,2026-09-02T00:24:22Z,2026-09-11T23:59:00Z,2026-09-11T23:59:00Z,,,,,,,,,2026-09-14T18:09:38+00:00,8.55,"[""Yes"", ""No""]","[0.9505, 0.0495]",105964405201093262772405016621866393230668268590147803590929677280620246045766
polymarket,0xce610556ec78cfd7894f4169d91fe70e31c2fb49f927fffd7fe7d06530f88d56,https://polymarket.com/event/next-french-presidential-election/will-david-lisnard-win-the-2027-french-presidential-election,,Will David Lisnard win the 2027 French presidential election?,David Lisnard,79987,Next French Presidential Election,next-french-presidential-election,Next French Presidential Election,,[],open,binary,0.072,0.074,0.074,0.073,0.927,0.073,0.002,2238794.478692,91573.43869099999,,151437.73581,2025-11-13T23:09:38.723116Z,2027-04-30T00:00:00Z,2027-04-30T00:00:00Z,,,,,,,,,2026-09-14T18:09:38+00:00,-1.05,"[""Yes"", ""No""]","[0.073, 0.927]",55404192439775628931124671719520886657525387168536821457706619003199189099864
kalshi,KXMLB-26-MIL,https://kalshi.com/markets/kxmlb/world-series,https://kalshi.com/markets/kxmlb/world-series/kxmlb-26,Will Milwaukee win the 2026 Pro Baseball Championship?,Milwaukee,KXMLB-26,Pro Baseball Champion,KXMLB,World Series,Sports,"[""Baseball""]",open,binary,0.163,0.169,0.169,0.166,0.834,0.166,0.006,4044549.65,91369.33,2629724.9,0,2025-12-17T15:00:00Z,2028-10-31T04:00:00Z,2028-10-31T04:00:00Z,,,,structured,,,,True,2026-09-14T18:10:55+00:00,,,,
kalshi,CONTROLH-2026-R,https://kalshi.com/markets/controlh/house-winner,https://kalshi.com/markets/controlh/house-winner/controlh-2026,Will Republicans win the House in 2026?,Republican Party,CONTROLH-2026,Which party will win the U.S. House?,CONTROLH,House winner,Elections,"[""US Elections""]",open,binary,0.14,0.15,0.14,0.145,0.855,0.145,0.01,19351642.96,91328.59,12485239.66,0,2024-11-06T15:00:00Z,2027-02-01T15:00:00Z,2027-02-01T15:00:00Z,,,,structured,,,,True,2026-09-14T18:10:59+00:00,,,,
kalshi,KXMLBGAME-26SEP142040SDCOL-COL,https://kalshi.com/markets/kxmlbgame/professional-baseball-game,https://kalshi.com/markets/kxmlbgame/professional-baseball-game/kxmlbgame-26sep142040sdcol,Colorado wins,Colorado,KXMLBGAME-26SEP142040SDCOL,San Diego vs Colorado,KXMLBGAME,Professional Baseball Game,Sports,"[""Baseball""]",open,binary,0.34,0.35,0.35,0.345,0.655,0.345,0.01,89054.34,88656.04,60638.23,0,2026-09-12T00:55:00Z,2026-09-18T00:40:00Z,2026-09-18T00:40:00Z,,,,structured,,,,True,2026-09-14T18:09:43+00:00,,,,
kalshi,KXPRESPERSON-28-TGAB,https://kalshi.com/markets/kxpresperson/pres-person,https://kalshi.com/markets/kxpresperson/pres-person/kxpresperson-28,Who will win the next presidential election?,Tulsi Gabbard,KXPRESPERSON-28,2028 U.S. Presidential Election winner?,KXPRESPERSON,Pres person,Elections,"[""2028"", ""US Elections""]",open,binary,0.004,0.006,0.007,0.005,0.995,0.005,0.002,2000797,88199.37,1687417.73,0,2025-05-10T14:00:00Z,2029-11-07T15:00:00Z,2029-11-07T15:00:00Z,,,,custom,,,,True,2026-09-14T18:10:58+00:00,,,,
kalshi,KXSB-27-MIN,https://kalshi.com/markets/kxsb/super-bowl,https://kalshi.com/markets/kxsb/super-bowl/kxsb-27,Will Minnesota win the 2027 Pro Football Championship?,Minnesota,KXSB-27,2027 Pro Football Champion,KXSB,Super Bowl,Sports,"[""Football""]",open,binary,0.02,0.03,0.03,0.025,0.975,0.025,0.01,4373048.92,88032.21,3562350.86,0,2026-02-08T20:00:00Z,2029-02-13T23:30:00Z,2029-02-13T23:30:00Z,,,,structured,,,,True,2026-09-14T18:10:52+00:00,,,,
kalshi,KXNFLSPREAD-26SEP14DENKC-KC4,https://kalshi.com/markets/kxnflspread/pro-football-spread,https://kalshi.com/markets/kxnflspread/pro-football-spread/kxnflspread-26sep14denkc,Kansas City wins by over 3.5 points?,Kansas City wins by over 3.5 points,KXNFLSPREAD-26SEP14DENKC,Denver vs Kansas City: Spread,KXNFLSPREAD,Pro Football Spread,Sports,"[""Football""]",open,binary,0.39,0.4,0.4,0.395,0.605,0.395,0.01,110197.63,87950.67,106278.35,0,2026-08-03T23:13:00Z,2026-09-17T00:15:00Z,2026-09-17T00:15:00Z,,,,greater,3.5,,,True,2026-09-14T18:10:23+00:00,,,,
kalshi,KXMLBTOTAL-26SEP141840LADCIN-9,https://kalshi.com/markets/kxmlbtotal/pro-baseball-total-points,https://kalshi.com/markets/kxmlbtotal/pro-baseball-total-points/kxmlbtotal-26sep141840ladcin,Over 8.5 runs scored,Over 8.5 runs scored,KXMLBTOTAL-26SEP141840LADCIN,Los Angeles D vs Cincinnati: Total Runs,KXMLBTOTAL,Pro Baseball Total Points,Sports,"[""Baseball""]",open,binary,0.42,0.43,0.42,0.425,0.575,0.425,0.01,88155.62,87667.62,68278.47,0,2026-09-13T20:00:00Z,2026-09-17T22:40:00Z,2026-09-17T22:40:00Z,,,,greater,8.5,,,True,2026-09-14T18:09:40+00:00,,,,
kalshi,KXSB-27-NYJ,https://kalshi.com/markets/kxsb/super-bowl,https://kalshi.com/markets/kxsb/super-bowl/kxsb-27,Will New York J win the 2027 Pro Football Championship?,New York J,KXSB-27,2027 Pro Football Champion,KXSB,Super Bowl,Sports,"[""Football""]",open,binary,0,0.01,0.01,0.005,0.995,0.005,0.01,564448.89,86794.36,564445.89,0,2026-02-08T20:00:00Z,2029-02-13T23:30:00Z,2029-02-13T23:30:00Z,,,,structured,,,,True,2026-09-14T18:10:52+00:00,,,,
kalshi,KXNCAAF-27-ALA,https://kalshi.com/markets/kxncaaf/ncaaf-championship,https://kalshi.com/markets/kxncaaf/ncaaf-championship/kxncaaf-27,Will Alabama win the College Football Playoff National Championship?,Alabama,KXNCAAF-27,College Football National Championship Winner,KXNCAAF,NCAAF Championship,Sports,"[""Football""]",open,binary,0.02,0.03,0.03,0.025,0.975,0.025,0.01,1469552.34,86681.91,1198559.08,0,2026-01-21T22:00:00Z,2027-02-23T04:00:00Z,2027-02-23T04:00:00Z,,,,structured,,,,True,2026-09-14T18:10:54+00:00,,,,
kalshi,KXNFLMATCHUP-27SB-BALCHI,https://kalshi.com/markets/kxnflmatchup/pro-football-matchups,https://kalshi.com/markets/kxnflmatchup/pro-football-matchups/kxnflmatchup-27sb,2026-27 Championship Game Matchup: Baltimore vs Chicago,Baltimore vs Chicago,KXNFLMATCHUP-27SB,Pro Football Championship Game Matchup,KXNFLMATCHUP,Pro Football Matchups,Sports,"[""Football""]",open,binary,0,0.05,0.01,0.025,0.975,0.025,0.05,88001,86565.22,88001,0,2026-07-21T19:00:00Z,2027-02-21T23:30:00Z,2027-02-21T23:30:00Z,,,,custom,,,,True,2026-09-14T18:10:28+00:00,,,,
polymarket,0xa08a5ce99e14ce0b22767af6f16c08a2ab012249444c20887193a9a3e98e11fc,https://polymarket.com/event/strait-of-hormuz-traffic-returns-to-normal-by-september-30-20260702154339440/strait-of-hormuz-traffic-returns-to-normal-by-september-30-20260702154339440,,Strait of Hormuz traffic returns to normal by September 30?,,660109,Strait of Hormuz traffic returns to normal by September 30?,strait-of-hormuz-traffic-returns-to-normal-by-september-30-20260702154339440,Strait of Hormuz traffic returns to normal by September 30?,,[],open,binary,0.011,0.013,0.011,0.012,0.988,0.012,0.002,8550464.548726998,86516.957628,,276618.45627,2026-07-02T21:49:47.480763Z,2026-09-30T00:00:00Z,2026-09-30T00:00:00Z,,,,,,,,,2026-09-14T18:09:38+00:00,-1.05,"[""Yes"", ""No""]","[0.012, 0.988]",23545193122217391289335133742859160842475987880562465754342378273033942179195
kalshi,KXATPCHALLENGERMATCH-26SEP14STAPAS-STA,https://kalshi.com/markets/kxatpchallengermatch/challenger-atp,https://kalshi.com/markets/kxatpchallengermatch/challenger-atp/kxatpchallengermatch-26sep14stapas,Luca Staeheli wins,Luca Staeheli,KXATPCHALLENGERMATCH-26SEP14STAPAS,Staeheli vs Pascual Ferra,KXATPCHALLENGERMATCH,Challenger ATP ,Sports,"[""Tennis""]",open,binary,0.13,0.14,0.13,0.135,0.865,0.135,0.01,122350.39,85688.49,99181.52,0,2026-09-14T05:10:00Z,2026-09-28T17:00:00Z,2026-09-28T17:00:00Z,,,,structured,,,,True,2026-09-14T18:09:39+00:00,,,,
kalshi,KXLALIGAGAME-26SEP13VILRBB-VIL,https://kalshi.com/markets/kxlaligagame/la-liga-game,https://kalshi.com/markets/kxlaligagame/la-liga-game/kxlaligagame-26sep13vilrbb,Villarreal wins,Villarreal,KXLALIGAGAME-26SEP13VILRBB,Villarreal vs Real Betis,KXLALIGAGAME,La Liga Game,Sports,"[""Soccer""]",open,binary,0.48,0.49,0.49,0.485,0.515,0.485,0.01,95044.54,85611.94,77654.85,0,2026-08-30T00:48:00Z,2026-09-16T01:00:00Z,2026-09-16T01:00:00Z,,,,structured,,,,True,2026-09-14T18:10:09+00:00,,,,
kalshi,KXMLB-26-SD,https://kalshi.com/markets/kxmlb/world-series,https://kalshi.com/markets/kxmlb/world-series/kxmlb-26,Will San Diego win the 2026 Pro Baseball Championship?,San Diego,KXMLB-26,Pro Baseball Champion,KXMLB,World Series,Sports,"[""Baseball""]",open,binary,0.035,0.036,0.035,0.0355,0.9645,0.0355,0.001,2890112.68,85385.99,2190418.07,0,2025-12-17T15:00:00Z,2028-10-31T04:00:00Z,2028-10-31T04:00:00Z,,,,structured,,,,True,2026-09-14T18:10:55+00:00,,,,
kalshi,KXBTCD-26SEP1417-T77499.99,https://kalshi.com/markets/kxbtcd/bitcoin-price-above-below,https://kalshi.com/markets/kxbtcd/bitcoin-price-above-below/kxbtcd-26sep1417,"Bitcoin price on Sep 14, 2026?","$77,500 or above",KXBTCD-26SEP1417,"BTC price on Sep 14, 2026 at 5pm EDT?",KXBTCD,Bitcoin price Above/below,Crypto,"[""Hourly"", ""BTC""]",open,binary,0.97,0.98,0.97,0.975,0.025,0.975,0.01,85204.19,85195.38,33308.92,0,2026-09-13T20:00:00Z,2026-09-14T21:00:00Z,2026-09-21T21:00:00Z,,,,greater,77499.99,,BRTI,True,2026-09-14T18:09:42+00:00,,,,
kalshi,KXINXU-26SEP14H1600-T7599.9999,https://kalshi.com/markets/kxinxu/s-p-500-above-below,https://kalshi.com/markets/kxinxu/s-p-500-above-below/kxinxu-26sep14h1600,"Will the S&P 500 be above 7599.9999 on Sep 14, 2026 at 4pm EDT?","7,600 or above",KXINXU-26SEP14H1600,"S&P price on Sep 14, 2026 at 4pm EDT?",KXINXU,S&P 500 above/below,Financials,"[""Markets"", ""Indices""]",open,binary,0.98,1,0.99,0.99,0.01,0.99,0.02,85152.4,85125.4,69720.02,0,2026-09-11T20:00:00Z,2026-09-14T20:00:00Z,2026-09-21T23:00:00Z,,,,greater_or_equal,7600,,,True,2026-09-14T18:09:46+00:00,,,,
polymarket,0x4c6723310f1922b1999bd29cb5c07cd8ad59bb3a061bfe14f30bb67e7b09a07d,https://polymarket.com/event/lol-exe-esb-2026-09-14/lol-exe-esb-2026-09-14-game2,,LoL: EXILE esports vs eSuba - Game 2 Winner,Game 2 Winner,999141,LoL: EXILE esports vs eSuba (BO5) - Hitpoint Masters Playoffs,lol-exe-esb-2026-09-14,LoL: EXILE esports vs eSuba (BO5) - Hitpoint Masters Playoffs,,[],open,binary,0.999,1,0.999,0.9995,0.0005,0.9995,0.001,84913.320607,84810.39105700003,,135227.36967,2026-09-10T13:20:54Z,2026-09-14T20:30:00Z,2026-09-14T20:30:00Z,,,,,,,,,2026-09-14T18:09:38+00:00,50.95,"[""EXILE esports"", ""eSuba""]","[0.9995, 0.0005]",113405988594741650025622370022066519945052645407073703535596989047374023646109
kalshi,KXSERIEAGAME-26SEP14INTUDI-UDI,https://kalshi.com/markets/kxserieagame/serie-a-game,https://kalshi.com/markets/kxserieagame/serie-a-game/kxserieagame-26sep14intudi,Udinese wins,Udinese,KXSERIEAGAME-26SEP14INTUDI,Inter vs Udinese,KXSERIEAGAME,Serie A Game,Sports,"[""Soccer""]",open,binary,0.06,0.07,0.07,0.065,0.935,0.065,0.01,93466.28,83949.55,71973.22,0,2026-08-31T00:41:00Z,2026-09-17T00:45:00Z,2026-09-17T00:45:00Z,,,,structured,,,,True,2026-09-14T18:10:09+00:00,,,,
polymarket,0x663b88d3a8f2341bb8d878709dc78632bcaf7512e577bd15521e5d8ed933efbc,https://polymarket.com/event/democratic-presidential-nominee-2028/will-hillary-clinton-win-the-2028-democratic-presidential-nomination,,Will Hillary Clinton win the 2028 Democratic presidential nomination?,Hillary Clinton,30829,Democratic Presidential Nominee 2028,democratic-presidential-nominee-2028,Democratic Presidential Nominee 2028,,[],open,binary,0.001,0.002,0.001,0.0015,0.9985,0.0015,0.001,43905720.04247003,83728.002,,2827251.28027,2025-07-11T18:36:22.165Z,2028-11-07T00:00:00Z,2028-11-07T00:00:00Z,,,,,,,,,2026-09-14T18:09:38+00:00,0.1,"[""Yes"", ""No""]","[0.0015, 0.9985]",6349038249650226718426900942104344803413105653564595362433352811865798195800
kalshi,KXMLBTOTAL-26SEP141907DETTOR-9,https://kalshi.com/markets/kxmlbtotal/pro-baseball-total-points,https://kalshi.com/markets/kxmlbtotal/pro-baseball-total-points/kxmlbtotal-26sep141907dettor,Over 8.5 runs scored,Over 8.5 runs scored,KXMLBTOTAL-26SEP141907DETTOR,Detroit vs Toronto: Total Runs,KXMLBTOTAL,Pro Baseball Total Points,Sports,"[""Baseball""]",open,binary,0.4,0.41,0.4,0.405,0.595,0.405,0.01,85060.96,83571.31,71986.91,0,2026-09-13T20:00:00Z,2026-09-17T23:07:00Z,2026-09-17T23:07:00Z,,,,greater,8.5,,,True,2026-09-14T18:09:40+00:00,,,,
polymarket,0xffc4681fe848a8bb55bcc97f774377199d05845164b17107e67344165864d48d,https://polymarket.com/event/pro-football-2027-champion-20260729185915366/will-the-new-york-giants-win-the-2027-nfl-league-championship,,Will the New York Giants win the 2027 NFL league championship?,New York Giants,202857,Pro Football: 2027 Champion,pro-football-2027-champion-20260729185915366,Pro Football: 2027 Champion,,[],open,binary,0.026,0.027,0.026,0.0265,0.9735,0.0265,0.001,1217831.923182,83509.744719,,126743.26006,2026-02-09T00:44:08.522Z,2027-03-31T23:55:00Z,2027-03-31T23:55:00Z,,,,,,,,,2026-09-14T18:09:38+00:00,1.8,"[""Yes"", ""No""]","[0.0265, 0.9735]",9529995439127992597916745368767207397574770251198740488507514341670263678067
kalshi,KXWTAMATCH-26SEP14RIEAVA-AVA,https://kalshi.com/markets/kxwtamatch/wta-tennis-match,https://kalshi.com/markets/kxwtamatch/wta-tennis-match/kxwtamatch-26sep14rieava,Elina Avanesyan wins,Elina Avanesyan,KXWTAMATCH-26SEP14RIEAVA,Riera vs Avanesyan,KXWTAMATCH,WTA Tennis Match,Sports,"[""Tennis""]",open,binary,0.56,0.57,0.56,0.565,0.435,0.565,0.01,84638.48,82968.16,77146.04,0,2026-09-13T13:05:00Z,2026-09-28T13:00:00Z,2026-09-28T13:00:00Z,,,,structured,,,,True,2026-09-14T18:09:41+00:00,,,,
polymarket,0x6c9407f7841e7507ba435d540af237d742674ba05bac48998cf94f4b7ef5d909,https://polymarket.com/event/pro-football-2027-champion-20260729185915366/will-the-los-angeles-chargers-win-the-2027-nfl-league-championship,,Will the Los Angeles Chargers win the 2027 NFL league championship?,Los Angeles Chargers,202857,Pro Football: 2027 Champion,pro-football-2027-champion-20260729185915366,Pro Football: 2027 Champion,,[],open,binary,0.025,0.026,0.026,0.0255,0.9745,0.0255,0.001,5201384.627176,82259.675077,,105682.73507,2026-02-09T00:43:34.117Z,2027-03-31T23:55:00Z,2027-03-31T23:55:00Z,,,,,,,,,2026-09-14T18:09:38+00:00,-1.8,"[""Yes"", ""No""]","[0.0255, 0.9745]",12782349642686772159246452578794502295967626450442027393248075511072163083100
kalshi,KXGOVCA-26-XBEC,https://kalshi.com/markets/kxgovca/california-governor-s-race,https://kalshi.com/markets/kxgovca/california-governor-s-race/kxgovca-26,Who will win the governorship in California?,Xavier Becerra,KXGOVCA-26,California Governor winner? (Person),KXGOVCA,California Governor's race,Elections,"[""US Elections"", ""Governor""]",open,binary,0.957,0.961,0.957,0.959,0.041,0.959,0.004,5363183.4,81969.58,1823661.42,0,2025-05-16T14:00:00Z,2027-11-03T15:00:00Z,2027-11-03T15:00:00Z,,,,custom,,,,True,2026-09-14T18:10:58+00:00,,,,
polymarket,0x05297f854d3b757d5e51a1a29c7f225a80b14b2a161d6b7f9a61677da7a80ced,https://polymarket.com/event/brazil-presidential-election/will-renan-santos-win-the-2026-brazilian-presidential-election,,Will Renan Santos win the 2026 Brazilian presidential election?,Renan Santos,45915,Brazil Presidential Election,brazil-presidential-election,Brazil Presidential Election,,[],open,binary,0.016,0.019,0.02,0.0175,0.9825,0.0175,0.003,13439070.124953002,81053.27921800001,,373103.04577,2025-09-18T20:08:04.285Z,2026-10-04T00:00:00Z,2026-10-04T00:00:00Z,,,,,,,,,2026-09-14T18:09:38+00:00,-0.1,"[""Yes"", ""No""]","[0.0175, 0.9825]",93998891488819623915454849994768171534113749478841216025646247933473925258016
polymarket,0xd4c490a9b6c599de47cbdc5878c9a0df97f7f224b35e37a96c6f4597602d1b06,https://polymarket.com/event/cs2-nemi1-blackp-2026-09-14/cs2-nemi1-blackp-2026-09-14,,Counter-Strike: Nemiga vs Black Phoenix (BO3) - CIS LAN Championship Group C,Match Winner,1009740,Counter-Strike: Nemiga vs Black Phoenix (BO3) - CIS LAN Championship Group C,cs2-nemi1-blackp-2026-09-14,Counter-Strike: Nemiga vs Black Phoenix (BO3) - CIS LAN Championship Group C,,[],open,binary,0.45,0.49,0.39,0.47,0.53,0.47,0.04,81048.79290100007,80755.53248700006,,1541.2391,2026-09-12T10:15:51Z,2026-09-14T21:25:00Z,2026-09-14T21:25:00Z,,,,,,,,,2026-09-14T18:09:38+00:00,-34,"[""Nemiga"", ""Black Phoenix""]","[0.47, 0.53]",23051501347338234027367256658422337724131654524727135118573262918551784413962
polymarket,0x5833f5c6ea430742f227f885927c13b67164301ee66603352958ded825d2d238,https://polymarket.com/event/mlb-det-tor-2026-09-14/mlb-det-tor-2026-09-14,,Detroit Tigers vs. Toronto Blue Jays,,988203,Detroit Tigers vs. Toronto Blue Jays,mlb-det-tor-2026-09-14,Detroit Tigers vs. Toronto Blue Jays,,[],open,binary,0.43,0.44,0.44,0.435,0.565,0.435,0.01,80616.69840400002,80596.328033,,388592.3131,2026-09-08T13:00:36Z,2026-09-21T23:07:00Z,2026-09-21T23:07:00Z,,,,,,,,,2026-09-14T18:09:38+00:00,-3,"[""Detroit Tigers"", ""Toronto Blue Jays""]","[0.435, 0.565]",5532907765012328267301024583603027655863030943658568597205787959639918196452
kalshi,KXNCAAF1H-26SEP18PRSTORE-ORE,https://kalshi.com/markets/kxncaaf1h/college-football-1st-half-winner,https://kalshi.com/markets/kxncaaf1h/college-football-1st-half-winner/kxncaaf1h-26sep18prstore,Oregon wins the 1st half,Oregon wins 1st Half,KXNCAAF1H-26SEP18PRSTORE,Portland St. vs Oregon: 1st Half Winner,KXNCAAF1H,College Football 1st Half Winner,Sports,"[""Football""]",open,binary,0.99,1,0.99,0.995,0.005,0.995,0.01,81226.82,80567.7,81226.82,0,2026-09-05T04:22:00Z,2026-09-21T02:30:00Z,2026-09-21T02:30:00Z,,,,structured,,,,True,2026-09-14T18:10:01+00:00,,,,
kalshi,KXSB-27-PHI,https://kalshi.com/markets/kxsb/super-bowl,https://kalshi.com/markets/kxsb/super-bowl/kxsb-27,Will Philadelphia win the 2027 Pro Football Championship?,Philadelphia,KXSB-27,2027 Pro Football Champion,KXSB,Super Bowl,Sports,"[""Football""]",open,binary,0.04,0.05,0.05,0.045,0.955,0.045,0.01,2910662.59,80477.26,2597868.61,0,2026-02-08T20:00:00Z,2029-02-13T23:30:00Z,2029-02-13T23:30:00Z,,,,structured,,,,True,2026-09-14T18:10:52+00:00,,,,
polymarket,0x12aa13b3da17ceae1b0a59b5d5b77121e91bb79b4bb0b52bf6543ed3f8d0953b,https://polymarket.com/event/fed-decision-in-october-20260617190323537/will-the-fed-increase-interest-rates-by-25-bps-after-the-october-2026-meeting-20260617190324032,,Will the Fed increase interest rates by 25 bps after the October 2026 meeting?,25 bps increase,606422,Fed Decision in October?,fed-decision-in-october-20260617190323537,Fed Decision in October?,,[],open,binary,0.36,0.37,0.36,0.365,0.635,0.365,0.01,483485.714703,80117.098234,,74409.3835,2026-06-17T23:34:28.470106Z,2026-10-28T23:59:00Z,2026-10-28T23:59:00Z,,,,,,,,,2026-09-14T18:09:38+00:00,-1,"[""Yes"", ""No""]","[0.365, 0.635]",55159722761418013044126414276680602270318000841690689684819994448621694923050
kalshi,KXMLBSPREAD-26SEP141840LADCIN-LAD2,https://kalshi.com/markets/kxmlbspread/pro-baseball-spread,https://kalshi.com/markets/kxmlbspread/pro-baseball-spread/kxmlbspread-26sep141840ladcin,Los Angeles D wins by over 1.5 runs?,Los Angeles D wins by over 1.5 runs,KXMLBSPREAD-26SEP141840LADCIN,Los Angeles D vs Cincinnati: Spread,KXMLBSPREAD,Pro Baseball Spread,Sports,"[""Baseball""]",open,binary,0.54,0.55,0.55,0.545,0.455,0.545,0.01,81365.43,80069.83,77576.23,0,2026-09-13T20:00:00Z,2026-09-17T22:40:00Z,2026-09-17T22:40:00Z,,,,greater,1.5,,,True,2026-09-14T18:09:40+00:00,,,,
kalshi,KXELITESERIENGAME-26SEP14BOGSAN-SAN,https://kalshi.com/markets/kxeliteseriengame/eliteserien-game,https://kalshi.com/markets/kxeliteseriengame/eliteserien-game/kxeliteseriengame-26sep14bogsan,Sandefjord wins,Sandefjord,KXELITESERIENGAME-26SEP14BOGSAN,Bodoe/Glimt vs Sandefjord,KXELITESERIENGAME,Eliteserien Game,Sports,"[""Soccer""]",open,binary,0.01,0.02,0.01,0.015,0.985,0.015,0.01,91056.83,79031.68,71532.86,0,2026-09-10T00:35:00Z,2026-09-16T17:00:00Z,2026-09-16T17:00:00Z,,,,structured,,,,True,2026-09-14T18:09:57+00:00,,,,
kalshi,KXMLBTOTAL-26SEP141940NYYMIN-9,https://kalshi.com/markets/kxmlbtotal/pro-baseball-total-points,https://kalshi.com/markets/kxmlbtotal/pro-baseball-total-points/kxmlbtotal-26sep141940nyymin,Over 8.5 runs scored,Over 8.5 runs scored,KXMLBTOTAL-26SEP141940NYYMIN,New York Y vs Minnesota: Total Runs,KXMLBTOTAL,Pro Baseball Total Points,Sports,"[""Baseball""]",open,binary,0.47,0.48,0.48,0.475,0.525,0.475,0.01,78579.74,78559.74,61804.77,0,2026-09-13T20:00:00Z,2026-09-17T23:40:00Z,2026-09-17T23:40:00Z,,,,greater,8.5,,,True,2026-09-14T18:09:40+00:00,,,,
kalshi,KXBTCY-27JAN0100-B37500,https://kalshi.com/markets/kxbtcy/btc-price-range-eoy,https://kalshi.com/markets/kxbtcy/btc-price-range-eoy/kxbtcy-27jan0100,"BTC price  on Jan 1, 2027?","35,000 to 39,999.99",KXBTCY-27JAN0100,Bitcoin price at the end of 2026,KXBTCY,BTC price range EOY,Crypto,"[""BTC""]",open,binary,0.007,0.009,0.007,0.008,0.992,0.008,0.002,1613144.2,78528.23,386385.52,0,2026-02-25T23:25:29Z,2027-01-01T05:00:00Z,2027-01-08T05:00:00Z,,,,between,35000,39999.99,,True,2026-09-14T18:10:51+00:00,,,,
polymarket,0xd9fb1184af0064e5e34b129f5b79afa5a17b7e32f2953ab05efed82315fee6d4,https://polymarket.com/event/will-china-invade-taiwan-before-2027/will-china-invade-taiwan-before-2027,,Will China invade Taiwan by end of 2026?,,34044,Will China invade Taiwan by end of 2026?,will-china-invade-taiwan-before-2027,Will China invade Taiwan by end of 2026?,,[],open,binary,0.039,0.04,0.04,0.0395,0.9605,0.0395,0.001,41391003.10947898,78159.83559499998,,540157.51851,2025-07-24T23:37:56.3Z,2026-12-31T00:00:00Z,2026-12-31T00:00:00Z,,,,,,,,,2026-09-14T18:09:38+00:00,-0.05,"[""Yes"", ""No""]","[0.0395, 0.9605]",94559586571241563470235664821564670251180951772614764383113614156422396181162
polymarket,0xc2954cc6e2daf859e759594b434ae25c8c1f3439def153aec658a6a5435c4744,https://polymarket.com/event/elon-musk-of-tweets-september-8-september-15-2026/elon-musk-of-tweets-september-8-september-15-2026-200-219,,"Will Elon Musk post 200-219 tweets from September 8 to September 15, 2026?",200-219,967957,"Elon Musk # tweets September 8 - September 15, 2026?",elon-musk-of-tweets-september-8-september-15-2026,"Elon Musk # tweets September 8 - September 15, 2026?",,[],open,binary,0.17,0.176,0.192,0.173,0.827,0.173,0.006,129047.73999100001,77267.700081,,8111.15487,2026-09-05T04:00:52Z,2026-09-15T16:00:00Z,2026-09-15T16:00:00Z,,,,,,,,,2026-09-14T18:09:38+00:00,12.75,"[""Yes"", ""No""]","[0.173, 0.827]",50202145055751022522883701272023629913137656004650996118519929154953683657035
polymarket,0xa3d50cf0138c0faad988d80e35036aab97ae6d5627f539ce3ce531b555acc209,https://polymarket.com/event/sweden-parliamentary-election-2nd-place/will-the-moderate-party-m-win-the-second-most-seats-in-the-2026-swedish-parliamentary-election,,Will the Moderate Party (M) win the second most seats in the 2026 Swedish parliamentary election?,Moderate Party (M),502873,Sweden Parliamentary Election: 2nd Place,sweden-parliamentary-election-2nd-place,Sweden Parliamentary Election: 2nd Place,,[],open,binary,0.999,1,0.999,0.9995,0.0005,0.9995,0.001,174401.4896220001,77121.493529,,31288.31469,2026-05-19T20:48:01.932272Z,2026-09-13T00:00:00Z,2026-09-13T00:00:00Z,,,,,,,,,2026-09-14T18:09:38+00:00,42.45,"[""Yes"", ""No""]","[0.9995, 0.0005]",52334878018814685972547014875009160054717120171100348069688980422350429906466
kalshi,KXNCAAF-27-TEX,https://kalshi.com/markets/kxncaaf/ncaaf-championship,https://kalshi.com/markets/kxncaaf/ncaaf-championship/kxncaaf-27,Will Texas win the College Football Playoff National Championship?,Texas,KXNCAAF-27,College Football National Championship Winner,KXNCAAF,NCAAF Championship,Sports,"[""Football""]",open,binary,0.14,0.16,0.14,0.15,0.85,0.15,0.02,2781757.89,76554.25,1999500.55,0,2026-01-21T22:00:00Z,2027-02-23T04:00:00Z,2027-02-23T04:00:00Z,,,,structured,,,,True,2026-09-14T18:10:54+00:00,,,,
polymarket,0x118959cdb97704ff8ed5d0769cd8a34ec8c54b4e1bcaeb325eb93ab095e96733,https://polymarket.com/event/highest-temperature-in-hong-kong-on-september-14-2026/highest-temperature-in-hong-kong-on-september-14-2026-28c,,Will the highest temperature in Hong Kong be 28°C on September 14?,28°C,1008349,Highest temperature in Hong Kong on September 14?,highest-temperature-in-hong-kong-on-september-14-2026,Highest temperature in Hong Kong on September 14?,,[],open,binary,0.998,1,0.998,0.999,0.001,0.999,0.002,77591.77714399999,76409.56092500001,,3269.33751,2026-09-12T04:56:58Z,2026-09-14T12:00:00Z,2026-09-14T12:00:00Z,,,,,,,,,2026-09-14T18:09:38+00:00,99.75,"[""Yes"", ""No""]","[0.999, 0.001]",4478899363141277273222204152562190919155813299972517415804497036469160759577
polymarket,0x3c98e5ad103242ecb75177f9103a5b2870757d66ee7e51533dc752e9841fd00f,https://polymarket.com/event/lol-exe-esb-2026-09-14/lol-exe-esb-2026-09-14,,LoL: EXILE esports vs eSuba (BO5) - Hitpoint Masters Playoffs,Match Winner,999141,LoL: EXILE esports vs eSuba (BO5) - Hitpoint Masters Playoffs,lol-exe-esb-2026-09-14,LoL: EXILE esports vs eSuba (BO5) - Hitpoint Masters Playoffs,,[],open,binary,,0.001,0.036,0.0005,0.9995,0.0005,0.001,76028.849047,76007.74904700002,,128147.57116,2026-09-10T13:21:01Z,2026-09-14T20:30:00Z,2026-09-14T20:30:00Z,,,,,,,,,2026-09-14T18:09:38+00:00,-39.95,"[""EXILE esports"", ""eSuba""]","[0.0005, 0.9995]",74498975455821813654219115453059524559835717624320551374938912832835867857200
kalshi,KXCS2GAME-26SEP141100BLANEMI-NEMI,https://kalshi.com/markets/kxcs2game/counter-strike-2-game,https://kalshi.com/markets/kxcs2game/counter-strike-2-game/kxcs2game-26sep141100blanemi,Nemiga wins,Nemiga,KXCS2GAME-26SEP141100BLANEMI,Black Phoenix vs. Nemiga,KXCS2GAME,Counter-Strike 2 Game,Sports,"[""Esports""]",open,binary,0.51,0.54,0.54,0.525,0.475,0.525,0.03,95707.34,75756.34,48247.14,0,2026-09-12T10:10:00Z,2026-09-16T15:00:00Z,2026-09-16T15:00:00Z,,,,structured,,,,True,2026-09-14T18:09:43+00:00,,,,
kalshi,KXBTCD-26SEP1417-T78499.99,https://kalshi.com/markets/kxbtcd/bitcoin-price-above-below,https://kalshi.com/markets/kxbtcd/bitcoin-price-above-below/kxbtcd-26sep1417,"Bitcoin price on Sep 14, 2026?","$78,500 or above",KXBTCD-26SEP1417,"BTC price on Sep 14, 2026 at 5pm EDT?",KXBTCD,Bitcoin price Above/below,Crypto,"[""Hourly"", ""BTC""]",open,binary,0.84,0.85,0.86,0.845,0.155,0.845,0.01,77447.07,75670.33,28802.77,0,2026-09-13T20:00:00Z,2026-09-14T21:00:00Z,2026-09-21T21:00:00Z,,,,greater,78499.99,,BRTI,True,2026-09-14T18:09:42+00:00,,,,
kalshi,KXEPLGAME-26SEP14LEENEW-LEE,https://kalshi.com/markets/kxeplgame/english-premier-league-game,https://kalshi.com/markets/kxeplgame/english-premier-league-game/kxeplgame-26sep14leenew,Leeds United wins,Leeds United,KXEPLGAME-26SEP14LEENEW,Leeds United vs Newcastle,KXEPLGAME,English Premier League Game,Sports,"[""Soccer""]",open,binary,0.4,0.41,0.41,0.405,0.595,0.405,0.01,97184.5,75643.07,94842.28,0,2026-08-31T00:37:00Z,2026-09-17T01:00:00Z,2026-09-17T01:00:00Z,,,,structured,,,,True,2026-09-14T18:10:09+00:00,,,,
kalshi,KXMLBGAME-26SEP141907DETTOR-TOR,https://kalshi.com/markets/kxmlbgame/professional-baseball-game,https://kalshi.com/markets/kxmlbgame/professional-baseball-game/kxmlbgame-26sep141907dettor,Toronto wins,Toronto,KXMLBGAME-26SEP141907DETTOR,Detroit vs Toronto,KXMLBGAME,Professional Baseball Game,Sports,"[""Baseball""]",open,binary,0.56,0.57,0.57,0.565,0.435,0.565,0.01,77281.31,75234.37,76393.08,0,2026-09-11T23:25:00Z,2026-09-17T23:07:00Z,2026-09-17T23:07:00Z,,,,structured,,,,True,2026-09-14T18:09:44+00:00,,,,
kalshi,KXSB-27-PIT,https://kalshi.com/markets/kxsb/super-bowl,https://kalshi.com/markets/kxsb/super-bowl/kxsb-27,Will Pittsburgh win the 2027 Pro Football Championship?,Pittsburgh,KXSB-27,2027 Pro Football Champion,KXSB,Super Bowl,Sports,"[""Football""]",open,binary,0.01,0.02,0.02,0.015,0.985,0.015,0.01,2866791.43,75122.31,2520967.45,0,2026-02-08T20:00:00Z,2029-02-13T23:30:00Z,2029-02-13T23:30:00Z,,,,structured,,,,True,2026-09-14T18:10:52+00:00,,,,
kalshi,KXSB-27-HOU,https://kalshi.com/markets/kxsb/super-bowl,https://kalshi.com/markets/kxsb/super-bowl/kxsb-27,Will Houston win the 2027 Pro Football Championship?,Houston,KXSB-27,2027 Pro Football Champion,KXSB,Super Bowl,Sports,"[""Football""]",open,binary,0.03,0.04,0.04,0.035,0.965,0.035,0.01,4565860.82,74888.84,3263529.25,0,2026-02-08T20:00:00Z,2029-02-13T23:30:00Z,2029-02-13T23:30:00Z,,,,structured,,,,True,2026-09-14T18:10:52+00:00,,,,
polymarket,0xc8a9ed3630ec7aed26143d7fb13f5d512fb9a70ec0031b31ba488d936d1f8897,https://polymarket.com/event/wta-curmi-erjavec-2026-09-14/wta-curmi-erjavec-2026-09-14,,Valencia: Francesca Curmi vs Veronika Erjavec,,1017589,Valencia: Francesca Curmi vs Veronika Erjavec,wta-curmi-erjavec-2026-09-14,Valencia: Francesca Curmi vs Veronika Erjavec,,[],open,binary,0.92,0.93,0.92,0.925,0.075,0.925,0.01,74542.58027399999,74542.580274,,185527.5878,2026-09-13T16:14:24Z,2026-09-21T08:00:00Z,2026-09-21T08:00:00Z,,,,,,,,,2026-09-14T18:09:38+00:00,55.5,"[""Francesca Curmi"", ""Veronika Erjavec""]","[0.925, 0.075]",97523275054873565174038652881399244809835820142102777930894313665562743508445
kalshi,KXMLBTOTAL-26SEP141840LADCIN-8,https://kalshi.com/markets/kxmlbtotal/pro-baseball-total-points,https://kalshi.com/markets/kxmlbtotal/pro-baseball-total-points/kxmlbtotal-26sep141840ladcin,Over 7.5 runs scored,Over 7.5 runs scored,KXMLBTOTAL-26SEP141840LADCIN,Los Angeles D vs Cincinnati: Total Runs,KXMLBTOTAL,Pro Baseball Total Points,Sports,"[""Baseball""]",open,binary,0.49,0.5,0.5,0.495,0.505,0.495,0.01,74105.92,74015.87,49324.38,0,2026-09-13T20:00:00Z,2026-09-17T22:40:00Z,2026-09-17T22:40:00Z,,,,greater,7.5,,,True,2026-09-14T18:09:40+00:00,,,,
kalshi,KXBTCD-26SEP1417-T76499.99,https://kalshi.com/markets/kxbtcd/bitcoin-price-above-below,https://kalshi.com/markets/kxbtcd/bitcoin-price-above-below/kxbtcd-26sep1417,"Bitcoin price on Sep 14, 2026?","$76,500 or above",KXBTCD-26SEP1417,"BTC price on Sep 14, 2026 at 5pm EDT?",KXBTCD,Bitcoin price Above/below,Crypto,"[""Hourly"", ""BTC""]",open,binary,0.99,1,0.99,0.995,0.005,0.995,0.01,73547.14,73547.14,47827.89,0,2026-09-13T20:00:00Z,2026-09-14T21:00:00Z,2026-09-21T21:00:00Z,,,,greater,76499.99,,BRTI,True,2026-09-14T18:09:42+00:00,,,,
polymarket,0x8e29cb5c6b8d6b8d259114ffca2796fb378d1e0575f8362fb93f4cb174fad405,https://polymarket.com/event/pro-football-2027-champion-20260729185915366/will-the-denver-broncos-win-the-2027-nfl-league-championship,,Will the Denver Broncos win the 2027 NFL league championship?,Denver Broncos,202857,Pro Football: 2027 Champion,pro-football-2027-champion-20260729185915366,Pro Football: 2027 Champion,,[],open,binary,0.042,0.043,0.043,0.0425,0.9575,0.0425,0.001,1566274.2463019995,72860.63395500001,,164539.06175,2026-02-09T00:42:43.859Z,2027-03-31T23:55:00Z,2027-03-31T23:55:00Z,,,,,,,,,2026-09-14T18:09:38+00:00,-0.5,"[""Yes"", ""No""]","[0.0425, 0.9575]",32552965104139234418306396081841371197890264315094634472674018857038790114219
polymarket,0x0daa39497ba1954a17991dda682e5d3e582f1d6a19759f2eb6b12f15ebac04c6,https://polymarket.com/event/us-x-iran-effective-ceasefire-begins-byptptpt-2-week-pause/us-x-iran-effective-ceasefire-by-september-7,,US x Iran Effective Ceasefire by September 7?,September 7,950983,US x Iran Effective Ceasefire begins by...? (2 week pause),us-x-iran-effective-ceasefire-begins-byptptpt-2-week-pause,US x Iran Effective Ceasefire begins by...? (2 week pause),,[],open,binary,0.928,0.935,0.93,0.9315,0.0685,0.9315,0.007,325613.46079700004,72474.221591,,36967.32439,2026-09-02T19:52:20.549777Z,2026-09-07T23:59:00Z,2026-09-07T23:59:00Z,,,,,,,,,2026-09-14T18:09:38+00:00,6.65,"[""Yes"", ""No""]","[0.9315, 0.0685]",83883734092758133403661818960637401828986542594423652745565198052267379022496
kalshi,KXPGATOUR-BICA26-JBRI,https://kalshi.com/markets/kxpgatour/pga-tour,https://kalshi.com/markets/kxpgatour/pga-tour/kxpgatour-bica26,Will Jacob Bridgeman win the Biltmore Championship Asheville?,Jacob Bridgeman,KXPGATOUR-BICA26,Biltmore Championship Asheville Winner,KXPGATOUR,PGA Tour,Sports,"[""Golf""]",open,binary,0.041,0.044,0.045,0.0425,0.9575,0.0425,0.003,72148.97,72146.97,66371.59,0,2026-09-13T23:05:00Z,2026-10-04T00:00:00Z,2026-10-04T00:00:00Z,,,,structured,,,,True,2026-09-14T18:09:40+00:00,,,,
polymarket,0xdf8e2dc5860027decbe6164555c3c1c9645c3bd33e16b9dc57ca87125047d4a8,https://polymarket.com/event/brazil-presidential-election/will-luiz-incio-lula-da-silva-win-the-2026-brazilian-presidential-election,,Will Luiz Inácio Lula da Silva win the 2026 Brazilian presidential election?,Luiz Inácio Lula da Silva,45915,Brazil Presidential Election,brazil-presidential-election,Brazil Presidential Election,,[],open,binary,0.46,0.47,0.48,0.465,0.535,0.465,0.01,11004678.83518,72072.390887,,220475.6925,2025-09-18T20:07:59.727557Z,2026-10-04T00:00:00Z,2026-10-04T00:00:00Z,,,,,,,,,2026-09-14T18:09:38+00:00,,"[""Yes"", ""No""]","[0.465, 0.535]",30630994248667897740988010928640156931882346081873066002335460180076741328029
kalshi,KXNFLMATCHUP-27SB-CINPHI,https://kalshi.com/markets/kxnflmatchup/pro-football-matchups,https://kalshi.com/markets/kxnflmatchup/pro-football-matchups/kxnflmatchup-27sb,2026-27 Championship Game Matchup: Cincinnati vs Philadelphia,Cincinnati vs Philadelphia,KXNFLMATCHUP-27SB,Pro Football Championship Game Matchup,KXNFLMATCHUP,Pro Football Matchups,Sports,"[""Football""]",open,binary,0.01,0.02,0.01,0.015,0.985,0.015,0.01,96473.2,71877.9,93357.26,0,2026-07-21T19:00:00Z,2027-02-21T23:30:00Z,2027-02-21T23:30:00Z,,,,custom,,,,True,2026-09-14T18:10:28+00:00,,,,
kalshi,KXEPLTOTAL-26SEP14LEENEW-3,https://kalshi.com/markets/kxepltotal/english-premier-league-total-goals,https://kalshi.com/markets/kxepltotal/english-premier-league-total-goals/kxepltotal-26sep14leenew,Will over 2.5 goals be scored?,Over 2.5 goals scored,KXEPLTOTAL-26SEP14LEENEW,Leeds United vs Newcastle: Total Goals,KXEPLTOTAL,English Premier League Total Goals,Sports,"[""Soccer""]",open,binary,0.56,0.57,0.57,0.565,0.435,0.565,0.01,77306.05,71790.42,70519.45,0,2026-09-07T19:06:00Z,2026-09-17T01:00:00Z,2026-09-17T01:00:00Z,,,,greater,2.5,,,True,2026-09-14T18:09:59+00:00,,,,
kalshi,KXNFLGAME-26SEP20LVLAC-LV,https://kalshi.com/markets/kxnflgame/professional-football-game,https://kalshi.com/markets/kxnflgame/professional-football-game/kxnflgame-26sep20lvlac,Las Vegas wins,Las Vegas,KXNFLGAME-26SEP20LVLAC,LV Raiders vs LA Chargers,KXNFLGAME,Professional Football Game,Sports,"[""Football""]",open,binary,0.26,0.27,0.27,0.265,0.735,0.265,0.01,96474.07,71260.12,84934.63,0,2026-08-25T15:33:00Z,2026-09-22T20:05:00Z,2026-09-22T20:05:00Z,,,,structured,,,,True,2026-09-14T18:10:11+00:00,,,,
polymarket,0xb9e4a61f0e1435d65293a686e3acacdf4289be26fffc50bf81ec5ac5112062a0,https://polymarket.com/event/lal-vil-bet-2026-09-14/lal-vil-bet-2026-09-14-vil,,Will Villarreal CF win on 2026-09-14?,Villarreal CF,946150,Villarreal CF vs. Real Betis Balompié,lal-vil-bet-2026-09-14,Villarreal CF vs. Real Betis Balompié,,[],open,binary,0.49,0.5,0.5,0.495,0.505,0.495,0.01,71777.92031700001,71126.732072,,399328.8934,2026-09-01T06:00:12Z,2026-09-14T19:00:00Z,2026-09-14T19:00:00Z,,,,,,,,,2026-09-14T18:09:38+00:00,-1,"[""Yes"", ""No""]","[0.495, 0.505]",43754702580748569123293646215161959227923207865479202697102658274131627392514
kalshi,KXSERIEASPREAD-26SEP14TORROM-ROM2,https://kalshi.com/markets/kxserieaspread/serie-a-spread,https://kalshi.com/markets/kxserieaspread/serie-a-spread/kxserieaspread-26sep14torrom,Roma wins by more than 1.5 goals?,Roma wins by more than 1.5 goals,KXSERIEASPREAD-26SEP14TORROM,Torino vs Roma: Spread,KXSERIEASPREAD,Serie A Spread,Sports,"[""Soccer""]",open,binary,0.21,0.23,0.22,0.22,0.78,0.22,0.02,78259.13,70587.4,54508.61,0,2026-09-07T17:06:00Z,2026-09-16T22:30:00Z,2026-09-16T22:30:00Z,,,,greater,1.5,,,True,2026-09-14T18:10:00+00:00,,,,
kalshi,KXBTCD-26SEP1417-T77749.99,https://kalshi.com/markets/kxbtcd/bitcoin-price-above-below,https://kalshi.com/markets/kxbtcd/bitcoin-price-above-below/kxbtcd-26sep1417,"Bitcoin price on Sep 14, 2026?","$77,750 or above",KXBTCD-26SEP1417,"BTC price on Sep 14, 2026 at 5pm EDT?",KXBTCD,Bitcoin price Above/below,Crypto,"[""Hourly"", ""BTC""]",open,binary,0.96,0.97,0.96,0.965,0.035,0.965,0.01,70122.12,69925.72,25246.79,0,2026-09-13T20:00:00Z,2026-09-14T21:00:00Z,2026-09-21T21:00:00Z,,,,greater,77749.99,,BRTI,True,2026-09-14T18:09:42+00:00,,,,
polymarket,0x9cf563d7b55aa9aa876d5d7e55126347eee473f0ae56d799e325fdef2bf25297,https://polymarket.com/event/fed-decision-in-october-20260617190323537/will-the-fed-decrease-interest-rates-by-25-bps-after-the-october-2026-meeting-20260617190324030,,Will the Fed decrease interest rates by 25 bps after the October 2026 meeting?,25 bps decrease,606422,Fed Decision in October?,fed-decision-in-october-20260617190323537,Fed Decision in October?,,[],open,binary,0.014,0.018,0.019,0.016,0.984,0.016,0.004,697850.79713,69598.675616,,118931.7069,2026-06-18T00:02:08.765961Z,2026-10-28T23:59:00Z,2026-10-28T23:59:00Z,,,,,,,,,2026-09-14T18:09:38+00:00,-0.45,"[""Yes"", ""No""]","[0.016, 0.984]",33268510350568915228897273528353467773422190590579607471427765079749830445947
polymarket,0x290b3a5826b17e48ae7166b188767d95df5a9ed0b69fda116d98d0d27d753281,https://polymarket.com/event/next-french-presidential-election/will-ric-zemmour-win-the-2027-french-presidential-election,,Will Éric Zemmour win the 2027 French presidential election?,Éric Zemmour,79987,Next French Presidential Election,next-french-presidential-election,Next French Presidential Election,,[],open,binary,0.008,0.009,0.009,0.0085,0.9915,0.0085,0.001,2382374.8978880006,69295.353438,,234768.47073,2025-11-13T23:09:39.490535Z,2027-04-30T00:00:00Z,2027-04-30T00:00:00Z,,,,,,,,,2026-09-14T18:09:38+00:00,,"[""Yes"", ""No""]","[0.0085, 0.9915]",51126599157451146230415396920771455069752975116525743821340393650626382714261
polymarket,0x7b0cb4d10fb7edfccb65bcd2c6c81a7e5ac92140c611f2360b7eb2ec486eb547,https://polymarket.com/event/cs2-ww-young2-2026-09-14/cs2-ww-young2-2026-09-14,,Counter-Strike: WW Team vs Young27 (BO3) - CIS LAN Championship Group C,Match Winner,1009741,Counter-Strike: WW Team vs Young27 (BO3) - CIS LAN Championship Group C,cs2-ww-young2-2026-09-14,Counter-Strike: WW Team vs Young27 (BO3) - CIS LAN Championship Group C,,[],open,binary,,0.001,0.04,0.0005,0.9995,0.0005,0.001,69185.95288800001,69185.95288799999,,288146.28785,2026-09-12T10:15:57Z,2026-09-14T21:50:00Z,2026-09-14T21:50:00Z,,,,,,,,,2026-09-14T18:09:38+00:00,-70.45,"[""WW Team"", ""Young27""]","[0.0005, 0.9995]",74742038634685706035741353367832013219062557883697240445719352543630199017883
polymarket,0x1e85c82117beaa1d22f31b7f87e44ca43f9b86f064a5469be6a2ed8176d3b476,https://polymarket.com/event/mlb-sd-col-2026-09-14/mlb-sd-col-2026-09-14,,San Diego Padres vs. Colorado Rockies,,988208,San Diego Padres vs. Colorado Rockies,mlb-sd-col-2026-09-14,San Diego Padres vs. Colorado Rockies,,[],open,binary,0.65,0.66,0.66,0.655,0.345,0.655,0.01,69121.42500699998,68976.585007,,410713.3726,2026-09-08T13:00:44Z,2026-09-22T00:40:00Z,2026-09-22T00:40:00Z,,,,,,,,,2026-09-14T18:09:38+00:00,4,"[""San Diego Padres"", ""Colorado Rockies""]","[0.655, 0.345]",72360149235843424014637565872978035755345180706921592509716933819997422276949
kalshi,KXNFLAFCCHAMP-27-NYJ,https://kalshi.com/markets/kxnflafcchamp/american-football-conference-champion,https://kalshi.com/markets/kxnflafcchamp/american-football-conference-champion/kxnflafcchamp-27,Will New York J win the Pro Football AFC Championship?,New York J,KXNFLAFCCHAMP-27,AFC Championship Winner,KXNFLAFCCHAMP,American Football Conference Champion,Sports,"[""Football""]",open,binary,0,0.01,0.01,0.005,0.995,0.005,0.01,408810.83,68912.72,401964.83,0,2026-02-07T15:00:00Z,2027-02-22T15:00:00Z,2027-02-22T15:00:00Z,,,,structured,,,,True,2026-09-14T18:10:52+00:00,,,,
polymarket,0x4fff0816578447a11fba1fa044f82b7af092e68a1e97943c61e7e1ce7d4f6f86,https://polymarket.com/event/what-price-will-wti-hit-in-september-2026/will-wti-reach-130-in-september-2026,,Will WTI Crude Oil (WTI) hit (HIGH) $130 in September?,↑ $130,907966,What will WTI Crude Oil (WTI) hit in September 2026?,what-price-will-wti-hit-in-september-2026,What will WTI Crude Oil (WTI) hit in September 2026?,,[],open,binary,0.049,0.055,0.052,0.052,0.948,0.052,0.006,300920.95187000005,68650.641758,,99899.12352,2026-08-25T04:02:12Z,2026-10-01T03:59:59.999Z,2026-10-01T03:59:59.999Z,,,,,,,,,2026-09-14T18:09:38+00:00,0.95,"[""Yes"", ""No""]","[0.052, 0.948]",87828771569365613252707530995233213348172504759462422743743553754403273380618
kalshi,KXRAIN-26SEP14-MIA,https://kalshi.com/markets/kxrain/where-will-it-rain-daily,https://kalshi.com/markets/kxrain/where-will-it-rain-daily/kxrain-26sep14,"Will it rain in Miami on Sep 14, 2026?",Miami,KXRAIN-26SEP14,"Where will it rain on Sep 14, 2026?",KXRAIN,Where will it rain daily,Climate and Weather,"[""Snow and rain""]",open,binary,0.99,1,0.99,0.995,0.005,0.995,0.01,69394.2,68571.52,30022.6,0,2026-09-13T09:10:00Z,2026-09-15T05:00:00Z,2026-09-16T05:00:00Z,,,,greater,0,,,True,2026-09-14T18:09:42+00:00,,,,
kalshi,KXNFLFIRSTTD-26SEP14DENKC-KCPMAHOMES15,https://kalshi.com/markets/kxnflfirsttd/pro-football-first-touchdown,https://kalshi.com/markets/kxnflfirsttd/pro-football-first-touchdown/kxnflfirsttd-26sep14denkc,Patrick Mahomes: 1st Touchdown,Patrick Mahomes,KXNFLFIRSTTD-26SEP14DENKC,Denver vs Kansas City: 1st Touchdown,KXNFLFIRSTTD,Pro Football First Touchdown,Sports,"[""Football""]",open,binary,0.02,0.03,0.03,0.025,0.975,0.025,0.01,70291.66,68322.28,70229.24,0,2026-09-10T23:28:00Z,2026-09-17T00:15:00Z,2026-09-17T00:15:00Z,,,,structured,,,,True,2026-09-14T18:09:48+00:00,,,,
polymarket,0x04816f7f30a810111bd4e3d7e06952889f81f280f23370f2ff59323d9a202cca,https://polymarket.com/event/pro-football-2027-champion-20260729185915366/will-the-green-bay-packers-win-the-2027-nfl-league-championship,,Will the Green Bay Packers win the 2027 NFL league championship?,Green Bay Packers,202857,Pro Football: 2027 Champion,pro-football-2027-champion-20260729185915366,Pro Football: 2027 Champion,,[],open,binary,0.025,0.026,0.026,0.0255,0.9745,0.0255,0.001,1557911.4612390005,67410.749321,,110672.48846,2026-02-09T00:42:55.886Z,2027-03-31T23:55:00Z,2027-03-31T23:55:00Z,,,,,,,,,2026-09-14T18:09:38+00:00,-0.6,"[""Yes"", ""No""]","[0.0255, 0.9745]",35735014075537072843409037792992988369227546626755131549045738083250548567488
kalshi,KXNCAAF-27-OSU,https://kalshi.com/markets/kxncaaf/ncaaf-championship,https://kalshi.com/markets/kxncaaf/ncaaf-championship/kxncaaf-27,Will Ohio St. win the College Football Playoff National Championship?,Ohio St.,KXNCAAF-27,College Football National Championship Winner,KXNCAAF,NCAAF Championship,Sports,"[""Football""]",open,binary,0.11,0.12,0.12,0.115,0.885,0.115,0.01,1896813.36,66718.07,1534200.39,0,2026-01-21T22:00:00Z,2027-02-23T04:00:00Z,2027-02-23T04:00:00Z,,,,structured,,,,True,2026-09-14T18:10:54+00:00,,,,
polymarket,0xf4bd82197b09cb4da8586aa3a1407d79830b824ede61f59ec65fb5e0e38be349,https://polymarket.com/event/wta-bennema-ribera-2026-09-14/wta-bennema-ribera-2026-09-14,,Valencia: Eva Bennemann vs Marina Bassols Ribera,,1017586,Valencia: Eva Bennemann vs Marina Bassols Ribera,wta-bennema-ribera-2026-09-14,Valencia: Eva Bennemann vs Marina Bassols Ribera,,[],open,binary,,0.009,0.017,0.0045,0.9955,0.0045,0.009,66630.47645900003,66630.476459,,115424.47174,2026-09-13T16:14:21Z,2026-09-21T08:00:00Z,2026-09-21T08:00:00Z,,,,,,,,,2026-09-14T18:09:38+00:00,-37.05,"[""Eva Bennemann"", ""Marina Bassols Ribera""]","[0.0045, 0.9955]",60070709820940241995030562044593101359152964341991631100976557680972801126954
polymarket,0x6fed4f23f8e2395e1c5c7c369920cc25675f39ab7bb68a1ded8e623776914346,https://polymarket.com/event/how-many-7pt0-or-above-earthquakes-in-2026/will-there-be-between-17-and-19-earthquakes-of-magnitude-7pt0-or-higher-worldwide-in-2026,,Will there be between 17 and 19 earthquakes of magnitude 7.0 or higher worldwide in 2026?,17–19,134977,How many 7.0 or above earthquakes in 2026?,how-many-7pt0-or-above-earthquakes-in-2026,How many 7.0 or above earthquakes in 2026?,,[],open,binary,0.27,0.31,0.28,0.29,0.71,0.29,0.04,292612.2764840001,66589.01888900001,,3471.5755,2025-12-31T17:12:38.677832Z,2027-01-01T04:59:00Z,2027-01-01T04:59:00Z,,,,,,,,,2026-09-14T18:09:38+00:00,-0.5,"[""Yes"", ""No""]","[0.29, 0.71]",94963042240528732658402105540451361340662253355683732171743406619469242148187
kalshi,KXMLBSPREAD-26SEP141840LADCIN-LAD3,https://kalshi.com/markets/kxmlbspread/pro-baseball-spread,https://kalshi.com/markets/kxmlbspread/pro-baseball-spread/kxmlbspread-26sep141840ladcin,Los Angeles D wins by over 2.5 runs?,Los Angeles D wins by over 2.5 runs,KXMLBSPREAD-26SEP141840LADCIN,Los Angeles D vs Cincinnati: Spread,KXMLBSPREAD,Pro Baseball Spread,Sports,"[""Baseball""]",open,binary,0.42,0.43,0.43,0.425,0.575,0.425,0.01,66276.21,66230.61,65388.97,0,2026-09-13T20:00:00Z,2026-09-17T22:40:00Z,2026-09-17T22:40:00Z,,,,greater,2.5,,,True,2026-09-14T18:09:40+00:00,,,,
kalshi,KXCS2GAME-26SEP141100BLANEMI-BLA,https://kalshi.com/markets/kxcs2game/counter-strike-2-game,https://kalshi.com/markets/kxcs2game/counter-strike-2-game/kxcs2game-26sep141100blanemi,Black Phoenix wins,Black Phoenix,KXCS2GAME-26SEP141100BLANEMI,Black Phoenix vs. Nemiga,KXCS2GAME,Counter-Strike 2 Game,Sports,"[""Esports""]",open,binary,0.46,0.51,0.48,0.485,0.515,0.485,0.05,84726.47,66089.1,40841.43,0,2026-09-12T10:10:00Z,2026-09-16T15:00:00Z,2026-09-16T15:00:00Z,,,,structured,,,,True,2026-09-14T18:09:43+00:00,,,,
kalshi,SENATETX-26-R,https://kalshi.com/markets/senatetx/texas-senate-race,https://kalshi.com/markets/senatetx/texas-senate-race/senatetx-26,Will Republicans win the Senate race in Texas?,Ken Paxton,SENATETX-26,Texas Senate winner?,SENATETX,Texas Senate race,Elections,"[""Senate""]",open,binary,0.5,0.51,0.5,0.505,0.495,0.505,0.01,6879075.74,65984.54,4596739.37,0,2024-12-03T15:00:00Z,2027-11-03T15:00:00Z,2027-11-03T15:00:00Z,,,,structured,,,,True,2026-09-14T18:10:59+00:00,,,,
polymarket,0xde5d75ab7702875623ba509bc923241e1211da74a113521b3b70ddac930d7316,https://polymarket.com/event/fed-decision-in-october-20260617190323537/will-the-fed-increase-interest-rates-by-50-bps-after-the-october-2026-meeting-20260617190324033,,Will the Fed increase interest rates by 50+ bps after the October 2026 meeting?,50+ bps increase,606422,Fed Decision in October?,fed-decision-in-october-20260617190323537,Fed Decision in October?,,[],open,binary,0.008,0.01,0.008,0.009,0.991,0.009,0.002,272115.95795099996,65856.79667999998,,75005.13173,2026-06-17T23:34:32.59102Z,2026-10-28T23:59:00Z,2026-10-28T23:59:00Z,,,,,,,,,2026-09-14T18:09:38+00:00,0.05,"[""Yes"", ""No""]","[0.009, 0.991]",18246296022868501258060085368606280205967114341141276439803424448463050819498
kalshi,KXATPCHALLENGERMATCH-26SEP14BLAHAR-BLA,https://kalshi.com/markets/kxatpchallengermatch/challenger-atp,https://kalshi.com/markets/kxatpchallengermatch/challenger-atp/kxatpchallengermatch-26sep14blahar,Ugo Blanchet wins,Ugo Blanchet,KXATPCHALLENGERMATCH-26SEP14BLAHAR,Blanchet vs Harris,KXATPCHALLENGERMATCH,Challenger ATP ,Sports,"[""Tennis""]",open,binary,0.46,0.49,0.49,0.475,0.525,0.475,0.03,84774.58,65574.9,70963.65,0,2026-09-14T05:10:00Z,2026-09-28T17:00:00Z,2026-09-28T17:00:00Z,,,,structured,,,,True,2026-09-14T18:09:39+00:00,,,,
kalshi,KXNFLGAME-26SEP20PHITEN-PHI,https://kalshi.com/markets/kxnflgame/professional-football-game,https://kalshi.com/markets/kxnflgame/professional-football-game/kxnflgame-26sep20phiten,Philadelphia wins,Philadelphia,KXNFLGAME-26SEP20PHITEN,PHI Eagles vs TEN Titans,KXNFLGAME,Professional Football Game,Sports,"[""Football""]",open,binary,0.76,0.77,0.77,0.765,0.235,0.765,0.01,109848.73,65396.27,94496.74,0,2026-08-25T15:33:00Z,2026-09-22T17:00:00Z,2026-09-22T17:00:00Z,,,,structured,,,,True,2026-09-14T18:10:11+00:00,,,,
kalshi,KXNFLTD-26SEP14DENKC-DENTFRANKLIN11-1,https://kalshi.com/markets/kxnfltd/pro-football-touchdowns,https://kalshi.com/markets/kxnfltd/pro-football-touchdowns/kxnfltd-26sep14denkc,Troy Franklin: 1+ touchdowns,Troy Franklin: 1+,KXNFLTD-26SEP14DENKC,Denver vs Kansas City: Touchdowns,KXNFLTD,Pro Football Touchdowns,Sports,"[""Football""]",open,binary,0.06,0.07,0.07,0.065,0.935,0.065,0.01,82955.77,64990.38,82826.42,0,2026-09-04T21:04:00Z,2026-09-17T00:15:00Z,2026-09-17T00:15:00Z,,,,greater,0.5,,,True,2026-09-14T18:10:01+00:00,,,,
polymarket,0xee307e0609e90bd64e7bb75135662091ff438b043031d79337a67b4d1f54763d,https://polymarket.com/event/pro-football-2027-champion-20260729185915366/will-the-kansas-city-chiefs-win-the-2027-nfl-league-championship,,Will the Kansas City Chiefs win the 2027 NFL league championship?,Kansas City Chiefs,202857,Pro Football: 2027 Champion,pro-football-2027-champion-20260729185915366,Pro Football: 2027 Champion,,[],open,binary,0.048,0.049,0.049,0.0485,0.9515,0.0485,0.001,1510304.9802940004,64530.068237,,118728.58642,2026-02-09T00:43:20.148Z,2027-03-31T23:55:00Z,2027-03-31T23:55:00Z,,,,,,,,,2026-09-14T18:09:38+00:00,-0.5,"[""Yes"", ""No""]","[0.0485, 0.9515]",69042190742678678187984887226901406327636174762281438864527733358265304680670
kalshi,KXBTCD-26SEP1417-T78999.99,https://kalshi.com/markets/kxbtcd/bitcoin-price-above-below,https://kalshi.com/markets/kxbtcd/bitcoin-price-above-below/kxbtcd-26sep1417,"Bitcoin price on Sep 14, 2026?","$79,000 or above",KXBTCD-26SEP1417,"BTC price on Sep 14, 2026 at 5pm EDT?",KXBTCD,Bitcoin price Above/below,Crypto,"[""Hourly"", ""BTC""]",open,binary,0.45,0.46,0.49,0.455,0.545,0.455,0.01,67485.69,64466.21,23896.65,0,2026-09-13T20:00:00Z,2026-09-14T21:00:00Z,2026-09-21T21:00:00Z,,,,greater,78999.99,,BRTI,True,2026-09-14T18:09:42+00:00,,,,
polymarket,0x9788cc90301a4dbb7be09137a281f03f3f3d442dbcd1b247a903c1fc5d590d65,https://polymarket.com/event/elon-musk-of-tweets-september-8-september-15-2026/elon-musk-of-tweets-september-8-september-15-2026-180-199,,"Will Elon Musk post 180-199 tweets from September 8 to September 15, 2026?",180-199,967957,"Elon Musk # tweets September 8 - September 15, 2026?",elon-musk-of-tweets-september-8-september-15-2026,"Elon Musk # tweets September 8 - September 15, 2026?",,[],open,binary,0.67,0.68,0.68,0.675,0.325,0.675,0.01,132909.153701,64021.42039800001,,7422.4532,2026-09-05T04:00:52Z,2026-09-15T16:00:00Z,2026-09-15T16:00:00Z,,,,,,,,,2026-09-14T18:09:38+00:00,52,"[""Yes"", ""No""]","[0.675, 0.325]",114063883841008656259693417982724538644229511180554005883119336066247267433029
kalshi,KXATPCHALLENGERMATCH-26SEP14BARZHU-ZHU,https://kalshi.com/markets/kxatpchallengermatch/challenger-atp,https://kalshi.com/markets/kxatpchallengermatch/challenger-atp/kxatpchallengermatch-26sep14barzhu,Evan Zhu wins,Evan Zhu,KXATPCHALLENGERMATCH-26SEP14BARZHU,Baris vs Zhu,KXATPCHALLENGERMATCH,Challenger ATP ,Sports,"[""Tennis""]",open,binary,0.61,0.62,0.62,0.615,0.385,0.615,0.01,87735.38,63790.97,65071.7,0,2026-09-14T05:10:00Z,2026-09-28T17:00:00Z,2026-09-28T17:00:00Z,,,,structured,,,,True,2026-09-14T18:09:39+00:00,,,,
kalshi,KXNFLNFCCHAMP-27-NYG,https://kalshi.com/markets/kxnflnfcchamp/national-football-conference-champion,https://kalshi.com/markets/kxnflnfcchamp/national-football-conference-champion/kxnflnfcchamp-27,Will New York G win the Pro Football NFC Championship?,New York G,KXNFLNFCCHAMP-27,NFC Championship Winner,KXNFLNFCCHAMP,National Football Conference Champion,Sports,"[""Football""]",open,binary,0.04,0.05,0.05,0.045,0.955,0.045,0.01,651668,63496.24,521843.93,0,2026-02-07T15:00:00Z,2027-02-22T15:00:00Z,2027-02-22T15:00:00Z,,,,structured,,,,True,2026-09-14T18:10:52+00:00,,,,
polymarket,0xc241ace3bf55120e0adfddfb87a790d29b6c39b3dee3eb633223629703c1c9dd,https://polymarket.com/event/sea-tor-rom-2026-09-14-more-markets/sea-tor-rom-2026-09-14-spread-away-1pt5,,Spread: AS Roma (-1.5),AS Roma (-1.5),945985,Torino FC vs. AS Roma - More Markets,sea-tor-rom-2026-09-14-more-markets,Torino FC vs. AS Roma - More Markets,,[],open,binary,0.25,0.26,0.25,0.255,0.745,0.255,0.01,63265.72927299999,63207.21963,,33527.906,2026-09-01T05:00:52Z,2026-09-14T16:30:00Z,2026-09-14T16:30:00Z,,,,,,,,,2026-09-14T18:09:38+00:00,-11,"[""AS Roma"", ""Torino FC""]","[0.255, 0.745]",27248691955193839715389420715325492501471904475206625956018179233597281622803
polymarket,0x30174f3f46398e37c96a07b45916e01eab9a8a854ecb624ac73a91a8490fd074,https://polymarket.com/event/us-announces-end-of-iranian-blockade-byptptpt-20260713152715080/us-announces-end-of-iranian-blockade-by-september-30-2026-20260727171615364-722-649-646-561-213-644-414-831,,"US announces end of Iranian blockade by September 30, 2026?",September 30,699735,US announces end of Iranian blockade by...?,us-announces-end-of-iranian-blockade-byptptpt-20260713152715080,US announces end of Iranian blockade by...?,,[],open,binary,0.16,0.18,0.17,0.17,0.83,0.17,0.02,3216497.6202310002,62911.75153000002,,69899.6501,2026-07-27T17:53:14.04Z,2026-10-01T03:59:00Z,2026-10-01T03:59:00Z,,,,,,,,,2026-09-14T18:09:38+00:00,0.5,"[""Yes"", ""No""]","[0.17, 0.83]",88752597571738831347942513760817776151125290177540731190810686943474863159303
polymarket,0xcee04ba47d02f6c64642369b34193c355f64de1b9ae425c71ea4efef1989d271,https://polymarket.com/event/us-announces-end-of-iranian-blockade-byptptpt-20260713152715080/us-announces-end-of-iranian-blockade-by-october-31-2026-20260727171711632-895-372-622-413-171-454-592-696,,"US announces end of Iranian blockade by October 31, 2026?",October 31,699735,US announces end of Iranian blockade by...?,us-announces-end-of-iranian-blockade-byptptpt-20260713152715080,US announces end of Iranian blockade by...?,,[],open,binary,0.36,0.38,0.38,0.37,0.63,0.37,0.02,1211873.200758,62752.10514600001,,90955.4083,2026-07-27T17:53:09.219Z,2026-11-01T03:59:00Z,2026-11-01T03:59:00Z,,,,,,,,,2026-09-14T18:09:38+00:00,1,"[""Yes"", ""No""]","[0.37, 0.63]",87712920673252297509200151045391015262449055764880659907762503287643101055970
polymarket,0x6fef3eabbb55254cdb156346d1fe81dd1298a8bc7ae6b266151bd20926476f8d,https://polymarket.com/event/mlb-sea-laa-2026-09-14/mlb-sea-laa-2026-09-14,,Seattle Mariners vs. Los Angeles Angels,,988209,Seattle Mariners vs. Los Angeles Angels,mlb-sea-laa-2026-09-14,Seattle Mariners vs. Los Angeles Angels,,[],open,binary,0.5,0.51,0.51,0.505,0.495,0.505,0.01,62978.367023999985,62701.31702399999,,271995.0789,2026-09-08T13:00:47Z,2026-09-22T01:38:00Z,2026-09-22T01:38:00Z,,,,,,,,,2026-09-14T18:09:38+00:00,1,"[""Seattle Mariners"", ""Los Angeles Angels""]","[0.505, 0.495]",10656924635453615367752390983466037123773587773201846436289725686223857542968
polymarket,0x913581dc6f16ad7018bbfb51f6e2fa0a4bdd305212ef7976efb5cf0209304cb6,https://polymarket.com/event/what-price-will-bitcoin-hit-in-september-2026/will-bitcoin-reach-100k-in-september-2026,,"Will Bitcoin reach $100,000 in September?","↑ 100,000",946004,What price will Bitcoin hit in September?,what-price-will-bitcoin-hit-in-september-2026,What price will Bitcoin hit in September?,,[],open,binary,0.018,0.023,0.019,0.0205,0.9795,0.0205,0.005,530264.0790889999,62552.738672,,95962.3027,2026-09-01T05:07:13Z,2026-10-01T04:00:00Z,2026-10-01T04:00:00Z,,,,,,,,,2026-09-14T18:09:38+00:00,0.6,"[""Yes"", ""No""]","[0.0205, 0.9795]",8311037427502185580288498577713852658107445693333243027687152653006657478496
polymarket,0x6099e6b30c4ee1d3121e5ebe4760ebff446ec5d7eef1b9c43dd2e9cfd59a556c,https://polymarket.com/event/pro-football-2027-champion-20260729185915366/will-the-san-francisco-49ers-win-the-2027-nfl-league-championship,,Will the San Francisco 49ers win the 2027 NFL league championship?,San Francisco 49ers,202857,Pro Football: 2027 Champion,pro-football-2027-champion-20260729185915366,Pro Football: 2027 Champion,,[],open,binary,0.072,0.073,0.073,0.0725,0.9275,0.0725,0.001,1326134.4974940005,61708.772108,,141877.85339,2026-02-09T00:44:32.389Z,2027-03-31T23:55:00Z,2027-03-31T23:55:00Z,,,,,,,,,2026-09-14T18:09:38+00:00,0.6,"[""Yes"", ""No""]","[0.0725, 0.9275]",39837385690303579870717217200412085690608514752076614686048080531386540862921
kalshi,KXMLBALMVP-26-CSCHLITTLER31,https://kalshi.com/markets/kxmlbalmvp/pro-baseball-american-league-mvp,https://kalshi.com/markets/kxmlbalmvp/pro-baseball-american-league-mvp/kxmlbalmvp-26,Will Cam Schlittler win AL MVP?,Cam Schlittler,KXMLBALMVP-26,AL MVP Winner?,KXMLBALMVP,Pro Baseball American League MVP,Sports,"[""Baseball""]",open,binary,0.05,0.07,0.08,0.06,0.94,0.06,0.02,185581.62,61471.68,172951.67,0,2026-09-10T17:30:00Z,2026-12-08T15:00:00Z,2026-12-08T15:00:00Z,,,,structured,,,,True,2026-09-14T18:09:56+00:00,,,,
kalshi,KXNBAEAST-27-PHI,https://kalshi.com/markets/kxnbaeast/pro-basketball-eastern-conference-champion,https://kalshi.com/markets/kxnbaeast/pro-basketball-eastern-conference-champion/kxnbaeast-27,Will Philadelphia win the Pro Basketball Eastern Conference Finals in the 2026-27 season?,Philadelphia,KXNBAEAST-27,Pro Basketball Eastern Conference Champion,KXNBAEAST,Pro Basketball Eastern Conference Champion,Sports,"[""Basketball""]",open,binary,0.23,0.24,0.23,0.235,0.765,0.235,0.01,695571.94,61440.93,418492.58,0,2026-06-16T20:00:00Z,2029-06-29T14:00:00Z,2029-06-29T14:00:00Z,,,,structured,,,,True,2026-09-14T18:10:35+00:00,,,,
kalshi,KXPRESNOMD-28-ZMAM,https://kalshi.com/markets/kxpresnomd/democratic-primary-winner,https://kalshi.com/markets/kxpresnomd/democratic-primary-winner/kxpresnomd-28,Will Zohran Mamdani be the Democratic Presidential nominee in 2028?,Zohran Mamdani,KXPRESNOMD-28,2028 Democratic presidential nominee,KXPRESNOMD,Democratic Primary winner,Elections,"[""2028"", ""US Elections""]",open,binary,0.001,0.002,0.001,0.0015,0.9985,0.0015,0.001,8568963.91,61084.55,3959266.05,0,2025-06-27T15:28:00Z,2028-11-07T15:00:00Z,2028-11-07T15:00:00Z,,,,custom,,,,True,2026-09-14T18:10:58+00:00,,,,
kalshi,KXLIGAMXGAME-26SEP14LEOASL-LEO,https://kalshi.com/markets/kxligamxgame/liga-mx-game,https://kalshi.com/markets/kxligamxgame/liga-mx-game/kxligamxgame-26sep14leoasl,Leon wins,Leon,KXLIGAMXGAME-26SEP14LEOASL,Leon vs San Luis,KXLIGAMXGAME,Liga MX Game,Sports,"[""Soccer""]",open,binary,0.5,0.51,0.51,0.505,0.495,0.505,0.01,76768.39,60872.61,68316.67,0,2026-09-08T05:35:00Z,2026-09-17T01:00:00Z,2026-09-17T01:00:00Z,,,,structured,,,,True,2026-09-14T18:09:59+00:00,,,,
kalshi,KXRETIREMM-26,https://kalshi.com/markets/kxretiremm/mitch-mcconnell-resigning,https://kalshi.com/markets/kxretiremm/mitch-mcconnell-resigning/kxretiremm-26,Will Mitch McConnell resign his office early?,Before election day 2026,KXRETIREMM-26,Will Mitch McConnell resign his office before the midterms?,KXRETIREMM,Mitch McConnell resigning,Politics,"[""Congress""]",open,binary,0.062,0.069,0.063,0.0655,0.9345,0.0655,0.007,3307629.26,60828.05,1308528.73,0,2024-12-21T15:00:00Z,2026-11-03T15:00:00Z,2026-11-03T15:00:00Z,,,,,,,,True,2026-09-14T18:10:59+00:00,,,,
kalshi,KXATPCHALLENGERMATCH-26SEP14STAPAS-PAS,https://kalshi.com/markets/kxatpchallengermatch/challenger-atp,https://kalshi.com/markets/kxatpchallengermatch/challenger-atp/kxatpchallengermatch-26sep14stapas,Roger Pascual Ferra wins,Roger Pascual Ferra,KXATPCHALLENGERMATCH-26SEP14STAPAS,Staeheli vs Pascual Ferra,KXATPCHALLENGERMATCH,Challenger ATP ,Sports,"[""Tennis""]",open,binary,0.86,0.88,0.87,0.87,0.13,0.87,0.02,63921.18,60706.47,56660.52,0,2026-09-14T05:10:00Z,2026-09-28T17:00:00Z,2026-09-28T17:00:00Z,,,,structured,,,,True,2026-09-14T18:09:39+00:00,,,,
kalshi,KXNFLGAME-26SEP17DETBUF-BUF,https://kalshi.com/markets/kxnflgame/professional-football-game,https://kalshi.com/markets/kxnflgame/professional-football-game/kxnflgame-26sep17detbuf,Buffalo wins,Buffalo,KXNFLGAME-26SEP17DETBUF,DET Lions vs BUF Bills,KXNFLGAME,Professional Football Game,Sports,"[""Football""]",open,binary,0.65,0.66,0.66,0.655,0.345,0.655,0.01,91122.84,60678.35,77786.27,0,2026-08-25T15:33:00Z,2026-09-20T00:15:00Z,2026-09-20T00:15:00Z,,,,structured,,,,True,2026-09-14T18:10:11+00:00,,,,
kalshi,KXNFL1HTOTAL-26SEP14DENKC-21,https://kalshi.com/markets/kxnfl1htotal/pro-football-1st-half-total-points,https://kalshi.com/markets/kxnfl1htotal/pro-football-1st-half-total-points/kxnfl1htotal-26sep14denkc,Will there be over 20.5 1H points scored?,Over 20.5 1H points scored,KXNFL1HTOTAL-26SEP14DENKC,DEN Broncos vs KC Chiefs: 1st Half Total,KXNFL1HTOTAL,Pro Football 1st  Half Total Points,Sports,"[""Football""]",open,binary,0.49,0.5,0.49,0.495,0.505,0.495,0.01,63666.28,60603.05,60669.39,0,2026-09-02T18:37:00Z,2026-09-17T00:15:00Z,2026-09-17T00:15:00Z,,,,greater,20.5,,,True,2026-09-14T18:10:04+00:00,,,,
polymarket,0xd8577e71c177925a0af8752bd193d7e092ef7386fda3dfc1d3a5b1e8fc2b4f5a,https://polymarket.com/event/bitcoin-above-on-september-15-2026/bitcoin-above-76k-on-september-15-2026,,"Will the price of Bitcoin be above $76,000 on September 15?","76,000",988776,Bitcoin above ___ on September 15?,bitcoin-above-on-september-15-2026,Bitcoin above ___ on September 15?,,[],open,binary,0.978,0.982,0.981,0.98,0.02,0.98,0.004,68275.52682299998,60412.82106499998,,45995.95777,2026-09-08T16:00:32Z,2026-09-15T16:00:00Z,2026-09-15T16:00:00Z,,,,,,,,,2026-09-14T18:09:38+00:00,20.5,"[""Yes"", ""No""]","[0.98, 0.02]",31273648073790124149276796654051678393247930387456087725626613921102228033207
kalshi,KXNFLFIRSTTD-26SEP14DENKC-KCTKELCE87,https://kalshi.com/markets/kxnflfirsttd/pro-football-first-touchdown,https://kalshi.com/markets/kxnflfirsttd/pro-football-first-touchdown/kxnflfirsttd-26sep14denkc,Travis Kelce: 1st Touchdown,Travis Kelce,KXNFLFIRSTTD-26SEP14DENKC,Denver vs Kansas City: 1st Touchdown,KXNFLFIRSTTD,Pro Football First Touchdown,Sports,"[""Football""]",open,binary,0.06,0.07,0.07,0.065,0.935,0.065,0.01,62462.53,60404.29,62354.71,0,2026-09-04T21:04:00Z,2026-09-17T00:15:00Z,2026-09-17T00:15:00Z,,,,structured,,,,True,2026-09-14T18:10:01+00:00,,,,
kalshi,KXWTI-26SEP1414-T102.49,https://kalshi.com/markets/kxwti/wti-oil-on-day,https://kalshi.com/markets/kxwti/wti-oil-on-day/kxwti-26sep1414,"Will the WTI crude oil settlement price be above 102.49 USD/Bbl on Sep 14, 2026?",Above $102.49,KXWTI-26SEP1414,"Oil Price (WTI) on Sep 14, 2026?",KXWTI,WTI oil on day,Commodities,"[""Oil & Gas""]",open,binary,0.01,0.03,0.01,0.02,0.98,0.02,0.02,63499.06,60347.36,16380.67,0,2026-09-10T23:30:00Z,2026-09-14T18:30:00Z,2026-09-21T19:30:00Z,,,,greater,102.49,,,True,2026-09-14T18:09:48+00:00,,,,
polymarket,0x059db22dae2d735516017d47d1def0ea43e5d7221259c3aaa60c090d32566d4e,https://polymarket.com/event/fed-rate-hike-by/fed-rate-hike-by-october-2026-meeting,,Fed Rate Hike by October 2026 Meeting?,October Meeting,329566,Fed rate hike by...?,fed-rate-hike-by,Fed rate hike by...?,,[],open,binary,0.9,0.91,0.9,0.905,0.095,0.905,0.01,852908.6119349998,60211.259449,,108529.967,2026-03-31T21:37:32.25Z,2026-12-09T00:00:00Z,2026-12-09T00:00:00Z,,,,,,,,,2026-09-14T18:09:38+00:00,7,"[""Yes"", ""No""]","[0.905, 0.095]",55971470416346250683160735704399570247011109335331406752116975462530324793173
kalshi,KXGOVCA-26-SHIL,https://kalshi.com/markets/kxgovca/california-governor-s-race,https://kalshi.com/markets/kxgovca/california-governor-s-race/kxgovca-26,Who will win the governorship in California?,Steve Hilton,KXGOVCA-26,California Governor winner? (Person),KXGOVCA,California Governor's race,Elections,"[""US Elections"", ""Governor""]",open,binary,0.039,0.044,0.044,0.0415,0.9585,0.0415,0.005,8535885.19,60186.29,4297846.03,0,2025-05-16T14:00:00Z,2027-11-03T15:00:00Z,2027-11-03T15:00:00Z,,,,custom,,,,True,2026-09-14T18:10:58+00:00,,,,
polymarket,0xe22296145ee2a1415536e271bd38371e53d7577bcb446c5d61cb615c5ae282c6,https://polymarket.com/event/pro-football-2027-champion-20260729185915366/will-the-philadelphia-eagles-win-the-2027-nfl-league-championship,,Will the Philadelphia Eagles win the 2027 NFL league championship?,Philadelphia Eagles,202857,Pro Football: 2027 Champion,pro-football-2027-champion-20260729185915366,Pro Football: 2027 Champion,,[],open,binary,0.047,0.048,0.047,0.0475,0.9525,0.0475,0.001,1382744.8224049998,59669.99492399999,,121869.59804,2026-02-09T00:44:18.396Z,2027-03-31T23:55:00Z,2027-03-31T23:55:00Z,,,,,,,,,2026-09-14T18:09:38+00:00,0.6,"[""Yes"", ""No""]","[0.0475, 0.9525]",67550420979177489996180069723505955888038150368085668640711886592732638036902
polymarket,0x3da2b68157801d0bb95d2f33d960094b1046423b244a9f8c11c23ace65270fbd,https://polymarket.com/event/sea-int-udi-2026-09-14-more-markets/sea-int-udi-2026-09-14-spread-away-1pt5,,Spread: Udinese Calcio (-1.5),Udinese Calcio (-1.5),945982,FC Internazionale Milano vs. Udinese Calcio - More Markets,sea-int-udi-2026-09-14-more-markets,FC Internazionale Milano vs. Udinese Calcio - More Markets,,[],open,binary,0.016,0.017,0.017,0.0165,0.9835,0.0165,0.001,59436.192833,59333.15253300001,,116806.48585,2026-09-01T05:00:34Z,2026-09-14T18:45:00Z,2026-09-14T18:45:00Z,,,,,,,,,2026-09-14T18:09:38+00:00,-0.25,"[""Udinese Calcio"", ""FC Internazionale Milano""]","[0.0165, 0.9835]",15764677763909065103403825266510385915381560385397499786328412191360289864912
kalshi,KXHIGHLAX-26SEP14-T82,https://kalshi.com/markets/kxhighlax/highest-temperature-in-los-angeles,https://kalshi.com/markets/kxhighlax/highest-temperature-in-los-angeles/kxhighlax-26sep14,"Will the maximum temperature be >82° on Sep 14, 2026?",83° or above,KXHIGHLAX-26SEP14,"Highest temperature in Los Angeles on Sep 14, 2026?",KXHIGHLAX,Highest temperature in Los Angeles,Climate and Weather,"[""Daily temperature""]",open,binary,0.08,0.11,0.11,0.095,0.905,0.095,0.03,60678.05,59295.76,41913.53,0,2026-09-13T14:00:00Z,2026-09-15T08:00:00Z,2026-09-21T14:00:00Z,,,,greater,82,,CLILAX,True,2026-09-14T18:09:41+00:00,,,,
kalshi,KXNFLMVP-27-LJAC,https://kalshi.com/markets/kxnflmvp/ap-pro-football-regular-season-mvp,https://kalshi.com/markets/kxnflmvp/ap-pro-football-regular-season-mvp/kxnflmvp-27,Will Lamar Jackson win the MVP?,Lamar Jackson,KXNFLMVP-27,MVP Winner?,KXNFLMVP,AP Pro Football Regular Season MVP,Sports,"[""Football""]",open,binary,0.11,0.12,0.12,0.115,0.885,0.115,0.01,622748.68,59180.53,588606.12,0,2026-02-08T20:30:00Z,2028-02-12T15:00:00Z,2028-02-12T15:00:00Z,,,,structured,,,,True,2026-09-14T18:10:52+00:00,,,,
kalshi,KXNFLAFCCHAMP-27-JAC,https://kalshi.com/markets/kxnflafcchamp/american-football-conference-champion,https://kalshi.com/markets/kxnflafcchamp/american-football-conference-champion/kxnflafcchamp-27,Will Jacksonville win the Pro Football AFC Championship?,Jacksonville,KXNFLAFCCHAMP-27,AFC Championship Winner,KXNFLAFCCHAMP,American Football Conference Champion,Sports,"[""Football""]",open,binary,0.07,0.08,0.08,0.075,0.925,0.075,0.01,273792.85,59051.91,247716.01,0,2026-02-07T15:00:00Z,2027-02-22T15:00:00Z,2027-02-22T15:00:00Z,,,,structured,,,,True,2026-09-14T18:10:52+00:00,,,,
kalshi,KXMLB-26-BAL,https://kalshi.com/markets/kxmlb/world-series,https://kalshi.com/markets/kxmlb/world-series/kxmlb-26,Will Baltimore win the 2026 Pro Baseball Championship?,Baltimore,KXMLB-26,Pro Baseball Champion,KXMLB,World Series,Sports,"[""Baseball""]",open,binary,0.001,0.002,0.001,0.0015,0.9985,0.0015,0.001,2334468.57,58942.52,1387172.42,0,2025-12-17T15:00:00Z,2028-10-31T04:00:00Z,2028-10-31T04:00:00Z,,,,structured,,,,True,2026-09-14T18:10:55+00:00,,,,
kalshi,KXBTCD-26SEP1417-T75999.99,https://kalshi.com/markets/kxbtcd/bitcoin-price-above-below,https://kalshi.com/markets/kxbtcd/bitcoin-price-above-below/kxbtcd-26sep1417,"Bitcoin price on Sep 14, 2026?","$76,000 or above",KXBTCD-26SEP1417,"BTC price on Sep 14, 2026 at 5pm EDT?",KXBTCD,Bitcoin price Above/below,Crypto,"[""Hourly"", ""BTC""]",open,binary,0.99,1,0.99,0.995,0.005,0.995,0.01,58861.85,58861.85,37420.95,0,2026-09-13T20:00:00Z,2026-09-14T21:00:00Z,2026-09-21T21:00:00Z,,,,greater,75999.99,,BRTI,True,2026-09-14T18:09:42+00:00,,,,
polymarket,0x524ce344b80a160c237d91a33efdd8b82468b0dc0d33f60d500f8bf69b80b8bb,https://polymarket.com/event/israel-x-iran-ceasefire-continues-throughptptpt-20260716224448963/israel-x-iran-ceasefire-continues-through-september-30,,Israel x Iran ceasefire continues through September 30?,September 30,711714,Israel x Iran ceasefire continues through...?,israel-x-iran-ceasefire-continues-throughptptpt-20260716224448963,Israel x Iran ceasefire continues through...?,,[],open,binary,0.91,0.92,0.92,0.915,0.085,0.915,0.01,1959818.360582,58130.13389300001,,117077.4004,2026-08-07T14:29:57.222095Z,2026-09-30T20:29:00Z,2026-09-30T20:29:00Z,,,,,,,,,2026-09-14T18:09:38+00:00,3,"[""Yes"", ""No""]","[0.915, 0.085]",110124369154659006328320349797831539154282530245624469518430389053088403535939
polymarket,0x0a99dd63342b188ff83638cff76241a4da9c79b25af8bc988d49926294c7520b,https://polymarket.com/event/swe2-nor-vbg-2026-09-14/swe2-nor-vbg-2026-09-14-vbg,,Will Varbergs BoIS win on 2026-09-14?,Varbergs BoIS,989021,Norrby IF vs. Varbergs BoIS,swe2-nor-vbg-2026-09-14,Norrby IF vs. Varbergs BoIS,,[],open,binary,0.1,0.66,0.14,0.38,0.62,0.38,0.56,57396.216086000015,57396.216086,,305.0203,2026-09-08T16:55:13Z,2026-09-14T17:00:00Z,2026-09-14T17:00:00Z,,,,,,,,,2026-09-14T18:09:38+00:00,-3,"[""Yes"", ""No""]","[0.38, 0.62]",89617696094449238923689705226925564812082574513012421705415671714517670635368
kalshi,KXMLB-26-AZ,https://kalshi.com/markets/kxmlb/world-series,https://kalshi.com/markets/kxmlb/world-series/kxmlb-26,Will Arizona win the 2026 Pro Baseball Championship?,Arizona,KXMLB-26,Pro Baseball Champion,KXMLB,World Series,Sports,"[""Baseball""]",open,binary,0.005,0.006,0.008,0.0055,0.9945,0.0055,0.001,2140725.98,57187.74,1584711.03,0,2025-12-17T15:00:00Z,2028-10-31T04:00:00Z,2028-10-31T04:00:00Z,,,,structured,,,,True,2026-09-14T18:10:55+00:00,,,,
kalshi,KXMLBGAME-26SEP141840CWSCLE-CLE,https://kalshi.com/markets/kxmlbgame/professional-baseball-game,https://kalshi.com/markets/kxmlbgame/professional-baseball-game/kxmlbgame-26sep141840cwscle,Cleveland wins,Cleveland,KXMLBGAME-26SEP141840CWSCLE,Chicago WS vs Cleveland,KXMLBGAME,Professional Baseball Game,Sports,"[""Baseball""]",open,binary,0.59,0.6,0.6,0.595,0.405,0.595,0.01,58718.23,57174.06,53208.51,0,2026-09-11T22:55:00Z,2026-09-17T22:40:00Z,2026-09-17T22:40:00Z,,,,structured,,,,True,2026-09-14T18:09:44+00:00,,,,
kalshi,KXNFLGAME-26SEP17DETBUF-DET,https://kalshi.com/markets/kxnflgame/professional-football-game,https://kalshi.com/markets/kxnflgame/professional-football-game/kxnflgame-26sep17detbuf,Detroit wins,Detroit,KXNFLGAME-26SEP17DETBUF,DET Lions vs BUF Bills,KXNFLGAME,Professional Football Game,Sports,"[""Football""]",open,binary,0.33,0.34,0.34,0.335,0.665,0.335,0.01,84042.34,57021.73,62871.96,0,2026-08-25T15:33:00Z,2026-09-20T00:15:00Z,2026-09-20T00:15:00Z,,,,structured,,,,True,2026-09-14T18:10:11+00:00,,,,
polymarket,0x0899d5725708abad60551302f98e3d3e31617f6954a7a00bb5ac9b273e5ab110,https://polymarket.com/event/sea-tor-rom-2026-09-14/sea-tor-rom-2026-09-14-draw,,Will Torino FC vs. AS Roma end in a draw?,Draw (Torino FC vs. AS Roma),944639,Torino FC vs. AS Roma,sea-tor-rom-2026-09-14,Torino FC vs. AS Roma,,[],open,binary,0.13,0.14,0.14,0.135,0.865,0.135,0.01,57293.93598700002,56927.506627,,94197.7174,2026-08-31T23:00:16Z,2026-09-14T16:30:00Z,2026-09-14T16:30:00Z,,,,,,,,,2026-09-14T18:09:38+00:00,-9,"[""Yes"", ""No""]","[0.135, 0.865]",32077949994709327657433862397598853233292611758204122771616882348373924274905
kalshi,KXSUPERLIGGAME-26SEP14GAZFEN-GAZ,https://kalshi.com/markets/kxsuperliggame/turkish-super-lig-game,https://kalshi.com/markets/kxsuperliggame/turkish-super-lig-game/kxsuperliggame-26sep14gazfen,Gaziantep wins,Gaziantep,KXSUPERLIGGAME-26SEP14GAZFEN,Gaziantep vs Fenerbahce,KXSUPERLIGGAME,Turkish Super Lig Game,Sports,"[""Soccer""]",open,binary,0.13,0.14,0.13,0.135,0.865,0.135,0.01,68003.08,56743.45,51114.25,0,2026-09-10T00:37:00Z,2026-09-16T17:00:00Z,2026-09-16T17:00:00Z,,,,structured,,,,True,2026-09-14T18:09:57+00:00,,,,
kalshi,KXNFLFIRSTTD-26SEP14DENKC-DENBNIX10,https://kalshi.com/markets/kxnflfirsttd/pro-football-first-touchdown,https://kalshi.com/markets/kxnflfirsttd/pro-football-first-touchdown/kxnflfirsttd-26sep14denkc,Bo Nix: 1st Touchdown,Bo Nix,KXNFLFIRSTTD-26SEP14DENKC,Denver vs Kansas City: 1st Touchdown,KXNFLFIRSTTD,Pro Football First Touchdown,Sports,"[""Football""]",open,binary,0.03,0.04,0.04,0.035,0.965,0.035,0.01,61640.32,56715.69,61329.73,0,2026-09-04T21:04:00Z,2026-09-17T00:15:00Z,2026-09-17T00:15:00Z,,,,structured,,,,True,2026-09-14T18:10:01+00:00,,,,
kalshi,KXNFLNFCCHAMP-27-CHI,https://kalshi.com/markets/kxnflnfcchamp/national-football-conference-champion,https://kalshi.com/markets/kxnflnfcchamp/national-football-conference-champion/kxnflnfcchamp-27,Will Chicago win the Pro Football NFC Championship?,Chicago,KXNFLNFCCHAMP-27,NFC Championship Winner,KXNFLNFCCHAMP,National Football Conference Champion,Sports,"[""Football""]",open,binary,0.08,0.1,0.1,0.09,0.91,0.09,0.02,466959.89,56687.11,412613.41,0,2026-02-07T15:00:00Z,2027-02-22T15:00:00Z,2027-02-22T15:00:00Z,,,,structured,,,,True,2026-09-14T18:10:52+00:00,,,,
kalshi,KXBTCY-27JAN0100-B77500,https://kalshi.com/markets/kxbtcy/btc-price-range-eoy,https://kalshi.com/markets/kxbtcy/btc-price-range-eoy/kxbtcy-27jan0100,"BTC price  on Jan 1, 2027?","75,000 to 79,999.99",KXBTCY-27JAN0100,Bitcoin price at the end of 2026,KXBTCY,BTC price range EOY,Crypto,"[""BTC""]",open,binary,0.142,0.144,0.142,0.143,0.857,0.143,0.002,2658253.47,56545.3,284806.84,0,2026-02-25T23:25:29Z,2027-01-01T05:00:00Z,2027-01-08T05:00:00Z,,,,between,75000,79999.99,,True,2026-09-14T18:10:51+00:00,,,,
polymarket,0xcf25ccc8360f3952139fb5e3f14cb9bb0636cb53d0e30e947321ceccab7e9780,https://polymarket.com/event/what-price-will-ethereum-hit-before-2027/will-ethereum-dip-to-1500-by-december-31-2026-865-787,,"Will Ethereum dip to $1,500 by December 31, 2026?","↓ 1,500",89519,What price will Ethereum hit in 2026?,what-price-will-ethereum-hit-before-2027,What price will Ethereum hit in 2026?,,[],open,binary,0.112,0.126,0.128,0.119,0.881,0.119,0.014,2649453.1335370005,56407.139775,,74244.52162,2025-11-24T19:27:14.681Z,2027-01-01T05:00:00Z,2027-01-01T05:00:00Z,,,,,,,,,2026-09-14T18:09:38+00:00,-0.75,"[""Yes"", ""No""]","[0.119, 0.881]",101639751789549589765350117072740510018809594718571111931328241076831078702528
kalshi,KXBTCD-26SEP1417-T78249.99,https://kalshi.com/markets/kxbtcd/bitcoin-price-above-below,https://kalshi.com/markets/kxbtcd/bitcoin-price-above-below/kxbtcd-26sep1417,"Bitcoin price on Sep 14, 2026?","$78,250 or above",KXBTCD-26SEP1417,"BTC price on Sep 14, 2026 at 5pm EDT?",KXBTCD,Bitcoin price Above/below,Crypto,"[""Hourly"", ""BTC""]",open,binary,0.92,0.94,0.92,0.93,0.07,0.93,0.02,59513.47,56370.88,16804.12,0,2026-09-13T20:00:00Z,2026-09-14T21:00:00Z,2026-09-21T21:00:00Z,,,,greater,78249.99,,BRTI,True,2026-09-14T18:09:42+00:00,,,,
kalshi,KXMLBSEASONGAMES-27-600,https://kalshi.com/markets/kxmlbseasongames/pro-baseball-games-played-in-a-season,https://kalshi.com/markets/kxmlbseasongames/pro-baseball-games-played-in-a-season/kxmlbseasongames-27,Will more than 600 games be played in the 2027 Pro Baseball regular season?,More than 600 games,KXMLBSEASONGAMES-27,Pro Baseball · Games Played in the 2027 Season,KXMLBSEASONGAMES,Pro Baseball Games Played in a Season,Sports,"[""Baseball""]",open,binary,0.83,0.84,0.83,0.835,0.165,0.835,0.01,89487.78,55617.77,13169.79,0,2026-08-26T22:00:00Z,2027-11-07T14:00:00Z,2027-11-07T14:00:00Z,,,,greater,600,,,True,2026-09-14T18:10:10+00:00,,,,
kalshi,SENATENE-26-DOSB,https://kalshi.com/markets/senatene/nebraska-senate-race,https://kalshi.com/markets/senatene/nebraska-senate-race/senatene-26,Will Dan Osborn (as an independent)s win the Senate race in Nebraska?,Dan Osborn,SENATENE-26,Nebraska Senate winner?,SENATENE,Nebraska Senate race,Elections,"[""Senate""]",open,binary,0.29,0.31,0.32,0.3,0.7,0.3,0.02,483668.98,55544.9,320359.96,0,2025-09-09T16:00:00Z,2027-11-03T15:00:00Z,2027-11-03T15:00:00Z,,,,structured,,,,True,2026-09-14T18:10:57+00:00,,,,
kalshi,KXEPLGAME-26SEP14LEENEW-TIE,https://kalshi.com/markets/kxeplgame/english-premier-league-game,https://kalshi.com/markets/kxeplgame/english-premier-league-game/kxeplgame-26sep14leenew,Tie is the result,Tie,KXEPLGAME-26SEP14LEENEW,Leeds United vs Newcastle,KXEPLGAME,English Premier League Game,Sports,"[""Soccer""]",open,binary,0.27,0.28,0.28,0.275,0.725,0.275,0.01,79171.19,55460.72,76988.03,0,2026-08-31T00:37:00Z,2026-09-17T01:00:00Z,2026-09-17T01:00:00Z,,,,structured,,,,True,2026-09-14T18:10:09+00:00,,,,
polymarket,0xbfeb6d4cf3eab6071e204219b0647c8224d63a12778df467311b5f2a4b3a5bd4,https://polymarket.com/event/michigan-senate-election-winner/will-the-democrats-win-the-michigan-senate-race-in-2026,,Will the Democrats win the Michigan Senate race in 2026?,Abdul El-Sayed (D),57658,Michigan Senate Election Winner,michigan-senate-election-winner,Michigan Senate Election Winner,,[],open,binary,0.61,0.62,0.62,0.615,0.385,0.615,0.01,449617.05834600015,55442.05792000001,,135931.5641,2025-10-13T21:43:07.537005Z,,,,,,,,,,,2026-09-14T18:09:38+00:00,-1,"[""Yes"", ""No""]","[0.615, 0.385]",71772627544132140586824126381855151743830987860593343955509593715269534710061
polymarket,0x5227ec1a1a570b698af69d3e03708cd9b305fd938161530774e0ea35feeda72e,https://polymarket.com/event/epl-lee-new-2026-09-14-exact-score/epl-lee-new-2026-09-14-exact-score-1-3,,Exact Score: Leeds United FC 1 - 3 Newcastle United FC?,Leeds United FC 1 - 3 Newcastle United FC,945730,Leeds United FC vs. Newcastle United FC - Exact Score,epl-lee-new-2026-09-14-exact-score,Leeds United FC vs. Newcastle United FC - Exact Score,,[],open,binary,0.031,0.034,0.034,0.0325,0.9675,0.0325,0.003,55409.256835,55409.256835,,187408.90434,2026-09-01T04:00:33Z,2026-09-14T19:00:00Z,2026-09-14T19:00:00Z,,,,,,,,,2026-09-14T18:09:38+00:00,0.1,"[""Yes"", ""No""]","[0.0325, 0.9675]",54548139660142830149469744248721718998131501950762749698470818350638381179157
kalshi,KXPGATOUR-BICA26-JKOI,https://kalshi.com/markets/kxpgatour/pga-tour,https://kalshi.com/markets/kxpgatour/pga-tour/kxpgatour-bica26,Will Jackson Koivun win the Biltmore Championship Asheville?,Jackson Koivun,KXPGATOUR-BICA26,Biltmore Championship Asheville Winner,KXPGATOUR,PGA Tour,Sports,"[""Golf""]",open,binary,0.061,0.068,0.06,0.0645,0.9355,0.0645,0.007,55385.66,55385.66,42068.98,0,2026-09-13T23:05:00Z,2026-10-04T00:00:00Z,2026-10-04T00:00:00Z,,,,structured,,,,True,2026-09-14T18:09:40+00:00,,,,
kalshi,KXNFLFIRSTTD-26SEP14DENKC-KCNGRAY83,https://kalshi.com/markets/kxnflfirsttd/pro-football-first-touchdown,https://kalshi.com/markets/kxnflfirsttd/pro-football-first-touchdown/kxnflfirsttd-26sep14denkc,Noah Gray: 1st Touchdown,Noah Gray,KXNFLFIRSTTD-26SEP14DENKC,Denver vs Kansas City: 1st Touchdown,KXNFLFIRSTTD,Pro Football First Touchdown,Sports,"[""Football""]",open,binary,0.01,0.02,0.02,0.015,0.985,0.015,0.01,56415.16,55371.19,56415.16,0,2026-09-04T21:04:00Z,2026-09-17T00:15:00Z,2026-09-17T00:15:00Z,,,,structured,,,,True,2026-09-14T18:10:01+00:00,,,,
kalshi,CONTROLS-2026-R,https://kalshi.com/markets/controls/senate-winner,https://kalshi.com/markets/controls/senate-winner/controls-2026,Will Republicans win the U.S. Senate in 2026?,Republican Party,CONTROLS-2026,Which party will win the U.S. Senate?,CONTROLS,Senate winner,Elections,"[""US Elections""]",open,binary,0.5,0.51,0.51,0.505,0.495,0.505,0.01,4753942.28,55188.49,2697162.57,0,2024-11-06T15:00:00Z,2027-02-01T15:00:00Z,2027-02-01T15:00:00Z,,,,structured,,,,True,2026-09-14T18:10:59+00:00,,,,
kalshi,KXNFLMVP-27-DPRE,https://kalshi.com/markets/kxnflmvp/ap-pro-football-regular-season-mvp,https://kalshi.com/markets/kxnflmvp/ap-pro-football-regular-season-mvp/kxnflmvp-27,Will Dak Prescott win the MVP?,Dak Prescott,KXNFLMVP-27,MVP Winner?,KXNFLMVP,AP Pro Football Regular Season MVP,Sports,"[""Football""]",open,binary,0.03,0.04,0.03,0.035,0.965,0.035,0.01,1025580.95,54529.9,918459.15,0,2026-02-08T20:30:00Z,2028-02-12T15:00:00Z,2028-02-12T15:00:00Z,,,,structured,,,,True,2026-09-14T18:10:52+00:00,,,,
polymarket,0xde64f0c49c7b26baa1ed2ebb7097574de5532c2237b779ab9b415e822c12a0a0,https://polymarket.com/event/iran-oman-hormuz-management-agreement-byptptpt-20260804222725871/iran-oman-hormuz-agreement-by-september-30-823-929,,Iran-Oman Hormuz Agreement by September 30?,September 30,798490,Iran-Oman Hormuz Management Agreement by...?,iran-oman-hormuz-management-agreement-byptptpt-20260804222725871,Iran-Oman Hormuz Management Agreement by...?,,[],open,binary,0.22,0.23,0.23,0.225,0.775,0.225,0.01,651669.118,54247.716956000004,,25632.7843,2026-08-10T15:26:17.86Z,2026-10-01T03:59:00Z,2026-10-01T03:59:00Z,,,,,,,,,2026-09-14T18:09:38+00:00,-26.5,"[""Yes"", ""No""]","[0.225, 0.775]",68003608521015222679268138757769131071496782683879354114198876947977145147842
kalshi,KXSERIEASPREAD-26SEP14COMPAR-COM3,https://kalshi.com/markets/kxserieaspread/serie-a-spread,https://kalshi.com/markets/kxserieaspread/serie-a-spread/kxserieaspread-26sep14compar,Como wins by more than 2.5 goals?,Como wins by more than 2.5 goals,KXSERIEASPREAD-26SEP14COMPAR,Como vs Parma Calcio: Spread,KXSERIEASPREAD,Serie A Spread,Sports,"[""Soccer""]",open,binary,0.05,0.07,0.05,0.06,0.94,0.06,0.02,57857.54,54189.51,29081.09,0,2026-09-07T17:06:00Z,2026-09-16T22:30:00Z,2026-09-16T22:30:00Z,,,,greater,2.5,,,True,2026-09-14T18:10:00+00:00,,,,
kalshi,KXMLB-26-NYY,https://kalshi.com/markets/kxmlb/world-series,https://kalshi.com/markets/kxmlb/world-series/kxmlb-26,Will New York Y win the 2026 Pro Baseball Championship?,New York Y,KXMLB-26,Pro Baseball Champion,KXMLB,World Series,Sports,"[""Baseball""]",open,binary,0.118,0.119,0.119,0.1185,0.8815,0.1185,0.001,3797969.29,53929.4,2047696.85,0,2025-12-17T15:00:00Z,2028-10-31T04:00:00Z,2028-10-31T04:00:00Z,,,,structured,,,,True,2026-09-14T18:10:55+00:00,,,,
kalshi,KXLALIGAGAME-26SEP16BARSAN-SAN,https://kalshi.com/markets/kxlaligagame/la-liga-game,https://kalshi.com/markets/kxlaligagame/la-liga-game/kxlaligagame-26sep16barsan,Santander wins,Santander,KXLALIGAGAME-26SEP16BARSAN,Barcelona vs Santander,KXLALIGAGAME,La Liga Game,Sports,"[""Soccer""]",open,binary,0.03,0.04,0.04,0.035,0.965,0.035,0.01,60312.57,53831.36,57879.14,0,2026-09-02T00:37:00Z,2026-09-19T01:30:00Z,2026-09-19T01:30:00Z,,,,structured,,,,True,2026-09-14T18:10:05+00:00,,,,
kalshi,KXMLB-26-SEA,https://kalshi.com/markets/kxmlb/world-series,https://kalshi.com/markets/kxmlb/world-series/kxmlb-26,Will Seattle win the 2026 Pro Baseball Championship?,Seattle,KXMLB-26,Pro Baseball Champion,KXMLB,World Series,Sports,"[""Baseball""]",open,binary,0,0.002,0.003,0.001,0.999,0.001,0.002,3362401.01,53610.4,2194452.7,0,2025-12-17T15:00:00Z,2028-10-31T04:00:00Z,2028-10-31T04:00:00Z,,,,structured,,,,True,2026-09-14T18:10:55+00:00,,,,
polymarket,0xfb727dd40abe3a21e1f020b664a9002802fcbea2c0ce8ae662b3cce880904580,https://polymarket.com/event/cs2-asc3-encep-2026-09-14/cs2-asc3-encep-2026-09-14-game2,,Counter-Strike: TEAM ASCEND vs ENCE Prospects - Map 2 Winner,Map 2 Winner,999429,Counter-Strike: TEAM ASCEND vs ENCE Prospects (BO3) - United21 Group A,cs2-asc3-encep-2026-09-14,Counter-Strike: TEAM ASCEND vs ENCE Prospects (BO3) - United21 Group A,,[],open,binary,0.48,0.49,0.48,0.485,0.515,0.485,0.01,53350.91113,53350.91113000001,,17353.8929,2026-09-10T14:35:24Z,2026-09-14T14:25:00Z,2026-09-14T14:25:00Z,,,,,,,,,2026-09-14T18:09:38+00:00,-2.5,"[""TEAM ASCEND"", ""ENCE Prospects""]","[0.485, 0.515]",101357385331859156368084312245897328335881890262862361014169511653480547616987
kalshi,KXNCAAFGAME-26SEP19BUFFPSU-BUFF,https://kalshi.com/markets/kxncaafgame/college-football-game,https://kalshi.com/markets/kxncaafgame/college-football-game/kxncaafgame-26sep19buffpsu,Buffalo wins,Buffalo,KXNCAAFGAME-26SEP19BUFFPSU,Buffalo vs Penn St.,KXNCAAFGAME,College Football Game,Sports,"[""Football""]",open,binary,0,0.01,0.01,0.005,0.995,0.005,0.01,79798.1,53333.32,79379.73,0,2026-09-05T16:08:00Z,2026-09-21T16:00:00Z,2026-09-21T16:00:00Z,,,,structured,,,,True,2026-09-14T18:10:01+00:00,,,,
polymarket,0x7b2e29ed526242f3de42df56d4199bb022dfabbea541c97d1691a559895f1d00,https://polymarket.com/event/elon-musk-of-tweets-september-8-september-15-2026/elon-musk-of-tweets-september-8-september-15-2026-220-239,,"Will Elon Musk post 220-239 tweets from September 8 to September 15, 2026?",220-239,967957,"Elon Musk # tweets September 8 - September 15, 2026?",elon-musk-of-tweets-september-8-september-15-2026,"Elon Musk # tweets September 8 - September 15, 2026?",,[],open,binary,0.016,0.017,0.017,0.0165,0.9835,0.0165,0.001,108095.32009800005,53191.456365,,8938.67022,2026-09-05T04:00:52Z,2026-09-15T16:00:00Z,2026-09-15T16:00:00Z,,,,,,,,,2026-09-14T18:09:38+00:00,0.2,"[""Yes"", ""No""]","[0.0165, 0.9835]",35882418431242361240336026283955238506729331413040576361570859596485537547346
kalshi,KXFED-26SEP-T3.75,https://kalshi.com/markets/kxfed/fed-funds-rate,https://kalshi.com/markets/kxfed/fed-funds-rate/kxfed-26sep,"Will the upper bound of the federal funds rate be above 3.75% following the Fed's Sep 16, 2026 meeting?",Above 3.75%,KXFED-26SEP,Fed funds rate after Sep 2026 meeting?,KXFED,Fed funds rate,Economics,"[""Fed""]",open,binary,0.85,0.86,0.86,0.855,0.145,0.855,0.01,898810.77,53191.05,514130.97,0,2025-08-06T14:30:00Z,2026-09-16T17:55:00Z,2026-09-23T18:05:00Z,,,,greater,3.75,,,True,2026-09-14T18:10:58+00:00,,,,
polymarket,0xa04f9a5818493b03a94d86c6323b7c9d8e060fa86b7e1ed3c0a2ad9a5517425b,https://polymarket.com/event/which-party-will-gain-most-seats-in-russian-parliamentary-election/will-a-just-russia-for-truth-srzp-gain-the-most-seats-in-the-next-russian-parliamentary-election,,Will A Just Russia – For Truth (SRZP) gain the most seats in the next Russian parliamentary election?,A Just Russia – For Truth (SRZP),149589,Which party will gain most seats in Russian Parliamentary Election?,which-party-will-gain-most-seats-in-russian-parliamentary-election,Which party will gain most seats in Russian Parliamentary Election?,,[],open,binary,0.001,0.002,0.002,0.0015,0.9985,0.0015,0.001,2680883.425937999,53053.280000000006,,447512.94013,2026-01-07T21:34:52.28413Z,2026-09-30T00:00:00Z,2026-09-30T00:00:00Z,,,,,,,,,2026-09-14T18:09:38+00:00,,"[""Yes"", ""No""]","[0.0015, 0.9985]",110147522983295364410360843655613380113369733862822151390122875655395261530519
kalshi,KXPRESNOMD-28-RC,https://kalshi.com/markets/kxpresnomd/democratic-primary-winner,https://kalshi.com/markets/kxpresnomd/democratic-primary-winner/kxpresnomd-28,Will Roy Cooper be the Democratic Presidential nominee in 2028?,Roy Cooper,KXPRESNOMD-28,2028 Democratic presidential nominee,KXPRESNOMD,Democratic Primary winner,Elections,"[""2028"", ""US Elections""]",open,binary,0.003,0.004,0.002,0.0035,0.9965,0.0035,0.001,3330993.69,52997.32,2916984.49,0,2024-11-06T15:00:00Z,2028-11-07T15:00:00Z,2028-11-07T15:00:00Z,,,,custom,,,,True,2026-09-14T18:10:59+00:00,,,,
polymarket,0x9f2db9609b71bc47a5b1676fc4f68e9d016b6caa7215eea9ab679edd4c762601,https://polymarket.com/event/lal-vil-bet-2026-09-14-more-markets/lal-vil-bet-2026-09-14-total-3pt5,,Villarreal CF vs. Real Betis Balompié: O/U 3.5,O/U 3.5,946385,Villarreal CF vs. Real Betis Balompié - More Markets,lal-vil-bet-2026-09-14-more-markets,Villarreal CF vs. Real Betis Balompié - More Markets,,[],open,binary,0.45,0.46,0.46,0.455,0.545,0.455,0.01,52802.71928299998,52791.10638099999,,238231.2566,2026-09-01T07:00:32Z,2026-09-14T19:00:00Z,2026-09-14T19:00:00Z,,,,,,,,,2026-09-14T18:09:38+00:00,7,"[""Over"", ""Under""]","[0.455, 0.545]",111540902108103174873736480509042822046710286043825795178498093835350697861201
kalshi,KXNFLGAME-26SEP20WASDAL-DAL,https://kalshi.com/markets/kxnflgame/professional-football-game,https://kalshi.com/markets/kxnflgame/professional-football-game/kxnflgame-26sep20wasdal,Dallas wins,Dallas,KXNFLGAME-26SEP20WASDAL,WAS Commanders vs DAL Cowboys,KXNFLGAME,Professional Football Game,Sports,"[""Football""]",open,binary,0.65,0.66,0.65,0.655,0.345,0.655,0.01,65578.85,52653.01,32570.23,0,2026-08-25T15:33:00Z,2026-09-22T20:25:00Z,2026-09-22T20:25:00Z,,,,structured,,,,True,2026-09-14T18:10:11+00:00,,,,
polymarket,0x93158447b78290c1abb5ccf3e025dd03290865972b3fc9c8d2803aa64ae1cbfd,https://polymarket.com/event/pro-football-2027-champion-20260729185915366/will-the-dallas-cowboys-win-the-2027-nfl-league-championship,,Will the Dallas Cowboys win the 2027 NFL league championship?,Dallas Cowboys,202857,Pro Football: 2027 Champion,pro-football-2027-champion-20260729185915366,Pro Football: 2027 Champion,,[],open,binary,0.042,0.043,0.042,0.0425,0.9575,0.0425,0.001,1406934.2979379997,52326.281602999996,,130069.86358,2026-02-09T00:42:37.814Z,2027-03-31T23:55:00Z,2027-03-31T23:55:00Z,,,,,,,,,2026-09-14T18:09:38+00:00,-1.4,"[""Yes"", ""No""]","[0.0425, 0.9575]",95250740975229568321286337983590034080899794989435247744887256482902867335355
kalshi,KXWTI-26SEP1414-T101.99,https://kalshi.com/markets/kxwti/wti-oil-on-day,https://kalshi.com/markets/kxwti/wti-oil-on-day/kxwti-26sep1414,"Will the WTI crude oil settlement price be above 101.99 USD/Bbl on Sep 14, 2026?",Above $101.99,KXWTI-26SEP1414,"Oil Price (WTI) on Sep 14, 2026?",KXWTI,WTI oil on day,Commodities,"[""Oil & Gas""]",open,binary,0.05,0.07,0.06,0.06,0.94,0.06,0.02,57988.61,52252.94,21788.57,0,2026-09-10T23:30:00Z,2026-09-14T18:30:00Z,2026-09-21T19:30:00Z,,,,greater,101.99,,,True,2026-09-14T18:09:48+00:00,,,,
kalshi,KXSERIEATOTAL-26SEP14COMPAR-6,https://kalshi.com/markets/kxserieatotal/serie-a-total,https://kalshi.com/markets/kxserieatotal/serie-a-total/kxserieatotal-26sep14compar,Will over 5.5 goals be scored?,Over 5.5 goals scored,KXSERIEATOTAL-26SEP14COMPAR,Como vs Parma Calcio: Total Goals,KXSERIEATOTAL,Serie A Total,Sports,"[""Soccer""]",open,binary,0,0.11,0.01,0.055,0.945,0.055,0.11,90353.18,52049.44,17463.93,0,2026-09-07T17:06:00Z,2026-09-16T22:30:00Z,2026-09-16T22:30:00Z,,,,greater,5.5,,,True,2026-09-14T18:10:00+00:00,,,,
kalshi,KXSB-27-ARI,https://kalshi.com/markets/kxsb/super-bowl,https://kalshi.com/markets/kxsb/super-bowl/kxsb-27,Will Arizona win the 2027 Pro Football Championship?,Arizona,KXSB-27,2027 Pro Football Champion,KXSB,Super Bowl,Sports,"[""Football""]",open,binary,0,0.01,0.01,0.005,0.995,0.005,0.01,441985.93,51921.01,441886.93,0,2026-02-08T20:00:00Z,2029-02-13T23:30:00Z,2029-02-13T23:30:00Z,,,,structured,,,,True,2026-09-14T18:10:52+00:00,,,,
kalshi,KXMLBTOTAL-26SEP141940ATLCHC-10,https://kalshi.com/markets/kxmlbtotal/pro-baseball-total-points,https://kalshi.com/markets/kxmlbtotal/pro-baseball-total-points/kxmlbtotal-26sep141940atlchc,Over 9.5 runs scored,Over 9.5 runs scored,KXMLBTOTAL-26SEP141940ATLCHC,Atlanta vs Chicago C: Total Runs,KXMLBTOTAL,Pro Baseball Total Points,Sports,"[""Baseball""]",open,binary,0.51,0.52,0.52,0.515,0.485,0.515,0.01,51939.23,51893.43,51698.66,0,2026-09-14T00:40:00Z,2026-09-17T23:40:00Z,2026-09-17T23:40:00Z,,,,greater,9.5,,,True,2026-09-14T18:09:40+00:00,,,,
polymarket,0x536b507838dcdac8966510d84abb8f1c51362d632ab2023b94e810ba6fdf5cb7,https://polymarket.com/event/brazil-presidential-election/will-augusto-cury-win-the-2026-brazilian-presidential-election,,Will Augusto Cury win the 2026 Brazilian presidential election?,Augusto Cury,45915,Brazil Presidential Election,brazil-presidential-election,Brazil Presidential Election,,[],open,binary,0.003,0.004,0.004,0.0035,0.9965,0.0035,0.001,4856520.658274002,51860.44543999999,,271976.40388,2025-09-18T20:08:19.443427Z,2026-10-04T00:00:00Z,2026-10-04T00:00:00Z,,,,,,,,,2026-09-14T18:09:38+00:00,-0.1,"[""Yes"", ""No""]","[0.0035, 0.9965]",61078489744701316174218443335134825688547680779921710765642429680039972907213
polymarket,0x54c3223841eb96410a37fb072126d62036f86beb1ff12039147326e1eef6d07c,https://polymarket.com/event/houthis-enter-aden-byptptpt/houthis-enter-aden-by-september-30-2026,,"Houthis enter Aden by September 30, 2026?",September 30,1000928,Houthis enter Aden by...?,houthis-enter-aden-byptptpt,Houthis enter Aden by...?,,[],open,binary,0.15,0.16,0.14,0.155,0.845,0.155,0.01,62688.78754700001,51789.01903000001,,22556.5995,2026-09-10T20:05:39Z,2026-10-01T03:59:00Z,2026-10-01T03:59:00Z,,,,,,,,,2026-09-14T18:09:38+00:00,2,"[""Yes"", ""No""]","[0.155, 0.845]",61956048536331428916384707059782480241558141608525705671477344792920313779730
polymarket,0x601b72cf13b40689481896f58e9cfeb26e0c39353235edb55d2370311b9d60ac,https://polymarket.com/event/us-x-iran-effective-ceasefire-begins-byptptpt-2-week-pause/us-x-iran-effective-ceasefire-by-september-18,,US x Iran Effective Ceasefire by September 18?,September 18,950983,US x Iran Effective Ceasefire begins by...? (2 week pause),us-x-iran-effective-ceasefire-begins-byptptpt-2-week-pause,US x Iran Effective Ceasefire begins by...? (2 week pause),,[],open,binary,0.965,0.971,0.961,0.968,0.032,0.968,0.006,140503.81155699998,51571.214161,,33795.44908,2026-09-02T00:24:21Z,2026-09-18T23:59:00Z,2026-09-18T23:59:00Z,,,,,,,,,2026-09-14T18:09:38+00:00,7.3,"[""Yes"", ""No""]","[0.968, 0.032]",33930423176084328693564470354230562130990103352279496084032098459555430581042
kalshi,KXNCAAF-27-LSU,https://kalshi.com/markets/kxncaaf/ncaaf-championship,https://kalshi.com/markets/kxncaaf/ncaaf-championship/kxncaaf-27,Will LSU win the College Football Playoff National Championship?,LSU,KXNCAAF-27,College Football National Championship Winner,KXNCAAF,NCAAF Championship,Sports,"[""Football""]",open,binary,0.08,0.09,0.09,0.085,0.915,0.085,0.01,3083244.4,51508.49,2760731.51,0,2026-01-21T22:00:00Z,2027-02-23T04:00:00Z,2027-02-23T04:00:00Z,,,,structured,,,,True,2026-09-14T18:10:54+00:00,,,,
kalshi,KXATPCHALLENGERMATCH-26SEP14BLAHAR-HAR,https://kalshi.com/markets/kxatpchallengermatch/challenger-atp,https://kalshi.com/markets/kxatpchallengermatch/challenger-atp/kxatpchallengermatch-26sep14blahar,Billy Harris wins,Billy Harris,KXATPCHALLENGERMATCH-26SEP14BLAHAR,Blanchet vs Harris,KXATPCHALLENGERMATCH,Challenger ATP ,Sports,"[""Tennis""]",open,binary,0.51,0.54,0.53,0.525,0.475,0.525,0.03,94225.37,51414.77,85665.77,0,2026-09-14T05:10:00Z,2026-09-28T17:00:00Z,2026-09-28T17:00:00Z,,,,structured,,,,True,2026-09-14T18:09:39+00:00,,,,
polymarket,0x2745c38ff0617cb345c1d2df19b4f74ea777508e07411e88eeb6ab3affcda2a2,https://polymarket.com/event/what-price-will-bitcoin-hit-before-2027/will-bitcoin-dip-to-35000-by-december-31-2026-744-877-748-219-467-465-646-211-122-947-537-552-555-361-972-954-635-887-657-996-643,,"Will Bitcoin dip to $35,000 by December 31, 2026?","↓ 35,000",89502,What price will Bitcoin hit in 2026?,what-price-will-bitcoin-hit-before-2027,What price will Bitcoin hit in 2026?,,[],open,binary,0.04,0.05,0.05,0.045,0.955,0.045,0.01,3280676.8824039986,51359.347362,,174486.4798,2025-11-24T19:07:19.763Z,2027-01-01T05:00:00Z,2027-01-01T05:00:00Z,,,,,,,,,2026-09-14T18:09:38+00:00,-1,"[""Yes"", ""No""]","[0.045, 0.955]",19830138103155427354579425893303398904208550475895360582465715721785944321950
kalshi,KXNFLNFCCHAMP-27-DAL,https://kalshi.com/markets/kxnflnfcchamp/national-football-conference-champion,https://kalshi.com/markets/kxnflnfcchamp/national-football-conference-champion/kxnflnfcchamp-27,Will Dallas win the Pro Football NFC Championship?,Dallas,KXNFLNFCCHAMP-27,NFC Championship Winner,KXNFLNFCCHAMP,National Football Conference Champion,Sports,"[""Football""]",open,binary,0.06,0.07,0.06,0.065,0.935,0.065,0.01,1046101.13,50832.25,586762.29,0,2026-02-07T15:00:00Z,2027-02-22T15:00:00Z,2027-02-22T15:00:00Z,,,,structured,,,,True,2026-09-14T18:10:52+00:00,,,,
polymarket,0xc98dd9cda4f8ba00b60ef5bdc78a29425fa66750cd18486d4c00ed60943b5f30,https://polymarket.com/event/dota2-tm6-ic-2026-09-14/dota2-tm6-ic-2026-09-14-game1,,Dota 2: Two Move vs Inner Circle - Game 1 Winner,Game 1 Winner,1018763,Dota 2: Two Move vs Inner Circle (BO3) - European Pro League Group B,dota2-tm6-ic-2026-09-14,Dota 2: Two Move vs Inner Circle (BO3) - European Pro League Group B,,[],open,binary,0.999,1,0.999,0.9995,0.0005,0.9995,0.001,50809.710418,50809.710418,,122891.205,2026-09-13T19:30:00Z,2026-09-14T21:15:00Z,2026-09-14T21:15:00Z,,,,,,,,,2026-09-14T18:09:38+00:00,,"[""Two Move"", ""Inner Circle""]","[0.9995, 0.0005]",4409687208269591260151855773179041034207597161696578202603286695579260896837
kalshi,KXMLB-26-CLE,https://kalshi.com/markets/kxmlb/world-series,https://kalshi.com/markets/kxmlb/world-series/kxmlb-26,Will Cleveland win the 2026 Pro Baseball Championship?,Cleveland,KXMLB-26,Pro Baseball Champion,KXMLB,World Series,Sports,"[""Baseball""]",open,binary,0.026,0.028,0.028,0.027,0.973,0.027,0.002,2203165.27,50419.07,1500915.73,0,2025-12-17T15:00:00Z,2028-10-31T04:00:00Z,2028-10-31T04:00:00Z,,,,structured,,,,True,2026-09-14T18:10:55+00:00,,,,
polymarket,0x46477994c02fdd4f7be7eacc58d343457d80333d92e5c4ad9a3117274d0e5639,https://polymarket.com/event/kharg-island-no-longer-under-iranian-control-by-march-31/kharg-island-no-longer-under-iranian-control-by-september-30-20260730004207224,,Kharg Island no longer under Iranian control by September 30?,September 30,267102,Kharg Island no longer under Iranian control by...?,kharg-island-no-longer-under-iranian-control-by-march-31,Kharg Island no longer under Iranian control by...?,,[],open,binary,0.013,0.014,0.016,0.0135,0.9865,0.0135,0.001,1386694.171235,50385.326862,,151251.2128,2026-07-30T00:49:43.16103Z,2026-10-01T03:59:00Z,2026-10-01T03:59:00Z,,,,,,,,,2026-09-14T18:09:38+00:00,0.2,"[""Yes"", ""No""]","[0.0135, 0.9865]",96189502204227781235785567019151308983559978995662677899952915271147601680025
kalshi,KXNFLTD-26SEP14DENKC-KCTKELCE87-2,https://kalshi.com/markets/kxnfltd/pro-football-touchdowns,https://kalshi.com/markets/kxnfltd/pro-football-touchdowns/kxnfltd-26sep14denkc,Travis Kelce: 2+ touchdowns,Travis Kelce: 2+,KXNFLTD-26SEP14DENKC,Denver vs Kansas City: Touchdowns,KXNFLTD,Pro Football Touchdowns,Sports,"[""Football""]",open,binary,0.03,0.05,0.05,0.04,0.96,0.04,0.02,50878.46,49990.7,50806.22,0,2026-09-04T21:04:00Z,2026-09-17T00:15:00Z,2026-09-17T00:15:00Z,,,,greater,1.5,,,True,2026-09-14T18:10:01+00:00,,,,
kalshi,KXSERIEATOTAL-26SEP14TORROM-4,https://kalshi.com/markets/kxserieatotal/serie-a-total,https://kalshi.com/markets/kxserieatotal/serie-a-total/kxserieatotal-26sep14torrom,Will over 3.5 goals be scored?,Over 3.5 goals scored,KXSERIEATOTAL-26SEP14TORROM,Torino vs Roma: Total Goals,KXSERIEATOTAL,Serie A Total,Sports,"[""Soccer""]",open,binary,0,0.02,0.01,0.01,0.99,0.01,0.02,51390.81,49841.29,24625.19,0,2026-09-07T17:06:00Z,2026-09-16T22:30:00Z,2026-09-16T22:30:00Z,,,,greater,3.5,,,True,2026-09-14T18:10:00+00:00,,,,
polymarket,0x391bebf05ae53e3796501e643cb66d2a07c2f785a31f9e917fd6388a0359053d,https://polymarket.com/event/spx-up-or-down-on-september-14-2026/spx-up-or-down-on-september-14-2026,,S&P 500 (SPX) Up or Down on September 14?,,1004107,S&P 500 (SPX) Up or Down on September 14?,spx-up-or-down-on-september-14-2026,S&P 500 (SPX) Up or Down on September 14?,,[],open,binary,0.045,0.06,0.079,0.0525,0.9475,0.0525,0.015,52203.23549100002,49739.729217000015,,28983.59069,2026-09-11T12:00:56Z,2026-09-14T20:00:00Z,2026-09-14T20:00:00Z,,,,,,,,,2026-09-14T18:09:38+00:00,-16.25,"[""Up"", ""Down""]","[0.0525, 0.9475]",112225520108095757283701558862825466688522968681066107918969004771709625953581
polymarket,0x2a25f3fd54fd0b18fee936f7f6b701e119c86f08f6d2a621b995193851014fb3,https://polymarket.com/event/saudi-oil-pipeline-east-west-restarts-byptptpt/saudi-oil-pipeline-east-west-restarts-by-september-30,,Saudi Oil Pipeline (East-West) restarts by September 30?,September 30,1007040,Saudi Oil Pipeline (East-West) restarts by...?,saudi-oil-pipeline-east-west-restarts-byptptpt,Saudi Oil Pipeline (East-West) restarts by...?,,[],open,binary,0.4,0.44,0.46,0.42,0.58,0.42,0.04,61264.15511299999,49683.312691,,41111.6313,2026-09-11T23:26:24Z,2026-10-01T03:59:00Z,2026-10-01T03:59:00Z,,,,,,,,,2026-09-14T18:09:38+00:00,-18.5,"[""Yes"", ""No""]","[0.42, 0.58]",82451877629171120215863095786536212994223779959523554468642312484613145998263
kalshi,KXNCAAFGAME-26SEP19MERGT-MER,https://kalshi.com/markets/kxncaafgame/college-football-game,https://kalshi.com/markets/kxncaafgame/college-football-game/kxncaafgame-26sep19mergt,Mercer wins,Mercer,KXNCAAFGAME-26SEP19MERGT,Mercer vs Georgia Tech,KXNCAAFGAME,College Football Game,Sports,"[""Football""]",open,binary,0,0.01,0.01,0.005,0.995,0.005,0.01,53987.03,49615.93,49117.13,0,2026-09-05T16:08:00Z,2026-09-21T16:00:00Z,2026-09-21T16:00:00Z,,,,structured,,,,True,2026-09-14T18:10:01+00:00,,,,
kalshi,KXBTCD-26SEP1417-T76249.99,https://kalshi.com/markets/kxbtcd/bitcoin-price-above-below,https://kalshi.com/markets/kxbtcd/bitcoin-price-above-below/kxbtcd-26sep1417,"Bitcoin price on Sep 14, 2026?","$76,250 or above",KXBTCD-26SEP1417,"BTC price on Sep 14, 2026 at 5pm EDT?",KXBTCD,Bitcoin price Above/below,Crypto,"[""Hourly"", ""BTC""]",open,binary,0.99,1,0.99,0.995,0.005,0.995,0.01,49526.22,49526.22,35802.69,0,2026-09-13T20:00:00Z,2026-09-14T21:00:00Z,2026-09-21T21:00:00Z,,,,greater,76249.99,,BRTI,True,2026-09-14T18:09:42+00:00,,,,
kalshi,KXMLB-26-LAD,https://kalshi.com/markets/kxmlb/world-series,https://kalshi.com/markets/kxmlb/world-series/kxmlb-26,Will Los Angeles D win the 2026 Pro Baseball Championship?,Los Angeles D,KXMLB-26,Pro Baseball Champion,KXMLB,World Series,Sports,"[""Baseball""]",open,binary,0.299,0.301,0.301,0.3,0.7,0.3,0.002,5277598.75,49498.15,2634507.68,0,2025-12-17T15:00:00Z,2028-10-31T04:00:00Z,2028-10-31T04:00:00Z,,,,structured,,,,True,2026-09-14T18:10:55+00:00,,,,
polymarket,0x024b68f77bfc019341ee3db8f57c103334e4b9430bba4746d8c94aafd8b36fee,https://polymarket.com/event/what-price-will-bitcoin-hit-before-2027/will-bitcoin-dip-to-45000-by-december-31-2026-674-923-755-971-998-525-926-245-316-517-544-589-965-923-986-841-815-224-586-231-289-533-573,,"Will Bitcoin dip to $45,000 by December 31, 2026?","↓ 45,000",89502,What price will Bitcoin hit in 2026?,what-price-will-bitcoin-hit-before-2027,What price will Bitcoin hit in 2026?,,[],open,binary,0.07,0.08,0.07,0.075,0.925,0.075,0.01,6896986.390370999,49413.961668,,527563.7809,2025-11-24T19:07:15.386Z,2027-01-01T05:00:00Z,2027-01-01T05:00:00Z,,,,,,,,,2026-09-14T18:09:38+00:00,,"[""Yes"", ""No""]","[0.075, 0.925]",9894510651052373088408067031031513212801618531203062911959630395716258202132
polymarket,0xce9a5fa30fe74e323b4a8f15afbb0b7a41a537aa880779ddf7dee22223b2f34a,https://polymarket.com/event/presidential-election-winner-2028/will-donald-trump-win-the-2028-us-presidential-election,,Will Donald Trump win the 2028 US Presidential Election?,Donald Trump,31552,Presidential Election Winner 2028,presidential-election-winner-2028,Presidential Election Winner 2028,,[],open,binary,0.017,0.018,0.018,0.0175,0.9825,0.0175,0.001,10214245.023165975,49351.386693,,623388.29857,2025-07-11T19:06:02.535Z,2028-11-07T00:00:00Z,2028-11-07T00:00:00Z,,,,,,,,,2026-09-14T18:09:38+00:00,-0.3,"[""Yes"", ""No""]","[0.0175, 0.9825]",11807691644868166983390207408868795383945915035851758101409310535538572683733
kalshi,KXEGYPLTOTAL-26SEP14CERNBE-3,https://kalshi.com/markets/kxegypltotal/point-total,https://kalshi.com/markets/kxegypltotal/point-total/kxegypltotal-26sep14cernbe,Will over 2.5 goals be scored?,Over 2.5 goals scored,KXEGYPLTOTAL-26SEP14CERNBE,Ceramica Cleopatra vs National Bank Egypt: Total Goals,KXEGYPLTOTAL,Point Total,Sports,"[""Soccer""]",open,binary,0.14,0.15,0.15,0.145,0.855,0.145,0.01,49442.58,49127.97,43784.78,0,2026-09-13T17:06:00Z,2026-09-16T17:00:00Z,2026-09-16T17:00:00Z,,,,greater,2.5,,,True,2026-09-14T18:09:41+00:00,,,,
polymarket,0x09e7d777103503ee0faa7e8ebc2b654cd7ffa41e2664a75763fe4a43ecbed428,https://polymarket.com/event/fin1-int-vps-2026-09-14-more-markets/fin1-int-vps-2026-09-14-total-1pt5,,FC Inter Turku vs. Vaasan Palloseura: O/U 1.5,O/U 1.5,1005428,FC Inter Turku vs. Vaasan Palloseura - More Markets,fin1-int-vps-2026-09-14-more-markets,FC Inter Turku vs. Vaasan Palloseura - More Markets,,[],open,binary,,0.001,0.12,0.0005,0.9995,0.0005,0.001,49126.971621000004,49090.22679500008,,45006.06248,2026-09-11T17:36:18Z,2026-09-14T15:00:00Z,2026-09-14T15:00:00Z,,,,,,,,,2026-09-14T18:09:38+00:00,-72.95,"[""Over"", ""Under""]","[0.0005, 0.9995]",88412402235674992206678676529954728189706485494447623548187220796929384401447
polymarket,0xa69ef420d8b4075ad8ba8611d02c63cb2ece46f5c8c643af223c272689b0c96f,https://polymarket.com/event/fed-decision-in-october-20260617190323537/will-the-fed-decrease-interest-rates-by-50-bps-after-the-october-2026-meeting-20260617190324029,,Will the Fed decrease interest rates by 50+ bps after the October 2026 meeting?,50+ bps decrease,606422,Fed Decision in October?,fed-decision-in-october-20260617190323537,Fed Decision in October?,,[],open,binary,0.004,0.005,0.005,0.0045,0.9955,0.0045,0.001,357856.08757199993,49087.594148,,93041.39875,2026-06-18T00:33:16.217093Z,2026-10-28T23:59:00Z,2026-10-28T23:59:00Z,,,,,,,,,2026-09-14T18:09:38+00:00,-0.2,"[""Yes"", ""No""]","[0.0045, 0.9955]",17010377994663817312158123655937348199252960045746746128731746451645055725586
kalshi,KXMLB-26-MIA,https://kalshi.com/markets/kxmlb/world-series,https://kalshi.com/markets/kxmlb/world-series/kxmlb-26,Will Miami win the 2026 Pro Baseball Championship?,Miami,KXMLB-26,Pro Baseball Champion,KXMLB,World Series,Sports,"[""Baseball""]",open,binary,0,0.001,0.001,0.0005,0.9995,0.0005,0.001,2345365.07,48750,1885036.45,0,2025-12-17T15:00:00Z,2028-10-31T04:00:00Z,2028-10-31T04:00:00Z,,,,structured,,,,True,2026-09-14T18:10:55+00:00,,,,
kalshi,KXNFLTD-26SEP14DENKC-DENJWADDLE17-1,https://kalshi.com/markets/kxnfltd/pro-football-touchdowns,https://kalshi.com/markets/kxnfltd/pro-football-touchdowns/kxnfltd-26sep14denkc,Jaylen Waddle: 1+ touchdowns,Jaylen Waddle: 1+,KXNFLTD-26SEP14DENKC,Denver vs Kansas City: Touchdowns,KXNFLTD,Pro Football Touchdowns,Sports,"[""Football""]",open,binary,0.3,0.31,0.31,0.305,0.695,0.305,0.01,51875.75,48747.86,49909.67,0,2026-09-04T21:04:00Z,2026-09-17T00:15:00Z,2026-09-17T00:15:00Z,,,,greater,0.5,,,True,2026-09-14T18:10:01+00:00,,,,
kalshi,KXMLB-26-TEX,https://kalshi.com/markets/kxmlb/world-series,https://kalshi.com/markets/kxmlb/world-series/kxmlb-26,Will Texas win the 2026 Pro Baseball Championship?,Texas,KXMLB-26,Pro Baseball Champion,KXMLB,World Series,Sports,"[""Baseball""]",open,binary,0.011,0.012,0.014,0.0115,0.9885,0.0115,0.001,1920888.31,48732.01,1308584.69,0,2025-12-17T15:00:00Z,2028-10-31T04:00:00Z,2028-10-31T04:00:00Z,,,,structured,,,,True,2026-09-14T18:10:55+00:00,,,,
polymarket,0xbd1d0889e5037c451bb1e45163749786fe4acc10af2ab40477e7052766054712,https://polymarket.com/event/pro-football-2027-champion-20260729185915366/will-the-baltimore-ravens-win-the-2027-nfl-league-championship,,Will the Baltimore Ravens win the 2027 NFL league championship?,Baltimore Ravens,202857,Pro Football: 2027 Champion,pro-football-2027-champion-20260729185915366,Pro Football: 2027 Champion,,[],open,binary,0.088,0.091,0.091,0.0895,0.9105,0.0895,0.003,1398669.1904770003,48556.707839999995,,89777.62489,2026-02-09T00:42:03.691Z,2027-03-31T23:55:00Z,2027-03-31T23:55:00Z,,,,,,,,,2026-09-14T18:09:38+00:00,1.5,"[""Yes"", ""No""]","[0.0895, 0.9105]",73903998640927437939889487883041380194034214913517653047704709946666153109395
polymarket,0x508c917d0ee4a7a5535e825c3f85ee47d27fc1e72f88475d88daa4877da2a9d0,https://polymarket.com/event/pro-football-2027-champion-20260729185915366/will-the-new-york-jets-win-the-2027-nfl-league-championship,,Will the New York Jets win the 2027 NFL league championship?,New York Jets,202857,Pro Football: 2027 Champion,pro-football-2027-champion-20260729185915366,Pro Football: 2027 Champion,,[],open,binary,0.004,0.005,0.005,0.0045,0.9955,0.0045,0.001,2241836.601394,48502.59975,,354996.00725,2026-02-09T00:44:14.468Z,2027-03-31T23:55:00Z,2027-03-31T23:55:00Z,,,,,,,,,2026-09-14T18:09:38+00:00,,"[""Yes"", ""No""]","[0.0045, 0.9955]",35620040664307062505140509445997394221816856666002677359785585186304324108887
kalshi,KXALIENS-27,https://kalshi.com/markets/kxaliens/aliens,https://kalshi.com/markets/kxaliens/aliens/kxaliens-27,Will the U.S. confirm that aliens exist before 2027?,Before 2027,KXALIENS-27,Will the U.S. confirm that aliens exist?,KXALIENS,Aliens,Science and Technology,"[""Space""]",open,binary,0.06,0.062,0.06,0.061,0.939,0.061,0.002,27858238.25,48413.98,9608147.75,0,2025-12-05T06:00:00Z,2027-01-01T15:00:00Z,2027-01-01T15:00:00Z,,,,,,,,True,2026-09-14T18:10:56+00:00,,,,
polymarket,0x8235fbd7057e270f305a26c0626a181da693a02736fc0a7e5751f98a46a3e811,https://polymarket.com/event/sea-tor-rom-2026-09-14-total-corners/sea-tor-rom-2026-09-14-corners-total-8pt5,,Torino FC vs. AS Roma: O/U 8.5 Total Corners,Total Corners: O/U 8.5,944767,Torino FC vs. AS Roma - Total Corners,sea-tor-rom-2026-09-14-total-corners,Torino FC vs. AS Roma - Total Corners,,[],open,binary,,1,0.47,0.5,0.5,0.5,1,48599.05967100001,48405.965889000014,,,2026-08-31T23:34:22Z,2026-09-14T16:30:00Z,2026-09-14T16:30:00Z,,,,,,,,,2026-09-14T18:09:38+00:00,3.5,"[""Over"", ""Under""]","[0.5, 0.5]",111353127028975529648594118230496208607341838437480121857974677629992436274037
kalshi,KXPRESNOMD-28-HBID,https://kalshi.com/markets/kxpresnomd/democratic-primary-winner,https://kalshi.com/markets/kxpresnomd/democratic-primary-winner/kxpresnomd-28,Will Hunter Biden be the Democratic Presidential nominee in 2028?,Hunter Biden,KXPRESNOMD-28,2028 Democratic presidential nominee,KXPRESNOMD,Democratic Primary winner,Elections,"[""2028"", ""US Elections""]",open,binary,0.003,0.004,0.003,0.0035,0.9965,0.0035,0.001,7865390.16,48292.56,3829915.29,0,2025-07-23T21:10:00Z,2028-11-07T15:00:00Z,2028-11-07T15:00:00Z,,,,custom,,,,True,2026-09-14T18:10:58+00:00,,,,
polymarket,0xe24ab0d26fd5ec15620dfc02bb17812c9aa18ad36e31d4ecc26efdc3bea59ce1,https://polymarket.com/event/laliga-2027-champion-20260701200737375/will-betis-win-the-2026-27-laliga-championship-20260701200737380,,Will Betis win the 2026-27 LALIGA Championship?,Betis,659548,LALIGA: 2027 Champion,laliga-2027-champion-20260701200737375,LALIGA: 2027 Champion,,[],open,binary,0.002,0.003,0.002,0.0025,0.9975,0.0025,0.001,302895.1830490001,47678.2935,,145906.10562,2026-07-02T18:17:00.859416Z,2027-05-30T23:59:00Z,2027-05-30T23:59:00Z,,,,,,,,,2026-09-14T18:09:38+00:00,,"[""Yes"", ""No""]","[0.0025, 0.9975]",10313073926527731061084427866073842487970457164047480167734118236155304952250
kalshi,KXNCAAFGAME-26SEP19KENTOSU-KENT,https://kalshi.com/markets/kxncaafgame/college-football-game,https://kalshi.com/markets/kxncaafgame/college-football-game/kxncaafgame-26sep19kentosu,Kent St. wins,Kent St.,KXNCAAFGAME-26SEP19KENTOSU,Kent St. vs Ohio St.,KXNCAAFGAME,College Football Game,Sports,"[""Football""]",open,binary,0,0.01,0.01,0.005,0.995,0.005,0.01,130757.1,47596.88,120698.57,0,2026-09-05T16:08:00Z,2026-09-21T16:00:00Z,2026-09-21T16:00:00Z,,,,structured,,,,True,2026-09-14T18:10:01+00:00,,,,
polymarket,0xd65891729ce093cc12236856837eba1a0872fc7998fd4294c21346f7db68079c,https://polymarket.com/event/democratic-presidential-nominee-2028/will-josh-shapiro-win-the-2028-democratic-presidential-nomination-977,,Will Josh Shapiro win the 2028 Democratic presidential nomination?,Josh Shapiro,30829,Democratic Presidential Nominee 2028,democratic-presidential-nominee-2028,Democratic Presidential Nominee 2028,,[],open,binary,0.052,0.055,0.052,0.0535,0.9465,0.0535,0.003,9937699.806244994,47559.239246,,279429.25202,2025-07-11T18:36:01.098Z,2028-11-07T00:00:00Z,2028-11-07T00:00:00Z,,,,,,,,,2026-09-14T18:09:38+00:00,0.1,"[""Yes"", ""No""]","[0.0535, 0.9465]",71169839497420596285841847514123589847893415750912355173877524195175834054354
kalshi,KXWTI-26SEP1414-T102.99,https://kalshi.com/markets/kxwti/wti-oil-on-day,https://kalshi.com/markets/kxwti/wti-oil-on-day/kxwti-26sep1414,"Will the WTI crude oil settlement price be above 102.99 USD/Bbl on Sep 14, 2026?",Above $102.99,KXWTI-26SEP1414,"Oil Price (WTI) on Sep 14, 2026?",KXWTI,WTI oil on day,Commodities,"[""Oil & Gas""]",open,binary,0,0.01,0.02,0.005,0.995,0.005,0.01,54530.07,47382.06,19966.72,0,2026-09-10T23:30:00Z,2026-09-14T18:30:00Z,2026-09-21T19:30:00Z,,,,greater,102.99,,,True,2026-09-14T18:09:48+00:00,,,,
polymarket,0xb02f2ebd5ba67ed1018b634f7ccf88fd46e348f4a53c55cf89a55d02d9ea8611,https://polymarket.com/event/pro-football-2027-champion-20260729185915366/will-the-buffalo-bills-win-the-2027-nfl-league-championship,,Will the Buffalo Bills win the 2027 NFL league championship?,Buffalo Bills,202857,Pro Football: 2027 Champion,pro-football-2027-champion-20260729185915366,Pro Football: 2027 Champion,,[],open,binary,0.09,0.1,0.09,0.095,0.905,0.095,0.01,876602.704725,47316.450871999994,,185899.8803,2026-02-09T00:42:08.76Z,2027-03-31T23:55:00Z,2027-03-31T23:55:00Z,,,,,,,,,2026-09-14T18:09:38+00:00,1,"[""Yes"", ""No""]","[0.095, 0.905]",15005653350202922348701786607519856020257461135905285631675545513297078700601
kalshi,KXNFLFIRSTTD-26SEP14DENKC-KCKWALKER9,https://kalshi.com/markets/kxnflfirsttd/pro-football-first-touchdown,https://kalshi.com/markets/kxnflfirsttd/pro-football-first-touchdown/kxnflfirsttd-26sep14denkc,Kenneth Walker III: 1st Touchdown,Kenneth Walker III,KXNFLFIRSTTD-26SEP14DENKC,Denver vs Kansas City: 1st Touchdown,KXNFLFIRSTTD,Pro Football First Touchdown,Sports,"[""Football""]",open,binary,0.12,0.13,0.13,0.125,0.875,0.125,0.01,50248.88,47074.7,49869.85,0,2026-09-04T21:04:00Z,2026-09-17T00:15:00Z,2026-09-17T00:15:00Z,,,,structured,,,,True,2026-09-14T18:10:01+00:00,,,,
kalshi,KXMLBGAME-26SEP141945SFSTL-STL,https://kalshi.com/markets/kxmlbgame/professional-baseball-game,https://kalshi.com/markets/kxmlbgame/professional-baseball-game/kxmlbgame-26sep141945sfstl,St. Louis wins,St. Louis,KXMLBGAME-26SEP141945SFSTL,San Francisco vs St. Louis,KXMLBGAME,Professional Baseball Game,Sports,"[""Baseball""]",open,binary,0.57,0.58,0.58,0.575,0.425,0.575,0.01,47558.07,47024.88,45045.46,0,2026-09-11T23:55:00Z,2026-09-17T23:45:00Z,2026-09-17T23:45:00Z,,,,structured,,,,True,2026-09-14T18:09:44+00:00,,,,
kalshi,KXNCAAFGAME-26SEP19UTSATEX-TEX,https://kalshi.com/markets/kxncaafgame/college-football-game,https://kalshi.com/markets/kxncaafgame/college-football-game/kxncaafgame-26sep19utsatex,Texas wins,Texas,KXNCAAFGAME-26SEP19UTSATEX,UTSA vs Texas,KXNCAAFGAME,College Football Game,Sports,"[""Football""]",open,binary,0.97,0.98,0.98,0.975,0.025,0.975,0.01,114455.15,46691.89,101482.21,0,2026-09-06T01:07:00Z,2026-09-22T00:00:00Z,2026-09-22T00:00:00Z,,,,structured,,,,True,2026-09-14T18:10:00+00:00,,,,
polymarket,0xd8659b58a90d0d69fb1170f25b2b896871a1328115fd11c6f4cfe2b01a2a8ba0,https://polymarket.com/event/bab-el-mandeb-strait-effectively-closed-by/bab-el-mandeb-strait-effectively-closed-by-december-31-983-117-222-252,,Bab el-Mandeb Strait effectively closed by December 31?,December 31,276527,Bab el-Mandeb Strait effectively closed by...?,bab-el-mandeb-strait-effectively-closed-by,Bab el-Mandeb Strait effectively closed by...?,,[],open,binary,0.22,0.23,0.23,0.225,0.775,0.225,0.01,755794.4013929999,46459.513377,,103232.2508,2026-07-09T00:29:19.976Z,2027-01-01T04:59:00Z,2027-01-01T04:59:00Z,,,,,,,,,2026-09-14T18:09:38+00:00,1,"[""Yes"", ""No""]","[0.225, 0.775]",43976511902268111041633866799555037330317427315454056847054364885183934986197
kalshi,KXNFLSPREAD-26SEP14DENKC-KC2,https://kalshi.com/markets/kxnflspread/pro-football-spread,https://kalshi.com/markets/kxnflspread/pro-football-spread/kxnflspread-26sep14denkc,Kansas City wins by over 1.5 points?,Kansas City wins by over 1.5 points,KXNFLSPREAD-26SEP14DENKC,Denver vs Kansas City: Spread,KXNFLSPREAD,Pro Football Spread,Sports,"[""Football""]",open,binary,0.51,0.52,0.52,0.515,0.485,0.515,0.01,50737.65,46229.36,45949.99,0,2026-08-03T23:13:00Z,2026-09-17T00:15:00Z,2026-09-17T00:15:00Z,,,,greater,1.5,,,True,2026-09-14T18:10:23+00:00,,,,
kalshi,KXNFLTOTAL-26SEP14DENKC-46,https://kalshi.com/markets/kxnfltotal/pro-football-total-points,https://kalshi.com/markets/kxnfltotal/pro-football-total-points/kxnfltotal-26sep14denkc,Will there be over 45.5 points scored?,Over 45.5 points scored,KXNFLTOTAL-26SEP14DENKC,Denver vs Kansas City: Total Points,KXNFLTOTAL,Pro Football Total Points,Sports,"[""Football""]",open,binary,0.41,0.42,0.4,0.415,0.585,0.415,0.01,46886.05,46189.88,44397.33,0,2026-08-03T23:13:00Z,2026-09-17T00:15:00Z,2026-09-17T00:15:00Z,,,,greater,45.5,,,True,2026-09-14T18:10:23+00:00,,,,
polymarket,0xbbb881b0ecfbfbd6bdc5fab54fc82871a2daf99417e51106f58ad1abacdbb65b,https://polymarket.com/event/sweden-parliamentary-election-3rd-place/will-the-moderate-party-m-win-the-third-most-seats-in-the-2026-swedish-parliamentary-election,,Will the Moderate Party (M) win the third most seats in the 2026 Swedish parliamentary election?,Moderate Party (M),502875,Sweden Parliamentary Election: 3rd Place,sweden-parliamentary-election-3rd-place,Sweden Parliamentary Election: 3rd Place,,[],open,binary,,0.001,0.001,0.0005,0.9995,0.0005,0.001,111385.52722799998,46142.83,,35905.75685,2026-05-19T20:52:41.764085Z,2026-09-13T00:00:00Z,2026-09-13T00:00:00Z,,,,,,,,,2026-09-14T18:09:38+00:00,-12.95,"[""Yes"", ""No""]","[0.0005, 0.9995]",79009848869433557696993168179458289308906328029023769142847962809397515523379
kalshi,KXFEDDECISION-26SEP-C26,https://kalshi.com/markets/kxfeddecision/fed-meeting,https://kalshi.com/markets/kxfeddecision/fed-meeting/kxfeddecision-26sep,Will the Federal Reserve Cut rates by >25bps at their September 2026 meeting?,Cut >25bps,KXFEDDECISION-26SEP,Fed decision in Sep 2026?,KXFEDDECISION,Fed meeting,Economics,"[""Fed""]",open,binary,0,0.01,0.01,0.005,0.995,0.005,0.01,1375143.35,45986.39,1366237.13,0,2025-09-29T14:00:00Z,2026-09-16T17:59:00Z,2026-12-16T18:01:00Z,,,,custom,,,,True,2026-09-14T18:10:57+00:00,,,,
kalshi,KXNFLMVP-27-JHUR,https://kalshi.com/markets/kxnflmvp/ap-pro-football-regular-season-mvp,https://kalshi.com/markets/kxnflmvp/ap-pro-football-regular-season-mvp/kxnflmvp-27,Will Jalen Hurts win the MVP?,Jalen Hurts,KXNFLMVP-27,MVP Winner?,KXNFLMVP,AP Pro Football Regular Season MVP,Sports,"[""Football""]",open,binary,0.03,0.04,0.04,0.035,0.965,0.035,0.01,569217.26,45904.04,545901.68,0,2026-02-08T20:30:00Z,2028-02-12T15:00:00Z,2028-02-12T15:00:00Z,,,,structured,,,,True,2026-09-14T18:10:52+00:00,,,,
kalshi,KXMLBGAME-26SEP141940NYYMIN-MIN,https://kalshi.com/markets/kxmlbgame/professional-baseball-game,https://kalshi.com/markets/kxmlbgame/professional-baseball-game/kxmlbgame-26sep141940nyymin,Minnesota wins,Minnesota,KXMLBGAME-26SEP141940NYYMIN,New York Y vs Minnesota,KXMLBGAME,Professional Baseball Game,Sports,"[""Baseball""]",open,binary,0.46,0.47,0.47,0.465,0.535,0.465,0.01,45845.97,45783.13,45661.29,0,2026-09-11T23:55:00Z,2026-09-17T23:40:00Z,2026-09-17T23:40:00Z,,,,structured,,,,True,2026-09-14T18:09:44+00:00,,,,
kalshi,KXNFLTD-26SEP14DENKC-DENCSUTTON14-1,https://kalshi.com/markets/kxnfltd/pro-football-touchdowns,https://kalshi.com/markets/kxnfltd/pro-football-touchdowns/kxnfltd-26sep14denkc,Courtland Sutton: 1+ touchdowns,Courtland Sutton: 1+,KXNFLTD-26SEP14DENKC,Denver vs Kansas City: Touchdowns,KXNFLTD,Pro Football Touchdowns,Sports,"[""Football""]",open,binary,0.27,0.28,0.28,0.275,0.725,0.275,0.01,48558.54,45575.56,48116.22,0,2026-09-04T21:04:00Z,2026-09-17T00:15:00Z,2026-09-17T00:15:00Z,,,,greater,0.5,,,True,2026-09-14T18:10:01+00:00,,,,
kalshi,KXEPLBTTS-26SEP14LEENEW-BTTS,https://kalshi.com/markets/kxeplbtts/epl-both-teams-to-score,https://kalshi.com/markets/kxeplbtts/epl-both-teams-to-score/kxeplbtts-26sep14leenew,Both Teams To Score,Both Teams To Score,KXEPLBTTS-26SEP14LEENEW,Leeds United vs Newcastle: BTTS,KXEPLBTTS,EPL Both Teams to Score,Sports,"[""Soccer""]",open,binary,0.61,0.62,0.62,0.615,0.385,0.615,0.01,54258.44,45290.91,49528.17,0,2026-09-07T19:06:00Z,2026-09-17T01:00:00Z,2026-09-17T01:00:00Z,,,,,,,,True,2026-09-14T18:09:59+00:00,,,,
kalshi,KXISRPLGAME-26SEP14RGGMNE-RGG,https://kalshi.com/markets/kxisrplgame/israeli-premier-league-game,https://kalshi.com/markets/kxisrplgame/israeli-premier-league-game/kxisrplgame-26sep14rggmne,Ramat Gan Givatayim wins,Ramat Gan Givatayim,KXISRPLGAME-26SEP14RGGMNE,Ramat Gan Givatayim vs Netanya,KXISRPLGAME,Israeli Premier League Game,Sports,"[""Soccer""]",open,binary,0.94,0.95,0.95,0.945,0.055,0.945,0.01,65915.13,44856.16,56425.45,0,2026-09-10T00:38:00Z,2026-09-16T16:30:00Z,2026-09-16T16:30:00Z,,,,structured,,,,True,2026-09-14T18:09:57+00:00,,,,
polymarket,0xb131d26b0881185f31be5bb997abb5715efcbf0f7fa87c0320c387ff90415ea0,https://polymarket.com/event/elon-musk-of-tweets-september-11-september-18-2026/elon-musk-of-tweets-september-11-september-18-2026-120-139,,"Will Elon Musk post 120-139 tweets from September 11 to September 18, 2026?",120-139,986503,"Elon Musk # tweets September 11 - September 18, 2026?",elon-musk-of-tweets-september-11-september-18-2026,"Elon Musk # tweets September 11 - September 18, 2026?",,[],open,binary,0.007,0.009,0.008,0.008,0.992,0.008,0.002,75532.78058800001,44760.53826800001,,16380.72534,2026-09-08T04:00:42Z,2026-09-18T16:00:00Z,2026-09-18T16:00:00Z,,,,,,,,,2026-09-14T18:09:38+00:00,-6.65,"[""Yes"", ""No""]","[0.008, 0.992]",105110213805685705673680653314744691770339225502934178835515512341398855687672
polymarket,0xfae295f3176db5d373c96aacdf9e4109944dd5d329c07e36b323e5b507c0b0e6,https://polymarket.com/event/fin1-int-vps-2026-09-14-more-markets/fin1-int-vps-2026-09-14-total-2pt5,,FC Inter Turku vs. Vaasan Palloseura: O/U 2.5,O/U 2.5,1005428,FC Inter Turku vs. Vaasan Palloseura - More Markets,fin1-int-vps-2026-09-14-more-markets,FC Inter Turku vs. Vaasan Palloseura - More Markets,,[],open,binary,,0.001,0.12,0.0005,0.9995,0.0005,0.001,45733.042606,44690.423066,,45620.7304,2026-09-11T17:35:29Z,2026-09-14T15:00:00Z,2026-09-14T15:00:00Z,,,,,,,,,2026-09-14T18:09:38+00:00,-47.45,"[""Over"", ""Under""]","[0.0005, 0.9995]",88604798504889326421151694855763505935870412712427717555063832284381051612482
polymarket,0x73d8a8208d23a74937d114a713d6a56cd4161a1068056c52ac74c8419c99da7c,https://polymarket.com/event/fed-rate-hike-by/fed-rate-hike-by-september-2026-meeting,,Fed Rate Hike by September 2026 Meeting?,September Meeting,329566,Fed rate hike by...?,fed-rate-hike-by,Fed rate hike by...?,,[],open,binary,0.84,0.85,0.85,0.845,0.155,0.845,0.01,1635684.328136,44661.955558,,57349.9166,2026-03-31T21:37:32.503Z,2026-12-09T00:00:00Z,2026-12-09T00:00:00Z,,,,,,,,,2026-09-14T18:09:38+00:00,5,"[""Yes"", ""No""]","[0.845, 0.155]",85779851379341776458330036851548114381176093953202542863538086591922931585951
polymarket,0x71dd44fa5059fbed28a279172185d3623aa34ce86be1936281df26b5d1b87200,https://polymarket.com/event/us-announces-end-of-iranian-blockade-byptptpt-20260713152715080/us-announces-end-of-iranian-blockade-by-september-21-2026,,"US announces end of Iranian blockade by September 21, 2026?",September 21,699735,US announces end of Iranian blockade by...?,us-announces-end-of-iranian-blockade-byptptpt-20260713152715080,US announces end of Iranian blockade by...?,,[],open,binary,0.08,0.1,0.08,0.09,0.91,0.09,0.02,834910.0956829999,44451.485178999996,,37071.6376,2026-08-18T16:40:06.64854Z,2026-09-22T03:59:00Z,2026-09-22T03:59:00Z,,,,,,,,,2026-09-14T18:09:38+00:00,1.5,"[""Yes"", ""No""]","[0.09, 0.91]",94770042529883309392255966715551132169012522769091385480819155582901630638873
kalshi,KXSERIEABTTS-26SEP14TORROM-BTTS,https://kalshi.com/markets/kxserieabtts/serie-a-btts,https://kalshi.com/markets/kxserieabtts/serie-a-btts/kxserieabtts-26sep14torrom,Both Teams To Score,Both Teams To Score,KXSERIEABTTS-26SEP14TORROM,Torino vs Roma: BTTS,KXSERIEABTTS,Serie A BTTS,Sports,"[""Soccer""]",open,binary,0.17,0.18,0.17,0.175,0.825,0.175,0.01,52063.72,44398.04,36293.34,0,2026-09-07T17:06:00Z,2026-09-16T22:30:00Z,2026-09-16T22:30:00Z,,,,,,,,True,2026-09-14T18:10:00+00:00,,,,
kalshi,KXPRESNOMD-28-JOSS,https://kalshi.com/markets/kxpresnomd/democratic-primary-winner,https://kalshi.com/markets/kxpresnomd/democratic-primary-winner/kxpresnomd-28,Will Jon Ossoff be the Democratic Presidential nominee in 2028?,Jon Ossoff,KXPRESNOMD-28,2028 Democratic presidential nominee,KXPRESNOMD,Democratic Primary winner,Elections,"[""2028"", ""US Elections""]",open,binary,0.16,0.17,0.16,0.165,0.835,0.165,0.01,7838365.21,44366.61,4707446.05,0,2025-05-23T17:01:15Z,2028-11-07T15:00:00Z,2028-11-07T15:00:00Z,,,,custom,,,,True,2026-09-14T18:10:58+00:00,,,,
kalshi,KXNFLGAME-26SEP20MINCHI-MIN,https://kalshi.com/markets/kxnflgame/professional-football-game,https://kalshi.com/markets/kxnflgame/professional-football-game/kxnflgame-26sep20minchi,Minnesota wins,Minnesota,KXNFLGAME-26SEP20MINCHI,MIN Vikings vs CHI Bears,KXNFLGAME,Professional Football Game,Sports,"[""Football""]",open,binary,0.31,0.32,0.32,0.315,0.685,0.315,0.01,76791.73,44197.59,66747.19,0,2026-08-25T15:33:00Z,2026-09-22T17:00:00Z,2026-09-22T17:00:00Z,,,,structured,,,,True,2026-09-14T18:10:11+00:00,,,,
polymarket,0xd6bb34d4ec36eedc9a04863b4f790a0b9d1595999a1d467324e363cbe36c96c0,https://polymarket.com/event/highest-temperature-in-hong-kong-on-september-14-2026/highest-temperature-in-hong-kong-on-september-14-2026-29c,,Will the highest temperature in Hong Kong be 29°C on September 14?,29°C,1008349,Highest temperature in Hong Kong on September 14?,highest-temperature-in-hong-kong-on-september-14-2026,Highest temperature in Hong Kong on September 14?,,[],open,binary,,0.002,0.002,0.001,0.999,0.001,0.002,45671.209949,44006.598715,,4061.26534,2026-09-12T04:56:58Z,2026-09-14T12:00:00Z,2026-09-14T12:00:00Z,,,,,,,,,2026-09-14T18:09:38+00:00,-2.4,"[""Yes"", ""No""]","[0.001, 0.999]",9511530106279228693476943418902809973625151651638527736829994907619006947703
kalshi,KXNFLFIRSTTD-26SEP14DENKC-DENJWADDLE17,https://kalshi.com/markets/kxnflfirsttd/pro-football-first-touchdown,https://kalshi.com/markets/kxnflfirsttd/pro-football-first-touchdown/kxnflfirsttd-26sep14denkc,Jaylen Waddle: 1st Touchdown,Jaylen Waddle,KXNFLFIRSTTD-26SEP14DENKC,Denver vs Kansas City: 1st Touchdown,KXNFLFIRSTTD,Pro Football First Touchdown,Sports,"[""Football""]",open,binary,0.06,0.07,0.07,0.065,0.935,0.065,0.01,44699.42,43898.66,44526.83,0,2026-09-04T21:04:00Z,2026-09-17T00:15:00Z,2026-09-17T00:15:00Z,,,,structured,,,,True,2026-09-14T18:10:01+00:00,,,,
polymarket,0x63d8f3a34c90bd5342dda8acf62b6a898dfa52f86475efaf180b66493ef6af80,https://polymarket.com/event/brazil-presidential-election/will-jair-bolsonaro-win-the-2026-brazilian-presidential-election,,Will Jair Bolsonaro win the 2026 Brazilian presidential election?,Jair Bolsonaro,45915,Brazil Presidential Election,brazil-presidential-election,Brazil Presidential Election,,[],open,binary,,0.001,0.001,0.0005,0.9995,0.0005,0.001,6974788.400873996,43878.801,,377232.70144,2025-09-18T20:07:59.985103Z,2026-10-04T00:00:00Z,2026-10-04T00:00:00Z,,,,,,,,,2026-09-14T18:09:38+00:00,-0.1,"[""Yes"", ""No""]","[0.0005, 0.9995]",66991175107696133528353695394151645462081911990365106169948013117379189357520
kalshi,KXMLBRFI-26SEP141840LADCIN,https://kalshi.com/markets/kxmlbrfi/pro-baseball-run-in-first-inning,https://kalshi.com/markets/kxmlbrfi/pro-baseball-run-in-first-inning/kxmlbrfi-26sep141840ladcin,1st inning: Over 0.5 runs,Over 0.5 runs in the 1st inning,KXMLBRFI-26SEP141840LADCIN,Los Angeles D vs Cincinnati: First Inning Run,KXMLBRFI,Pro Baseball Run in First Inning,Sports,"[""Baseball""]",open,binary,0.44,0.45,0.45,0.445,0.555,0.445,0.01,43736.31,43736.31,42224.08,0,2026-09-11T23:10:00Z,2026-09-17T22:40:00Z,2026-09-17T22:40:00Z,,,,greater_or_equal,1,,,True,2026-09-14T18:09:44+00:00,,,,
kalshi,KXNFLTD-26SEP14DENKC-KCBSMITH24-1,https://kalshi.com/markets/kxnfltd/pro-football-touchdowns,https://kalshi.com/markets/kxnfltd/pro-football-touchdowns/kxnfltd-26sep14denkc,Brashard Smith: 1+ touchdowns,Brashard Smith: 1+,KXNFLTD-26SEP14DENKC,Denver vs Kansas City: Touchdowns,KXNFLTD,Pro Football Touchdowns,Sports,"[""Football""]",open,binary,0.06,0.07,0.07,0.065,0.935,0.065,0.01,56135.36,43515.31,55657.36,0,2026-09-04T21:04:00Z,2026-09-17T00:15:00Z,2026-09-17T00:15:00Z,,,,greater,0.5,,,True,2026-09-14T18:10:01+00:00,,,,
polymarket,0x88c6800dd5cebb3ccbc554b93493a678f74d39b1b29f637f234576a8993c10df,https://polymarket.com/event/us-x-iran-effective-ceasefire-begins-byptptpt-2-week-pause/us-x-iran-effective-ceasefire-by-september-30,,US x Iran Effective Ceasefire by September 30?,September 30,950983,US x Iran Effective Ceasefire begins by...? (2 week pause),us-x-iran-effective-ceasefire-begins-byptptpt-2-week-pause,US x Iran Effective Ceasefire begins by...? (2 week pause),,[],open,binary,0.967,0.974,0.958,0.9705,0.0295,0.9705,0.007,250211.44038299998,43469.098898,,32673.5403,2026-09-02T00:24:22Z,2026-09-30T23:59:00Z,2026-09-30T23:59:00Z,,,,,,,,,2026-09-14T18:09:38+00:00,3.05,"[""Yes"", ""No""]","[0.9705, 0.0295]",58212269517896884015338469775294689976202682430971882904931336575860619991827
polymarket,0x094772b3529f455e881a4483eaf1c24266384f55e97c23f24f638f5726ba9920,https://polymarket.com/event/iran-leadership-change-by/iran-leadership-change-by-september-30-20260629144005163-739-824,,Iran leadership change by September 30?,September 30,255195,Iran leadership change by...?,iran-leadership-change-by,Iran leadership change by...?,,[],open,binary,0.021,0.027,0.032,0.024,0.976,0.024,0.006,1088471.197193,43239.448235,,187545.47143,2026-06-29T14:45:48.15Z,2026-10-01T03:59:00Z,2026-10-01T03:59:00Z,,,,,,,,,2026-09-14T18:09:38+00:00,0.6,"[""Yes"", ""No""]","[0.024, 0.976]",88625172154940601310371162296902329186464943870430613860050976406759176744521
kalshi,KXSB-27-NO,https://kalshi.com/markets/kxsb/super-bowl,https://kalshi.com/markets/kxsb/super-bowl/kxsb-27,Will New Orleans win the 2027 Pro Football Championship?,New Orleans,KXSB-27,2027 Pro Football Champion,KXSB,Super Bowl,Sports,"[""Football""]",open,binary,0,0.01,0.01,0.005,0.995,0.005,0.01,3082121.97,43097.82,3074926.66,0,2026-02-08T20:00:00Z,2029-02-13T23:30:00Z,2029-02-13T23:30:00Z,,,,structured,,,,True,2026-09-14T18:10:52+00:00,,,,
kalshi,KXDENSUPERLIGAGAME-26SEP14FCMBRO-FCM,https://kalshi.com/markets/kxdensuperligagame/danish-superliga-game,https://kalshi.com/markets/kxdensuperligagame/danish-superliga-game/kxdensuperligagame-26sep14fcmbro,Midtjylland wins,Midtjylland,KXDENSUPERLIGAGAME-26SEP14FCMBRO,Midtjylland vs Broendby,KXDENSUPERLIGAGAME,Danish Superliga Game,Sports,"[""Soccer""]",open,binary,0.92,0.93,0.92,0.925,0.075,0.925,0.01,49237.18,43079.67,36239.18,0,2026-09-10T00:35:00Z,2026-09-16T17:00:00Z,2026-09-16T17:00:00Z,,,,structured,,,,True,2026-09-14T18:09:57+00:00,,,,
kalshi,KXNCAAFGAME-26SEP18MIAWAKE-MIA,https://kalshi.com/markets/kxncaafgame/college-football-game,https://kalshi.com/markets/kxncaafgame/college-football-game/kxncaafgame-26sep18miawake,Miami (FL) wins,Miami (FL),KXNCAAFGAME-26SEP18MIAWAKE,Miami (FL) vs Wake Forest,KXNCAAFGAME,College Football Game,Sports,"[""Football""]",open,binary,0.92,0.93,0.93,0.925,0.075,0.925,0.01,58996.63,43041.52,52443.02,0,2026-09-05T01:07:00Z,2026-09-20T23:30:00Z,2026-09-20T23:30:00Z,,,,structured,,,,True,2026-09-14T18:10:01+00:00,,,,
polymarket,0x6b7dfa21d06c5409595e62c2245c8ad8976abc9ad48342c8647f9327653806eb,https://polymarket.com/event/nfl-den-kc-2026-09-15/nfl-den-kc-2026-09-15-total-42pt5,,Broncos vs. Chiefs: O/U 42.5,O/U 42.5,795799,Broncos vs. Chiefs,nfl-den-kc-2026-09-15,Broncos vs. Chiefs,,[],open,binary,0.52,0.53,0.53,0.525,0.475,0.525,0.01,42055.054256999996,43036.26425699996,,659074.0616,2026-08-04T16:02:53Z,2026-09-15T00:15:00Z,2026-09-15T00:15:00Z,,,,,,,,,2026-09-14T18:09:38+00:00,-1,"[""Over"", ""Under""]","[0.525, 0.475]",43336616508964331872125257893023522787553890893955843967769288637093932173634
kalshi,KXBTCD-26SEP1417-T78749.99,https://kalshi.com/markets/kxbtcd/bitcoin-price-above-below,https://kalshi.com/markets/kxbtcd/bitcoin-price-above-below/kxbtcd-26sep1417,"Bitcoin price on Sep 14, 2026?","$78,750 or above",KXBTCD-26SEP1417,"BTC price on Sep 14, 2026 at 5pm EDT?",KXBTCD,Bitcoin price Above/below,Crypto,"[""Hourly"", ""BTC""]",open,binary,0.68,0.69,0.69,0.685,0.315,0.685,0.01,45977.4,42921.8,19346.42,0,2026-09-13T20:00:00Z,2026-09-14T21:00:00Z,2026-09-21T21:00:00Z,,,,greater,78749.99,,BRTI,True,2026-09-14T18:09:42+00:00,,,,
kalshi,KXNASDAQ100U-26SEP14H1600-T29219.99,https://kalshi.com/markets/kxnasdaq100u/nasdaq-above-below,https://kalshi.com/markets/kxnasdaq100u/nasdaq-above-below/kxnasdaq100u-26sep14h1600,"Will the Nasdaq-100 be above 29219.99 at the end of Sep 14, 2026 at 4pm EDT?","29,220 or above",KXNASDAQ100U-26SEP14H1600,"Nasdaq-100 price on Sep 14, 2026 at 4pm EDT?",KXNASDAQ100U,Nasdaq above/below,Financials,"[""Indices""]",open,binary,0.72,0.81,0.75,0.765,0.235,0.765,0.09,42862.72,42802.58,26302.21,0,2026-09-11T20:00:00Z,2026-09-14T20:00:00Z,2026-09-21T23:00:00Z,,,,greater_or_equal,29220,,,True,2026-09-14T18:09:46+00:00,,,,
kalshi,KXNCAAFGAME-26SEP19UTEPMICH-UTEP,https://kalshi.com/markets/kxncaafgame/college-football-game,https://kalshi.com/markets/kxncaafgame/college-football-game/kxncaafgame-26sep19utepmich,UTEP wins,UTEP,KXNCAAFGAME-26SEP19UTEPMICH,UTEP vs Michigan,KXNCAAFGAME,College Football Game,Sports,"[""Football""]",open,binary,0,0.01,0.01,0.005,0.995,0.005,0.01,68993.77,42401.57,68546.06,0,2026-09-05T22:07:00Z,2026-09-21T19:30:00Z,2026-09-21T19:30:00Z,,,,structured,,,,True,2026-09-14T18:10:01+00:00,,,,
polymarket,0x6dd7b0edd7a62334d3fc0fee58950a65bfd42485e014efa6828d1efcf366710e,https://polymarket.com/event/npb-han-chu-2026-09-14/npb-han-chu-2026-09-14,,Hanshin Tigers vs. Chunichi Dragons,,982730,Hanshin Tigers vs. Chunichi Dragons,npb-han-chu-2026-09-14,Hanshin Tigers vs. Chunichi Dragons,,[],open,binary,0.002,0.009,0.008,0.0055,0.9945,0.0055,0.007,42195.67241800001,42195.672418,,5153.99284,2026-09-07T13:00:19Z,2026-09-21T09:00:00Z,2026-09-21T09:00:00Z,,,,,,,,,2026-09-14T18:09:38+00:00,-57.95,"[""Hanshin Tigers"", ""Chunichi Dragons""]","[0.0055, 0.9945]",6232807971342376495027598487969019932241309611351774019237430330231108496471
kalshi,KXMLBTOTAL-26SEP141907DETTOR-8,https://kalshi.com/markets/kxmlbtotal/pro-baseball-total-points,https://kalshi.com/markets/kxmlbtotal/pro-baseball-total-points/kxmlbtotal-26sep141907dettor,Over 7.5 runs scored,Over 7.5 runs scored,KXMLBTOTAL-26SEP141907DETTOR,Detroit vs Toronto: Total Runs,KXMLBTOTAL,Pro Baseball Total Points,Sports,"[""Baseball""]",open,binary,0.49,0.5,0.5,0.495,0.505,0.495,0.01,42185.87,42172.87,32575.16,0,2026-09-13T20:00:00Z,2026-09-17T23:07:00Z,2026-09-17T23:07:00Z,,,,greater,7.5,,,True,2026-09-14T18:09:40+00:00,,,,
kalshi,KXSERIEATOTAL-26SEP14COMPAR-2,https://kalshi.com/markets/kxserieatotal/serie-a-total,https://kalshi.com/markets/kxserieatotal/serie-a-total/kxserieatotal-26sep14compar,Will over 1.5 goals be scored?,Over 1.5 goals scored,KXSERIEATOTAL-26SEP14COMPAR,Como vs Parma Calcio: Total Goals,KXSERIEATOTAL,Serie A Total,Sports,"[""Soccer""]",open,binary,0.47,0.48,0.5,0.475,0.525,0.475,0.01,66607.39,41643.13,43026.38,0,2026-09-07T17:06:00Z,2026-09-16T22:30:00Z,2026-09-16T22:30:00Z,,,,greater,1.5,,,True,2026-09-14T18:10:00+00:00,,,,
polymarket,0x2972fe6bf03e5b4b21b135c69689710e184d300185540827c5c8fe4a135121c8,https://polymarket.com/event/pro-football-2027-champion-20260729185915366/will-the-minnesota-vikings-win-the-2027-nfl-league-championship,,Will the Minnesota Vikings win the 2027 NFL league championship?,Minnesota Vikings,202857,Pro Football: 2027 Champion,pro-football-2027-champion-20260729185915366,Pro Football: 2027 Champion,,[],open,binary,0.021,0.022,0.021,0.0215,0.9785,0.0215,0.001,1256526.6222580008,41581.627227000004,,103509.73958,2026-02-09T00:43:50.505Z,2027-03-31T23:55:00Z,2027-03-31T23:55:00Z,,,,,,,,,2026-09-14T18:09:38+00:00,0.2,"[""Yes"", ""No""]","[0.0215, 0.9785]",2259102227815950907342121712913326957116722298738395193563847530262859469556
polymarket,0xc927318925de31f293230fb52b9163daefe99efa43c13c48a3f89eb3cedf3aa3,https://polymarket.com/event/sea-tor-rom-2026-09-14-more-markets/sea-tor-rom-2026-09-14-total-1pt5,,Torino FC vs. AS Roma: O/U 1.5,O/U 1.5,945985,Torino FC vs. AS Roma - More Markets,sea-tor-rom-2026-09-14-more-markets,Torino FC vs. AS Roma - More Markets,,[],open,binary,0.45,0.46,0.47,0.455,0.545,0.455,0.01,41245.26259499999,41513.202087000005,,30773.9757,2026-09-01T05:00:51Z,2026-09-14T16:30:00Z,2026-09-14T16:30:00Z,,,,,,,,,2026-09-14T18:09:38+00:00,-32.5,"[""Over"", ""Under""]","[0.455, 0.545]",100999306850132728238735230595570373849426129918150028597562490816833014678725
kalshi,KXNFLGAME-26SEP20PITNE-PIT,https://kalshi.com/markets/kxnflgame/professional-football-game,https://kalshi.com/markets/kxnflgame/professional-football-game/kxnflgame-26sep20pitne,Pittsburgh wins,Pittsburgh,KXNFLGAME-26SEP20PITNE,PIT Steelers vs NE Patriots,KXNFLGAME,Professional Football Game,Sports,"[""Football""]",open,binary,0.31,0.32,0.32,0.315,0.685,0.315,0.01,75355.76,41493.06,66565,0,2026-08-25T15:33:00Z,2026-09-22T17:00:00Z,2026-09-22T17:00:00Z,,,,structured,,,,True,2026-09-14T18:10:11+00:00,,,,
polymarket,0xf94af197057437aadc0a3ccee340e1579824121e63b2f5e94fe2c2e7502e760e,https://polymarket.com/event/mlb-nyy-min-2026-09-14/mlb-nyy-min-2026-09-14,,New York Yankees vs. Minnesota Twins,,988206,New York Yankees vs. Minnesota Twins,mlb-nyy-min-2026-09-14,New York Yankees vs. Minnesota Twins,,[],open,binary,0.53,0.54,0.54,0.535,0.465,0.535,0.01,41385.81928300001,41368.81928300001,,390959.1383,2026-09-08T13:00:43Z,2026-09-21T23:40:00Z,2026-09-21T23:40:00Z,,,,,,,,,2026-09-14T18:09:38+00:00,-1.5,"[""New York Yankees"", ""Minnesota Twins""]","[0.535, 0.465]",52274438136790203379799220114689764315707024361721592260965569465172511189512
kalshi,KXSAVEACT-27-JAN04,https://kalshi.com/markets/kxsaveact/will-the-save-act-become-law,https://kalshi.com/markets/kxsaveact/will-the-save-act-become-law/kxsaveact-27,"Will ""SAVE Act"" (H.R. 22) becomes law before Jan 4, 2027?","Before Jan 4, 2027",KXSAVEACT-27,Will the SAVE Act become law?,KXSAVEACT,Will the SAVE Act become law?,Politics,"[""Congress""]",open,binary,0.044,0.045,0.045,0.0445,0.9555,0.0445,0.001,13346648.01,41350.86,4672008.82,0,2025-03-07T15:00:00Z,2027-01-04T15:00:00Z,2027-01-04T15:00:00Z,,,,,,,,True,2026-09-14T18:10:59+00:00,,,,
kalshi,KXMLBGAME-26SEP141940ATLCHC-ATL,https://kalshi.com/markets/kxmlbgame/professional-baseball-game,https://kalshi.com/markets/kxmlbgame/professional-baseball-game/kxmlbgame-26sep141940atlchc,Atlanta wins,Atlanta,KXMLBGAME-26SEP141940ATLCHC,Atlanta vs Chicago C,KXMLBGAME,Professional Baseball Game,Sports,"[""Baseball""]",open,binary,0.44,0.45,0.45,0.445,0.555,0.445,0.01,42162.59,41297.23,41998.14,0,2026-09-11T23:55:00Z,2026-09-17T23:40:00Z,2026-09-17T23:40:00Z,,,,structured,,,,True,2026-09-14T18:09:44+00:00,,,,
polymarket,0x176e84015b1cc54d470836ef1d8a60753e17fa232d9b55e9aa8dde580d03f436,https://polymarket.com/event/friedrich-merz-out-as-chancellor-of-germany-before-2027/friedrich-merz-out-as-chancellor-of-germany-before-2027,,Friedrich Merz out as Chancellor of Germany before 2027?,,73223,Friedrich Merz out as Chancellor of Germany before 2027?,friedrich-merz-out-as-chancellor-of-germany-before-2027,Friedrich Merz out as Chancellor of Germany before 2027?,,[],open,binary,0.19,0.2,0.2,0.195,0.805,0.195,0.01,1198732.1743420004,41262.686173,,97956.2064,2025-11-05T19:35:55.838Z,2027-01-01T04:59:00Z,2027-01-01T04:59:00Z,,,,,,,,,2026-09-14T18:09:38+00:00,2,"[""Yes"", ""No""]","[0.195, 0.805]",27554074579538085152312757613342843137057353684724415806149658005255326639761
kalshi,KXNFLREC-26SEP14DENKC-DENRHARVEY12-3,https://kalshi.com/markets/kxnflrec/pro-football-player-receptions,https://kalshi.com/markets/kxnflrec/pro-football-player-receptions/kxnflrec-26sep14denkc,RJ Harvey: 3+ receptions,RJ Harvey: 3+,KXNFLREC-26SEP14DENKC,Denver vs Kansas City: Receptions,KXNFLREC,Pro Football Player Receptions,Sports,"[""Football""]",open,binary,0.47,0.48,0.48,0.475,0.525,0.475,0.01,41704.52,41077.29,41450.96,0,2026-09-08T01:35:00Z,2026-09-17T00:15:00Z,2026-09-17T00:15:00Z,,,,greater,2.5,,,True,2026-09-14T18:09:59+00:00,,,,
polymarket,0x2df300d7831176cc00acf06ddaadf29a5d761476fa7f8e4f8978febd7da92d27,https://polymarket.com/event/iran-oman-hormuz-management-agreement-byptptpt-20260804222725871/iran-oman-hormuz-agreement-by-september-21,,Iran-Oman Hormuz Agreement by September 21?,September 21,798490,Iran-Oman Hormuz Management Agreement by...?,iran-oman-hormuz-management-agreement-byptptpt-20260804222725871,Iran-Oman Hormuz Management Agreement by...?,,[],open,binary,0.12,0.13,0.13,0.125,0.875,0.125,0.01,91897.50593099999,41077.100171000006,,28970.5546,2026-08-28T19:06:36.893109Z,2026-09-21T23:59:00Z,2026-09-21T23:59:00Z,,,,,,,,,2026-09-14T18:09:38+00:00,-32,"[""Yes"", ""No""]","[0.125, 0.875]",57964819913189984411919689131049515685249849683316544183047960277828401887045
kalshi,KXSB-27-SEA,https://kalshi.com/markets/kxsb/super-bowl,https://kalshi.com/markets/kxsb/super-bowl/kxsb-27,Will Seattle win the 2027 Pro Football Championship?,Seattle,KXSB-27,2027 Pro Football Champion,KXSB,Super Bowl,Sports,"[""Football""]",open,binary,0.07,0.08,0.08,0.075,0.925,0.075,0.01,4772604.34,41045.73,3684178.03,0,2026-02-08T20:00:00Z,2029-02-13T23:30:00Z,2029-02-13T23:30:00Z,,,,structured,,,,True,2026-09-14T18:10:52+00:00,,,,
kalshi,KXSUPERLIGTOTAL-26SEP14GAZFEN-3,https://kalshi.com/markets/kxsuperligtotal/point-total,https://kalshi.com/markets/kxsuperligtotal/point-total/kxsuperligtotal-26sep14gazfen,Will over 2.5 goals be scored?,Over 2.5 goals scored,KXSUPERLIGTOTAL-26SEP14GAZFEN,Gaziantep vs Fenerbahce: Total Goals,KXSUPERLIGTOTAL,Point Total,Sports,"[""Soccer""]",open,binary,0.18,0.23,0.19,0.205,0.795,0.205,0.05,50472.6,40982.5,45227.03,0,2026-09-13T17:06:00Z,2026-09-16T17:00:00Z,2026-09-16T17:00:00Z,,,,greater,2.5,,,True,2026-09-14T18:09:41+00:00,,,,
polymarket,0x87f0b061076a7309abeb719136246303ce17fe40b4e9c65aca4149bbdbdd3236,https://polymarket.com/event/pro-football-2027-champion-20260729185915366/will-the-chicago-bears-win-the-2027-nfl-league-championship,,Will the Chicago Bears win the 2027 NFL league championship?,Chicago Bears,202857,Pro Football: 2027 Champion,pro-football-2027-champion-20260729185915366,Pro Football: 2027 Champion,,[],open,binary,0.059,0.06,0.06,0.0595,0.9405,0.0595,0.001,1371163.6510920003,40914.84314,,188081.38324,2026-02-09T00:42:18.774Z,2027-03-31T23:55:00Z,2027-03-31T23:55:00Z,,,,,,,,,2026-09-14T18:09:38+00:00,1.1,"[""Yes"", ""No""]","[0.0595, 0.9405]",20782101138359830353373339924745258800328483049130539494636298430311546419943
polymarket,0x8d4966e84ae80f24b2e14643fdd45364e354229e11e2c17903b4b1763cfbe67c,https://polymarket.com/event/how-many-fed-rate-cuts-in-2026/will-3-fed-rate-cuts-happen-in-2026,,Will 3 Fed rate cuts happen in 2026?,3 (75 bps),51456,How many Fed rate cuts in 2026?,how-many-fed-rate-cuts-in-2026,How many Fed rate cuts in 2026?,,[],open,binary,0.001,0.002,0.001,0.0015,0.9985,0.0015,0.001,2871425.703142999,40837.2135,,267301.99454,2025-09-29T22:24:49.652632Z,2026-12-31T00:00:00Z,2026-12-31T00:00:00Z,,,,,,,,,2026-09-14T18:09:38+00:00,-0.1,"[""Yes"", ""No""]","[0.0015, 0.9985]",95835705062472305459663741402900736177330733688944910993896545106260819635212
polymarket,0x26f410f7518fa199678ef57f02637fc88be9b3b593346b00946d7ea451f4521b,https://polymarket.com/event/ballon-dor-winner-2026/will-ousmane-dembl-win-the-2026-ballon-dor,,Will Ousmane Dembélé win the 2026 Ballon d'Or?,Ousmane Dembélé,48361,Ballon d'Or Winner 2026,ballon-dor-winner-2026,Ballon d'Or Winner 2026,,[],open,binary,0.006,0.007,0.007,0.0065,0.9935,0.0065,0.001,2341977.800136,40673.030238,,336109.79129,2025-09-22T23:39:03.983113Z,2026-10-31T00:00:00Z,2026-10-31T00:00:00Z,,,,,,,,,2026-09-14T18:09:38+00:00,,"[""Yes"", ""No""]","[0.0065, 0.9935]",98995454929502090253677005499136815786618457974539379472945759013797338791883
kalshi,KXWTAMATCH-26SEP13MARTOW-TOW,https://kalshi.com/markets/kxwtamatch/wta-tennis-match,https://kalshi.com/markets/kxwtamatch/wta-tennis-match/kxwtamatch-26sep13martow,Taylor Townsend wins,Taylor Townsend,KXWTAMATCH-26SEP13MARTOW,Maria vs Townsend,KXWTAMATCH,WTA Tennis Match,Sports,"[""Tennis""]",open,binary,0.73,0.74,0.74,0.735,0.265,0.735,0.01,43944.8,40370.49,42142.2,0,2026-09-12T16:06:00Z,2026-09-27T16:00:00Z,2026-09-27T16:00:00Z,,,,structured,,,,True,2026-09-14T18:09:43+00:00,,,,
kalshi,KXSB-27-MIA,https://kalshi.com/markets/kxsb/super-bowl,https://kalshi.com/markets/kxsb/super-bowl/kxsb-27,Will Miami win the 2027 Pro Football Championship?,Miami,KXSB-27,2027 Pro Football Champion,KXSB,Super Bowl,Sports,"[""Football""]",open,binary,0,0.01,0.01,0.005,0.995,0.005,0.01,1650385.51,40357.74,1648446.51,0,2026-02-08T20:00:00Z,2029-02-13T23:30:00Z,2029-02-13T23:30:00Z,,,,structured,,,,True,2026-09-14T18:10:52+00:00,,,,
kalshi,KXSB-27-IND,https://kalshi.com/markets/kxsb/super-bowl,https://kalshi.com/markets/kxsb/super-bowl/kxsb-27,Will Indianapolis win the 2027 Pro Football Championship?,Indianapolis,KXSB-27,2027 Pro Football Champion,KXSB,Super Bowl,Sports,"[""Football""]",open,binary,0,0.01,0.01,0.005,0.995,0.005,0.01,742395.28,40292.24,668559.29,0,2026-02-08T20:00:00Z,2029-02-13T23:30:00Z,2029-02-13T23:30:00Z,,,,structured,,,,True,2026-09-14T18:10:52+00:00,,,,
kalshi,KXSB-27-KC,https://kalshi.com/markets/kxsb/super-bowl,https://kalshi.com/markets/kxsb/super-bowl/kxsb-27,Will Kansas City win the 2027 Pro Football Championship?,Kansas City,KXSB-27,2027 Pro Football Champion,KXSB,Super Bowl,Sports,"[""Football""]",open,binary,0.05,0.06,0.06,0.055,0.945,0.055,0.01,2864662.77,40154.61,2459365.51,0,2026-02-08T20:00:00Z,2029-02-13T23:30:00Z,2029-02-13T23:30:00Z,,,,structured,,,,True,2026-09-14T18:10:52+00:00,,,,
polymarket,0x054725b2a7971376f7924a7021221b12acc50fe78d97817824fe411704d5b5a2,https://polymarket.com/event/brazil-presidential-election/will-romeu-zema-win-the-2026-brazilian-presidential-election,,Will Romeu Zema win the 2026 Brazilian presidential election?,Romeu Zema,45915,Brazil Presidential Election,brazil-presidential-election,Brazil Presidential Election,,[],open,binary,0.001,0.002,0.001,0.0015,0.9985,0.0015,0.001,7300038.721402,40151.259,,460891.5323,2025-09-18T20:08:08.109Z,2026-10-04T00:00:00Z,2026-10-04T00:00:00Z,,,,,,,,,2026-09-14T18:09:38+00:00,,"[""Yes"", ""No""]","[0.0015, 0.9985]",44340846524235712899508083510503343345123518718867913608211694999290628967401
kalshi,KXNFLMATCHUP-27SB-LACPHI,https://kalshi.com/markets/kxnflmatchup/pro-football-matchups,https://kalshi.com/markets/kxnflmatchup/pro-football-matchups/kxnflmatchup-27sb,2026-27 Championship Game Matchup: Los Angeles C vs Philadelphia,Los Angeles C vs Philadelphia,KXNFLMATCHUP-27SB,Pro Football Championship Game Matchup,KXNFLMATCHUP,Pro Football Matchups,Sports,"[""Football""]",open,binary,0,0.01,0.01,0.005,0.995,0.005,0.01,40748.35,40000,40748.35,0,2026-07-21T19:00:00Z,2027-02-21T23:30:00Z,2027-02-21T23:30:00Z,,,,custom,,,,True,2026-09-14T18:10:28+00:00,,,,
polymarket,0x79b7408f02df2eba4034ca4c06ddf17b8dbeacc5adbe8595969e7573912c4e3b,https://polymarket.com/event/us-iran-final-nuclear-deal-by-20260621201254412/us-iran-final-nuclear-deal-by-december-31-2026-191,,"US-Iran Final Nuclear Deal by December 31, 2026?",December 31,620025,US-Iran Final Nuclear Deal by…?,us-iran-final-nuclear-deal-by-20260621201254412,US-Iran Final Nuclear Deal by…?,,[],open,binary,0.1,0.11,0.1,0.105,0.895,0.105,0.01,2737104.5487539996,39961.703349999996,,257216.9834,2026-06-26T19:31:23.212Z,2027-01-01T04:59:00Z,2027-01-01T04:59:00Z,,,,,,,,,2026-09-14T18:09:38+00:00,,"[""Yes"", ""No""]","[0.105, 0.895]",31155599200443620024532103683912072563894181253510224263086924270624693692711
polymarket,0xf5f598cbf8d12dd75a3bcac6deadb44a18da64bd6b657f03dc1f70326ad9066f,https://polymarket.com/event/cs2-asc3-encep-2026-09-14/cs2-asc3-encep-2026-09-14-game1,,Counter-Strike: TEAM ASCEND vs ENCE Prospects - Map 1 Winner,Map 1 Winner,999429,Counter-Strike: TEAM ASCEND vs ENCE Prospects (BO3) - United21 Group A,cs2-asc3-encep-2026-09-14,Counter-Strike: TEAM ASCEND vs ENCE Prospects (BO3) - United21 Group A,,[],open,binary,0.491,0.499,0.491,0.495,0.505,0.495,0.008,39761.39733000001,39761.39733000001,,22210.04096,2026-09-10T14:35:24Z,2026-09-14T14:25:00Z,2026-09-14T14:25:00Z,,,,,,,,,2026-09-14T18:09:38+00:00,-1.5,"[""TEAM ASCEND"", ""ENCE Prospects""]","[0.495, 0.505]",16143889049621092637586118345725659070695055886138311554020171032096588187971
polymarket,0x16487d4d36bbdc7af379e817bec3463eb41b1853c0b1ec31ce25a195d73a2f77,https://polymarket.com/event/lol-ap-vdn-2026-09-14/lol-ap-vdn-2026-09-14-game2,,LoL: Arctic Pandas vs Verdant - Game 2 Winner,Game 2 Winner,999142,LoL: Arctic Pandas vs Verdant (BO5) - NLC Playoffs,lol-ap-vdn-2026-09-14,LoL: Arctic Pandas vs Verdant (BO5) - NLC Playoffs,,[],open,binary,,0.001,0.03,0.0005,0.9995,0.0005,0.001,39749.840504000014,39749.84050399998,,163821.33513,2026-09-10T13:21:11Z,2026-09-14T20:00:00Z,2026-09-14T20:00:00Z,,,,,,,,,2026-09-14T18:09:38+00:00,-49.45,"[""Arctic Pandas"", ""Verdant""]","[0.0005, 0.9995]",49112075028375727704853023687337307939644092127100759237902974012649086882610
polymarket,0x774f7f3919ba2a94229d889bccf1c9c88347e21790c3d9d66d604c5be616c224,https://polymarket.com/event/what-price-will-wti-hit-in-september-2026/will-wti-reach-115-in-september-2026,,Will WTI Crude Oil (WTI) hit (HIGH) $115 in September?,↑ $115,907966,What will WTI Crude Oil (WTI) hit in September 2026?,what-price-will-wti-hit-in-september-2026,What will WTI Crude Oil (WTI) hit in September 2026?,,[],open,binary,0.246,0.247,0.246,0.2465,0.7535,0.2465,0.001,296500.43774699996,39709.619445000004,,39604.20957,2026-08-31T16:44:56Z,2026-10-01T03:59:59.999Z,2026-10-01T03:59:59.999Z,,,,,,,,,2026-09-14T18:09:38+00:00,3,"[""Yes"", ""No""]","[0.2465, 0.7535]",25846511357344947422285438161630770076911554211585141844165210290421263502462
polymarket,0xd8e6438816fca9d87b306eb31c96aba02c5393391f3f7eddc74a0dd3c6173cfc,https://polymarket.com/event/epl-2027-champion-20260701200428749/will-tottenham-win-the-2026-27-english-premier-league-epl-championship-20260701200428765,,Will Tottenham win the 2026-27 English Premier League (EPL) Championship?,Tottenham,659518,EPL: 2027 Champion,epl-2027-champion-20260701200428749,EPL: 2027 Champion,,[],open,binary,0.004,0.005,0.004,0.0045,0.9955,0.0045,0.001,1075209.854072,39690.49575,,376150.42762,2026-07-02T18:14:01.068839Z,2027-05-30T23:59:00Z,2027-05-30T23:59:00Z,,,,,,,,,2026-09-14T18:09:38+00:00,,"[""Yes"", ""No""]","[0.0045, 0.9955]",77697374688933463558435808435207573631234398437151747716737073005939751357574
polymarket,0x08734e5e671b30ec75e20ea0c4251dcb7b16c64d0e599aa91e697d9c29308a4f,https://polymarket.com/event/bitcoin-above-on-september-15-2026/bitcoin-above-80k-on-september-15-2026,,"Will the price of Bitcoin be above $80,000 on September 15?","80,000",988776,Bitcoin above ___ on September 15?,bitcoin-above-on-september-15-2026,Bitcoin above ___ on September 15?,,[],open,binary,0.201,0.209,0.201,0.205,0.795,0.205,0.008,45436.75749799999,39644.344094,,45181.23473,2026-09-08T16:00:33Z,2026-09-15T16:00:00Z,2026-09-15T16:00:00Z,,,,,,,,,2026-09-14T18:09:38+00:00,13,"[""Yes"", ""No""]","[0.205, 0.795]",78522559824257552880870601348883461533279317071758046675252866516911230389460
polymarket,0x007dbbf8767c0bb5f8f80e2746d985f40487d2ffddc2a3d2817ecd94bbf4418c,https://polymarket.com/event/lal-vil-bet-2026-09-14-more-markets/lal-vil-bet-2026-09-14-btts,,Villarreal CF vs. Real Betis Balompié: Both Teams to Score,Both Teams to Score,946385,Villarreal CF vs. Real Betis Balompié - More Markets,lal-vil-bet-2026-09-14-more-markets,Villarreal CF vs. Real Betis Balompié - More Markets,,[],open,binary,0.68,0.69,0.69,0.685,0.315,0.685,0.01,39697.33958200002,39481.90369300004,,126255.0775,2026-09-01T07:00:28Z,2026-09-14T19:00:00Z,2026-09-14T19:00:00Z,,,,,,,,,2026-09-14T18:09:38+00:00,6,"[""Yes"", ""No""]","[0.685, 0.315]",72936861157508450857498317147094224815733606099137747282128461844312928916902
polymarket,0xe088f69ad36731df6f8584297be5e2afeb68c2941cfbe227b1a3db4cb938c796,https://polymarket.com/event/israel-x-lebanon-diplomatic-meeting-byptptpt-20260810145737299/israel-x-lebanon-diplomatic-meeting-by-september-18-2026,,"Israel x Lebanon diplomatic meeting by September 18, 2026?",September 18,830269,Israel x Lebanon diplomatic meeting by...?,israel-x-lebanon-diplomatic-meeting-byptptpt-20260810145737299,Israel x Lebanon diplomatic meeting by...?,,[],open,binary,0.5,0.61,0.65,0.555,0.445,0.555,0.11,59860.86624999999,39462.76169000001,,3194.2528,2026-09-10T15:18:25Z,2026-09-19T03:59:00Z,2026-09-19T03:59:00Z,,,,,,,,,2026-09-14T18:09:38+00:00,-20,"[""Yes"", ""No""]","[0.555, 0.445]",73323558973910804774897612892666972889584393092641018729960853480391859765967
kalshi,KXNFLMVP-27-JLOV,https://kalshi.com/markets/kxnflmvp/ap-pro-football-regular-season-mvp,https://kalshi.com/markets/kxnflmvp/ap-pro-football-regular-season-mvp/kxnflmvp-27,Will Jordan Love win the MVP?,Jordan Love,KXNFLMVP-27,MVP Winner?,KXNFLMVP,AP Pro Football Regular Season MVP,Sports,"[""Football""]",open,binary,0.03,0.04,0.03,0.035,0.965,0.035,0.01,971122.04,39272.3,897920.98,0,2026-02-08T20:30:00Z,2028-02-12T15:00:00Z,2028-02-12T15:00:00Z,,,,structured,,,,True,2026-09-14T18:10:52+00:00,,,,
polymarket,0xe074a116e89d7c415871aff5674e1f848b8d85dfa20017b11cd95b4599df9ad7,https://polymarket.com/event/atp-vandeca-nakash-2026-09-14/atp-vandeca-nakash-2026-09-14,,Tiburon: Quinn Vandecasteele vs Bryce Nakashima,,1021136,Tiburon: Quinn Vandecasteele vs Bryce Nakashima,atp-vandeca-nakash-2026-09-14,Tiburon: Quinn Vandecasteele vs Bryce Nakashima,,[],open,binary,0.25,0.27,0.29,0.26,0.74,0.26,0.02,39211.550044999996,39245.45142499999,,90926.8823,2026-09-14T05:05:21Z,2026-09-21T17:00:00Z,2026-09-21T17:00:00Z,,,,,,,,,2026-09-14T18:09:38+00:00,,"[""Quinn Vandecasteele"", ""Bryce Nakashima""]","[0.26, 0.74]",29255674337649150023782084924559618034590394610117160335552546158003417902737
kalshi,KXNCAAF-27-UGA,https://kalshi.com/markets/kxncaaf/ncaaf-championship,https://kalshi.com/markets/kxncaaf/ncaaf-championship/kxncaaf-27,Will Georgia win the College Football Playoff National Championship?,Georgia,KXNCAAF-27,College Football National Championship Winner,KXNCAAF,NCAAF Championship,Sports,"[""Football""]",open,binary,0.09,0.1,0.1,0.095,0.905,0.095,0.01,1506910.28,39126.65,1312733.6,0,2026-01-21T22:00:00Z,2027-02-23T04:00:00Z,2027-02-23T04:00:00Z,,,,structured,,,,True,2026-09-14T18:10:54+00:00,,,,
polymarket,0x8d8647c6a08e446cb3efe5d075cb5386de2308617ed02e6ab912c55de3d1c769,https://polymarket.com/event/sea-tor-rom-2026-09-14-more-markets/sea-tor-rom-2026-09-14-btts,,Torino FC vs. AS Roma: Both Teams to Score,Both Teams to Score,945985,Torino FC vs. AS Roma - More Markets,sea-tor-rom-2026-09-14-more-markets,Torino FC vs. AS Roma - More Markets,,[],open,binary,0.19,0.21,0.22,0.2,0.8,0.2,0.02,39257.12169400001,38977.75861699999,,27148.3612,2026-09-01T05:00:51Z,2026-09-14T16:30:00Z,2026-09-14T16:30:00Z,,,,,,,,,2026-09-14T18:09:38+00:00,-31.5,"[""Yes"", ""No""]","[0.2, 0.8]",88027239316265591565295577286186566954591713498083967141794879058945524008361
kalshi,KXWTAMATCH-26SEP14RIEAVA-RIE,https://kalshi.com/markets/kxwtamatch/wta-tennis-match,https://kalshi.com/markets/kxwtamatch/wta-tennis-match/kxwtamatch-26sep14rieava,Julia Riera wins,Julia Riera,KXWTAMATCH-26SEP14RIEAVA,Riera vs Avanesyan,KXWTAMATCH,WTA Tennis Match,Sports,"[""Tennis""]",open,binary,0.43,0.44,0.43,0.435,0.565,0.435,0.01,39508.61,38763.75,28539.76,0,2026-09-13T13:05:00Z,2026-09-28T13:00:00Z,2026-09-28T13:00:00Z,,,,structured,,,,True,2026-09-14T18:09:41+00:00,,,,
kalshi,KXNCAAFGAME-26SEP19LSUMISS-LSU,https://kalshi.com/markets/kxncaafgame/college-football-game,https://kalshi.com/markets/kxncaafgame/college-football-game/kxncaafgame-26sep19lsumiss,Will LSU win the LSU vs Ole Miss college football game?,LSU,KXNCAAFGAME-26SEP19LSUMISS,LSU vs Ole Miss,KXNCAAFGAME,College Football Game,Sports,"[""Football""]",open,binary,0.58,0.59,0.59,0.585,0.415,0.585,0.01,269622.51,38634.26,192024.16,0,2026-05-20T19:10:00Z,2026-09-21T23:30:00Z,2026-09-21T23:30:00Z,,,,structured,,,,True,2026-09-14T18:10:38+00:00,,,,
polymarket,0xf11476eb209ec7664f031c6c900318c93a19d5c89a0e3081351abf318cbf291d,https://polymarket.com/event/mlb-mia-ari-2026-09-14/mlb-mia-ari-2026-09-14,,Miami Marlins vs. Arizona Diamondbacks,,988210,Miami Marlins vs. Arizona Diamondbacks,mlb-mia-ari-2026-09-14,Miami Marlins vs. Arizona Diamondbacks,,[],open,binary,0.45,0.46,0.46,0.455,0.545,0.455,0.01,38605.975561,38515.075561,,292916.624,2026-09-08T13:00:48Z,2026-09-22T01:40:00Z,2026-09-22T01:40:00Z,,,,,,,,,2026-09-14T18:09:38+00:00,3,"[""Miami Marlins"", ""Arizona Diamondbacks""]","[0.455, 0.545]",78110062870324739269145722066012157156451254213272032946736681958020654006262
polymarket,0xc28b510aedddab9485cbf5af3694f06c9724db00a0ea709d69abf1dbc8b0bbbb,https://polymarket.com/event/sea-com-par-2026-09-14-more-markets/sea-com-par-2026-09-14-spread-home-2pt5,,Spread: Como 1907 (-2.5),Como 1907 (-2.5),945984,Como 1907 vs. Parma Calcio 1913 - More Markets,sea-com-par-2026-09-14-more-markets,Como 1907 vs. Parma Calcio 1913 - More Markets,,[],open,binary,0.07,0.09,0.09,0.08,0.92,0.08,0.02,38455.620652,38464.000652,,55185.4128,2026-09-01T05:00:42Z,2026-09-14T16:30:00Z,2026-09-14T16:30:00Z,,,,,,,,,2026-09-14T18:09:38+00:00,-25.5,"[""Como 1907"", ""Parma Calcio 1913""]","[0.08, 0.92]",91993451039857860751076589525671959983296248577764817645820387088790145498239
polymarket,0x1177d0483274ce7fd23c2e56415076222faea97f600dd7482a68d6e77413f564,https://polymarket.com/event/epl-lee-new-2026-09-14-more-markets/epl-lee-new-2026-09-14-btts,,Leeds United FC vs. Newcastle United FC: Both Teams to Score,Both Teams to Score,945983,Leeds United FC vs. Newcastle United FC - More Markets,epl-lee-new-2026-09-14-more-markets,Leeds United FC vs. Newcastle United FC - More Markets,,[],open,binary,0.61,0.62,0.62,0.615,0.385,0.615,0.01,40984.13675700001,38449.86156400001,,179138.2466,2026-09-01T05:00:38Z,2026-09-14T19:00:00Z,2026-09-14T19:00:00Z,,,,,,,,,2026-09-14T18:09:38+00:00,3,"[""Yes"", ""No""]","[0.615, 0.385]",113100175956791100946029395480514458201051693018382393627743848298799417033478
kalshi,KXWTI-26SEP1414-T101.49,https://kalshi.com/markets/kxwti/wti-oil-on-day,https://kalshi.com/markets/kxwti/wti-oil-on-day/kxwti-26sep1414,"Will the WTI crude oil settlement price be above 101.49 USD/Bbl on Sep 14, 2026?",Above $101.49,KXWTI-26SEP1414,"Oil Price (WTI) on Sep 14, 2026?",KXWTI,WTI oil on day,Commodities,"[""Oil & Gas""]",open,binary,0.25,0.27,0.25,0.26,0.74,0.26,0.02,44047.69,38446.51,17344.5,0,2026-09-10T23:30:00Z,2026-09-14T18:30:00Z,2026-09-21T19:30:00Z,,,,greater,101.49,,,True,2026-09-14T18:09:48+00:00,,,,
polymarket,0xc8441a9e0b515129364cbcde6ddba8e41acff40143a9fe4930690c8fb6bfb588,https://polymarket.com/event/epl-lee-new-2026-09-14/epl-lee-new-2026-09-14-draw,,Will Leeds United FC vs. Newcastle United FC end in a draw?,Draw (Leeds United FC vs. Newcastle United FC),945719,Leeds United FC vs. Newcastle United FC,epl-lee-new-2026-09-14,Leeds United FC vs. Newcastle United FC,,[],open,binary,0.27,0.28,0.28,0.275,0.725,0.275,0.01,40573.31140100001,38366.50517999999,,765310.8586,2026-09-01T04:00:14Z,2026-09-14T19:00:00Z,2026-09-14T19:00:00Z,,,,,,,,,2026-09-14T18:09:38+00:00,,"[""Yes"", ""No""]","[0.275, 0.725]",105705738393296319001301281891966624752469864556679084580199684895587387574982
polymarket,0xa52ccc4dbce0178b41d9c7bbd224e51294fd86c2a10b0486b259a989245121bc,https://polymarket.com/event/bitcoin-above-on-september-15-2026/bitcoin-above-74k-on-september-15-2026,,"Will the price of Bitcoin be above $74,000 on September 15?","74,000",988776,Bitcoin above ___ on September 15?,bitcoin-above-on-september-15-2026,Bitcoin above ___ on September 15?,,[],open,binary,0.994,0.996,0.996,0.995,0.005,0.995,0.002,46723.516728,38135.743239999996,,44320.89117,2026-09-08T16:00:31Z,2026-09-15T16:00:00Z,2026-09-15T16:00:00Z,,,,,,,,,2026-09-14T18:09:38+00:00,3.2,"[""Yes"", ""No""]","[0.995, 0.005]",104837345038680328135106596462282833246285379558781817006388454924358337554497
kalshi,KXNCAAFGAME-26SEP19CCSUMTST-CCSU,https://kalshi.com/markets/kxncaafgame/college-football-game,https://kalshi.com/markets/kxncaafgame/college-football-game/kxncaafgame-26sep19ccsumtst,Central Connecticut St. wins,Central Connecticut St.,KXNCAAFGAME-26SEP19CCSUMTST,Central Connecticut St. vs Montana St.,KXNCAAFGAME,College Football Game,Sports,"[""Football""]",open,binary,0,0.01,0.01,0.005,0.995,0.005,0.01,127855.59,38071.29,127500.89,0,2026-09-05T19:08:00Z,2026-09-21T19:00:00Z,2026-09-21T19:00:00Z,,,,structured,,,,True,2026-09-14T18:10:01+00:00,,,,
kalshi,KXBTCD-26SEP1417-T79999.99,https://kalshi.com/markets/kxbtcd/bitcoin-price-above-below,https://kalshi.com/markets/kxbtcd/bitcoin-price-above-below/kxbtcd-26sep1417,"Bitcoin price on Sep 14, 2026?","$80,000 or above",KXBTCD-26SEP1417,"BTC price on Sep 14, 2026 at 5pm EDT?",KXBTCD,Bitcoin price Above/below,Crypto,"[""Hourly"", ""BTC""]",open,binary,0.02,0.04,0.02,0.03,0.97,0.03,0.02,42062.36,38060.36,25412.18,0,2026-09-13T20:00:00Z,2026-09-14T21:00:00Z,2026-09-21T21:00:00Z,,,,greater,79999.99,,BRTI,True,2026-09-14T18:09:42+00:00,,,,
polymarket,0x5a1cd869e48d61085d696c208081832fe98a21d0b08d8457177102a3779d4ea7,https://polymarket.com/event/elon-musk-of-tweets-september-11-september-18-2026/elon-musk-of-tweets-september-11-september-18-2026-140-159,,"Will Elon Musk post 140-159 tweets from September 11 to September 18, 2026?",140-159,986503,"Elon Musk # tweets September 11 - September 18, 2026?",elon-musk-of-tweets-september-11-september-18-2026,"Elon Musk # tweets September 11 - September 18, 2026?",,[],open,binary,0.029,0.03,0.028,0.0295,0.9705,0.0295,0.001,55391.91708100001,38003.06447799999,,11418.53321,2026-09-08T04:00:42Z,2026-09-18T16:00:00Z,2026-09-18T16:00:00Z,,,,,,,,,2026-09-14T18:09:38+00:00,-14.3,"[""Yes"", ""No""]","[0.0295, 0.9705]",101857580020892448111886119569057842288430824457562865154194455210120974272248
polymarket,0x20912b9366e1a576d61f3f7a9fbcf9322b3c797c11da16f0da656e1be5f00771,https://polymarket.com/event/elon-musk-of-tweets-september-8-september-15-2026/elon-musk-of-tweets-september-8-september-15-2026-240-259,,"Will Elon Musk post 240-259 tweets from September 8 to September 15, 2026?",240-259,967957,"Elon Musk # tweets September 8 - September 15, 2026?",elon-musk-of-tweets-september-8-september-15-2026,"Elon Musk # tweets September 8 - September 15, 2026?",,[],open,binary,0.002,0.003,0.003,0.0025,0.9975,0.0025,0.001,105276.83160500001,37962.45265700001,,10789.39808,2026-09-05T04:00:52Z,2026-09-15T16:00:00Z,2026-09-15T16:00:00Z,,,,,,,,,2026-09-14T18:09:38+00:00,-0.25,"[""Yes"", ""No""]","[0.0025, 0.9975]",54391059010117110093273152737504653675550921481474395481412252647829495685398
kalshi,KXHIGHMIA-26SEP14-B88.5,https://kalshi.com/markets/kxhighmia/highest-temperature-in-miami,https://kalshi.com/markets/kxhighmia/highest-temperature-in-miami/kxhighmia-26sep14,"Will the maximum temperature be 88-89° on Sep 14, 2026?",88° to 89°,KXHIGHMIA-26SEP14,"Highest temperature in Miami on Sep 14, 2026?",KXHIGHMIA,Highest temperature in Miami,Climate and Weather,"[""Daily temperature""]",open,binary,0.9,0.91,0.88,0.905,0.095,0.905,0.01,41688.68,37914.78,19141.39,0,2026-09-13T14:00:00Z,2026-09-15T05:00:00Z,2026-09-21T14:00:00Z,,,,between,88,89,CLIMIA,True,2026-09-14T18:09:41+00:00,,,,
kalshi,KXBRPRES-26-FBOL,https://kalshi.com/markets/kxbrpres/brazil-presidency,https://kalshi.com/markets/kxbrpres/brazil-presidency/kxbrpres-26,Will Flávio Bolsonaro win the 2026 Brazilian presidential election?,Flávio Bolsonaro,KXBRPRES-26,Brazil Presidential election winner?,KXBRPRES,Brazil Presidency,Elections,"[""Brazil""]",open,binary,0.52,0.53,0.53,0.525,0.475,0.525,0.01,959449.9,37903.88,397093.69,0,2025-12-05T19:30:00Z,2027-10-25T14:00:00Z,2027-10-25T14:00:00Z,,,,,,,,True,2026-09-14T18:10:56+00:00,,,,
kalshi,KXEPLGAME-26SEP19BRIARS-ARS,https://kalshi.com/markets/kxeplgame/english-premier-league-game,https://kalshi.com/markets/kxeplgame/english-premier-league-game/kxeplgame-26sep19briars,Arsenal wins,Arsenal,KXEPLGAME-26SEP19BRIARS,Brighton vs Arsenal,KXEPLGAME,English Premier League Game,Sports,"[""Soccer""]",open,binary,0.57,0.58,0.58,0.575,0.425,0.575,0.01,94673.47,37842.44,84104.12,0,2026-09-05T00:40:00Z,2026-09-21T20:00:00Z,2026-09-21T20:00:00Z,,,,structured,,,,True,2026-09-14T18:10:01+00:00,,,,
kalshi,KXT20MATCH-26SEP151330SRIENG-ENG,https://kalshi.com/markets/kxt20match/men-s-t20-cricket-match,https://kalshi.com/markets/kxt20match/men-s-t20-cricket-match/kxt20match-26sep151330srieng,England wins,England,KXT20MATCH-26SEP151330SRIENG,England vs Sri Lanka,KXT20MATCH,Men's T20 Cricket Match,Sports,"[""Cricket""]",open,binary,0.78,0.79,0.78,0.785,0.215,0.785,0.01,39646.87,37816.79,39160.73,0,2026-09-13T00:11:00Z,2026-09-17T21:30:00Z,2026-09-17T21:30:00Z,,,,structured,,,,True,2026-09-14T18:09:42+00:00,,,,
kalshi,KXNCAAFGAME-26SEP19SIUILL-SIU,https://kalshi.com/markets/kxncaafgame/college-football-game,https://kalshi.com/markets/kxncaafgame/college-football-game/kxncaafgame-26sep19siuill,Southern Illinois wins,Southern Illinois,KXNCAAFGAME-26SEP19SIUILL,Southern Illinois vs Illinois,KXNCAAFGAME,College Football Game,Sports,"[""Football""]",open,binary,0,0.01,0.01,0.005,0.995,0.005,0.01,40780.72,37765.04,40733.61,0,2026-09-05T19:08:00Z,2026-09-21T18:00:00Z,2026-09-21T18:00:00Z,,,,structured,,,,True,2026-09-14T18:10:01+00:00,,,,
polymarket,0x3741efa811a6e4866f1e342a1915bfd7d7fa40c4b69d51635d1e10bf40c63830,https://polymarket.com/event/dota2-dawnbu-nemiga-2026-09-14/dota2-dawnbu-nemiga-2026-09-14,,Dota 2: Dawn Bulls vs Nemiga Gaming (BO3) - European Pro League Group A,Match Winner,1018759,Dota 2: Dawn Bulls vs Nemiga Gaming (BO3) - European Pro League Group A,dota2-dawnbu-nemiga-2026-09-14,Dota 2: Dawn Bulls vs Nemiga Gaming (BO3) - European Pro League Group A,,[],open,binary,0.49,0.5,0.49,0.495,0.505,0.495,0.01,37763.060478,37763.06047799999,,21004.0962,2026-09-13T19:29:50Z,2026-09-14T18:00:00Z,2026-09-14T18:00:00Z,,,,,,,,,2026-09-14T18:09:38+00:00,,"[""Dawn Bulls"", ""Nemiga Gaming""]","[0.495, 0.505]",30049488441284995749566787006903630263879281940323437983525223871324896422732
kalshi,KXMLBRFI-26SEP141907DETTOR,https://kalshi.com/markets/kxmlbrfi/pro-baseball-run-in-first-inning,https://kalshi.com/markets/kxmlbrfi/pro-baseball-run-in-first-inning/kxmlbrfi-26sep141907dettor,1st inning: Over 0.5 runs,Over 0.5 runs in the 1st inning,KXMLBRFI-26SEP141907DETTOR,Detroit vs Toronto: First Inning Run,KXMLBRFI,Pro Baseball Run in First Inning,Sports,"[""Baseball""]",open,binary,0.44,0.45,0.44,0.445,0.555,0.445,0.01,37950.66,37757.22,34851.25,0,2026-09-11T23:40:00Z,2026-09-17T23:07:00Z,2026-09-17T23:07:00Z,,,,greater_or_equal,1,,,True,2026-09-14T18:09:44+00:00,,,,
kalshi,KXNBAEAST-27-MIA,https://kalshi.com/markets/kxnbaeast/pro-basketball-eastern-conference-champion,https://kalshi.com/markets/kxnbaeast/pro-basketball-eastern-conference-champion/kxnbaeast-27,Will Miami win the Pro Basketball Eastern Conference Finals in the 2026-27 season?,Miami,KXNBAEAST-27,Pro Basketball Eastern Conference Champion,KXNBAEAST,Pro Basketball Eastern Conference Champion,Sports,"[""Basketball""]",open,binary,0.07,0.08,0.07,0.075,0.925,0.075,0.01,265227.87,37623.22,196518.6,0,2026-06-16T20:00:00Z,2029-06-29T14:00:00Z,2029-06-29T14:00:00Z,,,,structured,,,,True,2026-09-14T18:10:35+00:00,,,,
kalshi,KXELITESERIENGAME-26SEP14BOGSAN-BOG,https://kalshi.com/markets/kxeliteseriengame/eliteserien-game,https://kalshi.com/markets/kxeliteseriengame/eliteserien-game/kxeliteseriengame-26sep14bogsan,Bodoe/Glimt wins,Bodoe/Glimt,KXELITESERIENGAME-26SEP14BOGSAN,Bodoe/Glimt vs Sandefjord,KXELITESERIENGAME,Eliteserien Game,Sports,"[""Soccer""]",open,binary,0.9,0.94,0.93,0.92,0.08,0.92,0.04,40006.2,37572.35,38260.52,0,2026-09-10T00:35:00Z,2026-09-16T17:00:00Z,2026-09-16T17:00:00Z,,,,structured,,,,True,2026-09-14T18:09:57+00:00,,,,
polymarket,0x57e3baa47862b92c4c8b62582a128c7fd2c60ce4694f3713f07d9b7c35b5db6a,https://polymarket.com/event/lol-ap-vdn-2026-09-14/lol-ap-vdn-2026-09-14,,LoL: Arctic Pandas vs Verdant (BO5) - NLC Playoffs,Match Winner,999142,LoL: Arctic Pandas vs Verdant (BO5) - NLC Playoffs,lol-ap-vdn-2026-09-14,LoL: Arctic Pandas vs Verdant (BO5) - NLC Playoffs,,[],open,binary,,0.001,0.001,0.0005,0.9995,0.0005,0.001,37588.527313,37562.78372299999,,161329.01079,2026-09-10T13:21:12Z,2026-09-14T22:00:00Z,2026-09-14T22:00:00Z,,,,,,,,,2026-09-14T18:09:38+00:00,-38.45,"[""Arctic Pandas"", ""Verdant""]","[0.0005, 0.9995]",2589942632448589898828609517451323923015128626588370127234078282928026475144
kalshi,KXALLSVENSKANSPREAD-26SEP14DJUGAIS-DJU2,https://kalshi.com/markets/kxallsvenskanspread/spread,https://kalshi.com/markets/kxallsvenskanspread/spread/kxallsvenskanspread-26sep14djugais,Djurgarden wins by more than 1.5 goals?,Djurgarden wins by more than 1.5 goals,KXALLSVENSKANSPREAD-26SEP14DJUGAIS,Djurgarden vs GAIS: Spread,KXALLSVENSKANSPREAD,Spread,Sports,"[""Soccer""]",open,binary,0.42,0.43,0.44,0.425,0.575,0.425,0.01,37456.01,37434.15,34365.45,0,2026-09-13T17:05:00Z,2026-09-16T17:00:00Z,2026-09-16T17:00:00Z,,,,greater,1.5,,,True,2026-09-14T18:09:41+00:00,,,,
polymarket,0x7034c00a24f9edbf325fd5a0b9a63412e469fc8cd2aa9b060fb5ba8e10d7ebef,https://polymarket.com/event/ballon-dor-winner-2026/will-lionel-messi-win-the-2026-ballon-dor,,Will Lionel Messi win the 2026 Ballon d'Or?,Lionel Messi,48361,Ballon d'Or Winner 2026,ballon-dor-winner-2026,Ballon d'Or Winner 2026,,[],open,binary,0.024,0.025,0.024,0.0245,0.9755,0.0245,0.001,2579828.0495360005,37393.25116199999,,184565.09152,2025-09-22T23:39:35.764Z,2026-10-31T00:00:00Z,2026-10-31T00:00:00Z,,,,,,,,,2026-09-14T18:09:38+00:00,-0.2,"[""Yes"", ""No""]","[0.0245, 0.9755]",14940935985254400645996902276818598247231942791302218826999289776538227075176
kalshi,KXNFLTD-26SEP14DENKC-KCTTHORNTON2-2,https://kalshi.com/markets/kxnfltd/pro-football-touchdowns,https://kalshi.com/markets/kxnfltd/pro-football-touchdowns/kxnfltd-26sep14denkc,Tyquan Thornton: 2+ touchdowns,Tyquan Thornton: 2+,KXNFLTD-26SEP14DENKC,Denver vs Kansas City: Touchdowns,KXNFLTD,Pro Football Touchdowns,Sports,"[""Football""]",open,binary,0,0.01,0.01,0.005,0.995,0.005,0.01,37385.26,37383.26,37385.26,0,2026-09-04T21:04:00Z,2026-09-17T00:15:00Z,2026-09-17T00:15:00Z,,,,greater,1.5,,,True,2026-09-14T18:10:01+00:00,,,,
kalshi,KXLIGAMXGAME-26SEP19AMECDG-CDG,https://kalshi.com/markets/kxligamxgame/liga-mx-game,https://kalshi.com/markets/kxligamxgame/liga-mx-game/kxligamxgame-26sep19amecdg,Guadalajara wins,Guadalajara,KXLIGAMXGAME-26SEP19AMECDG,America vs Guadalajara,KXLIGAMXGAME,Liga MX Game,Sports,"[""Soccer""]",open,binary,0.37,0.38,0.38,0.375,0.625,0.375,0.01,38762.76,37327,37846.43,0,2026-09-06T00:38:00Z,2026-09-22T09:00:00Z,2026-09-22T09:00:00Z,,,,structured,,,,True,2026-09-14T18:10:00+00:00,,,,
kalshi,KXNFLOPOTY-27-CWIL,https://kalshi.com/markets/kxnflopoty/ap-pro-football-offensive-player-of-the-year,https://kalshi.com/markets/kxnflopoty/ap-pro-football-offensive-player-of-the-year/kxnflopoty-27,Will Caleb Williams win the Offensive Player of the Year?,Caleb Williams,KXNFLOPOTY-27,Offensive Player of the Year Winner?,KXNFLOPOTY,AP Pro Football Offensive Player Of The Year,Sports,"[""Football""]",open,binary,0,0.02,0.02,0.01,0.99,0.01,0.02,133217.17,37326.31,129629.19,0,2026-02-10T15:00:00Z,2028-02-08T15:00:00Z,2028-02-08T15:00:00Z,,,,structured,,,,True,2026-09-14T18:10:52+00:00,,,,
polymarket,0x5d56baee18f083f2a5636d52387fed4b18f4055772bc6f17afb49864e2ec7063,https://polymarket.com/event/bitcoin-above-on-september-15-2026/bitcoin-above-82k-on-september-15-2026,,"Will the price of Bitcoin be above $82,000 on September 15?","82,000",988776,Bitcoin above ___ on September 15?,bitcoin-above-on-september-15-2026,Bitcoin above ___ on September 15?,,[],open,binary,0.031,0.037,0.044,0.034,0.966,0.034,0.006,70374.51976,37258.42812400001,,44678.57012,2026-09-08T16:00:33Z,2026-09-15T16:00:00Z,2026-09-15T16:00:00Z,,,,,,,,,2026-09-14T18:09:38+00:00,1.1,"[""Yes"", ""No""]","[0.034, 0.966]",56336716904479232830721883370461798389035904253109518060535180658299100488112
polymarket,0xfef8ddce01bd424ebf9fb3cf56a4ed980e98dd53b50d9e59fb1848849bfe4f3f,https://polymarket.com/event/nfl-den-kc-2026-09-15/nfl-den-kc-2026-09-15-spread-home-3pt5,,Spread: Chiefs (-3.5),Spread -3.5,795799,Broncos vs. Chiefs,nfl-den-kc-2026-09-15,Broncos vs. Chiefs,,[],open,binary,0.39,0.4,0.4,0.395,0.605,0.395,0.01,38291.089578,37215.295325999985,,1597854.5727,2026-08-04T16:02:51Z,2026-09-15T00:15:00Z,2026-09-15T00:15:00Z,,,,,,,,,2026-09-14T18:09:38+00:00,-1,"[""Chiefs"", ""Broncos""]","[0.395, 0.605]",104954660281475864332831168452820357214928001644991607079193544608311682516566
polymarket,0x850c5df4f71fbe41414e71df71213453a97615742a6194e42600015e2c255800,https://polymarket.com/event/pro-football-2027-champion-20260729185915366/will-the-new-orleans-saints-win-the-2027-nfl-league-championship,,Will the New Orleans Saints win the 2027 NFL league championship?,New Orleans Saints,202857,Pro Football: 2027 Champion,pro-football-2027-champion-20260729185915366,Pro Football: 2027 Champion,,[],open,binary,0.006,0.007,0.006,0.0065,0.9935,0.0065,0.001,1858518.215913,37138.222499,,142165.71584,2026-02-09T00:44:02.606Z,2027-03-31T23:55:00Z,2027-03-31T23:55:00Z,,,,,,,,,2026-09-14T18:09:38+00:00,0.1,"[""Yes"", ""No""]","[0.0065, 0.9935]",110663723024357456888700616931388705119823235067095175879915487497597096882971
polymarket,0x8ee27c276a1bee094293751285d8a6697674b023196cb21fdd14bf3ca12f6ec0,https://polymarket.com/event/brazil-presidential-election-first-round-2nd-place/will-luiz-incio-lula-da-silva-finish-in-second-place-in-the-first-round-of-the-2026-brazilian-presidential-election,,Will Luiz Inácio Lula da Silva finish in second place in the first round of the 2026 Brazilian presidential election?,Luiz Inácio Lula da Silva,204972,Brazil Presidential Election First Round: 2nd Place,brazil-presidential-election-first-round-2nd-place,Brazil Presidential Election First Round: 2nd Place,,[],open,binary,0.228,0.239,0.239,0.2335,0.7665,0.2335,0.011,693559.3141240001,36960.262052,,73684.51984,2026-02-11T22:50:26.863498Z,2026-10-04T00:00:00Z,2026-10-04T00:00:00Z,,,,,,,,,2026-09-14T18:09:38+00:00,1.4,"[""Yes"", ""No""]","[0.2335, 0.7665]",109856098174983029722649567789098297237073018943808237804563416414463140161494
polymarket,0x95fc6a4ed7f6856d26aa7f21b9f902d05c9cf76b616fd3463de4d147f7a9126b,https://polymarket.com/event/bab-el-mandeb-strait-effectively-closed-by/bab-el-mandeb-strait-effectively-closed-by-september-30-999-671-939,,Bab el-Mandeb Strait effectively closed by September 30?,September 30,276527,Bab el-Mandeb Strait effectively closed by...?,bab-el-mandeb-strait-effectively-closed-by,Bab el-Mandeb Strait effectively closed by...?,,[],open,binary,0.058,0.059,0.057,0.0585,0.9415,0.0585,0.001,2963755.4625650006,36944.26749499999,,177265.49464,2026-05-06T00:27:57.775Z,2026-10-01T03:59:00Z,2026-10-01T03:59:00Z,,,,,,,,,2026-09-14T18:09:38+00:00,0.5,"[""Yes"", ""No""]","[0.0585, 0.9415]",79492971912420892776290893910148058147353983898749011679176479416889510526578
polymarket,0x161f014d5eb25c2c233cdddd4ca6a82ce92b8ddebe520943e2a410d6fc3d8e7c,https://polymarket.com/event/nba-2027-champion/will-utah-jazz-win-the-2027-nba-finals,,Will Utah Jazz win the 2027 NBA Finals?,Utah Jazz,478277,NBA: 2027 Champion,nba-2027-champion,NBA: 2027 Champion,,[],open,binary,0.007,0.008,0.008,0.0075,0.9925,0.0075,0.001,883610.8444040002,36940.68,,130073.79852,2026-05-13T20:10:51.655513Z,2027-07-01T00:00:00Z,2027-07-01T00:00:00Z,,,,,,,,,2026-09-14T18:09:38+00:00,,"[""Yes"", ""No""]","[0.0075, 0.9925]",54923277874826862014634962138109909033857317405603301955984300475658750663515
kalshi,KXSUPERLIGTOTAL-26SEP14GAZFEN-2,https://kalshi.com/markets/kxsuperligtotal/point-total,https://kalshi.com/markets/kxsuperligtotal/point-total/kxsuperligtotal-26sep14gazfen,Will over 1.5 goals be scored?,Over 1.5 goals scored,KXSUPERLIGTOTAL-26SEP14GAZFEN,Gaziantep vs Fenerbahce: Total Goals,KXSUPERLIGTOTAL,Point Total,Sports,"[""Soccer""]",open,binary,0.46,0.61,0.46,0.535,0.465,0.535,0.15,56025.13,36813.51,44716.45,0,2026-09-13T17:06:00Z,2026-09-16T17:00:00Z,2026-09-16T17:00:00Z,,,,greater,1.5,,,True,2026-09-14T18:09:41+00:00,,,,
kalshi,KXNCAAF-27-ORE,https://kalshi.com/markets/kxncaaf/ncaaf-championship,https://kalshi.com/markets/kxncaaf/ncaaf-championship/kxncaaf-27,Will Oregon win the College Football Playoff National Championship?,Oregon,KXNCAAF-27,College Football National Championship Winner,KXNCAAF,NCAAF Championship,Sports,"[""Football""]",open,binary,0.03,0.04,0.04,0.035,0.965,0.035,0.01,2378557.75,36796.32,1916793.72,0,2026-01-21T22:00:00Z,2027-02-23T04:00:00Z,2027-02-23T04:00:00Z,,,,structured,,,,True,2026-09-14T18:10:54+00:00,,,,
kalshi,KXNCAAFGAME-26SEP19MURROKST-MURR,https://kalshi.com/markets/kxncaafgame/college-football-game,https://kalshi.com/markets/kxncaafgame/college-football-game/kxncaafgame-26sep19murrokst,Murray St. wins,Murray St.,KXNCAAFGAME-26SEP19MURROKST,Murray St. vs Oklahoma St.,KXNCAAFGAME,College Football Game,Sports,"[""Football""]",open,binary,0,0.01,0.01,0.005,0.995,0.005,0.01,50917.45,36723.8,50881.06,0,2026-09-06T01:07:00Z,2026-09-21T23:00:00Z,2026-09-21T23:00:00Z,,,,structured,,,,True,2026-09-14T18:10:00+00:00,,,,
kalshi,KXUFCFIGHT-26SEP19VANPAN-VAN,https://kalshi.com/markets/kxufcfight/ufc-fight,https://kalshi.com/markets/kxufcfight/ufc-fight/kxufcfight-26sep19vanpan,Joshua van wins,Joshua van,KXUFCFIGHT-26SEP19VANPAN,331: Van vs Pantoja,KXUFCFIGHT,UFC Fight,Sports,"[""MMA""]",open,binary,0.54,0.55,0.54,0.545,0.455,0.545,0.01,129956.99,36674.28,96137.17,0,2026-09-06T04:45:00Z,2026-10-04T02:20:00Z,2026-10-04T02:20:00Z,,,,structured,,,,True,2026-09-14T18:10:00+00:00,,,,
kalshi,SENATEFLS-26-D,https://kalshi.com/markets/senatefls/special-senate-election-in-florida,https://kalshi.com/markets/senatefls/special-senate-election-in-florida/senatefls-26,Will Democratics win the Senate race in Florida?,Angie Nixon,SENATEFLS-26,Florida Senate winner?,SENATEFLS,Special Senate election in Florida,Elections,"[""Senate""]",open,binary,0.099,0.1,0.1,0.0995,0.9005,0.0995,0.001,401846.84,36524.9,314967.09,0,2024-12-04T15:00:00Z,2027-11-03T15:00:00Z,2027-11-03T15:00:00Z,,,,structured,,,,True,2026-09-14T18:10:59+00:00,,,,
polymarket,0xa0f47e08b88cf25792eac9c300627c4ed2389045970fb9a60e4fd2750ef1b7a7,https://polymarket.com/event/cs2-ww-young2-2026-09-14/cs2-ww-young2-2026-09-14-map-handicap-away-1pt5,,Map Handicap: WW (-1.5) vs Young27 (+1.5),Map Handicap: WW (-1.5) vs Young27 (+1.5),1009741,Counter-Strike: WW Team vs Young27 (BO3) - CIS LAN Championship Group C,cs2-ww-young2-2026-09-14,Counter-Strike: WW Team vs Young27 (BO3) - CIS LAN Championship Group C,,[],open,binary,,0.001,0.001,0.0005,0.9995,0.0005,0.001,36520.214268,36520.214268,,29791.8018,2026-09-13T15:05:20Z,2026-09-14T21:50:00Z,2026-09-14T21:50:00Z,,,,,,,,,2026-09-14T18:09:38+00:00,-60.45,"[""WW Team"", ""Young27""]","[0.0005, 0.9995]",108551006254092428972802617980694039228348400256191794286342815033791879058570
kalshi,KXBTC50VS100-BTC-26DEC31,https://kalshi.com/markets/kxbtc50vs100/will-btc-fall-below-50k-before-hitting-100k,https://kalshi.com/markets/kxbtc50vs100/will-btc-fall-below-50k-before-hitting-100k/kxbtc50vs100-btc-26dec31,"Will BTC hit $50,000 before $100,000 by Dec 31, 2026?","50,000 first",KXBTC50VS100-BTC-26DEC31,"Will BTC hit $50,000 before $100,000?",KXBTC50VS100,Will BTC fall below 50k before hitting 100k?,Crypto,"[""BTC""]",open,binary,0.14,0.15,0.15,0.145,0.855,0.145,0.01,1059531.96,36469.97,501273.06,0,2026-06-02T17:30:00Z,2027-01-01T04:59:00Z,2027-01-08T04:59:00Z,,,,,,,,True,2026-09-14T18:10:36+00:00,,,,
polymarket,0xa203cc908da0d417590e01f89fb651a335650d6b797da76ac28726d5f8c7610b,https://polymarket.com/event/next-french-presidential-election/will-franois-hollande-win-the-2027-french-presidential-election,,Will François Hollande win the 2027 French presidential election?,François Hollande,79987,Next French Presidential Election,next-french-presidential-election,Next French Presidential Election,,[],open,binary,0.046,0.047,0.051,0.0465,0.9535,0.0465,0.001,1817471.007619,36424.378117,,110563.92945,2025-11-13T23:09:41.713436Z,2027-04-30T00:00:00Z,2027-04-30T00:00:00Z,,,,,,,,,2026-09-14T18:09:38+00:00,0.55,"[""Yes"", ""No""]","[0.0465, 0.9535]",35420390481420086914303850503269939905315993511859334440549793606783994509563
polymarket,0xb9832aeb2830deba5fbaae08ff8026358645e0baeaacccf49f1269faed53a58f,https://polymarket.com/event/mlb-cws-cle-2026-09-14/mlb-cws-cle-2026-09-14,,Chicago White Sox vs. Cleveland Guardians,,988202,Chicago White Sox vs. Cleveland Guardians,mlb-cws-cle-2026-09-14,Chicago White Sox vs. Cleveland Guardians,,[],open,binary,0.4,0.41,0.41,0.405,0.595,0.405,0.01,36365.41768600001,36365.41768600001,,336345.421,2026-09-08T13:00:32Z,2026-09-21T22:40:00Z,2026-09-21T22:40:00Z,,,,,,,,,2026-09-14T18:09:38+00:00,-4,"[""Chicago White Sox"", ""Cleveland Guardians""]","[0.405, 0.595]",73231716518142943408664921779750807993743115210930875436197262392973881465927
polymarket,0x46ca741da4abd7ffa993f59ac65bfe83de43ae027accac71d263a493e44064e7,https://polymarket.com/event/us-announces-end-of-iranian-blockade-byptptpt-20260713152715080/us-announces-end-of-iranian-blockade-by-december-31-2026-20260727171803489-375-949-645-919-269-157-255-857,,"US announces end of Iranian blockade by December 31, 2026?",December 31,699735,US announces end of Iranian blockade by...?,us-announces-end-of-iranian-blockade-byptptpt-20260713152715080,US announces end of Iranian blockade by...?,,[],open,binary,0.649,0.652,0.652,0.6505,0.3495,0.6505,0.003,1715919.440955,36271.44334299999,,179963.71077,2026-07-27T17:52:56.467Z,2027-01-01T04:59:00Z,2027-01-01T04:59:00Z,,,,,,,,,2026-09-14T18:09:38+00:00,0.8,"[""Yes"", ""No""]","[0.6505, 0.3495]",86011229287950365043519117852041614651767455889324682112682327985496937935368
kalshi,KXLALIGABTTS-26SEP14VILRBB-BTTS,https://kalshi.com/markets/kxlaligabtts/la-liga-btts,https://kalshi.com/markets/kxlaligabtts/la-liga-btts/kxlaligabtts-26sep14vilrbb,Both Teams To Score,Both Teams To Score,KXLALIGABTTS-26SEP14VILRBB,Villarreal vs Real Betis: BTTS,KXLALIGABTTS,La Liga BTTS,Sports,"[""Soccer""]",open,binary,0.68,0.69,0.69,0.685,0.315,0.685,0.01,37258.85,36267.88,34272.95,0,2026-09-07T19:06:00Z,2026-09-17T01:00:00Z,2026-09-17T01:00:00Z,,,,,,,,True,2026-09-14T18:09:59+00:00,,,,
kalshi,KXWTI-26SEP1414-T103.49,https://kalshi.com/markets/kxwti/wti-oil-on-day,https://kalshi.com/markets/kxwti/wti-oil-on-day/kxwti-26sep1414,"Will the WTI crude oil settlement price be above 103.49 USD/Bbl on Sep 14, 2026?",Above $103.49,KXWTI-26SEP1414,"Oil Price (WTI) on Sep 14, 2026?",KXWTI,WTI oil on day,Commodities,"[""Oil & Gas""]",open,binary,0,0.01,0.02,0.005,0.995,0.005,0.01,38928.72,36150.32,17782.89,0,2026-09-10T23:30:00Z,2026-09-14T18:30:00Z,2026-09-21T19:30:00Z,,,,greater,103.49,,,True,2026-09-14T18:09:48+00:00,,,,
polymarket,0x8dbac1bf1e011f186cd62d26757ec368ea5fdcf1c0dd8d931df0c613b309718c,https://polymarket.com/event/largest-company-end-of-september-1785358369147/will-company-c-be-the-largest-company-in-the-world-by-market-cap-on-september-30,,Will Apple be the largest company in the world by market cap on September 30?,Apple,770098,Largest Company end of September?,largest-company-end-of-september-1785358369147,Largest Company end of September?,,[],open,binary,0.162,0.168,0.17,0.165,0.835,0.165,0.006,293160.11751899996,36135.84096300001,,66959.46781,2026-07-29T22:44:40.054815Z,2026-09-30T23:59:00Z,2026-09-30T23:59:00Z,,,,,,,,,2026-09-14T18:09:38+00:00,9.3,"[""Yes"", ""No""]","[0.165, 0.835]",16478316053646921296729034019554519840110001466229869274618614366503964308841
polymarket,0xd62f4a5a6063a7a562699da464d0478a7dabbf659acc76cc07e767b54c7c78c0,https://polymarket.com/event/what-price-will-ethereum-hit-in-september-2026/will-ethereum-reach-3200-in-september-2026,,"Will Ethereum reach $3,200 in September?","↑ 3,200",946005,What price will Ethereum hit in September?,what-price-will-ethereum-hit-in-september-2026,What price will Ethereum hit in September?,,[],open,binary,0.064,0.071,0.063,0.0675,0.9325,0.0675,0.007,294100.26227899996,35932.04929300002,,41835.54031,2026-09-01T05:07:23Z,2026-10-01T04:00:00Z,2026-10-01T04:00:00Z,,,,,,,,,2026-09-14T18:09:38+00:00,1.05,"[""Yes"", ""No""]","[0.0675, 0.9325]",13681717102244275505210716695805250711522144313140257628136491096958696437576
kalshi,KXBTCD-26SEP1417-T75749.99,https://kalshi.com/markets/kxbtcd/bitcoin-price-above-below,https://kalshi.com/markets/kxbtcd/bitcoin-price-above-below/kxbtcd-26sep1417,"Bitcoin price on Sep 14, 2026?","$75,750 or above",KXBTCD-26SEP1417,"BTC price on Sep 14, 2026 at 5pm EDT?",KXBTCD,Bitcoin price Above/below,Crypto,"[""Hourly"", ""BTC""]",open,binary,0.99,1,0.99,0.995,0.005,0.995,0.01,35874.09,35874.09,23815.58,0,2026-09-13T20:00:00Z,2026-09-14T21:00:00Z,2026-09-21T21:00:00Z,,,,greater,75749.99,,BRTI,True,2026-09-14T18:09:42+00:00,,,,
kalshi,KXNEXTTEAMNFL-26ARODGERS8-NONE,https://kalshi.com/markets/kxnextteamnfl/player-next-team,https://kalshi.com/markets/kxnextteamnfl/player-next-team/kxnextteamnfl-26arodgers8,What will be Aaron Rodgers's next team?,Retires / No Team,KXNEXTTEAMNFL-26ARODGERS8,Aaron Rodgers's Next Team,KXNEXTTEAMNFL,Player Next Team,Sports,"[""Football""]",open,binary,0.05,0.07,0.07,0.06,0.94,0.06,0.02,492825.85,35812.6,259859.29,0,2026-05-07T17:40:00Z,2026-12-01T04:59:00Z,2026-12-08T15:00:00Z,,,,custom,,,,True,2026-09-14T18:10:40+00:00,,,,
polymarket,0xd7485a7e055c29f2e007a9960ae6bfe7a495ddf0f4b65d2591cbd31f72f585a6,https://polymarket.com/event/sea-tor-rom-2026-09-14-more-markets/sea-tor-rom-2026-09-14-first-half-total-0pt5,,Torino FC vs. AS Roma: 1st Half O/U 0.5,1st Half O/U 0.5,945985,Torino FC vs. AS Roma - More Markets,sea-tor-rom-2026-09-14-more-markets,Torino FC vs. AS Roma - More Markets,,[],open,binary,0.999,1,0.999,0.9995,0.0005,0.9995,0.001,35638.64593300001,35638.64593299999,,106005.44268,2026-09-01T05:00:47Z,2026-09-14T16:30:00Z,2026-09-14T16:30:00Z,,,,,,,,,2026-09-14T18:09:38+00:00,27.95,"[""Over"", ""Under""]","[0.9995, 0.0005]",89977436469981200687291178859814294875850748174572744222865153032750547359109
kalshi,KXDENSUPERLIGAGAME-26SEP14FCMBRO-BRO,https://kalshi.com/markets/kxdensuperligagame/danish-superliga-game,https://kalshi.com/markets/kxdensuperligagame/danish-superliga-game/kxdensuperligagame-26sep14fcmbro,Broendby wins,Broendby,KXDENSUPERLIGAGAME-26SEP14FCMBRO,Midtjylland vs Broendby,KXDENSUPERLIGAGAME,Danish Superliga Game,Sports,"[""Soccer""]",open,binary,0.01,0.02,0.02,0.015,0.985,0.015,0.01,37288.39,35565.68,16883.8,0,2026-09-10T00:35:00Z,2026-09-16T17:00:00Z,2026-09-16T17:00:00Z,,,,structured,,,,True,2026-09-14T18:09:57+00:00,,,,
polymarket,0xf2b6f22346703c11acb9038e87c7354fa07dfd0ef6a73e5c12f80ce524eb911e,https://polymarket.com/event/mlb-bal-nym-2026-09-14/mlb-bal-nym-2026-09-14,,Baltimore Orioles vs. New York Mets,,988204,Baltimore Orioles vs. New York Mets,mlb-bal-nym-2026-09-14,Baltimore Orioles vs. New York Mets,,[],open,binary,0.46,0.47,0.48,0.465,0.535,0.465,0.01,35555.959824,35549.959824,,277504.8556,2026-09-08T13:00:37Z,2026-09-21T23:10:00Z,2026-09-21T23:10:00Z,,,,,,,,,2026-09-14T18:09:38+00:00,1,"[""Baltimore Orioles"", ""New York Mets""]","[0.465, 0.535]",13724114581097930445550095145755277109075085769929825852737617264760012101561
kalshi,KXSERIEABTTS-26SEP14COMPAR-BTTS,https://kalshi.com/markets/kxserieabtts/serie-a-btts,https://kalshi.com/markets/kxserieabtts/serie-a-btts/kxserieabtts-26sep14compar,Both Teams To Score,Both Teams To Score,KXSERIEABTTS-26SEP14COMPAR,Como vs Parma Calcio: BTTS,KXSERIEABTTS,Serie A BTTS,Sports,"[""Soccer""]",open,binary,0.15,0.16,0.15,0.155,0.845,0.155,0.01,41462.87,35483.58,30401.71,0,2026-09-07T17:06:00Z,2026-09-16T22:30:00Z,2026-09-16T22:30:00Z,,,,,,,,True,2026-09-14T18:10:00+00:00,,,,
polymarket,0xa34edb6c898232378a9cc08744842df2cd89d278ba45b012bed3ac10c7241c4d,https://polymarket.com/event/ballon-dor-winner-2026/will-lamine-yamal-win-the-2026-ballon-dor,,Will Lamine Yamal win the 2026 Ballon d'Or?,Lamine Yamal,48361,Ballon d'Or Winner 2026,ballon-dor-winner-2026,Ballon d'Or Winner 2026,,[],open,binary,0.193,0.195,0.193,0.194,0.806,0.194,0.002,2323683.8546239985,35341.589075,,137218.77079,2025-09-22T23:39:06.170776Z,2026-10-31T00:00:00Z,2026-10-31T00:00:00Z,,,,,,,,,2026-09-14T18:09:38+00:00,2.85,"[""Yes"", ""No""]","[0.194, 0.806]",10466835326554416965099784068156829774726248334728156046559014834812912458273
polymarket,0xa745eff902c48aa61fd7478b3286623b38e979d0a5d89fef46964edf45e46219,https://polymarket.com/event/where-will-trump-and-putin-meet-next-678/will-trump-and-putin-not-meet-432,,Will Trump and Putin not meet?,No meeting by December 31,528389,Where will Trump and Putin meet next in 2026?,where-will-trump-and-putin-meet-next-678,Where will Trump and Putin meet next in 2026?,,[],open,binary,0.32,0.34,0.33,0.33,0.67,0.33,0.02,325157.8834430001,35334.980955,,47475.3549,2026-05-26T22:51:38.428829Z,2027-01-01T04:59:00Z,2027-01-01T04:59:00Z,,,,,,,,,2026-09-14T18:09:38+00:00,-1,"[""Yes"", ""No""]","[0.33, 0.67]",60721106651047318972353533272976554010468129253652681478570218681774510353152
kalshi,KXHEISMAN-27-DMES,https://kalshi.com/markets/kxheisman/heisman-trophy-winner,https://kalshi.com/markets/kxheisman/heisman-trophy-winner/kxheisman-27,Who will win Heisman Trophy?,Drew Mestemaker,KXHEISMAN-27,Heisman Trophy Winner,KXHEISMAN,Heisman Trophy Winner,Sports,"[""Football""]",open,binary,0,0.01,0.01,0.005,0.995,0.005,0.01,848793.02,35331.56,817582.23,0,2026-01-05T18:30:00Z,2027-01-01T15:00:00Z,2027-01-15T15:00:00Z,,,,custom,,,,True,2026-09-14T18:10:55+00:00,,,,
kalshi,KXMLBGAME-26SEP141840CWSCLE-CWS,https://kalshi.com/markets/kxmlbgame/professional-baseball-game,https://kalshi.com/markets/kxmlbgame/professional-baseball-game/kxmlbgame-26sep141840cwscle,Chicago WS wins,Chicago WS,KXMLBGAME-26SEP141840CWSCLE,Chicago WS vs Cleveland,KXMLBGAME,Professional Baseball Game,Sports,"[""Baseball""]",open,binary,0.4,0.41,0.41,0.405,0.595,0.405,0.01,35660.37,35265.71,34706.74,0,2026-09-11T22:55:00Z,2026-09-17T22:40:00Z,2026-09-17T22:40:00Z,,,,structured,,,,True,2026-09-14T18:09:44+00:00,,,,
kalshi,KXMLBTOTAL-26SEP141910BALNYM-8,https://kalshi.com/markets/kxmlbtotal/pro-baseball-total-points,https://kalshi.com/markets/kxmlbtotal/pro-baseball-total-points/kxmlbtotal-26sep141910balnym,Over 7.5 runs scored,Over 7.5 runs scored,KXMLBTOTAL-26SEP141910BALNYM,Baltimore vs New York M: Total Runs,KXMLBTOTAL,Pro Baseball Total Points,Sports,"[""Baseball""]",open,binary,0.54,0.55,0.55,0.545,0.455,0.545,0.01,35625.23,35140.23,29992.18,0,2026-09-13T20:00:00Z,2026-09-17T23:10:00Z,2026-09-17T23:10:00Z,,,,greater,7.5,,,True,2026-09-14T18:09:40+00:00,,,,
kalshi,KXFED-26SEP-T4.00,https://kalshi.com/markets/kxfed/fed-funds-rate,https://kalshi.com/markets/kxfed/fed-funds-rate/kxfed-26sep,"Will the upper bound of the federal funds rate be above 4.00% following the Fed's Sep 16, 2026 meeting?",Above 4.00%,KXFED-26SEP,Fed funds rate after Sep 2026 meeting?,KXFED,Fed funds rate,Economics,"[""Fed""]",open,binary,0.01,0.02,0.01,0.015,0.985,0.015,0.01,258492.03,35093.24,187475.83,0,2025-08-06T14:30:00Z,2026-09-16T17:55:00Z,2026-09-23T18:05:00Z,,,,greater,4,,,True,2026-09-14T18:10:58+00:00,,,,
polymarket,0x939abe4a38f670b916138202bc9045767299998dbb3c3fb389146fb17f24a477,https://polymarket.com/event/sweden-parliamentary-election-3rd-place/will-the-sweden-democrats-sd-win-the-third-most-seats-in-the-2026-swedish-parliamentary-election,,Will the Sweden Democrats (SD) win the third most seats in the 2026 Swedish parliamentary election?,Sweden Democrats (SD),502875,Sweden Parliamentary Election: 3rd Place,sweden-parliamentary-election-3rd-place,Sweden Parliamentary Election: 3rd Place,,[],open,binary,0.999,1,0.999,0.9995,0.0005,0.9995,0.001,65345.69157699999,35066.783998,,39177.03562,2026-05-19T20:52:37.694392Z,2026-09-13T00:00:00Z,2026-09-13T00:00:00Z,,,,,,,,,2026-09-14T18:09:38+00:00,15.45,"[""Yes"", ""No""]","[0.9995, 0.0005]",79407368312325642649129663281021505136974919123785062185108115301590083588838
kalshi,KXNFLFIRSTTD-26SEP14DENKC-DENJDOBBINS27,https://kalshi.com/markets/kxnflfirsttd/pro-football-first-touchdown,https://kalshi.com/markets/kxnflfirsttd/pro-football-first-touchdown/kxnflfirsttd-26sep14denkc,J.K. Dobbins: 1st Touchdown,J.K. Dobbins,KXNFLFIRSTTD-26SEP14DENKC,Denver vs Kansas City: 1st Touchdown,KXNFLFIRSTTD,Pro Football First Touchdown,Sports,"[""Football""]",open,binary,0.07,0.08,0.08,0.075,0.925,0.075,0.01,35972.08,35012.27,35754.46,0,2026-09-04T21:04:00Z,2026-09-17T00:15:00Z,2026-09-17T00:15:00Z,,,,structured,,,,True,2026-09-14T18:10:01+00:00,,,,
kalshi,KXNFLTD-26SEP14DENKC-KCKWALKER9-2,https://kalshi.com/markets/kxnfltd/pro-football-touchdowns,https://kalshi.com/markets/kxnfltd/pro-football-touchdowns/kxnfltd-26sep14denkc,Kenneth Walker III: 2+ touchdowns,Kenneth Walker III: 2+,KXNFLTD-26SEP14DENKC,Denver vs Kansas City: Touchdowns,KXNFLTD,Pro Football Touchdowns,Sports,"[""Football""]",open,binary,0.13,0.14,0.14,0.135,0.865,0.135,0.01,37292.24,34958.48,36852.19,0,2026-09-04T21:04:00Z,2026-09-17T00:15:00Z,2026-09-17T00:15:00Z,,,,greater,1.5,,,True,2026-09-14T18:10:01+00:00,,,,
polymarket,0xd68cc9305b0009d837543f3b73c2e0daee968120f1fbb5ba9052fdb91e52632b,https://polymarket.com/event/elc-bri-lin-2026-09-08/elc-bri-lin-2026-09-08-bri,,Will Bristol City FC win on 2026-09-08?,Bristol City FC,914022,Bristol City FC vs. Lincoln City FC,elc-bri-lin-2026-09-08,Bristol City FC vs. Lincoln City FC,,[],open,binary,0.48,0.49,0.48,0.485,0.515,0.485,0.01,35790.35883799999,34928.942203,,73500.8458,2026-08-26T04:00:34Z,2026-09-15T18:45:00Z,2026-09-15T18:45:00Z,,,,,,,,,2026-09-14T18:09:38+00:00,,"[""Yes"", ""No""]","[0.485, 0.515]",6444727135214355488928534112016917392926547023362696660131063495466248175460
polymarket,0x9f50939c394897a984d04522b61cf62da5aaa7fc50a2b3da362accaeffe38078,https://polymarket.com/event/ballon-dor-winner-2026/will-khvicha-kvaratskhelia-win-the-2026-ballon-dor,,Will Khvicha Kvaratskhelia win the 2026 Ballon d'Or?,Khvicha Kvaratskhelia,48361,Ballon d'Or Winner 2026,ballon-dor-winner-2026,Ballon d'Or Winner 2026,,[],open,binary,0.02,0.021,0.022,0.0205,0.9795,0.0205,0.001,1630247.4202570007,34705.679756000005,,134350.16319,2025-09-22T23:39:25.749Z,2026-10-31T00:00:00Z,2026-10-31T00:00:00Z,,,,,,,,,2026-09-14T18:09:38+00:00,,"[""Yes"", ""No""]","[0.0205, 0.9795]",12622519606415978744877534783705265610788882249231449850262189360805525437274
polymarket,0x3d5321854a1571f6f9f27fd6a87fbefdde464260a19b03404d2eb9d97f3d2b06,https://polymarket.com/event/ballon-dor-winner-2026/will-michael-olise-win-the-2026-ballon-dor,,Will Michael Olise win the 2026 Ballon d'Or?,Michael Olise,48361,Ballon d'Or Winner 2026,ballon-dor-winner-2026,Ballon d'Or Winner 2026,,[],open,binary,0.002,0.003,0.003,0.0025,0.9975,0.0025,0.001,1810276.6788459995,34559.696001,,211884.95458,2025-09-22T23:39:16.223Z,2026-10-31T00:00:00Z,2026-10-31T00:00:00Z,,,,,,,,,2026-09-14T18:09:38+00:00,-0.2,"[""Yes"", ""No""]","[0.0025, 0.9975]",80760484659859004057151567591793221748584787651268092387414945323344021679571
kalshi,KXNFLRSHYDS-26SEP14DENKC-KCPMAHOMES15-15,https://kalshi.com/markets/kxnflrshyds/pro-football-rushing-yards,https://kalshi.com/markets/kxnflrshyds/pro-football-rushing-yards/kxnflrshyds-26sep14denkc,Patrick Mahomes: 15+ rushing yards,Patrick Mahomes: 15+,KXNFLRSHYDS-26SEP14DENKC,Denver vs Kansas City: Rushing Yards,KXNFLRSHYDS,Pro Football Rushing Yards,Sports,"[""Football""]",open,binary,0.49,0.5,0.5,0.495,0.505,0.495,0.01,36893.82,34515.69,36156.48,0,2026-09-10T23:28:00Z,2026-09-17T00:15:00Z,2026-09-17T00:15:00Z,,,,greater,14.5,,,True,2026-09-14T18:09:48+00:00,,,,
polymarket,0x86a42b5df59f83a3bbf4b7b7b147436d6abf837e440fe929582dca3aa8bfc6a0,https://polymarket.com/event/fin1-int-vps-2026-09-14-more-markets/fin1-int-vps-2026-09-14-total-0pt5,,FC Inter Turku vs. Vaasan Palloseura: O/U 0.5,O/U 0.5,1005428,FC Inter Turku vs. Vaasan Palloseura - More Markets,fin1-int-vps-2026-09-14-more-markets,FC Inter Turku vs. Vaasan Palloseura - More Markets,,[],open,binary,0.999,1,0.999,0.9995,0.0005,0.9995,0.001,34432.522413000006,34432.522413000006,,32084.51277,2026-09-11T17:36:20Z,2026-09-14T15:00:00Z,2026-09-14T15:00:00Z,,,,,,,,,2026-09-14T18:09:38+00:00,6.95,"[""Over"", ""Under""]","[0.9995, 0.0005]",19344423886741768113956111830156735391560033309358056571868400169354327415232
polymarket,0x2f112a1cd954debe3438caac411ca4395cc53be0e1580a5802ab42618b94aff7,https://polymarket.com/event/russia-elections-united-russia-wins-every-region/russia-elections-united-russia-wins-every-region,,Russia Elections: United Russia Wins Every Region?,,810896,Russia Elections: United Russia Wins Every Region?,russia-elections-united-russia-wins-every-region,Russia Elections: United Russia Wins Every Region?,,[],open,binary,0.65,0.67,0.66,0.66,0.34,0.66,0.02,400072.50411000004,34296.554353000014,,108796.9208,2026-08-07T13:56:35.582258Z,2026-09-20T23:59:00Z,2026-09-20T23:59:00Z,,,,,,,,,2026-09-14T18:09:38+00:00,-5.5,"[""Yes"", ""No""]","[0.66, 0.34]",34349914026097401057128861099057880661380967396881948920123251373255308524355
kalshi,KXNFLFIRSTTD-26SEP14DENKC-DENEENGRAM1,https://kalshi.com/markets/kxnflfirsttd/pro-football-first-touchdown,https://kalshi.com/markets/kxnflfirsttd/pro-football-first-touchdown/kxnflfirsttd-26sep14denkc,Evan Engram: 1st Touchdown,Evan Engram,KXNFLFIRSTTD-26SEP14DENKC,Denver vs Kansas City: 1st Touchdown,KXNFLFIRSTTD,Pro Football First Touchdown,Sports,"[""Football""]",open,binary,0.03,0.04,0.04,0.035,0.965,0.035,0.01,34312.3,34296.3,34312.3,0,2026-09-04T21:04:00Z,2026-09-17T00:15:00Z,2026-09-17T00:15:00Z,,,,structured,,,,True,2026-09-14T18:10:01+00:00,,,,
kalshi,KXNFLMVP-27-TLAR,https://kalshi.com/markets/kxnflmvp/ap-pro-football-regular-season-mvp,https://kalshi.com/markets/kxnflmvp/ap-pro-football-regular-season-mvp/kxnflmvp-27,Will Trevor Lawrence win the MVP?,Trevor Lawrence,KXNFLMVP-27,MVP Winner?,KXNFLMVP,AP Pro Football Regular Season MVP,Sports,"[""Football""]",open,binary,0.06,0.07,0.07,0.065,0.935,0.065,0.01,710799.12,34270.63,647373.46,0,2026-02-08T20:30:00Z,2028-02-12T15:00:00Z,2028-02-12T15:00:00Z,,,,structured,,,,True,2026-09-14T18:10:52+00:00,,,,
kalshi,KXNFLSPREAD-26SEP14DENKC-DEN3,https://kalshi.com/markets/kxnflspread/pro-football-spread,https://kalshi.com/markets/kxnflspread/pro-football-spread/kxnflspread-26sep14denkc,Denver wins by over 2.5 points?,Denver wins by over 2.5 points,KXNFLSPREAD-26SEP14DENKC,Denver vs Kansas City: Spread,KXNFLSPREAD,Pro Football Spread,Sports,"[""Football""]",open,binary,0.41,0.42,0.42,0.415,0.585,0.415,0.01,44182.14,34235.24,42900.94,0,2026-08-03T23:13:00Z,2026-09-17T00:15:00Z,2026-09-17T00:15:00Z,,,,greater,2.5,,,True,2026-09-14T18:10:23+00:00,,,,
kalshi,KXSERIEATOTAL-26SEP14COMPAR-5,https://kalshi.com/markets/kxserieatotal/serie-a-total,https://kalshi.com/markets/kxserieatotal/serie-a-total/kxserieatotal-26sep14compar,Will over 4.5 goals be scored?,Over 4.5 goals scored,KXSERIEATOTAL-26SEP14COMPAR,Como vs Parma Calcio: Total Goals,KXSERIEATOTAL,Serie A Total,Sports,"[""Soccer""]",open,binary,0,0.01,0.01,0.005,0.995,0.005,0.01,34403.31,34235.18,24580.12,0,2026-09-07T17:06:00Z,2026-09-16T22:30:00Z,2026-09-16T22:30:00Z,,,,greater,4.5,,,True,2026-09-14T18:10:00+00:00,,,,
kalshi,KXNFLTD-26SEP14DENKC-KCTKELCE87-1,https://kalshi.com/markets/kxnfltd/pro-football-touchdowns,https://kalshi.com/markets/kxnfltd/pro-football-touchdowns/kxnfltd-26sep14denkc,Travis Kelce: 1+ touchdowns,Travis Kelce: 1+,KXNFLTD-26SEP14DENKC,Denver vs Kansas City: Touchdowns,KXNFLTD,Pro Football Touchdowns,Sports,"[""Football""]",open,binary,0.28,0.29,0.29,0.285,0.715,0.285,0.01,37712.65,34186.18,37146.32,0,2026-09-04T21:04:00Z,2026-09-17T00:15:00Z,2026-09-17T00:15:00Z,,,,greater,0.5,,,True,2026-09-14T18:10:01+00:00,,,,
polymarket,0x8062cf78d93f9202f4c0a1018d141f4af35d486a368f07e65265f27d48b4e040,https://polymarket.com/event/anthropic-ipo-by/will-anthropic-ipo-by-october-31-2026-213,,"Will Anthropic IPO by October 31, 2026?","October 31, 2026",549019,Anthropic IPO by __?,anthropic-ipo-by,Anthropic IPO by __?,,[],open,binary,0.6,0.61,0.61,0.605,0.395,0.605,0.01,856219.4106360003,34183.52416799999,,14453.9298,2026-06-02T20:05:57.594Z,2027-07-01T00:00:00Z,2027-07-01T00:00:00Z,,,,,,,,,2026-09-14T18:09:38+00:00,-3,"[""Yes"", ""No""]","[0.605, 0.395]",35480485928147694422522317298160081194603766865102488154902775756915955129166
kalshi,KXNCAAFGAME-26SEP18MIAWAKE-WAKE,https://kalshi.com/markets/kxncaafgame/college-football-game,https://kalshi.com/markets/kxncaafgame/college-football-game/kxncaafgame-26sep18miawake,Wake Forest wins,Wake Forest,KXNCAAFGAME-26SEP18MIAWAKE,Miami (FL) vs Wake Forest,KXNCAAFGAME,College Football Game,Sports,"[""Football""]",open,binary,0.07,0.08,0.07,0.075,0.925,0.075,0.01,53256.98,34023.41,44466.9,0,2026-09-05T01:07:00Z,2026-09-20T23:30:00Z,2026-09-20T23:30:00Z,,,,structured,,,,True,2026-09-14T18:10:01+00:00,,,,
kalshi,KXNCAAFGAME-26SEP18HOUTTU-HOU,https://kalshi.com/markets/kxncaafgame/college-football-game,https://kalshi.com/markets/kxncaafgame/college-football-game/kxncaafgame-26sep18houttu,Will Houston win the Houston vs Texas Tech college football game?,Houston,KXNCAAFGAME-26SEP18HOUTTU,Houston vs Texas Tech,KXNCAAFGAME,College Football Game,Sports,"[""Football""]",open,binary,0.26,0.27,0.27,0.265,0.735,0.265,0.01,64318.62,33989.7,54028.96,0,2026-05-20T19:09:00Z,2026-09-21T00:00:00Z,2026-09-21T00:00:00Z,,,,structured,,,,True,2026-09-14T18:10:38+00:00,,,,
kalshi,KXNFLSPREAD-26SEP14DENKC-DEN7,https://kalshi.com/markets/kxnflspread/pro-football-spread,https://kalshi.com/markets/kxnflspread/pro-football-spread/kxnflspread-26sep14denkc,Denver wins by over 6.5 points?,Denver wins by over 6.5 points,KXNFLSPREAD-26SEP14DENKC,Denver vs Kansas City: Spread,KXNFLSPREAD,Pro Football Spread,Sports,"[""Football""]",open,binary,0.26,0.27,0.27,0.265,0.735,0.265,0.01,47446.58,33981.33,43797.86,0,2026-08-03T23:13:00Z,2026-09-17T00:15:00Z,2026-09-17T00:15:00Z,,,,greater,6.5,,,True,2026-09-14T18:10:23+00:00,,,,
kalshi,KXPRESPERSON-28-SSMI,https://kalshi.com/markets/kxpresperson/pres-person,https://kalshi.com/markets/kxpresperson/pres-person/kxpresperson-28,Who will win the next presidential election?,Stephen A. Smith,KXPRESPERSON-28,2028 U.S. Presidential Election winner?,KXPRESPERSON,Pres person,Elections,"[""2028"", ""US Elections""]",open,binary,0.001,0.002,0.001,0.0015,0.9985,0.0015,0.001,2099338.19,33834.91,1858240.9,0,2025-05-10T14:00:00Z,2029-11-07T15:00:00Z,2029-11-07T15:00:00Z,,,,custom,,,,True,2026-09-14T18:10:58+00:00,,,,
polymarket,0x6d95fd17ce443548baf3aa5170c65d4ab343eb366939d0615c330852d9c9749b,https://polymarket.com/event/epl-lee-new-2026-09-14-more-markets/epl-lee-new-2026-09-14-total-2pt5,,Leeds United FC vs. Newcastle United FC: O/U 2.5,O/U 2.5,945983,Leeds United FC vs. Newcastle United FC - More Markets,epl-lee-new-2026-09-14-more-markets,Leeds United FC vs. Newcastle United FC - More Markets,,[],open,binary,0.55,0.56,0.56,0.555,0.445,0.555,0.01,37389.633003000024,33810.842976000014,,241049.8624,2026-09-01T05:00:41Z,2026-09-14T19:00:00Z,2026-09-14T19:00:00Z,,,,,,,,,2026-09-14T18:09:38+00:00,2,"[""Over"", ""Under""]","[0.555, 0.445]",44691116437392091493108088261891698783947235596839147821983009820479384466297
kalshi,KXT20MATCH-26SEP151000INDAFG-IND,https://kalshi.com/markets/kxt20match/men-s-t20-cricket-match,https://kalshi.com/markets/kxt20match/men-s-t20-cricket-match/kxt20match-26sep151000indafg,India wins,India,KXT20MATCH-26SEP151000INDAFG,Afghanistan vs India,KXT20MATCH,Men's T20 Cricket Match,Sports,"[""Cricket""]",open,binary,0.9,0.91,0.91,0.905,0.095,0.905,0.01,39241.16,33802.47,38327.07,0,2026-09-13T00:11:00Z,2026-09-17T18:00:00Z,2026-09-17T18:00:00Z,,,,structured,,,,True,2026-09-14T18:09:42+00:00,,,,
polymarket,0x53503ce8c53d2c2832096c2a46979ed229df03d5eae47e90cf4af94bd80b2cc2,https://polymarket.com/event/chi1-ccu-cdh-2026-08-30-halftime-result/chi1-ccu-cdh-2026-08-30-halftime-result-draw,,CD Coquimbo Unido vs. CD Huachipato: Draw at halftime?,Draw,867051,CD Coquimbo Unido vs. CD Huachipato - Halftime Result,chi1-ccu-cdh-2026-08-30-halftime-result,CD Coquimbo Unido vs. CD Huachipato - Halftime Result,,[],open,binary,0.962,0.991,0.96,0.9765,0.0235,0.9765,0.029,34531.622513,33799.096207999995,,19270.69226,2026-08-17T19:05:00Z,2026-09-16T21:00:00Z,2026-09-16T21:00:00Z,,,,,,,,,2026-09-14T18:09:38+00:00,47.7,"[""Yes"", ""No""]","[0.9765, 0.0235]",1145397786203085029507676787329519356759532604226077749269770688631137798685
kalshi,KXEPLTOTAL-26SEP14LEENEW-6,https://kalshi.com/markets/kxepltotal/english-premier-league-total-goals,https://kalshi.com/markets/kxepltotal/english-premier-league-total-goals/kxepltotal-26sep14leenew,Will over 5.5 goals be scored?,Over 5.5 goals scored,KXEPLTOTAL-26SEP14LEENEW,Leeds United vs Newcastle: Total Goals,KXEPLTOTAL,English Premier League Total Goals,Sports,"[""Soccer""]",open,binary,0.07,0.08,0.08,0.075,0.925,0.075,0.01,38703.72,33766.78,35234.2,0,2026-09-07T19:06:00Z,2026-09-17T01:00:00Z,2026-09-17T01:00:00Z,,,,greater,5.5,,,True,2026-09-14T18:09:59+00:00,,,,
kalshi,KXNFLTD-26SEP14DENKC-KCNGRAY83-1,https://kalshi.com/markets/kxnfltd/pro-football-touchdowns,https://kalshi.com/markets/kxnfltd/pro-football-touchdowns/kxnfltd-26sep14denkc,Noah Gray: 1+ touchdowns,Noah Gray: 1+,KXNFLTD-26SEP14DENKC,Denver vs Kansas City: Touchdowns,KXNFLTD,Pro Football Touchdowns,Sports,"[""Football""]",open,binary,0.08,0.09,0.09,0.085,0.915,0.085,0.01,42219.13,33438.06,41463.5,0,2026-09-04T21:04:00Z,2026-09-17T00:15:00Z,2026-09-17T00:15:00Z,,,,greater,0.5,,,True,2026-09-14T18:10:01+00:00,,,,
kalshi,KXNFLREC-26SEP14DENKC-KCRRICE4-6,https://kalshi.com/markets/kxnflrec/pro-football-player-receptions,https://kalshi.com/markets/kxnflrec/pro-football-player-receptions/kxnflrec-26sep14denkc,Rashee Rice: 6+ receptions,Rashee Rice: 6+,KXNFLREC-26SEP14DENKC,Denver vs Kansas City: Receptions,KXNFLREC,Pro Football Player Receptions,Sports,"[""Football""]",open,binary,0.4,0.41,0.41,0.405,0.595,0.405,0.01,39273.24,33343.34,38277.5,0,2026-09-04T21:04:00Z,2026-09-17T00:15:00Z,2026-09-17T00:15:00Z,,,,greater,5.5,,,True,2026-09-14T18:10:01+00:00,,,,
polymarket,0xd42b2d4d6341d0f58296f2fcb801e423547094203cd9f25ebf464339a1e12ed9,https://polymarket.com/event/nfl-den-kc-2026-09-15/nfl-den-kc-2026-09-15-total-44pt5,,Broncos vs. Chiefs: O/U 44.5,O/U 44.5,795799,Broncos vs. Chiefs,nfl-den-kc-2026-09-15,Broncos vs. Chiefs,,[],open,binary,0.44,0.45,0.45,0.445,0.555,0.445,0.01,33652.645846,33333.67311799999,,521173.0946,2026-08-04T16:02:50Z,2026-09-15T00:15:00Z,2026-09-15T00:15:00Z,,,,,,,,,2026-09-14T18:09:38+00:00,-1,"[""Over"", ""Under""]","[0.445, 0.555]",32931504209743918116228355820437923246169543440725587049643988914087815591409
kalshi,KXMLB-26-TOR,https://kalshi.com/markets/kxmlb/world-series,https://kalshi.com/markets/kxmlb/world-series/kxmlb-26,Will Toronto win the 2026 Pro Baseball Championship?,Toronto,KXMLB-26,Pro Baseball Champion,KXMLB,World Series,Sports,"[""Baseball""]",open,binary,0.015,0.016,0.016,0.0155,0.9845,0.0155,0.001,2133263.61,33318.73,1654872.68,0,2025-12-17T15:00:00Z,2028-10-31T04:00:00Z,2028-10-31T04:00:00Z,,,,structured,,,,True,2026-09-14T18:10:55+00:00,,,,
polymarket,0x24625a80a5b14881773fd7db2f01b1f5fc1a50b9d53afff286f3d6cd78a55886,https://polymarket.com/event/sea-int-udi-2026-09-14/sea-int-udi-2026-09-14-draw,,Will FC Internazionale Milano vs. Udinese Calcio end in a draw?,Draw (FC Internazionale Milano vs. Udinese Calcio),944643,FC Internazionale Milano vs. Udinese Calcio,sea-int-udi-2026-09-14,FC Internazionale Milano vs. Udinese Calcio,,[],open,binary,0.13,0.14,0.14,0.135,0.865,0.135,0.01,33829.043909,33299.610934,,309621.9404,2026-08-31T23:00:17Z,2026-09-14T18:45:00Z,2026-09-14T18:45:00Z,,,,,,,,,2026-09-14T18:09:38+00:00,-1,"[""Yes"", ""No""]","[0.135, 0.865]",115685240324066635904088043438208296236362724231850314265531012457510719447441
kalshi,KXNFLTD-26SEP14DENKC-KCXWORTHY1-1,https://kalshi.com/markets/kxnfltd/pro-football-touchdowns,https://kalshi.com/markets/kxnfltd/pro-football-touchdowns/kxnfltd-26sep14denkc,Xavier Worthy: 1+ touchdowns,Xavier Worthy: 1+,KXNFLTD-26SEP14DENKC,Denver vs Kansas City: Touchdowns,KXNFLTD,Pro Football Touchdowns,Sports,"[""Football""]",open,binary,0.2,0.21,0.21,0.205,0.795,0.205,0.01,35343.11,33217.95,32702.85,0,2026-09-04T21:04:00Z,2026-09-17T00:15:00Z,2026-09-17T00:15:00Z,,,,greater,0.5,,,True,2026-09-14T18:10:01+00:00,,,,
kalshi,KXUCL-27-ATM,https://kalshi.com/markets/kxucl/uefa-champions-league,https://kalshi.com/markets/kxucl/uefa-champions-league/kxucl-27,Will Atletico win the Champions League?,Atletico,KXUCL-27,Champions League Winner,KXUCL,UEFA Champions League,Sports,"[""Soccer""]",open,binary,0.01,0.02,0.01,0.015,0.985,0.015,0.01,105746.88,33192.15,97666.97,0,2026-06-03T23:20:00Z,2027-06-19T21:00:00Z,2027-06-19T21:00:00Z,,,,structured,,,,True,2026-09-14T18:10:36+00:00,,,,
polymarket,0x36ba1235b2696fb16311fb3810e08d8198e144ef3bd7fa6ab51ac4da7b8db74b,https://polymarket.com/event/atp-blanche-harris-2026-09-14/atp-blanche-harris-2026-09-14,,Rennes: Ugo Blanchet vs Billy Harris,,1013723,Rennes: Ugo Blanchet vs Billy Harris,atp-blanche-harris-2026-09-14,Rennes: Ugo Blanchet vs Billy Harris,,[],open,binary,0.54,0.55,0.55,0.545,0.455,0.545,0.01,33237.4512,33084.283308,,179136.2171,2026-09-12T23:06:08Z,2026-09-21T08:00:00Z,2026-09-21T08:00:00Z,,,,,,,,,2026-09-14T18:09:38+00:00,1.5,"[""Ugo Blanchet"", ""Billy Harris""]","[0.545, 0.455]",84996504504314377232419115663800135360224586835093099050432091627988087976269
kalshi,KXNFLFIRSTTD-26SEP14DENKC-KCRRICE4,https://kalshi.com/markets/kxnflfirsttd/pro-football-first-touchdown,https://kalshi.com/markets/kxnflfirsttd/pro-football-first-touchdown/kxnflfirsttd-26sep14denkc,Rashee Rice: 1st Touchdown,Rashee Rice,KXNFLFIRSTTD-26SEP14DENKC,Denver vs Kansas City: 1st Touchdown,KXNFLFIRSTTD,Pro Football First Touchdown,Sports,"[""Football""]",open,binary,0.07,0.08,0.08,0.075,0.925,0.075,0.01,35117.82,33081.44,35089.33,0,2026-09-04T21:04:00Z,2026-09-17T00:15:00Z,2026-09-17T00:15:00Z,,,,structured,,,,True,2026-09-14T18:10:01+00:00,,,,
kalshi,KXNFLCOTY-27-AGLE,https://kalshi.com/markets/kxnflcoty/ap-pro-football-coach-of-the-year,https://kalshi.com/markets/kxnflcoty/ap-pro-football-coach-of-the-year/kxnflcoty-27,Will Aaron Glenn win the Coach of the Year?,Aaron Glenn,KXNFLCOTY-27,Coach of the Year Winner?,KXNFLCOTY,AP Pro Football Coach Of The Year,Sports,"[""Football""]",open,binary,0.04,0.1,0.14,0.07,0.93,0.07,0.06,132692.79,33058.18,120416.02,0,2026-03-31T02:00:00Z,2028-02-28T15:00:00Z,2028-02-28T15:00:00Z,,,,custom,,,,True,2026-09-14T18:10:49+00:00,,,,
kalshi,KXHEISMAN-27-KJEN,https://kalshi.com/markets/kxheisman/heisman-trophy-winner,https://kalshi.com/markets/kxheisman/heisman-trophy-winner/kxheisman-27,Who will win Heisman Trophy?,Kevin Jennings,KXHEISMAN-27,Heisman Trophy Winner,KXHEISMAN,Heisman Trophy Winner,Sports,"[""Football""]",open,binary,0.01,0.02,0.02,0.015,0.985,0.015,0.01,831744.49,33054.46,767001.16,0,2026-06-25T19:30:00Z,2027-01-01T15:00:00Z,2027-01-15T15:00:00Z,,,,custom,,,,True,2026-09-14T18:10:33+00:00,,,,
polymarket,0x7a833b2745bc6911db3ef244e37287c9ab1be1e63ee71266d2c79326cafbe285,https://polymarket.com/event/next-round-of-us-iran-peace-talks-byptptpt-20260623022722982/us-x-iran-diplomatic-meeting-by-december-31-2026-745,,"US x Iran diplomatic meeting by December 31, 2026?","December 31, 2026",624218,Next round of US-Iran peace talks by...?,next-round-of-us-iran-peace-talks-byptptpt-20260623022722982,Next round of US-Iran peace talks by...?,,[],open,binary,0.4,0.41,0.41,0.405,0.595,0.405,0.01,304769.2359039999,32846.601486,,63159.008,2026-08-17T16:02:09Z,2026-12-31T23:59:00Z,2026-12-31T23:59:00Z,,,,,,,,,2026-09-14T18:09:38+00:00,-2,"[""Yes"", ""No""]","[0.405, 0.595]",75949079072300511635603600206567227738703160855900547778099294726738851616000
kalshi,KXMLBTOTAL-26SEP141840CWSCLE-8,https://kalshi.com/markets/kxmlbtotal/pro-baseball-total-points,https://kalshi.com/markets/kxmlbtotal/pro-baseball-total-points/kxmlbtotal-26sep141840cwscle,Over 7.5 runs scored,Over 7.5 runs scored,KXMLBTOTAL-26SEP141840CWSCLE,Chicago WS vs Cleveland: Total Runs,KXMLBTOTAL,Pro Baseball Total Points,Sports,"[""Baseball""]",open,binary,0.42,0.43,0.43,0.425,0.575,0.425,0.01,32827.41,32821.3,25051.03,0,2026-09-13T20:00:00Z,2026-09-17T22:40:00Z,2026-09-17T22:40:00Z,,,,greater,7.5,,,True,2026-09-14T18:09:40+00:00,,,,
kalshi,KXPGATOUR-BICA26-ANOV,https://kalshi.com/markets/kxpgatour/pga-tour,https://kalshi.com/markets/kxpgatour/pga-tour/kxpgatour-bica26,Will Andrew Novak win the Biltmore Championship Asheville?,Andrew Novak,KXPGATOUR-BICA26,Biltmore Championship Asheville Winner,KXPGATOUR,PGA Tour,Sports,"[""Golf""]",open,binary,0.011,0.017,0.021,0.014,0.986,0.014,0.006,32783.69,32783.69,32783.69,0,2026-09-13T23:05:00Z,2026-10-04T00:00:00Z,2026-10-04T00:00:00Z,,,,structured,,,,True,2026-09-14T18:09:40+00:00,,,,
kalshi,KXUFCFIGHT-26SEP19VANPAN-PAN,https://kalshi.com/markets/kxufcfight/ufc-fight,https://kalshi.com/markets/kxufcfight/ufc-fight/kxufcfight-26sep19vanpan,Alexandre Pantoja wins,Alexandre Pantoja,KXUFCFIGHT-26SEP19VANPAN,331: Van vs Pantoja,KXUFCFIGHT,UFC Fight,Sports,"[""MMA""]",open,binary,0.45,0.46,0.46,0.455,0.545,0.455,0.01,127282.19,32756.14,101487.31,0,2026-09-06T04:45:00Z,2026-10-04T02:20:00Z,2026-10-04T02:20:00Z,,,,structured,,,,True,2026-09-14T18:10:00+00:00,,,,
kalshi,KXBTCD-26SEP1417-T79499.99,https://kalshi.com/markets/kxbtcd/bitcoin-price-above-below,https://kalshi.com/markets/kxbtcd/bitcoin-price-above-below/kxbtcd-26sep1417,"Bitcoin price on Sep 14, 2026?","$79,500 or above",KXBTCD-26SEP1417,"BTC price on Sep 14, 2026 at 5pm EDT?",KXBTCD,Bitcoin price Above/below,Crypto,"[""Hourly"", ""BTC""]",open,binary,0.12,0.13,0.13,0.125,0.875,0.125,0.01,35296.41,32616.4,25953.47,0,2026-09-13T20:00:00Z,2026-09-14T21:00:00Z,2026-09-21T21:00:00Z,,,,greater,79499.99,,BRTI,True,2026-09-14T18:09:42+00:00,,,,
kalshi,KXWTI-26SEP1414-T103.99,https://kalshi.com/markets/kxwti/wti-oil-on-day,https://kalshi.com/markets/kxwti/wti-oil-on-day/kxwti-26sep1414,"Will the WTI crude oil settlement price be above 103.99 USD/Bbl on Sep 14, 2026?",Above $103.99,KXWTI-26SEP1414,"Oil Price (WTI) on Sep 14, 2026?",KXWTI,WTI oil on day,Commodities,"[""Oil & Gas""]",open,binary,0,0.01,0.01,0.005,0.995,0.005,0.01,36520.17,32531.85,18641.99,0,2026-09-10T23:30:00Z,2026-09-14T18:30:00Z,2026-09-21T19:30:00Z,,,,greater,103.99,,,True,2026-09-14T18:09:48+00:00,,,,
polymarket,0x9ed0ecc8b8589e67967d44c4420944a41b6a6806419019a1581d514174eee9b1,https://polymarket.com/event/who-will-be-the-next-prime-minister-of-israel-after-the-next-election/will-naftali-bennett-be-the-next-prime-minister-of-israel,,Will Naftali Bennett be the next Prime Minister of Israel?,Naftali Bennett,81557,Prime Minister of Israel after the next election?,who-will-be-the-next-prime-minister-of-israel-after-the-next-election,Prime Minister of Israel after the next election?,,[],open,binary,0.08,0.09,0.08,0.085,0.915,0.085,0.01,3132472.7668430004,32530.131112000003,,106560.9368,2025-11-15T00:27:03.233053Z,2026-12-31T00:00:00Z,2026-12-31T00:00:00Z,,,,,,,,,2026-09-14T18:09:38+00:00,,"[""Yes"", ""No""]","[0.085, 0.915]",58945936829392654397399777214757608864525173988558750256164021442231118224154
polymarket,0x4d9ca2742a07651e2abee20648f041e73c97ef7c2bf048a2c2a202d2a856ced5,https://polymarket.com/event/what-price-will-bitcoin-hit-in-september-2026/will-bitcoin-dip-to-75k-in-september-2026,,"Will Bitcoin dip to $75,000 in September?","↓ 75,000",946004,What price will Bitcoin hit in September?,what-price-will-bitcoin-hit-in-september-2026,What price will Bitcoin hit in September?,,[],open,binary,0.5,0.51,0.51,0.505,0.495,0.505,0.01,358325.7923800001,32491.433063999997,,71562.4212,2026-09-01T05:07:19Z,2026-10-01T04:00:00Z,2026-10-01T04:00:00Z,,,,,,,,,2026-09-14T18:09:38+00:00,-19,"[""Yes"", ""No""]","[0.505, 0.495]",71614294149761045250341803495546587007139052187428360469103433437522297039820
kalshi,KXHIGHLAX-26SEP14-B81.5,https://kalshi.com/markets/kxhighlax/highest-temperature-in-los-angeles,https://kalshi.com/markets/kxhighlax/highest-temperature-in-los-angeles/kxhighlax-26sep14,"Will the maximum temperature be 81-82° on Sep 14, 2026?",81° to 82°,KXHIGHLAX-26SEP14,"Highest temperature in Los Angeles on Sep 14, 2026?",KXHIGHLAX,Highest temperature in Los Angeles,Climate and Weather,"[""Daily temperature""]",open,binary,0.3,0.36,0.36,0.33,0.67,0.33,0.06,33754.22,32376.22,22412.44,0,2026-09-13T14:00:00Z,2026-09-15T08:00:00Z,2026-09-21T14:00:00Z,,,,between,81,82,CLILAX,True,2026-09-14T18:09:41+00:00,,,,
polymarket,0x2c108f623ac720d8f664bbaf14a9731141aa8955c1e48b02c766b772941674d8,https://polymarket.com/event/what-price-will-bitcoin-hit-in-september-2026/will-bitcoin-reach-85k-in-september-2026,,"Will Bitcoin reach $85,000 in September?","↑ 85,000",946004,What price will Bitcoin hit in September?,what-price-will-bitcoin-hit-in-september-2026,What price will Bitcoin hit in September?,,[],open,binary,0.33,0.34,0.3,0.335,0.665,0.335,0.01,424139.3732309999,32326.385784999995,,62392.8609,2026-09-01T05:07:15Z,2026-10-01T04:00:00Z,2026-10-01T04:00:00Z,,,,,,,,,2026-09-14T18:09:38+00:00,10,"[""Yes"", ""No""]","[0.335, 0.665]",81780779224259491605896114548635727637676605965813881291062071590530581918897
polymarket,0x5e0e81be9b99b366f1e087cbb3796de23db3cc9d9236d69d4bd02dae828c3c54,https://polymarket.com/event/den-mid-bro-2026-09-14-more-markets/den-mid-bro-2026-09-14-total-4pt5,,FC Midtjylland vs. Brøndby IF: O/U 4.5,O/U 4.5,948334,FC Midtjylland vs. Brøndby IF - More Markets,den-mid-bro-2026-09-14-more-markets,FC Midtjylland vs. Brøndby IF - More Markets,,[],open,binary,0.27,0.31,0.44,0.29,0.71,0.29,0.04,32468.856357999994,32280.589993999998,,12568.3275,2026-09-01T16:30:28Z,2026-09-14T17:00:00Z,2026-09-14T17:00:00Z,,,,,,,,,2026-09-14T18:09:38+00:00,8,"[""Over"", ""Under""]","[0.29, 0.71]",62488754367735570892932375308273760734280923054841750629225282124339142734343
kalshi,KXMLBGAME-26SEP141840LADCIN-CIN,https://kalshi.com/markets/kxmlbgame/professional-baseball-game,https://kalshi.com/markets/kxmlbgame/professional-baseball-game/kxmlbgame-26sep141840ladcin,Cincinnati wins,Cincinnati,KXMLBGAME-26SEP141840LADCIN,Los Angeles D vs Cincinnati,KXMLBGAME,Professional Baseball Game,Sports,"[""Baseball""]",open,binary,0.33,0.34,0.34,0.335,0.665,0.335,0.01,33337,32272.66,25186.68,0,2026-09-11T22:55:00Z,2026-09-17T22:40:00Z,2026-09-17T22:40:00Z,,,,structured,,,,True,2026-09-14T18:09:44+00:00,,,,
kalshi,KXNFLGAME-26SEP20MIASF-SF,https://kalshi.com/markets/kxnflgame/professional-football-game,https://kalshi.com/markets/kxnflgame/professional-football-game/kxnflgame-26sep20miasf,San Francisco wins,San Francisco,KXNFLGAME-26SEP20MIASF,MIA Dolphins vs SF 49ers,KXNFLGAME,Professional Football Game,Sports,"[""Football""]",open,binary,0.88,0.89,0.89,0.885,0.115,0.885,0.01,57330.1,32183.81,45019.53,0,2026-08-25T15:33:00Z,2026-09-22T20:25:00Z,2026-09-22T20:25:00Z,,,,structured,,,,True,2026-09-14T18:10:11+00:00,,,,
polymarket,0x9ac34917a6d7918ad4c1b291d21f14b8d01af593191e37da7454c05b771cb0e8,https://polymarket.com/event/what-price-will-ethereum-hit-in-september-2026/will-ethereum-reach-2800-in-september-2026,,"Will Ethereum reach $2,800 in September?","↑ 2,800",946005,What price will Ethereum hit in September?,what-price-will-ethereum-hit-in-september-2026,What price will Ethereum hit in September?,,[],open,binary,0.31,0.33,0.31,0.32,0.68,0.32,0.02,106728.05145799997,32125.353925999996,,54867.2636,2026-09-01T05:07:21Z,2026-10-01T04:00:00Z,2026-10-01T04:00:00Z,,,,,,,,,2026-09-14T18:09:38+00:00,0.5,"[""Yes"", ""No""]","[0.32, 0.68]",81899326239492953260651866547155804866879238640377494825376012493147322160232
kalshi,KXBALLONDOR-26-LYAM,https://kalshi.com/markets/kxballondor/ballon-d-or,https://kalshi.com/markets/kxballondor/ballon-d-or/kxballondor-26,Who will win the Ballon d'Or in 2026?,Lamine Yamal,KXBALLONDOR-26,Who will win the Ballon d'Or in 2026?,KXBALLONDOR,Ballon d'Or,Sports,"[""Soccer""]",open,binary,0.22,0.23,0.22,0.225,0.775,0.225,0.01,1000306.59,32015.57,535758.13,0,2026-01-24T01:00:00Z,2026-12-31T04:59:00Z,2027-12-31T15:00:00Z,,,,custom,,,,True,2026-09-14T18:10:54+00:00,,,,
kalshi,KXNFLCOTY-27-MILAF,https://kalshi.com/markets/kxnflcoty/ap-pro-football-coach-of-the-year,https://kalshi.com/markets/kxnflcoty/ap-pro-football-coach-of-the-year/kxnflcoty-27,Will Mike LaFleur win the Coach of the Year?,Mike LaFleur,KXNFLCOTY-27,Coach of the Year Winner?,KXNFLCOTY,AP Pro Football Coach Of The Year,Sports,"[""Football""]",open,binary,0.03,0.04,0.04,0.035,0.965,0.035,0.01,45559.98,31873.85,45409.52,0,2026-03-31T02:00:00Z,2028-02-28T15:00:00Z,2028-02-28T15:00:00Z,,,,custom,,,,True,2026-09-14T18:10:49+00:00,,,,
kalshi,KXNFL1H-26SEP14DENKC-TIE,https://kalshi.com/markets/kxnfl1h/pro-football-1st-half-winner,https://kalshi.com/markets/kxnfl1h/pro-football-1st-half-winner/kxnfl1h-26sep14denkc,Will neither team win the 1st Half?,Tie 1st Half,KXNFL1H-26SEP14DENKC,DEN Broncos vs KC Chiefs: 1st Half Winner,KXNFL1H,Pro Football 1st Half Winner,Sports,"[""Football""]",open,binary,0.08,0.09,0.09,0.085,0.915,0.085,0.01,33131.81,31820.32,32526.06,0,2026-09-02T18:37:00Z,2026-09-17T00:15:00Z,2026-09-17T00:15:00Z,,,,structured,,,,True,2026-09-14T18:10:04+00:00,,,,
polymarket,0x576fe5ccf75a7b676981657e2335e6cd2d13cd559052d729f03bffdab45438b5,https://polymarket.com/event/bitcoin-above-on-september-15-2026/bitcoin-above-86k-on-september-15-2026,,"Will the price of Bitcoin be above $86,000 on September 15?","86,000",988776,Bitcoin above ___ on September 15?,bitcoin-above-on-september-15-2026,Bitcoin above ___ on September 15?,,[],open,binary,0.001,0.004,0.002,0.0025,0.9975,0.0025,0.003,43440.866842,31806.7025,,50564.11911,2026-09-08T16:00:32Z,2026-09-15T16:00:00Z,2026-09-15T16:00:00Z,,,,,,,,,2026-09-14T18:09:38+00:00,-0.6,"[""Yes"", ""No""]","[0.0025, 0.9975]",113029720163812687010946064155972655495178187790056869377685143441434105841868
polymarket,0x6114306f724135bd1db2f5f3169386decf18f618653c196ef0a6c1afd27f4c73,https://polymarket.com/event/brazil-presidential-election-first-round-2nd-place/will-flvio-bolsonaro-finish-in-second-place-in-the-first-round-of-the-2026-brazilian-presidential-election,,Will Flávio Bolsonaro finish in second place in the first round of the 2026 Brazilian presidential election?,Flávio Bolsonaro,204972,Brazil Presidential Election First Round: 2nd Place,brazil-presidential-election-first-round-2nd-place,Brazil Presidential Election First Round: 2nd Place,,[],open,binary,0.75,0.77,0.76,0.76,0.24,0.76,0.02,792262.8123319999,31764.256816,,47805.0953,2026-02-11T22:51:11.028988Z,2026-10-04T00:00:00Z,2026-10-04T00:00:00Z,,,,,,,,,2026-09-14T18:09:38+00:00,-0.5,"[""Yes"", ""No""]","[0.76, 0.24]",49821065181473419798146957267480015506102711160660718636601116902870701340131
kalshi,KXNFLMVP-27-JHER,https://kalshi.com/markets/kxnflmvp/ap-pro-football-regular-season-mvp,https://kalshi.com/markets/kxnflmvp/ap-pro-football-regular-season-mvp/kxnflmvp-27,Will Justin Herbert win the MVP?,Justin Herbert,KXNFLMVP-27,MVP Winner?,KXNFLMVP,AP Pro Football Regular Season MVP,Sports,"[""Football""]",open,binary,0.04,0.05,0.05,0.045,0.955,0.045,0.01,674484.61,31681.59,627465.84,0,2026-02-08T20:30:00Z,2028-02-12T15:00:00Z,2028-02-12T15:00:00Z,,,,structured,,,,True,2026-09-14T18:10:52+00:00,,,,
kalshi,KXNFLTD-26SEP14DENKC-DENEENGRAM1-2,https://kalshi.com/markets/kxnfltd/pro-football-touchdowns,https://kalshi.com/markets/kxnfltd/pro-football-touchdowns/kxnfltd-26sep14denkc,Evan Engram: 2+ touchdowns,Evan Engram: 2+,KXNFLTD-26SEP14DENKC,Denver vs Kansas City: Touchdowns,KXNFLTD,Pro Football Touchdowns,Sports,"[""Football""]",open,binary,0,0.01,0.01,0.005,0.995,0.005,0.01,34681.18,31658.65,34681.18,0,2026-09-04T21:04:00Z,2026-09-17T00:15:00Z,2026-09-17T00:15:00Z,,,,greater,1.5,,,True,2026-09-14T18:10:01+00:00,,,,
kalshi,KXNFLTD-26SEP14DENKC-DENJDOBBINS27-1,https://kalshi.com/markets/kxnfltd/pro-football-touchdowns,https://kalshi.com/markets/kxnfltd/pro-football-touchdowns/kxnfltd-26sep14denkc,J.K. Dobbins: 1+ touchdowns,J.K. Dobbins: 1+,KXNFLTD-26SEP14DENKC,Denver vs Kansas City: Touchdowns,KXNFLTD,Pro Football Touchdowns,Sports,"[""Football""]",open,binary,0.32,0.33,0.33,0.325,0.675,0.325,0.01,32893.74,31655.18,32667.14,0,2026-09-04T21:04:00Z,2026-09-17T00:15:00Z,2026-09-17T00:15:00Z,,,,greater,0.5,,,True,2026-09-14T18:10:01+00:00,,,,
polymarket,0x7a9be75b1f26814d65239c62ebb53c1f6f4af3408405e00bca498d4c0b40c82b,https://polymarket.com/event/ethereum-above-on-september-15-2026/ethereum-above-2700-on-september-15-2026,,"Will the price of Ethereum be above $2,700 on September 15?","2,700",988773,Ethereum above ___ on September 15?,ethereum-above-on-september-15-2026,Ethereum above ___ on September 15?,,[],open,binary,0.032,0.039,0.032,0.0355,0.9645,0.0355,0.007,35577.841999000004,31637.384885000003,,39461.20515,2026-09-08T16:00:13Z,2026-09-15T16:00:00Z,2026-09-15T16:00:00Z,,,,,,,,,2026-09-14T18:09:38+00:00,1.05,"[""Yes"", ""No""]","[0.0355, 0.9645]",13280556701857646013275919843066188712999985064720376809339703304565541783768
kalshi,KXNFLDPOTY-27-ZBAU,https://kalshi.com/markets/kxnfldpoty/ap-pro-football-defensive-player-of-the-year,https://kalshi.com/markets/kxnfldpoty/ap-pro-football-defensive-player-of-the-year/kxnfldpoty-27,Will Zack Baun win the Defensive Player of the Year?,Zack Baun,KXNFLDPOTY-27,Defensive Player of the Year Winner?,KXNFLDPOTY,AP Pro Football Defensive Player Of The Year,Sports,"[""Football""]",open,binary,0,0.01,0.01,0.005,0.995,0.005,0.01,55877.47,31546.1,55877.47,0,2026-02-10T15:00:00Z,2028-02-08T15:00:00Z,2028-02-08T15:00:00Z,,,,structured,,,,True,2026-09-14T18:10:52+00:00,,,,
polymarket,0xa1d59d9f14906252f5714193a4ed65e5b71257b74296d770ad2f7259291a12bc,https://polymarket.com/event/ukr1-shd-fco-2026-09-14/ukr1-shd-fco-2026-09-14-shd,,Will FK Shakhtar Donetsk win on 2026-09-14?,FK Shakhtar Donetsk,946843,FK Shakhtar Donetsk vs. FK Chornomorets Odesa,ukr1-shd-fco-2026-09-14,FK Shakhtar Donetsk vs. FK Chornomorets Odesa,,[],open,binary,0.999,1,0.999,0.9995,0.0005,0.9995,0.001,31467.473105999998,31387.274657000013,,13520.05094,2026-09-01T09:00:20Z,2026-09-14T15:00:00Z,2026-09-14T15:00:00Z,,,,,,,,,2026-09-14T18:09:38+00:00,14.45,"[""Yes"", ""No""]","[0.9995, 0.0005]",65307504915734140396559020255202749793193231164821970413035361354506973625729
kalshi,KXUCL-27-BAR,https://kalshi.com/markets/kxucl/uefa-champions-league,https://kalshi.com/markets/kxucl/uefa-champions-league/kxucl-27,Will Barcelona win the Champions League?,Barcelona,KXUCL-27,Champions League Winner,KXUCL,UEFA Champions League,Sports,"[""Soccer""]",open,binary,0.22,0.24,0.24,0.23,0.77,0.23,0.02,812986.89,31368.93,587500.59,0,2026-06-03T23:20:00Z,2027-06-19T21:00:00Z,2027-06-19T21:00:00Z,,,,structured,,,,True,2026-09-14T18:10:36+00:00,,,,
kalshi,KXRAIN-26SEP14-HOU,https://kalshi.com/markets/kxrain/where-will-it-rain-daily,https://kalshi.com/markets/kxrain/where-will-it-rain-daily/kxrain-26sep14,"Will it rain in Houston on Sep 14, 2026?",Houston,KXRAIN-26SEP14,"Where will it rain on Sep 14, 2026?",KXRAIN,Where will it rain daily,Climate and Weather,"[""Snow and rain""]",open,binary,0.28,0.3,0.29,0.29,0.71,0.29,0.02,35795.45,31291.55,16683.66,0,2026-09-13T09:10:00Z,2026-09-15T06:00:00Z,2026-09-16T06:00:00Z,,,,greater,0,,,True,2026-09-14T18:09:42+00:00,,,,
kalshi,KXSERIEAGAME-26SEP14INTUDI-TIE,https://kalshi.com/markets/kxserieagame/serie-a-game,https://kalshi.com/markets/kxserieagame/serie-a-game/kxserieagame-26sep14intudi,Tie is the result,Tie,KXSERIEAGAME-26SEP14INTUDI,Inter vs Udinese,KXSERIEAGAME,Serie A Game,Sports,"[""Soccer""]",open,binary,0.13,0.14,0.14,0.135,0.865,0.135,0.01,33985.56,31257.47,33600.39,0,2026-08-31T00:41:00Z,2026-09-17T00:45:00Z,2026-09-17T00:45:00Z,,,,structured,,,,True,2026-09-14T18:10:09+00:00,,,,
kalshi,KXPRESNOMR-28-TCAR,https://kalshi.com/markets/kxpresnomr/republican-primary-winner,https://kalshi.com/markets/kxpresnomr/republican-primary-winner/kxpresnomr-28,Will Tucker Carlson be the nominee for the Presidency for the Republican party?,Tucker Carlson,KXPRESNOMR-28,2028 Republican presidential nominee,KXPRESNOMR,Republican Primary winner,Elections,"[""2028"", ""US Elections""]",open,binary,0.027,0.032,0.032,0.0295,0.9705,0.0295,0.005,4456553.61,31254.08,2698651.35,0,2025-10-01T14:00:09Z,2028-11-07T15:00:00Z,2028-11-07T15:00:00Z,,,,custom,,,,True,2026-09-14T18:10:57+00:00,,,,
kalshi,KXNCAAFGAME-26SEP19UNIIOWA-UNI,https://kalshi.com/markets/kxncaafgame/college-football-game,https://kalshi.com/markets/kxncaafgame/college-football-game/kxncaafgame-26sep19uniiowa,Northern Iowa wins,Northern Iowa,KXNCAAFGAME-26SEP19UNIIOWA,Northern Iowa vs Iowa,KXNCAAFGAME,College Football Game,Sports,"[""Football""]",open,binary,0,0.01,0.01,0.005,0.995,0.005,0.01,46141,31166.91,46060,0,2026-09-05T22:07:00Z,2026-09-21T20:00:00Z,2026-09-21T20:00:00Z,,,,structured,,,,True,2026-09-14T18:10:01+00:00,,,,
polymarket,0x1239389645c8a73b170b78ef3a83d69b6cf1d2711d412829ea8836660b08fc93,https://polymarket.com/event/what-price-will-bitcoin-hit-before-2027/will-bitcoin-reach-85000-by-december-31-2026-from-june-8,,"Will Bitcoin reach $85,000 by December 31, 2026?","↑ 85,000",89502,What price will Bitcoin hit in 2026?,what-price-will-bitcoin-hit-before-2027,What price will Bitcoin hit in 2026?,,[],open,binary,0.69,0.71,0.71,0.7,0.3,0.7,0.02,758171.383627,31143.282703999997,,103806.8387,2026-06-08T04:57:40.223Z,2027-01-01T05:00:00Z,2027-01-01T05:00:00Z,,,,,,,,,2026-09-14T18:09:38+00:00,9.5,"[""Yes"", ""No""]","[0.7, 0.3]",27201221676173593121678787264361008606480627771007041356248031697735484721466
kalshi,KXPRESNOMD-28-MC,https://kalshi.com/markets/kxpresnomd/democratic-primary-winner,https://kalshi.com/markets/kxpresnomd/democratic-primary-winner/kxpresnomd-28,Will Mark Cuban be the Democratic Presidential nominee in 2028?,Mark Cuban,KXPRESNOMD-28,2028 Democratic presidential nominee,KXPRESNOMD,Democratic Primary winner,Elections,"[""2028"", ""US Elections""]",open,binary,0.008,0.011,0.011,0.0095,0.9905,0.0095,0.003,5294927.68,30996.66,4284219.38,0,2024-11-06T15:00:00Z,2028-11-07T15:00:00Z,2028-11-07T15:00:00Z,,,,custom,,,,True,2026-09-14T18:10:59+00:00,,,,
kalshi,KXOSCARPIC-27-DEB,https://kalshi.com/markets/kxoscarpic/oscar-for-best-picture,https://kalshi.com/markets/kxoscarpic/oscar-for-best-picture/kxoscarpic-27,Will The Debut win Best Picture at the Oscars?,The Debut,KXOSCARPIC-27,Oscar Winner: Best Picture,KXOSCARPIC,Oscar for Best Picture,Entertainment,"[""Oscars"", ""Awards""]",open,binary,0.05,0.06,0.05,0.055,0.945,0.055,0.01,190862.19,30821.44,178662.51,0,2026-06-23T00:35:00Z,2027-12-31T15:00:00Z,2027-12-31T15:00:00Z,,,,custom,,,,True,2026-09-14T18:10:34+00:00,,,,
kalshi,KXNFLRSHYDS-26SEP14DENKC-DENBNIX10-15,https://kalshi.com/markets/kxnflrshyds/pro-football-rushing-yards,https://kalshi.com/markets/kxnflrshyds/pro-football-rushing-yards/kxnflrshyds-26sep14denkc,Bo Nix: 15+ rushing yards,Bo Nix: 15+,KXNFLRSHYDS-26SEP14DENKC,Denver vs Kansas City: Rushing Yards,KXNFLRSHYDS,Pro Football Rushing Yards,Sports,"[""Football""]",open,binary,0.58,0.59,0.59,0.585,0.415,0.585,0.01,31942.05,30777.67,31093.14,0,2026-09-04T21:04:00Z,2026-09-17T00:15:00Z,2026-09-17T00:15:00Z,,,,greater,14.5,,,True,2026-09-14T18:10:01+00:00,,,,
kalshi,KXMLBGAME-26SEP141910BALNYM-BAL,https://kalshi.com/markets/kxmlbgame/professional-baseball-game,https://kalshi.com/markets/kxmlbgame/professional-baseball-game/kxmlbgame-26sep141910balnym,Baltimore wins,Baltimore,KXMLBGAME-26SEP141910BALNYM,Baltimore vs New York M,KXMLBGAME,Professional Baseball Game,Sports,"[""Baseball""]",open,binary,0.46,0.47,0.47,0.465,0.535,0.465,0.01,31350.61,30719.36,28745.99,0,2026-09-11T23:25:00Z,2026-09-17T23:10:00Z,2026-09-17T23:10:00Z,,,,structured,,,,True,2026-09-14T18:09:44+00:00,,,,
polymarket,0xdd3a28d741c0dbb7a3af9ccc430a6f964a445c9ce5a10b2faef8fe1199a17579,https://polymarket.com/event/lal-vil-bet-2026-09-14-more-markets/lal-vil-bet-2026-09-14-total-4pt5,,Villarreal CF vs. Real Betis Balompié: O/U 4.5,O/U 4.5,946385,Villarreal CF vs. Real Betis Balompié - More Markets,lal-vil-bet-2026-09-14-more-markets,Villarreal CF vs. Real Betis Balompié - More Markets,,[],open,binary,0.25,0.26,0.26,0.255,0.745,0.255,0.01,30410.406679,30410.406679,,78844.3319,2026-09-01T07:00:33Z,2026-09-14T19:00:00Z,2026-09-14T19:00:00Z,,,,,,,,,2026-09-14T18:09:38+00:00,5,"[""Over"", ""Under""]","[0.255, 0.745]",79701439766331436939423567990608377898453501454938582027457746282613844918699
kalshi,KXNFLGAME-26SEP20MIASF-MIA,https://kalshi.com/markets/kxnflgame/professional-football-game,https://kalshi.com/markets/kxnflgame/professional-football-game/kxnflgame-26sep20miasf,Miami wins,Miami,KXNFLGAME-26SEP20MIASF,MIA Dolphins vs SF 49ers,KXNFLGAME,Professional Football Game,Sports,"[""Football""]",open,binary,0.11,0.12,0.12,0.115,0.885,0.115,0.01,71963.86,30381.58,52215.35,0,2026-08-25T15:33:00Z,2026-09-22T20:25:00Z,2026-09-22T20:25:00Z,,,,structured,,,,True,2026-09-14T18:10:11+00:00,,,,
kalshi,KXNCAAF-27-MIA,https://kalshi.com/markets/kxncaaf/ncaaf-championship,https://kalshi.com/markets/kxncaaf/ncaaf-championship/kxncaaf-27,Will Miami (FL) win the College Football Playoff National Championship?,Miami (FL),KXNCAAF-27,College Football National Championship Winner,KXNCAAF,NCAAF Championship,Sports,"[""Football""]",open,binary,0.11,0.12,0.12,0.115,0.885,0.115,0.01,2192733.96,30332.29,1974669.95,0,2026-01-21T22:00:00Z,2027-02-23T04:00:00Z,2027-02-23T04:00:00Z,,,,structured,,,,True,2026-09-14T18:10:54+00:00,,,,
kalshi,KXMLBHR-26SEP141940ATLCHC-CHCPCROWARMSTRONG4-1,https://kalshi.com/markets/kxmlbhr/pro-baseball-home-runs,https://kalshi.com/markets/kxmlbhr/pro-baseball-home-runs/kxmlbhr-26sep141940atlchc,Pete Crow-Armstrong: 1+ home runs?,Pete Crow-Armstrong: 1+,KXMLBHR-26SEP141940ATLCHC,Atlanta vs Chicago C: Home Runs,KXMLBHR,Pro Baseball Home Runs,Sports,"[""Baseball""]",open,binary,0.23,0.25,0.25,0.24,0.76,0.24,0.02,30339.07,30320.07,28177.93,0,2026-09-14T02:11:00Z,2026-09-17T23:40:00Z,2026-09-17T23:40:00Z,,,,greater,0.5,,,True,2026-09-14T18:09:39+00:00,,,,
kalshi,KXLALIGAGAME-26SEP13VILRBB-TIE,https://kalshi.com/markets/kxlaligagame/la-liga-game,https://kalshi.com/markets/kxlaligagame/la-liga-game/kxlaligagame-26sep13vilrbb,Tie is the result,Tie,KXLALIGAGAME-26SEP13VILRBB,Villarreal vs Real Betis,KXLALIGAGAME,La Liga Game,Sports,"[""Soccer""]",open,binary,0.23,0.24,0.24,0.235,0.765,0.235,0.01,32940.6,30318.35,31327.77,0,2026-08-30T00:48:00Z,2026-09-16T01:00:00Z,2026-09-16T01:00:00Z,,,,structured,,,,True,2026-09-14T18:10:09+00:00,,,,
kalshi,KXBTCMAXMON-BTC-26SEP30-8250000,https://kalshi.com/markets/kxbtcmaxmon/bitcoin-monthly-one-touch,https://kalshi.com/markets/kxbtcmaxmon/bitcoin-monthly-one-touch/kxbtcmaxmon-btc-26sep30,"Will BTC trimmed mean be above $82500.00 by 11:59 PM ET on Sep 30, 2026?","Above $82,500.00",KXBTCMAXMON-BTC-26SEP30,How high will BTC get in September?,KXBTCMAXMON,Bitcoin monthly one touch,Crypto,"[""BTC""]",open,binary,0.53,0.55,0.53,0.54,0.46,0.54,0.02,222471.07,30262.97,104436.12,0,2026-09-01T04:10:00Z,2026-10-01T03:59:59Z,2026-10-08T03:59:59Z,,,,greater,82500,,,True,2026-09-14T18:10:07+00:00,,,,
kalshi,KXBTCMAXMON-BTC-26SEP30-8750000,https://kalshi.com/markets/kxbtcmaxmon/bitcoin-monthly-one-touch,https://kalshi.com/markets/kxbtcmaxmon/bitcoin-monthly-one-touch/kxbtcmaxmon-btc-26sep30,"Will BTC trimmed mean be above $87500.00 by 11:59 PM ET on Sep 30, 2026?","Above $87,500.00",KXBTCMAXMON-BTC-26SEP30,How high will BTC get in September?,KXBTCMAXMON,Bitcoin monthly one touch,Crypto,"[""BTC""]",open,binary,0.18,0.19,0.18,0.185,0.815,0.185,0.01,217225.54,30165.58,93286.97,0,2026-09-01T04:10:00Z,2026-10-01T03:59:59Z,2026-10-08T03:59:59Z,,,,greater,87500,,,True,2026-09-14T18:10:07+00:00,,,,
polymarket,0x2f7fd7124a7ff44d324a49cda1415371c7cc4ee111f60b288a3d6ad194319d15,https://polymarket.com/event/largest-company-end-of-september-1785358369147/will-company-a-be-the-largest-company-in-the-world-by-market-cap-on-september-30,,Will NVIDIA be the largest company in the world by market cap on September 30?,NVIDIA,770098,Largest Company end of September?,largest-company-end-of-september-1785358369147,Largest Company end of September?,,[],open,binary,0.828,0.829,0.829,0.8285,0.1715,0.8285,0.001,438043.931932,30152.489624000005,,54353.26803,2026-07-29T22:44:29.855976Z,2026-09-30T23:59:00Z,2026-09-30T23:59:00Z,,,,,,,,,2026-09-14T18:09:38+00:00,-9.7,"[""Yes"", ""No""]","[0.8285, 0.1715]",23705583736348706533988510839759433821053113814025766422082583385077433681175
polymarket,0x484252a68d9367df54f641765866693f16ac7a07d65d417bdbedc1c821d408f6,https://polymarket.com/event/ballon-dor-winner-2026/will-fabian-ruiz-win-the-2026-ballon-dor,,Will Fabian Ruiz win the 2026 Ballon d'Or?,Fabian Ruiz,48361,Ballon d'Or Winner 2026,ballon-dor-winner-2026,Ballon d'Or Winner 2026,,[],open,binary,0.006,0.007,0.007,0.0065,0.9935,0.0065,0.001,1247409.37999,30086.410833,,174940.33343,2025-09-22T23:39:40.241Z,2026-10-31T00:00:00Z,2026-10-31T00:00:00Z,,,,,,,,,2026-09-14T18:09:38+00:00,-0.1,"[""Yes"", ""No""]","[0.0065, 0.9935]",108195640564166028303797840625325548216682391635068759939973120172828369844863
polymarket,0x681d3ae515ea06aa2837689834c7a8f9f176067d2aead25f610096e43becd955,https://polymarket.com/event/sea-com-par-2026-09-14-more-markets/sea-com-par-2026-09-14-total-3pt5,,Como 1907 vs. Parma Calcio 1913: O/U 3.5,O/U 3.5,945984,Como 1907 vs. Parma Calcio 1913 - More Markets,sea-com-par-2026-09-14-more-markets,Como 1907 vs. Parma Calcio 1913 - More Markets,,[],open,binary,0.02,0.03,0.04,0.025,0.975,0.025,0.01,30069.30621799999,30028.697982,,60019.1706,2026-09-01T05:00:43Z,2026-09-14T16:30:00Z,2026-09-14T16:30:00Z,,,,,,,,,2026-09-14T18:09:38+00:00,-32.5,"[""Over"", ""Under""]","[0.025, 0.975]",18043225872421022571058381478790207859671024169980064839876860645506498004280
kalshi,KXMLBTOTAL-26SEP141840CWSCLE-7,https://kalshi.com/markets/kxmlbtotal/pro-baseball-total-points,https://kalshi.com/markets/kxmlbtotal/pro-baseball-total-points/kxmlbtotal-26sep141840cwscle,Over 6.5 runs scored,Over 6.5 runs scored,KXMLBTOTAL-26SEP141840CWSCLE,Chicago WS vs Cleveland: Total Runs,KXMLBTOTAL,Pro Baseball Total Points,Sports,"[""Baseball""]",open,binary,0.54,0.55,0.55,0.545,0.455,0.545,0.01,29992.69,29990.91,20002.16,0,2026-09-13T20:00:00Z,2026-09-17T22:40:00Z,2026-09-17T22:40:00Z,,,,greater,6.5,,,True,2026-09-14T18:09:40+00:00,,,,
polymarket,0x22f7cd0d49290376c3c33f9e4ea124cbd0670031fb00afe43d9e914d85ba29f9,https://polymarket.com/event/lol-ap-vdn-2026-09-14/lol-ap-vdn-2026-09-14-game1,,LoL: Arctic Pandas vs Verdant - Game 1 Winner,Game 1 Winner,999142,LoL: Arctic Pandas vs Verdant (BO5) - NLC Playoffs,lol-ap-vdn-2026-09-14,LoL: Arctic Pandas vs Verdant (BO5) - NLC Playoffs,,[],open,binary,,0.001,0.001,0.0005,0.9995,0.0005,0.001,29984.699019999985,29984.699019999993,,172598.03834,2026-09-10T13:21:15Z,2026-09-14T20:00:00Z,2026-09-14T20:00:00Z,,,,,,,,,2026-09-14T18:09:38+00:00,-50.45,"[""Arctic Pandas"", ""Verdant""]","[0.0005, 0.9995]",79927769499491406295676811576925765244602424669613453414031309588143311439729
kalshi,KXPGATOUR-BICA26-DTHO,https://kalshi.com/markets/kxpgatour/pga-tour,https://kalshi.com/markets/kxpgatour/pga-tour/kxpgatour-bica26,Will Davis Thompson win the Biltmore Championship Asheville?,Davis Thompson,KXPGATOUR-BICA26,Biltmore Championship Asheville Winner,KXPGATOUR,PGA Tour,Sports,"[""Golf""]",open,binary,0.035,0.036,0.036,0.0355,0.9645,0.0355,0.001,31733.06,29969.6,21488.2,0,2026-09-13T23:05:00Z,2026-10-04T00:00:00Z,2026-10-04T00:00:00Z,,,,structured,,,,True,2026-09-14T18:09:40+00:00,,,,
polymarket,0x77e0be26980ec4b22b11935eae0a23243093487829969fe65ef22a55c4120116,https://polymarket.com/event/what-price-will-bitcoin-hit-in-september-2026/will-bitcoin-reach-97pt5k-in-september-2026,,"Will Bitcoin reach $97,500 in September?","↑ 97,500",946004,What price will Bitcoin hit in September?,what-price-will-bitcoin-hit-in-september-2026,What price will Bitcoin hit in September?,,[],open,binary,0.024,0.025,0.023,0.0245,0.9755,0.0245,0.001,174187.36893099995,29883.167559,,62041.96057,2026-09-01T05:07:16Z,2026-10-01T04:00:00Z,2026-10-01T04:00:00Z,,,,,,,,,2026-09-14T18:09:38+00:00,0.65,"[""Yes"", ""No""]","[0.0245, 0.9755]",1834908198226756283857290953193722770367280082967943909171301362254585863886
kalshi,KXF1-26-KA,https://kalshi.com/markets/kxf1/formula-1,https://kalshi.com/markets/kxf1/formula-1/kxf1-26,Will Andrea Kimi Antonelli win the F1 Drivers Championship?,Andrea Kimi Antonelli,KXF1-26,F1 Drivers Champion,KXF1,Formula 1,Sports,"[""Motorsport""]",open,binary,0.91,0.92,0.91,0.915,0.085,0.915,0.01,1554650.21,29823.45,623185.9,0,2026-01-12T21:00:00Z,2026-12-22T15:00:00Z,2026-12-22T15:00:00Z,,,,structured,,,,True,2026-09-14T18:10:54+00:00,,,,
kalshi,KXLIGAMXGAME-26SEP15PUETOL-TOL,https://kalshi.com/markets/kxligamxgame/liga-mx-game,https://kalshi.com/markets/kxligamxgame/liga-mx-game/kxligamxgame-26sep15puetol,Toluca wins,Toluca,KXLIGAMXGAME-26SEP15PUETOL,Puebla vs Toluca,KXLIGAMXGAME,Liga MX Game,Sports,"[""Soccer""]",open,binary,0.59,0.6,0.6,0.595,0.405,0.595,0.01,46942.32,29784.42,45427.41,0,2026-09-05T08:36:00Z,2026-09-18T07:00:00Z,2026-09-18T07:00:00Z,,,,structured,,,,True,2026-09-14T18:10:01+00:00,,,,
polymarket,0xf5428b4ea8ca783cfea545a923e05cf21eef38036b22769c50b0230254ec0da2,https://polymarket.com/event/bitcoin-above-on-september-15-2026/bitcoin-above-72k-on-september-15-2026,,"Will the price of Bitcoin be above $72,000 on September 15?","72,000",988776,Bitcoin above ___ on September 15?,bitcoin-above-on-september-15-2026,Bitcoin above ___ on September 15?,,[],open,binary,0.994,0.999,0.999,0.9965,0.0035,0.9965,0.005,42177.655314,29673.946762,,43713.82413,2026-09-08T16:00:33Z,2026-09-15T16:00:00Z,2026-09-15T16:00:00Z,,,,,,,,,2026-09-14T18:09:38+00:00,0.95,"[""Yes"", ""No""]","[0.9965, 0.0035]",37466886583430448679171556722440802563602574049421647589345881519245557642512
polymarket,0x032e40c71875723c5878c4385458f17aa5a6e90f6bb5c92fd75cf13a5a8ea3d4,https://polymarket.com/event/where-will-zelenskyy-and-putin-meet-next/will-zelenskyy-and-putin-not-meet,,Will Zelenskyy and Putin not meet before 2027?,No meeting before 2027,74056,Where will Zelenskyy and Putin meet next before 2027?,where-will-zelenskyy-and-putin-meet-next,Where will Zelenskyy and Putin meet next before 2027?,,[],open,binary,0.92,0.94,0.92,0.93,0.07,0.93,0.02,405235.153393,29600.223696,,42832.0962,2025-11-06T15:54:56.725848Z,2027-01-01T04:59:00Z,2027-01-01T04:59:00Z,,,,,,,,,2026-09-14T18:09:38+00:00,1,"[""Yes"", ""No""]","[0.93, 0.07]",79785869153488116125585882351533672227064414203253987761686968264163478391224
kalshi,KXNFLNFCEAST-27-PHI,https://kalshi.com/markets/kxnflnfceast/national-football-conference-east-winner,https://kalshi.com/markets/kxnflnfceast/national-football-conference-east-winner/kxnflnfceast-27,Will Philadelphia win the Pro Football NFC East Division?,Philadelphia,KXNFLNFCEAST-27,NFC East Division Winner,KXNFLNFCEAST,National Football Conference East Winner,Sports,"[""Football""]",open,binary,0.51,0.52,0.53,0.515,0.485,0.515,0.01,434521.46,29420.72,285399.13,0,2026-02-10T15:00:00Z,2027-01-25T15:00:00Z,2027-01-25T15:00:00Z,,,,structured,,,,True,2026-09-14T18:10:52+00:00,,,,
kalshi,KXLALIGAGAME-26SEP15ELCRMA-ELC,https://kalshi.com/markets/kxlaligagame/la-liga-game,https://kalshi.com/markets/kxlaligagame/la-liga-game/kxlaligagame-26sep15elcrma,Elche wins,Elche,KXLALIGAGAME-26SEP15ELCRMA,Elche vs Real Madrid,KXLALIGAGAME,La Liga Game,Sports,"[""Soccer""]",open,binary,0.07,0.08,0.08,0.075,0.925,0.075,0.01,39622.86,29417.16,27415.55,0,2026-09-01T00:39:00Z,2026-09-18T01:30:00Z,2026-09-18T01:30:00Z,,,,structured,,,,True,2026-09-14T18:10:07+00:00,,,,
polymarket,0xd40efd7a69cb5770cd096331056459f0e8329d80897814c1932ad0941fb89370,https://polymarket.com/event/sea-int-udi-2026-09-14-more-markets/sea-int-udi-2026-09-14-spread-home-1pt5,,Spread: FC Internazionale Milano (-1.5),FC Internazionale Milano (-1.5),945982,FC Internazionale Milano vs. Udinese Calcio - More Markets,sea-int-udi-2026-09-14-more-markets,FC Internazionale Milano vs. Udinese Calcio - More Markets,,[],open,binary,0.58,0.59,0.59,0.585,0.415,0.585,0.01,29382.136285999994,29232.056802,,198283.6422,2026-09-01T05:00:33Z,2026-09-14T18:45:00Z,2026-09-14T18:45:00Z,,,,,,,,,2026-09-14T18:09:38+00:00,2,"[""FC Internazionale Milano"", ""Udinese Calcio""]","[0.585, 0.415]",20670004120403468038248427452679708563747117370838995071435823180491977817970
kalshi,KXMAYORLA-26-KBAS,https://kalshi.com/markets/kxmayorla/la,https://kalshi.com/markets/kxmayorla/la/kxmayorla-26,Who will win Los Angeles Mayoral Election?,Karen Bass,KXMAYORLA-26,Los Angeles Mayor winner?,KXMAYORLA,LA,Elections,"[""US Elections"", ""Other US Elections""]",open,binary,0.64,0.65,0.64,0.645,0.355,0.645,0.01,15196578.84,29206.05,5689996.99,0,2025-07-09T14:00:00Z,2027-06-02T14:00:00Z,2027-06-02T14:00:00Z,,,,custom,,,,True,2026-09-14T18:10:58+00:00,,,,
kalshi,KXNFL1HTOTAL-26SEP14DENKC-22,https://kalshi.com/markets/kxnfl1htotal/pro-football-1st-half-total-points,https://kalshi.com/markets/kxnfl1htotal/pro-football-1st-half-total-points/kxnfl1htotal-26sep14denkc,Will there be over 21.5 1H points scored?,Over 21.5 1H points scored,KXNFL1HTOTAL-26SEP14DENKC,DEN Broncos vs KC Chiefs: 1st Half Total,KXNFL1HTOTAL,Pro Football 1st  Half Total Points,Sports,"[""Football""]",open,binary,0.44,0.45,0.44,0.445,0.555,0.445,0.01,32020.4,29156.81,31770.37,0,2026-09-02T18:37:00Z,2026-09-17T00:15:00Z,2026-09-17T00:15:00Z,,,,greater,21.5,,,True,2026-09-14T18:10:04+00:00,,,,
polymarket,0xc788500313fb20ebab5b6577c3dcfc24e911e44e45c3aebabb8eee4bb70f4431,https://polymarket.com/event/putin-out-before-2027/putin-out-as-president-of-russia-by-september-30-2026,,"Putin out as President of Russia by September 30, 2026?","September 30, 2026",31195,Putin out as President of Russia by...?,putin-out-before-2027,Putin out as President of Russia by...?,,[],open,binary,0.007,0.008,0.006,0.0075,0.9925,0.0075,0.001,1251437.5734330001,29059.44141199999,,92072.09441,2026-07-06T21:34:47.715Z,2026-10-01T03:59:00Z,2026-10-01T03:59:00Z,,,,,,,,,2026-09-14T18:09:38+00:00,-0.1,"[""Yes"", ""No""]","[0.0075, 0.9925]",40976483682554536017504172547966843907849775688824741280797351049178911106148
polymarket,0xd855563532f3fc1326ff9965890733a3df564a83d0ad18d459368bf9307a376b,https://polymarket.com/event/pro-football-2027-champion-20260729185915366/will-the-cincinnati-bengals-win-the-2027-nfl-league-championship,,Will the Cincinnati Bengals win the 2027 NFL league championship?,Cincinnati Bengals,202857,Pro Football: 2027 Champion,pro-football-2027-champion-20260729185915366,Pro Football: 2027 Champion,,[],open,binary,0.04,0.041,0.04,0.0405,0.9595,0.0405,0.001,1528235.5507509995,29058.341137,,86818.77702,2026-02-09T00:42:25.752Z,2027-03-31T23:55:00Z,2027-03-31T23:55:00Z,,,,,,,,,2026-09-14T18:09:38+00:00,-0.9,"[""Yes"", ""No""]","[0.0405, 0.9595]",91312216951557525293884905171902573674976018469551783568783047942228223380002
polymarket,0xc89266786402aaabe78111eb91c6764d86857bbc4427c82b91d60a5ef69a70d0,https://polymarket.com/event/ballon-dor-winner-2026/will-erling-haaland-win-the-2026-ballon-dor,,Will Erling Haaland win the 2026 Ballon d'Or?,Erling Haaland,48361,Ballon d'Or Winner 2026,ballon-dor-winner-2026,Ballon d'Or Winner 2026,,[],open,binary,0.001,0.002,0.002,0.0015,0.9985,0.0015,0.001,1703855.014664999,28895.412,,407554.38702,2025-09-22T23:39:02.010671Z,2026-10-31T00:00:00Z,2026-10-31T00:00:00Z,,,,,,,,,2026-09-14T18:09:38+00:00,,"[""Yes"", ""No""]","[0.0015, 0.9985]",28452090262595806306683841543702974671789939255165753137157118490078999198778
kalshi,KXMLB-26-DET,https://kalshi.com/markets/kxmlb/world-series,https://kalshi.com/markets/kxmlb/world-series/kxmlb-26,Will Detroit win the 2026 Pro Baseball Championship?,Detroit,KXMLB-26,Pro Baseball Champion,KXMLB,World Series,Sports,"[""Baseball""]",open,binary,0,0.001,0.001,0.0005,0.9995,0.0005,0.001,2281268.47,28857.37,1675821.41,0,2025-12-17T15:00:00Z,2028-10-31T04:00:00Z,2028-10-31T04:00:00Z,,,,structured,,,,True,2026-09-14T18:10:55+00:00,,,,
polymarket,0xf5924a6c7e296482e75699794c4a7e274ef558f0bc170f9d9fa359b06c047af6,https://polymarket.com/event/acle-shm-itj-2026-09-14-more-markets/acle-shm-itj-2026-09-14-total-4pt5,,Al-Shamal vs. Al-Ittihad Club: O/U 4.5,O/U 4.5,1010721,Al-Shamal vs. Al-Ittihad Club - More Markets,acle-shm-itj-2026-09-14-more-markets,Al-Shamal vs. Al-Ittihad Club - More Markets,,[],open,binary,,0.001,0.04,0.0005,0.9995,0.0005,0.001,28726.502988000004,28726.502987999997,,59239.59449,2026-09-12T13:46:22Z,2026-09-14T16:00:00Z,2026-09-14T16:00:00Z,,,,,,,,,2026-09-14T18:09:38+00:00,-18.45,"[""Over"", ""Under""]","[0.0005, 0.9995]",14726722226895290335640747499903702055391474268757542460639331461836310880632
kalshi,KXBTCD-26SEP1417-T75499.99,https://kalshi.com/markets/kxbtcd/bitcoin-price-above-below,https://kalshi.com/markets/kxbtcd/bitcoin-price-above-below/kxbtcd-26sep1417,"Bitcoin price on Sep 14, 2026?","$75,500 or above",KXBTCD-26SEP1417,"BTC price on Sep 14, 2026 at 5pm EDT?",KXBTCD,Bitcoin price Above/below,Crypto,"[""Hourly"", ""BTC""]",open,binary,0.99,1,0.99,0.995,0.005,0.995,0.01,28695.61,28695.61,13589.57,0,2026-09-13T20:00:00Z,2026-09-14T21:00:00Z,2026-09-21T21:00:00Z,,,,greater,75499.99,,BRTI,True,2026-09-14T18:09:42+00:00,,,,
kalshi,KXUFCFIGHT-26SEP19TSARUF-RUF,https://kalshi.com/markets/kxufcfight/ufc-fight,https://kalshi.com/markets/kxufcfight/ufc-fight/kxufcfight-26sep19tsaruf,Mauricio Ruffy wins,Mauricio Ruffy,KXUFCFIGHT-26SEP19TSARUF,331: Tsarukyan vs Ruffy,KXUFCFIGHT,UFC Fight,Sports,"[""MMA""]",open,binary,0.26,0.27,0.27,0.265,0.735,0.265,0.01,108874.92,28690.05,98301.61,0,2026-09-06T04:45:00Z,2026-10-04T02:00:00Z,2026-10-04T02:00:00Z,,,,structured,,,,True,2026-09-14T18:10:00+00:00,,,,
polymarket,0x405b56fc75f56d7635a94df9836d6cb6f9b9571d1fd33eb165c1e59d1d11801f,https://polymarket.com/event/strait-of-hormuz-traffic-returns-to-normal-by-october-31-20260810151043583/strait-of-hormuz-traffic-returns-to-normal-by-october-31-20260810151043583,,Strait of Hormuz traffic returns to normal by October 31?,,830253,Strait of Hormuz traffic returns to normal by October 31?,strait-of-hormuz-traffic-returns-to-normal-by-october-31-20260810151043583,Strait of Hormuz traffic returns to normal by October 31?,,[],open,binary,0.06,0.07,0.07,0.065,0.935,0.065,0.01,674311.6549940001,28647.342407999997,,149242.9294,2026-08-11T09:19:18.848969Z,2026-10-31T00:00:00Z,2026-10-31T00:00:00Z,,,,,,,,,2026-09-14T18:09:38+00:00,-2,"[""Yes"", ""No""]","[0.065, 0.935]",65318042793305154928481822061228422214615698483328483747495637152414701080541
polymarket,0x0b389f5a5c257f03f742e65022f79730136b92df031816c1e352f3ce810313e7,https://polymarket.com/event/bitcoin-above-on-september-15-2026/bitcoin-above-78k-on-september-15-2026,,"Will the price of Bitcoin be above $78,000 on September 15?","78,000",988776,Bitcoin above ___ on September 15?,bitcoin-above-on-september-15-2026,Bitcoin above ___ on September 15?,,[],open,binary,0.77,0.78,0.79,0.775,0.225,0.775,0.01,34361.959531999986,28633.04787,,46214.2609,2026-09-08T16:00:32Z,2026-09-15T16:00:00Z,2026-09-15T16:00:00Z,,,,,,,,,2026-09-14T18:09:38+00:00,43,"[""Yes"", ""No""]","[0.775, 0.225]",115367962984787482890438790897667041057282051905664881814400297117247872150764
kalshi,KXWTI-26SEP1414-T100.99,https://kalshi.com/markets/kxwti/wti-oil-on-day,https://kalshi.com/markets/kxwti/wti-oil-on-day/kxwti-26sep1414,"Will the WTI crude oil settlement price be above 100.99 USD/Bbl on Sep 14, 2026?",Above $100.99,KXWTI-26SEP1414,"Oil Price (WTI) on Sep 14, 2026?",KXWTI,WTI oil on day,Commodities,"[""Oil & Gas""]",open,binary,0.7,0.72,0.67,0.71,0.29,0.71,0.02,35554.99,28614.97,17329.82,0,2026-09-10T23:30:00Z,2026-09-14T18:30:00Z,2026-09-21T19:30:00Z,,,,greater,100.99,,,True,2026-09-14T18:09:48+00:00,,,,
polymarket,0x7d975e70a4eee2d17d79af4aa802ab6b0144b89fd375345c969fc7e325de806d,https://polymarket.com/event/elon-musk-of-tweets-september-8-september-15-2026/elon-musk-of-tweets-september-8-september-15-2026-260-279,,"Will Elon Musk post 260-279 tweets from September 8 to September 15, 2026?",260-279,967957,"Elon Musk # tweets September 8 - September 15, 2026?",elon-musk-of-tweets-september-8-september-15-2026,"Elon Musk # tweets September 8 - September 15, 2026?",,[],open,binary,,0.001,0.001,0.0005,0.9995,0.0005,0.001,87280.942759,28506.398729,,12036.98188,2026-09-05T04:00:52Z,2026-09-15T16:00:00Z,2026-09-15T16:00:00Z,,,,,,,,,2026-09-14T18:09:38+00:00,-0.25,"[""Yes"", ""No""]","[0.0005, 0.9995]",69669525403262293092089805401744673535423458091581787758978511498743801994261
polymarket,0xdf4a741cdcd3c26e34d80c33cddab6968db8411e1b97bf255e50dd42e54bdd41,https://polymarket.com/event/sweden-parliamentary-election-m-vote-share-20260812172636430/will-moderate-party-m-win-between-18-and-20-of-all-valid-votes-20260812172636433,,Will Moderate Party (M) win between 18% and 20% of all valid votes?,18-20%,843054,Sweden Parliamentary Election: M Vote Share?,sweden-parliamentary-election-m-vote-share-20260812172636430,Sweden Parliamentary Election: M Vote Share?,,[],open,binary,0.91,0.92,0.92,0.915,0.085,0.915,0.01,48850.65952800001,28490.351121999996,,13681.5093,2026-08-13T09:43:33Z,2026-09-13T00:00:00Z,2026-09-13T00:00:00Z,,,,,,,,,2026-09-14T18:09:38+00:00,44,"[""Yes"", ""No""]","[0.915, 0.085]",40463781704539243364064220964653987636989141570905234397218523450189898309659
polymarket,0x16c63b7cc37f012b9f59ee164ec03877914c701d06d48291ae8d6fc08a088b0d,https://polymarket.com/event/balance-of-power-2026-midterms/2026-balance-of-power-d-senate-d-house-949,,"2026 Balance of Power: D Senate, D House",Democrats Sweep,32228,Balance of Power: 2026 Midterms,balance-of-power-2026-midterms,Balance of Power: 2026 Midterms,,[],open,binary,0.52,0.53,0.53,0.525,0.475,0.525,0.01,3029229.7569149993,28448.690299,,247558.1009,2025-07-11T21:05:18.843Z,2026-11-03T00:00:00Z,2026-11-03T00:00:00Z,,,,,,,,,2026-09-14T18:09:38+00:00,-1,"[""Yes"", ""No""]","[0.525, 0.475]",34722410608062854697106861099776685947172185964394483545370684749662285977831
kalshi,KXOSCARPIC-27-ODY,https://kalshi.com/markets/kxoscarpic/oscar-for-best-picture,https://kalshi.com/markets/kxoscarpic/oscar-for-best-picture/kxoscarpic-27,Will The Odyssey win Best Picture at the Oscars?,The Odyssey,KXOSCARPIC-27,Oscar Winner: Best Picture,KXOSCARPIC,Oscar for Best Picture,Entertainment,"[""Oscars"", ""Awards""]",open,binary,0.53,0.54,0.54,0.535,0.465,0.535,0.01,1596685.27,28391.25,726578.74,0,2026-03-20T14:00:00Z,2027-12-31T15:00:00Z,2027-12-31T15:00:00Z,,,,custom,,,,True,2026-09-14T18:10:50+00:00,,,,
kalshi,KXSECPRESSMENTION-26SEP15-OIL,https://kalshi.com/markets/kxsecpressmention/sec-press-mentions,https://kalshi.com/markets/kxsecpressmention/sec-press-mentions/kxsecpressmention-26sep15,Will the White House Press Secretary say Oil / Gas / Gasoline at her next press briefing?,Oil / Gas / Gasoline,KXSECPRESSMENTION-26SEP15,What will the White House Press Secretary say in their next press briefing?,KXSECPRESSMENTION,Sec Press mentions,Mentions,"[""Politicians""]",open,binary,0.12,0.17,0.22,0.145,0.855,0.145,0.05,55065.99,28380.76,33990.71,0,2026-08-06T14:30:00Z,2026-09-15T14:00:00Z,2026-09-15T14:00:00Z,,,,custom,,,,True,2026-09-14T18:10:21+00:00,,,,
kalshi,KXBTCD-26SEP1817-T79999.99,https://kalshi.com/markets/kxbtcd/bitcoin-price-above-below,https://kalshi.com/markets/kxbtcd/bitcoin-price-above-below/kxbtcd-26sep1817,"Bitcoin price on Sep 18, 2026?","$80,000 or above",KXBTCD-26SEP1817,"BTC price on Sep 18, 2026 at 5pm EDT?",KXBTCD,Bitcoin price Above/below,Crypto,"[""Hourly"", ""BTC""]",open,binary,0.35,0.37,0.35,0.36,0.64,0.36,0.02,41638.96,28244.09,35324.42,0,2026-09-11T20:00:00Z,2026-09-18T21:00:00Z,2026-09-25T21:00:00Z,,,,greater,79999.99,,BRTI,True,2026-09-14T18:09:46+00:00,,,,
polymarket,0xa431557ae10a2ccad1726a2e65c729b97ed34c460765d4c54bbe0ce20c1d0162,https://polymarket.com/event/sea-com-par-2026-09-14-more-markets/sea-com-par-2026-09-14-btts,,Como 1907 vs. Parma Calcio 1913: Both Teams to Score,Both Teams to Score,945984,Como 1907 vs. Parma Calcio 1913 - More Markets,sea-com-par-2026-09-14-more-markets,Como 1907 vs. Parma Calcio 1913 - More Markets,,[],open,binary,0.17,0.18,0.19,0.175,0.825,0.175,0.01,28108.682422,28206.992878000005,,32732.2295,2026-09-01T05:00:43Z,2026-09-14T16:30:00Z,2026-09-14T16:30:00Z,,,,,,,,,2026-09-14T18:09:38+00:00,-21,"[""Yes"", ""No""]","[0.175, 0.825]",3131354432807136763537775501999477169587816915946197253165080144621818373843
polymarket,0x747dc809fb79e1b05be09c42d6179459a58de2ef3e40f02484a4e1260f741f75,https://polymarket.com/event/will-the-us-confirm-that-aliens-exist-before-2027/will-the-us-confirm-that-aliens-exist-before-2027-789-924-249,,Will the US confirm that aliens exist before 2027?,December 31,90177,Will the US confirm that aliens exist by...?,will-the-us-confirm-that-aliens-exist-before-2027,Will the US confirm that aliens exist by...?,,[],open,binary,0.037,0.038,0.037,0.0375,0.9625,0.0375,0.001,38412747.61273701,28040.646785,,767805.73714,2025-11-25T18:05:19.721Z,2027-01-01T04:59:00Z,2027-01-01T04:59:00Z,,,,,,,,,2026-09-14T18:09:38+00:00,0.1,"[""Yes"", ""No""]","[0.0375, 0.9625]",107505882767731489358349912513945399560393482969656700824895970500493757150417
kalshi,KXNFLFIRSTTD-26SEP14DENKC-KCXWORTHY1,https://kalshi.com/markets/kxnflfirsttd/pro-football-first-touchdown,https://kalshi.com/markets/kxnflfirsttd/pro-football-first-touchdown/kxnflfirsttd-26sep14denkc,Xavier Worthy: 1st Touchdown,Xavier Worthy,KXNFLFIRSTTD-26SEP14DENKC,Denver vs Kansas City: 1st Touchdown,KXNFLFIRSTTD,Pro Football First Touchdown,Sports,"[""Football""]",open,binary,0.04,0.05,0.05,0.045,0.955,0.045,0.01,29359.18,27836.35,29248.18,0,2026-09-04T21:04:00Z,2026-09-17T00:15:00Z,2026-09-17T00:15:00Z,,,,structured,,,,True,2026-09-14T18:10:01+00:00,,,,
kalshi,KXMLBSPREAD-26SEP141840CWSCLE-CLE2,https://kalshi.com/markets/kxmlbspread/pro-baseball-spread,https://kalshi.com/markets/kxmlbspread/pro-baseball-spread/kxmlbspread-26sep141840cwscle,Cleveland wins by over 1.5 runs?,Cleveland wins by over 1.5 runs,KXMLBSPREAD-26SEP141840CWSCLE,Chicago WS vs Cleveland: Spread,KXMLBSPREAD,Pro Baseball Spread,Sports,"[""Baseball""]",open,binary,0.38,0.39,0.39,0.385,0.615,0.385,0.01,27801.52,27790.52,26081.65,0,2026-09-13T20:00:00Z,2026-09-17T22:40:00Z,2026-09-17T22:40:00Z,,,,greater,1.5,,,True,2026-09-14T18:09:40+00:00,,,,
polymarket,0xbb4d51e6364066d92eb6f9b8413dd7193de70966736044463b205834805a1f3b,https://polymarket.com/event/will-the-iranian-regime-fall-by-the-end-of-2026/will-the-iranian-regime-fall-by-the-end-of-2026,,Will the Iranian regime fall before 2027?,,72347,Will the Iranian regime fall before 2027?,will-the-iranian-regime-fall-by-the-end-of-2026,Will the Iranian regime fall before 2027?,,[],open,binary,0.07,0.08,0.07,0.075,0.925,0.075,0.01,25896704.230729982,27780.30688400001,,558518.9448,2025-11-03T23:52:00.295Z,2027-01-01T04:59:00Z,2027-01-01T04:59:00Z,,,,,,,,,2026-09-14T18:09:38+00:00,,"[""Yes"", ""No""]","[0.075, 0.925]",10991849228756847439673778874175365458450913336396982752046655649803657501964
kalshi,KXT20MATCH-26SEP140900EMIDES-DES,https://kalshi.com/markets/kxt20match/men-s-t20-cricket-match,https://kalshi.com/markets/kxt20match/men-s-t20-cricket-match/kxt20match-26sep140900emides,Desert Vipers Development wins,Desert Vipers Development,KXT20MATCH-26SEP140900EMIDES,Desert Vipers Development vs Mi Emirates Development,KXT20MATCH,Men's T20 Cricket Match,Sports,"[""Cricket""]",open,binary,0.99,1,0.99,0.995,0.005,0.995,0.01,27749.5,27749.5,19006.67,0,2026-09-12T00:11:00Z,2026-09-16T17:00:00Z,2026-09-16T17:00:00Z,,,,structured,,,,True,2026-09-14T18:09:44+00:00,,,,
kalshi,KXNFLOPOTY-27-JALL,https://kalshi.com/markets/kxnflopoty/ap-pro-football-offensive-player-of-the-year,https://kalshi.com/markets/kxnflopoty/ap-pro-football-offensive-player-of-the-year/kxnflopoty-27,Will Josh Allen win the Offensive Player of the Year?,Josh Allen,KXNFLOPOTY-27,Offensive Player of the Year Winner?,KXNFLOPOTY,AP Pro Football Offensive Player Of The Year,Sports,"[""Football""]",open,binary,0.01,0.02,0.02,0.015,0.985,0.015,0.01,51875.13,27725.35,50867.1,0,2026-02-10T15:00:00Z,2028-02-08T15:00:00Z,2028-02-08T15:00:00Z,,,,structured,,,,True,2026-09-14T18:10:52+00:00,,,,
polymarket,0x8bda0004ee155d4f02d9c9ba74c0825f8e0a225fb6f8f156684faa06d9009eb3,https://polymarket.com/event/spy-up-or-down-on-september-14-2026/spy-up-or-down-on-september-14-2026,,SPY (SPY) Up or Down on September 14?,,1004110,SPY (SPY) Up or Down on September 14?,spy-up-or-down-on-september-14-2026,SPY (SPY) Up or Down on September 14?,,[],open,binary,0.048,0.068,0.101,0.058,0.942,0.058,0.02,28047.00735,27532.040816,,22558.39927,2026-09-11T12:00:56Z,2026-09-14T20:00:00Z,2026-09-14T20:00:00Z,,,,,,,,,2026-09-14T18:09:38+00:00,-15.7,"[""Up"", ""Down""]","[0.058, 0.942]",100808697294570791271117480972890363373060063120795345252745590170135305240251
kalshi,KXBTCD-26SEP1417-T79249.99,https://kalshi.com/markets/kxbtcd/bitcoin-price-above-below,https://kalshi.com/markets/kxbtcd/bitcoin-price-above-below/kxbtcd-26sep1417,"Bitcoin price on Sep 14, 2026?","$79,250 or above",KXBTCD-26SEP1417,"BTC price on Sep 14, 2026 at 5pm EDT?",KXBTCD,Bitcoin price Above/below,Crypto,"[""Hourly"", ""BTC""]",open,binary,0.24,0.26,0.28,0.25,0.75,0.25,0.02,30030.61,27477.45,17408.42,0,2026-09-13T20:00:00Z,2026-09-14T21:00:00Z,2026-09-21T21:00:00Z,,,,greater,79249.99,,BRTI,True,2026-09-14T18:09:42+00:00,,,,
kalshi,SENATEMI-26-D,https://kalshi.com/markets/senatemi/michigan-senate-race,https://kalshi.com/markets/senatemi/michigan-senate-race/senatemi-26,Will Democratics win the Senate race in Michigan?,Abdul El-Sayed,SENATEMI-26,Michigan Senate winner?,SENATEMI,Michigan Senate race,Elections,"[""Senate""]",open,binary,0.6,0.61,0.61,0.605,0.395,0.605,0.01,1390943.62,27406.9,956659.96,0,2024-12-03T15:00:00Z,2027-11-03T15:00:00Z,2027-11-03T15:00:00Z,,,,structured,,,,True,2026-09-14T18:10:59+00:00,,,,
kalshi,KXNFLTD-26SEP14DENKC-KCXWORTHY1-2,https://kalshi.com/markets/kxnfltd/pro-football-touchdowns,https://kalshi.com/markets/kxnfltd/pro-football-touchdowns/kxnfltd-26sep14denkc,Xavier Worthy: 2+ touchdowns,Xavier Worthy: 2+,KXNFLTD-26SEP14DENKC,Denver vs Kansas City: Touchdowns,KXNFLTD,Pro Football Touchdowns,Sports,"[""Football""]",open,binary,0.02,0.03,0.03,0.025,0.975,0.025,0.01,28907.45,27346.76,28907.45,0,2026-09-04T21:04:00Z,2026-09-17T00:15:00Z,2026-09-17T00:15:00Z,,,,greater,1.5,,,True,2026-09-14T18:10:01+00:00,,,,
polymarket,0x6001a45766cc00627798fc4d6fdc251f8e0762c04d92856ceb1878d18debc078,https://polymarket.com/event/epl-2027-champion-20260701200428749/will-hull-city-win-the-2026-27-english-premier-league-epl-championship-20260701200428769,,Will Hull City win the 2026-27 English Premier League (EPL) Championship?,Hull City,659518,EPL: 2027 Champion,epl-2027-champion-20260701200428749,EPL: 2027 Champion,,[],open,binary,0.003,0.004,0.003,0.0035,0.9965,0.0035,0.001,1049141.222977,27333.933333999998,,182239.60651,2026-07-02T18:14:18.122002Z,2027-05-30T23:59:00Z,2027-05-30T23:59:00Z,,,,,,,,,2026-09-14T18:09:38+00:00,0.1,"[""Yes"", ""No""]","[0.0035, 0.9965]",19129084106918074389743466444184546964159320576683957544376689640092328831272
polymarket,0xd24f6babd098bd73c05cd8266e9b96adf6914fb62e7c49b21f44435ecfed2b13,https://polymarket.com/event/bitcoin-up-or-down-september-14-2026-1pm-et/bitcoin-up-or-down-september-14-2026-1pm-et,,"Bitcoin Up or Down - September 14, 1PM ET",,1011682,"Bitcoin Up or Down - September 14, 1PM ET",bitcoin-up-or-down-september-14-2026-1pm-et,"Bitcoin Up or Down - September 14, 1PM ET",,[],open,binary,0.999,1,0.999,0.9995,0.0005,0.9995,0.001,27176.415500000006,27174.454714999993,,158924.36497,2026-09-12T17:00:10Z,2026-09-14T18:00:00Z,2026-09-14T18:00:00Z,,,,,,,,,2026-09-14T18:09:38+00:00,49.95,"[""Up"", ""Down""]","[0.9995, 0.0005]",46685522640869433114182358018498971991912458638178763959277541533141379971784
polymarket,0x98f760686261a77de5707cf81cb58c7ff7f884a1713b1a2be52bd8c0b50c2dd1,https://polymarket.com/event/cs2-nemi1-blackp-2026-09-14/cs2-nemi1-blackp-2026-09-14-game2,,Counter-Strike: Nemiga vs Black Phoenix - Map 2 Winner,Map 2 Winner,1009740,Counter-Strike: Nemiga vs Black Phoenix (BO3) - CIS LAN Championship Group C,cs2-nemi1-blackp-2026-09-14,Counter-Strike: Nemiga vs Black Phoenix (BO3) - CIS LAN Championship Group C,,[],open,binary,0.999,1,0.999,0.9995,0.0005,0.9995,0.001,27099.112231000006,27099.112231,,145080.80868,2026-09-12T10:15:51Z,2026-09-14T21:25:00Z,2026-09-14T21:25:00Z,,,,,,,,,2026-09-14T18:09:38+00:00,48.95,"[""Nemiga"", ""Black Phoenix""]","[0.9995, 0.0005]",83058835380953749039895885214021440886176261102755403019221117852872455310962
polymarket,0xf59c65f8c75e1140bdda92fc572fa421137b11d690106a3665888cfc391a1265,https://polymarket.com/event/next-round-of-us-iran-peace-talks-byptptpt-20260623022722982/us-x-iran-diplomatic-meeting-by-october-31-2026,,"US x Iran diplomatic meeting by October 31, 2026?","October 31, 2026",624218,Next round of US-Iran peace talks by...?,next-round-of-us-iran-peace-talks-byptptpt-20260623022722982,Next round of US-Iran peace talks by...?,,[],open,binary,0.22,0.23,0.24,0.225,0.775,0.225,0.01,94561.50045999998,26954.96849,,36068.2206,2026-09-02T09:30:01.166232Z,2026-10-31T23:59:00Z,2026-10-31T23:59:00Z,,,,,,,,,2026-09-14T18:09:38+00:00,2,"[""Yes"", ""No""]","[0.225, 0.775]",9479814889837756186041693938290118350865333939936752887798109929983890675506
kalshi,KXISRPLGAME-26SEP14MTAHTA-MTA,https://kalshi.com/markets/kxisrplgame/israeli-premier-league-game,https://kalshi.com/markets/kxisrplgame/israeli-premier-league-game/kxisrplgame-26sep14mtahta,Maccabi Tel Aviv wins,Maccabi Tel Aviv,KXISRPLGAME-26SEP14MTAHTA,Maccabi Tel Aviv vs Hapoel Tel Aviv,KXISRPLGAME,Israeli Premier League Game,Sports,"[""Soccer""]",open,binary,0.64,0.65,0.65,0.645,0.355,0.645,0.01,33890.73,26933.58,30766.57,0,2026-09-10T00:38:00Z,2026-09-16T17:30:00Z,2026-09-16T17:30:00Z,,,,structured,,,,True,2026-09-14T18:09:57+00:00,,,,
kalshi,KXNFLFIRSTTDTEAM-26SEP14DENKC-NONE,https://kalshi.com/markets/kxnflfirsttdteam/pro-football-first-team-to-score-a-touchdown,https://kalshi.com/markets/kxnflfirsttdteam/pro-football-first-team-to-score-a-touchdown/kxnflfirsttdteam-26sep14denkc,No team scores a TD,No team scores a TD,KXNFLFIRSTTDTEAM-26SEP14DENKC,Denver vs Kansas City: First Team to Score a TD,KXNFLFIRSTTDTEAM,Pro Football First Team to Score a Touchdown,Sports,"[""Football""]",open,binary,0,0.01,0.01,0.005,0.995,0.005,0.01,28618.59,26865.29,28618.59,0,2026-09-02T19:45:00Z,2026-09-17T00:15:00Z,2026-09-17T00:15:00Z,,,,structured,,,,True,2026-09-14T18:10:04+00:00,,,,
kalshi,KXNFLMVP-27-BPUR,https://kalshi.com/markets/kxnflmvp/ap-pro-football-regular-season-mvp,https://kalshi.com/markets/kxnflmvp/ap-pro-football-regular-season-mvp/kxnflmvp-27,Will Brock Purdy win the MVP?,Brock Purdy,KXNFLMVP-27,MVP Winner?,KXNFLMVP,AP Pro Football Regular Season MVP,Sports,"[""Football""]",open,binary,0.05,0.06,0.06,0.055,0.945,0.055,0.01,653827.15,26827.86,626458.72,0,2026-02-08T20:30:00Z,2028-02-12T15:00:00Z,2028-02-12T15:00:00Z,,,,structured,,,,True,2026-09-14T18:10:52+00:00,,,,
polymarket,0x4cf8295c1e25c44f84a62eff4ac6733fda346fc0de51741cf7fde48e966770dc,https://polymarket.com/event/lal-vil-bet-2026-09-14-more-markets/lal-vil-bet-2026-09-14-total-2pt5,,Villarreal CF vs. Real Betis Balompié: O/U 2.5,O/U 2.5,946385,Villarreal CF vs. Real Betis Balompié - More Markets,lal-vil-bet-2026-09-14-more-markets,Villarreal CF vs. Real Betis Balompié - More Markets,,[],open,binary,0.67,0.68,0.67,0.675,0.325,0.675,0.01,26974.867346,26785.912744999998,,198051.6273,2026-09-01T07:00:33Z,2026-09-14T19:00:00Z,2026-09-14T19:00:00Z,,,,,,,,,2026-09-14T18:09:38+00:00,6.5,"[""Over"", ""Under""]","[0.675, 0.325]",46065746070849021543645536910884006696360516508492117253600779601454854848449
polymarket,0x63e89bec83a4793994c937bd041cd5b9035917249382c9d97b6e62749180a13a,https://polymarket.com/event/what-price-will-wti-hit-in-september-2026/will-wti-reach-150-in-september-2026,,Will WTI Crude Oil (WTI) hit (HIGH) $150 in September?,↑ $150,907966,What will WTI Crude Oil (WTI) hit in September 2026?,what-price-will-wti-hit-in-september-2026,What will WTI Crude Oil (WTI) hit in September 2026?,,[],open,binary,0.013,0.018,0.014,0.0155,0.9845,0.0155,0.005,305153.620972,26737.103503,,73980.68653,2026-08-25T04:02:10Z,2026-10-01T03:59:59.999Z,2026-10-01T03:59:59.999Z,,,,,,,,,2026-09-14T18:09:38+00:00,0.5,"[""Yes"", ""No""]","[0.0155, 0.9845]",111687640145574168884498082287755281891083061574227544269972956823778407304003
kalshi,KXNFLCOTY-27-MMCC,https://kalshi.com/markets/kxnflcoty/ap-pro-football-coach-of-the-year,https://kalshi.com/markets/kxnflcoty/ap-pro-football-coach-of-the-year/kxnflcoty-27,Will Mike McCarthy win the Coach of the Year?,Mike McCarthy,KXNFLCOTY-27,Coach of the Year Winner?,KXNFLCOTY,AP Pro Football Coach Of The Year,Sports,"[""Football""]",open,binary,0.02,0.03,0.03,0.025,0.975,0.025,0.01,46500.55,26728.75,45843.8,0,2026-03-31T02:00:00Z,2028-02-28T15:00:00Z,2028-02-28T15:00:00Z,,,,custom,,,,True,2026-09-14T18:10:49+00:00,,,,
polymarket,0x27a31219e86b3e04a5b2e034c1a64505a532f8b30ab34299d3c56a378792d17e,https://polymarket.com/event/sea-com-par-2026-09-14-more-markets/sea-com-par-2026-09-14-first-half-total-1pt5,,Como 1907 vs. Parma Calcio 1913: 1st Half O/U 1.5,1st Half O/U 1.5,945984,Como 1907 vs. Parma Calcio 1913 - More Markets,sea-com-par-2026-09-14-more-markets,Como 1907 vs. Parma Calcio 1913 - More Markets,,[],open,binary,,0.001,0.01,0.0005,0.9995,0.0005,0.001,26702.925002000004,26622.925001999996,,69463.90639,2026-09-01T05:00:43Z,2026-09-14T16:30:00Z,2026-09-14T16:30:00Z,,,,,,,,,2026-09-14T18:09:38+00:00,-37.95,"[""Over"", ""Under""]","[0.0005, 0.9995]",54099799972297263977107977854485987290515830309706040477285306951450164543385
kalshi,KXMLBNLROTY-26-JWET,https://kalshi.com/markets/kxmlbnlroty/pro-baseball-national-league-rookie-of-the-year,https://kalshi.com/markets/kxmlbnlroty/pro-baseball-national-league-rookie-of-the-year/kxmlbnlroty-26,Will JJ Wetherholt win NL ROTY?,JJ Wetherholt,KXMLBNLROTY-26,NL Rookie of the Year Winner?,KXMLBNLROTY,Pro Baseball National League Rookie of the Year,Sports,"[""Baseball""]",open,binary,0.07,0.08,0.07,0.075,0.925,0.075,0.01,458200.15,26590.55,277925.71,0,2026-02-02T15:00:00Z,2026-12-08T15:00:00Z,2026-12-08T15:00:00Z,,,,custom,,,,True,2026-09-14T18:10:53+00:00,,,,
polymarket,0xdd725685718b2d500be6f5dd469a405c8ccc24dcde8c8ff9e372a42567c9905d,https://polymarket.com/event/sweden-parliamentary-election-m-vote-share-20260812172636430/will-moderate-party-m-win-at-least-20-of-all-valid-votes-20260812172636434,,Will Moderate Party (M) win at least 20% of all valid votes?,20%+,843054,Sweden Parliamentary Election: M Vote Share?,sweden-parliamentary-election-m-vote-share-20260812172636430,Sweden Parliamentary Election: M Vote Share?,,[],open,binary,0.082,0.094,0.084,0.088,0.912,0.088,0.012,40471.573121,26576.363384000007,,26719.74108,2026-08-13T09:43:33Z,2026-09-13T00:00:00Z,2026-09-13T00:00:00Z,,,,,,,,,2026-09-14T18:09:38+00:00,1.55,"[""Yes"", ""No""]","[0.088, 0.912]",32870754046185979497183163253384646408103980496689264824423535458172171710164
kalshi,KXNFLTD-26SEP14DENKC-DENJWADDLE17-2,https://kalshi.com/markets/kxnfltd/pro-football-touchdowns,https://kalshi.com/markets/kxnfltd/pro-football-touchdowns/kxnfltd-26sep14denkc,Jaylen Waddle: 2+ touchdowns,Jaylen Waddle: 2+,KXNFLTD-26SEP14DENKC,Denver vs Kansas City: Touchdowns,KXNFLTD,Pro Football Touchdowns,Sports,"[""Football""]",open,binary,0.04,0.05,0.05,0.045,0.955,0.045,0.01,35068.99,26530.37,35068.99,0,2026-09-04T21:04:00Z,2026-09-17T00:15:00Z,2026-09-17T00:15:00Z,,,,greater,1.5,,,True,2026-09-14T18:10:01+00:00,,,,
polymarket,0xed5a9e7831ee363d92cb102f2c21e2465b09196ef5beb7c8e23671851a1c3ca4,https://polymarket.com/event/next-round-of-us-iran-peace-talks-byptptpt-20260623022722982/us-x-iran-diplomatic-meeting-by-september-30-2026,,"US x Iran diplomatic meeting by September 30, 2026?","September 30, 2026",624218,Next round of US-Iran peace talks by...?,next-round-of-us-iran-peace-talks-byptptpt-20260623022722982,Next round of US-Iran peace talks by...?,,[],open,binary,0.08,0.09,0.1,0.085,0.915,0.085,0.01,996982.8600499998,26515.825523000007,,68713.4741,2026-07-31T21:29:56.339Z,2026-09-30T23:59:00Z,2026-09-30T23:59:00Z,,,,,,,,,2026-09-14T18:09:38+00:00,,"[""Yes"", ""No""]","[0.085, 0.915]",92467093729798172795860015164975956539777812580280382263501795773871198126752
kalshi,KXNFLTD-26SEP14DENKC-DENEENGRAM1-1,https://kalshi.com/markets/kxnfltd/pro-football-touchdowns,https://kalshi.com/markets/kxnfltd/pro-football-touchdowns/kxnfltd-26sep14denkc,Evan Engram: 1+ touchdowns,Evan Engram: 1+,KXNFLTD-26SEP14DENKC,Denver vs Kansas City: Touchdowns,KXNFLTD,Pro Football Touchdowns,Sports,"[""Football""]",open,binary,0.14,0.15,0.15,0.145,0.855,0.145,0.01,26408.5,26289.99,26317.29,0,2026-09-04T21:04:00Z,2026-09-17T00:15:00Z,2026-09-17T00:15:00Z,,,,greater,0.5,,,True,2026-09-14T18:10:01+00:00,,,,
polymarket,0x9bb80411fb159d9f3798fe125672a61af141f7dc7d5465c14a5936e4ba878e49,https://polymarket.com/event/bab-el-mandeb-strait-effectively-closed-by/bab-el-mandeb-strait-effectively-closed-by-october-31,,Bab el-Mandeb Strait effectively closed by October 31?,October 31,276527,Bab el-Mandeb Strait effectively closed by...?,bab-el-mandeb-strait-effectively-closed-by,Bab el-Mandeb Strait effectively closed by...?,,[],open,binary,0.14,0.15,0.14,0.145,0.855,0.145,0.01,336343.33177200006,26183.374191000003,,100272.081,2026-08-21T07:46:53.710166Z,2026-11-01T03:59:00Z,2026-11-01T03:59:00Z,,,,,,,,,2026-09-14T18:09:38+00:00,-1,"[""Yes"", ""No""]","[0.145, 0.855]",6220545533865458838439353925905089798175804014497201461345552520180406649867
polymarket,0x934225abdf22ea08692f5411dd43ea16d859e7b30b880dbe521d8fc2cc3f013f,https://polymarket.com/event/next-french-presidential-election/will-sbastien-lecornu-win-the-2027-french-presidential-election,,Will Sébastien Lecornu win the 2027 French presidential election?,Sébastien Lecornu,79987,Next French Presidential Election,next-french-presidential-election,Next French Presidential Election,,[],open,binary,0.006,0.008,0.007,0.007,0.993,0.007,0.002,1709386.4519309993,26167.435163,,195544.20322,2025-11-13T23:09:54.364Z,2027-04-30T00:00:00Z,2027-04-30T00:00:00Z,,,,,,,,,2026-09-14T18:09:38+00:00,,"[""Yes"", ""No""]","[0.007, 0.993]",56479574037559870494474863426788778064776404338812899351171813846265674472432
kalshi,KXSERIEABTTS-26SEP14INTUDI-BTTS,https://kalshi.com/markets/kxserieabtts/serie-a-btts,https://kalshi.com/markets/kxserieabtts/serie-a-btts/kxserieabtts-26sep14intudi,Both Teams To Score,Both Teams To Score,KXSERIEABTTS-26SEP14INTUDI,Inter vs Udinese: BTTS,KXSERIEABTTS,Serie A BTTS,Sports,"[""Soccer""]",open,binary,0.49,0.5,0.5,0.495,0.505,0.495,0.01,26282.13,26040.5,25932.08,0,2026-09-07T19:07:00Z,2026-09-17T00:45:00Z,2026-09-17T00:45:00Z,,,,,,,,True,2026-09-14T18:09:59+00:00,,,,
polymarket,0xbca3d70ec52a5a441ccc365a3b1b48b9cd0f08dfff4bc5871e2cd92d0d92caa1,https://polymarket.com/event/brazil-presidential-election/will-ronaldo-caiado-win-the-2026-brazilian-presidential-election,,Will Ronaldo Caiado win the 2026 Brazilian presidential election?,Ronaldo Caiado,45915,Brazil Presidential Election,brazil-presidential-election,Brazil Presidential Election,,[],open,binary,0.001,0.002,0.001,0.0015,0.9985,0.0015,0.001,7546842.128362001,25861.23299999999,,1095704.72992,2025-09-18T20:08:05.843Z,2026-10-04T00:00:00Z,2026-10-04T00:00:00Z,,,,,,,,,2026-09-14T18:09:38+00:00,,"[""Yes"", ""No""]","[0.0015, 0.9985]",36262307788727352725358528951052957737657822670589615830114396216160368496388
polymarket,0xc3794a8d3a34d04b9f39773e35c4cecdac89d32eab93e8589d9a6f03e04e9490,https://polymarket.com/event/dtrump-out-as-president-by-september-30/dtrump-out-as-president-by-september-30,,Trump out as President by September 30?,,956176,Trump out as President by September 30?,dtrump-out-as-president-by-september-30,Trump out as President by September 30?,,[],open,binary,0.008,0.009,0.008,0.0085,0.9915,0.0085,0.001,794909.8110070003,25829.165231999996,,170193.98375,2026-09-02T21:12:57Z,2026-10-01T03:59:00Z,2026-10-01T03:59:00Z,,,,,,,,,2026-09-14T18:09:38+00:00,-0.1,"[""Yes"", ""No""]","[0.0085, 0.9915]",6121218352389247881246006291990310720710516288829209381613978118836000554470
kalshi,KXISRPLGAME-26SEP14HAIBNS-HAI,https://kalshi.com/markets/kxisrplgame/israeli-premier-league-game,https://kalshi.com/markets/kxisrplgame/israeli-premier-league-game/kxisrplgame-26sep14haibns,Hapoel Haifa wins,Hapoel Haifa,KXISRPLGAME-26SEP14HAIBNS,Hapoel Haifa vs Bnei Sakhnin,KXISRPLGAME,Israeli Premier League Game,Sports,"[""Soccer""]",open,binary,0.98,0.99,0.99,0.985,0.015,0.985,0.01,31827.57,25824.79,28743.16,0,2026-09-10T00:38:00Z,2026-09-16T16:30:00Z,2026-09-16T16:30:00Z,,,,structured,,,,True,2026-09-14T18:09:57+00:00,,,,
kalshi,KXMLBOUTS-26SEP142138SEALAA-LAARDETMERS48-18,https://kalshi.com/markets/kxmlbouts/pro-baseball-outs-recorded,https://kalshi.com/markets/kxmlbouts/pro-baseball-outs-recorded/kxmlbouts-26sep142138sealaa,Reid Detmers: 18+ Outs Recorded?,Reid Detmers: 18+,KXMLBOUTS-26SEP142138SEALAA,Seattle vs Los Angeles A: Outs Recorded,KXMLBOUTS,Pro Baseball Outs Recorded,Sports,"[""Baseball""]",open,binary,0.55,0.58,0.58,0.565,0.435,0.565,0.03,25759.73,25759.73,21726.91,0,2026-09-14T04:26:00Z,2026-09-18T01:38:00Z,2026-09-18T01:38:00Z,,,,greater,17.5,,,True,2026-09-14T18:09:39+00:00,,,,
kalshi,KXHIGHLAX-26SEP14-B77.5,https://kalshi.com/markets/kxhighlax/highest-temperature-in-los-angeles,https://kalshi.com/markets/kxhighlax/highest-temperature-in-los-angeles/kxhighlax-26sep14,"Will the maximum temperature be 77-78° on Sep 14, 2026?",77° to 78°,KXHIGHLAX-26SEP14,"Highest temperature in Los Angeles on Sep 14, 2026?",KXHIGHLAX,Highest temperature in Los Angeles,Climate and Weather,"[""Daily temperature""]",open,binary,0.02,0.03,0.03,0.025,0.975,0.025,0.01,28154.78,25673.56,19707.27,0,2026-09-13T14:00:00Z,2026-09-15T08:00:00Z,2026-09-21T14:00:00Z,,,,between,77,78,CLILAX,True,2026-09-14T18:09:41+00:00,,,,
polymarket,0x2371ca77fc832c1dbb15274fd22ca0c47b9440b83a0eda040b603cf7b6d356c6,https://polymarket.com/event/what-price-will-wti-hit-in-september-2026/will-wti-reach-120-in-september-2026,,Will WTI Crude Oil (WTI) hit (HIGH) $120 in September?,↑ $120,907966,What will WTI Crude Oil (WTI) hit in September 2026?,what-price-will-wti-hit-in-september-2026,What will WTI Crude Oil (WTI) hit in September 2026?,,[],open,binary,0.152,0.153,0.153,0.1525,0.8475,0.1525,0.001,273820.657217,25670.596804999994,,82620.91808,2026-08-25T04:02:12Z,2026-10-01T03:59:59.999Z,2026-10-01T03:59:59.999Z,,,,,,,,,2026-09-14T18:09:38+00:00,4.1,"[""Yes"", ""No""]","[0.1525, 0.8475]",85797993472362091401856274154836281530871600716798983546575102666947228162289
kalshi,KXNFLFIRSTTD-26SEP14DENKC-DENCSUTTON14,https://kalshi.com/markets/kxnflfirsttd/pro-football-first-touchdown,https://kalshi.com/markets/kxnflfirsttd/pro-football-first-touchdown/kxnflfirsttd-26sep14denkc,Courtland Sutton: 1st Touchdown,Courtland Sutton,KXNFLFIRSTTD-26SEP14DENKC,Denver vs Kansas City: 1st Touchdown,KXNFLFIRSTTD,Pro Football First Touchdown,Sports,"[""Football""]",open,binary,0.05,0.06,0.06,0.055,0.945,0.055,0.01,27994.99,25565.13,27927.93,0,2026-09-04T21:04:00Z,2026-09-17T00:15:00Z,2026-09-17T00:15:00Z,,,,structured,,,,True,2026-09-14T18:10:01+00:00,,,,
kalshi,SENATENE-26-R,https://kalshi.com/markets/senatene/nebraska-senate-race,https://kalshi.com/markets/senatene/nebraska-senate-race/senatene-26,Will Republicans win the Senate race in Nebraska?,Pete Ricketts,SENATENE-26,Nebraska Senate winner?,SENATENE,Nebraska Senate race,Elections,"[""Senate""]",open,binary,0.66,0.69,0.66,0.675,0.325,0.675,0.03,421366.84,25520.81,297383.81,0,2024-12-03T15:00:00Z,2027-11-03T15:00:00Z,2027-11-03T15:00:00Z,,,,structured,,,,True,2026-09-14T18:10:59+00:00,,,,
kalshi,KXNFLTD-26SEP14DENKC-KCRRICE4-1,https://kalshi.com/markets/kxnfltd/pro-football-touchdowns,https://kalshi.com/markets/kxnfltd/pro-football-touchdowns/kxnfltd-26sep14denkc,Rashee Rice: 1+ touchdowns,Rashee Rice: 1+,KXNFLTD-26SEP14DENKC,Denver vs Kansas City: Touchdowns,KXNFLTD,Pro Football Touchdowns,Sports,"[""Football""]",open,binary,0.35,0.36,0.36,0.355,0.645,0.355,0.01,26517.2,25505.92,25782.79,0,2026-09-04T21:04:00Z,2026-09-17T00:15:00Z,2026-09-17T00:15:00Z,,,,greater,0.5,,,True,2026-09-14T18:10:01+00:00,,,,
polymarket,0xbf2141487af7cdad80a1d382c282e8b2b1cbe4be819e97bb0f9067e17cefea1d,https://polymarket.com/event/tur-gfk-fen-2026-09-14-more-markets/tur-gfk-fen-2026-09-14-total-2pt5,,Gaziantep FK vs. Fenerbahçe SK: O/U 2.5,O/U 2.5,959280,Gaziantep FK vs. Fenerbahçe SK - More Markets,tur-gfk-fen-2026-09-14-more-markets,Gaziantep FK vs. Fenerbahçe SK - More Markets,,[],open,binary,0.2,0.22,0.24,0.21,0.79,0.21,0.02,25491.928011999993,25491.928011999997,,39883.2588,2026-09-03T14:00:40Z,2026-09-14T17:00:00Z,2026-09-14T17:00:00Z,,,,,,,,,2026-09-14T18:09:38+00:00,-34,"[""Over"", ""Under""]","[0.21, 0.79]",76427072090608408329782181824758166353623297227051050419421684084650381281659
kalshi,KXT20MATCH-26SEP151000INDAFG-AFG,https://kalshi.com/markets/kxt20match/men-s-t20-cricket-match,https://kalshi.com/markets/kxt20match/men-s-t20-cricket-match/kxt20match-26sep151000indafg,Afghanistan wins,Afghanistan,KXT20MATCH-26SEP151000INDAFG,Afghanistan vs India,KXT20MATCH,Men's T20 Cricket Match,Sports,"[""Cricket""]",open,binary,0.1,0.11,0.11,0.105,0.895,0.105,0.01,28820.61,25479.78,28111.97,0,2026-09-13T00:11:00Z,2026-09-17T18:00:00Z,2026-09-17T18:00:00Z,,,,structured,,,,True,2026-09-14T18:09:42+00:00,,,,
kalshi,HOUSEPA7-26-D,https://kalshi.com/markets/housepa7/house-pennsylvania-7th,https://kalshi.com/markets/housepa7/house-pennsylvania-7th/housepa7-26,Will Democratic win the House race for PA-7?,Bob Brooks,HOUSEPA7-26,PA-07 House winner?,HOUSEPA7,House Pennsylvania 7th,Elections,"[""House""]",open,binary,0.73,0.74,0.73,0.735,0.265,0.735,0.01,157580.85,25474.91,40662.16,0,2025-07-01T14:00:00Z,2027-11-03T15:00:00Z,2027-11-03T15:00:00Z,,,,structured,,,,True,2026-09-14T18:10:58+00:00,,,,
kalshi,KXPGATOUR-BICA26-RHIS,https://kalshi.com/markets/kxpgatour/pga-tour,https://kalshi.com/markets/kxpgatour/pga-tour/kxpgatour-bica26,Will Ryo Hisatsune win the Biltmore Championship Asheville?,Ryo Hisatsune,KXPGATOUR-BICA26,Biltmore Championship Asheville Winner,KXPGATOUR,PGA Tour,Sports,"[""Golf""]",open,binary,0.014,0.02,0.02,0.017,0.983,0.017,0.006,25533.98,25440.4,25533.98,0,2026-09-13T23:05:00Z,2026-10-04T00:00:00Z,2026-10-04T00:00:00Z,,,,structured,,,,True,2026-09-14T18:09:40+00:00,,,,
kalshi,KXATPCHALLENGERMATCH-26SEP14MATHAR-HAR,https://kalshi.com/markets/kxatpchallengermatch/challenger-atp,https://kalshi.com/markets/kxatpchallengermatch/challenger-atp/kxatpchallengermatch-26sep14mathar,Lloyd Harris wins,Lloyd Harris,KXATPCHALLENGERMATCH-26SEP14MATHAR,Matsuoka vs Harris,KXATPCHALLENGERMATCH,Challenger ATP ,Sports,"[""Tennis""]",open,binary,0.79,0.8,0.79,0.795,0.205,0.795,0.01,25413.04,25413.04,14320.59,0,2026-09-13T22:50:00Z,2026-09-28T10:40:00Z,2026-09-28T10:40:00Z,,,,structured,,,,True,2026-09-14T18:09:40+00:00,,,,
kalshi,KXNFLFIRSTTD-26SEP14DENKC-KCTTHORNTON2,https://kalshi.com/markets/kxnflfirsttd/pro-football-first-touchdown,https://kalshi.com/markets/kxnflfirsttd/pro-football-first-touchdown/kxnflfirsttd-26sep14denkc,Tyquan Thornton: 1st Touchdown,Tyquan Thornton,KXNFLFIRSTTD-26SEP14DENKC,Denver vs Kansas City: 1st Touchdown,KXNFLFIRSTTD,Pro Football First Touchdown,Sports,"[""Football""]",open,binary,0.02,0.03,0.03,0.025,0.975,0.025,0.01,25628.47,25394.22,25628.47,0,2026-09-04T21:04:00Z,2026-09-17T00:15:00Z,2026-09-17T00:15:00Z,,,,structured,,,,True,2026-09-14T18:10:01+00:00,,,,
polymarket,0xaef675bee2eb72e863bdef11f8a2235e06dd52b62672392aac7bdb69b811a3c5,https://polymarket.com/event/lol-exe-esb-2026-09-14/lol-exe-esb-2026-09-14-game3,,LoL: EXILE esports vs eSuba - Game 3 Winner,Game 3 Winner,999141,LoL: EXILE esports vs eSuba (BO5) - Hitpoint Masters Playoffs,lol-exe-esb-2026-09-14,LoL: EXILE esports vs eSuba (BO5) - Hitpoint Masters Playoffs,,[],open,binary,,0.001,0.01,0.0005,0.9995,0.0005,0.001,25322.918675000004,25322.918675,,176765.64438,2026-09-10T13:20:59Z,2026-09-14T20:30:00Z,2026-09-14T20:30:00Z,,,,,,,,,2026-09-14T18:09:38+00:00,-49.45,"[""EXILE esports"", ""eSuba""]","[0.0005, 0.9995]",88554279149499851166735661954676740307461238358837061090524397603794026817577
kalshi,KXLLM1-26DEC31-GOOG,https://kalshi.com/markets/kxllm1/year-end-top-llm,https://kalshi.com/markets/kxllm1/year-end-top-llm/kxllm1-26dec31,"Best AI on Dec 31, 2026?",Gemini,KXLLM1-26DEC31,Best AI at the end of 2026?,KXLLM1,Year-end top LLM,Science and Technology,"[""AI""]",open,binary,0.06,0.064,0.064,0.062,0.938,0.062,0.004,1587524.76,25314.32,988471.9,0,2026-01-01T15:00:00Z,2026-12-31T15:00:00Z,2027-01-31T15:00:00Z,,,,custom,,,,True,2026-09-14T18:10:55+00:00,,,,
polymarket,0x4159236949c2812111b2c8433a2acb0534dc74ede7d0d69dba0cb7518a56004c,https://polymarket.com/event/highest-temperature-in-hong-kong-on-september-14-2026/highest-temperature-in-hong-kong-on-september-14-2026-30c,,Will the highest temperature in Hong Kong be 30°C on September 14?,30°C,1008349,Highest temperature in Hong Kong on September 14?,highest-temperature-in-hong-kong-on-september-14-2026,Highest temperature in Hong Kong on September 14?,,[],open,binary,,0.001,0.003,0.0005,0.9995,0.0005,0.001,28237.080972000003,25247.846630999997,,7547.20739,2026-09-12T04:56:58Z,2026-09-14T12:00:00Z,2026-09-14T12:00:00Z,,,,,,,,,2026-09-14T18:09:38+00:00,-9.95,"[""Yes"", ""No""]","[0.0005, 0.9995]",33287229214975586831930986986251841274047671699678599407332085351915445231263
kalshi,KXNFLTD-26SEP14DENKC-DENRHARVEY12-1,https://kalshi.com/markets/kxnfltd/pro-football-touchdowns,https://kalshi.com/markets/kxnfltd/pro-football-touchdowns/kxnfltd-26sep14denkc,RJ Harvey: 1+ touchdowns,RJ Harvey: 1+,KXNFLTD-26SEP14DENKC,Denver vs Kansas City: Touchdowns,KXNFLTD,Pro Football Touchdowns,Sports,"[""Football""]",open,binary,0.22,0.23,0.23,0.225,0.775,0.225,0.01,28374.36,25214.08,26812.75,0,2026-09-04T21:04:00Z,2026-09-17T00:15:00Z,2026-09-17T00:15:00Z,,,,greater,0.5,,,True,2026-09-14T18:10:01+00:00,,,,
polymarket,0x45a79193a66e5078a29c625e78e0d4b9a059edef8e206097c48bbfe7eaf9590e,https://polymarket.com/event/who-will-be-the-next-prime-minister-of-israel-after-the-next-election/will-yair-lapid-be-the-next-prime-minister-of-israel,,Will Yair Lapid be the next Prime Minister of Israel?,Yair Lapid,81557,Prime Minister of Israel after the next election?,who-will-be-the-next-prime-minister-of-israel-after-the-next-election,Prime Minister of Israel after the next election?,,[],open,binary,,0.001,0.001,0.0005,0.9995,0.0005,0.001,1600792.2972230006,25204.4,,82063.72165,2025-11-15T00:27:04.253938Z,2026-12-31T00:00:00Z,2026-12-31T00:00:00Z,,,,,,,,,2026-09-14T18:09:38+00:00,,"[""Yes"", ""No""]","[0.0005, 0.9995]",30912854850866302644106316438153629460678506137655559406260043509960678109607
kalshi,KXNCAAFSPREAD-26SEP19UGAARK-UGA25,https://kalshi.com/markets/kxncaafspread/college-football-spread,https://kalshi.com/markets/kxncaafspread/college-football-spread/kxncaafspread-26sep19ugaark,Georgia wins by over 24.5 points,Georgia wins by over 24.5 points,KXNCAAFSPREAD-26SEP19UGAARK,Georgia vs Arkansas: Spread,KXNCAAFSPREAD,College Football Spread,Sports,"[""Football""]",open,binary,0.53,0.54,0.54,0.535,0.465,0.535,0.01,27225.38,25157.21,24214.1,0,2026-09-13T10:06:00Z,2026-09-21T16:00:00Z,2026-09-21T16:00:00Z,,,,greater,24.5,,,True,2026-09-14T18:09:41+00:00,,,,
kalshi,KXNFLAFCCHAMP-27-KC,https://kalshi.com/markets/kxnflafcchamp/american-football-conference-champion,https://kalshi.com/markets/kxnflafcchamp/american-football-conference-champion/kxnflafcchamp-27,Will Kansas City win the Pro Football AFC Championship?,Kansas City,KXNFLAFCCHAMP-27,AFC Championship Winner,KXNFLAFCCHAMP,American Football Conference Champion,Sports,"[""Football""]",open,binary,0.09,0.1,0.1,0.095,0.905,0.095,0.01,352162.73,25131.75,299975.36,0,2026-02-07T15:00:00Z,2027-02-22T15:00:00Z,2027-02-22T15:00:00Z,,,,structured,,,,True,2026-09-14T18:10:52+00:00,,,,
kalshi,GOVPARTYCA-26-R,https://kalshi.com/markets/govpartyca/california-governor,https://kalshi.com/markets/govpartyca/california-governor/govpartyca-26,Will the Republican party win the governorship in California,Steve Hilton,GOVPARTYCA-26,California Governor winner?,GOVPARTYCA,California Governor,Elections,"[""Governor""]",open,binary,0.031,0.041,0.031,0.036,0.964,0.036,0.01,1079288.64,25002.12,596324.73,0,2025-01-10T15:00:00Z,2027-11-03T15:00:00Z,2027-11-03T15:00:00Z,,,,structured,,,,True,2026-09-14T18:10:59+00:00,,,,
kalshi,KXPRESNOMD-28-AKLO,https://kalshi.com/markets/kxpresnomd/democratic-primary-winner,https://kalshi.com/markets/kxpresnomd/democratic-primary-winner/kxpresnomd-28,Will Amy Klobuchar be the nominee for the Presidency for the Democratic party?,Amy Klobuchar,KXPRESNOMD-28,2028 Democratic presidential nominee,KXPRESNOMD,Democratic Primary winner,Elections,"[""2028"", ""US Elections""]",open,binary,0.001,0.002,0.001,0.0015,0.9985,0.0015,0.001,2987810.08,25000,2541732.12,0,2026-01-12T23:00:00Z,2028-11-07T15:00:00Z,2028-11-07T15:00:00Z,,,,custom,,,,True,2026-09-14T18:10:54+00:00,,,,
kalshi,KXHEISMAN-27-KTAY,https://kalshi.com/markets/kxheisman/heisman-trophy-winner,https://kalshi.com/markets/kxheisman/heisman-trophy-winner/kxheisman-27,Who will win Heisman Trophy?,Kamario Taylor,KXHEISMAN-27,Heisman Trophy Winner,KXHEISMAN,Heisman Trophy Winner,Sports,"[""Football""]",open,binary,0.03,0.05,0.05,0.04,0.96,0.04,0.02,1006583.36,24983.67,963599.12,0,2026-08-22T05:15:00Z,2027-01-01T15:00:00Z,2027-01-15T15:00:00Z,,,,custom,,,,True,2026-09-14T18:10:11+00:00,,,,
kalshi,KXNFLDPOTY-27-TWAT,https://kalshi.com/markets/kxnfldpoty/ap-pro-football-defensive-player-of-the-year,https://kalshi.com/markets/kxnfldpoty/ap-pro-football-defensive-player-of-the-year/kxnfldpoty-27,Will T.J. Watt win the Defensive Player of the Year?,T.J. Watt,KXNFLDPOTY-27,Defensive Player of the Year Winner?,KXNFLDPOTY,AP Pro Football Defensive Player Of The Year,Sports,"[""Football""]",open,binary,0.11,0.12,0.12,0.115,0.885,0.115,0.01,99490.24,24885.92,91473.8,0,2026-02-10T15:00:00Z,2028-02-08T15:00:00Z,2028-02-08T15:00:00Z,,,,structured,,,,True,2026-09-14T18:10:52+00:00,,,,
polymarket,0x7b91997c6c8ca00643ab322f63af50acf1a0e9b86be130b67e5a19005215e252,https://polymarket.com/event/which-party-will-gain-most-seats-in-russian-parliamentary-election/will-the-communist-party-of-the-russian-federation-kprf-gain-the-most-seats-in-the-next-russian-parliamentary-election,,Will the Communist Party of the Russian Federation (KPRF) gain the most seats in the next Russian parliamentary election?,Communist Party of the Russian Federation (KPRF),149589,Which party will gain most seats in Russian Parliamentary Election?,which-party-will-gain-most-seats-in-russian-parliamentary-election,Which party will gain most seats in Russian Parliamentary Election?,,[],open,binary,0.011,0.012,0.013,0.0115,0.9885,0.0115,0.001,1946529.9868379987,24832.073098000004,,233745.19452,2026-01-07T21:34:51.774902Z,2026-09-30T00:00:00Z,2026-09-30T00:00:00Z,,,,,,,,,2026-09-14T18:09:38+00:00,,"[""Yes"", ""No""]","[0.0115, 0.9885]",19112618633625535565556320701646114565922983454471380023487135794003446877114
kalshi,KXMLBPLAYOFFS-26-MIA,https://kalshi.com/markets/kxmlbplayoffs/pro-baseball-playoff-qualifiers,https://kalshi.com/markets/kxmlbplayoffs/pro-baseball-playoff-qualifiers/kxmlbplayoffs-26,Pro Baseball Playoff Qualifiers,Miami,KXMLBPLAYOFFS-26,Pro Baseball Playoff Qualifiers,KXMLBPLAYOFFS,Pro Baseball Playoff Qualifiers,Sports,"[""Baseball""]",open,binary,0,0.01,0.01,0.005,0.995,0.005,0.01,197851.16,24815.95,78131.97,0,2025-12-17T15:00:00Z,2026-11-01T15:00:00Z,2026-11-01T15:00:00Z,,,,structured,,,,True,2026-09-14T18:10:55+00:00,,,,
polymarket,0xdf02ac9222aff3a380962d024c8cf12ef484dd2a65c6779e685c95c88d52c6bb,https://polymarket.com/event/criccpl-bar-guy-2026-09-13/criccpl-bar-guy-2026-09-13,,Caribbean Premier League: Barbados Tridents vs Guyana Amazon Warriors,,1002727,Caribbean Premier League: Barbados Tridents vs Guyana Amazon Warriors,criccpl-bar-guy-2026-09-13,Caribbean Premier League: Barbados Tridents vs Guyana Amazon Warriors,,[],open,binary,0.999,1,0.999,0.9995,0.0005,0.9995,0.001,28398.84711700001,24795.97643,,11560.738,2026-09-11T05:00:19Z,2026-09-20T19:00:00Z,2026-09-20T19:00:00Z,,,,,,,,,2026-09-14T18:09:38+00:00,59.45,"[""Barbados Tridents"", ""Guyana Amazon Warriors""]","[0.9995, 0.0005]",88053899609798924508600931406521568701878854353911558932500743914952981843684
polymarket,0xc0fff3b5ed4d7c82647b11050d56629450902b05c1562d8476df1452ae46510a,https://polymarket.com/event/what-price-will-wti-hit-in-september-2026/will-wti-dip-to-95-in-september-2026,,Will WTI Crude Oil (WTI) hit (LOW) $95 in September?,↓ $95,907966,What will WTI Crude Oil (WTI) hit in September 2026?,what-price-will-wti-hit-in-september-2026,What will WTI Crude Oil (WTI) hit in September 2026?,,[],open,binary,0.74,0.76,0.74,0.75,0.25,0.75,0.02,108768.19068000001,24795.718369000002,,39166.7843,2026-09-09T16:44:59Z,2026-10-01T03:59:59.999Z,2026-10-01T03:59:59.999Z,,,,,,,,,2026-09-14T18:09:38+00:00,-9,"[""Yes"", ""No""]","[0.75, 0.25]",6222784785313230294327029188015606088069622624510802248578044329127504364661
kalshi,KXBTCD-26SEP1417-T74999.99,https://kalshi.com/markets/kxbtcd/bitcoin-price-above-below,https://kalshi.com/markets/kxbtcd/bitcoin-price-above-below/kxbtcd-26sep1417,"Bitcoin price on Sep 14, 2026?","$75,000 or above",KXBTCD-26SEP1417,"BTC price on Sep 14, 2026 at 5pm EDT?",KXBTCD,Bitcoin price Above/below,Crypto,"[""Hourly"", ""BTC""]",open,binary,0.99,1,0.99,0.995,0.005,0.995,0.01,24774.61,24774.61,17562.62,0,2026-09-13T20:00:00Z,2026-09-14T21:00:00Z,2026-09-21T21:00:00Z,,,,greater,74999.99,,BRTI,True,2026-09-14T18:09:42+00:00,,,,
polymarket,0xbbd0885010e9390d85745013631c4611dff18265f7d0dfe51cef475e59d782f6,https://polymarket.com/event/mlb-det-tor-2026-09-14/mlb-det-tor-2026-09-14-total-8pt5,,Detroit Tigers vs. Toronto Blue Jays: O/U 8.5,O/U 8.5,988203,Detroit Tigers vs. Toronto Blue Jays,mlb-det-tor-2026-09-14,Detroit Tigers vs. Toronto Blue Jays,,[],open,binary,0.41,0.42,0.42,0.415,0.585,0.415,0.01,24721.503798000005,24721.503798000005,,83840.1122,2026-09-13T19:29:20Z,2026-09-14T23:07:00Z,2026-09-14T23:07:00Z,,,,,,,,,2026-09-14T18:09:38+00:00,,"[""Over"", ""Under""]","[0.415, 0.585]",2327958090665250459627434594814501960355492337957459243384478104290859731957
polymarket,0x0f49db97f71c68b1e42a6d16e3de93d85dbf7d4148e3f018eb79e88554be9f75,https://polymarket.com/event/democratic-presidential-nominee-2028/will-gavin-newsom-win-the-2028-democratic-presidential-nomination-568,,Will Gavin Newsom win the 2028 Democratic presidential nomination?,Gavin Newsom,30829,Democratic Presidential Nominee 2028,democratic-presidential-nominee-2028,Democratic Presidential Nominee 2028,,[],open,binary,0.126,0.128,0.127,0.127,0.873,0.127,0.002,27276114.568091974,24661.124490999995,,357806.95873,2025-07-11T18:35:56.805Z,2028-11-07T00:00:00Z,2028-11-07T00:00:00Z,,,,,,,,,2026-09-14T18:09:38+00:00,-0.05,"[""Yes"", ""No""]","[0.127, 0.873]",54533043819946592547517511176940999955633860128497669742211153063842200957669
polymarket,0xe02efdcad57656dba917081e378cb9867be4e9323231d2c557fd3b1ebf57173f,https://polymarket.com/event/lol-9zg-fue-2026-09-16/lol-9zg-fue-2026-09-16,,LoL: 9z Globant vs Fuego (BO5) - World Star Challengers Invitational Americas Qualifier Playoffs,Match Winner,1021828,LoL: 9z Globant vs Fuego (BO5) - World Star Challengers Invitational Americas Qualifier Playoffs,lol-9zg-fue-2026-09-16,LoL: 9z Globant vs Fuego (BO5) - World Star Challengers Invitational Americas Qualifier Playoffs,,[],open,binary,0.19,0.2,0.2,0.195,0.805,0.195,0.01,24655.991744,24655.991744,,17183.6711,2026-09-14T08:40:43Z,2026-09-17T05:00:00Z,2026-09-17T05:00:00Z,,,,,,,,,2026-09-14T18:09:38+00:00,,"[""9z Globant"", ""Fuego""]","[0.195, 0.805]",14549570179312250723383551519768274018273970840744818317384818812198775396550
kalshi,KXLIGAPORTUGALSPREAD-26SEP14BRAEST-BRA2,https://kalshi.com/markets/kxligaportugalspread/spread,https://kalshi.com/markets/kxligaportugalspread/spread/kxligaportugalspread-26sep14braest,Braga wins by more than 1.5 goals?,Braga wins by more than 1.5 goals,KXLIGAPORTUGALSPREAD-26SEP14BRAEST,Braga vs Estoril: Spread,KXLIGAPORTUGALSPREAD,Spread,Sports,"[""Soccer""]",open,binary,0.45,0.46,0.46,0.455,0.545,0.455,0.01,24635.31,24635.25,24430.34,0,2026-09-11T20:06:00Z,2026-09-16T19:45:00Z,2026-09-16T19:45:00Z,,,,greater,1.5,,,True,2026-09-14T18:09:44+00:00,,,,
kalshi,KXLOLGAME-26SEP141200VDNAP-VDN,https://kalshi.com/markets/kxlolgame/league-of-legends-game,https://kalshi.com/markets/kxlolgame/league-of-legends-game/kxlolgame-26sep141200vdnap,Verdant wins,Verdant,KXLOLGAME-26SEP141200VDNAP,Verdant vs. Arctic Pandas,KXLOLGAME,League of Legends Game,Sports,"[""Esports""]",open,binary,0.99,1,0.99,0.995,0.005,0.995,0.01,25746.49,24620.69,15244,0,2026-09-11T00:05:00Z,2026-09-16T16:00:00Z,2026-09-16T16:00:00Z,,,,structured,,,,True,2026-09-14T18:09:47+00:00,,,,
polymarket,0x239b9eb8c8a176360c0e732e359c0086e4f7c321c53df88eba6bf9c67f41b637,https://polymarket.com/event/will-consensys-ipo-by-december-31-2025/will-consensys-ipo-by-september-30-2026,,Will Consensys IPO by September 30 2026?,"September 30, 2026",69171,Consensys IPO by ___ ?,will-consensys-ipo-by-december-31-2025,Consensys IPO by ___ ?,,[],open,binary,,0.001,0.001,0.0005,0.9995,0.0005,0.001,196860.961104,24569.751112,,18612.62617,2025-11-04T15:13:26.832563Z,2026-10-01T04:00:00Z,2026-10-01T04:00:00Z,,,,,,,,,2026-09-14T18:09:38+00:00,-0.65,"[""Yes"", ""No""]","[0.0005, 0.9995]",44287323850020972283935211352775826540687209058466814665073875307486513170314
kalshi,KXSUPERLIGSPREAD-26SEP14GAZFEN-FEN2,https://kalshi.com/markets/kxsuperligspread/spread,https://kalshi.com/markets/kxsuperligspread/spread/kxsuperligspread-26sep14gazfen,Fenerbahce wins by more than 1.5 goals?,Fenerbahce wins by more than 1.5 goals,KXSUPERLIGSPREAD-26SEP14GAZFEN,Gaziantep vs Fenerbahce: Spread,KXSUPERLIGSPREAD,Spread,Sports,"[""Soccer""]",open,binary,0.21,0.5,0.24,0.355,0.645,0.355,0.29,24869.83,24515.29,17142.92,0,2026-09-13T17:06:00Z,2026-09-16T17:00:00Z,2026-09-16T17:00:00Z,,,,greater,1.5,,,True,2026-09-14T18:09:41+00:00,,,,
kalshi,KXODIMATCH-26SEP150330AUSZIM-AUS,https://kalshi.com/markets/kxodimatch/men-s-odi-cricket-match,https://kalshi.com/markets/kxodimatch/men-s-odi-cricket-match/kxodimatch-26sep150330auszim,Australia wins,Australia,KXODIMATCH-26SEP150330AUSZIM,Zimbabwe vs Australia,KXODIMATCH,Men's ODI Cricket Match,Sports,"[""Cricket""]",open,binary,0.91,0.92,0.92,0.915,0.085,0.915,0.01,33010.52,24494.42,32598.75,0,2026-09-13T00:11:00Z,2026-09-17T15:30:00Z,2026-09-17T15:30:00Z,,,,structured,,,,True,2026-09-14T18:09:42+00:00,,,,
kalshi,SENATEKS-26-R,https://kalshi.com/markets/senateks/kansas-senate-race,https://kalshi.com/markets/senateks/kansas-senate-race/senateks-26,Will Republicans win the Senate race in Kansas?,Roger Marshall,SENATEKS-26,Kansas Senate winner?,SENATEKS,Kansas Senate race,Elections,"[""Senate""]",open,binary,0.78,0.79,0.78,0.785,0.215,0.785,0.01,348759.33,24433.68,247492.94,0,2024-12-03T15:00:00Z,2027-11-03T15:00:00Z,2027-11-03T15:00:00Z,,,,structured,,,,True,2026-09-14T18:10:59+00:00,,,,
kalshi,KXNFLNFCNORTH-27-DET,https://kalshi.com/markets/kxnflnfcnorth/national-football-conference-north-winner,https://kalshi.com/markets/kxnflnfcnorth/national-football-conference-north-winner/kxnflnfcnorth-27,Will Detroit win the Pro Football NFC North Division?,Detroit,KXNFLNFCNORTH-27,NFC North Division Winner,KXNFLNFCNORTH,National Football Conference North Winner,Sports,"[""Football""]",open,binary,0.33,0.34,0.35,0.335,0.665,0.335,0.01,128044.81,24419.16,121927.19,0,2026-02-10T15:00:00Z,2027-01-25T15:00:00Z,2027-01-25T15:00:00Z,,,,structured,,,,True,2026-09-14T18:10:52+00:00,,,,
kalshi,KXNFLCOTY-27-JOHAR,https://kalshi.com/markets/kxnflcoty/ap-pro-football-coach-of-the-year,https://kalshi.com/markets/kxnflcoty/ap-pro-football-coach-of-the-year/kxnflcoty-27,Will John Harbaugh win the Coach of the Year?,John Harbaugh,KXNFLCOTY-27,Coach of the Year Winner?,KXNFLCOTY,AP Pro Football Coach Of The Year,Sports,"[""Football""]",open,binary,0.16,0.17,0.17,0.165,0.835,0.165,0.01,58094.69,24416.27,52607.05,0,2026-03-31T02:00:00Z,2028-02-28T15:00:00Z,2028-02-28T15:00:00Z,,,,custom,,,,True,2026-09-14T18:10:49+00:00,,,,
polymarket,0x7f1d878b72e5de3691768ef8fdc0f811405717166e2161e7e490c347980d9b8e,https://polymarket.com/event/pro-football-2027-champion-20260729185915366/will-the-houston-texans-win-the-2027-nfl-league-championship,,Will the Houston Texans win the 2027 NFL league championship?,Houston Texans,202857,Pro Football: 2027 Champion,pro-football-2027-champion-20260729185915366,Pro Football: 2027 Champion,,[],open,binary,0.037,0.038,0.037,0.0375,0.9625,0.0375,0.001,2115925.6492329994,24415.352486,,115494.74388,2026-02-09T00:43:03.073Z,2027-03-31T23:55:00Z,2027-03-31T23:55:00Z,,,,,,,,,2026-09-14T18:09:38+00:00,-0.7,"[""Yes"", ""No""]","[0.0375, 0.9625]",82860415910448737270902374411987827711923709249517011320325989967640805801007
kalshi,KXWTI-26SEP1414-T100.49,https://kalshi.com/markets/kxwti/wti-oil-on-day,https://kalshi.com/markets/kxwti/wti-oil-on-day/kxwti-26sep1414,"Will the WTI crude oil settlement price be above 100.49 USD/Bbl on Sep 14, 2026?",Above $100.49,KXWTI-26SEP1414,"Oil Price (WTI) on Sep 14, 2026?",KXWTI,WTI oil on day,Commodities,"[""Oil & Gas""]",open,binary,0.93,0.95,0.95,0.94,0.06,0.94,0.02,33454.39,24404.73,12924.5,0,2026-09-10T23:30:00Z,2026-09-14T18:30:00Z,2026-09-21T19:30:00Z,,,,greater,100.49,,,True,2026-09-14T18:09:48+00:00,,,,
kalshi,KXLALIGAGAME-26SEP19SEVBAR-BAR,https://kalshi.com/markets/kxlaligagame/la-liga-game,https://kalshi.com/markets/kxlaligagame/la-liga-game/kxlaligagame-26sep19sevbar,Barcelona wins,Barcelona,KXLALIGAGAME-26SEP19SEVBAR,Sevilla vs Barcelona,KXLALIGAGAME,La Liga Game,Sports,"[""Soccer""]",open,binary,0.8,0.81,0.81,0.805,0.195,0.805,0.01,30510.26,24363.64,29523.1,0,2026-09-05T00:42:00Z,2026-09-22T01:00:00Z,2026-09-22T01:00:00Z,,,,structured,,,,True,2026-09-14T18:10:01+00:00,,,,
kalshi,KXNFLGAME-26SEP20CARATL-CAR,https://kalshi.com/markets/kxnflgame/professional-football-game,https://kalshi.com/markets/kxnflgame/professional-football-game/kxnflgame-26sep20caratl,Carolina wins,Carolina,KXNFLGAME-26SEP20CARATL,CAR Panthers vs ATL Falcons,KXNFLGAME,Professional Football Game,Sports,"[""Football""]",open,binary,0.52,0.53,0.53,0.525,0.475,0.525,0.01,40559.83,24361.62,28260.37,0,2026-08-25T15:33:00Z,2026-09-22T17:00:00Z,2026-09-22T17:00:00Z,,,,structured,,,,True,2026-09-14T18:10:11+00:00,,,,
kalshi,KXHIGHNY-26SEP14-T74,https://kalshi.com/markets/kxhighny/highest-temperature-in-nyc,https://kalshi.com/markets/kxhighny/highest-temperature-in-nyc/kxhighny-26sep14,"Will the maximum temperature be <74° on Sep 14, 2026?",73° or below,KXHIGHNY-26SEP14,"Highest temperature in New York City on Sep 14, 2026?",KXHIGHNY,Highest temperature in NYC,Climate and Weather,"[""Daily temperature""]",open,binary,0,0.01,0.01,0.005,0.995,0.005,0.01,24865.92,24125.8,21240.58,0,2026-09-13T14:00:00Z,2026-09-15T05:00:00Z,2026-09-21T14:00:00Z,,,,less,,74,CLINYC,True,2026-09-14T18:09:41+00:00,,,,
kalshi,CONTROLH-2026-D,https://kalshi.com/markets/controlh/house-winner,https://kalshi.com/markets/controlh/house-winner/controlh-2026,Will Democrats win the House in 2026?,Democratic Party,CONTROLH-2026,Which party will win the U.S. House?,CONTROLH,House winner,Elections,"[""US Elections""]",open,binary,0.85,0.86,0.85,0.855,0.145,0.855,0.01,11136857.66,24106.56,7285826.03,0,2024-11-06T15:00:00Z,2027-02-01T15:00:00Z,2027-02-01T15:00:00Z,,,,structured,,,,True,2026-09-14T18:10:59+00:00,,,,
kalshi,SENATEOHS-26-D,https://kalshi.com/markets/senateohs/special-senate-election-in-ohio,https://kalshi.com/markets/senateohs/special-senate-election-in-ohio/senateohs-26,Will Democratics win the Senate race in Ohio?,Sherrod Brown,SENATEOHS-26,Ohio Senate winner?,SENATEOHS,Special Senate election in Ohio,Elections,"[""Senate""]",open,binary,0.53,0.54,0.54,0.535,0.465,0.535,0.01,1565473.8,24034.87,1117877.3,0,2024-12-04T15:00:00Z,2027-11-03T15:00:00Z,2027-11-03T15:00:00Z,,,,structured,,,,True,2026-09-14T18:10:59+00:00,,,,
polymarket,0xacb33346b59a2a3770e2391b7d1b0e77d8dcdcf840a66f5fa01d28db43c4e369,https://polymarket.com/event/what-price-will-ethereum-hit-before-2027/will-ethereum-dip-to-1000-by-december-31-2026-273-175,,"Will Ethereum dip to $1,000 by December 31, 2026?","↓ 1,000",89519,What price will Ethereum hit in 2026?,what-price-will-ethereum-hit-before-2027,What price will Ethereum hit in 2026?,,[],open,binary,0.05,0.06,0.05,0.055,0.945,0.055,0.01,2046128.3838569997,24029.55,,100279.79,2025-11-24T19:27:19.011Z,2027-01-01T05:00:00Z,2027-01-01T05:00:00Z,,,,,,,,,2026-09-14T18:09:38+00:00,-1,"[""Yes"", ""No""]","[0.055, 0.945]",111461019317477869113562870983413193129710955692959493083133606404494525367686
polymarket,0x1866ee4e3e10e2e6e83eb4fdc3a030197a06274d32bec22695eb1830221747a0,https://polymarket.com/event/mlb-lad-cin-2026-09-14/mlb-lad-cin-2026-09-14-total-8pt5,,Los Angeles Dodgers vs. Cincinnati Reds: O/U 8.5,O/U 8.5,988198,Los Angeles Dodgers vs. Cincinnati Reds,mlb-lad-cin-2026-09-14,Los Angeles Dodgers vs. Cincinnati Reds,,[],open,binary,0.41,0.42,0.42,0.415,0.585,0.415,0.01,23884.971883,23884.971883,,114723.616,2026-09-13T19:28:46Z,2026-09-14T22:40:00Z,2026-09-14T22:40:00Z,,,,,,,,,2026-09-14T18:09:38+00:00,,"[""Over"", ""Under""]","[0.415, 0.585]",106980181424544474562841879687392575011786003132892423956826513259432687616998
kalshi,KXPGATOUR-BICA26-BHOR,https://kalshi.com/markets/kxpgatour/pga-tour,https://kalshi.com/markets/kxpgatour/pga-tour/kxpgatour-bica26,Will Billy Horschel win the Biltmore Championship Asheville?,Billy Horschel,KXPGATOUR-BICA26,Biltmore Championship Asheville Winner,KXPGATOUR,PGA Tour,Sports,"[""Golf""]",open,binary,0.008,0.017,0.017,0.0125,0.9875,0.0125,0.009,23869.78,23869.78,23869.78,0,2026-09-13T23:05:00Z,2026-10-04T00:00:00Z,2026-10-04T00:00:00Z,,,,structured,,,,True,2026-09-14T18:09:40+00:00,,,,
polymarket,0xed167a3633fd3a23e6e6ead8aee0353615563c940c80cd2fd61658bcef46c071,https://polymarket.com/event/bitcoin-above-on-september-16-2026/bitcoin-above-74k-on-september-16-2026,,"Will the price of Bitcoin be above $74,000 on September 16?","74,000",994468,Bitcoin above ___ on September 16?,bitcoin-above-on-september-16-2026,Bitcoin above ___ on September 16?,,[],open,binary,0.975,0.981,0.979,0.978,0.022,0.978,0.006,30905.3524,23827.448307000002,,45230.49097,2026-09-09T16:00:23Z,2026-09-16T16:00:00Z,2026-09-16T16:00:00Z,,,,,,,,,2026-09-14T18:09:38+00:00,5.9,"[""Yes"", ""No""]","[0.978, 0.022]",102945486278754674101010403132688613437207422533811080778656772187098648180168
polymarket,0xc0a0bf8490c3a6b7d585aead6d5882916181e4ec276ad06d476bca8071bb877f,https://polymarket.com/event/who-will-visit-ukraine-by-december-31-20260729205841876/will-friedrich-merz-visit-ukraine-by-december-31-2026-20260729210126055,,"Will Friedrich Merz visit Ukraine by December 31, 2026?",Friedrich Merz,770175,Who will visit Ukraine by December 31?,who-will-visit-ukraine-by-december-31-20260729205841876,Who will visit Ukraine by December 31?,,[],open,binary,0.25,0.27,0.27,0.26,0.74,0.26,0.02,36975.45200899999,23756.67,,1317.8127,2026-07-29T23:19:34.575Z,2027-01-01T04:59:00Z,2027-01-01T04:59:00Z,,,,,,,,,2026-09-14T18:09:38+00:00,6.5,"[""Yes"", ""No""]","[0.26, 0.74]",40570762493512223874572087546548778270445265139549863519191863572111019860908
polymarket,0x7586a96520578acaaaa4ea84a2582f197f84255da1f3392a7aa300386c187b37,https://polymarket.com/event/who-will-be-the-next-prime-minister-of-israel-after-the-next-election/will-benjamin-netanyahu-be-the-next-prime-minister-of-israel,,Will Benjamin Netanyahu be the next Prime Minister of Israel?,Benjamin Netanyahu,81557,Prime Minister of Israel after the next election?,who-will-be-the-next-prime-minister-of-israel-after-the-next-election,Prime Minister of Israel after the next election?,,[],open,binary,0.29,0.3,0.29,0.295,0.705,0.295,0.01,3838948.055294999,23665.581182000005,,155517.756,2025-11-15T00:27:02.243822Z,2026-12-31T00:00:00Z,2026-12-31T00:00:00Z,,,,,,,,,2026-09-14T18:09:38+00:00,1,"[""Yes"", ""No""]","[0.295, 0.705]",20006732765674855733524007935991362439352594042415161039767275461950712817548
polymarket,0x62cf9f20cd870e990e8f369e96d3a57b82caa931e248355e843239a7ee7fd211,https://polymarket.com/event/what-price-will-wti-hit-in-september-2026/will-wti-dip-to-90-in-september-2026-from-september-4,,Will WTI Crude Oil (WTI) hit (LOW) $90 in September?,↓ $90,907966,What will WTI Crude Oil (WTI) hit in September 2026?,what-price-will-wti-hit-in-september-2026,What will WTI Crude Oil (WTI) hit in September 2026?,,[],open,binary,0.471,0.507,0.472,0.489,0.511,0.489,0.036,114582.818848,23647.326864000002,,32069.18688,2026-09-04T16:45:01Z,2026-10-01T03:59:59.999Z,2026-10-01T03:59:59.999Z,,,,,,,,,2026-09-14T18:09:38+00:00,-2.75,"[""Yes"", ""No""]","[0.489, 0.511]",106865169592299548286587696300190957552253330566906307858266701916595931430747
polymarket,0xea2a5976d7ce4acb53e4949e6805a8c2d60a305fbb756e9ea383bf4f17aee89a,https://polymarket.com/event/acle-shm-itj-2026-09-14/acle-shm-itj-2026-09-14-shm,,Will Al-Shamal win on 2026-09-14?,Al-Shamal,1010572,Al-Shamal vs. Al-Ittihad Club,acle-shm-itj-2026-09-14,Al-Shamal vs. Al-Ittihad Club,,[],open,binary,,0.001,0.01,0.0005,0.9995,0.0005,0.001,38923.464205000004,23633.113909,,141184.94161,2026-09-12T13:16:13Z,2026-09-14T16:00:00Z,2026-09-14T16:00:00Z,,,,,,,,,2026-09-14T18:09:38+00:00,-22.45,"[""Yes"", ""No""]","[0.0005, 0.9995]",97690380380693986981195174141367854848641000809016792211970635737256221435549
kalshi,KXNFLMVP-27-MSTA,https://kalshi.com/markets/kxnflmvp/ap-pro-football-regular-season-mvp,https://kalshi.com/markets/kxnflmvp/ap-pro-football-regular-season-mvp/kxnflmvp-27,Will Matthew Stafford win the MVP?,Matthew Stafford,KXNFLMVP-27,MVP Winner?,KXNFLMVP,AP Pro Football Regular Season MVP,Sports,"[""Football""]",open,binary,0.01,0.02,0.02,0.015,0.985,0.015,0.01,380331.81,23607.9,348721.97,0,2026-02-08T20:30:00Z,2028-02-12T15:00:00Z,2028-02-12T15:00:00Z,,,,structured,,,,True,2026-09-14T18:10:52+00:00,,,,
kalshi,KXNFLNFCEAST-27-NYG,https://kalshi.com/markets/kxnflnfceast/national-football-conference-east-winner,https://kalshi.com/markets/kxnflnfceast/national-football-conference-east-winner/kxnflnfceast-27,Will New York G win the Pro Football NFC East Division?,New York G,KXNFLNFCEAST-27,NFC East Division Winner,KXNFLNFCEAST,National Football Conference East Winner,Sports,"[""Football""]",open,binary,0.22,0.23,0.23,0.225,0.775,0.225,0.01,314024.77,23566.73,242708.95,0,2026-02-10T15:00:00Z,2027-01-25T15:00:00Z,2027-01-25T15:00:00Z,,,,structured,,,,True,2026-09-14T18:10:52+00:00,,,,
kalshi,KXVPRESNOMR-28-MR,https://kalshi.com/markets/kxvpresnomr/republican-vp-nom,https://kalshi.com/markets/kxvpresnomr/republican-vp-nom/kxvpresnomr-28,Will Marco Rubio be the nominee for the Vice Presidency for the Republican party?,Marco Rubio,KXVPRESNOMR-28,2028 Republican VP nominee,KXVPRESNOMR,Republican VP nom,Elections,"[""2028"", ""US Elections""]",open,binary,0.27,0.29,0.27,0.28,0.72,0.28,0.02,306625.67,23532.17,199299.04,0,2024-12-04T15:00:00Z,2028-11-07T15:00:00Z,2028-11-07T15:00:00Z,,,,custom,,,,True,2026-09-14T18:10:59+00:00,,,,
kalshi,KXMLB-26-ATL,https://kalshi.com/markets/kxmlb/world-series,https://kalshi.com/markets/kxmlb/world-series/kxmlb-26,Will Atlanta win the 2026 Pro Baseball Championship?,Atlanta,KXMLB-26,Pro Baseball Champion,KXMLB,World Series,Sports,"[""Baseball""]",open,binary,0.059,0.064,0.064,0.0615,0.9385,0.0615,0.005,2910682.85,23529.58,1976131.44,0,2025-12-17T15:00:00Z,2028-10-31T04:00:00Z,2028-10-31T04:00:00Z,,,,structured,,,,True,2026-09-14T18:10:55+00:00,,,,
kalshi,KXNFLAFCCHAMP-27-DEN,https://kalshi.com/markets/kxnflafcchamp/american-football-conference-champion,https://kalshi.com/markets/kxnflafcchamp/american-football-conference-champion/kxnflafcchamp-27,Will Denver win the Pro Football AFC Championship?,Denver,KXNFLAFCCHAMP-27,AFC Championship Winner,KXNFLAFCCHAMP,American Football Conference Champion,Sports,"[""Football""]",open,binary,0.09,0.11,0.11,0.1,0.9,0.1,0.02,718407.13,23524.9,604414.07,0,2026-02-07T15:00:00Z,2027-02-22T15:00:00Z,2027-02-22T15:00:00Z,,,,structured,,,,True,2026-09-14T18:10:52+00:00,,,,
polymarket,0xf6ed88ff1b16ed7697f731c30ff75e09bd0a7bf1558c32626d25cd3dc18d32ce,https://polymarket.com/event/acle-sah-tra-2026-09-14/acle-sah-tra-2026-09-14-sah,,Will Shabab Al Ahli Dubai win on 2026-09-14?,Shabab Al Ahli Dubai,1017590,Shabab Al Ahli Dubai vs. Tractor Tabriz,acle-sah-tra-2026-09-14,Shabab Al Ahli Dubai vs. Tractor Tabriz,,[],open,binary,0.999,1,0.999,0.9995,0.0005,0.9995,0.001,23514.936284999996,23514.936285,,95668.63426,2026-09-13T16:16:15Z,2026-09-14T16:00:00Z,2026-09-14T16:00:00Z,,,,,,,,,2026-09-14T18:09:38+00:00,41.95,"[""Yes"", ""No""]","[0.9995, 0.0005]",29651476862316617466797858952959378631739662679535668504305584655589062027942
kalshi,FEDHIKE-27JUN30,https://kalshi.com/markets/fedhike/next-fed-rate-hike,https://kalshi.com/markets/fedhike/next-fed-rate-hike/fedhike,"Will the Federal Reserve hike rates by June 30, 2027?",Before July 2027,FEDHIKE,Next Fed rate hike?,FEDHIKE,Next Fed rate hike,Economics,"[""Interest rates""]",open,binary,0.92,0.93,0.93,0.925,0.075,0.925,0.01,452940.33,23514.29,152340.62,0,2026-01-06T03:00:00Z,2027-07-01T03:59:00Z,2027-07-01T14:00:00Z,,,,,,,,True,2026-09-14T18:10:55+00:00,,,,
polymarket,0x966db8fe4ecd031b6e83a02e681a86f7f235eab8e66c0dbbeb35e8c3518e168f,https://polymarket.com/event/pro-football-2027-champion-20260729185915366/will-the-arizona-cardinals-win-the-2027-nfl-league-championship,,Will the Arizona Cardinals win the 2027 NFL league championship?,Arizona Cardinals,202857,Pro Football: 2027 Champion,pro-football-2027-champion-20260729185915366,Pro Football: 2027 Champion,,[],open,binary,0.004,0.005,0.005,0.0045,0.9955,0.0045,0.001,1365349.8699010003,23469.891499999998,,398629.13485,2026-02-09T00:41:51.439Z,2027-03-31T23:55:00Z,2027-03-31T23:55:00Z,,,,,,,,,2026-09-14T18:09:38+00:00,,"[""Yes"", ""No""]","[0.0045, 0.9955]",6807083143822791639785484162000434089482535992404945766593723006919421743513
kalshi,KXHIGHLAX-26SEP14-B79.5,https://kalshi.com/markets/kxhighlax/highest-temperature-in-los-angeles,https://kalshi.com/markets/kxhighlax/highest-temperature-in-los-angeles/kxhighlax-26sep14,"Will the maximum temperature be 79-80° on Sep 14, 2026?",79° to 80°,KXHIGHLAX-26SEP14,"Highest temperature in Los Angeles on Sep 14, 2026?",KXHIGHLAX,Highest temperature in Los Angeles,Climate and Weather,"[""Daily temperature""]",open,binary,0.56,0.59,0.57,0.575,0.425,0.575,0.03,24765.45,23444.27,18519.87,0,2026-09-13T14:00:00Z,2026-09-15T08:00:00Z,2026-09-21T14:00:00Z,,,,between,79,80,CLILAX,True,2026-09-14T18:09:41+00:00,,,,
kalshi,KXNFLMVP-27-KMUR,https://kalshi.com/markets/kxnflmvp/ap-pro-football-regular-season-mvp,https://kalshi.com/markets/kxnflmvp/ap-pro-football-regular-season-mvp/kxnflmvp-27,Will Kyler Murray win the MVP?,Kyler Murray,KXNFLMVP-27,MVP Winner?,KXNFLMVP,AP Pro Football Regular Season MVP,Sports,"[""Football""]",open,binary,0,0.01,0.01,0.005,0.995,0.005,0.01,725881.84,23433.56,618061.92,0,2026-02-08T20:30:00Z,2028-02-12T15:00:00Z,2028-02-12T15:00:00Z,,,,structured,,,,True,2026-09-14T18:10:52+00:00,,,,
kalshi,KXPRESNOMD-28-BOBA,https://kalshi.com/markets/kxpresnomd/democratic-primary-winner,https://kalshi.com/markets/kxpresnomd/democratic-primary-winner/kxpresnomd-28,Will Barack Obama be the Democratic Presidential nominee in 2028?,Barack Obama,KXPRESNOMD-28,2028 Democratic presidential nominee,KXPRESNOMD,Democratic Primary winner,Elections,"[""2028"", ""US Elections""]",open,binary,0.001,0.003,0.003,0.002,0.998,0.002,0.002,5645893.5,23431.71,4307902.77,0,2025-03-20T20:30:51Z,2028-11-07T15:00:00Z,2028-11-07T15:00:00Z,,,,custom,,,,True,2026-09-14T18:10:59+00:00,,,,
kalshi,KXPRESNOMD-28-JF,https://kalshi.com/markets/kxpresnomd/democratic-primary-winner,https://kalshi.com/markets/kxpresnomd/democratic-primary-winner/kxpresnomd-28,Will John Fetterman be the Democratic Presidential nominee in 2028?,John Fetterman,KXPRESNOMD-28,2028 Democratic presidential nominee,KXPRESNOMD,Democratic Primary winner,Elections,"[""2028"", ""US Elections""]",open,binary,0.001,0.002,0.002,0.0015,0.9985,0.0015,0.001,4440911.59,23404.89,3190297.13,0,2024-11-06T15:00:00Z,2028-11-07T15:00:00Z,2028-11-07T15:00:00Z,,,,custom,,,,True,2026-09-14T18:10:59+00:00,,,,
kalshi,KXBTC2026200-27JAN01-200000,https://kalshi.com/markets/kxbtc2026200/will-bitcoin-hit-200k-in-2026,https://kalshi.com/markets/kxbtc2026200/will-bitcoin-hit-200k-in-2026/kxbtc2026200-27jan01,"Will Bitcoin be above $200000 by Jan 1, 2027 at 11:59PM ET?",Above $200000,KXBTC2026200-27JAN01,Will Bitcoin be above $200k by 2027?,KXBTC2026200,Will Bitcoin hit 200k in 2026? ,Crypto,"[""BTC""]",open,binary,0.02,0.03,0.03,0.025,0.975,0.025,0.01,8739679.27,23378.36,3490833.64,0,2025-10-10T14:00:00Z,2027-01-01T05:00:00Z,2027-01-31T05:00:00Z,,,,greater,200000,,,True,2026-09-14T18:10:57+00:00,,,,
polymarket,0x14d327328063504ab74b2ab11fe68ad305525fafc70effcd5ba5c5c688971988,https://polymarket.com/event/which-movie-has-biggest-opening-weekend-in-2026/will-avengers-doomsday-have-the-best-domestic-opening-weekend-in-2026,,Will Avengers: Doomsday have the best domestic opening weekend in 2026?,Avengers: Doomsday,79836,Which movie has biggest opening weekend in 2026?,which-movie-has-biggest-opening-weekend-in-2026,Which movie has biggest opening weekend in 2026?,,[],open,binary,0.53,0.54,0.53,0.535,0.465,0.535,0.01,368591.75656999985,23339.83085899999,,16331.4246,2025-11-12T22:23:27.226899Z,2027-01-01T04:59:00Z,2027-01-01T04:59:00Z,,,,,,,,,2026-09-14T18:09:38+00:00,-1,"[""Yes"", ""No""]","[0.535, 0.465]",37573228338665283688604106386288247955339098122616134537282110500293411203970
kalshi,KXBTCY-27JAN0100-B47500,https://kalshi.com/markets/kxbtcy/btc-price-range-eoy,https://kalshi.com/markets/kxbtcy/btc-price-range-eoy/kxbtcy-27jan0100,"BTC price  on Jan 1, 2027?","45,000 to 49,999.99",KXBTCY-27JAN0100,Bitcoin price at the end of 2026,KXBTCY,BTC price range EOY,Crypto,"[""BTC""]",open,binary,0.017,0.019,0.02,0.018,0.982,0.018,0.002,2346669.46,23338.56,380651.62,0,2026-02-25T23:25:29Z,2027-01-01T05:00:00Z,2027-01-08T05:00:00Z,,,,between,45000,49999.99,,True,2026-09-14T18:10:51+00:00,,,,
kalshi,KXNCAAFGAME-26SEP19LSUMISS-MISS,https://kalshi.com/markets/kxncaafgame/college-football-game,https://kalshi.com/markets/kxncaafgame/college-football-game/kxncaafgame-26sep19lsumiss,Will Ole Miss win the LSU vs Ole Miss college football game?,Ole Miss,KXNCAAFGAME-26SEP19LSUMISS,LSU vs Ole Miss,KXNCAAFGAME,College Football Game,Sports,"[""Football""]",open,binary,0.41,0.42,0.42,0.415,0.585,0.415,0.01,112447.05,23338.31,81096.95,0,2026-05-20T19:10:00Z,2026-09-21T23:30:00Z,2026-09-21T23:30:00Z,,,,structured,,,,True,2026-09-14T18:10:38+00:00,,,,
kalshi,KXCS2GAME-26SEP141100YOUWW-YOU,https://kalshi.com/markets/kxcs2game/counter-strike-2-game,https://kalshi.com/markets/kxcs2game/counter-strike-2-game/kxcs2game-26sep141100youww,Young27 wins,Young27,KXCS2GAME-26SEP141100YOUWW,Young27 vs. WW Team,KXCS2GAME,Counter-Strike 2 Game,Sports,"[""Esports""]",open,binary,0.99,1,0.99,0.995,0.005,0.995,0.01,23265.29,23265.29,11673.68,0,2026-09-12T10:10:00Z,2026-09-16T15:00:00Z,2026-09-16T15:00:00Z,,,,structured,,,,True,2026-09-14T18:09:43+00:00,,,,
polymarket,0x87091dc5932f015d80c40e71e47cb043c3f8b6098484eb5bc3943cf35ee9afc1,https://polymarket.com/event/ballon-dor-winner-2026/will-kylian-mbapp-win-the-2026-ballon-dor,,Will Kylian Mbappé win the 2026 Ballon d'Or?,Kylian Mbappé,48361,Ballon d'Or Winner 2026,ballon-dor-winner-2026,Ballon d'Or Winner 2026,,[],open,binary,0.109,0.11,0.109,0.1095,0.8905,0.1095,0.001,2257821.2814339995,23241.248880000003,,103709.1678,2025-09-22T23:39:02.264031Z,2026-10-31T00:00:00Z,2026-10-31T00:00:00Z,,,,,,,,,2026-09-14T18:09:38+00:00,0.4,"[""Yes"", ""No""]","[0.1095, 0.8905]",95640549996905293510297955529586737178285694064878854803914367446504739764113
polymarket,0x47662e63e43837a0cf0928f4dc8a4a220976e8aae094b7b3cb1711edcd5e7d67,https://polymarket.com/event/what-price-will-ethereum-hit-in-september-2026/will-ethereum-dip-to-2400-in-september-2026-from-september-3,,"Will Ethereum dip to $2,400 in September?","↓ 2,400",946005,What price will Ethereum hit in September?,what-price-will-ethereum-hit-in-september-2026,What price will Ethereum hit in September?,,[],open,binary,0.61,0.62,0.65,0.615,0.385,0.615,0.01,76469.481774,23210.262308999994,,53486.0419,2026-09-03T16:18:21Z,2026-10-01T04:00:00Z,2026-10-01T04:00:00Z,,,,,,,,,2026-09-14T18:09:38+00:00,-7,"[""Yes"", ""No""]","[0.615, 0.385]",111383026248027027863160001466600022545476592557972579271764612523820389297276
polymarket,0xa13a98a052d900310d229591c593a8b2314c2834b5416ff0a8f9e2e7e55864d0,https://polymarket.com/event/epl-bri-ars-2026-09-19/epl-bri-ars-2026-09-19-ars,,Will Arsenal FC win on 2026-09-19?,Arsenal FC,973635,Brighton & Hove Albion FC vs. Arsenal FC,epl-bri-ars-2026-09-19,Brighton & Hove Albion FC vs. Arsenal FC,,[],open,binary,0.56,0.57,0.56,0.565,0.435,0.565,0.01,27995.966527999997,23154.986952,,53746.8341,2026-09-06T04:00:16Z,2026-09-19T14:00:00Z,2026-09-19T14:00:00Z,,,,,,,,,2026-09-14T18:09:38+00:00,,"[""Yes"", ""No""]","[0.565, 0.435]",862092363296561925822904801510244553335970506302984573517763666275865804119
kalshi,KXNFLMATCHUP-27SB-DENDAL,https://kalshi.com/markets/kxnflmatchup/pro-football-matchups,https://kalshi.com/markets/kxnflmatchup/pro-football-matchups/kxnflmatchup-27sb,2026-27 Championship Game Matchup: Denver vs Dallas,Denver vs Dallas,KXNFLMATCHUP-27SB,Pro Football Championship Game Matchup,KXNFLMATCHUP,Pro Football Matchups,Sports,"[""Football""]",open,binary,0,0.01,0.01,0.005,0.995,0.005,0.01,114268.64,23079.68,114015.5,0,2026-07-21T19:00:00Z,2027-02-21T23:30:00Z,2027-02-21T23:30:00Z,,,,custom,,,,True,2026-09-14T18:10:28+00:00,,,,
polymarket,0x9e12e90b8101c250b623eb0dc2360242d56cb3ce43ee271afe3526fe202f0fc6,https://polymarket.com/event/epl-lee-new-2026-09-14-more-markets/epl-lee-new-2026-09-14-spread-away-1pt5,,Spread: Newcastle United FC (-1.5),Newcastle United FC (-1.5),945983,Leeds United FC vs. Newcastle United FC - More Markets,epl-lee-new-2026-09-14-more-markets,Leeds United FC vs. Newcastle United FC - More Markets,,[],open,binary,0.13,0.14,0.14,0.135,0.865,0.135,0.01,23241.635883999996,23052.903675000005,,107119.5192,2026-09-01T05:00:35Z,2026-09-14T19:00:00Z,2026-09-14T19:00:00Z,,,,,,,,,2026-09-14T18:09:38+00:00,0.5,"[""Newcastle United FC"", ""Leeds United FC""]","[0.135, 0.865]",27622048532638829646673665410252948636447304025857951606636295588496398507707
kalshi,SENATEMI-26-R,https://kalshi.com/markets/senatemi/michigan-senate-race,https://kalshi.com/markets/senatemi/michigan-senate-race/senatemi-26,Will Republicans win the Senate race in Michigan?,Mike Rogers,SENATEMI-26,Michigan Senate winner?,SENATEMI,Michigan Senate race,Elections,"[""Senate""]",open,binary,0.39,0.4,0.4,0.395,0.605,0.395,0.01,2139039.78,23021.23,1521171.31,0,2024-12-03T15:00:00Z,2027-11-03T15:00:00Z,2027-11-03T15:00:00Z,,,,structured,,,,True,2026-09-14T18:10:59+00:00,,,,
polymarket,0xd0536d9612e041312235baceac52bde48821e8aad4607533513b3782904b7d49,https://polymarket.com/event/brazil-presidential-election/will-geraldo-alckmin-win-the-2026-brazilian-presidential-election,,Will Geraldo Alckmin win the 2026 Brazilian presidential election?,Geraldo Alckmin,45915,Brazil Presidential Election,brazil-presidential-election,Brazil Presidential Election,,[],open,binary,,0.001,0.001,0.0005,0.9995,0.0005,0.001,6293043.984682001,23002.5,,201906.06654,2025-09-18T20:08:10.216Z,2026-10-04T00:00:00Z,2026-10-04T00:00:00Z,,,,,,,,,2026-09-14T18:09:38+00:00,,"[""Yes"", ""No""]","[0.0005, 0.9995]",70059117674007036240163073645113489994895807359788046023215512784288966325609
polymarket,0x3d627ba47198c404069e7651cd6a759e0d32bf4c11e468bd5ea9ffc0b5aa52b0,https://polymarket.com/event/what-price-will-bitcoin-hit-september-14-20-2026/will-bitcoin-reach-84k-september-14-20-2026,,"Will Bitcoin reach $84,000 September 14-20?","↑ 84,000",1020834,What price will Bitcoin hit September 14-20?,what-price-will-bitcoin-hit-september-14-20-2026,What price will Bitcoin hit September 14-20?,,[],open,binary,0.18,0.19,0.17,0.185,0.815,0.185,0.01,22916.767073000003,22916.767073000003,,46778.8469,2026-09-14T04:00:19Z,2026-09-21T04:00:00Z,2026-09-21T04:00:00Z,,,,,,,,,2026-09-14T18:09:38+00:00,,"[""Yes"", ""No""]","[0.185, 0.815]",22338997176643495328190285330305947940696899123226857942144765422324427858254
polymarket,0x839626b8f79163061498a8c714a77ef2d0e03d81831d591e80aaeec0cba6e0bf,https://polymarket.com/event/acle-shm-itj-2026-09-14-more-markets/acle-shm-itj-2026-09-14-total-2pt5,,Al-Shamal vs. Al-Ittihad Club: O/U 2.5,O/U 2.5,1010721,Al-Shamal vs. Al-Ittihad Club - More Markets,acle-shm-itj-2026-09-14-more-markets,Al-Shamal vs. Al-Ittihad Club - More Markets,,[],open,binary,,0.001,0.15,0.0005,0.9995,0.0005,0.001,22868.977892999992,22868.977892999996,,61359.11216,2026-09-12T13:46:19Z,2026-09-14T16:00:00Z,2026-09-14T16:00:00Z,,,,,,,,,2026-09-14T18:09:38+00:00,-58.95,"[""Over"", ""Under""]","[0.0005, 0.9995]",81196605741129062933205177790927265359800116938931781770286033966199829576556
polymarket,0x377e7fe65cf198a7fc4fdae3f2136b74729279267858daaf96718b23bc2a5607,https://polymarket.com/event/iran-leadership-change-by/iran-leadership-change-by-december-31-974-976-658-482-568-685-996-469-827,,Iran leadership change by December 31?,December 31,255195,Iran leadership change by...?,iran-leadership-change-by,Iran leadership change by...?,,[],open,binary,0.15,0.16,0.15,0.155,0.845,0.155,0.01,4491762.287133999,22825.551163,,131440.5737,2026-03-09T02:58:15.361Z,2027-01-01T04:59:00Z,2027-01-01T04:59:00Z,,,,,,,,,2026-09-14T18:09:38+00:00,1,"[""Yes"", ""No""]","[0.155, 0.845]",18652479948917565296149340091675894865339012333173025944893512396354173886674
kalshi,KXNOBELPEACE-26-DJT,https://kalshi.com/markets/kxnobelpeace/nobel-peace-prize,https://kalshi.com/markets/kxnobelpeace/nobel-peace-prize/kxnobelpeace-26,Who will win the Nobel Peace Prize?,Donald Trump,KXNOBELPEACE-26,2026 Nobel Peace Prize winner,KXNOBELPEACE,Nobel Peace Prize,Politics,"[""International"", ""Achievements""]",open,binary,0.03,0.04,0.03,0.035,0.965,0.035,0.01,758823.83,22805.64,348297.89,0,2025-10-13T14:00:00Z,2026-12-31T23:59:00Z,2026-12-31T23:59:00Z,,,,,,,,True,2026-09-14T18:10:57+00:00,,,,
polymarket,0x1cadccc29386c1913644c6197f92a7147d1db345ccfa3cab1429da293c9e7524,https://polymarket.com/event/what-price-will-wti-hit-in-september-2026/will-wti-reach-110-in-september-2026,,Will WTI Crude Oil (WTI) hit (HIGH) $110 in September?,↑ $110,907966,What will WTI Crude Oil (WTI) hit in September 2026?,what-price-will-wti-hit-in-september-2026,What will WTI Crude Oil (WTI) hit in September 2026?,,[],open,binary,0.37,0.39,0.39,0.38,0.62,0.38,0.02,423151.9714500001,22796.965800000005,,45107.522,2026-08-25T04:02:10Z,2026-10-01T03:59:59.999Z,2026-10-01T03:59:59.999Z,,,,,,,,,2026-09-14T18:09:38+00:00,1.5,"[""Yes"", ""No""]","[0.38, 0.62]",1469665914957747794159473535172018678649224031448821828800084553716875180650
polymarket,0xa467b14d51f01b957109d9cbb1d6c124fab2a089d52ed8f471d23c2812e743b7,https://polymarket.com/event/xi-jinping-out-before-2027/xi-jinping-out-before-2027,,Xi Jinping out before 2027?,,30828,Xi Jinping out before 2027?,xi-jinping-out-before-2027,Xi Jinping out before 2027?,,[],open,binary,0.035,0.036,0.036,0.0355,0.9645,0.0355,0.001,13228647.423086006,22787.204480999997,,222554.90817,2025-07-03T20:37:00.228Z,2027-01-01T04:59:00Z,2027-01-01T04:59:00Z,,,,,,,,,2026-09-14T18:09:38+00:00,-0.2,"[""Yes"", ""No""]","[0.0355, 0.9645]",32338220190071351435772801779725302244575775216413325951443816017994629993401
polymarket,0xebc1d7f0ded4ac28eb5dc2f624c1b6ba83d9f53620a975d84507e5c76088a45a,https://polymarket.com/event/cs2-nemi1-blackp-2026-09-14/cs2-nemi1-blackp-2026-09-14-map-handicap-away-1pt5,,Map Handicap: NEMI (-1.5) vs Black Phoenix (+1.5),Map Handicap: NEMI (-1.5) vs Black Phoenix (+1.5),1009740,Counter-Strike: Nemiga vs Black Phoenix (BO3) - CIS LAN Championship Group C,cs2-nemi1-blackp-2026-09-14,Counter-Strike: Nemiga vs Black Phoenix (BO3) - CIS LAN Championship Group C,,[],open,binary,,0.001,0.03,0.0005,0.9995,0.0005,0.001,22673.206498999993,22673.206499000004,,85334.54335,2026-09-14T05:35:08Z,2026-09-14T21:25:00Z,2026-09-14T21:25:00Z,,,,,,,,,2026-09-14T18:09:38+00:00,,"[""Nemiga"", ""Black Phoenix""]","[0.0005, 0.9995]",90697591348629054937565476085211658809660248425585561076699712456376611626768
kalshi,KXEPLGAME-26SEP18BRECFC-CFC,https://kalshi.com/markets/kxeplgame/english-premier-league-game,https://kalshi.com/markets/kxeplgame/english-premier-league-game/kxeplgame-26sep18brecfc,Chelsea wins,Chelsea,KXEPLGAME-26SEP18BRECFC,Brentford vs Chelsea,KXEPLGAME,English Premier League Game,Sports,"[""Soccer""]",open,binary,0.42,0.44,0.44,0.43,0.57,0.43,0.02,64654.75,22658.04,54614.86,0,2026-09-04T00:36:00Z,2026-09-21T01:00:00Z,2026-09-21T01:00:00Z,,,,structured,,,,True,2026-09-14T18:10:02+00:00,,,,
polymarket,0x2450ec499544c566d0de8bbd7739fb68b598c6ad380f0c1ddf3b731d42ec6b19,https://polymarket.com/event/anthropic-ipo-by/will-anthropic-ipo-by-september-30-2026-733,,"Will Anthropic IPO by September 30, 2026?","September 30, 2026",549019,Anthropic IPO by __?,anthropic-ipo-by,Anthropic IPO by __?,,[],open,binary,0.005,0.007,0.006,0.006,0.994,0.006,0.002,912912.061214,22656.228283,,29178.78846,2026-06-01T21:08:15.782Z,2027-07-01T00:00:00Z,2027-07-01T00:00:00Z,,,,,,,,,2026-09-14T18:09:38+00:00,-0.15,"[""Yes"", ""No""]","[0.006, 0.994]",100810566713159522284942057467208361746688416322049201839803236482344990086418
kalshi,KXMLB-26-PHI,https://kalshi.com/markets/kxmlb/world-series,https://kalshi.com/markets/kxmlb/world-series/kxmlb-26,Will Philadelphia win the 2026 Pro Baseball Championship?,Philadelphia,KXMLB-26,Pro Baseball Champion,KXMLB,World Series,Sports,"[""Baseball""]",open,binary,0.056,0.058,0.055,0.057,0.943,0.057,0.002,2967837.94,22638.53,2052310.82,0,2025-12-17T15:00:00Z,2028-10-31T04:00:00Z,2028-10-31T04:00:00Z,,,,structured,,,,True,2026-09-14T18:10:55+00:00,,,,
kalshi,KXPGATOUR-BICA26-CCON,https://kalshi.com/markets/kxpgatour/pga-tour,https://kalshi.com/markets/kxpgatour/pga-tour/kxpgatour-bica26,Will Corey Conners win the Biltmore Championship Asheville?,Corey Conners,KXPGATOUR-BICA26,Biltmore Championship Asheville Winner,KXPGATOUR,PGA Tour,Sports,"[""Golf""]",open,binary,0.036,0.037,0.033,0.0365,0.9635,0.0365,0.001,22631.25,22631.25,12339.79,0,2026-09-13T23:05:00Z,2026-10-04T00:00:00Z,2026-10-04T00:00:00Z,,,,structured,,,,True,2026-09-14T18:09:40+00:00,,,,
kalshi,KXHEISMAN-27-LSELL,https://kalshi.com/markets/kxheisman/heisman-trophy-winner,https://kalshi.com/markets/kxheisman/heisman-trophy-winner/kxheisman-27,Who will win Heisman Trophy?,LaNorris Sellers,KXHEISMAN-27,Heisman Trophy Winner,KXHEISMAN,Heisman Trophy Winner,Sports,"[""Football""]",open,binary,0,0.02,0.02,0.01,0.99,0.01,0.02,636787.86,22607.02,593003.9,0,2026-01-05T18:30:00Z,2027-01-01T15:00:00Z,2027-01-15T15:00:00Z,,,,custom,,,,True,2026-09-14T18:10:55+00:00,,,,
polymarket,0xbddbe4a7d7561a5079a240edd142e3d716f3506440a450e03c2f1d80616611fe,https://polymarket.com/event/sea-int-udi-2026-09-14-more-markets/sea-int-udi-2026-09-14-btts,,FC Internazionale Milano vs. Udinese Calcio: Both Teams to Score,Both Teams to Score,945982,FC Internazionale Milano vs. Udinese Calcio - More Markets,sea-int-udi-2026-09-14-more-markets,FC Internazionale Milano vs. Udinese Calcio - More Markets,,[],open,binary,0.5,0.51,0.51,0.505,0.495,0.505,0.01,22657.279592,22535.703209,,164384.6935,2026-09-01T05:00:29Z,2026-09-14T18:45:00Z,2026-09-14T18:45:00Z,,,,,,,,,2026-09-14T18:09:38+00:00,4,"[""Yes"", ""No""]","[0.505, 0.495]",30306845490256455763059517015576114140849702568749034669474152113223256539635
kalshi,KXHEISMAN-27-BBAC,https://kalshi.com/markets/kxheisman/heisman-trophy-winner,https://kalshi.com/markets/kxheisman/heisman-trophy-winner/kxheisman-27,Who will win Heisman Trophy?,Bear Bachmeier,KXHEISMAN-27,Heisman Trophy Winner,KXHEISMAN,Heisman Trophy Winner,Sports,"[""Football""]",open,binary,0,0.01,0.01,0.005,0.995,0.005,0.01,192692.52,22467.59,169376.93,0,2026-08-31T23:00:00Z,2027-01-01T15:00:00Z,2027-01-15T15:00:00Z,,,,custom,,,,True,2026-09-14T18:10:08+00:00,,,,
kalshi,KXSWEDENPM-26SEP13-UKRI,https://kalshi.com/markets/kxswedenpm/next-swedish-prime-minister,https://kalshi.com/markets/kxswedenpm/next-swedish-prime-minister/kxswedenpm-26sep13,Will Ulf Kristersson become Prime Minister of Sweden following the 2026 Swedish general election?,Ulf Kristersson,KXSWEDENPM-26SEP13,Prime Minister of Sweden after the general election?,KXSWEDENPM,Next Swedish Prime Minister,Elections,"[""International elections""]",open,binary,0.11,0.12,0.12,0.115,0.885,0.115,0.01,49276.31,22449.81,25860.62,0,2026-07-08T00:00:00Z,2028-01-01T15:00:00Z,2028-01-01T15:00:00Z,,,,custom,,,,True,2026-09-14T18:10:31+00:00,,,,
kalshi,KXNCAAFGAME-26SEP19UGAARK-ARK,https://kalshi.com/markets/kxncaafgame/college-football-game,https://kalshi.com/markets/kxncaafgame/college-football-game/kxncaafgame-26sep19ugaark,Arkansas wins,Arkansas,KXNCAAFGAME-26SEP19UGAARK,Georgia vs Arkansas,KXNCAAFGAME,College Football Game,Sports,"[""Football""]",open,binary,0.04,0.05,0.05,0.045,0.955,0.045,0.01,28265.66,22432.99,24277.65,0,2026-09-05T16:08:00Z,2026-09-21T16:00:00Z,2026-09-21T16:00:00Z,,,,structured,,,,True,2026-09-14T18:10:01+00:00,,,,
kalshi,KXNFLTD-26SEP14DENKC-DENMMIMS19-1,https://kalshi.com/markets/kxnfltd/pro-football-touchdowns,https://kalshi.com/markets/kxnfltd/pro-football-touchdowns/kxnfltd-26sep14denkc,Marvin Mims Jr.: 1+ touchdowns,Marvin Mims Jr.: 1+,KXNFLTD-26SEP14DENKC,Denver vs Kansas City: Touchdowns,KXNFLTD,Pro Football Touchdowns,Sports,"[""Football""]",open,binary,0.1,0.11,0.11,0.105,0.895,0.105,0.01,22852.22,22357.73,22382.69,0,2026-09-10T23:28:00Z,2026-09-17T00:15:00Z,2026-09-17T00:15:00Z,,,,greater,0.5,,,True,2026-09-14T18:09:48+00:00,,,,
polymarket,0x951088c48f392379dc9b8a3becaad7a939b5fd3124ec98dd167d859350f049fc,https://polymarket.com/event/iran-full-airspace-closure-byptptpt-20260625195253028/iran-full-airspace-closure-by-september-30-20260727170320670,,Iran full airspace closure by September 30?,September 30,634802,Iran full airspace closure by...?,iran-full-airspace-closure-byptptpt-20260625195253028,Iran full airspace closure by...?,,[],open,binary,0.06,0.07,0.07,0.065,0.935,0.065,0.01,753304.03956,22324.677145,,30013.2766,2026-07-27T17:38:14.622867Z,2026-10-01T03:59:00Z,2026-10-01T03:59:00Z,,,,,,,,,2026-09-14T18:09:38+00:00,1,"[""Yes"", ""No""]","[0.065, 0.935]",93933627431532002514968810193191024181932079727276543084062068006935365748672
kalshi,KXNCAAFGAME-26SEP19UTSATEX-UTSA,https://kalshi.com/markets/kxncaafgame/college-football-game,https://kalshi.com/markets/kxncaafgame/college-football-game/kxncaafgame-26sep19utsatex,UTSA wins,UTSA,KXNCAAFGAME-26SEP19UTSATEX,UTSA vs Texas,KXNCAAFGAME,College Football Game,Sports,"[""Football""]",open,binary,0.02,0.03,0.03,0.025,0.975,0.025,0.01,43059.77,22285.71,41044.17,0,2026-09-06T01:07:00Z,2026-09-22T00:00:00Z,2026-09-22T00:00:00Z,,,,structured,,,,True,2026-09-14T18:10:00+00:00,,,,
polymarket,0x68e3c4e0dd8f82d010060032006fd157401b0bd8e04bd2953ae293e31eb99bf6,https://polymarket.com/event/presidential-election-winner-2028/will-elon-musk-win-the-2028-us-presidential-election,,Will Elon Musk win the 2028 US Presidential Election?,Elon Musk,31552,Presidential Election Winner 2028,presidential-election-winner-2028,Presidential Election Winner 2028,,[],open,binary,0.001,0.002,0.001,0.0015,0.9985,0.0015,0.001,27116649.236821014,22265.35,,1599931.54912,2025-07-11T19:06:10.494Z,2028-11-07T00:00:00Z,2028-11-07T00:00:00Z,,,,,,,,,2026-09-14T18:09:38+00:00,,"[""Yes"", ""No""]","[0.0015, 0.9985]",26641906520532802078452346454133721131611596169940893262820937050881742190686
kalshi,KXDPWORLDTOUR-BMPC26-RMCI,https://kalshi.com/markets/kxdpworldtour/dp-world-tour-tournament-winner,https://kalshi.com/markets/kxdpworldtour/dp-world-tour-tournament-winner/kxdpworldtour-bmpc26,Will Rory McIlroy win the BMW PGA Championship?,Rory McIlroy,KXDPWORLDTOUR-BMPC26,BMW PGA Championship Winner,KXDPWORLDTOUR,DP World Tour Tournament Winner,Sports,"[""Golf""]",open,binary,0.069,0.09,0.092,0.0795,0.9205,0.0795,0.021,22796.11,22248.83,21414.55,0,2026-09-12T12:00:00Z,2026-10-04T00:00:00Z,2026-10-04T00:00:00Z,,,,structured,,,,True,2026-09-14T18:09:43+00:00,,,,
kalshi,KXNCAAFGAME-26SEP19MSSTSCAR-MSST,https://kalshi.com/markets/kxncaafgame/college-football-game,https://kalshi.com/markets/kxncaafgame/college-football-game/kxncaafgame-26sep19msstscar,Mississippi St. wins,Mississippi St.,KXNCAAFGAME-26SEP19MSSTSCAR,Mississippi St. vs South Carolina,KXNCAAFGAME,College Football Game,Sports,"[""Football""]",open,binary,0.39,0.4,0.4,0.395,0.605,0.395,0.01,52282.99,22222.37,43481.54,0,2026-09-05T22:07:00Z,2026-09-21T20:15:00Z,2026-09-21T20:15:00Z,,,,structured,,,,True,2026-09-14T18:10:00+00:00,,,,
kalshi,KXLOLGAME-26SEP141200VDNAP-AP,https://kalshi.com/markets/kxlolgame/league-of-legends-game,https://kalshi.com/markets/kxlolgame/league-of-legends-game/kxlolgame-26sep141200vdnap,Arctic Pandas wins,Arctic Pandas,KXLOLGAME-26SEP141200VDNAP,Verdant vs. Arctic Pandas,KXLOLGAME,League of Legends Game,Sports,"[""Esports""]",open,binary,0,0.01,0.01,0.005,0.995,0.005,0.01,23190.52,22196.42,12590.9,0,2026-09-11T00:05:00Z,2026-09-16T16:00:00Z,2026-09-16T16:00:00Z,,,,structured,,,,True,2026-09-14T18:09:47+00:00,,,,
kalshi,KXNFLSPREAD-26SEP14DENKC-KC18,https://kalshi.com/markets/kxnflspread/pro-football-spread,https://kalshi.com/markets/kxnflspread/pro-football-spread/kxnflspread-26sep14denkc,Kansas City wins by over 17.5 points?,Kansas City wins by over 17.5 points,KXNFLSPREAD-26SEP14DENKC,Denver vs Kansas City: Spread,KXNFLSPREAD,Pro Football Spread,Sports,"[""Football""]",open,binary,0.08,0.09,0.09,0.085,0.915,0.085,0.01,22355.94,22186.94,20020.98,0,2026-08-03T23:13:00Z,2026-09-17T00:15:00Z,2026-09-17T00:15:00Z,,,,greater,17.5,,,True,2026-09-14T18:10:23+00:00,,,,
kalshi,KXBTCY-27JAN0100-B62500,https://kalshi.com/markets/kxbtcy/btc-price-range-eoy,https://kalshi.com/markets/kxbtcy/btc-price-range-eoy/kxbtcy-27jan0100,"BTC price  on Jan 1, 2027?","60,000 to 64,999.99",KXBTCY-27JAN0100,Bitcoin price at the end of 2026,KXBTCY,BTC price range EOY,Crypto,"[""BTC""]",open,binary,0.057,0.059,0.056,0.058,0.942,0.058,0.002,2280338.44,22172.65,321223.62,0,2026-02-25T23:25:29Z,2027-01-01T05:00:00Z,2027-01-08T05:00:00Z,,,,between,60000,64999.99,,True,2026-09-14T18:10:51+00:00,,,,
kalshi,KXNCAAFGAME-26SEP19SMULOU-SMU,https://kalshi.com/markets/kxncaafgame/college-football-game,https://kalshi.com/markets/kxncaafgame/college-football-game/kxncaafgame-26sep19smulou,SMU wins,SMU,KXNCAAFGAME-26SEP19SMULOU,SMU vs Louisville,KXNCAAFGAME,College Football Game,Sports,"[""Football""]",open,binary,0.47,0.49,0.49,0.48,0.52,0.48,0.02,26835.99,22131.24,24795.74,0,2026-09-05T22:07:00Z,2026-09-21T19:30:00Z,2026-09-21T19:30:00Z,,,,structured,,,,True,2026-09-14T18:10:01+00:00,,,,
polymarket,0x4bcb9ee94aee5f0578ccf4fb1575607183bc8274eb4c853002e0a0cb8a2236d6,https://polymarket.com/event/what-price-will-bitcoin-hit-in-september-2026/will-bitcoin-dip-to-70k-in-september-2026,,"Will Bitcoin dip to $70,000 in September?","↓ 70,000",946004,What price will Bitcoin hit in September?,what-price-will-bitcoin-hit-in-september-2026,What price will Bitcoin hit in September?,,[],open,binary,0.15,0.16,0.16,0.155,0.845,0.155,0.01,263477.5243199999,22100.88587,,63192.8953,2026-09-01T05:07:17Z,2026-10-01T04:00:00Z,2026-10-01T04:00:00Z,,,,,,,,,2026-09-14T18:09:38+00:00,-8,"[""Yes"", ""No""]","[0.155, 0.845]",114875749498679261537403226281565687128549975073353925622245776771686358996689
polymarket,0xc80a2461e91c83416bf506692d4fc0510453af2d4cff1ed45fca362ca00052a9,https://polymarket.com/event/elon-musk-of-tweets-september-11-september-18-2026/elon-musk-of-tweets-september-11-september-18-2026-80-99,,"Will Elon Musk post 80-99 tweets from September 11 to September 18, 2026?",80-99,986503,"Elon Musk # tweets September 11 - September 18, 2026?",elon-musk-of-tweets-september-11-september-18-2026,"Elon Musk # tweets September 11 - September 18, 2026?",,[],open,binary,,0.001,0.001,0.0005,0.9995,0.0005,0.001,61531.008095,22094.42,,41916.98257,2026-09-08T04:00:42Z,2026-09-18T16:00:00Z,2026-09-18T16:00:00Z,,,,,,,,,2026-09-14T18:09:38+00:00,-0.1,"[""Yes"", ""No""]","[0.0005, 0.9995]",28023010820038153957462825932220109221209845490212074923416228363377953709675
kalshi,KXNFLREC-26SEP14DENKC-KCKWALKER9-3,https://kalshi.com/markets/kxnflrec/pro-football-player-receptions,https://kalshi.com/markets/kxnflrec/pro-football-player-receptions/kxnflrec-26sep14denkc,Kenneth Walker III: 3+ receptions,Kenneth Walker III: 3+,KXNFLREC-26SEP14DENKC,Denver vs Kansas City: Receptions,KXNFLREC,Pro Football Player Receptions,Sports,"[""Football""]",open,binary,0.66,0.67,0.66,0.665,0.335,0.665,0.01,48520.27,22090.05,45351.76,0,2026-09-04T21:04:00Z,2026-09-17T00:15:00Z,2026-09-17T00:15:00Z,,,,greater,2.5,,,True,2026-09-14T18:10:01+00:00,,,,
kalshi,KXNCAAFTEAMTOTAL-26SEP19WVUUVA-UVA28,https://kalshi.com/markets/kxncaafteamtotal/college-football-team-total-points,https://kalshi.com/markets/kxncaafteamtotal/college-football-team-total-points/kxncaafteamtotal-26sep19wvuuva,Virginia scores over 27.5 points,Virginia over 27.5 points scored,KXNCAAFTEAMTOTAL-26SEP19WVUUVA,West Virginia vs Virginia: Team Total,KXNCAAFTEAMTOTAL,College Football Team Total Points,Sports,"[""Football""]",open,binary,0.5,0.59,0.64,0.545,0.455,0.545,0.09,22087.31,22087.31,22040.76,0,2026-09-14T01:06:00Z,2026-09-21T23:30:00Z,2026-09-21T23:30:00Z,,,,greater,27.5,,,True,2026-09-14T18:09:39+00:00,,,,
kalshi,KXEGYPLGAME-26SEP14CERNBE-CER,https://kalshi.com/markets/kxegyplgame/egyptian-premier-league-game,https://kalshi.com/markets/kxegyplgame/egyptian-premier-league-game/kxegyplgame-26sep14cernbe,Ceramica Cleopatra wins,Ceramica Cleopatra,KXEGYPLGAME-26SEP14CERNBE,Ceramica Cleopatra vs National Bank Egypt,KXEGYPLGAME,Egyptian Premier League Game,Sports,"[""Soccer""]",open,binary,0.29,0.3,0.3,0.295,0.705,0.295,0.01,27330.32,22064.45,26651.49,0,2026-09-10T00:35:00Z,2026-09-16T17:00:00Z,2026-09-16T17:00:00Z,,,,structured,,,,True,2026-09-14T18:09:57+00:00,,,,
polymarket,0x48b5ef8391109006dfae100f06c1318ef09215d24ee66f47a0373dac830de8bf,https://polymarket.com/event/what-price-will-ethereum-hit-september-14-20-2026/will-ethereum-reach-2700-september-14-20-2026,,"Will Ethereum reach $2,700 September 14-20?","↑ 2,700",1020838,What price will Ethereum hit September 14-20?,what-price-will-ethereum-hit-september-14-20-2026,What price will Ethereum hit September 14-20?,,[],open,binary,0.3,0.31,0.31,0.305,0.695,0.305,0.01,22057.435731,22057.435731,,24980.2096,2026-09-14T04:00:28Z,2026-09-21T04:00:00Z,2026-09-21T04:00:00Z,,,,,,,,,2026-09-14T18:09:38+00:00,,"[""Yes"", ""No""]","[0.305, 0.695]",33877419077861762641987540134941111099397326122244811511362436771260568633265
polymarket,0x85620f70bb3915a2bd344f5c2022e1b83541832287e604b3a9f550341db1e64f,https://polymarket.com/event/nor-bog-san-2026-09-13-more-markets/nor-bog-san-2026-09-13-total-4pt5,,FK Bodø/Glimt vs. Sandefjord Fotball: O/U 4.5,O/U 4.5,942662,FK Bodø/Glimt vs. Sandefjord Fotball - More Markets,nor-bog-san-2026-09-13-more-markets,FK Bodø/Glimt vs. Sandefjord Fotball - More Markets,,[],open,binary,0.13,0.18,0.23,0.155,0.845,0.155,0.05,22084.87807800001,22054.983633,,7338.3186,2026-08-31T16:01:00Z,2026-09-14T17:00:00Z,2026-09-14T17:00:00Z,,,,,,,,,2026-09-14T18:09:38+00:00,-22,"[""Over"", ""Under""]","[0.155, 0.845]",34490433110387588218573521673320023568657112660869549518300903697599149087471
kalshi,KXMLBSEASONGAMES-27-0,https://kalshi.com/markets/kxmlbseasongames/pro-baseball-games-played-in-a-season,https://kalshi.com/markets/kxmlbseasongames/pro-baseball-games-played-in-a-season/kxmlbseasongames-27,Will no games be played in the 2027 Pro Baseball regular season?,No games,KXMLBSEASONGAMES-27,Pro Baseball · Games Played in the 2027 Season,KXMLBSEASONGAMES,Pro Baseball Games Played in a Season,Sports,"[""Baseball""]",open,binary,0.17,0.18,0.17,0.175,0.825,0.175,0.01,53882.98,22020.04,36545.97,0,2026-08-26T22:00:00Z,2027-11-07T14:00:00Z,2027-11-07T14:00:00Z,,,,between,0,0,,True,2026-09-14T18:10:10+00:00,,,,
polymarket,0x5e562cfd08e8881484cd236e3d4281ecf5d2db61c0ec42c9a7cc9e32e824a81e,https://polymarket.com/event/what-price-will-ethereum-hit-on-september-14-2026/will-ethereum-reach-2650-on-september-14-2026,,"Will Ethereum reach $2,650 on September 14?","↑ 2,650",1020840,What price will Ethereum hit on September 14?,what-price-will-ethereum-hit-on-september-14-2026,What price will Ethereum hit on September 14?,,[],open,binary,0.01,0.04,0.038,0.025,0.975,0.025,0.03,21993.291802,21993.291802,,9822.29739,2026-09-14T04:00:27Z,2026-09-15T04:00:00Z,2026-09-15T04:00:00Z,,,,,,,,,2026-09-14T18:09:38+00:00,,"[""Yes"", ""No""]","[0.025, 0.975]",56372516733180546579153051556805427167838511202793554559578708017494427448465
kalshi,KXBUNDESLIGAGAME-26SEP18BMUUNI-BMU,https://kalshi.com/markets/kxbundesligagame/bundesliga-game,https://kalshi.com/markets/kxbundesligagame/bundesliga-game/kxbundesligagame-26sep18bmuuni,Bayern Munich wins,Bayern Munich,KXBUNDESLIGAGAME-26SEP18BMUUNI,Bayern Munich vs Union Berlin,KXBUNDESLIGAGAME,Bundesliga Game,Sports,"[""Soccer""]",open,binary,0.91,0.92,0.92,0.915,0.085,0.915,0.01,37102.32,21925.2,26907.14,0,2026-09-04T00:35:00Z,2026-09-21T00:30:00Z,2026-09-21T00:30:00Z,,,,structured,,,,True,2026-09-14T18:10:02+00:00,,,,
kalshi,KXBTCY-27JAN0100-B22500,https://kalshi.com/markets/kxbtcy/btc-price-range-eoy,https://kalshi.com/markets/kxbtcy/btc-price-range-eoy/kxbtcy-27jan0100,"BTC price  on Jan 1, 2027?","20,000 to 24,999.99",KXBTCY-27JAN0100,Bitcoin price at the end of 2026,KXBTCY,BTC price range EOY,Crypto,"[""BTC""]",open,binary,0.006,0.007,0.009,0.0065,0.9935,0.0065,0.001,743463.05,21921.3,381106.79,0,2026-02-25T23:25:29Z,2027-01-01T05:00:00Z,2027-01-08T05:00:00Z,,,,between,20000,24999.99,,True,2026-09-14T18:10:51+00:00,,,,
kalshi,KXNFLTD-26SEP14DENKC-DENJDOBBINS27-2,https://kalshi.com/markets/kxnfltd/pro-football-touchdowns,https://kalshi.com/markets/kxnfltd/pro-football-touchdowns/kxnfltd-26sep14denkc,J.K. Dobbins: 2+ touchdowns,J.K. Dobbins: 2+,KXNFLTD-26SEP14DENKC,Denver vs Kansas City: Touchdowns,KXNFLTD,Pro Football Touchdowns,Sports,"[""Football""]",open,binary,0.05,0.06,0.06,0.055,0.945,0.055,0.01,22365.19,21855.04,22157.67,0,2026-09-04T21:04:00Z,2026-09-17T00:15:00Z,2026-09-17T00:15:00Z,,,,greater,1.5,,,True,2026-09-14T18:10:01+00:00,,,,
polymarket,0xc9615bb82d6535d630ff98e8094060bc767d8b9446516e98f84d2001a35e50e7,https://polymarket.com/event/which-party-will-gain-most-seats-in-russian-parliamentary-election/will-new-people-nl-gain-the-most-seats-in-the-next-russian-parliamentary-election,,Will New People (NL) gain the most seats in the next Russian parliamentary election?,New People (NL),149589,Which party will gain most seats in Russian Parliamentary Election?,which-party-will-gain-most-seats-in-russian-parliamentary-election,Which party will gain most seats in Russian Parliamentary Election?,,[],open,binary,0.17,0.173,0.173,0.1715,0.8285,0.1715,0.003,2966748.1793340007,21810.768827,,173609.87284,2026-01-07T21:34:54.347508Z,2026-09-30T00:00:00Z,2026-09-30T00:00:00Z,,,,,,,,,2026-09-14T18:09:38+00:00,0.95,"[""Yes"", ""No""]","[0.1715, 0.8285]",11579523374077486340625849389871632811698420338620172235121664865203221472748
kalshi,KXSB-27-NE,https://kalshi.com/markets/kxsb/super-bowl,https://kalshi.com/markets/kxsb/super-bowl/kxsb-27,Will New England win the 2027 Pro Football Championship?,New England,KXSB-27,2027 Pro Football Champion,KXSB,Super Bowl,Sports,"[""Football""]",open,binary,0.03,0.04,0.04,0.035,0.965,0.035,0.01,2698179.59,21761.88,2003129.58,0,2026-02-08T20:00:00Z,2029-02-13T23:30:00Z,2029-02-13T23:30:00Z,,,,structured,,,,True,2026-09-14T18:10:52+00:00,,,,
kalshi,KXNFLTOTAL-26SEP14DENKC-43,https://kalshi.com/markets/kxnfltotal/pro-football-total-points,https://kalshi.com/markets/kxnfltotal/pro-football-total-points/kxnfltotal-26sep14denkc,Will there be over 42.5 points scored?,Over 42.5 points scored,KXNFLTOTAL-26SEP14DENKC,Denver vs Kansas City: Total Points,KXNFLTOTAL,Pro Football Total Points,Sports,"[""Football""]",open,binary,0.52,0.53,0.53,0.525,0.475,0.525,0.01,27190.87,21751.8,24916.82,0,2026-08-03T23:13:00Z,2026-09-17T00:15:00Z,2026-09-17T00:15:00Z,,,,greater,42.5,,,True,2026-09-14T18:10:23+00:00,,,,
kalshi,KXPRESPERSON-28-JVAN,https://kalshi.com/markets/kxpresperson/pres-person,https://kalshi.com/markets/kxpresperson/pres-person/kxpresperson-28,Who will win the next presidential election?,J.D. Vance,KXPRESPERSON-28,2028 U.S. Presidential Election winner?,KXPRESPERSON,Pres person,Elections,"[""2028"", ""US Elections""]",open,binary,0.22,0.23,0.23,0.225,0.775,0.225,0.01,4078268.98,21734.93,2404255.26,0,2025-05-10T14:00:00Z,2029-11-07T15:00:00Z,2029-11-07T15:00:00Z,,,,custom,,,,True,2026-09-14T18:10:58+00:00,,,,
kalshi,KXETHD-26SEP1817-T2809.99,https://kalshi.com/markets/kxethd/ethereum-price-above-below,https://kalshi.com/markets/kxethd/ethereum-price-above-below/kxethd-26sep1817,"Ethereum price at Sep 18, 2026 at 5pm EDT?","$2,810 or above",KXETHD-26SEP1817,"ETH price on Sep 18, 2026 at 5pm EDT?",KXETHD,Ethereum price Above/below,Crypto,"[""Hourly"", ""ETH""]",open,binary,0.05,0.09,0.05,0.07,0.93,0.07,0.04,21709.92,21709.92,21590,0,2026-09-11T20:00:00Z,2026-09-18T21:00:00Z,2026-09-25T21:00:00Z,,,,greater,2809.99,,ERTI,True,2026-09-14T18:09:46+00:00,,,,
kalshi,KXSWEDENPM-26SEP13-MAND,https://kalshi.com/markets/kxswedenpm/next-swedish-prime-minister,https://kalshi.com/markets/kxswedenpm/next-swedish-prime-minister/kxswedenpm-26sep13,Will Magdalena Andersson become Prime Minister of Sweden following the 2026 Swedish general election?,Magdalena Andersson,KXSWEDENPM-26SEP13,Prime Minister of Sweden after the general election?,KXSWEDENPM,Next Swedish Prime Minister,Elections,"[""International elections""]",open,binary,0.86,0.87,0.86,0.865,0.135,0.865,0.01,39994.48,21704.16,20411.08,0,2026-07-08T00:00:00Z,2028-01-01T15:00:00Z,2028-01-01T15:00:00Z,,,,custom,,,,True,2026-09-14T18:10:31+00:00,,,,
kalshi,KXHIGHNY-26SEP14-B74.5,https://kalshi.com/markets/kxhighny/highest-temperature-in-nyc,https://kalshi.com/markets/kxhighny/highest-temperature-in-nyc/kxhighny-26sep14,"Will the maximum temperature be 74-75° on Sep 14, 2026?",74° to 75°,KXHIGHNY-26SEP14,"Highest temperature in New York City on Sep 14, 2026?",KXHIGHNY,Highest temperature in NYC,Climate and Weather,"[""Daily temperature""]",open,binary,0.87,0.9,0.9,0.885,0.115,0.885,0.03,22424.97,21696.16,12991.64,0,2026-09-13T14:00:00Z,2026-09-15T05:00:00Z,2026-09-21T14:00:00Z,,,,between,74,75,CLINYC,True,2026-09-14T18:09:41+00:00,,,,
kalshi,KXMLBGAME-26SEP141910BALNYM-NYM,https://kalshi.com/markets/kxmlbgame/professional-baseball-game,https://kalshi.com/markets/kxmlbgame/professional-baseball-game/kxmlbgame-26sep141910balnym,New York M wins,New York M,KXMLBGAME-26SEP141910BALNYM,Baltimore vs New York M,KXMLBGAME,Professional Baseball Game,Sports,"[""Baseball""]",open,binary,0.53,0.54,0.54,0.535,0.465,0.535,0.01,22491.79,21589.12,21776.42,0,2026-09-11T23:25:00Z,2026-09-17T23:10:00Z,2026-09-17T23:10:00Z,,,,structured,,,,True,2026-09-14T18:09:44+00:00,,,,
kalshi,KXINXU-26SEP14H1600-T7639.9999,https://kalshi.com/markets/kxinxu/s-p-500-above-below,https://kalshi.com/markets/kxinxu/s-p-500-above-below/kxinxu-26sep14h1600,"Will the S&P 500 be above 7639.9999 on Sep 14, 2026 at 4pm EDT?","7,640 or above",KXINXU-26SEP14H1600,"S&P price on Sep 14, 2026 at 4pm EDT?",KXINXU,S&P 500 above/below,Financials,"[""Markets"", ""Indices""]",open,binary,0.41,0.46,0.49,0.435,0.565,0.435,0.05,21596,21499.88,9447.09,0,2026-09-11T20:00:00Z,2026-09-14T20:00:00Z,2026-09-21T23:00:00Z,,,,greater_or_equal,7640,,,True,2026-09-14T18:09:46+00:00,,,,
kalshi,KXNFLAFCWEST-27-DEN,https://kalshi.com/markets/kxnflafcwest/american-football-conference-west-winner,https://kalshi.com/markets/kxnflafcwest/american-football-conference-west-winner/kxnflafcwest-27,Will Denver win the Pro Football AFC West Division?,Denver,KXNFLAFCWEST-27,AFC West Division Winner,KXNFLAFCWEST,American Football Conference West Winner,Sports,"[""Football""]",open,binary,0.39,0.42,0.41,0.405,0.595,0.405,0.03,164658.22,21369.05,149950.68,0,2026-02-10T15:00:00Z,2027-01-25T15:00:00Z,2027-01-25T15:00:00Z,,,,structured,,,,True,2026-09-14T18:10:52+00:00,,,,
kalshi,KXBTCMAX100-26-SEP,https://kalshi.com/markets/kxbtcmax100/when-will-bitcoin-hit-100k,https://kalshi.com/markets/kxbtcmax100/when-will-bitcoin-hit-100k/kxbtcmax100-26,"Will Bitcoin be above $100000 by October 1, 2026 at 12:00AM ET?",Before October 2026,KXBTCMAX100-26,When will Bitcoin cross $100k again?,KXBTCMAX100,When will bitcoin hit 100k?,Crypto,"[""BTC""]",open,binary,0.02,0.03,0.03,0.025,0.975,0.025,0.01,1377434.07,21279.64,668519.41,0,2026-02-17T21:00:00Z,2026-10-01T04:00:00Z,2026-10-01T04:00:00Z,,,,greater,100000,,,True,2026-09-14T18:10:51+00:00,,,,
kalshi,KXLALIGAGAME-26SEP16BARSAN-TIE,https://kalshi.com/markets/kxlaligagame/la-liga-game,https://kalshi.com/markets/kxlaligagame/la-liga-game/kxlaligagame-26sep16barsan,Tie is the result,Tie,KXLALIGAGAME-26SEP16BARSAN,Barcelona vs Santander,KXLALIGAGAME,La Liga Game,Sports,"[""Soccer""]",open,binary,0.04,0.05,0.05,0.045,0.955,0.045,0.01,24924.28,21278.41,24717.94,0,2026-09-02T00:37:00Z,2026-09-19T01:30:00Z,2026-09-19T01:30:00Z,,,,structured,,,,True,2026-09-14T18:10:05+00:00,,,,
kalshi,SENATEME-26-R,https://kalshi.com/markets/senateme/maine-senate-race,https://kalshi.com/markets/senateme/maine-senate-race/senateme-26,Will Republicans win the Senate race in Maine?,Susan Collins,SENATEME-26,Maine Senate winner?,SENATEME,Maine Senate race,Elections,"[""Senate""]",open,binary,0.32,0.34,0.34,0.33,0.67,0.33,0.02,2794156.19,21226.01,1661283.86,0,2024-12-03T15:00:00Z,2027-11-03T15:00:00Z,2027-11-03T15:00:00Z,,,,structured,,,,True,2026-09-14T18:10:59+00:00,,,,
polymarket,0xdb88bf08a8244ff54b020d91853d03655b23eea74ed3ced99be6e6e978b0a3c3,https://polymarket.com/event/pro-football-2027-champion-20260729185915366/will-the-los-angeles-rams-win-the-2027-nfl-league-championship,,Will the Los Angeles Rams win the 2027 NFL league championship?,Los Angeles Rams,202857,Pro Football: 2027 Champion,pro-football-2027-champion-20260729185915366,Pro Football: 2027 Champion,,[],open,binary,0.11,0.12,0.11,0.115,0.885,0.115,0.01,1051911.6664609998,21222.979713999997,,169090.1718,2026-02-09T00:43:39.302Z,2027-03-31T23:55:00Z,2027-03-31T23:55:00Z,,,,,,,,,2026-09-14T18:09:38+00:00,,"[""Yes"", ""No""]","[0.115, 0.885]",43352642039302747588938905555385017655344819959150117270669936414308468726872
kalshi,KXMLB-26-CHC,https://kalshi.com/markets/kxmlb/world-series,https://kalshi.com/markets/kxmlb/world-series/kxmlb-26,Will Chicago C win the 2026 Pro Baseball Championship?,Chicago C,KXMLB-26,Pro Baseball Champion,KXMLB,World Series,Sports,"[""Baseball""]",open,binary,0.044,0.046,0.046,0.045,0.955,0.045,0.002,2752886.22,21204.67,1736619.71,0,2025-12-17T15:00:00Z,2028-10-31T04:00:00Z,2028-10-31T04:00:00Z,,,,structured,,,,True,2026-09-14T18:10:55+00:00,,,,
kalshi,KXWTAMATCH-26SEP13KALDAY-KAL,https://kalshi.com/markets/kxwtamatch/wta-tennis-match,https://kalshi.com/markets/kxwtamatch/wta-tennis-match/kxwtamatch-26sep13kalday,Elvina Kalieva wins,Elvina Kalieva,KXWTAMATCH-26SEP13KALDAY,Kalieva vs Day,KXWTAMATCH,WTA Tennis Match,Sports,"[""Tennis""]",open,binary,0.4,0.41,0.41,0.405,0.595,0.405,0.01,28363.48,21076.54,23267.04,0,2026-09-12T16:06:00Z,2026-09-27T16:00:00Z,2026-09-27T16:00:00Z,,,,structured,,,,True,2026-09-14T18:09:43+00:00,,,,
polymarket,0x60b90d44a994cfcdc52f84c8385708974492acad2670fd4781b50820cabafe0f,https://polymarket.com/event/cs2-ww-young2-2026-09-14/cs2-ww-young2-2026-09-14-game2,,Counter-Strike: WW Team vs Young27 - Map 2 Winner,Map 2 Winner,1009741,Counter-Strike: WW Team vs Young27 (BO3) - CIS LAN Championship Group C,cs2-ww-young2-2026-09-14,Counter-Strike: WW Team vs Young27 (BO3) - CIS LAN Championship Group C,,[],open,binary,,0.001,0.1,0.0005,0.9995,0.0005,0.001,21023.061297000004,21023.061297,,117620.40883,2026-09-12T10:15:57Z,2026-09-14T21:50:00Z,2026-09-14T21:50:00Z,,,,,,,,,2026-09-14T18:09:38+00:00,-52.95,"[""WW Team"", ""Young27""]","[0.0005, 0.9995]",16760510344836864839894963424806649279153043799782167436768666381456848886817
polymarket,0x070b40d88da0c437fbc87deca56f7a430a123c162ef632498365b28b44e15bb4,https://polymarket.com/event/isr-iks-mah-2026-09-14/isr-iks-mah-2026-09-14-mah,,Will Maccabi Haifa FC win on 2026-09-14?,Maccabi Haifa FC,983703,Hapoel Ironi Kiryat Shmona FC vs. Maccabi Haifa FC,isr-iks-mah-2026-09-14,Hapoel Ironi Kiryat Shmona FC vs. Maccabi Haifa FC,,[],open,binary,0.87,0.89,0.9,0.88,0.12,0.88,0.02,21249.635953,21013.497731,,50720.1018,2026-09-07T17:12:18Z,2026-09-14T17:00:00Z,2026-09-14T17:00:00Z,,,,,,,,,2026-09-14T18:09:38+00:00,36,"[""Yes"", ""No""]","[0.88, 0.12]",35761902029519423611123620685607903055105983804373636962390653905736728506242
polymarket,0x0844f5be2e87761e128eac1b68d4880b47aa06ff4108be71eaaf7ed3fc463d41,https://polymarket.com/event/will-xi-jinping-visit-us-before-2027/will-xi-jinping-visit-us-by-september-30,,Will Xi Jinping visit US by September 30?,September 30,208023,Will Xi Jinping visit US by...?,will-xi-jinping-visit-us-before-2027,Will Xi Jinping visit US by...?,,[],open,binary,0.926,0.936,0.935,0.931,0.069,0.931,0.01,228488.58582400004,20959.612387,,40045.40716,2026-08-21T07:35:07.303Z,2026-09-30T23:59:00Z,2026-09-30T23:59:00Z,,,,,,,,,2026-09-14T18:09:38+00:00,0.35,"[""Yes"", ""No""]","[0.931, 0.069]",90464506602136350767784706783189506727827951756941578015494993747105229931522
kalshi,KXSERIEATOTAL-26SEP14TORROM-1,https://kalshi.com/markets/kxserieatotal/serie-a-total,https://kalshi.com/markets/kxserieatotal/serie-a-total/kxserieatotal-26sep14torrom,Will over 0.5 goals be scored?,Over 0.5 goals scored,KXSERIEATOTAL-26SEP14TORROM,Torino vs Roma: Total Goals,KXSERIEATOTAL,Serie A Total,Sports,"[""Soccer""]",open,binary,0.99,1,0.99,0.995,0.005,0.995,0.01,20937.22,20934.19,11840.69,0,2026-09-07T17:06:00Z,2026-09-16T22:30:00Z,2026-09-16T22:30:00Z,,,,greater,0.5,,,True,2026-09-14T18:10:00+00:00,,,,
kalshi,KXWTACHALLENGERMATCH-26SEP14KRAPOH-KRA,https://kalshi.com/markets/kxwtachallengermatch/challenger-wta,https://kalshi.com/markets/kxwtachallengermatch/challenger-wta/kxwtachallengermatch-26sep14krapoh,Sinja Kraus wins,Sinja Kraus,KXWTACHALLENGERMATCH-26SEP14KRAPOH,Kraus vs Pohankova,KXWTACHALLENGERMATCH,Challenger WTA,Sports,"[""Tennis""]",open,binary,0.6,0.61,0.61,0.605,0.395,0.605,0.01,21167.84,20920.31,17762.53,0,2026-09-14T06:10:00Z,2026-09-28T18:00:00Z,2026-09-28T18:00:00Z,,,,structured,,,,True,2026-09-14T18:09:39+00:00,,,,
kalshi,KXNFL1H-26SEP14DENKC-DEN,https://kalshi.com/markets/kxnfl1h/pro-football-1st-half-winner,https://kalshi.com/markets/kxnfl1h/pro-football-1st-half-winner/kxnfl1h-26sep14denkc,Will Denver win the 1st Half?,Denver wins 1st Half,KXNFL1H-26SEP14DENKC,DEN Broncos vs KC Chiefs: 1st Half Winner,KXNFL1H,Pro Football 1st Half Winner,Sports,"[""Football""]",open,binary,0.41,0.42,0.42,0.415,0.585,0.415,0.01,22003.08,20916.41,20074.34,0,2026-09-02T18:37:00Z,2026-09-17T00:15:00Z,2026-09-17T00:15:00Z,,,,structured,,,,True,2026-09-14T18:10:04+00:00,,,,
polymarket,0x1b33d6010bc4f06aaa6f67a86ef7b5211e4d7d14522d25dd20a7648936421f6e,https://polymarket.com/event/sweden-parliamentary-election-sd-vote-share-20260812172636420/will-sweden-democrats-sd-win-between-16-and-18-of-all-valid-votes-20260812172636422,,Will Sweden Democrats (SD) win between 16% and 18% of all valid votes?,16-18%,843053,Sweden Parliamentary Election: SD Vote Share?,sweden-parliamentary-election-sd-vote-share-20260812172636420,Sweden Parliamentary Election: SD Vote Share?,,[],open,binary,0.981,0.998,0.981,0.9895,0.0105,0.9895,0.017,37469.066469,20915.609193999993,,18949.22687,2026-08-13T09:43:12Z,2026-09-13T00:00:00Z,2026-09-13T00:00:00Z,,,,,,,,,2026-09-14T18:09:38+00:00,64.95,"[""Yes"", ""No""]","[0.9895, 0.0105]",89426082982630435760236042519244212932571884271930311577671345564814920359150
polymarket,0x3fd189cac9280dfc49a07115581e8d4c9e0b7e1c1e8580a44e9ff3d74e39cf2d,https://polymarket.com/event/michigan-senate-election-winner/will-the-republicans-win-the-michigan-senate-race-in-2026,,Will the Republicans win the Michigan Senate race in 2026?,Mike Rogers (R),57658,Michigan Senate Election Winner,michigan-senate-election-winner,Michigan Senate Election Winner,,[],open,binary,0.39,0.4,0.39,0.395,0.605,0.395,0.01,341543.69213499984,20896.779167,,155791.2764,2025-10-13T21:45:17.492648Z,,,,,,,,,,,2026-09-14T18:09:38+00:00,3,"[""Yes"", ""No""]","[0.395, 0.605]",1046980875306043125128331871114794349002409233139736033870402475326170083426
kalshi,KXINXDUD-26SEP14H1600-T7656.85,https://kalshi.com/markets/kxinxdud/inxdud,https://kalshi.com/markets/kxinxdud/inxdud/kxinxdud-26sep14h1600,"Will the S&P 500 be above 7656.85 on Sep 14, 2026 at 4pm EDT?",Above 7656.85,KXINXDUD-26SEP14H1600,S&P 500 Daily Up/Down,KXINXDUD,INXDUD,Financials,"[""Indices""]",open,binary,0.07,0.12,0.06,0.095,0.905,0.095,0.05,27246.36,20808.14,12974.68,0,2026-09-12T00:00:00Z,2026-09-14T20:00:00Z,2026-09-21T23:00:00Z,,,,greater,7656.85,,,True,2026-09-14T18:09:44+00:00,,,,
kalshi,KXINXU-26SEP14H1600-T7634.9999,https://kalshi.com/markets/kxinxu/s-p-500-above-below,https://kalshi.com/markets/kxinxu/s-p-500-above-below/kxinxu-26sep14h1600,"Will the S&P 500 be above 7634.9999 on Sep 14, 2026 at 4pm EDT?","7,635 or above",KXINXU-26SEP14H1600,"S&P price on Sep 14, 2026 at 4pm EDT?",KXINXU,S&P 500 above/below,Financials,"[""Markets"", ""Indices""]",open,binary,0.6,0.65,0.65,0.625,0.375,0.625,0.05,21598.21,20796.23,9652.38,0,2026-09-11T20:00:00Z,2026-09-14T20:00:00Z,2026-09-21T23:00:00Z,,,,greater_or_equal,7635,,,True,2026-09-14T18:09:46+00:00,,,,
kalshi,GOVPARTYAZ-26-D,https://kalshi.com/markets/govpartyaz/arizona-governor,https://kalshi.com/markets/govpartyaz/arizona-governor/govpartyaz-26,Will the Democratic party win the governorship in Arizona,Katie Hobbs,GOVPARTYAZ-26,Arizona Governor winner?,GOVPARTYAZ,Arizona Governor,Elections,"[""Governor""]",open,binary,0.87,0.88,0.87,0.875,0.125,0.875,0.01,330325.02,20790,163437.92,0,2025-01-26T15:00:00Z,2027-11-03T15:00:00Z,2027-11-03T15:00:00Z,,,,structured,,,,True,2026-09-14T18:10:59+00:00,,,,
kalshi,KXNFLAFCCHAMP-27-LV,https://kalshi.com/markets/kxnflafcchamp/american-football-conference-champion,https://kalshi.com/markets/kxnflafcchamp/american-football-conference-champion/kxnflafcchamp-27,Will Las Vegas win the Pro Football AFC Championship?,Las Vegas,KXNFLAFCCHAMP-27,AFC Championship Winner,KXNFLAFCCHAMP,American Football Conference Champion,Sports,"[""Football""]",open,binary,0.01,0.02,0.02,0.015,0.985,0.015,0.01,381792.04,20787.42,309771.46,0,2026-02-07T15:00:00Z,2027-02-22T15:00:00Z,2027-02-22T15:00:00Z,,,,structured,,,,True,2026-09-14T18:10:52+00:00,,,,
polymarket,0xfd4a02ff6ae7488fec1e7703398befc1aa4e24d7517261345c3f2379e8441d9a,https://polymarket.com/event/sweden-parliamentary-election-liberals-win-seats-20260812164320900/sweden-parliamentary-election-liberals-win-seats-20260812164320900,,Sweden Parliamentary Election: Liberals Win Seats?,,842954,Sweden Parliamentary Election: Liberals Win Seats?,sweden-parliamentary-election-liberals-win-seats-20260812164320900,Sweden Parliamentary Election: Liberals Win Seats?,,[],open,binary,0.998,0.999,0.998,0.9985,0.0015,0.9985,0.001,218858.955083,20786.837821,,123867.47975,2026-08-13T09:12:17Z,2026-09-13T00:00:00Z,2026-09-13T00:00:00Z,,,,,,,,,2026-09-14T18:09:38+00:00,14.95,"[""Yes"", ""No""]","[0.9985, 0.0015]",111298138377563993092134225975136320189301451429785490480960975987235797764793
kalshi,KXNCAAFGAME-26SEP19MERGT-GT,https://kalshi.com/markets/kxncaafgame/college-football-game,https://kalshi.com/markets/kxncaafgame/college-football-game/kxncaafgame-26sep19mergt,Georgia Tech wins,Georgia Tech,KXNCAAFGAME-26SEP19MERGT,Mercer vs Georgia Tech,KXNCAAFGAME,College Football Game,Sports,"[""Football""]",open,binary,0.99,1,0.99,0.995,0.005,0.995,0.01,22177.86,20778.99,19490.75,0,2026-09-05T16:08:00Z,2026-09-21T16:00:00Z,2026-09-21T16:00:00Z,,,,structured,,,,True,2026-09-14T18:10:01+00:00,,,,
kalshi,KXPRESNOMR-28-RPAU,https://kalshi.com/markets/kxpresnomr/republican-primary-winner,https://kalshi.com/markets/kxpresnomr/republican-primary-winner/kxpresnomr-28,Will Rand Paul be the nominee for the Presidency for the Republican party?,Rand Paul,KXPRESNOMR-28,2028 Republican presidential nominee,KXPRESNOMR,Republican Primary winner,Elections,"[""2028"", ""US Elections""]",open,binary,0.004,0.005,0.005,0.0045,0.9955,0.0045,0.001,1310968.3,20754.45,1066511.09,0,2026-03-17T04:00:00Z,2028-11-07T15:00:00Z,2028-11-07T15:00:00Z,,,,custom,,,,True,2026-09-14T18:10:50+00:00,,,,
polymarket,0x0b701a510fe36844eb7a9839839b98dead384780e20b9504efcad1ab4b5b79af,https://polymarket.com/event/uefa-champions-league-2027-champion-20260701202025549/will-borussia-dortmund-win-the-2026-27-uefa-champions-league-championship-20260701202025566,,Will Borussia Dortmund win the 2026-27 UEFA Champions League Championship?,Borussia Dortmund,659671,UEFA Champions League: 2027 Champion,uefa-champions-league-2027-champion-20260701202025549,UEFA Champions League: 2027 Champion,,[],open,binary,0.011,0.012,0.011,0.0115,0.9885,0.0115,0.001,672663.3893599998,20748.835334,,137160.87577,2026-07-02T19:04:38.81026Z,2027-05-30T23:59:00Z,2027-05-30T23:59:00Z,,,,,,,,,2026-09-14T18:09:38+00:00,0.2,"[""Yes"", ""No""]","[0.0115, 0.9885]",69844945401965968137843459827213978335475795917124102723974229169126962183486
polymarket,0x802ec29a09c72ddf86617019313ae8910342e1cc220fb20c605a56fad7a8de12,https://polymarket.com/event/sea-tor-rom-2026-09-14-more-markets/sea-tor-rom-2026-09-14-total-3pt5,,Torino FC vs. AS Roma: O/U 3.5,O/U 3.5,945985,Torino FC vs. AS Roma - More Markets,sea-tor-rom-2026-09-14-more-markets,Torino FC vs. AS Roma - More Markets,,[],open,binary,0.011,0.024,0.09,0.0175,0.9825,0.0175,0.013,20849.711137,20741.052008,,66030.29736,2026-09-01T05:00:51Z,2026-09-14T16:30:00Z,2026-09-14T16:30:00Z,,,,,,,,,2026-09-14T18:09:38+00:00,-29.75,"[""Over"", ""Under""]","[0.0175, 0.9825]",7103286284612476886297150013250604897268183714995180994863939427759717437927
kalshi,KXETHD-26SEP1417-T2489.99,https://kalshi.com/markets/kxethd/ethereum-price-above-below,https://kalshi.com/markets/kxethd/ethereum-price-above-below/kxethd-26sep1417,"Ethereum price at Sep 14, 2026 at 5pm EDT?","$2,490 or above",KXETHD-26SEP1417,"ETH price on Sep 14, 2026 at 5pm EDT?",KXETHD,Ethereum price Above/below,Crypto,"[""Hourly"", ""ETH""]",open,binary,0.98,0.99,0.99,0.985,0.015,0.985,0.01,20726.48,20717.48,15271.12,0,2026-09-13T20:00:00Z,2026-09-14T21:00:00Z,2026-09-21T21:00:00Z,,,,greater,2489.99,,ERTI,True,2026-09-14T18:09:42+00:00,,,,
kalshi,KXALLSVENSKANGAME-26SEP14SIRDEG-SIR,https://kalshi.com/markets/kxallsvenskangame/allsvenskan-game,https://kalshi.com/markets/kxallsvenskangame/allsvenskan-game/kxallsvenskangame-26sep14sirdeg,Sirius wins,Sirius,KXALLSVENSKANGAME-26SEP14SIRDEG,Sirius vs Degerfors,KXALLSVENSKANGAME,Allsvenskan Game,Sports,"[""Soccer""]",open,binary,0.94,0.95,0.95,0.945,0.055,0.945,0.01,25291.75,20704.88,14773.51,0,2026-09-10T00:33:00Z,2026-09-16T17:00:00Z,2026-09-16T17:00:00Z,,,,structured,,,,True,2026-09-14T18:09:57+00:00,,,,
polymarket,0xd90ba5c65e650a302d2fbb6ab4db16d2f450cdf0fb6fc4dcd53f7a261222a4f0,https://polymarket.com/event/uefa-champions-league-2027-champion-20260701202025549/will-roma-win-the-2026-27-uefa-champions-league-championship-20260701202025558,,Will Roma win the 2026-27 UEFA Champions League Championship?,Roma,659671,UEFA Champions League: 2027 Champion,uefa-champions-league-2027-champion-20260701202025549,UEFA Champions League: 2027 Champion,,[],open,binary,0.006,0.007,0.007,0.0065,0.9935,0.0065,0.001,449206.07899400004,20653.687143,,128496.66465,2026-07-02T19:03:49.557952Z,2027-05-30T23:59:00Z,2027-05-30T23:59:00Z,,,,,,,,,2026-09-14T18:09:38+00:00,-0.2,"[""Yes"", ""No""]","[0.0065, 0.9935]",12111165508382614262014563627595331254036853928158131576047649218948989557640
kalshi,KXDENSUPERLIGAGAME-26SEP14FCMBRO-TIE,https://kalshi.com/markets/kxdensuperligagame/danish-superliga-game,https://kalshi.com/markets/kxdensuperligagame/danish-superliga-game/kxdensuperligagame-26sep14fcmbro,Tie is the result,Tie,KXDENSUPERLIGAGAME-26SEP14FCMBRO,Midtjylland vs Broendby,KXDENSUPERLIGAGAME,Danish Superliga Game,Sports,"[""Soccer""]",open,binary,0.06,0.07,0.06,0.065,0.935,0.065,0.01,20663.76,20628.47,18489.46,0,2026-09-10T00:35:00Z,2026-09-16T17:00:00Z,2026-09-16T17:00:00Z,,,,structured,,,,True,2026-09-14T18:09:57+00:00,,,,
polymarket,0xc32a544f65e3a8ffec6499e40290f10fa68a3f4a4819dfd366b6cb1fd7c4be1d,https://polymarket.com/event/next-french-presidential-election/will-bruno-retailleau-win-the-2027-french-presidential-election,,Will Bruno Retailleau win the 2027 French presidential election?,Bruno Retailleau,79987,Next French Presidential Election,next-french-presidential-election,Next French Presidential Election,,[],open,binary,0.016,0.019,0.016,0.0175,0.9825,0.0175,0.003,2271438.937878999,20624.77,,254018.7956,2025-11-13T23:09:41.458331Z,2027-04-30T00:00:00Z,2027-04-30T00:00:00Z,,,,,,,,,2026-09-14T18:09:38+00:00,0.1,"[""Yes"", ""No""]","[0.0175, 0.9825]",76158784025338420583901765224531190025719662766883390440253608804161057467141
kalshi,KXNFLGAME-26SEP20NOBAL-NO,https://kalshi.com/markets/kxnflgame/professional-football-game,https://kalshi.com/markets/kxnflgame/professional-football-game/kxnflgame-26sep20nobal,New Orleans wins,New Orleans,KXNFLGAME-26SEP20NOBAL,NO Saints vs BAL Ravens,KXNFLGAME,Professional Football Game,Sports,"[""Football""]",open,binary,0.2,0.21,0.2,0.205,0.795,0.205,0.01,35139.95,20573.38,24731.68,0,2026-08-25T15:33:00Z,2026-09-22T17:00:00Z,2026-09-22T17:00:00Z,,,,structured,,,,True,2026-09-14T18:10:11+00:00,,,,
kalshi,KXNFLTD-26SEP14DENKC-KCRRICE4-2,https://kalshi.com/markets/kxnfltd/pro-football-touchdowns,https://kalshi.com/markets/kxnfltd/pro-football-touchdowns/kxnfltd-26sep14denkc,Rashee Rice: 2+ touchdowns,Rashee Rice: 2+,KXNFLTD-26SEP14DENKC,Denver vs Kansas City: Touchdowns,KXNFLTD,Pro Football Touchdowns,Sports,"[""Football""]",open,binary,0.06,0.07,0.07,0.065,0.935,0.065,0.01,20570.02,20548.02,20570.02,0,2026-09-04T21:04:00Z,2026-09-17T00:15:00Z,2026-09-17T00:15:00Z,,,,greater,1.5,,,True,2026-09-14T18:10:01+00:00,,,,
kalshi,KXRATECUTCOUNT-26DEC31-T2,https://kalshi.com/markets/kxratecutcount/number-of-rate-cuts,https://kalshi.com/markets/kxratecutcount/number-of-rate-cuts/kxratecutcount-26dec31,Will the Fed cut rates 2 times?,Exactly 2 cuts,KXRATECUTCOUNT-26DEC31,Number of rate cuts in 2026?,KXRATECUTCOUNT,Number of rate cuts,Economics,"[""Fed""]",open,binary,0.018,0.021,0.019,0.0195,0.9805,0.0195,0.003,837850.43,20546.3,453425.59,0,2025-09-29T14:00:00Z,2027-01-01T04:59:00Z,2027-01-01T15:00:00Z,,,,between,2,2,,True,2026-09-14T18:10:57+00:00,,,,
polymarket,0xff94b7e25f8377d7ad40bbfd172744bec6235b8ffbcaa1f276ec5465191b2216,https://polymarket.com/event/what-price-will-bitcoin-hit-in-september-2026/will-bitcoin-reach-87pt5k-in-september-2026,,"Will Bitcoin reach $87,500 in September?","↑ 87,500",946004,What price will Bitcoin hit in September?,what-price-will-bitcoin-hit-in-september-2026,What price will Bitcoin hit in September?,,[],open,binary,0.17,0.18,0.17,0.175,0.825,0.175,0.01,201116.23732299998,20525.269124,,65786.7303,2026-09-01T05:07:15Z,2026-10-01T04:00:00Z,2026-10-01T04:00:00Z,,,,,,,,,2026-09-14T18:09:38+00:00,4,"[""Yes"", ""No""]","[0.175, 0.825]",93102073593745160534123412868713328176360151139344483198023062751009656599915
kalshi,KXIPHONERELEASE-IPHONE18-27JAN01,https://kalshi.com/markets/kxiphonerelease/iphone,https://kalshi.com/markets/kxiphonerelease/iphone/kxiphonerelease-iphone18,"Will Apple Inc. release iPhone 18 before Jan 1, 2027?",Before 2027,KXIPHONERELEASE-IPHONE18,When will Apple release the iPhone 18?,KXIPHONERELEASE,iPhone,Financials,"[""Product launches"", ""Compute"", ""Companies""]",open,binary,0.05,0.06,0.06,0.055,0.945,0.055,0.01,1290604.06,20465.54,409905.56,0,2025-12-31T03:00:00Z,2027-01-01T04:59:00Z,2027-01-08T15:00:00Z,,,,,,,,True,2026-09-14T18:10:55+00:00,,,,
kalshi,GOVPARTYNY-26-D,https://kalshi.com/markets/govpartyny/new-york-governor,https://kalshi.com/markets/govpartyny/new-york-governor/govpartyny-26,Will the Democratic party win the governorship in New York,Kathy Hochul,GOVPARTYNY-26,New York Governor winner?,GOVPARTYNY,New York Governor,Elections,"[""Governor""]",open,binary,0.917,0.919,0.919,0.918,0.082,0.918,0.002,351157.17,20436.63,271841.9,0,2025-01-26T15:00:00Z,2027-11-03T15:00:00Z,2027-11-03T15:00:00Z,,,,structured,,,,True,2026-09-14T18:10:59+00:00,,,,
kalshi,KXBALANCEPOWERCOMBO-27FEB-DR,https://kalshi.com/markets/kxbalancepowercombo/congress-balance-of-power-combo,https://kalshi.com/markets/kxbalancepowercombo/congress-balance-of-power-combo/kxbalancepowercombo-27feb,Will House Control be Democratic AND Senate Control be Republican for Feb 2027?,"D-House, R-Senate",KXBALANCEPOWERCOMBO-27FEB,2026 Midterms: Congress Balance of Power?,KXBALANCEPOWERCOMBO,Congress balance of power combo,Elections,"[""Senate"", ""House"", ""Mixed Combos"", ""US Elections"", ""Election Combos""]",open,binary,0.35,0.36,0.36,0.355,0.645,0.355,0.01,2137915.99,20434.02,1171313.71,0,2025-12-11T15:00:00Z,2027-02-01T15:00:00Z,2027-02-08T15:00:00Z,,,,custom,,,,True,2026-09-14T18:10:55+00:00,,,,
kalshi,KXNCAAF-27-MICH,https://kalshi.com/markets/kxncaaf/ncaaf-championship,https://kalshi.com/markets/kxncaaf/ncaaf-championship/kxncaaf-27,Will Michigan win the College Football Playoff National Championship?,Michigan,KXNCAAF-27,College Football National Championship Winner,KXNCAAF,NCAAF Championship,Sports,"[""Football""]",open,binary,0.02,0.03,0.03,0.025,0.975,0.025,0.01,1311526.4,20433.55,1053671.13,0,2026-01-21T22:00:00Z,2027-02-23T04:00:00Z,2027-02-23T04:00:00Z,,,,structured,,,,True,2026-09-14T18:10:54+00:00,,,,
kalshi,KXNFLNFCEAST-27-DAL,https://kalshi.com/markets/kxnflnfceast/national-football-conference-east-winner,https://kalshi.com/markets/kxnflnfceast/national-football-conference-east-winner/kxnflnfceast-27,Will Dallas win the Pro Football NFC East Division?,Dallas,KXNFLNFCEAST-27,NFC East Division Winner,KXNFLNFCEAST,National Football Conference East Winner,Sports,"[""Football""]",open,binary,0.19,0.2,0.2,0.195,0.805,0.195,0.01,417186.16,20334.46,323982.53,0,2026-02-10T15:00:00Z,2027-01-25T15:00:00Z,2027-01-25T15:00:00Z,,,,structured,,,,True,2026-09-14T18:10:52+00:00,,,,
polymarket,0x12dc2b61723b2a54fc1947a307389b5f32038e7a29a0e936ad1fe410b969d06a,https://polymarket.com/event/ballon-dor-winner-2026/will-harry-kane-win-the-2026-ballon-dor,,Will Harry Kane win the 2026 Ballon d'Or?,Harry Kane,48361,Ballon d'Or Winner 2026,ballon-dor-winner-2026,Ballon d'Or Winner 2026,,[],open,binary,0.593,0.594,0.594,0.5935,0.4065,0.5935,0.001,4172781.4870169973,20328.662711000004,,184275.75078,2025-09-22T23:39:11.955028Z,2026-10-31T00:00:00Z,2026-10-31T00:00:00Z,,,,,,,,,2026-09-14T18:09:38+00:00,-1.45,"[""Yes"", ""No""]","[0.5935, 0.4065]",72710166409980712002774407052535905861151156175854323762835102340552522606004
polymarket,0xdc04f2413945d09a310e4696dccfb2c84dbf7b4eea6e3fc7a5e4223675512fd7,https://polymarket.com/event/mlb-lad-cin-2026-09-14/mlb-lad-cin-2026-09-14-total-7pt5,,Los Angeles Dodgers vs. Cincinnati Reds: O/U 7.5,O/U 7.5,988198,Los Angeles Dodgers vs. Cincinnati Reds,mlb-lad-cin-2026-09-14,Los Angeles Dodgers vs. Cincinnati Reds,,[],open,binary,0.5,0.51,0.51,0.505,0.495,0.505,0.01,20301.291821,20301.291820999995,,146084.8362,2026-09-13T19:28:46Z,2026-09-14T22:40:00Z,2026-09-14T22:40:00Z,,,,,,,,,2026-09-14T18:09:38+00:00,,"[""Over"", ""Under""]","[0.505, 0.495]",97406358849205311023099066634366266854465704279006656660359761923875303792413
kalshi,KXSERIEASPREAD-26SEP14INTUDI-INT2,https://kalshi.com/markets/kxserieaspread/serie-a-spread,https://kalshi.com/markets/kxserieaspread/serie-a-spread/kxserieaspread-26sep14intudi,Inter wins by more than 1.5 goals?,Inter wins by more than 1.5 goals,KXSERIEASPREAD-26SEP14INTUDI,Inter vs Udinese: Spread,KXSERIEASPREAD,Serie A Spread,Sports,"[""Soccer""]",open,binary,0.59,0.6,0.6,0.595,0.405,0.595,0.01,22299.27,20293.97,20345.08,0,2026-09-07T19:07:00Z,2026-09-17T00:45:00Z,2026-09-17T00:45:00Z,,,,greater,1.5,,,True,2026-09-14T18:09:59+00:00,,,,
kalshi,KXNFLSPREAD-26SEP14DENKC-KC11,https://kalshi.com/markets/kxnflspread/pro-football-spread,https://kalshi.com/markets/kxnflspread/pro-football-spread/kxnflspread-26sep14denkc,Kansas City wins by over 10.5 points?,Kansas City wins by over 10.5 points,KXNFLSPREAD-26SEP14DENKC,Denver vs Kansas City: Spread,KXNFLSPREAD,Pro Football Spread,Sports,"[""Football""]",open,binary,0.19,0.21,0.19,0.2,0.8,0.2,0.02,22819.06,20222.78,20395.51,0,2026-08-03T23:13:00Z,2026-09-17T00:15:00Z,2026-09-17T00:15:00Z,,,,greater,10.5,,,True,2026-09-14T18:10:23+00:00,,,,
kalshi,KXSB-27-CAR,https://kalshi.com/markets/kxsb/super-bowl,https://kalshi.com/markets/kxsb/super-bowl/kxsb-27,Will Carolina win the 2027 Pro Football Championship?,Carolina,KXSB-27,2027 Pro Football Champion,KXSB,Super Bowl,Sports,"[""Football""]",open,binary,0,0.01,0.01,0.005,0.995,0.005,0.01,1933521.61,20155.78,1932948.61,0,2026-02-08T20:00:00Z,2029-02-13T23:30:00Z,2029-02-13T23:30:00Z,,,,structured,,,,True,2026-09-14T18:10:52+00:00,,,,
polymarket,0x174ea87d011bfd0b230efc45e0b4d0756d38af91f0ffbab70013a582603c2be8,https://polymarket.com/event/next-french-presidential-election/will-jean-luc-mlenchon-win-the-2027-french-presidential-election,,Will Jean-Luc Mélenchon win the 2027 French presidential election?,Jean-Luc Mélenchon,79987,Next French Presidential Election,next-french-presidential-election,Next French Presidential Election,,[],open,binary,0.11,0.12,0.12,0.115,0.885,0.115,0.01,1455224.2792200001,20134.509357000003,,250613.0963,2025-11-13T23:09:42.920622Z,2027-04-30T00:00:00Z,2027-04-30T00:00:00Z,,,,,,,,,2026-09-14T18:09:38+00:00,,"[""Yes"", ""No""]","[0.115, 0.885]",88550326946437280548248031502775629664259630024343210447063397951616199975032
polymarket,0x2328a3214671f2e3fcabd8f3c42ccbece29c7d9165182363d3610d880a296873,https://polymarket.com/event/mex-leo-asl-2026-09-12/mex-leo-asl-2026-09-12-leo,,Will Club León FC win on 2026-09-12?,Club León FC,937072,Club León FC vs. Atlético San Luis,mex-leo-asl-2026-09-12,Club León FC vs. Atlético San Luis,,[],open,binary,0.5,0.51,0.51,0.505,0.495,0.505,0.01,20161.189759000004,20079.406669,,55944.0006,2026-08-30T16:45:24Z,2026-09-15T01:00:00Z,2026-09-15T01:00:00Z,,,,,,,,,2026-09-14T18:09:38+00:00,0.5,"[""Yes"", ""No""]","[0.505, 0.495]",33904987495010484317532551449397088750438754129841362330903357389861262572093
kalshi,KXHIGHMIA-26SEP14-B90.5,https://kalshi.com/markets/kxhighmia/highest-temperature-in-miami,https://kalshi.com/markets/kxhighmia/highest-temperature-in-miami/kxhighmia-26sep14,"Will the maximum temperature be 90-91° on Sep 14, 2026?",90° to 91°,KXHIGHMIA-26SEP14,"Highest temperature in Miami on Sep 14, 2026?",KXHIGHMIA,Highest temperature in Miami,Climate and Weather,"[""Daily temperature""]",open,binary,0.09,0.1,0.1,0.095,0.905,0.095,0.01,21312.55,20063.61,10775.55,0,2026-09-13T14:00:00Z,2026-09-15T05:00:00Z,2026-09-21T14:00:00Z,,,,between,90,91,CLIMIA,True,2026-09-14T18:09:41+00:00,,,,
kalshi,KXLALIGASPREAD-26SEP15ELCRMA-RMA2,https://kalshi.com/markets/kxlaligaspread/la-liga-spread,https://kalshi.com/markets/kxlaligaspread/la-liga-spread/kxlaligaspread-26sep15elcrma,Real Madrid wins by more than 1.5 goals?,Real Madrid wins by more than 1.5 goals,KXLALIGASPREAD-26SEP15ELCRMA,Elche vs Real Madrid: Spread,KXLALIGASPREAD,La Liga Spread,Sports,"[""Soccer""]",open,binary,0.59,0.6,0.6,0.595,0.405,0.595,0.01,35342.01,20023.19,31786.87,0,2026-09-08T20:06:00Z,2026-09-17T19:30:00Z,2026-09-17T19:30:00Z,,,,greater,1.5,,,True,2026-09-14T18:09:59+00:00,,,,
kalshi,KXPRESPERSON-28-GNEWS,https://kalshi.com/markets/kxpresperson/pres-person,https://kalshi.com/markets/kxpresperson/pres-person/kxpresperson-28,Who will win the next presidential election?,Gavin Newsom,KXPRESPERSON-28,2028 U.S. Presidential Election winner?,KXPRESPERSON,Pres person,Elections,"[""2028"", ""US Elections""]",open,binary,0.077,0.08,0.08,0.0785,0.9215,0.0785,0.003,3818738.47,20009.63,1866414.9,0,2025-05-10T14:00:00Z,2029-11-07T15:00:00Z,2029-11-07T15:00:00Z,,,,custom,,,,True,2026-09-14T18:10:58+00:00,,,,
polymarket,0xd0d342e06ca9d5b1e5ddf66ad92b42b9cc6010823507c8e3107afe2ee1db8852,https://polymarket.com/event/ballon-dor-winner-2026/will-pau-cubarsi-win-the-2026-ballon-dor,,Will Pau Cubarsi win the 2026 Ballon d'Or?,Pau Cubarsi,48361,Ballon d'Or Winner 2026,ballon-dor-winner-2026,Ballon d'Or Winner 2026,,[],open,binary,0.001,0.002,0.001,0.0015,0.9985,0.0015,0.001,1039636.9835780002,19965.905999999995,,146655.4626,2025-09-22T23:39:37.872Z,2026-10-31T00:00:00Z,2026-10-31T00:00:00Z,,,,,,,,,2026-09-14T18:09:38+00:00,,"[""Yes"", ""No""]","[0.0015, 0.9985]",5264677211728439009834470236168077987240809170451856067063934287137178859748
kalshi,KXNFLGAME-26SEP20GBNYJ-GB,https://kalshi.com/markets/kxnflgame/professional-football-game,https://kalshi.com/markets/kxnflgame/professional-football-game/kxnflgame-26sep20gbnyj,Green Bay wins,Green Bay,KXNFLGAME-26SEP20GBNYJ,GB Packers vs NY Jets,KXNFLGAME,Professional Football Game,Sports,"[""Football""]",open,binary,0.64,0.65,0.65,0.645,0.355,0.645,0.01,25566.84,19957.21,18984.42,0,2026-08-25T15:33:00Z,2026-09-22T17:00:00Z,2026-09-22T17:00:00Z,,,,structured,,,,True,2026-09-14T18:10:11+00:00,,,,
kalshi,KXNFLGAME-26SEP20LVLAC-LAC,https://kalshi.com/markets/kxnflgame/professional-football-game,https://kalshi.com/markets/kxnflgame/professional-football-game/kxnflgame-26sep20lvlac,Los Angeles C wins,Los Angeles C,KXNFLGAME-26SEP20LVLAC,LV Raiders vs LA Chargers,KXNFLGAME,Professional Football Game,Sports,"[""Football""]",open,binary,0.73,0.74,0.74,0.735,0.265,0.735,0.01,34107.98,19951.72,26337.42,0,2026-08-25T15:33:00Z,2026-09-22T20:05:00Z,2026-09-22T20:05:00Z,,,,structured,,,,True,2026-09-14T18:10:11+00:00,,,,
kalshi,KXMLBF5TOTAL-26SEP142040SDCOL-7,https://kalshi.com/markets/kxmlbf5total/first-5-innings-total,https://kalshi.com/markets/kxmlbf5total/first-5-innings-total/kxmlbf5total-26sep142040sdcol,First 5 innings: Over 6.5 runs,Over 6.5 runs in the first 5 innings,KXMLBF5TOTAL-26SEP142040SDCOL,San Diego vs Colorado: First 5 Innings Total,KXMLBF5TOTAL,First 5 Innings Total,Sports,"[""Baseball""]",open,binary,0.44,0.45,0.45,0.445,0.555,0.445,0.01,19937.98,19937.98,19897.23,0,2026-09-13T20:00:00Z,2026-09-18T00:40:00Z,2026-09-18T00:40:00Z,,,,greater,6.5,,,True,2026-09-14T18:09:40+00:00,,,,
polymarket,0x201f51d2d892c41c5bfa6568a0a2f93ab2ea426e87dddfd5fb0191f7ec34a441,https://polymarket.com/event/what-price-will-ethereum-hit-before-2027/will-ethereum-reach-10000-by-december-31-2026,,"Will Ethereum reach $10,000 by December 31, 2026?","↑ 10,000",89519,What price will Ethereum hit in 2026?,what-price-will-ethereum-hit-before-2027,What price will Ethereum hit in 2026?,,[],open,binary,0.014,0.016,0.016,0.015,0.985,0.015,0.002,817728.4844360001,19914.565438,,83807.59078,2025-11-24T19:27:19.265Z,2027-01-01T05:00:00Z,2027-01-01T05:00:00Z,,,,,,,,,2026-09-14T18:09:38+00:00,,"[""Yes"", ""No""]","[0.015, 0.985]",100865557115198861945068078147655261264339702053336500548943844953071484972262
kalshi,KXDPWORLDTOUR-BMPC26-JNIE,https://kalshi.com/markets/kxdpworldtour/dp-world-tour-tournament-winner,https://kalshi.com/markets/kxdpworldtour/dp-world-tour-tournament-winner/kxdpworldtour-bmpc26,Will Joaquin Niemann win the BMW PGA Championship?,Joaquin Niemann,KXDPWORLDTOUR-BMPC26,BMW PGA Championship Winner,KXDPWORLDTOUR,DP World Tour Tournament Winner,Sports,"[""Golf""]",open,binary,0.033,0.035,0.035,0.034,0.966,0.034,0.002,19984.98,19861.42,19953.71,0,2026-09-12T12:00:00Z,2026-10-04T00:00:00Z,2026-10-04T00:00:00Z,,,,structured,,,,True,2026-09-14T18:09:43+00:00,,,,
polymarket,0xbc0070bd88b113d9beedbae5efd78df0e605ca029aff8ef470c881010c923a24,https://polymarket.com/event/brazil-presidential-election-first-round-3rd-place/will-augusto-cury-finish-in-third-place-in-the-first-round-of-the-2026-brazilian-presidential-election,,Will Augusto Cury finish in third place in the first round of the 2026 Brazilian presidential election?,Augusto Cury,204973,Brazil Presidential Election First Round: 3rd Place,brazil-presidential-election-first-round-3rd-place,Brazil Presidential Election First Round: 3rd Place,,[],open,binary,0.465,0.48,0.465,0.4725,0.5275,0.4725,0.015,193195.642405,19860.060268,,63468.58123,2026-02-11T22:47:23.742094Z,2026-10-04T00:00:00Z,2026-10-04T00:00:00Z,,,,,,,,,2026-09-14T18:09:38+00:00,-8.75,"[""Yes"", ""No""]","[0.4725, 0.5275]",20637217712997864553867475669278238727326858704193091040111183987981733729683
kalshi,KXNFLTOTAL-26SEP14DENKC-42,https://kalshi.com/markets/kxnfltotal/pro-football-total-points,https://kalshi.com/markets/kxnfltotal/pro-football-total-points/kxnfltotal-26sep14denkc,Will there be over 41.5 points scored?,Over 41.5 points scored,KXNFLTOTAL-26SEP14DENKC,Denver vs Kansas City: Total Points,KXNFLTOTAL,Pro Football Total Points,Sports,"[""Football""]",open,binary,0.55,0.56,0.56,0.555,0.445,0.555,0.01,20268.68,19806.74,20253.81,0,2026-08-03T23:13:00Z,2026-09-17T00:15:00Z,2026-09-17T00:15:00Z,,,,greater,41.5,,,True,2026-09-14T18:10:23+00:00,,,,
kalshi,KXMLBTOTAL-26SEP141945SFSTL-8,https://kalshi.com/markets/kxmlbtotal/pro-baseball-total-points,https://kalshi.com/markets/kxmlbtotal/pro-baseball-total-points/kxmlbtotal-26sep141945sfstl,Over 7.5 runs scored,Over 7.5 runs scored,KXMLBTOTAL-26SEP141945SFSTL,San Francisco vs St. Louis: Total Runs,KXMLBTOTAL,Pro Baseball Total Points,Sports,"[""Baseball""]",open,binary,0.53,0.54,0.53,0.535,0.465,0.535,0.01,19778.23,19778.23,19737.3,0,2026-09-14T03:20:00Z,2026-09-17T23:45:00Z,2026-09-17T23:45:00Z,,,,greater,7.5,,,True,2026-09-14T18:09:39+00:00,,,,
kalshi,KXDIMAYORGAME-26SEP14AMEPAS-AME,https://kalshi.com/markets/kxdimayorgame/liga-dimayor-game,https://kalshi.com/markets/kxdimayorgame/liga-dimayor-game/kxdimayorgame-26sep14amepas,America Cali wins,America Cali,KXDIMAYORGAME-26SEP14AMEPAS,America Cali vs Pasto,KXDIMAYORGAME,Liga DIMAYOR Game,Sports,"[""Soccer""]",open,binary,0.71,0.72,0.72,0.715,0.285,0.715,0.01,20433.89,19740.21,19629.07,0,2026-09-11T00:35:00Z,2026-09-17T01:00:00Z,2026-09-17T01:00:00Z,,,,structured,,,,True,2026-09-14T18:09:47+00:00,,,,
kalshi,KXNFLRECYDS-26SEP14DENKC-DENPBRYANT13-25,https://kalshi.com/markets/kxnflrecyds/pro-football-receiving-yards,https://kalshi.com/markets/kxnflrecyds/pro-football-receiving-yards/kxnflrecyds-26sep14denkc,Pat Bryant: 25+ receiving yards,Pat Bryant: 25+,KXNFLRECYDS-26SEP14DENKC,Denver vs Kansas City: Receiving Yards,KXNFLRECYDS,Pro Football Receiving Yards,Sports,"[""Football""]",open,binary,0.51,0.53,0.53,0.52,0.48,0.52,0.02,21489.9,19681.82,21474.12,0,2026-09-08T00:55:00Z,2026-09-17T00:15:00Z,2026-09-17T00:15:00Z,,,,greater,24.5,,,True,2026-09-14T18:09:59+00:00,,,,
kalshi,KXBTCD-26SEP1417-T75249.99,https://kalshi.com/markets/kxbtcd/bitcoin-price-above-below,https://kalshi.com/markets/kxbtcd/bitcoin-price-above-below/kxbtcd-26sep1417,"Bitcoin price on Sep 14, 2026?","$75,250 or above",KXBTCD-26SEP1417,"BTC price on Sep 14, 2026 at 5pm EDT?",KXBTCD,Bitcoin price Above/below,Crypto,"[""Hourly"", ""BTC""]",open,binary,0.99,1,0.99,0.995,0.005,0.995,0.01,19672.92,19672.92,12275.21,0,2026-09-13T20:00:00Z,2026-09-14T21:00:00Z,2026-09-21T21:00:00Z,,,,greater,75249.99,,BRTI,True,2026-09-14T18:09:42+00:00,,,,
polymarket,0x8ea8c87efca8ca2354695b8c2aa25d9152d6a23d1d96970e021e557e51678fc1,https://polymarket.com/event/bitcoin-above-on-september-16-2026/bitcoin-above-72k-on-september-16-2026,,"Will the price of Bitcoin be above $72,000 on September 16?","72,000",994468,Bitcoin above ___ on September 16?,bitcoin-above-on-september-16-2026,Bitcoin above ___ on September 16?,,[],open,binary,0.991,0.994,0.992,0.9925,0.0075,0.9925,0.003,24342.352183000003,19646.865888,,44146.49285,2026-09-09T16:00:24Z,2026-09-16T16:00:00Z,2026-09-16T16:00:00Z,,,,,,,,,2026-09-14T18:09:38+00:00,1.8,"[""Yes"", ""No""]","[0.9925, 0.0075]",40032821340195503708944436547445864212362936577866895675921408081437958703625
kalshi,GOVPARTYFL-26-R,https://kalshi.com/markets/govpartyfl/florida-governor,https://kalshi.com/markets/govpartyfl/florida-governor/govpartyfl-26,Will the Republican party win the governorship in Florida,Byron Donalds,GOVPARTYFL-26,Florida Governor winner?,GOVPARTYFL,Florida Governor,Elections,"[""Governor""]",open,binary,0.8,0.81,0.82,0.805,0.195,0.805,0.01,845463.28,19638.48,722841.57,0,2025-01-26T15:00:00Z,2027-11-03T15:00:00Z,2027-11-03T15:00:00Z,,,,structured,,,,True,2026-09-14T18:10:59+00:00,,,,
kalshi,KXMAYORLA-26-NRAM,https://kalshi.com/markets/kxmayorla/la,https://kalshi.com/markets/kxmayorla/la/kxmayorla-26,Who will win Los Angeles Mayoral Election?,Nithya Raman,KXMAYORLA-26,Los Angeles Mayor winner?,KXMAYORLA,LA,Elections,"[""US Elections"", ""Other US Elections""]",open,binary,0.35,0.36,0.36,0.355,0.645,0.355,0.01,15931620.16,19577.67,5808980.04,0,2026-02-07T22:00:00Z,2027-06-02T14:00:00Z,2027-06-02T14:00:00Z,,,,custom,,,,True,2026-09-14T18:10:52+00:00,,,,
kalshi,KXNFLNFCSOUTH-27-TB,https://kalshi.com/markets/kxnflnfcsouth/national-football-conference-south-winner,https://kalshi.com/markets/kxnflnfcsouth/national-football-conference-south-winner/kxnflnfcsouth-27,Will Tampa Bay win the Pro Football NFC South Division?,Tampa Bay,KXNFLNFCSOUTH-27,NFC South Division Winner,KXNFLNFCSOUTH,National Football Conference South Winner,Sports,"[""Football""]",open,binary,0.34,0.36,0.36,0.35,0.65,0.35,0.02,167398.51,19560.31,137393.63,0,2026-02-10T15:00:00Z,2027-01-25T15:00:00Z,2027-01-25T15:00:00Z,,,,structured,,,,True,2026-09-14T18:10:52+00:00,,,,
kalshi,KXNFLFIRSTTD-26SEP14DENKC-DENMMIMS19,https://kalshi.com/markets/kxnflfirsttd/pro-football-first-touchdown,https://kalshi.com/markets/kxnflfirsttd/pro-football-first-touchdown/kxnflfirsttd-26sep14denkc,Marvin Mims Jr.: 1st Touchdown,Marvin Mims Jr.,KXNFLFIRSTTD-26SEP14DENKC,Denver vs Kansas City: 1st Touchdown,KXNFLFIRSTTD,Pro Football First Touchdown,Sports,"[""Football""]",open,binary,0.02,0.03,0.03,0.025,0.975,0.025,0.01,21249.7,19552.97,21249.7,0,2026-09-10T23:28:00Z,2026-09-17T00:15:00Z,2026-09-17T00:15:00Z,,,,structured,,,,True,2026-09-14T18:09:48+00:00,,,,
polymarket,0xc4ebab9f2830f6df67ab1b98615d5a9be8eebd106fd0f37e9a25e4a4edcc427c,https://polymarket.com/event/where-will-the-next-next-round-of-us-iran-peace-talks-beptptpt-20260623023740663/will-no-qualifying-diplomatic-us-iran-meeting-occur-by-september-30-2026-20260622185050763,,"Will no qualifying diplomatic US-Iran meeting occur by September 30, 2026?",No Meeting by September 30,624242,Where will the next next round of US-Iran peace talks be...?,where-will-the-next-next-round-of-us-iran-peace-talks-beptptpt-20260623023740663,Where will the next next round of US-Iran peace talks be...?,,[],open,binary,0.901,0.91,0.9,0.9055,0.0945,0.9055,0.009,1268291.1351589991,19551.686811,,48800.57062,2026-06-23T02:49:53.408743Z,2026-10-01T03:59:00Z,2026-10-01T03:59:00Z,,,,,,,,,2026-09-14T18:09:38+00:00,0.05,"[""Yes"", ""No""]","[0.9055, 0.0945]",10618696958805388450273982806566275602086720395274264354492776873006123003601
kalshi,KXNFLMATCHUP-27SB-JACCHI,https://kalshi.com/markets/kxnflmatchup/pro-football-matchups,https://kalshi.com/markets/kxnflmatchup/pro-football-matchups/kxnflmatchup-27sb,2026-27 Championship Game Matchup: Jacksonville vs Chicago,Jacksonville vs Chicago,KXNFLMATCHUP-27SB,Pro Football Championship Game Matchup,KXNFLMATCHUP,Pro Football Matchups,Sports,"[""Football""]",open,binary,0,0.01,0.01,0.005,0.995,0.005,0.01,50619.48,19545.47,50619.48,0,2026-07-21T19:00:00Z,2027-02-21T23:30:00Z,2027-02-21T23:30:00Z,,,,custom,,,,True,2026-09-14T18:10:28+00:00,,,,
kalshi,KXMLBALEAST-26-NYY,https://kalshi.com/markets/kxmlbaleast/american-league-east-winner,https://kalshi.com/markets/kxmlbaleast/american-league-east-winner/kxmlbaleast-26,Will New York Y be the 2026 AL East Division Winner,New York Y,KXMLBALEAST-26,AL East Division Winner,KXMLBALEAST,American League East Winner,Sports,"[""Baseball""]",open,binary,0.11,0.12,0.12,0.115,0.885,0.115,0.01,491474.16,19526.49,175422.92,0,2025-12-17T15:00:00Z,2026-11-15T04:00:00Z,2026-11-15T04:00:00Z,,,,structured,,,,True,2026-09-14T18:10:55+00:00,,,,
kalshi,KXCOPPERD-26SEP1417-T6.46,https://kalshi.com/markets/kxcopperd/daily-copper,https://kalshi.com/markets/kxcopperd/daily-copper/kxcopperd-26sep1417,"Will the copper close price be above 6.46 USD/Lbs on September 14, 2026 at 5:00 PM EDT?",Above $6.46,KXCOPPERD-26SEP1417,"Copper price on September 14, 2026 at 5:00 PM EDT?",KXCOPPERD,Daily Copper,Commodities,"[""Metals""]",open,binary,0.03,0.04,0.04,0.035,0.965,0.035,0.01,19455.41,19435.41,1577.42,0,2026-09-11T09:20:00Z,2026-09-14T21:00:00Z,2026-09-21T22:00:00Z,,,,greater,6.46,,,True,2026-09-14T18:09:45+00:00,,,,
kalshi,KXMLBTOTAL-26SEP142040SDCOL-11,https://kalshi.com/markets/kxmlbtotal/pro-baseball-total-points,https://kalshi.com/markets/kxmlbtotal/pro-baseball-total-points/kxmlbtotal-26sep142040sdcol,Over 10.5 runs scored,Over 10.5 runs scored,KXMLBTOTAL-26SEP142040SDCOL,San Diego vs Colorado: Total Runs,KXMLBTOTAL,Pro Baseball Total Points,Sports,"[""Baseball""]",open,binary,0.54,0.55,0.55,0.545,0.455,0.545,0.01,19402.74,19402.74,18974.48,0,2026-09-13T20:00:00Z,2026-09-18T00:40:00Z,2026-09-18T00:40:00Z,,,,greater,10.5,,,True,2026-09-14T18:09:40+00:00,,,,
polymarket,0x8e661a112d0e1639edcabb24b4556c79e1226db95af6977bb05ad98d1e846bca,https://polymarket.com/event/highest-temperature-in-nyc-on-september-14-2026/highest-temperature-in-nyc-on-september-14-2026-74-75f,,Will the highest temperature in New York City be between 74-75°F on September 14?,74-75°F,1009108,Highest temperature in NYC on September 14?,highest-temperature-in-nyc-on-september-14-2026,Highest temperature in NYC on September 14?,,[],open,binary,,0.001,0.001,0.0005,0.9995,0.0005,0.001,25811.51094400001,19365.900536999998,,6063.84658,2026-09-12T07:56:15Z,2026-09-14T12:00:00Z,2026-09-14T12:00:00Z,,,,,,,,,2026-09-14T18:09:38+00:00,-51.95,"[""Yes"", ""No""]","[0.0005, 0.9995]",22881287031859024241605243785472052591197197694064922565809811879142912286337
polymarket,0x3a3becf905da80c4f5a7d886514120d52febd9635bf13522924888cd9da803f3,https://polymarket.com/event/israel-x-iran-ceasefire-continues-throughptptpt-20260716224448963/israel-x-iran-ceasefire-continues-through-september-15,,Israel x Iran ceasefire continues through September 15?,September 15,711714,Israel x Iran ceasefire continues through...?,israel-x-iran-ceasefire-continues-throughptptpt-20260716224448963,Israel x Iran ceasefire continues through...?,,[],open,binary,0.978,0.986,0.985,0.982,0.018,0.982,0.008,128636.74972300002,19323.863455,,36998.27469,2026-09-10T17:58:02.695914Z,2026-09-30T20:29:00Z,2026-09-30T20:29:00Z,,,,,,,,,2026-09-14T18:09:38+00:00,0.05,"[""Yes"", ""No""]","[0.982, 0.018]",81455995459587775821311420488665758990681594615113079518876286804187992055554
polymarket,0xc06512b8e826f36d2c4bb5e79c821ceb5297c865dcde60960aa79b10c5ed76ba,https://polymarket.com/event/highest-temperature-in-hong-kong-on-september-14-2026/highest-temperature-in-hong-kong-on-september-14-2026-32c,,Will the highest temperature in Hong Kong be 32°C on September 14?,32°C,1008349,Highest temperature in Hong Kong on September 14?,highest-temperature-in-hong-kong-on-september-14-2026,Highest temperature in Hong Kong on September 14?,,[],open,binary,,0.001,0.009,0.0005,0.9995,0.0005,0.001,21871.377345,19323.638345,,4074.20532,2026-09-12T04:56:58Z,2026-09-14T12:00:00Z,2026-09-14T12:00:00Z,,,,,,,,,2026-09-14T18:09:38+00:00,-44.45,"[""Yes"", ""No""]","[0.0005, 0.9995]",6555899090478281201037146362598223051124965947086392646149844333829891860722
polymarket,0xce7e7cf1095049795a6047746d548fa23b543157566ab308b29ea060a1b4bdb6,https://polymarket.com/event/highest-temperature-in-paris-on-september-14-2026/highest-temperature-in-paris-on-september-14-2026-28c,,Will the highest temperature in Paris be 28°C on September 14?,28°C,1008335,Highest temperature in Paris on September 14?,highest-temperature-in-paris-on-september-14-2026,Highest temperature in Paris on September 14?,,[],open,binary,,0.001,0.001,0.0005,0.9995,0.0005,0.001,25507.985255999996,19308.986549,,5443.7094,2026-09-12T04:56:14Z,2026-09-14T12:00:00Z,2026-09-14T12:00:00Z,,,,,,,,,2026-09-14T18:09:38+00:00,-41.45,"[""Yes"", ""No""]","[0.0005, 0.9995]",24629511356132850892529515864732663476501919365220290239207025644767849989924
polymarket,0x9c7b2500bf511842e49dbf24b04c246773da24296c292c3c4c5d29b7569f62c6,https://polymarket.com/event/will-xi-jinping-visit-us-before-2027/will-xi-jinping-visit-us-by-october-31,,Will Xi Jinping visit US by October 31?,October 31,208023,Will Xi Jinping visit US by...?,will-xi-jinping-visit-us-before-2027,Will Xi Jinping visit US by...?,,[],open,binary,0.962,0.974,0.959,0.968,0.032,0.968,0.012,95892.94709299998,19270.648122,,23458.96335,2026-08-21T07:35:49.522Z,2026-10-31T23:59:00Z,2026-10-31T23:59:00Z,,,,,,,,,2026-09-14T18:09:38+00:00,2.9,"[""Yes"", ""No""]","[0.968, 0.032]",62273953983654906486172611991568790858540765125518800314870798540149705034395
kalshi,KXPRESNOMD-28-AOC,https://kalshi.com/markets/kxpresnomd/democratic-primary-winner,https://kalshi.com/markets/kxpresnomd/democratic-primary-winner/kxpresnomd-28,Will Alexandria Ocasio-Cortez be the Democratic Presidential nominee in 2028?,Alexandria Ocasio-Cortez,KXPRESNOMD-28,2028 Democratic presidential nominee,KXPRESNOMD,Democratic Primary winner,Elections,"[""2028"", ""US Elections""]",open,binary,0.15,0.16,0.15,0.155,0.845,0.155,0.01,9233074.53,19248.74,4725198.59,0,2024-11-06T15:00:00Z,2028-11-07T15:00:00Z,2028-11-07T15:00:00Z,,,,custom,,,,True,2026-09-14T18:10:59+00:00,,,,
polymarket,0x777c36cb439b5a8cf54d2449c2d355f91fc50d7c076caad4deaf97c749489392,https://polymarket.com/event/epl-2027-champion-20260701200428749/will-manchester-united-win-the-2026-27-english-premier-league-epl-championship-20260701200428762,,Will Manchester United win the 2026-27 English Premier League (EPL) Championship?,Manchester United,659518,EPL: 2027 Champion,epl-2027-champion-20260701200428749,EPL: 2027 Champion,,[],open,binary,0.014,0.015,0.014,0.0145,0.9855,0.0145,0.001,680321.1194980001,19244.6716,,595377.99176,2026-07-02T18:14:05.694422Z,2027-05-30T23:59:00Z,2027-05-30T23:59:00Z,,,,,,,,,2026-09-14T18:09:38+00:00,-1.05,"[""Yes"", ""No""]","[0.0145, 0.9855]",73050236093508473398082398966067213274195424600650056280148681977814431775527
kalshi,KXPRESPERSON-28-JOSS,https://kalshi.com/markets/kxpresperson/pres-person,https://kalshi.com/markets/kxpresperson/pres-person/kxpresperson-28,Who will win the next presidential election?,Jon Ossoff,KXPRESPERSON-28,2028 U.S. Presidential Election winner?,KXPRESPERSON,Pres person,Elections,"[""2028"", ""US Elections""]",open,binary,0.11,0.12,0.12,0.115,0.885,0.115,0.01,4161185.83,19233.58,2623048.32,0,2025-12-27T22:00:00Z,2029-11-07T15:00:00Z,2029-11-07T15:00:00Z,,,,custom,,,,True,2026-09-14T18:10:55+00:00,,,,
kalshi,SENATEGA-26-D,https://kalshi.com/markets/senatega/georgia-senate-race,https://kalshi.com/markets/senatega/georgia-senate-race/senatega-26,Will Democratics win the Senate race in Georgia?,Jon Ossoff,SENATEGA-26,Georgia Senate winner?,SENATEGA,Georgia Senate race,Elections,"[""Senate""]",open,binary,0.935,0.937,0.937,0.936,0.064,0.936,0.002,382313.76,19186.73,218764.54,0,2024-12-03T15:00:00Z,2027-11-03T15:00:00Z,2027-11-03T15:00:00Z,,,,structured,,,,True,2026-09-14T18:10:59+00:00,,,,
polymarket,0x8126317d621047fb13d508a2651eecc8d38305904671822a62309c5aabd353aa,https://polymarket.com/event/next-french-presidential-election/will-marine-le-pen-win-the-2027-french-presidential-election,,Will Marine Le Pen win the 2027 French presidential election?,Marine Le Pen,79987,Next French Presidential Election,next-french-presidential-election,Next French Presidential Election,,[],open,binary,0.348,0.35,0.348,0.349,0.651,0.349,0.002,2442035.689319,19062.462038,,385285.4628,2025-11-13T23:09:35.8119Z,2027-04-30T00:00:00Z,2027-04-30T00:00:00Z,,,,,,,,,2026-09-14T18:09:38+00:00,0.45,"[""Yes"", ""No""]","[0.349, 0.651]",55764212211467781322980371912612507865974994976253196346176314491480419639168
kalshi,KXPGATOUR-BICA26-BTOD,https://kalshi.com/markets/kxpgatour/pga-tour,https://kalshi.com/markets/kxpgatour/pga-tour/kxpgatour-bica26,Will Brendon Todd win the Biltmore Championship Asheville?,Brendon Todd,KXPGATOUR-BICA26,Biltmore Championship Asheville Winner,KXPGATOUR,PGA Tour,Sports,"[""Golf""]",open,binary,0,0.001,0.001,0.0005,0.9995,0.0005,0.001,19057.36,19057.36,19057.36,0,2026-09-13T23:05:00Z,2026-10-04T00:00:00Z,2026-10-04T00:00:00Z,,,,structured,,,,True,2026-09-14T18:09:40+00:00,,,,
polymarket,0xc3952aa994965780bb4d5498082b695e96858b4a3d6baf96ca0c0eafeb639379,https://polymarket.com/event/what-price-will-bitcoin-hit-september-14-20-2026/will-bitcoin-reach-82k-september-14-20-2026,,"Will Bitcoin reach $82,000 September 14-20?","↑ 82,000",1020834,What price will Bitcoin hit September 14-20?,what-price-will-bitcoin-hit-september-14-20-2026,What price will Bitcoin hit September 14-20?,,[],open,binary,0.39,0.4,0.41,0.395,0.605,0.395,0.01,19018.063911,19021.397245,,45932.8981,2026-09-14T04:00:14Z,2026-09-21T04:00:00Z,2026-09-21T04:00:00Z,,,,,,,,,2026-09-14T18:09:38+00:00,,"[""Yes"", ""No""]","[0.395, 0.605]",46057448824467807697118510245641509816838326174873383609055135295220608347276
kalshi,KXGOLD15M-26SEP141415-15,https://kalshi.com/markets/kxgold15m/gold-15-minute,https://kalshi.com/markets/kxgold15m/gold-15-minute/kxgold15m-26sep141415,Gold price up in next 15 mins?,"Target Price: $4,311.17",KXGOLD15M-26SEP141415,"Gold 15 min · $4,311.17 target",KXGOLD15M,Gold 15-minute,Commodities,"[""Metals""]",open,binary,0.39,0.4,0.39,0.395,0.605,0.395,0.01,126496.9,18938.91,34915.47,0,2026-09-14T18:00:00Z,2026-09-14T18:15:00Z,2026-09-21T18:15:00Z,,,,greater_or_equal,4311.17,,,True,2026-09-14T18:09:40+00:00,,,,
polymarket,0x1dd5f687b0f7aaa76ac2d2f2ea328ed825902e835a44cb4fa22f6c89848c26fb,https://polymarket.com/event/pro-football-2027-champion-20260729185915366/will-the-carolina-panthers-win-the-2027-nfl-league-championship,,Will the Carolina Panthers win the 2027 NFL league championship?,Carolina Panthers,202857,Pro Football: 2027 Champion,pro-football-2027-champion-20260729185915366,Pro Football: 2027 Champion,,[],open,binary,0.005,0.006,0.005,0.0055,0.9945,0.0055,0.001,4009318.4655400016,18884.520366,,241733.14949,2026-02-09T00:42:13.75Z,2027-03-31T23:55:00Z,2027-03-31T23:55:00Z,,,,,,,,,2026-09-14T18:09:38+00:00,-0.1,"[""Yes"", ""No""]","[0.0055, 0.9945]",8289676553668905192646292194810844127463224729038516393438317442304948394619
kalshi,KXDPWORLDTOUR-BMPC26-PREE,https://kalshi.com/markets/kxdpworldtour/dp-world-tour-tournament-winner,https://kalshi.com/markets/kxdpworldtour/dp-world-tour-tournament-winner/kxdpworldtour-bmpc26,Will Patrick Reed win the BMW PGA Championship?,Patrick Reed,KXDPWORLDTOUR-BMPC26,BMW PGA Championship Winner,KXDPWORLDTOUR,DP World Tour Tournament Winner,Sports,"[""Golf""]",open,binary,0.035,0.036,0.036,0.0355,0.9645,0.0355,0.001,20703.58,18867.16,20675.54,0,2026-09-12T12:00:00Z,2026-10-04T00:00:00Z,2026-10-04T00:00:00Z,,,,structured,,,,True,2026-09-14T18:09:43+00:00,,,,
kalshi,KXFEDDECISION-26OCT-C25,https://kalshi.com/markets/kxfeddecision/fed-meeting,https://kalshi.com/markets/kxfeddecision/fed-meeting/kxfeddecision-26oct,Will the Federal Reserve Cut rates by 25bps at their October 2026 meeting?,Cut 25bps,KXFEDDECISION-26OCT,Fed decision in Oct 2026?,KXFEDDECISION,Fed meeting,Economics,"[""Fed""]",open,binary,0.02,0.03,0.03,0.025,0.975,0.025,0.01,334235.81,18861.49,283334.59,0,2025-09-29T14:00:00Z,2026-10-28T17:59:00Z,2027-01-27T18:01:00Z,,,,custom,,,,True,2026-09-14T18:10:57+00:00,,,,
kalshi,KXT20MATCH-26SEP140900EMIDES-EMI,https://kalshi.com/markets/kxt20match/men-s-t20-cricket-match,https://kalshi.com/markets/kxt20match/men-s-t20-cricket-match/kxt20match-26sep140900emides,Mi Emirates Development wins,Mi Emirates Development,KXT20MATCH-26SEP140900EMIDES,Desert Vipers Development vs Mi Emirates Development,KXT20MATCH,Men's T20 Cricket Match,Sports,"[""Cricket""]",open,binary,0,0.01,0.01,0.005,0.995,0.005,0.01,19287.73,18820.15,14879.3,0,2026-09-12T00:11:00Z,2026-09-16T17:00:00Z,2026-09-16T17:00:00Z,,,,structured,,,,True,2026-09-14T18:09:44+00:00,,,,
kalshi,KXETH-26SEP1417-B2470,https://kalshi.com/markets/kxeth/ethereum-range,https://kalshi.com/markets/kxeth/ethereum-range/kxeth-26sep1417,"Ethereum price at Sep 14, 2026 at 5pm EDT?","$2,450 to 2,489.99",KXETH-26SEP1417,"ETH price range on Sep 14, 2026 at 5pm EDT?",KXETH,Ethereum range,Crypto,"[""Hourly"", ""ETH""]",open,binary,0,0.04,0.05,0.02,0.98,0.02,0.04,18819.02,18819.02,12270.77,0,2026-09-13T20:00:00Z,2026-09-14T21:00:00Z,2026-09-21T21:00:00Z,,,,between,2450,2489.99,ERTI,True,2026-09-14T18:09:42+00:00,,,,
kalshi,KXBTCMAXMON-BTC-26SEP30-9000000,https://kalshi.com/markets/kxbtcmaxmon/bitcoin-monthly-one-touch,https://kalshi.com/markets/kxbtcmaxmon/bitcoin-monthly-one-touch/kxbtcmaxmon-btc-26sep30,"Will BTC trimmed mean be above $90000.00 by 11:59 PM ET on Sep 30, 2026?","Above $90,000.00",KXBTCMAXMON-BTC-26SEP30,How high will BTC get in September?,KXBTCMAXMON,Bitcoin monthly one touch,Crypto,"[""BTC""]",open,binary,0.09,0.1,0.1,0.095,0.905,0.095,0.01,145930.65,18708.51,88793.95,0,2026-09-01T04:10:00Z,2026-10-01T03:59:59Z,2026-10-08T03:59:59Z,,,,greater,90000,,,True,2026-09-14T18:10:07+00:00,,,,
kalshi,KXNFLRECYDS-26SEP14DENKC-KCKWALKER9-15,https://kalshi.com/markets/kxnflrecyds/pro-football-receiving-yards,https://kalshi.com/markets/kxnflrecyds/pro-football-receiving-yards/kxnflrecyds-26sep14denkc,Kenneth Walker III: 15+ receiving yards,Kenneth Walker III: 15+,KXNFLRECYDS-26SEP14DENKC,Denver vs Kansas City: Receiving Yards,KXNFLRECYDS,Pro Football Receiving Yards,Sports,"[""Football""]",open,binary,0.63,0.64,0.64,0.635,0.365,0.635,0.01,19298.76,18684.21,19111.32,0,2026-09-04T21:04:00Z,2026-09-17T00:15:00Z,2026-09-17T00:15:00Z,,,,greater,14.5,,,True,2026-09-14T18:10:01+00:00,,,,
kalshi,KXNFLTD-26SEP14DENKC-DENCSUTTON14-2,https://kalshi.com/markets/kxnfltd/pro-football-touchdowns,https://kalshi.com/markets/kxnfltd/pro-football-touchdowns/kxnfltd-26sep14denkc,Courtland Sutton: 2+ touchdowns,Courtland Sutton: 2+,KXNFLTD-26SEP14DENKC,Denver vs Kansas City: Touchdowns,KXNFLTD,Pro Football Touchdowns,Sports,"[""Football""]",open,binary,0.03,0.04,0.04,0.035,0.965,0.035,0.01,19090.53,18676.53,18887.42,0,2026-09-04T21:04:00Z,2026-09-17T00:15:00Z,2026-09-17T00:15:00Z,,,,greater,1.5,,,True,2026-09-14T18:10:01+00:00,,,,
polymarket,0xc6a813afa81a2c40d726313cfa16b31794907393efd33939150a64a46b41c19d,https://polymarket.com/event/sea-tor-rom-2026-09-14-more-markets/sea-tor-rom-2026-09-14-total-0pt5,,Torino FC vs. AS Roma: O/U 0.5,O/U 0.5,945985,Torino FC vs. AS Roma - More Markets,sea-tor-rom-2026-09-14-more-markets,Torino FC vs. AS Roma - More Markets,,[],open,binary,0.999,1,0.999,0.9995,0.0005,0.9995,0.001,18671.823638999995,18660.761019,,137490.05254,2026-09-01T05:00:50Z,2026-09-14T16:30:00Z,2026-09-14T16:30:00Z,,,,,,,,,2026-09-14T18:09:38+00:00,5.95,"[""Over"", ""Under""]","[0.9995, 0.0005]",32756243107240258559790627158687830886837267035950636770147741104923931261434
polymarket,0xdbe93b5a701f36076a560fa4b9ba59e365a6e8e2ea6a83764640010657277ca4,https://polymarket.com/event/who-will-be-the-next-prime-minister-of-israel-after-the-next-election/will-gadi-eizenkot-be-the-next-prime-minister-of-israel,,Will Gadi Eizenkot be the next Prime Minister of Israel?,Gadi Eizenkot,81557,Prime Minister of Israel after the next election?,who-will-be-the-next-prime-minister-of-israel-after-the-next-election,Prime Minister of Israel after the next election?,,[],open,binary,0.537,0.542,0.536,0.5395,0.4605,0.5395,0.005,1968258.4675460001,18626.174923999995,,145281.93612,2025-11-15T00:27:03.488789Z,2026-12-31T00:00:00Z,2026-12-31T00:00:00Z,,,,,,,,,2026-09-14T18:09:38+00:00,1.2,"[""Yes"", ""No""]","[0.5395, 0.4605]",52487256270918227930942830546248720603566203568229607048093730748840489555808
kalshi,KXPGATOUR-BICA26-KNAK,https://kalshi.com/markets/kxpgatour/pga-tour,https://kalshi.com/markets/kxpgatour/pga-tour/kxpgatour-bica26,Will Keita Nakajima win the Biltmore Championship Asheville?,Keita Nakajima,KXPGATOUR-BICA26,Biltmore Championship Asheville Winner,KXPGATOUR,PGA Tour,Sports,"[""Golf""]",open,binary,0.01,0.018,0.018,0.014,0.986,0.014,0.008,19317,18621.41,19317,0,2026-09-13T23:05:00Z,2026-10-04T00:00:00Z,2026-10-04T00:00:00Z,,,,structured,,,,True,2026-09-14T18:09:40+00:00,,,,
polymarket,0x48b0b0bca515f68fccf95af4793dbd0edbfec1f8ec6e8df2c0f69ba74f8c4722,https://polymarket.com/event/trump-out-as-president-before-2027/trump-out-as-president-before-2027,,Trump out as President before 2027?,,73969,Trump out as President before 2027?,trump-out-as-president-before-2027,Trump out as President before 2027?,,[],open,binary,0.05,0.06,0.06,0.055,0.945,0.055,0.01,11591940.411844997,18619.013054999996,,325538.6499,2025-11-05T21:57:19.399255Z,2027-01-01T04:59:00Z,2027-01-01T04:59:00Z,,,,,,,,,2026-09-14T18:09:38+00:00,-1,"[""Yes"", ""No""]","[0.055, 0.945]",59252515735652674747158950210016502214756531287333895140318848923768750410355
polymarket,0x35135d218173dde69f1c067bd1f4fc0cd9c2bc9ff0bfacd7c5ef18c24d53960d,https://polymarket.com/event/atp-delaney-shirais-2026-09-14/atp-delaney-shirais-2026-09-14,,Guangzhou: Jake Delaney vs Hikaru Shiraishi,,1013690,Guangzhou: Jake Delaney vs Hikaru Shiraishi,atp-delaney-shirais-2026-09-14,Guangzhou: Jake Delaney vs Hikaru Shiraishi,,[],open,binary,0.63,0.64,0.64,0.635,0.365,0.635,0.01,18633.34916,18616.58497300003,,6125.6884,2026-09-12T23:05:29Z,2026-09-21T08:00:00Z,2026-09-21T08:00:00Z,,,,,,,,,2026-09-14T18:09:38+00:00,7,"[""Jake Delaney"", ""Hikaru Shiraishi""]","[0.635, 0.365]",94758148855832339253957158466608321521295816721774339822195808878313975827454
kalshi,KXNFLAFCCHAMP-27-BAL,https://kalshi.com/markets/kxnflafcchamp/american-football-conference-champion,https://kalshi.com/markets/kxnflafcchamp/american-football-conference-champion/kxnflafcchamp-27,Will Baltimore win the Pro Football AFC Championship?,Baltimore,KXNFLAFCCHAMP-27,AFC Championship Winner,KXNFLAFCCHAMP,American Football Conference Champion,Sports,"[""Football""]",open,binary,0.15,0.16,0.16,0.155,0.845,0.155,0.01,260384.86,18596.4,215312.28,0,2026-02-07T15:00:00Z,2027-02-22T15:00:00Z,2027-02-22T15:00:00Z,,,,structured,,,,True,2026-09-14T18:10:52+00:00,,,,
kalshi,KXPGATOUR-BICA26-JPOS,https://kalshi.com/markets/kxpgatour/pga-tour,https://kalshi.com/markets/kxpgatour/pga-tour/kxpgatour-bica26,Will J.T. Poston win the Biltmore Championship Asheville?,J.T. Poston,KXPGATOUR-BICA26,Biltmore Championship Asheville Winner,KXPGATOUR,PGA Tour,Sports,"[""Golf""]",open,binary,0.027,0.031,0.031,0.029,0.971,0.029,0.004,18594.82,18592.82,17903.16,0,2026-09-13T23:05:00Z,2026-10-04T00:00:00Z,2026-10-04T00:00:00Z,,,,structured,,,,True,2026-09-14T18:09:40+00:00,,,,
kalshi,KXPRESNOMD-28-KH,https://kalshi.com/markets/kxpresnomd/democratic-primary-winner,https://kalshi.com/markets/kxpresnomd/democratic-primary-winner/kxpresnomd-28,Will Kamala Harris be the Democratic Presidential nominee in 2028?,Kamala Harris,KXPRESNOMD-28,2028 Democratic presidential nominee,KXPRESNOMD,Democratic Primary winner,Elections,"[""2028"", ""US Elections""]",open,binary,0.076,0.077,0.077,0.0765,0.9235,0.0765,0.001,7375236.23,18569.72,4540957.95,0,2024-11-06T15:00:00Z,2028-11-07T15:00:00Z,2028-11-07T15:00:00Z,,,,custom,,,,True,2026-09-14T18:10:59+00:00,,,,
kalshi,KXMLBGAME-26SEP142140MIAAZ-AZ,https://kalshi.com/markets/kxmlbgame/professional-baseball-game,https://kalshi.com/markets/kxmlbgame/professional-baseball-game/kxmlbgame-26sep142140miaaz,Arizona wins,Arizona,KXMLBGAME-26SEP142140MIAAZ,Miami vs Arizona,KXMLBGAME,Professional Baseball Game,Sports,"[""Baseball""]",open,binary,0.54,0.55,0.55,0.545,0.455,0.545,0.01,18583.49,18507.05,18500.8,0,2026-09-12T01:55:00Z,2026-09-18T01:40:00Z,2026-09-18T01:40:00Z,,,,structured,,,,True,2026-09-14T18:09:43+00:00,,,,
kalshi,KXLIGAMXGAME-26SEP19AMECDG-AME,https://kalshi.com/markets/kxligamxgame/liga-mx-game,https://kalshi.com/markets/kxligamxgame/liga-mx-game/kxligamxgame-26sep19amecdg,America wins,America,KXLIGAMXGAME-26SEP19AMECDG,America vs Guadalajara,KXLIGAMXGAME,Liga MX Game,Sports,"[""Soccer""]",open,binary,0.38,0.39,0.39,0.385,0.615,0.385,0.01,19716.3,18495.54,19374.51,0,2026-09-06T00:38:00Z,2026-09-22T09:00:00Z,2026-09-22T09:00:00Z,,,,structured,,,,True,2026-09-14T18:10:00+00:00,,,,
polymarket,0x7b2fbaa6995a068aae8fb08a44f406297f50ce738b34afb3d18fda96ae23643a,https://polymarket.com/event/brazil-presidential-election-first-round-2nd-place/will-augusto-cury-finish-in-second-place-in-the-first-round-of-the-2026-brazilian-presidential-election,,Will Augusto Cury finish in second place in the first round of the 2026 Brazilian presidential election?,Augusto Cury,204972,Brazil Presidential Election First Round: 2nd Place,brazil-presidential-election-first-round-2nd-place,Brazil Presidential Election First Round: 2nd Place,,[],open,binary,0.004,0.006,0.004,0.005,0.995,0.005,0.002,195437.981669,18474.736950000002,,93743.86161,2026-02-11T22:52:04.40864Z,2026-10-04T00:00:00Z,2026-10-04T00:00:00Z,,,,,,,,,2026-09-14T18:09:38+00:00,-0.05,"[""Yes"", ""No""]","[0.005, 0.995]",75728678012125693725825218372405149633405183480387094320873300717760191170651
kalshi,KXNCAAFGAME-26SEP19DSUUSF-DSU,https://kalshi.com/markets/kxncaafgame/college-football-game,https://kalshi.com/markets/kxncaafgame/college-football-game/kxncaafgame-26sep19dsuusf,Delaware St. wins,Delaware St.,KXNCAAFGAME-26SEP19DSUUSF,Delaware St. vs South Florida,KXNCAAFGAME,College Football Game,Sports,"[""Football""]",open,binary,0,0.01,0.01,0.005,0.995,0.005,0.01,42198.25,18465.1,40762.32,0,2026-09-06T01:07:00Z,2026-09-21T23:00:00Z,2026-09-21T23:00:00Z,,,,structured,,,,True,2026-09-14T18:10:00+00:00,,,,
kalshi,KXBTCD-26SEP1817-T72499.99,https://kalshi.com/markets/kxbtcd/bitcoin-price-above-below,https://kalshi.com/markets/kxbtcd/bitcoin-price-above-below/kxbtcd-26sep1817,"Bitcoin price on Sep 18, 2026?","$72,500 or above",KXBTCD-26SEP1817,"BTC price on Sep 18, 2026 at 5pm EDT?",KXBTCD,Bitcoin price Above/below,Crypto,"[""Hourly"", ""BTC""]",open,binary,0.96,0.98,0.95,0.97,0.03,0.97,0.02,21242.63,18464.73,18196.67,0,2026-09-11T20:00:00Z,2026-09-18T21:00:00Z,2026-09-25T21:00:00Z,,,,greater,72499.99,,BRTI,True,2026-09-14T18:09:46+00:00,,,,
polymarket,0xe0d9f508a249e0070db06eb7d1e1fb17eb23c963f6fb722c4c3f81e23240c1cd,https://polymarket.com/event/how-many-fed-rate-cuts-in-2026/will-2-fed-rate-cuts-happen-in-2026,,Will 2 Fed rate cuts happen in 2026?,2 (50 bps),51456,How many Fed rate cuts in 2026?,how-many-fed-rate-cuts-in-2026,How many Fed rate cuts in 2026?,,[],open,binary,0.005,0.008,0.006,0.0065,0.9935,0.0065,0.003,3086309.4572809995,18420.800573,,108821.56462,2025-09-29T22:24:47.580779Z,2026-12-31T00:00:00Z,2026-12-31T00:00:00Z,,,,,,,,,2026-09-14T18:09:38+00:00,-0.3,"[""Yes"", ""No""]","[0.0065, 0.9935]",72535544017897924722695722172278828562733090748474862987195303914909938482758
kalshi,KXHEISMAN-27-DMENS,https://kalshi.com/markets/kxheisman/heisman-trophy-winner,https://kalshi.com/markets/kxheisman/heisman-trophy-winner/kxheisman-27,Who will win Heisman Trophy?,Darian Mensah,KXHEISMAN-27,Heisman Trophy Winner,KXHEISMAN,Heisman Trophy Winner,Sports,"[""Football""]",open,binary,0.14,0.16,0.16,0.15,0.85,0.15,0.02,1310607.07,18417.64,1104933.55,0,2026-02-05T17:15:00Z,2027-01-01T15:00:00Z,2027-01-15T15:00:00Z,,,,custom,,,,True,2026-09-14T18:10:52+00:00,,,,
polymarket,0xc3fb6eaf207d0ea8e5875270cebe8242bac8faa35c320f3d022d48ef4e217392,https://polymarket.com/event/what-price-will-bitcoin-hit-in-september-2026/will-bitcoin-reach-80k-in-september-2026-from-september-7,,"Will Bitcoin reach $80,000 in September?","↑ 80,000",946004,What price will Bitcoin hit in September?,what-price-will-bitcoin-hit-in-september-2026,What price will Bitcoin hit in September?,,[],open,binary,0.84,0.85,0.84,0.845,0.155,0.845,0.01,204340.04806499998,18376.808949,,53438.2304,2026-09-07T16:17:10Z,2026-10-01T04:00:00Z,2026-10-01T04:00:00Z,,,,,,,,,2026-09-14T18:09:38+00:00,19,"[""Yes"", ""No""]","[0.845, 0.155]",46364303237419899608627414541711384020089010893184759854132936983484917089017
kalshi,KXNFLNFCCHAMP-27-SF,https://kalshi.com/markets/kxnflnfcchamp/national-football-conference-champion,https://kalshi.com/markets/kxnflnfcchamp/national-football-conference-champion/kxnflnfcchamp-27,Will San Francisco win the Pro Football NFC Championship?,San Francisco,KXNFLNFCCHAMP-27,NFC Championship Winner,KXNFLNFCCHAMP,National Football Conference Champion,Sports,"[""Football""]",open,binary,0.12,0.13,0.13,0.125,0.875,0.125,0.01,580215.17,18331.37,455801.44,0,2026-02-07T15:00:00Z,2027-02-22T15:00:00Z,2027-02-22T15:00:00Z,,,,structured,,,,True,2026-09-14T18:10:52+00:00,,,,
kalshi,KXNFLRSHYDS-26SEP14DENKC-KCKWALKER9-65,https://kalshi.com/markets/kxnflrshyds/pro-football-rushing-yards,https://kalshi.com/markets/kxnflrshyds/pro-football-rushing-yards/kxnflrshyds-26sep14denkc,Kenneth Walker III: 65+ rushing yards,Kenneth Walker III: 65+,KXNFLRSHYDS-26SEP14DENKC,Denver vs Kansas City: Rushing Yards,KXNFLRSHYDS,Pro Football Rushing Yards,Sports,"[""Football""]",open,binary,0.48,0.51,0.48,0.495,0.505,0.495,0.03,18400.36,18326.22,17123.71,0,2026-09-04T21:04:00Z,2026-09-17T00:15:00Z,2026-09-17T00:15:00Z,,,,greater,64.5,,,True,2026-09-14T18:10:01+00:00,,,,
polymarket,0x193d5c420a06c1679363e56bfaaff2e8fbb6b77ce5b59852c34c11ebf2b4886d,https://polymarket.com/event/cs2-ww-young2-2026-09-14/cs2-ww-young2-2026-09-14-game1,,Counter-Strike: WW Team vs Young27 - Map 1 Winner,Map 1 Winner,1009741,Counter-Strike: WW Team vs Young27 (BO3) - CIS LAN Championship Group C,cs2-ww-young2-2026-09-14,Counter-Strike: WW Team vs Young27 (BO3) - CIS LAN Championship Group C,,[],open,binary,,0.001,0.04,0.0005,0.9995,0.0005,0.001,18305.767731,18305.767731,,36728.9694,2026-09-12T10:15:56Z,2026-09-14T21:50:00Z,2026-09-14T21:50:00Z,,,,,,,,,2026-09-14T18:09:38+00:00,-45.95,"[""WW Team"", ""Young27""]","[0.0005, 0.9995]",105714807709306698498285002805377232000670900312570386761095125134400449915558
polymarket,0x8b01d6dd942c3b18f6ba8606b93ac7531c8a48c2b3e8622c98c707a9a2c251a5,https://polymarket.com/event/lal-ala-val-2026-09-15/lal-ala-val-2026-09-15-ala,,Will Deportivo Alavés win on 2026-09-15?,Deportivo Alavés,952074,Deportivo Alavés vs. Valencia CF,lal-ala-val-2026-09-15,Deportivo Alavés vs. Valencia CF,,[],open,binary,0.51,0.52,0.52,0.515,0.485,0.515,0.01,28125.498938,18258.068837000003,,144476.5823,2026-09-02T06:00:14Z,2026-09-15T18:00:00Z,2026-09-15T18:00:00Z,,,,,,,,,2026-09-14T18:09:38+00:00,,"[""Yes"", ""No""]","[0.515, 0.485]",34070873903326512308551939806999682036390469897009365763240571813577238015749
polymarket,0x3d0a685d16be5856fa39c7d605869bd461d007a5c747d3b8fff21505c78fec4c,https://polymarket.com/event/mlb-nyy-min-2026-09-14/mlb-nyy-min-2026-09-14-total-8pt5,,New York Yankees vs. Minnesota Twins: O/U 8.5,O/U 8.5,988206,New York Yankees vs. Minnesota Twins,mlb-nyy-min-2026-09-14,New York Yankees vs. Minnesota Twins,,[],open,binary,0.47,0.48,0.48,0.475,0.525,0.475,0.01,18256.076659,18256.076659000002,,146569.6579,2026-09-13T19:29:57Z,2026-09-14T23:40:00Z,2026-09-14T23:40:00Z,,,,,,,,,2026-09-14T18:09:38+00:00,,"[""Over"", ""Under""]","[0.475, 0.525]",34897629787554628157433951510699910179895764563274786699917100913456030202437
kalshi,KXWTI-26SEP1414-T99.99,https://kalshi.com/markets/kxwti/wti-oil-on-day,https://kalshi.com/markets/kxwti/wti-oil-on-day/kxwti-26sep1414,"Will the WTI crude oil settlement price be above 99.99 USD/Bbl on Sep 14, 2026?",Above $99.99,KXWTI-26SEP1414,"Oil Price (WTI) on Sep 14, 2026?",KXWTI,WTI oil on day,Commodities,"[""Oil & Gas""]",open,binary,0.97,0.98,0.97,0.975,0.025,0.975,0.01,28525.14,18210.29,10989.65,0,2026-09-10T23:30:00Z,2026-09-14T18:30:00Z,2026-09-21T19:30:00Z,,,,greater,99.99,,,True,2026-09-14T18:09:48+00:00,,,,
polymarket,0xe6955da0a395201505b3317e30c1142fc808d152b1164abecda843d2630c7de3,https://polymarket.com/event/what-price-will-bitcoin-hit-on-september-14-2026/will-bitcoin-reach-81k-on-september-14-2026,,"Will Bitcoin reach $81,000 on September 14?","↑ 81,000",1020833,What price will Bitcoin hit on September 14?,what-price-will-bitcoin-hit-on-september-14-2026,What price will Bitcoin hit on September 14?,,[],open,binary,0.019,0.033,0.031,0.026,0.974,0.026,0.014,18179.928450000003,18179.928450000003,,23927.88629,2026-09-14T04:00:17Z,2026-09-15T04:00:00Z,2026-09-15T04:00:00Z,,,,,,,,,2026-09-14T18:09:38+00:00,,"[""Yes"", ""No""]","[0.026, 0.974]",61156212671625664267677118539970380759627203173768229655975184278147434525259
polymarket,0x86dee3f66a2eef2e129f1a0a675aa658f83cddd99ac7277d24d1807934d7cde8,https://polymarket.com/event/elon-musk-of-tweets-september-11-september-18-2026/elon-musk-of-tweets-september-11-september-18-2026-500plus,,"Will Elon Musk post 500+ tweets from September 11 to September 18, 2026?",500+,986503,"Elon Musk # tweets September 11 - September 18, 2026?",elon-musk-of-tweets-september-11-september-18-2026,"Elon Musk # tweets September 11 - September 18, 2026?",,[],open,binary,,0.003,0.001,0.0015,0.9985,0.0015,0.003,65799.59150000001,18168.851,,3798.48478,2026-09-08T04:00:42Z,2026-09-18T16:00:00Z,2026-09-18T16:00:00Z,,,,,,,,,2026-09-14T18:09:38+00:00,0.1,"[""Yes"", ""No""]","[0.0015, 0.9985]",9146838300327025402218811941056039416981862427475442370087682910583713847151
kalshi,KXRECSSNBER-26,https://kalshi.com/markets/kxrecssnber/recession,https://kalshi.com/markets/kxrecssnber/recession/kxrecssnber-26,Will there be a recession in 2026?,Starts,KXRECSSNBER-26,Recession this year?,KXRECSSNBER,Recession,Economics,"[""Growth""]",open,binary,0.04,0.05,0.05,0.045,0.955,0.045,0.01,3461156.66,18132.65,914426.06,0,2025-07-14T14:00:00Z,2027-01-31T13:25:00Z,2027-02-07T15:00:00Z,,,,,,,,True,2026-09-14T18:10:58+00:00,,,,
polymarket,0xd12682255e4328261adbd2ba5cb7f067ee8c96d80921a0bb43fcdacacf0d8cdb,https://polymarket.com/event/sea-com-par-2026-09-14-more-markets/sea-com-par-2026-09-14-first-half-total-0pt5,,Como 1907 vs. Parma Calcio 1913: 1st Half O/U 0.5,1st Half O/U 0.5,945984,Como 1907 vs. Parma Calcio 1913 - More Markets,sea-com-par-2026-09-14-more-markets,Como 1907 vs. Parma Calcio 1913 - More Markets,,[],open,binary,0.999,1,0.999,0.9995,0.0005,0.9995,0.001,18174.304250000005,18119.707029,,70939.06123,2026-09-01T05:00:42Z,2026-09-14T16:30:00Z,2026-09-14T16:30:00Z,,,,,,,,,2026-09-14T18:09:38+00:00,26.45,"[""Over"", ""Under""]","[0.9995, 0.0005]",21491063283231110056311804181432727602072129496286510698994502276087376958537
polymarket,0x8aaaca6ea5c037d3cdfe85272ab9029b7165694dcae8af0de5071f01a1a944f0,https://polymarket.com/event/berlin-state-election-winner/will-afd-win-the-most-seats-in-the-2026-berlin-state-elections,,Will AfD win the most seats in the 2026 Berlin state elections?,AfD,95248,Berlin State Election Winner,berlin-state-election-winner,Berlin State Election Winner,,[],open,binary,0.087,0.089,0.089,0.088,0.912,0.088,0.002,2481330.0945939994,18106.863448,,72379.6983,2025-12-02T11:38:43.603Z,2026-09-20T00:00:00Z,2026-09-20T00:00:00Z,,,,,,,,,2026-09-14T18:09:38+00:00,-0.05,"[""Yes"", ""No""]","[0.088, 0.912]",67784084156063245454459357229936847964117127235086701895468125487885758601780
kalshi,KXNCAAF1H-26SEP18PRSTORE-PRST,https://kalshi.com/markets/kxncaaf1h/college-football-1st-half-winner,https://kalshi.com/markets/kxncaaf1h/college-football-1st-half-winner/kxncaaf1h-26sep18prstore,Portland St. wins the 1st half,Portland St. wins 1st Half,KXNCAAF1H-26SEP18PRSTORE,Portland St. vs Oregon: 1st Half Winner,KXNCAAF1H,College Football 1st Half Winner,Sports,"[""Football""]",open,binary,0,0.01,0.01,0.005,0.995,0.005,0.01,18272.14,18092.77,18272.14,0,2026-09-05T04:22:00Z,2026-09-21T02:30:00Z,2026-09-21T02:30:00Z,,,,structured,,,,True,2026-09-14T18:10:01+00:00,,,,
kalshi,KXMLBKS-26SEP141910BALNYM-NYMJTONG21-6,https://kalshi.com/markets/kxmlbks/pro-baseball-strikeouts,https://kalshi.com/markets/kxmlbks/pro-baseball-strikeouts/kxmlbks-26sep141910balnym,Jonah Tong: 6+ strikeouts?,Jonah Tong: 6+,KXMLBKS-26SEP141910BALNYM,Baltimore vs New York M: Strikeouts,KXMLBKS,Pro Baseball Strikeouts,Sports,"[""Baseball""]",open,binary,0.52,0.53,0.52,0.525,0.475,0.525,0.01,18104.46,18084,17955.78,0,2026-09-14T00:55:00Z,2026-09-17T23:10:00Z,2026-09-17T23:10:00Z,,,,greater,5.5,,,True,2026-09-14T18:09:40+00:00,,,,
kalshi,KXNFLGAME-26SEP20CINHOU-CIN,https://kalshi.com/markets/kxnflgame/professional-football-game,https://kalshi.com/markets/kxnflgame/professional-football-game/kxnflgame-26sep20cinhou,Cincinnati wins,Cincinnati,KXNFLGAME-26SEP20CINHOU,CIN Bengals vs HOU Texans,KXNFLGAME,Professional Football Game,Sports,"[""Football""]",open,binary,0.4,0.41,0.41,0.405,0.595,0.405,0.01,31769.6,18079.67,22697.97,0,2026-08-25T15:33:00Z,2026-09-22T17:00:00Z,2026-09-22T17:00:00Z,,,,structured,,,,True,2026-09-14T18:10:11+00:00,,,,
kalshi,KXPREMIERLEAGUE-27-CFC,https://kalshi.com/markets/kxpremierleague/premier-league,https://kalshi.com/markets/kxpremierleague/premier-league/kxpremierleague-27,Will Chelsea win the English Premier League?,Chelsea,KXPREMIERLEAGUE-27,English Premier League Champion,KXPREMIERLEAGUE,PREMIER LEAGUE,Sports,"[""Soccer""]",open,binary,0.06,0.07,0.07,0.065,0.935,0.065,0.01,550126.47,18047.92,421413.28,0,2026-06-02T17:30:00Z,2027-06-13T21:00:00Z,2027-06-13T21:00:00Z,,,,structured,,,,True,2026-09-14T18:10:36+00:00,,,,
polymarket,0x1ce39e2c9303c4e56fd66699df529524a11907c9e33fe0414856cdf7277dcb75,https://polymarket.com/event/lol-exe-esb-2026-09-14/lol-exe-esb-2026-09-14-game4,,LoL: EXILE esports vs eSuba - Game 4 Winner,Game 4 Winner,999141,LoL: EXILE esports vs eSuba (BO5) - Hitpoint Masters Playoffs,lol-exe-esb-2026-09-14,LoL: EXILE esports vs eSuba (BO5) - Hitpoint Masters Playoffs,,[],open,binary,,0.001,0.007,0.0005,0.9995,0.0005,0.001,18036.708567,18036.708566999994,,88949.18295,2026-09-10T13:20:57Z,2026-09-14T20:30:00Z,2026-09-14T20:30:00Z,,,,,,,,,2026-09-14T18:09:38+00:00,-49.95,"[""EXILE esports"", ""eSuba""]","[0.0005, 0.9995]",58184696924732062491721165158713752165457241642475186661285468382055327856423
kalshi,SENATEKS-26-D,https://kalshi.com/markets/senateks/kansas-senate-race,https://kalshi.com/markets/senateks/kansas-senate-race/senateks-26,Will Democratics win the Senate race in Kansas?,Adam Hamilton,SENATEKS-26,Kansas Senate winner?,SENATEKS,Kansas Senate race,Elections,"[""Senate""]",open,binary,0.21,0.22,0.22,0.215,0.785,0.215,0.01,533822.19,18005.76,423181.31,0,2024-12-03T15:00:00Z,2027-11-03T15:00:00Z,2027-11-03T15:00:00Z,,,,structured,,,,True,2026-09-14T18:10:59+00:00,,,,
kalshi,KXNFLGAME-26SEP20MINCHI-CHI,https://kalshi.com/markets/kxnflgame/professional-football-game,https://kalshi.com/markets/kxnflgame/professional-football-game/kxnflgame-26sep20minchi,Chicago wins,Chicago,KXNFLGAME-26SEP20MINCHI,MIN Vikings vs CHI Bears,KXNFLGAME,Professional Football Game,Sports,"[""Football""]",open,binary,0.68,0.69,0.69,0.685,0.315,0.685,0.01,28897.09,18003.77,20867.65,0,2026-08-25T15:33:00Z,2026-09-22T17:00:00Z,2026-09-22T17:00:00Z,,,,structured,,,,True,2026-09-14T18:10:11+00:00,,,,
polymarket,0x62e0476fe91da05713136609ae0a492c39557cc82795c1c11a4de8d18364238d,https://polymarket.com/event/wta-maneiro-salkova-2026-09-14/wta-maneiro-salkova-2026-09-14,,Sao Paulo Open: Jessica Bouzas Maneiro vs Dominika Salkova,,1016150,Sao Paulo Open: Jessica Bouzas Maneiro vs Dominika Salkova,wta-maneiro-salkova-2026-09-14,Sao Paulo Open: Jessica Bouzas Maneiro vs Dominika Salkova,,[],open,binary,0.75,0.76,0.76,0.755,0.245,0.755,0.01,18042.376437000003,17996.699017,,91928.261,2026-09-13T10:14:23Z,2026-09-21T13:00:00Z,2026-09-21T13:00:00Z,,,,,,,,,2026-09-14T18:09:38+00:00,,"[""Jessica Bouzas Maneiro"", ""Dominika Salkova""]","[0.755, 0.245]",2469587235374059829994374733028172409908416198756232799086314105235437618708
polymarket,0xe7a464eaf3aa5f378aeb08cef1d23ddb58f75b46aba414e8b66a2a451f168a7d,https://polymarket.com/event/next-round-of-us-iran-peace-talks-byptptpt-20260623022722982/us-x-iran-diplomatic-meeting-by-march-31-2027-491,,"US x Iran diplomatic meeting by March 31, 2027?","March 31, 2027",624218,Next round of US-Iran peace talks by...?,next-round-of-us-iran-peace-talks-byptptpt-20260623022722982,Next round of US-Iran peace talks by...?,,[],open,binary,0.57,0.58,0.58,0.575,0.425,0.575,0.01,302158.76269999996,17991.011584,,71212.6197,2026-08-17T16:02:35Z,2027-03-31T23:59:00Z,2027-03-31T23:59:00Z,,,,,,,,,2026-09-14T18:09:38+00:00,-2,"[""Yes"", ""No""]","[0.575, 0.425]",76162681986412222084151815751378210731459809297643200339009832543804919900919
polymarket,0x41c6341dd79903aca4bb0c29f5a7976946c3774d2fd72f38cbb7de7092144520,https://polymarket.com/event/republican-presidential-nominee-2028/will-mike-pence-win-the-2028-republican-presidential-nomination,,Will Mike Pence win the 2028 Republican presidential nomination?,Mike Pence,31875,Republican Presidential Nominee 2028,republican-presidential-nominee-2028,Republican Presidential Nominee 2028,,[],open,binary,0.001,0.002,0.002,0.0015,0.9985,0.0015,0.001,43707216.62343101,17933.997999999992,,1838315.95326,2025-07-11T19:42:26.21Z,2028-11-07T00:00:00Z,2028-11-07T00:00:00Z,,,,,,,,,2026-09-14T18:09:38+00:00,,"[""Yes"", ""No""]","[0.0015, 0.9985]",110467341601356058460373968989438018821471776813704553223329002744055822742107
polymarket,0x4458fb5045fe35fd96245c70f0d1eb8ebc519cef82710b41431b282f787e75d2,https://polymarket.com/event/isr-hh-bns-2026-09-14/isr-hh-bns-2026-09-14-bns,,Will Bnei Sakhnin FC win on 2026-09-14?,Bnei Sakhnin FC,983698,Hapoel Haifa FC vs. Bnei Sakhnin FC,isr-hh-bns-2026-09-14,Hapoel Haifa FC vs. Bnei Sakhnin FC,,[],open,binary,,0.001,0.028,0.0005,0.9995,0.0005,0.001,18010.834673,17922.584673,,52789.76115,2026-09-07T17:12:12Z,2026-09-14T16:30:00Z,2026-09-14T16:30:00Z,,,,,,,,,2026-09-14T18:09:38+00:00,-21.95,"[""Yes"", ""No""]","[0.0005, 0.9995]",49023354809091255449160523391400868442673594395646202873419106726407276554807
polymarket,0xd03ee2fa7d168ec0c7eb0a9ef9b80fb749ecbfe8ca14be2de469b7f9871023d6,https://polymarket.com/event/elon-musk-of-tweets-september-11-september-18-2026/elon-musk-of-tweets-september-11-september-18-2026-460-479,,"Will Elon Musk post 460-479 tweets from September 11 to September 18, 2026?",460-479,986503,"Elon Musk # tweets September 11 - September 18, 2026?",elon-musk-of-tweets-september-11-september-18-2026,"Elon Musk # tweets September 11 - September 18, 2026?",,[],open,binary,0.001,0.002,0.001,0.0015,0.9985,0.0015,0.001,23327.389000000003,17777.13,,8144.02875,2026-09-08T04:00:42Z,2026-09-18T16:00:00Z,2026-09-18T16:00:00Z,,,,,,,,,2026-09-14T18:09:38+00:00,0.1,"[""Yes"", ""No""]","[0.0015, 0.9985]",110204476537734340163870476110498736480977891426257130393688392791724882362536
kalshi,KXPGATOUR-BICA26-BJAM,https://kalshi.com/markets/kxpgatour/pga-tour,https://kalshi.com/markets/kxpgatour/pga-tour/kxpgatour-bica26,Will Benjamin James win the Biltmore Championship Asheville?,Benjamin James,KXPGATOUR-BICA26,Biltmore Championship Asheville Winner,KXPGATOUR,PGA Tour,Sports,"[""Golf""]",open,binary,0.039,0.04,0.04,0.0395,0.9605,0.0395,0.001,17757.87,17757.87,10583.33,0,2026-09-13T23:05:00Z,2026-10-04T00:00:00Z,2026-10-04T00:00:00Z,,,,structured,,,,True,2026-09-14T18:09:40+00:00,,,,
kalshi,KXNFLPASSYDS-26SEP14DENKC-KCPMAHOMES15-225,https://kalshi.com/markets/kxnflpassyds/pro-football-passing-yards,https://kalshi.com/markets/kxnflpassyds/pro-football-passing-yards/kxnflpassyds-26sep14denkc,Patrick Mahomes: 225+ passing yards,Patrick Mahomes: 225+,KXNFLPASSYDS-26SEP14DENKC,Denver vs Kansas City: Passing Yards,KXNFLPASSYDS,Pro Football Passing Yards,Sports,"[""Football""]",open,binary,0.48,0.49,0.49,0.485,0.515,0.485,0.01,19574.79,17757.01,19169.87,0,2026-09-10T23:29:00Z,2026-09-17T00:15:00Z,2026-09-17T00:15:00Z,,,,greater,224.5,,,True,2026-09-14T18:09:47+00:00,,,,
kalshi,KXXIUSA-26JUL07-OCT01,https://kalshi.com/markets/kxxiusa/will-xi-jinping-visit-the-usa,https://kalshi.com/markets/kxxiusa/will-xi-jinping-visit-the-usa/kxxiusa-26jul07,"Will Xi Jinping visit the United States of America before Oct 1, 2026?","Before Oct 1, 2026",KXXIUSA-26JUL07,Will Xi Jinping visit the United States?,KXXIUSA,Will Xi Jinping visit the USA?,Politics,"[""International""]",open,binary,0.94,0.95,0.93,0.945,0.055,0.945,0.01,121542.27,17724.39,82344.55,0,2026-07-07T23:00:00Z,2026-10-01T14:00:00Z,2026-10-08T14:00:00Z,,,,custom,,,,True,2026-09-14T18:10:31+00:00,,,,
kalshi,KXCOMPANYACTIONMERGER-27-26OCT01,https://kalshi.com/markets/kxcompanyactionmerger/company-merger,https://kalshi.com/markets/kxcompanyactionmerger/company-merger/kxcompanyactionmerger-27,"Will Tesla or SpaceX announce a definitive, binding agreement for Tesla to acquire SpaceX, SpaceX to acquire Tesla, or the two entities to merge or combine in any structure that results in a transfer of controlling interest or consolidation of the two entities under common corporate ownership before Oct 1, 2026?","Before Oct 1, 2026",KXCOMPANYACTIONMERGER-27,When will Tesla and SpaceX merge?,KXCOMPANYACTIONMERGER,Company Merger,Financials,"[""M&A""]",open,binary,0.02,0.03,0.02,0.025,0.975,0.025,0.01,284501.76,17718,224437.29,0,2026-03-26T00:00:00Z,2026-10-01T03:59:00Z,2026-10-08T14:00:00Z,,,,,,,,True,2026-09-14T18:10:49+00:00,,,,
polymarket,0xd3a84ca4ed028a0fbf30151e9910219d09e04f92c312e530b4d8980fd0596265,https://polymarket.com/event/por-rio-ama-2026-09-14/por-rio-ama-2026-09-14-rio,,Will Rio Ave FC win on 2026-09-14?,Rio Ave FC,965441,Rio Ave FC vs. CF Estrela da Amadora,por-rio-ama-2026-09-14,Rio Ave FC vs. CF Estrela da Amadora,,[],open,binary,0.3,0.31,0.31,0.305,0.695,0.305,0.01,17928.651047000014,17712.651047000014,,51097.5695,2026-09-04T17:45:35Z,2026-09-14T17:45:00Z,2026-09-14T17:45:00Z,,,,,,,,,2026-09-14T18:09:38+00:00,-4,"[""Yes"", ""No""]","[0.305, 0.695]",87895410681937869676736837059344843612166428941937762726801666349770800270522
polymarket,0x551c13c1ef9a3fc70f19b7926576b6e7064148db51d8f294c075b8e35e222cfb,https://polymarket.com/event/elon-musk-of-tweets-september-11-september-18-2026/elon-musk-of-tweets-september-11-september-18-2026-480-499,,"Will Elon Musk post 480-499 tweets from September 11 to September 18, 2026?",480-499,986503,"Elon Musk # tweets September 11 - September 18, 2026?",elon-musk-of-tweets-september-11-september-18-2026,"Elon Musk # tweets September 11 - September 18, 2026?",,[],open,binary,0.001,0.002,0.001,0.0015,0.9985,0.0015,0.001,23088.0255,17704.176,,8540.17158,2026-09-08T04:00:42Z,2026-09-18T16:00:00Z,2026-09-18T16:00:00Z,,,,,,,,,2026-09-14T18:09:38+00:00,0.1,"[""Yes"", ""No""]","[0.0015, 0.9985]",71528340623108681792054121980430385972947129249427540454723890655613840894380
polymarket,0x968a1a79e001d49fa3ee1429e3b95eb01797587740f86d4e6becf3ab1b275bfb,https://polymarket.com/event/ohio-senate-election-winner/will-the-democrats-win-the-ohio-senate-race-in-2026,,Will the Democrats win the Ohio Senate race in 2026?,Sherrod Brown (D),57682,Ohio Senate Election Winner,ohio-senate-election-winner,Ohio Senate Election Winner,,[],open,binary,0.53,0.54,0.54,0.535,0.465,0.535,0.01,192611.978865,17674.015301999996,,78066.1978,2025-10-13T20:41:04.34846Z,,,,,,,,,,,2026-09-14T18:09:38+00:00,2,"[""Yes"", ""No""]","[0.535, 0.465]",83018072688154066292491996133599479395547801317505487833443670253228061205312
kalshi,KXMLBHR-26SEP141940ATLCHC-CHCSSUZUKI27-1,https://kalshi.com/markets/kxmlbhr/pro-baseball-home-runs,https://kalshi.com/markets/kxmlbhr/pro-baseball-home-runs/kxmlbhr-26sep141940atlchc,Seiya Suzuki: 1+ home runs?,Seiya Suzuki: 1+,KXMLBHR-26SEP141940ATLCHC,Atlanta vs Chicago C: Home Runs,KXMLBHR,Pro Baseball Home Runs,Sports,"[""Baseball""]",open,binary,0.19,0.2,0.2,0.195,0.805,0.195,0.01,17704.91,17649.73,17622.29,0,2026-09-14T02:11:00Z,2026-09-17T23:40:00Z,2026-09-17T23:40:00Z,,,,greater,0.5,,,True,2026-09-14T18:09:39+00:00,,,,
kalshi,KXLOLGAME-26SEP141100KOIABIG-KOIA,https://kalshi.com/markets/kxlolgame/league-of-legends-game,https://kalshi.com/markets/kxlolgame/league-of-legends-game/kxlolgame-26sep141100koiabig,Movistar KOI Fénix wins,Movistar KOI Fénix,KXLOLGAME-26SEP141100KOIABIG,Movistar KOI Fénix vs. Berlin International Gaming,KXLOLGAME,League of Legends Game,Sports,"[""Esports""]",open,binary,0.32,0.38,0.38,0.35,0.65,0.35,0.06,18980.36,17614.78,12874.65,0,2026-09-13T22:25:00Z,2026-09-16T15:00:00Z,2026-09-16T15:00:00Z,,,,structured,,,,True,2026-09-14T18:09:40+00:00,,,,
kalshi,KXMLBHR-26SEP141910BALNYM-BALPALONSO25-1,https://kalshi.com/markets/kxmlbhr/pro-baseball-home-runs,https://kalshi.com/markets/kxmlbhr/pro-baseball-home-runs/kxmlbhr-26sep141910balnym,Pete Alonso: 1+ home runs?,Pete Alonso: 1+,KXMLBHR-26SEP141910BALNYM,Baltimore vs New York M: Home Runs,KXMLBHR,Pro Baseball Home Runs,Sports,"[""Baseball""]",open,binary,0.21,0.23,0.23,0.22,0.78,0.22,0.02,19685.51,17613.35,19165.8,0,2026-09-14T01:10:00Z,2026-09-17T23:10:00Z,2026-09-17T23:10:00Z,,,,greater,0.5,,,True,2026-09-14T18:09:40+00:00,,,,
kalshi,KXBRPRES-26-LULA,https://kalshi.com/markets/kxbrpres/brazil-presidency,https://kalshi.com/markets/kxbrpres/brazil-presidency/kxbrpres-26,Will Luiz Inácio Lula da Silva win the 2026 Brazilian presidential election?,Luiz Inácio Lula da Silva,KXBRPRES-26,Brazil Presidential election winner?,KXBRPRES,Brazil Presidency,Elections,"[""Brazil""]",open,binary,0.47,0.48,0.49,0.475,0.525,0.475,0.01,820986.34,17608.65,351009.01,0,2025-01-11T15:00:00Z,2027-10-25T14:00:00Z,2027-10-25T14:00:00Z,,,,,,,,True,2026-09-14T18:10:59+00:00,,,,
polymarket,0x94521176f57d2ce81dde01e0b7699ca4279423042d37ed53908f0c8bfefe7e14,https://polymarket.com/event/texas-senate-election-winner/will-the-republicans-win-the-texas-senate-race-in-2026,,Will the Republicans win the Texas Senate race in 2026?,Ken Paxton (R),57672,Texas Senate Election Winner,texas-senate-election-winner,Texas Senate Election Winner,,[],open,binary,0.48,0.5,0.5,0.49,0.51,0.49,0.02,697376.8976939999,17594.394862,,122425.5539,2025-10-13T21:28:56.505Z,,,,,,,,,,,2026-09-14T18:09:38+00:00,-3.5,"[""Yes"", ""No""]","[0.49, 0.51]",21265207456609426291246075480390336499088453711419597084147957999650569091884
polymarket,0xe771dbda5c8b39ef090ca94e1b05d6dd4046aae14c3c0a6f926db586027efeda,https://polymarket.com/event/mlb-atl-chc-2026-09-14/mlb-atl-chc-2026-09-14,,Atlanta Braves vs. Chicago Cubs,,988205,Atlanta Braves vs. Chicago Cubs,mlb-atl-chc-2026-09-14,Atlanta Braves vs. Chicago Cubs,,[],open,binary,0.44,0.45,0.45,0.445,0.555,0.445,0.01,17621.891514,17580.881514000004,,271728.132,2026-09-08T13:00:40Z,2026-09-21T23:40:00Z,2026-09-21T23:40:00Z,,,,,,,,,2026-09-14T18:09:38+00:00,-1,"[""Atlanta Braves"", ""Chicago Cubs""]","[0.445, 0.555]",72953629683997289487411873729577543694903035025731743461091616591047417345748
kalshi,KXFOMCDISSENTCOUNT-26SEP-0,https://kalshi.com/markets/kxfomcdissentcount/fomc-dissent-count,https://kalshi.com/markets/kxfomcdissentcount/fomc-dissent-count/kxfomcdissentcount-26sep,How many dissenting votes at the next Fed meeting?,0,KXFOMCDISSENTCOUNT-26SEP,How many dissenting votes at the September Fed meeting?,KXFOMCDISSENTCOUNT,FOMC dissent count,Economics,"[""Fed""]",open,binary,0.3,0.31,0.3,0.305,0.695,0.305,0.01,114155.86,17572.56,86057.96,0,2026-07-29T19:00:00Z,2026-09-16T17:59:00Z,2026-09-23T14:00:00Z,,,,between,0,0,,True,2026-09-14T18:10:25+00:00,,,,
kalshi,KXRATECUTCOUNT-26DEC31-T3,https://kalshi.com/markets/kxratecutcount/number-of-rate-cuts,https://kalshi.com/markets/kxratecutcount/number-of-rate-cuts/kxratecutcount-26dec31,Will the Fed cut rates 3 times?,Exactly 3 cuts,KXRATECUTCOUNT-26DEC31,Number of rate cuts in 2026?,KXRATECUTCOUNT,Number of rate cuts,Economics,"[""Fed""]",open,binary,0.002,0.005,0.005,0.0035,0.9965,0.0035,0.003,580958.17,17525.98,352632.32,0,2025-09-29T14:00:00Z,2027-01-01T04:59:00Z,2027-01-01T15:00:00Z,,,,between,3,3,,True,2026-09-14T18:10:57+00:00,,,,
kalshi,KXNFLTD-26SEP14DENKC-DENRHARVEY12-2,https://kalshi.com/markets/kxnfltd/pro-football-touchdowns,https://kalshi.com/markets/kxnfltd/pro-football-touchdowns/kxnfltd-26sep14denkc,RJ Harvey: 2+ touchdowns,RJ Harvey: 2+,KXNFLTD-26SEP14DENKC,Denver vs Kansas City: Touchdowns,KXNFLTD,Pro Football Touchdowns,Sports,"[""Football""]",open,binary,0.02,0.03,0.03,0.025,0.975,0.025,0.01,17502.27,17502.27,17367.15,0,2026-09-04T21:04:00Z,2026-09-17T00:15:00Z,2026-09-17T00:15:00Z,,,,greater,1.5,,,True,2026-09-14T18:10:01+00:00,,,,
kalshi,KXWTI-26SEP1414-T98.99,https://kalshi.com/markets/kxwti/wti-oil-on-day,https://kalshi.com/markets/kxwti/wti-oil-on-day/kxwti-26sep1414,"Will the WTI crude oil settlement price be above 98.99 USD/Bbl on Sep 14, 2026?",Above $98.99,KXWTI-26SEP1414,"Oil Price (WTI) on Sep 14, 2026?",KXWTI,WTI oil on day,Commodities,"[""Oil & Gas""]",open,binary,0.99,1,0.96,0.995,0.005,0.995,0.01,25971.95,17494.43,15079.91,0,2026-09-10T23:30:00Z,2026-09-14T18:30:00Z,2026-09-21T19:30:00Z,,,,greater,98.99,,,True,2026-09-14T18:09:48+00:00,,,,
kalshi,KXDENSUPERLIGATOTAL-26SEP14FCMBRO-3,https://kalshi.com/markets/kxdensuperligatotal/point-total,https://kalshi.com/markets/kxdensuperligatotal/point-total/kxdensuperligatotal-26sep14fcmbro,Will over 2.5 goals be scored?,Over 2.5 goals scored,KXDENSUPERLIGATOTAL-26SEP14FCMBRO,Midtjylland vs Broendby: Total Goals,KXDENSUPERLIGATOTAL,Point Total,Sports,"[""Soccer""]",open,binary,0.83,0.84,0.86,0.835,0.165,0.835,0.01,19761.14,17482.32,10732.48,0,2026-09-13T17:06:00Z,2026-09-16T17:00:00Z,2026-09-16T17:00:00Z,,,,greater,2.5,,,True,2026-09-14T18:09:41+00:00,,,,
kalshi,KXMLB-26-BOS,https://kalshi.com/markets/kxmlb/world-series,https://kalshi.com/markets/kxmlb/world-series/kxmlb-26,Will Boston win the 2026 Pro Baseball Championship?,Boston,KXMLB-26,Pro Baseball Champion,KXMLB,World Series,Sports,"[""Baseball""]",open,binary,0.046,0.047,0.047,0.0465,0.9535,0.0465,0.001,3880626.78,17444.41,2289877.41,0,2025-12-17T15:00:00Z,2028-10-31T04:00:00Z,2028-10-31T04:00:00Z,,,,structured,,,,True,2026-09-14T18:10:55+00:00,,,,
kalshi,KXHIGHNY-26SEP14-B76.5,https://kalshi.com/markets/kxhighny/highest-temperature-in-nyc,https://kalshi.com/markets/kxhighny/highest-temperature-in-nyc/kxhighny-26sep14,"Will the maximum temperature be 76-77° on Sep 14, 2026?",76° to 77°,KXHIGHNY-26SEP14,"Highest temperature in New York City on Sep 14, 2026?",KXHIGHNY,Highest temperature in NYC,Climate and Weather,"[""Daily temperature""]",open,binary,0.1,0.12,0.11,0.11,0.89,0.11,0.02,18235.12,17436.17,11498.18,0,2026-09-13T14:00:00Z,2026-09-15T05:00:00Z,2026-09-21T14:00:00Z,,,,between,76,77,CLINYC,True,2026-09-14T18:09:41+00:00,,,,
polymarket,0x4a23fca0d86bf1e6305476f859fbfe3b143b34212c92d0ec9257ffb8436336a8,https://polymarket.com/event/lal-vil-bet-2026-09-14-more-markets/lal-vil-bet-2026-09-14-total-1pt5,,Villarreal CF vs. Real Betis Balompié: O/U 1.5,O/U 1.5,946385,Villarreal CF vs. Real Betis Balompié - More Markets,lal-vil-bet-2026-09-14-more-markets,Villarreal CF vs. Real Betis Balompié - More Markets,,[],open,binary,0.86,0.87,0.87,0.865,0.135,0.865,0.01,17500.550290000003,17421.422018,,108781.4131,2026-09-01T07:00:29Z,2026-09-14T19:00:00Z,2026-09-14T19:00:00Z,,,,,,,,,2026-09-14T18:09:38+00:00,4,"[""Over"", ""Under""]","[0.865, 0.135]",7645691535801845839713363152841856361625985197788112921515669809368602829331
kalshi,KXBALLONDOR-26-LMES,https://kalshi.com/markets/kxballondor/ballon-d-or,https://kalshi.com/markets/kxballondor/ballon-d-or/kxballondor-26,Who will win the Ballon d'Or in 2026?,Lionel Messi,KXBALLONDOR-26,Who will win the Ballon d'Or in 2026?,KXBALLONDOR,Ballon d'Or,Sports,"[""Soccer""]",open,binary,0.04,0.05,0.05,0.045,0.955,0.045,0.01,1113792.92,17390.88,561347.32,0,2026-01-24T01:00:00Z,2026-12-31T04:59:00Z,2027-12-31T15:00:00Z,,,,custom,,,,True,2026-09-14T18:10:54+00:00,,,,
kalshi,KXNFLGAME-26SEP21NYGLAR-LAR,https://kalshi.com/markets/kxnflgame/professional-football-game,https://kalshi.com/markets/kxnflgame/professional-football-game/kxnflgame-26sep21nyglar,Los Angeles R wins,Los Angeles R,KXNFLGAME-26SEP21NYGLAR,NY Giants vs LA Rams,KXNFLGAME,Professional Football Game,Sports,"[""Football""]",open,binary,0.75,0.76,0.76,0.755,0.245,0.755,0.01,45237.6,17378.11,36722.04,0,2026-08-25T15:33:00Z,2026-09-24T00:15:00Z,2026-09-24T00:15:00Z,,,,structured,,,,True,2026-09-14T18:10:11+00:00,,,,
kalshi,KXMLBSPREAD-26SEP141940NYYMIN-NYY2,https://kalshi.com/markets/kxmlbspread/pro-baseball-spread,https://kalshi.com/markets/kxmlbspread/pro-baseball-spread/kxmlbspread-26sep141940nyymin,New York Y wins by over 1.5 runs?,New York Y wins by over 1.5 runs,KXMLBSPREAD-26SEP141940NYYMIN,New York Y vs Minnesota: Spread,KXMLBSPREAD,Pro Baseball Spread,Sports,"[""Baseball""]",open,binary,0.41,0.42,0.42,0.415,0.585,0.415,0.01,17780.69,17346.66,16212.92,0,2026-09-13T20:00:00Z,2026-09-17T23:40:00Z,2026-09-17T23:40:00Z,,,,greater,1.5,,,True,2026-09-14T18:09:40+00:00,,,,
kalshi,KXHEISMAN-27-AMANN,https://kalshi.com/markets/kxheisman/heisman-trophy-winner,https://kalshi.com/markets/kxheisman/heisman-trophy-winner/kxheisman-27,Who will win Heisman Trophy?,Arch Manning,KXHEISMAN-27,Heisman Trophy Winner,KXHEISMAN,Heisman Trophy Winner,Sports,"[""Football""]",open,binary,0.08,0.1,0.1,0.09,0.91,0.09,0.02,957873.56,17327.85,813351.47,0,2026-01-05T18:30:00Z,2027-01-01T15:00:00Z,2027-01-15T15:00:00Z,,,,custom,,,,True,2026-09-14T18:10:55+00:00,,,,
kalshi,KXHIGHMIA-26SEP14-B92.5,https://kalshi.com/markets/kxhighmia/highest-temperature-in-miami,https://kalshi.com/markets/kxhighmia/highest-temperature-in-miami/kxhighmia-26sep14,"Will the maximum temperature be 92-93° on Sep 14, 2026?",92° to 93°,KXHIGHMIA-26SEP14,"Highest temperature in Miami on Sep 14, 2026?",KXHIGHMIA,Highest temperature in Miami,Climate and Weather,"[""Daily temperature""]",open,binary,0,0.01,0.01,0.005,0.995,0.005,0.01,18229.45,17291.69,10022.96,0,2026-09-13T14:00:00Z,2026-09-15T05:00:00Z,2026-09-21T14:00:00Z,,,,between,92,93,CLIMIA,True,2026-09-14T18:09:41+00:00,,,,
kalshi,KXPRESNOMD-28-GN,https://kalshi.com/markets/kxpresnomd/democratic-primary-winner,https://kalshi.com/markets/kxpresnomd/democratic-primary-winner/kxpresnomd-28,Will Gavin Newsom be the Democratic Presidential nominee in 2028?,Gavin Newsom,KXPRESNOMD-28,2028 Democratic presidential nominee,KXPRESNOMD,Democratic Primary winner,Elections,"[""2028"", ""US Elections""]",open,binary,0.12,0.13,0.12,0.125,0.875,0.125,0.01,9967284.18,17246.2,4416716.24,0,2024-11-06T15:00:00Z,2028-11-07T15:00:00Z,2028-11-07T15:00:00Z,,,,custom,,,,True,2026-09-14T18:10:59+00:00,,,,
kalshi,KXMLB-26-CWS,https://kalshi.com/markets/kxmlb/world-series,https://kalshi.com/markets/kxmlb/world-series/kxmlb-26,Will Chicago WS win the 2026 Pro Baseball Championship?,Chicago WS,KXMLB-26,Pro Baseball Champion,KXMLB,World Series,Sports,"[""Baseball""]",open,binary,0.025,0.028,0.028,0.0265,0.9735,0.0265,0.003,2419555.02,17242.47,1745046.64,0,2025-12-17T15:00:00Z,2028-10-31T04:00:00Z,2028-10-31T04:00:00Z,,,,structured,,,,True,2026-09-14T18:10:55+00:00,,,,
polymarket,0x30f729ef18553d8956bfd7ae7a1e96dbad07e2476160239b23ec10e6cdc5f01b,https://polymarket.com/event/ballon-dor-winner-2026/will-rodri-win-the-2026-ballon-dor,,Will Rodri win the 2026 Ballon d'Or?,Rodri,48361,Ballon d'Or Winner 2026,ballon-dor-winner-2026,Ballon d'Or Winner 2026,,[],open,binary,0.05,0.06,0.06,0.055,0.945,0.055,0.01,1737646.0310630002,17235.528103,,123983.7209,2025-09-22T23:39:38.126Z,2026-10-31T00:00:00Z,2026-10-31T00:00:00Z,,,,,,,,,2026-09-14T18:09:38+00:00,-1,"[""Yes"", ""No""]","[0.055, 0.945]",78803948342995070838836736012795017072053448960983345349841661545681081452350
kalshi,KXNFLCOTY-27-LCOE,https://kalshi.com/markets/kxnflcoty/ap-pro-football-coach-of-the-year,https://kalshi.com/markets/kxnflcoty/ap-pro-football-coach-of-the-year/kxnflcoty-27,Will Liam Coen win the Coach of the Year?,Liam Coen,KXNFLCOTY-27,Coach of the Year Winner?,KXNFLCOTY,AP Pro Football Coach Of The Year,Sports,"[""Football""]",open,binary,0.03,0.04,0.06,0.035,0.965,0.035,0.01,46656.05,17232.71,43903.59,0,2026-03-31T02:00:00Z,2028-02-28T15:00:00Z,2028-02-28T15:00:00Z,,,,custom,,,,True,2026-09-14T18:10:49+00:00,,,,
polymarket,0x8e6d892346600222b7cb8350acd0e97dda1ae616259ba117ea2e9b59bbe038a1,https://polymarket.com/event/pro-football-2027-champion-20260729185915366/will-the-seattle-seahawks-win-the-2027-nfl-league-championship,,Will the Seattle Seahawks win the 2027 NFL league championship?,Seattle Seahawks,202857,Pro Football: 2027 Champion,pro-football-2027-champion-20260729185915366,Pro Football: 2027 Champion,,[],open,binary,0.06,0.07,0.07,0.065,0.935,0.065,0.01,1038069.5006009995,17232.350294,,162353.4932,2026-02-09T00:44:38.388Z,2027-03-31T23:55:00Z,2027-03-31T23:55:00Z,,,,,,,,,2026-09-14T18:09:38+00:00,-1,"[""Yes"", ""No""]","[0.065, 0.935]",44921620302443755066232904216706419654951291213279649386577553092891642701355
polymarket,0x0ee40cbab8b9f54e1dc8e820d1bff3eb3eef45f396e4b0cc5abacb9ae0086546,https://polymarket.com/event/sea-tor-rom-2026-09-14-exact-score/sea-tor-rom-2026-09-14-exact-score-1-3,,Exact Score: Torino FC 1 - 3 AS Roma?,Torino FC 1 - 3 AS Roma,944656,Torino FC vs. AS Roma - Exact Score,sea-tor-rom-2026-09-14-exact-score,Torino FC vs. AS Roma - Exact Score,,[],open,binary,0.006,0.009,0.053,0.0075,0.9925,0.0075,0.003,17599.946309,17216.612975,,80636.70667,2026-08-31T23:00:37Z,2026-09-14T16:30:00Z,2026-09-14T16:30:00Z,,,,,,,,,2026-09-14T18:09:38+00:00,-5.75,"[""Yes"", ""No""]","[0.0075, 0.9925]",72130044179963849954050454136707361793136711924092212713881089233296812502915
kalshi,KXIPOANTHROPIC-DATE-26OCT01,https://kalshi.com/markets/kxipoanthropic/anthropic-ipo,https://kalshi.com/markets/kxipoanthropic/anthropic-ipo/kxipoanthropic-date,When will Anthropic officially announce an IPO?,"Before Oct 1, 2026",KXIPOANTHROPIC-DATE,When will Anthropic officially announce an IPO?,KXIPOANTHROPIC,Anthropic IPO,Financials,"[""IPOs"", ""Companies""]",open,binary,0.01,0.03,0.03,0.02,0.98,0.02,0.02,629414.55,17179.91,333532.2,0,2026-04-01T14:00:00Z,2026-10-01T03:59:00Z,2026-10-08T14:00:00Z,,,,custom,,,,True,2026-09-14T18:10:49+00:00,,,,
kalshi,KXMLBSEASONGAMES-27-1930,https://kalshi.com/markets/kxmlbseasongames/pro-baseball-games-played-in-a-season,https://kalshi.com/markets/kxmlbseasongames/pro-baseball-games-played-in-a-season/kxmlbseasongames-27,"Will more than 1,930 games be played in the 2027 Pro Baseball regular season?","More than 1,930 games",KXMLBSEASONGAMES-27,Pro Baseball · Games Played in the 2027 Season,KXMLBSEASONGAMES,Pro Baseball Games Played in a Season,Sports,"[""Baseball""]",open,binary,0.7,0.71,0.71,0.705,0.295,0.705,0.01,20405.43,17129.5,7866.81,0,2026-08-26T22:00:00Z,2027-11-07T14:00:00Z,2027-11-07T14:00:00Z,,,,greater,1930,,,True,2026-09-14T18:10:10+00:00,,,,
kalshi,KXPRESNOMR-28-NMIN,https://kalshi.com/markets/kxpresnomr/republican-primary-winner,https://kalshi.com/markets/kxpresnomr/republican-primary-winner/kxpresnomr-28,Will Nicki Minaj be the nominee for the Presidency for the Republican party?,Nicki Minaj,KXPRESNOMR-28,2028 Republican presidential nominee,KXPRESNOMR,Republican Primary winner,Elections,"[""2028"", ""US Elections""]",open,binary,0.002,0.003,0.003,0.0025,0.9975,0.0025,0.001,1367267.72,17114.3,1239299.9,0,2025-12-22T17:00:00Z,2028-11-07T15:00:00Z,2028-11-07T15:00:00Z,,,,custom,,,,True,2026-09-14T18:10:55+00:00,,,,
kalshi,KXBALLONDOR-26-KMBA,https://kalshi.com/markets/kxballondor/ballon-d-or,https://kalshi.com/markets/kxballondor/ballon-d-or/kxballondor-26,Who will win the Ballon d'Or in 2026?,Kylian Mbappe,KXBALLONDOR-26,Who will win the Ballon d'Or in 2026?,KXBALLONDOR,Ballon d'Or,Sports,"[""Soccer""]",open,binary,0.12,0.13,0.14,0.125,0.875,0.125,0.01,1465127.91,17098.07,791300.77,0,2026-01-24T01:00:00Z,2026-12-31T04:59:00Z,2027-12-31T15:00:00Z,,,,custom,,,,True,2026-09-14T18:10:54+00:00,,,,
kalshi,KXNFLTOTAL-26SEP20CARATL-44,https://kalshi.com/markets/kxnfltotal/pro-football-total-points,https://kalshi.com/markets/kxnfltotal/pro-football-total-points/kxnfltotal-26sep20caratl,Full Game: over 43.5 points scored?,Over 43.5 points scored,KXNFLTOTAL-26SEP20CARATL,Carolina vs Atlanta: Total Points,KXNFLTOTAL,Pro Football Total Points,Sports,"[""Football""]",open,binary,0.52,0.53,0.54,0.525,0.475,0.525,0.01,17060.37,17060.37,16808.13,0,2026-09-14T01:05:00Z,2026-09-22T17:00:00Z,2026-09-22T17:00:00Z,,,,greater,43.5,,,True,2026-09-14T18:09:40+00:00,,,,
kalshi,KXMLBSPREAD-26SEP142040SDCOL-COL2,https://kalshi.com/markets/kxmlbspread/pro-baseball-spread,https://kalshi.com/markets/kxmlbspread/pro-baseball-spread/kxmlbspread-26sep142040sdcol,Colorado wins by over 1.5 runs?,Colorado wins by over 1.5 runs,KXMLBSPREAD-26SEP142040SDCOL,San Diego vs Colorado: Spread,KXMLBSPREAD,Pro Baseball Spread,Sports,"[""Baseball""]",open,binary,0.22,0.23,0.23,0.225,0.775,0.225,0.01,17059.68,17059.68,17013.71,0,2026-09-13T20:00:00Z,2026-09-18T00:40:00Z,2026-09-18T00:40:00Z,,,,greater,1.5,,,True,2026-09-14T18:09:40+00:00,,,,
kalshi,KXMLBGAME-26SEP141945SFSTL-SF,https://kalshi.com/markets/kxmlbgame/professional-baseball-game,https://kalshi.com/markets/kxmlbgame/professional-baseball-game/kxmlbgame-26sep141945sfstl,San Francisco wins,San Francisco,KXMLBGAME-26SEP141945SFSTL,San Francisco vs St. Louis,KXMLBGAME,Professional Baseball Game,Sports,"[""Baseball""]",open,binary,0.42,0.43,0.43,0.425,0.575,0.425,0.01,17230.8,17051.95,16540.33,0,2026-09-11T23:55:00Z,2026-09-17T23:45:00Z,2026-09-17T23:45:00Z,,,,structured,,,,True,2026-09-14T18:09:44+00:00,,,,
polymarket,0xc4c41407dd3e1be7fae485778117cd12832edebb652609cd34ba8eb60b817ee2,https://polymarket.com/event/what-price-will-ethereum-hit-before-2027/will-ethereum-dip-to-1750-by-december-31-2026-20260806184731889,,"Will Ethereum dip to $1,750 by December 31, 2026?","↓ 1,750",89519,What price will Ethereum hit in 2026?,what-price-will-ethereum-hit-before-2027,What price will Ethereum hit in 2026?,,[],open,binary,0.12,0.14,0.16,0.13,0.87,0.13,0.02,514426.50126699975,17039.018824,,40716.7277,2026-08-06T18:52:47.129477Z,2027-01-01T05:00:00Z,2027-01-01T05:00:00Z,,,,,,,,,2026-09-14T18:09:38+00:00,-3.5,"[""Yes"", ""No""]","[0.13, 0.87]",81719497766946990180917731789563048189911373599759752000681123601132059138851
kalshi,KXMLBSB-26SEP142138SEALAA-LAAZNETO9-1,https://kalshi.com/markets/kxmlbsb/pro-baseball-stolen-bases,https://kalshi.com/markets/kxmlbsb/pro-baseball-stolen-bases/kxmlbsb-26sep142138sealaa,Zach Neto: 1+ stolen bases?,Zach Neto: 1+,KXMLBSB-26SEP142138SEALAA,Seattle vs Los Angeles A: Stolen Bases,KXMLBSB,Pro Baseball Stolen Bases,Sports,"[""Baseball""]",open,binary,0.1,0.11,0.11,0.105,0.895,0.105,0.01,16996.18,16996.18,16996.18,0,2026-09-14T10:41:00Z,2026-09-18T01:38:00Z,2026-09-18T01:38:00Z,,,,greater,0.5,,,True,2026-09-14T18:09:38+00:00,,,,
polymarket,0x71a21eab87c301a53f2f33fad4dca7a1e7da8911b847c82ca37ed49d859a17a0,https://polymarket.com/event/berlin-state-election-winner/will-cdu-win-the-most-seats-in-the-2026-berlin-state-elections,,Will CDU win the most seats in the 2026 Berlin state elections?,CDU,95248,Berlin State Election Winner,berlin-state-election-winner,Berlin State Election Winner,,[],open,binary,0.27,0.28,0.28,0.275,0.725,0.275,0.01,310279.86019999994,16966.439039999997,,42576.5974,2025-12-02T11:38:43.858Z,2026-09-20T00:00:00Z,2026-09-20T00:00:00Z,,,,,,,,,2026-09-14T18:09:38+00:00,6,"[""Yes"", ""No""]","[0.275, 0.725]",15825754603876312502903119698982031844411870330182974791041852322557555300546
kalshi,KXDENSUPERLIGASPREAD-26SEP14FCMBRO-FCM2,https://kalshi.com/markets/kxdensuperligaspread/spread,https://kalshi.com/markets/kxdensuperligaspread/spread/kxdensuperligaspread-26sep14fcmbro,Midtjylland wins by more than 1.5 goals?,Midtjylland wins by more than 1.5 goals,KXDENSUPERLIGASPREAD-26SEP14FCMBRO,Midtjylland vs Broendby: Spread,KXDENSUPERLIGASPREAD,Spread,Sports,"[""Soccer""]",open,binary,0.72,0.74,0.76,0.73,0.27,0.73,0.02,16939.84,16939.84,10649.46,0,2026-09-13T17:06:00Z,2026-09-16T17:00:00Z,2026-09-16T17:00:00Z,,,,greater,1.5,,,True,2026-09-14T18:09:41+00:00,,,,
kalshi,KXWTI-26SEP1414-T104.49,https://kalshi.com/markets/kxwti/wti-oil-on-day,https://kalshi.com/markets/kxwti/wti-oil-on-day/kxwti-26sep1414,"Will the WTI crude oil settlement price be above 104.49 USD/Bbl on Sep 14, 2026?",Above $104.49,KXWTI-26SEP1414,"Oil Price (WTI) on Sep 14, 2026?",KXWTI,WTI oil on day,Commodities,"[""Oil & Gas""]",open,binary,0,0.01,0.01,0.005,0.995,0.005,0.01,19390.49,16918.16,8658.8,0,2026-09-10T23:30:00Z,2026-09-14T18:30:00Z,2026-09-21T19:30:00Z,,,,greater,104.49,,,True,2026-09-14T18:09:48+00:00,,,,
kalshi,KXNCAAF-27-ND,https://kalshi.com/markets/kxncaaf/ncaaf-championship,https://kalshi.com/markets/kxncaaf/ncaaf-championship/kxncaaf-27,Will Notre Dame win the College Football Playoff National Championship?,Notre Dame,KXNCAAF-27,College Football National Championship Winner,KXNCAAF,NCAAF Championship,Sports,"[""Football""]",open,binary,0.12,0.13,0.13,0.125,0.875,0.125,0.01,1895736.46,16860.38,1537381.08,0,2026-01-21T22:00:00Z,2027-02-23T04:00:00Z,2027-02-23T04:00:00Z,,,,structured,,,,True,2026-09-14T18:10:54+00:00,,,,
kalshi,KXEMMY-VS26SEP14-TIE,https://kalshi.com/markets/kxemmy/will-nominee-win-emmy,https://kalshi.com/markets/kxemmy/will-nominee-win-emmy/kxemmy-vs26sep14,Will Tie win Outstanding Variety Series at the Emmy Awards?,Tie,KXEMMY-VS26SEP14,Emmy winner: Outstanding Variety Series,KXEMMY,will nominee win emmy,Entertainment,"[""Emmys"", ""Awards"", ""Television""]",open,binary,0.27,0.28,0.28,0.275,0.725,0.275,0.01,135447.99,16847.13,58511.82,0,2026-08-18T01:51:00Z,2027-09-14T14:00:00Z,2027-09-14T14:00:00Z,,,,custom,,,,True,2026-09-14T18:10:18+00:00,,,,
kalshi,KXUSAIRANAGREEMENT-27-26NOV,https://kalshi.com/markets/kxusairanagreement/us-iran-nuclear-deal,https://kalshi.com/markets/kxusairanagreement/us-iran-nuclear-deal/kxusairanagreement-27,Will the US agree to a new Iranian nuclear deal this year?,"Before Nov 1, 2026",KXUSAIRANAGREEMENT-27,US-Iran nuclear deal?,KXUSAIRANAGREEMENT,US Iran nuclear deal,Politics,"[""Iran""]",open,binary,0.04,0.05,0.05,0.045,0.955,0.045,0.01,331319.39,16720.82,186556.37,0,2026-05-21T15:00:00Z,2026-11-01T15:00:00Z,2026-11-01T15:00:00Z,,,,,,,,True,2026-09-14T18:10:38+00:00,,,,
polymarket,0x909659c9436228e2be56d5582ba6188166f2f8bf3c596335512c8f2e380d01ec,https://polymarket.com/event/democratic-presidential-nominee-2028/will-kamala-harris-win-the-2028-democratic-presidential-nomination-641,,Will Kamala Harris win the 2028 Democratic presidential nomination?,Kamala Harris,30829,Democratic Presidential Nominee 2028,democratic-presidential-nominee-2028,Democratic Presidential Nominee 2028,,[],open,binary,0.082,0.083,0.083,0.0825,0.9175,0.0825,0.001,13245903.319359018,16700.37061,,353345.68672,2025-07-11T18:36:03.15Z,2028-11-07T00:00:00Z,2028-11-07T00:00:00Z,,,,,,,,,2026-09-14T18:09:38+00:00,0.45,"[""Yes"", ""No""]","[0.0825, 0.9175]",38171024903091354977195167437673496224420673639143973968032407064172828043588
kalshi,KXMLB-26-TB,https://kalshi.com/markets/kxmlb/world-series,https://kalshi.com/markets/kxmlb/world-series/kxmlb-26,Will Tampa Bay win the 2026 Pro Baseball Championship?,Tampa Bay,KXMLB-26,Pro Baseball Champion,KXMLB,World Series,Sports,"[""Baseball""]",open,binary,0.082,0.083,0.083,0.0825,0.9175,0.0825,0.001,2255515.19,16681.24,1434587.48,0,2025-12-17T15:00:00Z,2028-10-31T04:00:00Z,2028-10-31T04:00:00Z,,,,structured,,,,True,2026-09-14T18:10:55+00:00,,,,
kalshi,KXUCL-27-RMA,https://kalshi.com/markets/kxucl/uefa-champions-league,https://kalshi.com/markets/kxucl/uefa-champions-league/kxucl-27,Will Real Madrid win the Champions League?,Real Madrid,KXUCL-27,Champions League Winner,KXUCL,UEFA Champions League,Sports,"[""Soccer""]",open,binary,0.12,0.13,0.14,0.125,0.875,0.125,0.01,479688.98,16681.11,352444.06,0,2026-06-03T23:20:00Z,2027-06-19T21:00:00Z,2027-06-19T21:00:00Z,,,,structured,,,,True,2026-09-14T18:10:36+00:00,,,,
kalshi,KXNFL1QTOTAL-26SEP14DENKC-8,https://kalshi.com/markets/kxnfl1qtotal/pro-football-1st-quarter-total,https://kalshi.com/markets/kxnfl1qtotal/pro-football-1st-quarter-total/kxnfl1qtotal-26sep14denkc,Will there be over 7.5 1Q points scored?,Over 7.5 1Q points scored,KXNFL1QTOTAL-26SEP14DENKC,DEN Broncos vs KC Chiefs: 1st Quarter Total ,KXNFL1QTOTAL,Pro Football 1st Quarter Total,Sports,"[""Football""]",open,binary,0.46,0.47,0.46,0.465,0.535,0.465,0.01,17370.93,16652.25,15553.27,0,2026-09-02T18:39:00Z,2026-09-17T00:15:00Z,2026-09-17T00:15:00Z,,,,greater,7.5,,,True,2026-09-14T18:10:04+00:00,,,,
kalshi,KXNFLREC-26SEP14DENKC-KCTTHORNTON2-2,https://kalshi.com/markets/kxnflrec/pro-football-player-receptions,https://kalshi.com/markets/kxnflrec/pro-football-player-receptions/kxnflrec-26sep14denkc,Tyquan Thornton: 2+ receptions,Tyquan Thornton: 2+,KXNFLREC-26SEP14DENKC,Denver vs Kansas City: Receptions,KXNFLREC,Pro Football Player Receptions,Sports,"[""Football""]",open,binary,0.41,0.42,0.41,0.415,0.585,0.415,0.01,16674.45,16619.78,16674.45,0,2026-09-08T00:55:00Z,2026-09-17T00:15:00Z,2026-09-17T00:15:00Z,,,,greater,1.5,,,True,2026-09-14T18:09:59+00:00,,,,
polymarket,0x456a0a09464f62cd524073fc69b707cb10a2ea9258c62c4605d6874c6180840d,https://polymarket.com/event/tur-gfk-fen-2026-09-14/tur-gfk-fen-2026-09-14-gfk,,Will Gaziantep FK win on 2026-09-14?,Gaziantep FK,954056,Gaziantep FK vs. Fenerbahçe SK,tur-gfk-fen-2026-09-14,Gaziantep FK vs. Fenerbahçe SK,,[],open,binary,0.13,0.14,0.14,0.135,0.865,0.135,0.01,17372.901609,16595.270579000004,,71095.0928,2026-09-02T16:15:32Z,2026-09-14T17:00:00Z,2026-09-14T17:00:00Z,,,,,,,,,2026-09-14T18:09:38+00:00,-2,"[""Yes"", ""No""]","[0.135, 0.865]",100375019598575954915422505160243468386614326055909360796175642533821477210180
kalshi,KXFEDDECISION-26OCT-H0,https://kalshi.com/markets/kxfeddecision/fed-meeting,https://kalshi.com/markets/kxfeddecision/fed-meeting/kxfeddecision-26oct,Will the Federal Reserve Hike rates by 0bps at their October 2026 meeting?,Fed maintains rate,KXFEDDECISION-26OCT,Fed decision in Oct 2026?,KXFEDDECISION,Fed meeting,Economics,"[""Fed""]",open,binary,0.6,0.62,0.62,0.61,0.39,0.61,0.02,111386.3,16593.05,89874,0,2025-09-29T14:00:00Z,2026-10-28T17:59:00Z,2027-01-27T18:01:00Z,,,,custom,,,,True,2026-09-14T18:10:57+00:00,,,,
kalshi,KXNFLTD-26SEP14DENKC-DENPBRYANT13-2,https://kalshi.com/markets/kxnfltd/pro-football-touchdowns,https://kalshi.com/markets/kxnfltd/pro-football-touchdowns/kxnfltd-26sep14denkc,Pat Bryant: 2+ touchdowns,Pat Bryant: 2+,KXNFLTD-26SEP14DENKC,Denver vs Kansas City: Touchdowns,KXNFLTD,Pro Football Touchdowns,Sports,"[""Football""]",open,binary,0.01,0.02,0.02,0.015,0.985,0.015,0.01,16584.87,16582.87,16584.87,0,2026-09-04T21:04:00Z,2026-09-17T00:15:00Z,2026-09-17T00:15:00Z,,,,greater,1.5,,,True,2026-09-14T18:10:01+00:00,,,,
polymarket,0xa653be0f150dbe055a532ea02977338bb31f49d1f723b2a48c1f67847a73cb7d,https://polymarket.com/event/who-will-be-the-next-prime-minister-of-israel-after-the-next-election/will-yossi-cohen-be-the-next-prime-minister-of-israel,,Will Yossi Cohen be the next Prime Minister of Israel?,Yossi Cohen,81557,Prime Minister of Israel after the next election?,who-will-be-the-next-prime-minister-of-israel-after-the-next-election,Prime Minister of Israel after the next election?,,[],open,binary,0.002,0.003,0.002,0.0025,0.9975,0.0025,0.001,2481203.8398609986,16545.29,,183760.12223,2025-11-15T00:27:03.99885Z,2026-12-31T00:00:00Z,2026-12-31T00:00:00Z,,,,,,,,,2026-09-14T18:09:38+00:00,,"[""Yes"", ""No""]","[0.0025, 0.9975]",80908635602471552886049573110321791161186841957249509900771759394573505359926
kalshi,KXMLB-26-HOU,https://kalshi.com/markets/kxmlb/world-series,https://kalshi.com/markets/kxmlb/world-series/kxmlb-26,Will Houston win the 2026 Pro Baseball Championship?,Houston,KXMLB-26,Pro Baseball Champion,KXMLB,World Series,Sports,"[""Baseball""]",open,binary,0.027,0.028,0.027,0.0275,0.9725,0.0275,0.001,2173317.29,16536.78,1617344.48,0,2025-12-17T15:00:00Z,2028-10-31T04:00:00Z,2028-10-31T04:00:00Z,,,,structured,,,,True,2026-09-14T18:10:55+00:00,,,,
kalshi,KXATPCHALLENGERMATCH-26SEP14SELMMO-SEL,https://kalshi.com/markets/kxatpchallengermatch/challenger-atp,https://kalshi.com/markets/kxatpchallengermatch/challenger-atp/kxatpchallengermatch-26sep14selmmo,Karue Sell wins,Karue Sell,KXATPCHALLENGERMATCH-26SEP14SELMMO,Sell vs Mmoh,KXATPCHALLENGERMATCH,Challenger ATP ,Sports,"[""Tennis""]",open,binary,0.22,0.23,0.23,0.225,0.775,0.225,0.01,16528.15,16526.15,16526.15,0,2026-09-14T11:10:00Z,2026-09-28T23:00:00Z,2026-09-28T23:00:00Z,,,,structured,,,,True,2026-09-14T18:09:38+00:00,,,,
polymarket,0xc884965f3e89a4b6a863ca4a289e478a456d6509ed7fb316067c327c50035422,https://polymarket.com/event/lol-exe-esb-2026-09-14/lol-exe-esb-2026-09-14-game1,,LoL: EXILE esports vs eSuba - Game 1 Winner,Game 1 Winner,999141,LoL: EXILE esports vs eSuba (BO5) - Hitpoint Masters Playoffs,lol-exe-esb-2026-09-14,LoL: EXILE esports vs eSuba (BO5) - Hitpoint Masters Playoffs,,[],open,binary,,0.001,0.002,0.0005,0.9995,0.0005,0.001,16522.161706,16522.161706000003,,166712.52742,2026-09-10T13:21:03Z,2026-09-14T20:30:00Z,2026-09-14T20:30:00Z,,,,,,,,,2026-09-14T18:09:38+00:00,-48.45,"[""EXILE esports"", ""eSuba""]","[0.0005, 0.9995]",45100929891481968301185951549267194419116998133505949966838104307848252068919
kalshi,KXISRPLGAME-26SEP14RGGMNE-MNE,https://kalshi.com/markets/kxisrplgame/israeli-premier-league-game,https://kalshi.com/markets/kxisrplgame/israeli-premier-league-game/kxisrplgame-26sep14rggmne,Netanya wins,Netanya,KXISRPLGAME-26SEP14RGGMNE,Ramat Gan Givatayim vs Netanya,KXISRPLGAME,Israeli Premier League Game,Sports,"[""Soccer""]",open,binary,0,0.01,0.01,0.005,0.995,0.005,0.01,22466.86,16487.31,16399.69,0,2026-09-10T00:38:00Z,2026-09-16T16:30:00Z,2026-09-16T16:30:00Z,,,,structured,,,,True,2026-09-14T18:09:57+00:00,,,,
polymarket,0xd7c1a62328e4aea75a9d28b56233eb0ca56519e8ace0f7690336ee7b75782b94,https://polymarket.com/event/atp-baris-zh-2026-09-14/atp-baris-zh-2026-09-14,,Tiburon: Ozan Baris vs Evan Zhu,,1020004,Tiburon: Ozan Baris vs Evan Zhu,atp-baris-zh-2026-09-14,Tiburon: Ozan Baris vs Evan Zhu,,[],open,binary,0.45,0.46,0.45,0.455,0.545,0.455,0.01,16476.746034,16476.746034,,184474.6162,2026-09-13T23:05:36Z,2026-09-21T17:00:00Z,2026-09-21T17:00:00Z,,,,,,,,,2026-09-14T18:09:38+00:00,,"[""Ozan Baris"", ""Evan Zhu""]","[0.455, 0.545]",61403622040026544708442823668877416371470423016968166491479562538264719333759
kalshi,KXMLBGAME-26SEP142138SEALAA-SEA,https://kalshi.com/markets/kxmlbgame/professional-baseball-game,https://kalshi.com/markets/kxmlbgame/professional-baseball-game/kxmlbgame-26sep142138sealaa,Seattle wins,Seattle,KXMLBGAME-26SEP142138SEALAA,Seattle vs Los Angeles A,KXMLBGAME,Professional Baseball Game,Sports,"[""Baseball""]",open,binary,0.51,0.52,0.52,0.515,0.485,0.515,0.01,16778.51,16420.53,14120.14,0,2026-09-12T01:55:00Z,2026-09-18T01:38:00Z,2026-09-18T01:38:00Z,,,,structured,,,,True,2026-09-14T18:09:43+00:00,,,,
kalshi,KXHEGSETHMENTION-26SEP13-NQE,https://kalshi.com/markets/kxhegsethmention/hegseth,https://kalshi.com/markets/kxhegsethmention/hegseth/kxhegsethmention-26sep13,What will Pete Hegseth say during 60 Minutes on Sep 13?,Event does not qualify,KXHEGSETHMENTION-26SEP13,What will Pete Hegseth say during 60 Minutes?,KXHEGSETHMENTION,Hegseth,Mentions,[],open,binary,0,0.01,0.01,0.005,0.995,0.005,0.01,19182.05,16408.71,11914.59,0,2026-09-11T16:20:00Z,2026-09-27T14:00:00Z,2026-09-27T14:00:00Z,,,,custom,,,,True,2026-09-14T18:09:44+00:00,,,,
kalshi,KXRHOUSESEATS-27-220,https://kalshi.com/markets/kxrhouseseats/republican-house-seats,https://kalshi.com/markets/kxrhouseseats/republican-house-seats/kxrhouseseats-27,Will the Republican Party win 218-222 seats  in the 120th Congress?,218-222,KXRHOUSESEATS-27,How many House seats will Republicans hold after the Midterms?,KXRHOUSESEATS,Republican house seats,Elections,"[""House"", ""House Combos"", ""Election Combos""]",open,binary,0.064,0.065,0.065,0.0645,0.9355,0.0645,0.001,340698.23,16396.42,223490.4,0,2025-09-13T14:00:00Z,2027-02-01T15:00:00Z,2027-02-01T15:00:00Z,,,,custom,,,,True,2026-09-14T18:10:57+00:00,,,,
polymarket,0x91a6d75ec3ca420b7df462123079b15b7212050f645aa3bd27e6edbf443da977,https://polymarket.com/event/what-price-will-bitcoin-hit-on-september-14-2026/will-bitcoin-dip-to-77k-on-september-14-2026,,"Will Bitcoin dip to $77,000 on September 14?","↓ 77,000",1020833,What price will Bitcoin hit on September 14?,what-price-will-bitcoin-hit-on-september-14-2026,What price will Bitcoin hit on September 14?,,[],open,binary,0.03,0.044,0.04,0.037,0.963,0.037,0.014,16365.610378000001,16395.610377999998,,16921.40503,2026-09-14T04:00:18Z,2026-09-15T04:00:00Z,2026-09-15T04:00:00Z,,,,,,,,,2026-09-14T18:09:38+00:00,,"[""Yes"", ""No""]","[0.037, 0.963]",49967260120657040380926271541064546489637053237593501867312163342641366985595
polymarket,0x0626c7a0f58932a4d469067003ae01d5a9ff77819aabf3f840ac75530de6ff85,https://polymarket.com/event/swe-dju-gais-2026-09-14/swe-dju-gais-2026-09-14-dju,,Will Djurgardens IF win on 2026-09-14?,Djurgardens IF,986611,Djurgardens IF vs. GAIS,swe-dju-gais-2026-09-14,Djurgardens IF vs. GAIS,,[],open,binary,0.79,0.81,0.74,0.8,0.2,0.8,0.02,16655.117562999996,16376.499925999995,,77700.1223,2026-09-08T04:30:16Z,2026-09-14T17:00:00Z,2026-09-14T17:00:00Z,,,,,,,,,2026-09-14T18:09:38+00:00,18,"[""Yes"", ""No""]","[0.8, 0.2]",98735512280561018512522784522970817251384171971176952731602370026920016284341
kalshi,KXWTIMAX-26DEC31-T115,https://kalshi.com/markets/kxwtimax/wti-oil-high,https://kalshi.com/markets/kxwtimax/wti-oil-high/kxwtimax-26dec31,"Will the maximum WTI front month settle price reach $115.01 by Dec 31, 2026?",$115.01 or above,KXWTIMAX-26DEC31,"How high will oil (WTI) get by Dec 31, 2026?",KXWTIMAX,WTI oil high,Commodities,"[""Oil & Gas""]",open,binary,0.451,0.459,0.451,0.455,0.545,0.455,0.008,1616489.11,16275.9,596817.84,0,2026-03-04T15:00:00Z,2026-12-31T19:30:00Z,2027-01-07T15:00:00Z,,,,greater,115,,,True,2026-09-14T18:10:51+00:00,,,,
kalshi,KXNFLTOTAL-26SEP14DENKC-49,https://kalshi.com/markets/kxnfltotal/pro-football-total-points,https://kalshi.com/markets/kxnfltotal/pro-football-total-points/kxnfltotal-26sep14denkc,Will there be over 48.5 points scored?,Over 48.5 points scored,KXNFLTOTAL-26SEP14DENKC,Denver vs Kansas City: Total Points,KXNFLTOTAL,Pro Football Total Points,Sports,"[""Football""]",open,binary,0.34,0.35,0.35,0.345,0.655,0.345,0.01,16374.26,16260.26,14655,0,2026-08-03T23:13:00Z,2026-09-17T00:15:00Z,2026-09-17T00:15:00Z,,,,greater,48.5,,,True,2026-09-14T18:10:23+00:00,,,,
kalshi,KXIPOANTHROPIC-DATE-26DEC01,https://kalshi.com/markets/kxipoanthropic/anthropic-ipo,https://kalshi.com/markets/kxipoanthropic/anthropic-ipo/kxipoanthropic-date,When will Anthropic officially announce an IPO?,"Before Dec 1, 2026",KXIPOANTHROPIC-DATE,When will Anthropic officially announce an IPO?,KXIPOANTHROPIC,Anthropic IPO,Financials,"[""IPOs"", ""Companies""]",open,binary,0.71,0.73,0.72,0.72,0.28,0.72,0.02,96239.97,16191.66,50457.11,0,2026-04-01T14:00:00Z,2026-12-01T04:59:00Z,2026-12-08T15:00:00Z,,,,custom,,,,True,2026-09-14T18:10:49+00:00,,,,
kalshi,KXMLBTOTAL-26SEP142140MIAAZ-9,https://kalshi.com/markets/kxmlbtotal/pro-baseball-total-points,https://kalshi.com/markets/kxmlbtotal/pro-baseball-total-points/kxmlbtotal-26sep142140miaaz,Over 8.5 runs scored,Over 8.5 runs scored,KXMLBTOTAL-26SEP142140MIAAZ,Miami vs Arizona: Total Runs,KXMLBTOTAL,Pro Baseball Total Points,Sports,"[""Baseball""]",open,binary,0.48,0.49,0.49,0.485,0.515,0.485,0.01,16187.93,16187.93,15919.91,0,2026-09-13T20:00:00Z,2026-09-18T01:40:00Z,2026-09-18T01:40:00Z,,,,greater,8.5,,,True,2026-09-14T18:09:40+00:00,,,,
kalshi,KXNCAAFGAME-26SEP19FSUALA-FSU,https://kalshi.com/markets/kxncaafgame/college-football-game,https://kalshi.com/markets/kxncaafgame/college-football-game/kxncaafgame-26sep19fsuala,Florida St. wins,Florida St.,KXNCAAFGAME-26SEP19FSUALA,Florida St. vs Alabama,KXNCAAFGAME,College Football Game,Sports,"[""Football""]",open,binary,0.08,0.09,0.09,0.085,0.915,0.085,0.01,24417.47,16169.6,21371.16,0,2026-09-05T22:07:00Z,2026-09-21T19:30:00Z,2026-09-21T19:30:00Z,,,,structured,,,,True,2026-09-14T18:10:01+00:00,,,,
kalshi,KXNBA-27-PHI,https://kalshi.com/markets/kxnba/pro-basketball-champion,https://kalshi.com/markets/kxnba/pro-basketball-champion/kxnba-27,Will Philadelphia win the 2027 Pro Basketball Finals?,Philadelphia,KXNBA-27,2027 Pro Basketball Champion,KXNBA,Pro Basketball Champion,Sports,"[""Basketball""]",open,binary,0.09,0.1,0.1,0.095,0.905,0.095,0.01,7873052.37,16168.06,5277323.79,0,2026-06-14T08:00:00Z,2029-07-30T14:00:00Z,2029-07-30T14:00:00Z,,,,structured,,,,True,2026-09-14T18:10:35+00:00,,,,
kalshi,KXMLBHR-26SEP141940ATLCHC-CHCABREGMAN3-1,https://kalshi.com/markets/kxmlbhr/pro-baseball-home-runs,https://kalshi.com/markets/kxmlbhr/pro-baseball-home-runs/kxmlbhr-26sep141940atlchc,Alex Bregman: 1+ home runs?,Alex Bregman: 1+,KXMLBHR-26SEP141940ATLCHC,Atlanta vs Chicago C: Home Runs,KXMLBHR,Pro Baseball Home Runs,Sports,"[""Baseball""]",open,binary,0.15,0.16,0.16,0.155,0.845,0.155,0.01,17043.01,16162.65,17043.01,0,2026-09-14T02:11:00Z,2026-09-17T23:40:00Z,2026-09-17T23:40:00Z,,,,greater,0.5,,,True,2026-09-14T18:09:39+00:00,,,,
polymarket,0xfcb0a4cd501480b1497850790b1dc734748f0996b069f82d915994d96c2b31b5,https://polymarket.com/event/nba-2027-champion/will-milwaukee-bucks-win-the-2027-nba-finals,,Will Milwaukee Bucks win the 2027 NBA Finals?,Milwaukee Bucks,478277,NBA: 2027 Champion,nba-2027-champion,NBA: 2027 Champion,,[],open,binary,0.001,0.002,0.001,0.0015,0.9985,0.0015,0.001,637120.2765210002,16157.537999999999,,629237.25352,2026-05-13T20:08:54.317679Z,2027-07-01T00:00:00Z,2027-07-01T00:00:00Z,,,,,,,,,2026-09-14T18:09:38+00:00,,"[""Yes"", ""No""]","[0.0015, 0.9985]",95591695216171451248134018784429977920892345198186404402775566795817315978257
kalshi,KXNFLTOTAL-26SEP14DENKC-64,https://kalshi.com/markets/kxnfltotal/pro-football-total-points,https://kalshi.com/markets/kxnfltotal/pro-football-total-points/kxnfltotal-26sep14denkc,Will there be over 63.5 points scored?,Over 63.5 points scored,KXNFLTOTAL-26SEP14DENKC,Denver vs Kansas City: Total Points,KXNFLTOTAL,Pro Football Total Points,Sports,"[""Football""]",open,binary,0.07,0.08,0.07,0.075,0.925,0.075,0.01,16553.83,16133.89,16475.86,0,2026-08-03T23:13:00Z,2026-09-17T00:15:00Z,2026-09-17T00:15:00Z,,,,greater,63.5,,,True,2026-09-14T18:10:23+00:00,,,,
kalshi,KXNFLSPREAD-26SEP14DENKC-KC5,https://kalshi.com/markets/kxnflspread/pro-football-spread,https://kalshi.com/markets/kxnflspread/pro-football-spread/kxnflspread-26sep14denkc,Kansas City wins by over 4.5 points?,Kansas City wins by over 4.5 points,KXNFLSPREAD-26SEP14DENKC,Denver vs Kansas City: Spread,KXNFLSPREAD,Pro Football Spread,Sports,"[""Football""]",open,binary,0.36,0.37,0.36,0.365,0.635,0.365,0.01,17227.14,16123.16,15052.61,0,2026-08-03T23:13:00Z,2026-09-17T00:15:00Z,2026-09-17T00:15:00Z,,,,greater,4.5,,,True,2026-09-14T18:10:23+00:00,,,,
kalshi,KXNFLMVP-27-DMAY,https://kalshi.com/markets/kxnflmvp/ap-pro-football-regular-season-mvp,https://kalshi.com/markets/kxnflmvp/ap-pro-football-regular-season-mvp/kxnflmvp-27,Will Drake Maye win the MVP?,Drake Maye,KXNFLMVP-27,MVP Winner?,KXNFLMVP,AP Pro Football Regular Season MVP,Sports,"[""Football""]",open,binary,0.04,0.05,0.04,0.045,0.955,0.045,0.01,947493.7,16100,860044.63,0,2026-02-08T20:30:00Z,2028-02-12T15:00:00Z,2028-02-12T15:00:00Z,,,,structured,,,,True,2026-09-14T18:10:52+00:00,,,,
kalshi,KXSERIEATOTAL-26SEP14INTUDI-4,https://kalshi.com/markets/kxserieatotal/serie-a-total,https://kalshi.com/markets/kxserieatotal/serie-a-total/kxserieatotal-26sep14intudi,Will over 3.5 goals be scored?,Over 3.5 goals scored,KXSERIEATOTAL-26SEP14INTUDI,Inter vs Udinese: Total Goals,KXSERIEATOTAL,Serie A Total,Sports,"[""Soccer""]",open,binary,0.46,0.47,0.47,0.465,0.535,0.465,0.01,19792.28,16099.8,19416.36,0,2026-09-07T19:07:00Z,2026-09-17T00:45:00Z,2026-09-17T00:45:00Z,,,,greater,3.5,,,True,2026-09-14T18:09:59+00:00,,,,
polymarket,0xd64b917e1f7cdf1ad3f51326cf8985ce80e140291d2eaf2bf62821ef02231550,https://polymarket.com/event/strait-of-hormuz-traffic-returns-to-normal-by-november-30-20260810151158765/strait-of-hormuz-traffic-returns-to-normal-by-november-30-20260810151158765,,Strait of Hormuz traffic returns to normal by November 30?,,830254,Strait of Hormuz traffic returns to normal by November 30?,strait-of-hormuz-traffic-returns-to-normal-by-november-30-20260810151158765,Strait of Hormuz traffic returns to normal by November 30?,,[],open,binary,0.11,0.12,0.12,0.115,0.885,0.115,0.01,352513.677782,16097.946664000001,,72635.1999,2026-08-11T09:20:18.921762Z,2026-11-30T23:59:00Z,2026-11-30T23:59:00Z,,,,,,,,,2026-09-14T18:09:38+00:00,-1,"[""Yes"", ""No""]","[0.115, 0.885]",18077313030201522388676673488157544588986077823815688276055531102255531898625
kalshi,KXALLSVENSKANGAME-26SEP14DJUGAIS-DJU,https://kalshi.com/markets/kxallsvenskangame/allsvenskan-game,https://kalshi.com/markets/kxallsvenskangame/allsvenskan-game/kxallsvenskangame-26sep14djugais,Djurgarden wins,Djurgarden,KXALLSVENSKANGAME-26SEP14DJUGAIS,Djurgarden vs GAIS,KXALLSVENSKANGAME,Allsvenskan Game,Sports,"[""Soccer""]",open,binary,0.79,0.8,0.8,0.795,0.205,0.795,0.01,16842.49,16082.37,10465.2,0,2026-09-10T00:33:00Z,2026-09-16T17:00:00Z,2026-09-16T17:00:00Z,,,,structured,,,,True,2026-09-14T18:09:57+00:00,,,,
polymarket,0x4392de234570bf5c5c72dd6e1b92d4ca3f6524c01fe9a93c5542b4d357c806a0,https://polymarket.com/event/lol-ap-vdn-2026-09-14/lol-ap-vdn-2026-09-14-game3,,LoL: Arctic Pandas vs Verdant - Game 3 Winner,Game 3 Winner,999142,LoL: Arctic Pandas vs Verdant (BO5) - NLC Playoffs,lol-ap-vdn-2026-09-14,LoL: Arctic Pandas vs Verdant (BO5) - NLC Playoffs,,[],open,binary,0.01,0.023,0.06,0.0165,0.9835,0.0165,0.013,16079.039605,16079.039605000002,,57391.87067,2026-09-10T13:21:15Z,2026-09-14T21:00:00Z,2026-09-14T21:00:00Z,,,,,,,,,2026-09-14T18:09:38+00:00,-48.35,"[""Arctic Pandas"", ""Verdant""]","[0.0165, 0.9835]",61044730356436929924721633850361586670596019809116361023362268470216119176063
kalshi,KXETHD-26SEP1417-T2569.99,https://kalshi.com/markets/kxethd/ethereum-price-above-below,https://kalshi.com/markets/kxethd/ethereum-price-above-below/kxethd-26sep1417,"Ethereum price at Sep 14, 2026 at 5pm EDT?","$2,570 or above",KXETHD-26SEP1417,"ETH price on Sep 14, 2026 at 5pm EDT?",KXETHD,Ethereum price Above/below,Crypto,"[""Hourly"", ""ETH""]",open,binary,0.04,0.06,0.06,0.05,0.95,0.05,0.02,16063.61,16054.47,9938.28,0,2026-09-13T20:00:00Z,2026-09-14T21:00:00Z,2026-09-21T21:00:00Z,,,,greater,2569.99,,ERTI,True,2026-09-14T18:09:42+00:00,,,,
polymarket,0x307a1ed89d60b61002dd5bbf00e1408c5ed2ab3fcdb056191ca7ef9bc34d38f3,https://polymarket.com/event/which-party-will-win-the-senate-in-2026/will-the-democratic-party-control-the-senate-after-the-2026-midterm-elections,,Will the Democratic Party control the Senate after the 2026 Midterm elections?,Democratic Party,32224,Which party will win the Senate in 2026?,which-party-will-win-the-senate-in-2026,Which party will win the Senate in 2026?,,[],open,binary,0.52,0.53,0.53,0.525,0.475,0.525,0.01,2633895.3958369987,16040.763533000001,,230997.7603,2025-07-11T19:48:59.128Z,2026-11-03T00:00:00Z,2026-11-03T00:00:00Z,,,,,,,,,2026-09-14T18:09:38+00:00,,"[""Yes"", ""No""]","[0.525, 0.475]",113287701564209339913693347405685749986285999146352375265161592243948562084773
polymarket,0xbf60052a2933856ad2fd806c211a0868c9fe2ad5b6c69dfa783d28db76a16704,https://polymarket.com/event/measles-cases-in-us-in-2026/will-there-be-at-least-4750-measles-cases-in-the-uptspt-in-2026,,Will there be at least 4750 measles cases in the U.S. in 2026?,↑4.75k,91942,Measles cases in U.S. in 2026?,measles-cases-in-us-in-2026,Measles cases in U.S. in 2026?,,[],open,binary,0.83,0.87,0.86,0.85,0.15,0.85,0.04,16626.027164000003,16000.01,,324.0215,2026-09-03T09:41:53Z,2027-01-01T04:59:00Z,2027-01-01T04:59:00Z,,,,,,,,,2026-09-14T18:09:38+00:00,-0.5,"[""Yes"", ""No""]","[0.85, 0.15]",13211354667189256349022570487839545539208867261529013010628217259770030785130
kalshi,KXNCAAFTEAMTOTAL-26SEP19WVUUVA-UVA33,https://kalshi.com/markets/kxncaafteamtotal/college-football-team-total-points,https://kalshi.com/markets/kxncaafteamtotal/college-football-team-total-points/kxncaafteamtotal-26sep19wvuuva,Virginia scores over 32.5 points,Virginia over 32.5 points scored,KXNCAAFTEAMTOTAL-26SEP19WVUUVA,West Virginia vs Virginia: Team Total,KXNCAAFTEAMTOTAL,College Football Team Total Points,Sports,"[""Football""]",open,binary,0.38,0.53,0.54,0.455,0.545,0.455,0.15,15978.23,15978.23,15329.6,0,2026-09-14T01:06:00Z,2026-09-21T23:30:00Z,2026-09-21T23:30:00Z,,,,greater,32.5,,,True,2026-09-14T18:09:39+00:00,,,,
polymarket,0x5899cb29acd77c44c2c832b031f4d3db09991cbee9441dcbfc78ae3733f12e7c,https://polymarket.com/event/elon-musk-of-tweets-september-11-september-18-2026/elon-musk-of-tweets-september-11-september-18-2026-200-219,,"Will Elon Musk post 200-219 tweets from September 11 to September 18, 2026?",200-219,986503,"Elon Musk # tweets September 11 - September 18, 2026?",elon-musk-of-tweets-september-11-september-18-2026,"Elon Musk # tweets September 11 - September 18, 2026?",,[],open,binary,0.25,0.26,0.26,0.255,0.745,0.255,0.01,30420.679261999998,15972.270159,,9734.4198,2026-09-08T04:00:42Z,2026-09-18T16:00:00Z,2026-09-18T16:00:00Z,,,,,,,,,2026-09-14T18:09:38+00:00,11,"[""Yes"", ""No""]","[0.255, 0.745]",7607194062239026367183830383431150648846185906871265260068885671842900567590
kalshi,KXLLM1-26DEC31-A,https://kalshi.com/markets/kxllm1/year-end-top-llm,https://kalshi.com/markets/kxllm1/year-end-top-llm/kxllm1-26dec31,"Best AI on Dec 31, 2026?",Claude,KXLLM1-26DEC31,Best AI at the end of 2026?,KXLLM1,Year-end top LLM,Science and Technology,"[""AI""]",open,binary,0.691,0.702,0.691,0.6965,0.3035,0.6965,0.011,2311372.84,15967.79,1106090.66,0,2026-01-01T15:00:00Z,2026-12-31T15:00:00Z,2027-01-31T15:00:00Z,,,,custom,,,,True,2026-09-14T18:10:55+00:00,,,,
polymarket,0xf3f42aab7e17a351281557da44e3115efc124ad9f66b7d3b5a9e56a3cfaec407,https://polymarket.com/event/sweden-parliamentary-election-sd-vote-share-20260812172636420/will-sweden-democrats-sd-win-between-18-and-20-of-all-valid-votes-20260812172636423,,Will Sweden Democrats (SD) win between 18% and 20% of all valid votes?,18-20%,843053,Sweden Parliamentary Election: SD Vote Share?,sweden-parliamentary-election-sd-vote-share-20260812172636420,Sweden Parliamentary Election: SD Vote Share?,,[],open,binary,0.001,0.004,0.001,0.0025,0.9975,0.0025,0.003,41428.066635999996,15957.249171000001,,25199.186,2026-08-13T09:43:12Z,2026-09-13T00:00:00Z,2026-09-13T00:00:00Z,,,,,,,,,2026-09-14T18:09:38+00:00,-28.75,"[""Yes"", ""No""]","[0.0025, 0.9975]",49578221819290988476890893513966193116538325980334248538540126173225958565965
kalshi,KXNFLRECYDS-26SEP14DENKC-DENRHARVEY12-15,https://kalshi.com/markets/kxnflrecyds/pro-football-receiving-yards,https://kalshi.com/markets/kxnflrecyds/pro-football-receiving-yards/kxnflrecyds-26sep14denkc,RJ Harvey: 15+ receiving yards,RJ Harvey: 15+,KXNFLRECYDS-26SEP14DENKC,Denver vs Kansas City: Receiving Yards,KXNFLRECYDS,Pro Football Receiving Yards,Sports,"[""Football""]",open,binary,0.53,0.54,0.53,0.535,0.465,0.535,0.01,16092.1,15955.33,16074.16,0,2026-09-08T00:55:00Z,2026-09-17T00:15:00Z,2026-09-17T00:15:00Z,,,,greater,14.5,,,True,2026-09-14T18:09:59+00:00,,,,
kalshi,KXNEXTTEAMNBA-26SCUR-GSW,https://kalshi.com/markets/kxnextteamnba/next-nba-team,https://kalshi.com/markets/kxnextteamnba/next-nba-team/kxnextteamnba-26scur,What will be Steph Curry's next team?,Stays with Golden State or Retires,KXNEXTTEAMNBA-26SCUR,Steph Curry's Next Team,KXNEXTTEAMNBA,Next NBA Team,Sports,"[""Basketball""]",open,binary,0.95,0.96,0.96,0.955,0.045,0.955,0.01,1644937.9,15952.91,997292.3,0,2026-04-21T00:40:00Z,2026-10-21T03:59:00Z,2026-10-28T14:00:00Z,,,,structured,,,,True,2026-09-14T18:10:48+00:00,,,,
polymarket,0x4969e569a8abcedb94c1fbb1103943cb0bd202b0071b8b4c5bd401e87da77573,https://polymarket.com/event/sea-tor-rom-2026-09-14-more-markets/sea-tor-rom-2026-09-14-first-half-total-2pt5,,Torino FC vs. AS Roma: 1st Half O/U 2.5,1st Half O/U 2.5,945985,Torino FC vs. AS Roma - More Markets,sea-tor-rom-2026-09-14-more-markets,Torino FC vs. AS Roma - More Markets,,[],open,binary,,0.001,0.02,0.0005,0.9995,0.0005,0.001,15945.478781999998,15945.478781999998,,93306.6699,2026-09-01T05:00:45Z,2026-09-14T16:30:00Z,2026-09-14T16:30:00Z,,,,,,,,,2026-09-14T18:09:38+00:00,-12.95,"[""Over"", ""Under""]","[0.0005, 0.9995]",65675412132792984031219425704254437908649589434096454890530157484378814409129
kalshi,KXMLBSB-26SEP141910BALNYM-BALGHENDERSON2-1,https://kalshi.com/markets/kxmlbsb/pro-baseball-stolen-bases,https://kalshi.com/markets/kxmlbsb/pro-baseball-stolen-bases/kxmlbsb-26sep141910balnym,Gunnar Henderson: 1+ stolen bases?,Gunnar Henderson: 1+,KXMLBSB-26SEP141910BALNYM,Baltimore vs New York M: Stolen Bases,KXMLBSB,Pro Baseball Stolen Bases,Sports,"[""Baseball""]",open,binary,0.08,0.11,0.1,0.095,0.905,0.095,0.03,15905.96,15905.96,15806.76,0,2026-09-14T07:41:00Z,2026-09-17T23:10:00Z,2026-09-17T23:10:00Z,,,,greater,0.5,,,True,2026-09-14T18:09:39+00:00,,,,
polymarket,0x365ab376a6ef9df4967fa5a6aa1e7be755050715b9c91dd17a3e56220ef7071e,https://polymarket.com/event/elon-musk-of-tweets-september-11-september-18-2026/elon-musk-of-tweets-september-11-september-18-2026-100-119,,"Will Elon Musk post 100-119 tweets from September 11 to September 18, 2026?",100-119,986503,"Elon Musk # tweets September 11 - September 18, 2026?",elon-musk-of-tweets-september-11-september-18-2026,"Elon Musk # tweets September 11 - September 18, 2026?",,[],open,binary,0.001,0.002,0.001,0.0015,0.9985,0.0015,0.001,59753.323086,15883.224499,,31278.07644,2026-09-08T04:00:42Z,2026-09-18T16:00:00Z,2026-09-18T16:00:00Z,,,,,,,,,2026-09-14T18:09:38+00:00,-1.55,"[""Yes"", ""No""]","[0.0015, 0.9985]",42130464208177527483156423027487408325738347405654093634629239983694888284146
kalshi,KXNFLAFCCHAMP-27-LAC,https://kalshi.com/markets/kxnflafcchamp/american-football-conference-champion,https://kalshi.com/markets/kxnflafcchamp/american-football-conference-champion/kxnflafcchamp-27,Will Los Angeles C win the Pro Football AFC Championship?,Los Angeles C,KXNFLAFCCHAMP-27,AFC Championship Winner,KXNFLAFCCHAMP,American Football Conference Champion,Sports,"[""Football""]",open,binary,0.06,0.07,0.07,0.065,0.935,0.065,0.01,272261.69,15868.91,233748.71,0,2026-02-07T15:00:00Z,2027-02-22T15:00:00Z,2027-02-22T15:00:00Z,,,,structured,,,,True,2026-09-14T18:10:52+00:00,,,,
kalshi,KXNCAAF-27-SMU,https://kalshi.com/markets/kxncaaf/ncaaf-championship,https://kalshi.com/markets/kxncaaf/ncaaf-championship/kxncaaf-27,Will SMU win the College Football Playoff National Championship?,SMU,KXNCAAF-27,College Football National Championship Winner,KXNCAAF,NCAAF Championship,Sports,"[""Football""]",open,binary,0,0.01,0.01,0.005,0.995,0.005,0.01,747165.07,15862.64,747165.07,0,2026-01-21T22:00:00Z,2027-02-23T04:00:00Z,2027-02-23T04:00:00Z,,,,structured,,,,True,2026-09-14T18:10:54+00:00,,,,
kalshi,KXACQANNOUNCEEBAY-27JAN01-JAN01,https://kalshi.com/markets/kxacqannounceebay/will-gamestop-acquire-ebay,https://kalshi.com/markets/kxacqannounceebay/will-gamestop-acquire-ebay/kxacqannounceebay-27jan01,"Will GameStop announce acquisition of eBay before Jan 1, 2027?","Before Jan 1, 2027",KXACQANNOUNCEEBAY-27JAN01,Will GameStop acquire eBay in 2026?,KXACQANNOUNCEEBAY,Will GameStop acquire eBay?,Financials,"[""M&A"", ""Companies""]",open,binary,0.08,0.09,0.08,0.085,0.915,0.085,0.01,3187485.1,15861.92,1128976.68,0,2026-05-04T18:00:00Z,2027-01-01T04:59:00Z,2027-01-08T15:00:00Z,,,,,,,,True,2026-09-14T18:10:45+00:00,,,,
polymarket,0xc9edea0ed9ea7ac560b2231302e153f64a059e09c08d8ed14b496305728d0770,https://polymarket.com/event/elon-musk-of-tweets-september-11-september-18-2026/elon-musk-of-tweets-september-11-september-18-2026-180-199,,"Will Elon Musk post 180-199 tweets from September 11 to September 18, 2026?",180-199,986503,"Elon Musk # tweets September 11 - September 18, 2026?",elon-musk-of-tweets-september-11-september-18-2026,"Elon Musk # tweets September 11 - September 18, 2026?",,[],open,binary,0.25,0.26,0.24,0.255,0.745,0.255,0.01,31070.768063999993,15859.632993000003,,9047.6554,2026-09-08T04:00:42Z,2026-09-18T16:00:00Z,2026-09-18T16:00:00Z,,,,,,,,,2026-09-14T18:09:38+00:00,4,"[""Yes"", ""No""]","[0.255, 0.745]",74711379555529340176668827977879596278954460052897534213403500228415372600292
polymarket,0xadffc96f54f350b3655f72fe2853c81bfd705e9703f62469e6a14782ad5d4ec0,https://polymarket.com/event/who-will-be-the-next-prime-minister-of-israel-after-the-next-election/will-avigdor-lieberman-be-the-next-prime-minister-of-israel,,Will Avigdor Lieberman be the next Prime Minister of Israel?,Avigdor Lieberman,81557,Prime Minister of Israel after the next election?,who-will-be-the-next-prime-minister-of-israel-after-the-next-election,Prime Minister of Israel after the next election?,,[],open,binary,0.049,0.051,0.049,0.05,0.95,0.05,0.002,2619192.624917,15805.982912,,131626.36149,2025-11-15T00:27:04.509287Z,2026-12-31T00:00:00Z,2026-12-31T00:00:00Z,,,,,,,,,2026-09-14T18:09:38+00:00,0.95,"[""Yes"", ""No""]","[0.05, 0.95]",105057524965982907913786325697426001538810836564004836999292309706852745390829
polymarket,0x10e1aaa7b1bae86e517dd672f242a97be7732bcb8f424dcbc179931a6dc6c740,https://polymarket.com/event/acle-shm-itj-2026-09-14/acle-shm-itj-2026-09-14-draw,,Will Al-Shamal vs. Al-Ittihad Club end in a draw?,Draw (Al-Shamal vs. Al-Ittihad Club),1010572,Al-Shamal vs. Al-Ittihad Club,acle-shm-itj-2026-09-14,Al-Shamal vs. Al-Ittihad Club,,[],open,binary,0.999,1,0.999,0.9995,0.0005,0.9995,0.001,15805.806033000003,15805.806033000003,,140355.73488,2026-09-12T13:16:13Z,2026-09-14T16:00:00Z,2026-09-14T16:00:00Z,,,,,,,,,2026-09-14T18:09:38+00:00,75.95,"[""Yes"", ""No""]","[0.9995, 0.0005]",66471929346688018226903161474033611468268976227849744489819982224054637016150
kalshi,KXNFLGAME-26SEP20SEAARI-ARI,https://kalshi.com/markets/kxnflgame/professional-football-game,https://kalshi.com/markets/kxnflgame/professional-football-game/kxnflgame-26sep20seaari,Arizona wins,Arizona,KXNFLGAME-26SEP20SEAARI,SEA Seahawks vs ARI Cardinals,KXNFLGAME,Professional Football Game,Sports,"[""Football""]",open,binary,0.32,0.33,0.33,0.325,0.675,0.325,0.01,26357.7,15801.08,19043.68,0,2026-08-25T15:33:00Z,2026-09-22T20:25:00Z,2026-09-22T20:25:00Z,,,,structured,,,,True,2026-09-14T18:10:11+00:00,,,,
polymarket,0xcc72a3a06556c4b735fdb211a8ff3e24d9d077d9313b3fd7295dbb79ecde8a8e,https://polymarket.com/event/sea-int-udi-2026-09-14-more-markets/sea-int-udi-2026-09-14-total-3pt5,,FC Internazionale Milano vs. Udinese Calcio: O/U 3.5,O/U 3.5,945982,FC Internazionale Milano vs. Udinese Calcio - More Markets,sea-int-udi-2026-09-14-more-markets,FC Internazionale Milano vs. Udinese Calcio - More Markets,,[],open,binary,0.47,0.48,0.48,0.475,0.525,0.475,0.01,15944.211795,15766.771382,,267402.1025,2026-09-01T05:00:33Z,2026-09-14T18:45:00Z,2026-09-14T18:45:00Z,,,,,,,,,2026-09-14T18:09:38+00:00,7,"[""Over"", ""Under""]","[0.475, 0.525]",111602275412542767358706458593496760873518137934314884188232406250688606649795
polymarket,0x811e51a7acf39eeb9757f87d71624c0dbc2e12992c58419dddb8c6b4cb339df8,https://polymarket.com/event/pro-football-2027-champion-20260729185915366/will-the-miami-dolphins-win-the-2027-nfl-league-championship,,Will the Miami Dolphins win the 2027 NFL league championship?,Miami Dolphins,202857,Pro Football: 2027 Champion,pro-football-2027-champion-20260729185915366,Pro Football: 2027 Champion,,[],open,binary,0.004,0.005,0.004,0.0045,0.9955,0.0045,0.001,1596914.8936879998,15719.901499999998,,524173.33818,2026-02-09T00:43:44.555Z,2027-03-31T23:55:00Z,2027-03-31T23:55:00Z,,,,,,,,,2026-09-14T18:09:38+00:00,,"[""Yes"", ""No""]","[0.0045, 0.9955]",40461842876297220698229694136443456698836540114087448807075853976146277746623
kalshi,KXETHD-26SEP1417-T2609.99,https://kalshi.com/markets/kxethd/ethereum-price-above-below,https://kalshi.com/markets/kxethd/ethereum-price-above-below/kxethd-26sep1417,"Ethereum price at Sep 14, 2026 at 5pm EDT?","$2,610 or above",KXETHD-26SEP1417,"ETH price on Sep 14, 2026 at 5pm EDT?",KXETHD,Ethereum price Above/below,Crypto,"[""Hourly"", ""ETH""]",open,binary,0,0.02,0.01,0.01,0.99,0.01,0.02,15718.08,15718.08,8865.65,0,2026-09-13T20:00:00Z,2026-09-14T21:00:00Z,2026-09-21T21:00:00Z,,,,greater,2609.99,,ERTI,True,2026-09-14T18:09:42+00:00,,,,
kalshi,KXUFCFIGHT-26SEP19STESHA-STE,https://kalshi.com/markets/kxufcfight/ufc-fight,https://kalshi.com/markets/kxufcfight/ufc-fight/kxufcfight-26sep19stesha,Gable Steveson wins,Gable Steveson,KXUFCFIGHT-26SEP19STESHA,331: Steveson vs Sharaf,KXUFCFIGHT,UFC Fight,Sports,"[""MMA""]",open,binary,0.9,0.91,0.91,0.905,0.095,0.905,0.01,25157.27,15709.71,17094.54,0,2026-09-06T04:45:00Z,2026-10-04T00:00:00Z,2026-10-04T00:00:00Z,,,,structured,,,,True,2026-09-14T18:10:00+00:00,,,,
kalshi,KXBTCD-26SEP1817-T84999.99,https://kalshi.com/markets/kxbtcd/bitcoin-price-above-below,https://kalshi.com/markets/kxbtcd/bitcoin-price-above-below/kxbtcd-26sep1817,"Bitcoin price on Sep 18, 2026?","$85,000 or above",KXBTCD-26SEP1817,"BTC price on Sep 18, 2026 at 5pm EDT?",KXBTCD,Bitcoin price Above/below,Crypto,"[""Hourly"", ""BTC""]",open,binary,0.05,0.06,0.05,0.055,0.945,0.055,0.01,35768.02,15699.74,34862.04,0,2026-09-11T20:00:00Z,2026-09-18T21:00:00Z,2026-09-25T21:00:00Z,,,,greater,84999.99,,BRTI,True,2026-09-14T18:09:46+00:00,,,,
kalshi,KXNFLNFCCHAMP-27-MIN,https://kalshi.com/markets/kxnflnfcchamp/national-football-conference-champion,https://kalshi.com/markets/kxnflnfcchamp/national-football-conference-champion/kxnflnfcchamp-27,Will Minnesota win the Pro Football NFC Championship?,Minnesota,KXNFLNFCCHAMP-27,NFC Championship Winner,KXNFLNFCCHAMP,National Football Conference Champion,Sports,"[""Football""]",open,binary,0.04,0.05,0.05,0.045,0.955,0.045,0.01,602556.2,15691.45,520964.21,0,2026-02-07T15:00:00Z,2027-02-22T15:00:00Z,2027-02-22T15:00:00Z,,,,structured,,,,True,2026-09-14T18:10:52+00:00,,,,
kalshi,KXNFLMVP-27-PMAH,https://kalshi.com/markets/kxnflmvp/ap-pro-football-regular-season-mvp,https://kalshi.com/markets/kxnflmvp/ap-pro-football-regular-season-mvp/kxnflmvp-27,Will Patrick Mahomes win the MVP?,Patrick Mahomes,KXNFLMVP-27,MVP Winner?,KXNFLMVP,AP Pro Football Regular Season MVP,Sports,"[""Football""]",open,binary,0.06,0.07,0.07,0.065,0.935,0.065,0.01,696581.47,15681.05,514257.41,0,2026-02-08T20:30:00Z,2028-02-12T15:00:00Z,2028-02-12T15:00:00Z,,,,structured,,,,True,2026-09-14T18:10:52+00:00,,,,
kalshi,KXTARIFFCHECKS-26-27,https://kalshi.com/markets/kxtariffchecks/will-americans-receive-tariff-dividends-in-2025,https://kalshi.com/markets/kxtariffchecks/will-americans-receive-tariff-dividends-in-2025/kxtariffchecks-26,Will it be reported that at least one million Americans have received checks of at least $1000 directly attributable to tariff revenue?,Before 2027,KXTARIFFCHECKS-26,Will Americans receive tariff stimulus checks?,KXTARIFFCHECKS,Will Americans receive tariff dividends in 2025?,Politics,"[""Trump""]",open,binary,0.046,0.062,0.062,0.054,0.946,0.054,0.016,1274851.01,15680.35,431578.82,0,2025-12-11T22:00:00Z,2027-01-01T04:59:00Z,2027-01-08T15:00:00Z,,,,,,,,True,2026-09-14T18:10:55+00:00,,,,
polymarket,0x8993fe75e5079e37bd765ec45548184645d3fdc6efef9f7302a95ba8113efa8a,https://polymarket.com/event/will-apple-release-iphone-18-in-2026/will-apple-release-iphone-18-in-2026,,Will Apple release iPhone 18 in 2026?,,103636,Will Apple release iPhone 18 in 2026?,will-apple-release-iphone-18-in-2026,Will Apple release iPhone 18 in 2026?,,[],open,binary,0.999,1,0.999,0.9995,0.0005,0.9995,0.001,251288.80499300009,15678.391000000001,,27479.31528,2025-12-12T22:54:05.597Z,2027-01-01T04:59:00Z,2027-01-01T04:59:00Z,,,,,,,,,2026-09-14T18:09:38+00:00,,"[""Yes"", ""No""]","[0.9995, 0.0005]",78750942830446509475240189541045875612278965635577311919941808828698157936425
kalshi,KXMLBGAME-26SEP141907DETTOR-DET,https://kalshi.com/markets/kxmlbgame/professional-baseball-game,https://kalshi.com/markets/kxmlbgame/professional-baseball-game/kxmlbgame-26sep141907dettor,Detroit wins,Detroit,KXMLBGAME-26SEP141907DETTOR,Detroit vs Toronto,KXMLBGAME,Professional Baseball Game,Sports,"[""Baseball""]",open,binary,0.43,0.44,0.44,0.435,0.565,0.435,0.01,15955.28,15651.5,15160.55,0,2026-09-11T23:25:00Z,2026-09-17T23:07:00Z,2026-09-17T23:07:00Z,,,,structured,,,,True,2026-09-14T18:09:44+00:00,,,,
polymarket,0x5893f12e9ac125b0d08c94de51a791b360fd756feb532b8ec8afd999a2540a74,https://polymarket.com/event/what-price-will-bitcoin-hit-on-september-14-2026/will-bitcoin-dip-to-76k-on-september-14-2026,,"Will Bitcoin dip to $76,000 on September 14?","↓ 76,000",1020833,What price will Bitcoin hit on September 14?,what-price-will-bitcoin-hit-on-september-14-2026,What price will Bitcoin hit on September 14?,,[],open,binary,0.002,0.009,0.011,0.0055,0.9945,0.0055,0.007,15604.462116000002,15614.462116,,17548.44473,2026-09-14T04:00:20Z,2026-09-15T04:00:00Z,2026-09-15T04:00:00Z,,,,,,,,,2026-09-14T18:09:38+00:00,,"[""Yes"", ""No""]","[0.0055, 0.9945]",37353166801844795624824498134731470861975423805448387837310333996011912760542
kalshi,KXNFLRSHYDS-26SEP14DENKC-KCKWALKER9-60,https://kalshi.com/markets/kxnflrshyds/pro-football-rushing-yards,https://kalshi.com/markets/kxnflrshyds/pro-football-rushing-yards/kxnflrshyds-26sep14denkc,Kenneth Walker III: 60+ rushing yards,Kenneth Walker III: 60+,KXNFLRSHYDS-26SEP14DENKC,Denver vs Kansas City: Rushing Yards,KXNFLRSHYDS,Pro Football Rushing Yards,Sports,"[""Football""]",open,binary,0.55,0.57,0.57,0.56,0.44,0.56,0.02,16915.06,15599.39,15615.49,0,2026-09-04T21:04:00Z,2026-09-17T00:15:00Z,2026-09-17T00:15:00Z,,,,greater,59.5,,,True,2026-09-14T18:10:01+00:00,,,,
kalshi,KXNFLSPREAD-26SEP14DENKC-DEN4,https://kalshi.com/markets/kxnflspread/pro-football-spread,https://kalshi.com/markets/kxnflspread/pro-football-spread/kxnflspread-26sep14denkc,Denver wins by over 3.5 points?,Denver wins by over 3.5 points,KXNFLSPREAD-26SEP14DENKC,Denver vs Kansas City: Spread,KXNFLSPREAD,Pro Football Spread,Sports,"[""Football""]",open,binary,0.33,0.34,0.34,0.335,0.665,0.335,0.01,20843.09,15598.66,18630.98,0,2026-08-03T23:13:00Z,2026-09-17T00:15:00Z,2026-09-17T00:15:00Z,,,,greater,3.5,,,True,2026-09-14T18:10:23+00:00,,,,
kalshi,KXNFLGAME-26SEP20WASDAL-WAS,https://kalshi.com/markets/kxnflgame/professional-football-game,https://kalshi.com/markets/kxnflgame/professional-football-game/kxnflgame-26sep20wasdal,Washington wins,Washington,KXNFLGAME-26SEP20WASDAL,WAS Commanders vs DAL Cowboys,KXNFLGAME,Professional Football Game,Sports,"[""Football""]",open,binary,0.35,0.36,0.36,0.355,0.645,0.355,0.01,18425.77,15596.08,12069.16,0,2026-08-25T15:33:00Z,2026-09-22T20:25:00Z,2026-09-22T20:25:00Z,,,,structured,,,,True,2026-09-14T18:10:11+00:00,,,,
kalshi,KXNFLPASSYDS-26SEP14DENKC-DENBNIX10-225,https://kalshi.com/markets/kxnflpassyds/pro-football-passing-yards,https://kalshi.com/markets/kxnflpassyds/pro-football-passing-yards/kxnflpassyds-26sep14denkc,Bo Nix: 225+ passing yards,Bo Nix: 225+,KXNFLPASSYDS-26SEP14DENKC,Denver vs Kansas City: Passing Yards,KXNFLPASSYDS,Pro Football Passing Yards,Sports,"[""Football""]",open,binary,0.49,0.5,0.5,0.495,0.505,0.495,0.01,15916.22,15582.36,15139.86,0,2026-09-04T21:04:00Z,2026-09-17T00:15:00Z,2026-09-17T00:15:00Z,,,,greater,224.5,,,True,2026-09-14T18:10:01+00:00,,,,
kalshi,KXSERIEASPREAD-26SEP14TORROM-ROM3,https://kalshi.com/markets/kxserieaspread/serie-a-spread,https://kalshi.com/markets/kxserieaspread/serie-a-spread/kxserieaspread-26sep14torrom,Roma wins by more than 2.5 goals?,Roma wins by more than 2.5 goals,KXSERIEASPREAD-26SEP14TORROM,Torino vs Roma: Spread,KXSERIEASPREAD,Serie A Spread,Sports,"[""Soccer""]",open,binary,0.03,0.04,0.05,0.035,0.965,0.035,0.01,17666.84,15564.87,12265.81,0,2026-09-07T17:06:00Z,2026-09-16T22:30:00Z,2026-09-16T22:30:00Z,,,,greater,2.5,,,True,2026-09-14T18:10:00+00:00,,,,
polymarket,0xb55b2b13aee7a480ab0695912a65cb34a5fe5e84d5da810873d9c3e1182f9fd0,https://polymarket.com/event/will-the-iranian-regime-fall-by-september-30-20260629143335077/will-the-iranian-regime-fall-by-september-30-20260629143335077,,Will the Iranian regime fall by September 30?,,649418,Will the Iranian regime fall by September 30?,will-the-iranian-regime-fall-by-september-30-20260629143335077,Will the Iranian regime fall by September 30?,,[],open,binary,0.009,0.01,0.01,0.0095,0.9905,0.0095,0.001,2142079.97807,15541.045654000001,,210325.00527,2026-06-29T23:53:27.300806Z,2026-10-01T03:59:00Z,2026-10-01T03:59:00Z,,,,,,,,,2026-09-14T18:09:38+00:00,-0.1,"[""Yes"", ""No""]","[0.0095, 0.9905]",93072680587597848124353231527396118393869934555953068321248693141177342449662
polymarket,0xd6d1388a8c29b187d0fcf8aa39a4726aa934ec123ebcfd15b552340733153f33,https://polymarket.com/event/den-mid-bro-2026-09-14/den-mid-bro-2026-09-14-bro,,Will Brøndby IF win on 2026-09-14?,Brøndby IF,943986,FC Midtjylland vs. Brøndby IF,den-mid-bro-2026-09-14,FC Midtjylland vs. Brøndby IF,,[],open,binary,0.012,0.014,0.013,0.013,0.987,0.013,0.002,15566.589022,15525.479571999998,,79441.07808,2026-08-31T20:00:12Z,2026-09-14T17:00:00Z,2026-09-14T17:00:00Z,,,,,,,,,2026-09-14T18:09:38+00:00,-21.2,"[""Yes"", ""No""]","[0.013, 0.987]",57713459521619847075675764648025426896110839528289450829395156346892096584740
kalshi,KXELITESERIENTOTAL-26SEP14BOGSAN-4,https://kalshi.com/markets/kxeliteserientotal/point-total,https://kalshi.com/markets/kxeliteserientotal/point-total/kxeliteserientotal-26sep14bogsan,Will over 3.5 goals be scored?,Over 3.5 goals scored,KXELITESERIENTOTAL-26SEP14BOGSAN,Bodoe/Glimt vs Sandefjord: Total Goals,KXELITESERIENTOTAL,Point Total,Sports,"[""Soccer""]",open,binary,0.36,0.37,0.36,0.365,0.635,0.365,0.01,15546.16,15514.68,14130.82,0,2026-09-13T17:06:00Z,2026-09-16T17:00:00Z,2026-09-16T17:00:00Z,,,,greater,3.5,,,True,2026-09-14T18:09:41+00:00,,,,
kalshi,KXEMMY-VS26SEP14-LAT,https://kalshi.com/markets/kxemmy/will-nominee-win-emmy,https://kalshi.com/markets/kxemmy/will-nominee-win-emmy/kxemmy-vs26sep14,Will The Late Show with Stephen Colbert win Outstanding Variety Series at the Emmy Awards?,The Late Show with Stephen Colbert,KXEMMY-VS26SEP14,Emmy winner: Outstanding Variety Series,KXEMMY,will nominee win emmy,Entertainment,"[""Emmys"", ""Awards"", ""Television""]",open,binary,0.7,0.71,0.71,0.705,0.295,0.705,0.01,101821.79,15507.55,53725.32,0,2026-08-18T01:51:00Z,2027-09-14T14:00:00Z,2027-09-14T14:00:00Z,,,,custom,,,,True,2026-09-14T18:10:18+00:00,,,,
polymarket,0xc7b646d598e6e860a939b865056d91f27666f0d7b642b893d62016b32ea3881b,https://polymarket.com/event/nba-2027-champion/will-sacramento-kings-win-the-2027-nba-finals,,Will Sacramento Kings win the 2027 NBA Finals?,Sacramento Kings,478277,NBA: 2027 Champion,nba-2027-champion,NBA: 2027 Champion,,[],open,binary,0.001,0.002,0.001,0.0015,0.9985,0.0015,0.001,705133.5053240003,15504.149,,609586.09173,2026-05-13T20:10:20.637523Z,2027-07-01T00:00:00Z,2027-07-01T00:00:00Z,,,,,,,,,2026-09-14T18:09:38+00:00,,"[""Yes"", ""No""]","[0.0015, 0.9985]",57732863988930661516951373762180729621826532679525881570777417952859748544005
kalshi,KXDENSUPERLIGATOTAL-26SEP14FCMBRO-4,https://kalshi.com/markets/kxdensuperligatotal/point-total,https://kalshi.com/markets/kxdensuperligatotal/point-total/kxdensuperligatotal-26sep14fcmbro,Will over 3.5 goals be scored?,Over 3.5 goals scored,KXDENSUPERLIGATOTAL-26SEP14FCMBRO,Midtjylland vs Broendby: Total Goals,KXDENSUPERLIGATOTAL,Point Total,Sports,"[""Soccer""]",open,binary,0.51,0.52,0.53,0.515,0.485,0.515,0.01,15917.39,15459.49,9100.68,0,2026-09-13T17:06:00Z,2026-09-16T17:00:00Z,2026-09-16T17:00:00Z,,,,greater,3.5,,,True,2026-09-14T18:09:41+00:00,,,,
kalshi,KXDPWORLDTOUR-BMPC26-SLOW,https://kalshi.com/markets/kxdpworldtour/dp-world-tour-tournament-winner,https://kalshi.com/markets/kxdpworldtour/dp-world-tour-tournament-winner/kxdpworldtour-bmpc26,Will Shane Lowry win the BMW PGA Championship?,Shane Lowry,KXDPWORLDTOUR-BMPC26,BMW PGA Championship Winner,KXDPWORLDTOUR,DP World Tour Tournament Winner,Sports,"[""Golf""]",open,binary,0.031,0.04,0.04,0.0355,0.9645,0.0355,0.009,33356.64,15458.49,29171.73,0,2026-09-12T12:00:00Z,2026-10-04T00:00:00Z,2026-10-04T00:00:00Z,,,,structured,,,,True,2026-09-14T18:09:43+00:00,,,,
kalshi,KXNFLREC-26SEP14DENKC-DENRHARVEY12-6,https://kalshi.com/markets/kxnflrec/pro-football-player-receptions,https://kalshi.com/markets/kxnflrec/pro-football-player-receptions/kxnflrec-26sep14denkc,RJ Harvey: 6+ receptions,RJ Harvey: 6+,KXNFLREC-26SEP14DENKC,Denver vs Kansas City: Receptions,KXNFLREC,Pro Football Player Receptions,Sports,"[""Football""]",open,binary,0.07,0.08,0.09,0.075,0.925,0.075,0.01,15421.18,15421.18,15421.18,0,2026-09-08T01:35:00Z,2026-09-17T00:15:00Z,2026-09-17T00:15:00Z,,,,greater,5.5,,,True,2026-09-14T18:09:59+00:00,,,,
kalshi,KXNFLNFCNORTH-27-CHI,https://kalshi.com/markets/kxnflnfcnorth/national-football-conference-north-winner,https://kalshi.com/markets/kxnflnfcnorth/national-football-conference-north-winner/kxnflnfcnorth-27,Will Chicago win the Pro Football NFC North Division?,Chicago,KXNFLNFCNORTH-27,NFC North Division Winner,KXNFLNFCNORTH,National Football Conference North Winner,Sports,"[""Football""]",open,binary,0.3,0.31,0.31,0.305,0.695,0.305,0.01,188084.67,15419.4,166608.99,0,2026-02-10T15:00:00Z,2027-01-25T15:00:00Z,2027-01-25T15:00:00Z,,,,structured,,,,True,2026-09-14T18:10:52+00:00,,,,
polymarket,0x2c86925fd441518b04ae13f9540c18065defe9c92b0b4e167aad87ee4176c7d7,https://polymarket.com/event/elon-musk-of-tweets-september-8-september-15-2026/elon-musk-of-tweets-september-8-september-15-2026-280-299,,"Will Elon Musk post 280-299 tweets from September 8 to September 15, 2026?",280-299,967957,"Elon Musk # tweets September 8 - September 15, 2026?",elon-musk-of-tweets-september-8-september-15-2026,"Elon Musk # tweets September 8 - September 15, 2026?",,[],open,binary,,0.001,0.001,0.0005,0.9995,0.0005,0.001,72529.40760500001,15380.515000000001,,17942.48087,2026-09-05T04:00:52Z,2026-09-15T16:00:00Z,2026-09-15T16:00:00Z,,,,,,,,,2026-09-14T18:09:38+00:00,,"[""Yes"", ""No""]","[0.0005, 0.9995]",77532246409968996314865059237424961416951006216648024384398900343071569439494
kalshi,KXMLBTOTAL-26SEP142138SEALAA-8,https://kalshi.com/markets/kxmlbtotal/pro-baseball-total-points,https://kalshi.com/markets/kxmlbtotal/pro-baseball-total-points/kxmlbtotal-26sep142138sealaa,Over 7.5 runs scored,Over 7.5 runs scored,KXMLBTOTAL-26SEP142138SEALAA,Seattle vs Los Angeles A: Total Runs,KXMLBTOTAL,Pro Baseball Total Points,Sports,"[""Baseball""]",open,binary,0.49,0.5,0.49,0.495,0.505,0.495,0.01,15337.79,15326.79,14353.33,0,2026-09-13T20:50:00Z,2026-09-18T01:38:00Z,2026-09-18T01:38:00Z,,,,greater,7.5,,,True,2026-09-14T18:09:40+00:00,,,,
kalshi,KXCS2GAME-26SEP141100YOUWW-WW,https://kalshi.com/markets/kxcs2game/counter-strike-2-game,https://kalshi.com/markets/kxcs2game/counter-strike-2-game/kxcs2game-26sep141100youww,WW Team wins,WW Team,KXCS2GAME-26SEP141100YOUWW,Young27 vs. WW Team,KXCS2GAME,Counter-Strike 2 Game,Sports,"[""Esports""]",open,binary,0,0.01,0.01,0.005,0.995,0.005,0.01,15321.36,15316.36,8759.37,0,2026-09-12T10:10:00Z,2026-09-16T15:00:00Z,2026-09-16T15:00:00Z,,,,structured,,,,True,2026-09-14T18:09:43+00:00,,,,
kalshi,KXNFLMVP-27-BNIX,https://kalshi.com/markets/kxnflmvp/ap-pro-football-regular-season-mvp,https://kalshi.com/markets/kxnflmvp/ap-pro-football-regular-season-mvp/kxnflmvp-27,Will Bo Nix win the MVP?,Bo Nix,KXNFLMVP-27,MVP Winner?,KXNFLMVP,AP Pro Football Regular Season MVP,Sports,"[""Football""]",open,binary,0.02,0.03,0.03,0.025,0.975,0.025,0.01,713114.54,15303.79,687512.87,0,2026-02-08T20:30:00Z,2028-02-12T15:00:00Z,2028-02-12T15:00:00Z,,,,structured,,,,True,2026-09-14T18:10:52+00:00,,,,
polymarket,0xae9460deba24e545a73e2b512b56cd6ba86a0f3ee1a3e77b1410188f38a70b2f,https://polymarket.com/event/elon-musk-of-tweets-september-11-september-18-2026/elon-musk-of-tweets-september-11-september-18-2026-440-459,,"Will Elon Musk post 440-459 tweets from September 11 to September 18, 2026?",440-459,986503,"Elon Musk # tweets September 11 - September 18, 2026?",elon-musk-of-tweets-september-11-september-18-2026,"Elon Musk # tweets September 11 - September 18, 2026?",,[],open,binary,,0.002,0.001,0.001,0.999,0.001,0.002,20223.76,15300,,4894.64112,2026-09-08T04:00:42Z,2026-09-18T16:00:00Z,2026-09-18T16:00:00Z,,,,,,,,,2026-09-14T18:09:38+00:00,0.05,"[""Yes"", ""No""]","[0.001, 0.999]",35158841463750359747114309835296443661676274307823850639956264842238160456291
polymarket,0x01b4399b5e1f0e283f949883aec760ccea26211749c8ee3853e8c2d58464606c,https://polymarket.com/event/den-mid-bro-2026-09-14-more-markets/den-mid-bro-2026-09-14-spread-home-1pt5,,Spread: FC Midtjylland (-1.5),FC Midtjylland (-1.5),948334,FC Midtjylland vs. Brøndby IF - More Markets,den-mid-bro-2026-09-14-more-markets,FC Midtjylland vs. Brøndby IF - More Markets,,[],open,binary,0.74,0.75,0.74,0.745,0.255,0.745,0.01,15298.820760999999,15298.820760999999,,26336.5663,2026-09-01T16:30:24Z,2026-09-14T17:00:00Z,2026-09-14T17:00:00Z,,,,,,,,,2026-09-14T18:09:38+00:00,45.5,"[""FC Midtjylland"", ""Br\u00f8ndby IF""]","[0.745, 0.255]",100329792468362486182612473392115907440201937427948831225147820350794087873805
kalshi,KXSECPRESSMENTION-26SEP15-CHIN,https://kalshi.com/markets/kxsecpressmention/sec-press-mentions,https://kalshi.com/markets/kxsecpressmention/sec-press-mentions/kxsecpressmention-26sep15,Will the White House Press Secretary say China / Chinese at her next press briefing?,China / Chinese,KXSECPRESSMENTION-26SEP15,What will the White House Press Secretary say in their next press briefing?,KXSECPRESSMENTION,Sec Press mentions,Mentions,"[""Politicians""]",open,binary,0.1,0.17,0.15,0.135,0.865,0.135,0.07,24149.76,15290.98,14895.36,0,2026-08-06T14:30:00Z,2026-09-15T14:00:00Z,2026-09-15T14:00:00Z,,,,custom,,,,True,2026-09-14T18:10:21+00:00,,,,
kalshi,KXNFLCOTY-27-BJOH,https://kalshi.com/markets/kxnflcoty/ap-pro-football-coach-of-the-year,https://kalshi.com/markets/kxnflcoty/ap-pro-football-coach-of-the-year/kxnflcoty-27,Will Ben Johnson win the Coach of the Year?,Ben Johnson,KXNFLCOTY-27,Coach of the Year Winner?,KXNFLCOTY,AP Pro Football Coach Of The Year,Sports,"[""Football""]",open,binary,0.09,0.11,0.11,0.1,0.9,0.1,0.02,80415.42,15288.33,72993.94,0,2026-03-31T02:00:00Z,2028-02-28T15:00:00Z,2028-02-28T15:00:00Z,,,,custom,,,,True,2026-09-14T18:10:49+00:00,,,,
kalshi,KXLALIGAGAME-26SEP15ALAVCF-ALA,https://kalshi.com/markets/kxlaligagame/la-liga-game,https://kalshi.com/markets/kxlaligagame/la-liga-game/kxlaligagame-26sep15alavcf,Alaves wins,Alaves,KXLALIGAGAME-26SEP15ALAVCF,Alaves vs Valencia,KXLALIGAGAME,La Liga Game,Sports,"[""Soccer""]",open,binary,0.51,0.52,0.52,0.515,0.485,0.515,0.01,24765.22,15262.77,23632.81,0,2026-09-01T00:39:00Z,2026-09-18T00:00:00Z,2026-09-18T00:00:00Z,,,,structured,,,,True,2026-09-14T18:10:07+00:00,,,,
kalshi,KXMLBPLAYOFFS-26-STL,https://kalshi.com/markets/kxmlbplayoffs/pro-baseball-playoff-qualifiers,https://kalshi.com/markets/kxmlbplayoffs/pro-baseball-playoff-qualifiers/kxmlbplayoffs-26,Pro Baseball Playoff Qualifiers,St. Louis,KXMLBPLAYOFFS-26,Pro Baseball Playoff Qualifiers,KXMLBPLAYOFFS,Pro Baseball Playoff Qualifiers,Sports,"[""Baseball""]",open,binary,0,0.01,0.01,0.005,0.995,0.005,0.01,202133.85,15247.13,79841.99,0,2025-12-17T15:00:00Z,2026-11-01T15:00:00Z,2026-11-01T15:00:00Z,,,,structured,,,,True,2026-09-14T18:10:55+00:00,,,,
kalshi,KXNFLTD-26SEP14DENKC-KCEJOHNSON10-1,https://kalshi.com/markets/kxnfltd/pro-football-touchdowns,https://kalshi.com/markets/kxnfltd/pro-football-touchdowns/kxnfltd-26sep14denkc,Emmett Johnson: 1+ touchdowns,Emmett Johnson: 1+,KXNFLTD-26SEP14DENKC,Denver vs Kansas City: Touchdowns,KXNFLTD,Pro Football Touchdowns,Sports,"[""Football""]",open,binary,0.11,0.12,0.12,0.115,0.885,0.115,0.01,16039.96,15242.1,15555.41,0,2026-09-04T21:04:00Z,2026-09-17T00:15:00Z,2026-09-17T00:15:00Z,,,,greater,0.5,,,True,2026-09-14T18:10:01+00:00,,,,
kalshi,KXR6GAME-26SEP141300SHITM-TM,https://kalshi.com/markets/kxr6game/r6-game,https://kalshi.com/markets/kxr6game/r6-game/kxr6game-26sep141300shitm,Will Twisted Minds win the Shifters vs. Twisted Minds R6 match?,Twisted Minds,KXR6GAME-26SEP141300SHITM,Shifters vs. Twisted Minds,KXR6GAME,R6 Game,Sports,"[""Esports""]",open,binary,0.99,1,0.99,0.995,0.005,0.995,0.01,21215.64,15240.44,15349.68,0,2026-09-11T00:05:00Z,2026-09-16T17:00:00Z,2026-09-16T17:00:00Z,,,,structured,,,,True,2026-09-14T18:09:47+00:00,,,,
kalshi,KXBTCY-27JAN0100-B42500,https://kalshi.com/markets/kxbtcy/btc-price-range-eoy,https://kalshi.com/markets/kxbtcy/btc-price-range-eoy/kxbtcy-27jan0100,"BTC price  on Jan 1, 2027?","40,000 to 44,999.99",KXBTCY-27JAN0100,Bitcoin price at the end of 2026,KXBTCY,BTC price range EOY,Crypto,"[""BTC""]",open,binary,0.011,0.012,0.012,0.0115,0.9885,0.0115,0.001,1704606.64,15212.71,397679.36,0,2026-02-25T23:25:29Z,2027-01-01T05:00:00Z,2027-01-08T05:00:00Z,,,,between,40000,44999.99,,True,2026-09-14T18:10:51+00:00,,,,
kalshi,KXMLBTEAMTOTAL-26SEP141940ATLCHC-CHC5,https://kalshi.com/markets/kxmlbteamtotal/pro-baseball-team-total,https://kalshi.com/markets/kxmlbteamtotal/pro-baseball-team-total/kxmlbteamtotal-26sep141940atlchc,Will Chicago C score over 4.5 runs?,Chicago C over 4.5 runs scored,KXMLBTEAMTOTAL-26SEP141940ATLCHC,Atlanta vs Chicago C: Team Total,KXMLBTEAMTOTAL,Pro Baseball Team Total,Sports,"[""Baseball""]",open,binary,0.51,0.52,0.52,0.515,0.485,0.515,0.01,15211.7,15173.9,13432.44,0,2026-09-14T00:40:00Z,2026-09-17T23:40:00Z,2026-09-17T23:40:00Z,,,,greater,4.5,,,True,2026-09-14T18:09:40+00:00,,,,
