source,id,title,outcome_label,event_title,match_score,match_method,spread_pts,abs_spread_pts,arb_edge_pts,arb_direction,kalshi_fee_est_pts,net_edge_pts,kalshi_id,kalshi_title,kalshi_outcome,kalshi_url,kalshi_yes_bid,kalshi_yes_ask,kalshi_yes_price,kalshi_volume_24h,kalshi_open_interest,kalshi_liquidity,kalshi_close_time,kalshi_settlement_station,polymarket_id,polymarket_title,polymarket_outcome,polymarket_url,polymarket_yes_bid,polymarket_yes_ask,polymarket_yes_price,polymarket_volume_24h,polymarket_liquidity,polymarket_yes_token_id,polymarket_close_time,close_time,status,fetched_at
spread,KXLOWTNYC-26SEP09-B68.5|0xf6c88110cd0ff204522002a25c7f25e6eed5e095bfa260f31cb55ffdf9665b85,"Will the minimum temperature be 68-69° on Sep 9, 2026?",68° to 69°,"Lowest temperature in New York City on Sep 9, 2026?",1,auto,96.8,96.8,93.8,yes_polymarket_no_kalshi,0.07,93.73,KXLOWTNYC-26SEP09-B68.5,"Will the minimum temperature be 68-69° on Sep 9, 2026?",68° to 69°,https://kalshi.com/markets/kxlowtnyc/lowest-temperature-in-nyc/kxlowtnyc-26sep09,0.99,1,0.995,2223.6,1689.62,0,2026-09-10T05:00:00Z,CLINYC,0xf6c88110cd0ff204522002a25c7f25e6eed5e095bfa260f31cb55ffdf9665b85,Will the lowest temperature in New York City be between 68-69°F on September 9?,68-69°F,https://polymarket.com/event/lowest-temperature-in-nyc-on-september-9-2026/lowest-temperature-in-nyc-on-september-9-2026-68-69f,0.002,0.052,0.027,1138.575486,155.13503,85233300998073069703524929277019938462170203195269840102998447374732075809225,2026-09-09T12:00:00Z,2026-09-09T12:00:00Z,open,2026-09-09T16:54:10+00:00
spread,KXLOWTCHI-26SEP09-B72.5|0x11274308cb853243e5ce391c4f9ec9b45f498f29a26a7a64ed712bafbc343622,"Will the minimum temperature be 72-73° on Sep 9, 2026?",72° to 73°,"Lowest temperature in Chicago on Sep 9, 2026?",1,auto,59.45,59.45,45.9,yes_polymarket_no_kalshi,1.74,44.16,KXLOWTCHI-26SEP09-B72.5,"Will the minimum temperature be 72-73° on Sep 9, 2026?",72° to 73°,https://kalshi.com/markets/kxlowtchi/lowest-temperature-chicago/kxlowtchi-26sep09,0.46,0.73,0.595,2359.66,1322.38,0,2026-09-10T06:00:00Z,CLIMDW,0x11274308cb853243e5ce391c4f9ec9b45f498f29a26a7a64ed712bafbc343622,Will the lowest temperature in Chicago be between 72-73°F on September 9?,72-73°F,https://polymarket.com/event/lowest-temperature-in-chicago-on-september-9-2026/lowest-temperature-in-chicago-on-september-9-2026-72-73f,,0.001,0.0005,50,6147.46467,72960954645317510561605296674010127901325782673090063978281822329647754737285,2026-09-09T12:00:00Z,2026-09-09T12:00:00Z,open,2026-09-09T16:54:10+00:00
spread,KXHIGHTDAL-26SEP09-B98.5|0xb0b88aacbee52a7851684df8efab8160eb899ba4da2e3f9c34f4e42bcadd6219,"Will the maximum temperature be 98-99° on Sep 9, 2026?",98° to 99°,"Highest temperature in Dallas on Sep 9, 2026?",1,auto,-54.5,54.5,51,yes_kalshi_no_polymarket,0.58,50.42,KXHIGHTDAL-26SEP09-B98.5,"Will the maximum temperature be 98-99° on Sep 9, 2026?",98° to 99°,https://kalshi.com/markets/kxhightdal/dallas-maximum-temperature/kxhightdal-26sep09,0.06,0.09,0.075,2130.39,2219.47,0,2026-09-10T06:00:00Z,CLIDFW,0xb0b88aacbee52a7851684df8efab8160eb899ba4da2e3f9c34f4e42bcadd6219,Will the highest temperature in Dallas be between 98-99°F on September 9?,98-99°F,https://polymarket.com/event/highest-temperature-in-dallas-on-september-9-2026/highest-temperature-in-dallas-on-september-9-2026-98-99f,0.6,0.64,0.62,3991.1936400000004,293.729,97188263254755460236048542602457828672419531380390242713058559334828186269322,2026-09-09T12:00:00Z,2026-09-09T12:00:00Z,open,2026-09-09T16:54:10+00:00
spread,KXLOWTCHI-26SEP09-B70.5|0xab9b26af3618c489178e98ffa5e920488855526aea6a9c54f81adb288f55a4b8,"Will the minimum temperature be 70-71° on Sep 9, 2026?",70° to 71°,"Lowest temperature in Chicago on Sep 9, 2026?",1,auto,-54.5,54.5,44,yes_kalshi_no_polymarket,1.45,42.55,KXLOWTCHI-26SEP09-B70.5,"Will the minimum temperature be 70-71° on Sep 9, 2026?",70° to 71°,https://kalshi.com/markets/kxlowtchi/lowest-temperature-chicago/kxlowtchi-26sep09,0.25,0.29,0.27,1737.56,1021.51,0,2026-09-10T06:00:00Z,CLIMDW,0xab9b26af3618c489178e98ffa5e920488855526aea6a9c54f81adb288f55a4b8,Will the lowest temperature in Chicago be between 70-71°F on September 9?,70-71°F,https://polymarket.com/event/lowest-temperature-in-chicago-on-september-9-2026/lowest-temperature-in-chicago-on-september-9-2026-70-71f,0.73,0.9,0.815,54.29,30.2082,100542158328476046973404383095861875695337723110606124509935854423964838262601,2026-09-09T12:00:00Z,2026-09-09T12:00:00Z,open,2026-09-09T16:54:10+00:00
spread,KXLOWTSEA-26SEP09-B52.5|0x555e4bc293fbb800c59c1037dd1b97df21595d6a9f3b06b0193c753ef44e9b62,"Will the minimum temperature be 52-53° on Sep 9, 2026?",52° to 53°,"Lowest temperature in Seattle on Sep 9, 2026?",1,auto,-43.5,43.5,-2,,0.21,-2.21,KXLOWTSEA-26SEP09-B52.5,"Will the minimum temperature be 52-53° on Sep 9, 2026?",52° to 53°,https://kalshi.com/markets/kxlowtsea/low-temperature-seattle/kxlowtsea-26sep09,0.01,0.03,0.02,1557.95,1053.06,0,2026-09-10T08:00:00Z,CLISEA,0x555e4bc293fbb800c59c1037dd1b97df21595d6a9f3b06b0193c753ef44e9b62,Will the lowest temperature in Seattle be between 52-53°F on September 9?,52-53°F,https://polymarket.com/event/lowest-temperature-in-seattle-on-september-9-2026/lowest-temperature-in-seattle-on-september-9-2026-52-53f,0.01,0.9,0.455,29.148149,44.599,16583945123545295839903421352185402452093192736998216092552623281492478970095,2026-09-09T12:00:00Z,2026-09-09T12:00:00Z,open,2026-09-09T16:54:10+00:00
spread,KXRAIN-26SEP09-NYC|0x21d72a18862937545648c901b184890f87e50da9fedd00223923f3349bc70ee2,"Will it rain in New York City on Sep 9, 2026?",New York City,"Where will it rain on Sep 9, 2026?",0.5,auto,-41.5,41.5,-9,,0.69,-9.69,KXRAIN-26SEP09-NYC,"Will it rain in New York City on Sep 9, 2026?",New York City,https://kalshi.com/markets/kxrain/where-will-it-rain-daily/kxrain-26sep09,0.06,0.11,0.085,5095.5,4731.94,0,2026-09-10T05:00:00Z,,0x21d72a18862937545648c901b184890f87e50da9fedd00223923f3349bc70ee2,"Will it rain in New York, NY on September 9?","New York, NY",https://polymarket.com/event/where-will-it-rain-on-september-9-2026/where-will-it-rain-on-september-9-2026-new-york-ny,0.02,0.98,0.5,21.063816,2.0194,80616972246408862400748602885769467019369552782394958324431828650838030819855,2026-09-10T18:00:00Z,2026-09-10T05:00:00Z,open,2026-09-09T16:54:10+00:00
spread,KXRAIN-26SEP09-NOLA|0xb03653ebc94416527c2ecd685f26b4eb45dd794ac180659ada73d8ce766bbc4a,"Will it rain in New Orleans on Sep 9, 2026?",New Orleans,"Where will it rain on Sep 9, 2026?",0.667,auto,-39,39,-5,,1.13,-6.13,KXRAIN-26SEP09-NOLA,"Will it rain in New Orleans on Sep 9, 2026?",New Orleans,https://kalshi.com/markets/kxrain/where-will-it-rain-daily/kxrain-26sep09,0.15,0.2,0.175,24711.55,10407.5,0,2026-09-10T06:00:00Z,,0xb03653ebc94416527c2ecd685f26b4eb45dd794ac180659ada73d8ce766bbc4a,"Will it rain in New Orleans, LA on September 9?","New Orleans, LA",https://polymarket.com/event/where-will-it-rain-on-september-9-2026/where-will-it-rain-on-september-9-2026-new-orleans-la,0.15,0.98,0.565,155.638,2.8034,66627067893494404838933772052553207540967423422792299585412375259475588274455,2026-09-10T18:00:00Z,2026-09-10T06:00:00Z,open,2026-09-09T16:54:10+00:00
spread,KXHIGHTDAL-26SEP09-B100.5|0xeb0e75dd8ef2b0e273f590b6ac51e51b7ccdb3ccb8539541ce57fe68b68796fc,"Will the maximum temperature be 100-101° on Sep 9, 2026?",100° to 101°,"Highest temperature in Dallas on Sep 9, 2026?",1,auto,38.5,38.5,34,yes_polymarket_no_kalshi,1.35,32.65,KXHIGHTDAL-26SEP09-B100.5,"Will the maximum temperature be 100-101° on Sep 9, 2026?",100° to 101°,https://kalshi.com/markets/kxhightdal/dallas-maximum-temperature/kxhightdal-26sep09,0.74,0.79,0.765,3933.8,3599.69,0,2026-09-10T06:00:00Z,CLIDFW,0xeb0e75dd8ef2b0e273f590b6ac51e51b7ccdb3ccb8539541ce57fe68b68796fc,Will the highest temperature in Dallas be between 100-101°F on September 9?,100-101°F,https://polymarket.com/event/highest-temperature-in-dallas-on-september-9-2026/highest-temperature-in-dallas-on-september-9-2026-100-101f,0.36,0.4,0.38,2221.781005,247.583,49144358882265906354939162515404296746399399898745127230678535212902169479354,2026-09-09T12:00:00Z,2026-09-09T12:00:00Z,open,2026-09-09T16:54:10+00:00
spread,KXLOWTNYC-26SEP10-B74.5|0x0a30796397c84114e583673c1f9e448e3185c219a57b36af743e97adf8c968ac,"Will the minimum temperature be 74-75° on Sep 10, 2026?",74° to 75°,"Lowest temperature in New York City on Sep 10, 2026?",1,auto,-27,27,24,yes_kalshi_no_polymarket,0.8,23.2,KXLOWTNYC-26SEP10-B74.5,"Will the minimum temperature be 74-75° on Sep 10, 2026?",74° to 75°,https://kalshi.com/markets/kxlowtnyc/lowest-temperature-in-nyc/kxlowtnyc-26sep10,0.12,0.13,0.125,292,292,0,2026-09-11T05:00:00Z,CLINYC,0x0a30796397c84114e583673c1f9e448e3185c219a57b36af743e97adf8c968ac,Will the lowest temperature in New York City be between 74-75°F on September 10?,74-75°F,https://polymarket.com/event/lowest-temperature-in-nyc-on-september-10-2026/lowest-temperature-in-nyc-on-september-10-2026-74-75f,0.37,0.42,0.395,811.4141220000001,1274.8336,28794795565110207894766418563189393938334050503947300330666667166069209563769,2026-09-10T12:00:00Z,2026-09-10T12:00:00Z,open,2026-09-09T16:54:10+00:00
spread,KXLOWTSFO-26SEP10-B62.5|0xcee86d57f7ccf1630fcbc7ae2439045383004ff7d227e53ef834e006fd4ffa90,"Will the minimum temperature be 62-63° on Sep 10, 2026?",62° to 63°,"Lowest temperature in San Francisco on Sep 10, 2026?",1,auto,-26.5,26.5,17,yes_kalshi_no_polymarket,1.28,15.72,KXLOWTSFO-26SEP10-B62.5,"Will the minimum temperature be 62-63° on Sep 10, 2026?",62° to 63°,https://kalshi.com/markets/kxlowtsfo/lowest-temperature-san-francisco/kxlowtsfo-26sep10,0.2,0.24,0.22,166.46,161,0,2026-09-11T08:00:00Z,CLISFO,0xcee86d57f7ccf1630fcbc7ae2439045383004ff7d227e53ef834e006fd4ffa90,Will the lowest temperature in San Francisco be between 62-63°F on September 10?,62-63°F,https://polymarket.com/event/lowest-temperature-in-san-francisco-on-september-10-2026/lowest-temperature-in-san-francisco-on-september-10-2026-62-63f,0.41,0.56,0.485,260.226258,120.5453,86571259210751580176275070720804194856665998869300269167875729041111112807318,2026-09-10T12:00:00Z,2026-09-10T12:00:00Z,open,2026-09-09T16:54:10+00:00
spread,KXHIGHDEN-26SEP09-B82.5|0x15a257a210d78b2ff74c4cd345b51cba0e545af7061d721a64dc88a900b746f3,"Will the maximum temperature be 82-83° on Sep 9, 2026?",82° to 83°,"Highest temperature in Denver on Sep 9, 2026?",1,auto,-25,25,22,yes_kalshi_no_polymarket,1.65,20.35,KXHIGHDEN-26SEP09-B82.5,"Will the maximum temperature be 82-83° on Sep 9, 2026?",82° to 83°,https://kalshi.com/markets/kxhighden/highest-temperature-in-denver/kxhighden-26sep09,0.37,0.38,0.375,2320.47,2029.89,0,2026-09-10T07:00:00Z,CLIDEN,0x15a257a210d78b2ff74c4cd345b51cba0e545af7061d721a64dc88a900b746f3,Will the highest temperature in Denver be between 82-83°F on September 9?,82-83°F,https://polymarket.com/event/highest-temperature-in-denver-on-september-9-2026/highest-temperature-in-denver-on-september-9-2026-82-83f,0.6,0.65,0.625,2730.975697,271.8594,108010272460334685549529452214958066741005028730725101797955225391219759124844,2026-09-09T12:00:00Z,2026-09-09T12:00:00Z,open,2026-09-09T16:54:10+00:00
spread,KXRAIN-26SEP09-SFO|0x3f939885fb2c4bb7e1c05af0fb3b825cb3239e14b30a96eafdd56e7135d30b7d,"Will it rain in San Francisco on Sep 9, 2026?",San Francisco,"Where will it rain on Sep 9, 2026?",0.5,auto,-24.45,24.45,1,yes_kalshi_no_polymarket,0.07,0.93,KXRAIN-26SEP09-SFO,"Will it rain in San Francisco on Sep 9, 2026?",San Francisco,https://kalshi.com/markets/kxrain/where-will-it-rain-daily/kxrain-26sep09,0,0.01,0.005,2128.87,2101.88,0,2026-09-10T08:00:00Z,,0x3f939885fb2c4bb7e1c05af0fb3b825cb3239e14b30a96eafdd56e7135d30b7d,"Will it rain in San Francisco, CA on September 9?","San Francisco, CA",https://polymarket.com/event/where-will-it-rain-on-september-9-2026/where-will-it-rain-on-september-9-2026-san-francisco-ca,0.02,0.479,0.2495,345.05262,71.74648,105646893485566923313484549783211210661741830137932795860701842032113710552269,2026-09-10T18:00:00Z,2026-09-10T08:00:00Z,open,2026-09-09T16:54:10+00:00
spread,KXRAIN-26SEP09-DAL|0x23d6ed29c486cc2f142b521a489fb0962a6cc8cb95ff2c8f6f222e2a7b679f0d,"Will it rain in Dallas on Sep 9, 2026?",Dallas,"Where will it rain on Sep 9, 2026?",0.5,auto,-23.95,23.95,-1,,0.14,-1.14,KXRAIN-26SEP09-DAL,"Will it rain in Dallas on Sep 9, 2026?",Dallas,https://kalshi.com/markets/kxrain/where-will-it-rain-daily/kxrain-26sep09,0.01,0.02,0.015,1431.38,1411.88,0,2026-09-10T06:00:00Z,,0x23d6ed29c486cc2f142b521a489fb0962a6cc8cb95ff2c8f6f222e2a7b679f0d,"Will it rain in Dallas, TX on September 9?","Dallas, TX",https://polymarket.com/event/where-will-it-rain-on-september-9-2026/where-will-it-rain-on-september-9-2026-dallas-tx,0.01,0.499,0.2545,78.4,50.42758,51650079107306315637942959794162145182628482699595982147719408885440264865049,2026-09-10T18:00:00Z,2026-09-10T06:00:00Z,open,2026-09-09T16:54:10+00:00
spread,KXLOWTDEN-26SEP09-B56.5|0x2d1c2adc54ae7557c85485bdf857ed5fd369ebcc40df5bb3c16caa5d727eb32e,"Will the minimum temperature be 56-57° on Sep 9, 2026?",56° to 57°,"Lowest temperature in Denver on Sep 9, 2026?",1,auto,-23.5,23.5,16,yes_kalshi_no_polymarket,1.35,14.65,KXLOWTDEN-26SEP09-B56.5,"Will the minimum temperature be 56-57° on Sep 9, 2026?",56° to 57°,https://kalshi.com/markets/kxlowtden/lowest-temperature-in-denver/kxlowtden-26sep09,0.67,0.74,0.705,1497.49,586.41,0,2026-09-10T07:00:00Z,CLIDEN,0x2d1c2adc54ae7557c85485bdf857ed5fd369ebcc40df5bb3c16caa5d727eb32e,Will the lowest temperature in Denver be between 56-57°F on September 9?,56-57°F,https://polymarket.com/event/lowest-temperature-in-denver-on-september-9-2026/lowest-temperature-in-denver-on-september-9-2026-56-57f,0.9,0.98,0.94,317.448625,255.2021,92529985422041555387985899871882113111930318253817894432397114036422594272545,2026-09-09T12:00:00Z,2026-09-09T12:00:00Z,open,2026-09-09T16:54:10+00:00
spread,KXRAIN-26SEP09-PHIL|0xc8f4152d2af34c20b4639ad102436f41eb0857076b68247a97c5dfc39c86bcde,"Will it rain in Philadelphia on Sep 9, 2026?",Philadelphia,"Where will it rain on Sep 9, 2026?",0.5,auto,-23.45,23.45,1,yes_kalshi_no_polymarket,0.07,0.93,KXRAIN-26SEP09-PHIL,"Will it rain in Philadelphia on Sep 9, 2026?",Philadelphia,https://kalshi.com/markets/kxrain/where-will-it-rain-daily/kxrain-26sep09,0,0.01,0.005,6572.15,6668.15,0,2026-09-10T05:00:00Z,,0xc8f4152d2af34c20b4639ad102436f41eb0857076b68247a97c5dfc39c86bcde,"Will it rain in Philadelphia, PA on September 9?","Philadelphia, PA",https://polymarket.com/event/where-will-it-rain-on-september-9-2026/where-will-it-rain-on-september-9-2026-philadelphia-pa,0.02,0.459,0.2395,224.42381600000002,89.14252,72563876135755899156020900528783633000186602494711887114004024734460289866600,2026-09-10T18:00:00Z,2026-09-10T05:00:00Z,open,2026-09-09T16:54:10+00:00
spread,KXRAIN-26SEP09-SEA|0x9bb4be20db40f4a91253359f956ef49758023854df4976fd1b5fc252f9c8bf13,"Will it rain in Seattle on Sep 9, 2026?",Seattle,"Where will it rain on Sep 9, 2026?",0.5,auto,-23,23,0,,0.14,-0.14,KXRAIN-26SEP09-SEA,"Will it rain in Seattle on Sep 9, 2026?",Seattle,https://kalshi.com/markets/kxrain/where-will-it-rain-daily/kxrain-26sep09,0.01,0.02,0.015,2844.87,2710.86,0,2026-09-10T08:00:00Z,,0x9bb4be20db40f4a91253359f956ef49758023854df4976fd1b5fc252f9c8bf13,"Will it rain in Seattle, WA on September 9?","Seattle, WA",https://polymarket.com/event/where-will-it-rain-on-september-9-2026/where-will-it-rain-on-september-9-2026-seattle-wa,0.02,0.47,0.245,231.46525699999998,64.0148,69169295901593360868822967772644625071026627299120853849319917700758648585225,2026-09-10T18:00:00Z,2026-09-10T08:00:00Z,open,2026-09-09T16:54:10+00:00
spread,KXHIGHAUS-26SEP09-B100.5|0x6f89dd8443a3833681ecb3639e1cb4bd2bcbfb3e4a6d17154088beeb6c32d1ce,"Will the maximum temperature be 100-101° on Sep 9, 2026?",100° to 101°,"Highest temperature in Austin on Sep 9, 2026?",1,auto,22.5,22.5,18,yes_polymarket_no_kalshi,1.6,16.4,KXHIGHAUS-26SEP09-B100.5,"Will the maximum temperature be 100-101° on Sep 9, 2026?",100° to 101°,https://kalshi.com/markets/kxhighaus/highest-temperature-in-austin/kxhighaus-26sep09,0.35,0.36,0.355,5455.21,3994.1,0,2026-09-10T06:00:00Z,CLIAUS,0x6f89dd8443a3833681ecb3639e1cb4bd2bcbfb3e4a6d17154088beeb6c32d1ce,Will the highest temperature in Austin be between 100-101°F on September 9?,100-101°F,https://polymarket.com/event/highest-temperature-in-austin-on-september-9-2026/highest-temperature-in-austin-on-september-9-2026-100-101f,0.09,0.17,0.13,1005.284042,272.7769,102739781800888510283238026498095199361543182027749145681586678560441791593011,2026-09-09T12:00:00Z,2026-09-09T12:00:00Z,open,2026-09-09T16:54:10+00:00
spread,KXRAIN-26SEP09-HOU|0xf0be41dff525bbdc1cb16cd9ba4eaa75b78745dab24e461e5171bae0f1cea782,"Will it rain in Houston on Sep 9, 2026?",Houston,"Where will it rain on Sep 9, 2026?",0.5,auto,-20.5,20.5,0,,1.69,-1.69,KXRAIN-26SEP09-HOU,"Will it rain in Houston on Sep 9, 2026?",Houston,https://kalshi.com/markets/kxrain/where-will-it-rain-daily/kxrain-26sep09,0.59,0.6,0.595,20646.57,11607.34,0,2026-09-10T06:00:00Z,,0xf0be41dff525bbdc1cb16cd9ba4eaa75b78745dab24e461e5171bae0f1cea782,"Will it rain in Houston, TX on September 9?","Houston, TX",https://polymarket.com/event/where-will-it-rain-on-september-9-2026/where-will-it-rain-on-september-9-2026-houston-tx,0.6,1,0.8,249.050399,84.08,25698972727157033385911127002494694973263891983716211002571928993054213186361,2026-09-10T18:00:00Z,2026-09-10T06:00:00Z,open,2026-09-09T16:54:10+00:00
spread,KXHIGHCHI-26SEP09-B80.5|0x658753b367f34c8f89ee13f34d1c3e03163fb3b0f692884e3a761ba09ea9c619,"Will the maximum temperature be 80-81° on Sep 9, 2026?",80° to 81°,"Highest temperature in Chicago on Sep 9, 2026?",1,auto,-20,20,15,yes_kalshi_no_polymarket,1.35,13.65,KXHIGHCHI-26SEP09-B80.5,"Will the maximum temperature be 80-81° on Sep 9, 2026?",80° to 81°,https://kalshi.com/markets/kxhighchi/highest-temperature-in-chicago/kxhighchi-26sep09,0.25,0.26,0.255,4814.28,3190.68,0,2026-09-10T06:00:00Z,CLIMDW,0x658753b367f34c8f89ee13f34d1c3e03163fb3b0f692884e3a761ba09ea9c619,Will the highest temperature in Chicago be between 80-81°F on September 9?,80-81°F,https://polymarket.com/event/highest-temperature-in-chicago-on-september-9-2026/highest-temperature-in-chicago-on-september-9-2026-80-81f,0.41,0.5,0.455,3549.4062510000003,136.946,70440493578840412418070858077939116339957956508027414524883838121422493346043,2026-09-09T12:00:00Z,2026-09-09T12:00:00Z,open,2026-09-09T16:54:10+00:00
spread,KXRAIN-26SEP10-NYC|0xe4c9b5d319b3b1679ac7ceaf851f1d28f13e7058a9850aab69bf272d97751de9,"Will it rain in New York City on Sep 10, 2026?",New York City,"Where will it rain on Sep 10, 2026?",0.5,auto,-20,20,-28,,1.53,-29.53,KXRAIN-26SEP10-NYC,"Will it rain in New York City on Sep 10, 2026?",New York City,https://kalshi.com/markets/kxrain/where-will-it-rain-daily/kxrain-26sep10,0.3,0.32,0.31,109.39,91.69,0,2026-09-11T05:00:00Z,,0xe4c9b5d319b3b1679ac7ceaf851f1d28f13e7058a9850aab69bf272d97751de9,"Will it rain in New York, NY on September 10?","New York, NY",https://polymarket.com/event/where-will-it-rain-on-september-10-2026/where-will-it-rain-on-september-10-2026-new-york-ny,0.04,0.98,0.51,22,24.4,51226722189125684370560077220583127308646554572354896652836702886638517544860,2026-09-11T18:00:00Z,2026-09-11T05:00:00Z,open,2026-09-09T16:54:10+00:00
spread,KXHIGHTHOU-26SEP09-B90.5|0xd797439ae592962f8b8e166e2c560691f4a125f1c5a7433044c51d70df421c1f,"Will the maximum temperature be 90-91° on Sep 9, 2026?",90° to 91°,"Highest temperature in Houston on Sep 9, 2026?",1,auto,19.5,19.5,13,yes_polymarket_no_kalshi,1.72,11.28,KXHIGHTHOU-26SEP09-B90.5,"Will the maximum temperature be 90-91° on Sep 9, 2026?",90° to 91°,https://kalshi.com/markets/kxhighthou/daily-high-temperature-houston/kxhighthou-26sep09,0.43,0.47,0.45,2243.47,1893.53,0,2026-09-10T06:00:00Z,CLIHOU,0xd797439ae592962f8b8e166e2c560691f4a125f1c5a7433044c51d70df421c1f,Will the highest temperature in Houston be between 90-91°F on September 9?,90-91°F,https://polymarket.com/event/highest-temperature-in-houston-on-september-9-2026/highest-temperature-in-houston-on-september-9-2026-90-91f,0.21,0.3,0.255,3183.5056019999997,163.985,15635947670661770571466051176429071172931240788716668837685078700788709261031,2026-09-09T12:00:00Z,2026-09-09T12:00:00Z,open,2026-09-09T16:54:10+00:00
spread,KXLOWTSFO-26SEP10-B64.5|0x4b8523fd1f862fb381071bed79526068fe918c4a62b5212ab863ada3036f4211,"Will the minimum temperature be 64-65° on Sep 10, 2026?",64° to 65°,"Lowest temperature in San Francisco on Sep 10, 2026?",1,auto,-18.5,18.5,12,yes_kalshi_no_polymarket,1.67,10.33,KXLOWTSFO-26SEP10-B64.5,"Will the minimum temperature be 64-65° on Sep 10, 2026?",64° to 65°,https://kalshi.com/markets/kxlowtsfo/lowest-temperature-san-francisco/kxlowtsfo-26sep10,0.3,0.39,0.345,155,105,0,2026-09-11T08:00:00Z,CLISFO,0x4b8523fd1f862fb381071bed79526068fe918c4a62b5212ab863ada3036f4211,Will the lowest temperature in San Francisco be between 64-65°F on September 10?,64-65°F,https://polymarket.com/event/lowest-temperature-in-san-francisco-on-september-10-2026/lowest-temperature-in-san-francisco-on-september-10-2026-64-65f,0.51,0.55,0.53,100.077799,140.0973,35124017516010399078911922088432728188845745245527499322386374266007227857593,2026-09-10T12:00:00Z,2026-09-10T12:00:00Z,open,2026-09-09T16:54:10+00:00
spread,KXHIGHDEN-26SEP09-B80.5|0xd82340f81b677b6988e4b20c2a7c157a52c0e23b02e4da051bf2014e46bb81ff,"Will the maximum temperature be 80-81° on Sep 9, 2026?",80° to 81°,"Highest temperature in Denver on Sep 9, 2026?",1,auto,18.5,18.5,11,yes_polymarket_no_kalshi,1.73,9.27,KXHIGHDEN-26SEP09-B80.5,"Will the maximum temperature be 80-81° on Sep 9, 2026?",80° to 81°,https://kalshi.com/markets/kxhighden/highest-temperature-in-denver/kxhighden-26sep09,0.44,0.5,0.47,2222.2,2044.82,0,2026-09-10T07:00:00Z,CLIDEN,0xd82340f81b677b6988e4b20c2a7c157a52c0e23b02e4da051bf2014e46bb81ff,Will the highest temperature in Denver be between 80-81°F on September 9?,80-81°F,https://polymarket.com/event/highest-temperature-in-denver-on-september-9-2026/highest-temperature-in-denver-on-september-9-2026-80-81f,0.24,0.33,0.285,1101.90478,307.8482,67615519797563193545997309361896020630571553750120813704476565583207402704075,2026-09-09T12:00:00Z,2026-09-09T12:00:00Z,open,2026-09-09T16:54:10+00:00
spread,KXHIGHTSEA-26SEP09-B76.5|0x7697acb55bfc3e2c16d2f931d6ecaeed02266460d339178a21f6446a95588e73,"Will the maximum temperature be 76-77° on Sep 9, 2026?",76° to 77°,"Highest temperature in Seattle on Sep 9, 2026?",1,auto,-18,18,14,yes_kalshi_no_polymarket,1.42,12.58,KXHIGHTSEA-26SEP09-B76.5,"Will the maximum temperature be 76-77° on Sep 9, 2026?",76° to 77°,https://kalshi.com/markets/kxhightsea/seattle-maximum-temperature-daily/kxhightsea-26sep09,0.25,0.28,0.265,3209.53,1965.03,0,2026-09-10T08:00:00Z,CLISEA,0x7697acb55bfc3e2c16d2f931d6ecaeed02266460d339178a21f6446a95588e73,Will the highest temperature in Seattle be between 76-77°F on September 9?,76-77°F,https://polymarket.com/event/highest-temperature-in-seattle-on-september-9-2026/highest-temperature-in-seattle-on-september-9-2026-76-77f,0.42,0.47,0.445,2247.303652,520.7275,12568427769715984483740815319667375327414934879485995213528232432796707938056,2026-09-09T12:00:00Z,2026-09-09T12:00:00Z,open,2026-09-09T16:54:10+00:00
spread,KXLOWTDEN-26SEP09-B54.5|0x73e4a8bb11fa83eed7e1b34915304fc939e95deeb41d452daf1d2e431a97a0e9,"Will the minimum temperature be 54-55° on Sep 9, 2026?",54° to 55°,"Lowest temperature in Denver on Sep 9, 2026?",1,auto,18,18,6,yes_polymarket_no_kalshi,1.28,4.72,KXLOWTDEN-26SEP09-B54.5,"Will the minimum temperature be 54-55° on Sep 9, 2026?",54° to 55°,https://kalshi.com/markets/kxlowtden/lowest-temperature-in-denver/kxlowtden-26sep09,0.24,0.31,0.275,692.23,432.05,0,2026-09-10T07:00:00Z,CLIDEN,0x73e4a8bb11fa83eed7e1b34915304fc939e95deeb41d452daf1d2e431a97a0e9,Will the lowest temperature in Denver be between 54-55°F on September 9?,54-55°F,https://polymarket.com/event/lowest-temperature-in-denver-on-september-9-2026/lowest-temperature-in-denver-on-september-9-2026-54-55f,0.01,0.18,0.095,70,166.099,47818169895094049353245402938410948962374056587292563941976962520943849150606,2026-09-09T12:00:00Z,2026-09-09T12:00:00Z,open,2026-09-09T16:54:10+00:00
spread,KXHIGHTDAL-26SEP09-B102.5|0x5d379ec0100b48e9496e64c61695342b7dffebe3573312bbf913113468102340,"Will the maximum temperature be 102-103° on Sep 9, 2026?",102° to 103°,"Highest temperature in Dallas on Sep 9, 2026?",1,auto,17.5,17.5,15,yes_polymarket_no_kalshi,1.04,13.96,KXHIGHTDAL-26SEP09-B102.5,"Will the maximum temperature be 102-103° on Sep 9, 2026?",102° to 103°,https://kalshi.com/markets/kxhightdal/dallas-maximum-temperature/kxhightdal-26sep09,0.18,0.21,0.195,2810.87,2284.12,0,2026-09-10T06:00:00Z,CLIDFW,0x5d379ec0100b48e9496e64c61695342b7dffebe3573312bbf913113468102340,Will the highest temperature in Dallas be between 102-103°F on September 9?,102-103°F,https://polymarket.com/event/highest-temperature-in-dallas-on-september-9-2026/highest-temperature-in-dallas-on-september-9-2026-102-103f,0.01,0.03,0.02,1196.785773,520.4828,73032038870185543728029607005337621479461479667317106553803995389253719841443,2026-09-09T12:00:00Z,2026-09-09T12:00:00Z,open,2026-09-09T16:54:10+00:00
spread,KXHIGHAUS-26SEP09-B96.5|0x014a7d0a297f537e39d5a89801e6b12fda9bb8934195738a37ecf06b09a2201e,"Will the maximum temperature be 96-97° on Sep 9, 2026?",96° to 97°,"Highest temperature in Austin on Sep 9, 2026?",1,auto,-17,17,13,yes_kalshi_no_polymarket,0.46,12.54,KXHIGHAUS-26SEP09-B96.5,"Will the maximum temperature be 96-97° on Sep 9, 2026?",96° to 97°,https://kalshi.com/markets/kxhighaus/highest-temperature-in-austin/kxhighaus-26sep09,0.06,0.07,0.065,5030.54,4007.14,0,2026-09-10T06:00:00Z,CLIAUS,0x014a7d0a297f537e39d5a89801e6b12fda9bb8934195738a37ecf06b09a2201e,Will the highest temperature in Austin be between 96-97°F on September 9?,96-97°F,https://polymarket.com/event/highest-temperature-in-austin-on-september-9-2026/highest-temperature-in-austin-on-september-9-2026-96-97f,0.2,0.27,0.235,2501.1582170000006,206.8637,98424750259035613534148444231853888089321985158297892722591690082785137748721,2026-09-09T12:00:00Z,2026-09-09T12:00:00Z,open,2026-09-09T16:54:10+00:00
spread,KXRAIN-26SEP09-ATL|0x5a9d670f3cc49d8050fcf2357bd5c2535e80c401206d8039b8b00b2c6dbe6123,"Will it rain in Atlanta on Sep 9, 2026?",Atlanta,"Where will it rain on Sep 9, 2026?",0.5,auto,-17,17,1,yes_kalshi_no_polymarket,0.07,0.93,KXRAIN-26SEP09-ATL,"Will it rain in Atlanta on Sep 9, 2026?",Atlanta,https://kalshi.com/markets/kxrain/where-will-it-rain-daily/kxrain-26sep09,0,0.01,0.005,3088.51,3901.02,0,2026-09-10T05:00:00Z,,0x5a9d670f3cc49d8050fcf2357bd5c2535e80c401206d8039b8b00b2c6dbe6123,"Will it rain in Atlanta, GA on September 9?","Atlanta, GA",https://polymarket.com/event/where-will-it-rain-on-september-9-2026/where-will-it-rain-on-september-9-2026-atlanta-ga,0.02,0.33,0.175,385.88694999999996,36.3681,30734152298159576480150625458559013629396518581666198695305651405521762950824,2026-09-10T18:00:00Z,2026-09-10T05:00:00Z,open,2026-09-09T16:54:10+00:00
spread,KXHIGHMIA-26SEP10-B90.5|0xb3b6e87a541c3dd831378ca4bd80e8744a70775ac3ccc83a075c31fbb8b69f08,"Will the maximum temperature be 90-91° on Sep 10, 2026?",90° to 91°,"Highest temperature in Miami on Sep 10, 2026?",1,auto,16.5,16.5,14,yes_polymarket_no_kalshi,1.74,12.26,KXHIGHMIA-26SEP10-B90.5,"Will the maximum temperature be 90-91° on Sep 10, 2026?",90° to 91°,https://kalshi.com/markets/kxhighmia/highest-temperature-in-miami/kxhighmia-26sep10,0.45,0.46,0.455,179.08,166.03,0,2026-09-11T05:00:00Z,CLIMIA,0xb3b6e87a541c3dd831378ca4bd80e8744a70775ac3ccc83a075c31fbb8b69f08,Will the highest temperature in Miami be between 90-91°F on September 10?,90-91°F,https://polymarket.com/event/highest-temperature-in-miami-on-september-10-2026/highest-temperature-in-miami-on-september-10-2026-90-91f,0.27,0.31,0.29,3194.231555,4253.9172,35132485395612240657598531032106369726705808696878153117461587896856251831321,2026-09-10T12:00:00Z,2026-09-10T12:00:00Z,open,2026-09-09T16:54:10+00:00
spread,KXLOWTNYC-26SEP10-B72.5|0x5eb7e27ec3b5da3fcd65753993f54d046123271feff739b7a317ee3d848cdf05,"Will the minimum temperature be 72-73° on Sep 10, 2026?",72° to 73°,"Lowest temperature in New York City on Sep 10, 2026?",1,auto,16.5,16.5,9,yes_polymarket_no_kalshi,1.73,7.27,KXLOWTNYC-26SEP10-B72.5,"Will the minimum temperature be 72-73° on Sep 10, 2026?",72° to 73°,https://kalshi.com/markets/kxlowtnyc/lowest-temperature-in-nyc/kxlowtnyc-26sep10,0.44,0.51,0.475,238.4,232.4,0,2026-09-11T05:00:00Z,CLINYC,0x5eb7e27ec3b5da3fcd65753993f54d046123271feff739b7a317ee3d848cdf05,Will the lowest temperature in New York City be between 72-73°F on September 10?,72-73°F,https://polymarket.com/event/lowest-temperature-in-nyc-on-september-10-2026/lowest-temperature-in-nyc-on-september-10-2026-72-73f,0.27,0.35,0.31,713.847505,963.7762,60125958528571938085948853760413298281038785380086949794752432333323540363683,2026-09-10T12:00:00Z,2026-09-10T12:00:00Z,open,2026-09-09T16:54:10+00:00
spread,KXLOWTLAX-26SEP10-B74.5|0x58226cf20c982bd5944b76578b32774986f0fdb5e597596d9b0896c4d8a33b1e,"Will the minimum temperature be 74-75° on Sep 10, 2026?",74° to 75°,"Lowest temperature in Los Angeles on Sep 10, 2026?",1,auto,16.5,16.5,-1,,1.75,-2.75,KXLOWTLAX-26SEP10-B74.5,"Will the minimum temperature be 74-75° on Sep 10, 2026?",74° to 75°,https://kalshi.com/markets/kxlowtlax/lowest-temperature-in-la/kxlowtlax-26sep10,0.49,0.51,0.5,82,80,0,2026-09-11T08:00:00Z,CLILAX,0x58226cf20c982bd5944b76578b32774986f0fdb5e597596d9b0896c4d8a33b1e,Will the lowest temperature in Los Angeles be between 74-75°F on September 10?,74-75°F,https://polymarket.com/event/lowest-temperature-in-los-angeles-on-september-10-2026/lowest-temperature-in-los-angeles-on-september-10-2026-74-75f,0.17,0.5,0.335,59.122546,236.1965,11766045637378578135833518684405322646623418583223058139614320068325702693355,2026-09-10T12:00:00Z,2026-09-10T12:00:00Z,open,2026-09-09T16:54:10+00:00
spread,KXHIGHMIA-26SEP10-B92.5|0x639d9ee141c45a5d8d1135f5f352f8a7fd949fb9f1d35a10b499326547204354,"Will the maximum temperature be 92-93° on Sep 10, 2026?",92° to 93°,"Highest temperature in Miami on Sep 10, 2026?",1,auto,16,16,14,yes_polymarket_no_kalshi,1.12,12.88,KXHIGHMIA-26SEP10-B92.5,"Will the maximum temperature be 92-93° on Sep 10, 2026?",92° to 93°,https://kalshi.com/markets/kxhighmia/highest-temperature-in-miami/kxhighmia-26sep10,0.2,0.22,0.21,313.48,299.67,0,2026-09-11T05:00:00Z,CLIMIA,0x639d9ee141c45a5d8d1135f5f352f8a7fd949fb9f1d35a10b499326547204354,Will the highest temperature in Miami be between 92-93°F on September 10?,92-93°F,https://polymarket.com/event/highest-temperature-in-miami-on-september-10-2026/highest-temperature-in-miami-on-september-10-2026-92-93f,0.04,0.06,0.05,835.8556309999999,4951.4855,112280497053237133140659893319006584985994826868177817631484170550607750770200,2026-09-10T12:00:00Z,2026-09-10T12:00:00Z,open,2026-09-09T16:54:10+00:00
spread,KXLOWTSFO-26SEP09-B64.5|0x61f8b146294683b122e96aec068448d4a0fe5ce914fd9fd67656d35533225485,"Will the minimum temperature be 64-65° on Sep 9, 2026?",64° to 65°,"Lowest temperature in San Francisco on Sep 9, 2026?",1,auto,-16,16,0,,0.21,-0.21,KXLOWTSFO-26SEP09-B64.5,"Will the minimum temperature be 64-65° on Sep 9, 2026?",64° to 65°,https://kalshi.com/markets/kxlowtsfo/lowest-temperature-san-francisco/kxlowtsfo-26sep09,0.01,0.03,0.02,653.5,633.68,0,2026-09-10T08:00:00Z,CLISFO,0x61f8b146294683b122e96aec068448d4a0fe5ce914fd9fd67656d35533225485,Will the lowest temperature in San Francisco be between 64-65°F on September 9?,64-65°F,https://polymarket.com/event/lowest-temperature-in-san-francisco-on-september-9-2026/lowest-temperature-in-san-francisco-on-september-9-2026-64-65f,0.03,0.33,0.18,159.99229000000003,120.6798,111856548275042682257164821591730659600651672833978779153004011580172448124985,2026-09-09T12:00:00Z,2026-09-09T12:00:00Z,open,2026-09-09T16:54:10+00:00
spread,KXLOWTNYC-26SEP10-B70.5|0x04e2aeaef6fed40169092e41a3e644f77819a3ffc0028e78e9c4f48b4ad75726,"Will the minimum temperature be 70-71° on Sep 10, 2026?",70° to 71°,"Lowest temperature in New York City on Sep 10, 2026?",1,auto,15.5,15.5,11,yes_polymarket_no_kalshi,1.12,9.88,KXLOWTNYC-26SEP10-B70.5,"Will the minimum temperature be 70-71° on Sep 10, 2026?",70° to 71°,https://kalshi.com/markets/kxlowtnyc/lowest-temperature-in-nyc/kxlowtnyc-26sep10,0.2,0.26,0.23,101.3,100.3,0,2026-09-11T05:00:00Z,CLINYC,0x04e2aeaef6fed40169092e41a3e644f77819a3ffc0028e78e9c4f48b4ad75726,Will the lowest temperature in New York City be between 70-71°F on September 10?,70-71°F,https://polymarket.com/event/lowest-temperature-in-nyc-on-september-10-2026/lowest-temperature-in-nyc-on-september-10-2026-70-71f,0.06,0.09,0.075,163.04816999999997,1110.4734,14236989535338500256791959844818438506851808322536599645420593071340889235016,2026-09-10T12:00:00Z,2026-09-10T12:00:00Z,open,2026-09-09T16:54:10+00:00
spread,KXHIGHTATL-26SEP10-B90.5|0xb2b9e4dbcd01c9e7518e147fc7922b1116a63defbfb4799fa5f6d86fafb96253,"Will the maximum temperature be 90-91° on Sep 10, 2026?",90° to 91°,"Highest temperature in Atlanta on Sep 10, 2026?",1,auto,-15,15,13,yes_kalshi_no_polymarket,1.55,11.45,KXHIGHTATL-26SEP10-B90.5,"Will the maximum temperature be 90-91° on Sep 10, 2026?",90° to 91°,https://kalshi.com/markets/kxhightatl/atlanta-max-temperature/kxhightatl-26sep10,0.32,0.33,0.325,295.79,294.79,0,2026-09-11T05:00:00Z,CLIATL,0xb2b9e4dbcd01c9e7518e147fc7922b1116a63defbfb4799fa5f6d86fafb96253,Will the highest temperature in Atlanta be between 90-91°F on September 10?,90-91°F,https://polymarket.com/event/highest-temperature-in-atlanta-on-september-10-2026/highest-temperature-in-atlanta-on-september-10-2026-90-91f,0.46,0.49,0.475,832.2688129999998,3592.3232,95072627787282905288674959478197469811843849030142564279837999444500892501230,2026-09-10T12:00:00Z,2026-09-10T12:00:00Z,open,2026-09-09T16:54:10+00:00
spread,KXHIGHTATL-26SEP10-B92.5|0x45b821d6752b1215d384849b4e02884990c9a37b94b7dbf6f02d14343b6a7353,"Will the maximum temperature be 92-93° on Sep 10, 2026?",92° to 93°,"Highest temperature in Atlanta on Sep 10, 2026?",1,auto,15,15,13,yes_polymarket_no_kalshi,1.69,11.31,KXHIGHTATL-26SEP10-B92.5,"Will the maximum temperature be 92-93° on Sep 10, 2026?",92° to 93°,https://kalshi.com/markets/kxhightatl/atlanta-max-temperature/kxhightatl-26sep10,0.4,0.41,0.405,94.44,94.44,0,2026-09-11T05:00:00Z,CLIATL,0x45b821d6752b1215d384849b4e02884990c9a37b94b7dbf6f02d14343b6a7353,Will the highest temperature in Atlanta be between 92-93°F on September 10?,92-93°F,https://polymarket.com/event/highest-temperature-in-atlanta-on-september-10-2026/highest-temperature-in-atlanta-on-september-10-2026-92-93f,0.24,0.27,0.255,639.4856,3683.2019,67011588518647217253511893559475836597467400754320230771586603319655911685605,2026-09-10T12:00:00Z,2026-09-10T12:00:00Z,open,2026-09-09T16:54:10+00:00
spread,KXHIGHTATL-26SEP09-B88.5|0xae95bde300d3f3e807cf30a5d1cf47bdb075aaabe6643cf83c969ca8e8050358,"Will the maximum temperature be 88-89° on Sep 9, 2026?",88° to 89°,"Highest temperature in Atlanta on Sep 9, 2026?",1,auto,-14,14,10,yes_kalshi_no_polymarket,0.74,9.26,KXHIGHTATL-26SEP09-B88.5,"Will the maximum temperature be 88-89° on Sep 9, 2026?",88° to 89°,https://kalshi.com/markets/kxhightatl/atlanta-max-temperature/kxhightatl-26sep09,0.05,0.12,0.085,2737.93,2086.06,0,2026-09-10T05:00:00Z,CLIATL,0xae95bde300d3f3e807cf30a5d1cf47bdb075aaabe6643cf83c969ca8e8050358,Will the highest temperature in Atlanta be between 88-89°F on September 9?,88-89°F,https://polymarket.com/event/highest-temperature-in-atlanta-on-september-9-2026/highest-temperature-in-atlanta-on-september-9-2026-88-89f,0.22,0.23,0.225,1616.100408,360.7608,47755713422025101335427209149791495796923812250940956100652635188000115842173,2026-09-09T12:00:00Z,2026-09-09T12:00:00Z,open,2026-09-09T16:54:10+00:00
spread,KXHIGHCHI-26SEP09-B82.5|0x08578eb5e44d551802cc73255250cefe0b076586dd43f6996e04d9879ef1b5d6,"Will the maximum temperature be 82-83° on Sep 9, 2026?",82° to 83°,"Highest temperature in Chicago on Sep 9, 2026?",1,auto,-14,14,9,yes_kalshi_no_polymarket,0.27,8.73,KXHIGHCHI-26SEP09-B82.5,"Will the maximum temperature be 82-83° on Sep 9, 2026?",82° to 83°,https://kalshi.com/markets/kxhighchi/highest-temperature-in-chicago/kxhighchi-26sep09,0.03,0.04,0.035,4964.85,3519.36,0,2026-09-10T06:00:00Z,CLIMDW,0x08578eb5e44d551802cc73255250cefe0b076586dd43f6996e04d9879ef1b5d6,Will the highest temperature in Chicago be between 82-83°F on September 9?,82-83°F,https://polymarket.com/event/highest-temperature-in-chicago-on-september-9-2026/highest-temperature-in-chicago-on-september-9-2026-82-83f,0.13,0.22,0.175,2173.841596000001,193.5769,15810917481447359962178499301105424699142162446800015904441166436266485672096,2026-09-09T12:00:00Z,2026-09-09T12:00:00Z,open,2026-09-09T16:54:10+00:00
spread,KXHIGHMIA-26SEP10-B86.5|0xfccba3a45b49c7308176fe9ef5e8a6e19584e731bca33257d97aebc5b9ca625b,"Will the maximum temperature be 86-87° on Sep 10, 2026?",86° to 87°,"Highest temperature in Miami on Sep 10, 2026?",1,auto,-13.5,13.5,12,yes_kalshi_no_polymarket,0.34,11.66,KXHIGHMIA-26SEP10-B86.5,"Will the maximum temperature be 86-87° on Sep 10, 2026?",86° to 87°,https://kalshi.com/markets/kxhighmia/highest-temperature-in-miami/kxhighmia-26sep10,0.04,0.05,0.045,68.4,65.4,0,2026-09-11T05:00:00Z,CLIMIA,0xfccba3a45b49c7308176fe9ef5e8a6e19584e731bca33257d97aebc5b9ca625b,Will the highest temperature in Miami be between 86-87°F on September 10?,86-87°F,https://polymarket.com/event/highest-temperature-in-miami-on-september-10-2026/highest-temperature-in-miami-on-september-10-2026-86-87f,0.17,0.19,0.18,1369.0629700000002,4214.7548,7239637765191798111258876696603232387750481710328331183867068189648743125200,2026-09-10T12:00:00Z,2026-09-10T12:00:00Z,open,2026-09-09T16:54:10+00:00
spread,KXHIGHTSEA-26SEP09-B78.5|0x79cd44f33c3ed52f0c248e7cd08e812fb5eff03b3018bb58c798fea086e25f10,"Will the maximum temperature be 78-79° on Sep 9, 2026?",78° to 79°,"Highest temperature in Seattle on Sep 9, 2026?",1,auto,13.5,13.5,7,yes_polymarket_no_kalshi,1.71,5.29,KXHIGHTSEA-26SEP09-B78.5,"Will the maximum temperature be 78-79° on Sep 9, 2026?",78° to 79°,https://kalshi.com/markets/kxhightsea/seattle-maximum-temperature-daily/kxhightsea-26sep09,0.58,0.67,0.625,1536.89,1474.88,0,2026-09-10T08:00:00Z,CLISEA,0x79cd44f33c3ed52f0c248e7cd08e812fb5eff03b3018bb58c798fea086e25f10,Will the highest temperature in Seattle be between 78-79°F on September 9?,78-79°F,https://polymarket.com/event/highest-temperature-in-seattle-on-september-9-2026/highest-temperature-in-seattle-on-september-9-2026-78-79f,0.47,0.51,0.49,3002.3368259999993,709.2212,94971874210386623683499149255470035951357287770668997628120930568774252687707,2026-09-09T12:00:00Z,2026-09-09T12:00:00Z,open,2026-09-09T16:54:10+00:00
spread,KXLOWTLAX-26SEP09-B74.5|0xf85ca2b51ea9faea5bb36bab1efdbb6db54641b63871b4f016c05ce38b950578,"Will the minimum temperature be 74-75° on Sep 9, 2026?",74° to 75°,"Lowest temperature in Los Angeles on Sep 9, 2026?",1,auto,-13.5,13.5,-7,,0.58,-7.58,KXLOWTLAX-26SEP09-B74.5,"Will the minimum temperature be 74-75° on Sep 9, 2026?",74° to 75°,https://kalshi.com/markets/kxlowtlax/lowest-temperature-in-la/kxlowtlax-26sep09,0.01,0.09,0.05,1192.09,618.67,0,2026-09-10T08:00:00Z,CLILAX,0xf85ca2b51ea9faea5bb36bab1efdbb6db54641b63871b4f016c05ce38b950578,Will the lowest temperature in Los Angeles be between 74-75°F on September 9?,74-75°F,https://polymarket.com/event/lowest-temperature-in-los-angeles-on-september-9-2026/lowest-temperature-in-los-angeles-on-september-9-2026-74-75f,0.02,0.35,0.185,7.99,24.158,31857168339107207539903000830951479366210306512254009383739255037934534235684,2026-09-09T12:00:00Z,2026-09-09T12:00:00Z,open,2026-09-09T16:54:10+00:00
spread,KXHIGHMIA-26SEP10-B88.5|0x34de802ef8e9a74fc9e1ec1b6fa074b9452c4607bcd391d309b006523e339be0,"Will the maximum temperature be 88-89° on Sep 10, 2026?",88° to 89°,"Highest temperature in Miami on Sep 10, 2026?",1,auto,-13,13,12,yes_kalshi_no_polymarket,1.55,10.45,KXHIGHMIA-26SEP10-B88.5,"Will the maximum temperature be 88-89° on Sep 10, 2026?",88° to 89°,https://kalshi.com/markets/kxhighmia/highest-temperature-in-miami/kxhighmia-26sep10,0.32,0.33,0.325,245.59,241.01,0,2026-09-11T05:00:00Z,CLIMIA,0x34de802ef8e9a74fc9e1ec1b6fa074b9452c4607bcd391d309b006523e339be0,Will the highest temperature in Miami be between 88-89°F on September 10?,88-89°F,https://polymarket.com/event/highest-temperature-in-miami-on-september-10-2026/highest-temperature-in-miami-on-september-10-2026-88-89f,0.45,0.46,0.455,3340.103838999999,3544.9891,96858931630378322640772162249210928356656048946160794316260298548287108116363,2026-09-10T12:00:00Z,2026-09-10T12:00:00Z,open,2026-09-09T16:54:10+00:00
spread,KXRAIN-26SEP09-DC|0x60482387bee810aec34405dcb85d8b3c82495f57edf4cdb6498e5ec7d4a37d34,"Will it rain in Washington DC on Sep 9, 2026?",Washington DC,"Where will it rain on Sep 9, 2026?",1,auto,-13,13,0,,0.07,-0.07,KXRAIN-26SEP09-DC,"Will it rain in Washington DC on Sep 9, 2026?",Washington DC,https://kalshi.com/markets/kxrain/where-will-it-rain-daily/kxrain-26sep09,0,0.01,0.005,2370.03,2420.09,0,2026-09-10T05:00:00Z,,0x60482387bee810aec34405dcb85d8b3c82495f57edf4cdb6498e5ec7d4a37d34,"Will it rain in Washington, DC on September 9?","Washington, DC",https://polymarket.com/event/where-will-it-rain-on-september-9-2026/where-will-it-rain-on-september-9-2026-washington-dc,0.01,0.26,0.135,176.123816,29.235,52028284033027297643268166469625177318772147222099290116208657306087585309356,2026-09-10T18:00:00Z,2026-09-10T05:00:00Z,open,2026-09-09T16:54:10+00:00
spread,KXLOWTCHI-26SEP09-T68|0x41751b73692a2ce7ff2544166f3a7b54ab385955e28f3368db9ef6850eb39027,"Will the minimum temperature be <68° on Sep 9, 2026?",67° or below,"Lowest temperature in Chicago on Sep 9, 2026?",1,auto,-13,13,-6,,0.46,-6.46,KXLOWTCHI-26SEP09-T68,"Will the minimum temperature be <68° on Sep 9, 2026?",67° or below,https://kalshi.com/markets/kxlowtchi/lowest-temperature-chicago/kxlowtchi-26sep09,0,0.07,0.035,1460.07,1097.04,0,2026-09-10T06:00:00Z,CLIMDW,0x41751b73692a2ce7ff2544166f3a7b54ab385955e28f3368db9ef6850eb39027,Will the lowest temperature in Chicago be 67°F or below on September 9?,67°F or below,https://polymarket.com/event/lowest-temperature-in-chicago-on-september-9-2026/lowest-temperature-in-chicago-on-september-9-2026-67forbelow,0.01,0.32,0.165,10,56.63,86675176986156074906154158951538307546824638210904139585136642881823143624281,2026-09-09T12:00:00Z,2026-09-09T12:00:00Z,open,2026-09-09T16:54:10+00:00
spread,KXLOWTCHI-26SEP10-B64.5|0x12fd59a1a205f1f93f19fc51b8a7ee94e3b36b4b42d548428cbfe5866d4be9b2,"Will the minimum temperature be 64-65° on Sep 10, 2026?",64° to 65°,"Lowest temperature in Chicago on Sep 10, 2026?",1,auto,-13,13,-7,,0.85,-7.85,KXLOWTCHI-26SEP10-B64.5,"Will the minimum temperature be 64-65° on Sep 10, 2026?",64° to 65°,https://kalshi.com/markets/kxlowtchi/lowest-temperature-chicago/kxlowtchi-26sep10,0.11,0.14,0.125,110.6,60.6,0,2026-09-11T06:00:00Z,CLIMDW,0x12fd59a1a205f1f93f19fc51b8a7ee94e3b36b4b42d548428cbfe5866d4be9b2,Will the lowest temperature in Chicago be between 64-65°F on September 10?,64-65°F,https://polymarket.com/event/lowest-temperature-in-chicago-on-september-10-2026/lowest-temperature-in-chicago-on-september-10-2026-64-65f,0.07,0.44,0.255,60,178.4325,79210261846686335770489957333112638937441416987349173314068630314854661242211,2026-09-10T12:00:00Z,2026-09-10T12:00:00Z,open,2026-09-09T16:54:10+00:00
spread,KXHIGHDEN-26SEP10-B90.5|0x265da97a2989fa3ddecd2e11de75692442a181e2c1bd091734164ffc833336ae,"Will the maximum temperature be 90-91° on Sep 10, 2026?",90° to 91°,"Highest temperature in Denver on Sep 10, 2026?",1,auto,-12,12,10,yes_kalshi_no_polymarket,1.17,8.83,KXHIGHDEN-26SEP10-B90.5,"Will the maximum temperature be 90-91° on Sep 10, 2026?",90° to 91°,https://kalshi.com/markets/kxhighden/highest-temperature-in-denver/kxhighden-26sep10,0.2,0.21,0.205,57.37,57.37,0,2026-09-11T07:00:00Z,CLIDEN,0x265da97a2989fa3ddecd2e11de75692442a181e2c1bd091734164ffc833336ae,Will the highest temperature in Denver be between 90-91°F on September 10?,90-91°F,https://polymarket.com/event/highest-temperature-in-denver-on-september-10-2026/highest-temperature-in-denver-on-september-10-2026-90-91f,0.31,0.34,0.325,1204.7262669999998,4863.3075,88397881677301420772730929962049395392177343257460324502175932774306647949557,2026-09-10T12:00:00Z,2026-09-10T12:00:00Z,open,2026-09-09T16:54:10+00:00
spread,KXHIGHTSFO-26SEP09-B88.5|0x40aba679f42232e94450042493ef5ef695c45b35a484fa6aa1a531ef27869461,"Will the maximum temperature be 88-89° on Sep 9, 2026?",88° to 89°,"Highest temperature in San Francisco on Sep 9, 2026?",1,auto,11.5,11.5,8,yes_polymarket_no_kalshi,1.21,6.79,KXHIGHTSFO-26SEP09-B88.5,"Will the maximum temperature be 88-89° on Sep 9, 2026?",88° to 89°,https://kalshi.com/markets/kxhightsfo/san-francisco-high-temperature-daily/kxhightsfo-26sep09,0.22,0.25,0.235,9485.87,6557.22,0,2026-09-10T08:00:00Z,CLISFO,0x40aba679f42232e94450042493ef5ef695c45b35a484fa6aa1a531ef27869461,Will the highest temperature in San Francisco be between 88-89°F on September 9?,88-89°F,https://polymarket.com/event/highest-temperature-in-san-francisco-on-september-9-2026/highest-temperature-in-san-francisco-on-september-9-2026-88-89f,0.1,0.14,0.12,4302.620622999998,348.9442,81219559881428243511127005116245597795227103632537336727937469416416649907948,2026-09-09T12:00:00Z,2026-09-09T12:00:00Z,open,2026-09-09T16:54:10+00:00
spread,KXLOWTSEA-26SEP10-B56.5|0x5eadb45e050ca3cb10e100ac2d832226bb82415da0055779dc3d047a9141b926,"Will the minimum temperature be 56-57° on Sep 10, 2026?",56° to 57°,"Lowest temperature in Seattle on Sep 10, 2026?",1,auto,11.5,11.5,-3,,1.74,-4.74,KXLOWTSEA-26SEP10-B56.5,"Will the minimum temperature be 56-57° on Sep 10, 2026?",56° to 57°,https://kalshi.com/markets/kxlowtsea/low-temperature-seattle/kxlowtsea-26sep10,0.45,0.52,0.485,24,24,0,2026-09-11T08:00:00Z,CLISEA,0x5eadb45e050ca3cb10e100ac2d832226bb82415da0055779dc3d047a9141b926,Will the lowest temperature in Seattle be between 56-57°F on September 10?,56-57°F,https://polymarket.com/event/lowest-temperature-in-seattle-on-september-10-2026/lowest-temperature-in-seattle-on-september-10-2026-56-57f,0.26,0.48,0.37,12.1,214.3901,69805927115923673542004619366715812577434499368688159092758435186550938897473,2026-09-10T12:00:00Z,2026-09-10T12:00:00Z,open,2026-09-09T16:54:10+00:00
spread,KXHIGHTATL-26SEP09-B92.5|0xd5d7e57155c0cfb73d359558b432ed3a13fc2d763617b4fb52ed44822286ea35,"Will the maximum temperature be 92-93° on Sep 9, 2026?",92° to 93°,"Highest temperature in Atlanta on Sep 9, 2026?",1,auto,11.4,11.4,10.2,yes_polymarket_no_kalshi,0.95,9.25,KXHIGHTATL-26SEP09-B92.5,"Will the maximum temperature be 92-93° on Sep 9, 2026?",92° to 93°,https://kalshi.com/markets/kxhightatl/atlanta-max-temperature/kxhightatl-26sep09,0.16,0.18,0.17,3276.49,2012.39,0,2026-09-10T05:00:00Z,CLIATL,0xd5d7e57155c0cfb73d359558b432ed3a13fc2d763617b4fb52ed44822286ea35,Will the highest temperature in Atlanta be between 92-93°F on September 9?,92-93°F,https://polymarket.com/event/highest-temperature-in-atlanta-on-september-9-2026/highest-temperature-in-atlanta-on-september-9-2026-92-93f,0.054,0.058,0.056,1846.714556,238.67089,103768419141167826900388529592405845097424163661639246808712965758468645065068,2026-09-09T12:00:00Z,2026-09-09T12:00:00Z,open,2026-09-09T16:54:10+00:00
spread,KXHIGHTSFO-26SEP10-B78.5|0xce795f150147e3c42b345f126e9cbec82c3563ee826d308d475a29eef69231b1,"Will the maximum temperature be 78-79° on Sep 10, 2026?",78° to 79°,"Highest temperature in San Francisco on Sep 10, 2026?",1,auto,10.5,10.5,9,yes_polymarket_no_kalshi,1.24,7.76,KXHIGHTSFO-26SEP10-B78.5,"Will the maximum temperature be 78-79° on Sep 10, 2026?",78° to 79°,https://kalshi.com/markets/kxhightsfo/san-francisco-high-temperature-daily/kxhightsfo-26sep10,0.23,0.24,0.235,571.66,563.64,0,2026-09-11T08:00:00Z,CLISFO,0xce795f150147e3c42b345f126e9cbec82c3563ee826d308d475a29eef69231b1,Will the highest temperature in San Francisco be between 78-79°F on September 10?,78-79°F,https://polymarket.com/event/highest-temperature-in-san-francisco-on-september-10-2026/highest-temperature-in-san-francisco-on-september-10-2026-78-79f,0.12,0.14,0.13,662.9051289999999,3714.5742,28380899954131412988100196236577649946164751293214974356790872313499958779913,2026-09-10T12:00:00Z,2026-09-10T12:00:00Z,open,2026-09-09T16:54:10+00:00
spread,KXHIGHTATL-26SEP10-B94.5|0x3e0c6e896bbdc9f45763b2f59c6984733338be5b48cdd96631206fc90b0f2b07,"Will the maximum temperature be 94-95° on Sep 10, 2026?",94° to 95°,"Highest temperature in Atlanta on Sep 10, 2026?",1,auto,10,10,8,yes_polymarket_no_kalshi,0.85,7.15,KXHIGHTATL-26SEP10-B94.5,"Will the maximum temperature be 94-95° on Sep 10, 2026?",94° to 95°,https://kalshi.com/markets/kxhightatl/atlanta-max-temperature/kxhightatl-26sep10,0.14,0.15,0.145,30.5,30.5,0,2026-09-11T05:00:00Z,CLIATL,0x3e0c6e896bbdc9f45763b2f59c6984733338be5b48cdd96631206fc90b0f2b07,Will the highest temperature in Atlanta be between 94-95°F on September 10?,94-95°F,https://polymarket.com/event/highest-temperature-in-atlanta-on-september-10-2026/highest-temperature-in-atlanta-on-september-10-2026-94-95f,0.03,0.06,0.045,298.785,3457.6664,58972432949919827871043095939274493187001175181992565270995084835019660793601,2026-09-10T12:00:00Z,2026-09-10T12:00:00Z,open,2026-09-09T16:54:10+00:00
spread,KXLOWTSFO-26SEP10-B60.5|0x24a52d60f3ffb442a17058718e90ddc0c820025f248037603728625797b5dc07,"Will the minimum temperature be 60-61° on Sep 10, 2026?",60° to 61°,"Lowest temperature in San Francisco on Sep 10, 2026?",1,auto,-9.5,9.5,-5,,0.46,-5.46,KXLOWTSFO-26SEP10-B60.5,"Will the minimum temperature be 60-61° on Sep 10, 2026?",60° to 61°,https://kalshi.com/markets/kxlowtsfo/lowest-temperature-san-francisco/kxlowtsfo-26sep10,0.04,0.07,0.055,60.09,60.09,0,2026-09-11T08:00:00Z,CLISFO,0x24a52d60f3ffb442a17058718e90ddc0c820025f248037603728625797b5dc07,Will the lowest temperature in San Francisco be between 60-61°F on September 10?,60-61°F,https://polymarket.com/event/lowest-temperature-in-san-francisco-on-september-10-2026/lowest-temperature-in-san-francisco-on-september-10-2026-60-61f,0.02,0.28,0.15,142.739406,222.106,39314744439208445958684097635386717647209357295867698880936778066501425588817,2026-09-10T12:00:00Z,2026-09-10T12:00:00Z,open,2026-09-09T16:54:10+00:00
spread,KXLOWTHOU-26SEP10-B76.5|0x4cfcf16af586df24ce7764bc30b79a2e9b7d465e3d0aa838fcd86f7d856351ab,"Will the minimum temperature be 76-77° on Sep 10, 2026?",76° to 77°,"Lowest temperature in Houston on Sep 10, 2026?",1,auto,9.5,9.5,-12,,1.62,-13.62,KXLOWTHOU-26SEP10-B76.5,"Will the minimum temperature be 76-77° on Sep 10, 2026?",76° to 77°,https://kalshi.com/markets/kxlowthou/low-temperature-houston/kxlowthou-26sep10,0.36,0.4,0.38,55,50,0,2026-09-11T06:00:00Z,CLIHOU,0x4cfcf16af586df24ce7764bc30b79a2e9b7d465e3d0aa838fcd86f7d856351ab,Will the lowest temperature in Houston be between 76-77°F on September 10?,76-77°F,https://polymarket.com/event/lowest-temperature-in-houston-on-september-10-2026/lowest-temperature-in-houston-on-september-10-2026-76-77f,0.09,0.48,0.285,53.712245,214.6993,19203453284346548332730715950578797938177386463407385404710466953393523526901,2026-09-10T12:00:00Z,2026-09-10T12:00:00Z,open,2026-09-09T16:54:10+00:00
spread,KXHIGHDEN-26SEP10-B88.5|0x5f66b1b734d7d73e6d913768e32e02e5f5a81ef914b9d13b20299c9e518dfd1d,"Will the maximum temperature be 88-89° on Sep 10, 2026?",88° to 89°,"Highest temperature in Denver on Sep 10, 2026?",1,auto,8,8,5,yes_polymarket_no_kalshi,1.75,3.25,KXHIGHDEN-26SEP10-B88.5,"Will the maximum temperature be 88-89° on Sep 10, 2026?",88° to 89°,https://kalshi.com/markets/kxhighden/highest-temperature-in-denver/kxhighden-26sep10,0.52,0.55,0.535,213.86,203.82,0,2026-09-11T07:00:00Z,CLIDEN,0x5f66b1b734d7d73e6d913768e32e02e5f5a81ef914b9d13b20299c9e518dfd1d,Will the highest temperature in Denver be between 88-89°F on September 10?,88-89°F,https://polymarket.com/event/highest-temperature-in-denver-on-september-10-2026/highest-temperature-in-denver-on-september-10-2026-88-89f,0.44,0.47,0.455,1138.4675869999999,5903.2716,32238451998779886812827227003783026749403848526056190840275545875850547153097,2026-09-10T12:00:00Z,2026-09-10T12:00:00Z,open,2026-09-09T16:54:10+00:00
spread,KXHIGHNY-26SEP09-B86.5|0x482c325357b221090e1844fce9fdda93b24534066aa052935c181b96298a9f00,"Will the maximum temperature be 86-87° on Sep 9, 2026?",86° to 87°,"Highest temperature in New York City on Sep 9, 2026?",1,auto,-7,7,5,yes_kalshi_no_polymarket,0.21,4.79,KXHIGHNY-26SEP09-B86.5,"Will the maximum temperature be 86-87° on Sep 9, 2026?",86° to 87°,https://kalshi.com/markets/kxhighny/highest-temperature-in-nyc/kxhighny-26sep09,0.02,0.03,0.025,17114.95,12128.02,0,2026-09-10T05:00:00Z,CLINYC,0x482c325357b221090e1844fce9fdda93b24534066aa052935c181b96298a9f00,Will the highest temperature in New York City be between 86-87°F on September 9?,86-87°F,https://polymarket.com/event/highest-temperature-in-nyc-on-september-9-2026/highest-temperature-in-nyc-on-september-9-2026-86-87f,0.08,0.11,0.095,3329.315916,259.0965,99505141031217541633231784099814885591238333022574793893535891172481271532915,2026-09-09T12:00:00Z,2026-09-09T12:00:00Z,open,2026-09-09T16:54:10+00:00
spread,KXHIGHTSFO-26SEP09-B90.5|0x36d6d60c4a0504d8ebc4bbd50426d0afd5820c13961cbf2929ff3ecdea950f4c,"Will the maximum temperature be 90-91° on Sep 9, 2026?",90° to 91°,"Highest temperature in San Francisco on Sep 9, 2026?",1,auto,-7,7,3,yes_kalshi_no_polymarket,0.9,2.1,KXHIGHTSFO-26SEP09-B90.5,"Will the maximum temperature be 90-91° on Sep 9, 2026?",90° to 91°,https://kalshi.com/markets/kxhightsfo/san-francisco-high-temperature-daily/kxhightsfo-26sep09,0.12,0.15,0.135,7453.38,5420.21,0,2026-09-10T08:00:00Z,CLISFO,0x36d6d60c4a0504d8ebc4bbd50426d0afd5820c13961cbf2929ff3ecdea950f4c,Will the highest temperature in San Francisco be between 90-91°F on September 9?,90-91°F,https://polymarket.com/event/highest-temperature-in-san-francisco-on-september-9-2026/highest-temperature-in-san-francisco-on-september-9-2026-90-91f,0.18,0.23,0.205,4506.741564999998,472.2979,108258744515824016594253818633665928350606386705124521600852057066886743926018,2026-09-09T12:00:00Z,2026-09-09T12:00:00Z,open,2026-09-09T16:54:10+00:00
spread,KXLOWTSEA-26SEP09-B50.5|0x76c0a14e3c780406b0c9ffedd5ab588a28325d690c28dbbb35affc9f701a40a3,"Will the minimum temperature be 50-51° on Sep 9, 2026?",50° to 51°,"Lowest temperature in Seattle on Sep 9, 2026?",1,auto,-6,6,-15,,0.07,-15.07,KXLOWTSEA-26SEP09-B50.5,"Will the minimum temperature be 50-51° on Sep 9, 2026?",50° to 51°,https://kalshi.com/markets/kxlowtsea/low-temperature-seattle/kxlowtsea-26sep09,0.01,0.03,0.02,710.63,651.63,0,2026-09-10T08:00:00Z,CLISEA,0x76c0a14e3c780406b0c9ffedd5ab588a28325d690c28dbbb35affc9f701a40a3,Will the lowest temperature in Seattle be between 50-51°F on September 9?,50-51°F,https://polymarket.com/event/lowest-temperature-in-seattle-on-september-9-2026/lowest-temperature-in-seattle-on-september-9-2026-50-51f,,0.16,0.08,25,92.109,7071031164631043120036996882872026299362691371011558722693262940903294245948,2026-09-09T12:00:00Z,2026-09-09T12:00:00Z,open,2026-09-09T16:54:10+00:00
spread,KXHIGHTSFO-26SEP10-B80.5|0x0366c37d2d7844fba131985dbe4a9b831329dc551d673d6270fee00a7f75b07b,"Will the maximum temperature be 80-81° on Sep 10, 2026?",80° to 81°,"Highest temperature in San Francisco on Sep 10, 2026?",1,auto,-5.5,5.5,2,yes_kalshi_no_polymarket,1.35,0.65,KXHIGHTSFO-26SEP10-B80.5,"Will the maximum temperature be 80-81° on Sep 10, 2026?",80° to 81°,https://kalshi.com/markets/kxhightsfo/san-francisco-high-temperature-daily/kxhightsfo-26sep10,0.22,0.26,0.24,57.09,56.09,0,2026-09-11T08:00:00Z,CLISFO,0x0366c37d2d7844fba131985dbe4a9b831329dc551d673d6270fee00a7f75b07b,Will the highest temperature in San Francisco be between 80-81°F on September 10?,80-81°F,https://polymarket.com/event/highest-temperature-in-san-francisco-on-september-10-2026/highest-temperature-in-san-francisco-on-september-10-2026-80-81f,0.28,0.31,0.295,972.3609800000002,4716.2336,89343700312553189207648275423895559141594201796874702058930707881210481736935,2026-09-10T12:00:00Z,2026-09-10T12:00:00Z,open,2026-09-09T16:54:10+00:00
spread,KXHURPATHHAWAII-26DEC|0xb42644dcecf3ad12decbb65679dfc918ecb7241e799188bbcf941cc925a2f647,Will a hurricane make landfall in Hawaii during the 2026 hurricane season?,Before 2027,Will a hurricane make landfall in Hawaii in 2026?,0.8,auto,5.35,5.35,2,yes_polymarket_no_kalshi,0.4,1.6,KXHURPATHHAWAII-26DEC,Will a hurricane make landfall in Hawaii during the 2026 hurricane season?,Before 2027,https://kalshi.com/markets/kxhurpathhawaii/hurricane-hits-hawaii/kxhurpathhawaii-26dec,0.06,0.1,0.08,3750.83,30654.53,0,2027-01-01T04:59:00Z,,0xb42644dcecf3ad12decbb65679dfc918ecb7241e799188bbcf941cc925a2f647,Will Hurricane Lowell make landfall in Hawaii?,,https://polymarket.com/event/will-hurricane-lowell-make-landfall-in-hawaii-1788534523029/will-hurricane-lowell-make-landfall-in-hawaii-1788534523029,0.013,0.04,0.0265,9.86,72.66427,68209774034445612000752587638833196363280551376888947486471317482200177185347,2026-09-13T03:59:00Z,2026-09-13T03:59:00Z,open,2026-09-09T16:54:10+00:00
spread,KXHIGHDEN-26SEP09-B84.5|0x3dd1b41211df23f7f10386f3bb4e8f0e32419a4cacde229865d751867199e010,"Will the maximum temperature be 84-85° on Sep 9, 2026?",84° to 85°,"Highest temperature in Denver on Sep 9, 2026?",1,auto,-5,5,3,yes_kalshi_no_polymarket,0.27,2.73,KXHIGHDEN-26SEP09-B84.5,"Will the maximum temperature be 84-85° on Sep 9, 2026?",84° to 85°,https://kalshi.com/markets/kxhighden/highest-temperature-in-denver/kxhighden-26sep09,0.03,0.04,0.035,3011.76,2394.14,0,2026-09-10T07:00:00Z,CLIDEN,0x3dd1b41211df23f7f10386f3bb4e8f0e32419a4cacde229865d751867199e010,Will the highest temperature in Denver be between 84-85°F on September 9?,84-85°F,https://polymarket.com/event/highest-temperature-in-denver-on-september-9-2026/highest-temperature-in-denver-on-september-9-2026-84-85f,0.07,0.1,0.085,905.892879,272.6127,52697435794543826067910217299000761437526892423758443480283529716534086713205,2026-09-09T12:00:00Z,2026-09-09T12:00:00Z,open,2026-09-09T16:54:10+00:00
spread,KXHIGHTSEA-26SEP09-B80.5|0xf7fb4e4431591237f2d96058549babadc4f180ca2a596c9557073725821daaff,"Will the maximum temperature be 80-81° on Sep 9, 2026?",80° to 81°,"Highest temperature in Seattle on Sep 9, 2026?",1,auto,5,5,3,yes_polymarket_no_kalshi,0.46,2.54,KXHIGHTSEA-26SEP09-B80.5,"Will the maximum temperature be 80-81° on Sep 9, 2026?",80° to 81°,https://kalshi.com/markets/kxhightsea/seattle-maximum-temperature-daily/kxhightsea-26sep09,0.07,0.1,0.085,1265.71,1040.02,0,2026-09-10T08:00:00Z,CLISEA,0xf7fb4e4431591237f2d96058549babadc4f180ca2a596c9557073725821daaff,Will the highest temperature in Seattle be between 80-81°F on September 9?,80-81°F,https://polymarket.com/event/highest-temperature-in-seattle-on-september-9-2026/highest-temperature-in-seattle-on-september-9-2026-80-81f,0.03,0.04,0.035,1270.7220999999995,1086.6019,12687884728417362875528708390854057666094189096980138901423286259409116560805,2026-09-09T12:00:00Z,2026-09-09T12:00:00Z,open,2026-09-09T16:54:10+00:00
spread,KXHIGHDEN-26SEP10-B86.5|0x23073b5a980ff84e41157f0fb5af5f1b2739dcf5b3cc24954eb477c48c8593f2,"Will the maximum temperature be 86-87° on Sep 10, 2026?",86° to 87°,"Highest temperature in Denver on Sep 10, 2026?",1,auto,4.5,4.5,2,yes_polymarket_no_kalshi,0.99,1.01,KXHIGHDEN-26SEP10-B86.5,"Will the maximum temperature be 86-87° on Sep 10, 2026?",86° to 87°,https://kalshi.com/markets/kxhighden/highest-temperature-in-denver/kxhighden-26sep10,0.17,0.19,0.18,64.32,64.32,0,2026-09-11T07:00:00Z,CLIDEN,0x23073b5a980ff84e41157f0fb5af5f1b2739dcf5b3cc24954eb477c48c8593f2,Will the highest temperature in Denver be between 86-87°F on September 10?,86-87°F,https://polymarket.com/event/highest-temperature-in-denver-on-september-10-2026/highest-temperature-in-denver-on-september-10-2026-86-87f,0.12,0.15,0.135,324.88840899999997,3209.1905,25123172225938202526902337951425928552347686064241564875711667695921017297498,2026-09-10T12:00:00Z,2026-09-10T12:00:00Z,open,2026-09-09T16:54:10+00:00
spread,KXHIGHTATL-26SEP09-B90.5|0x344143adc8b2a089c854c705cac4be1f0957bbaf6576fc2a3c2766643ed0658b,"Will the maximum temperature be 90-91° on Sep 9, 2026?",90° to 91°,"Highest temperature in Atlanta on Sep 9, 2026?",1,auto,4.5,4.5,2,yes_polymarket_no_kalshi,1.35,0.65,KXHIGHTATL-26SEP09-B90.5,"Will the maximum temperature be 90-91° on Sep 9, 2026?",90° to 91°,https://kalshi.com/markets/kxhightatl/atlanta-max-temperature/kxhightatl-26sep09,0.74,0.75,0.745,1761.82,1681.85,0,2026-09-10T05:00:00Z,CLIATL,0x344143adc8b2a089c854c705cac4be1f0957bbaf6576fc2a3c2766643ed0658b,Will the highest temperature in Atlanta be between 90-91°F on September 9?,90-91°F,https://polymarket.com/event/highest-temperature-in-atlanta-on-september-9-2026/highest-temperature-in-atlanta-on-september-9-2026-90-91f,0.68,0.72,0.7,3082.2454930000004,303.7479,39095694569638326868257275547563342233561309778179930111148792170631924756340,2026-09-09T12:00:00Z,2026-09-09T12:00:00Z,open,2026-09-09T16:54:10+00:00
spread,KXHIGHAUS-26SEP09-B98.5|0x26d420589fca0bc357d216090350d3561b5b5fb0f1182d6eb8af4371fe430012,"Will the maximum temperature be 98-99° on Sep 9, 2026?",98° to 99°,"Highest temperature in Austin on Sep 9, 2026?",1,auto,4.5,4.5,-3,,1.74,-4.74,KXHIGHAUS-26SEP09-B98.5,"Will the maximum temperature be 98-99° on Sep 9, 2026?",98° to 99°,https://kalshi.com/markets/kxhighaus/highest-temperature-in-austin/kxhighaus-26sep09,0.54,0.56,0.55,3511.18,2954.45,0,2026-09-10T06:00:00Z,CLIAUS,0x26d420589fca0bc357d216090350d3561b5b5fb0f1182d6eb8af4371fe430012,Will the highest temperature in Austin be between 98-99°F on September 9?,98-99°F,https://polymarket.com/event/highest-temperature-in-austin-on-september-9-2026/highest-temperature-in-austin-on-september-9-2026-98-99f,0.44,0.57,0.505,2657.530826,170.2695,98759705527130062966895417029232486766663158654075138231360361498986810070216,2026-09-09T12:00:00Z,2026-09-09T12:00:00Z,open,2026-09-09T16:54:10+00:00
spread,KXLOWTSFO-26SEP09-B66.5|0x37d986a612f90055e4cec23e8f2b34d3faa7fbb45f504dff83a6a17cda9dbff4,"Will the minimum temperature be 66-67° on Sep 9, 2026?",66° to 67°,"Lowest temperature in San Francisco on Sep 9, 2026?",1,auto,4,4,-1,,0.21,-1.21,KXLOWTSFO-26SEP09-B66.5,"Will the minimum temperature be 66-67° on Sep 9, 2026?",66° to 67°,https://kalshi.com/markets/kxlowtsfo/lowest-temperature-san-francisco/kxlowtsfo-26sep09,0.97,0.99,0.98,648.99,696.28,0,2026-09-10T08:00:00Z,CLISFO,0x37d986a612f90055e4cec23e8f2b34d3faa7fbb45f504dff83a6a17cda9dbff4,Will the lowest temperature in San Francisco be between 66-67°F on September 9?,66-67°F,https://polymarket.com/event/lowest-temperature-in-san-francisco-on-september-9-2026/lowest-temperature-in-san-francisco-on-september-9-2026-66-67f,0.9,0.98,0.94,265.02200000000005,148.3417,88014725389131307359239923304896219384371713293021379960087109131611006308125,2026-09-09T12:00:00Z,2026-09-09T12:00:00Z,open,2026-09-09T16:54:10+00:00
spread,KXHIGHNY-26SEP09-B84.5|0x121337d4fe059f4930e5e68131b79cce76b0d30c0e645ec6521680ad9ccd8092,"Will the maximum temperature be 84-85° on Sep 9, 2026?",84° to 85°,"Highest temperature in New York City on Sep 9, 2026?",1,auto,-4,4,-3,,1.7,-4.7,KXHIGHNY-26SEP09-B84.5,"Will the maximum temperature be 84-85° on Sep 9, 2026?",84° to 85°,https://kalshi.com/markets/kxhighny/highest-temperature-in-nyc/kxhighny-26sep09,0.52,0.59,0.555,15308.73,10539.28,0,2026-09-10T05:00:00Z,CLINYC,0x121337d4fe059f4930e5e68131b79cce76b0d30c0e645ec6521680ad9ccd8092,Will the highest temperature in New York City be between 84-85°F on September 9?,84-85°F,https://polymarket.com/event/highest-temperature-in-nyc-on-september-9-2026/highest-temperature-in-nyc-on-september-9-2026-84-85f,0.56,0.63,0.595,6991.904755,159.0758,89322534614509948667149566931689453174051326102332864243023320498379062420782,2026-09-09T12:00:00Z,2026-09-09T12:00:00Z,open,2026-09-09T16:54:10+00:00
spread,KXRAIN-26SEP09-PHX|0x48b05d070003863a05f366a43c9465ec6ccb1eaea05c0723deb6b2f2c05f963f,"Will it rain in Phoenix on Sep 9, 2026?",Phoenix,"Where will it rain on Sep 9, 2026?",0.5,auto,-3.5,3.5,0,,0.14,-0.14,KXRAIN-26SEP09-PHX,"Will it rain in Phoenix on Sep 9, 2026?",Phoenix,https://kalshi.com/markets/kxrain/where-will-it-rain-daily/kxrain-26sep09,0.01,0.02,0.015,5260.51,4811.32,0,2026-09-10T07:00:00Z,,0x48b05d070003863a05f366a43c9465ec6ccb1eaea05c0723deb6b2f2c05f963f,"Will it rain in Phoenix, AZ on September 9?","Phoenix, AZ",https://polymarket.com/event/where-will-it-rain-on-september-9-2026/where-will-it-rain-on-september-9-2026-phoenix-az,0.02,0.08,0.05,253.255282,66.83279,29634360569860375813025270838639073214634371654522023441774444608386903824897,2026-09-10T18:00:00Z,2026-09-10T07:00:00Z,open,2026-09-09T16:54:10+00:00
spread,KXRAIN-26SEP09-LAX|0x3fcde2cc1e8b617e57d7e79373fef3f735bf45968a75894102b8f689f5e9e6c4,"Will it rain in Los Angeles on Sep 9, 2026?",Los Angeles,"Where will it rain on Sep 9, 2026?",0.5,auto,-3.5,3.5,-1,,0.14,-1.14,KXRAIN-26SEP09-LAX,"Will it rain in Los Angeles on Sep 9, 2026?",Los Angeles,https://kalshi.com/markets/kxrain/where-will-it-rain-daily/kxrain-26sep09,0.01,0.02,0.015,4234.09,3945.2,0,2026-09-10T08:00:00Z,,0x3fcde2cc1e8b617e57d7e79373fef3f735bf45968a75894102b8f689f5e9e6c4,"Will it rain in Los Angeles, CA on September 9?","Los Angeles, CA",https://polymarket.com/event/where-will-it-rain-on-september-9-2026/where-will-it-rain-on-september-9-2026-los-angeles-ca,0.01,0.09,0.05,6.30262,27.76,62819828603613764391009178447902853407857649224348267844701152413445642500493,2026-09-10T18:00:00Z,2026-09-10T08:00:00Z,open,2026-09-09T16:54:10+00:00
spread,KXLOWTSEA-26SEP09-B54.5|0x6bf086d36e9283142a98f1ffc7b9bc3edb18ba0e5b35f53a04c54b553245f1a2,"Will the minimum temperature be 54-55° on Sep 9, 2026?",54° to 55°,"Lowest temperature in Seattle on Sep 9, 2026?",1,auto,3.5,3.5,-1,,0.14,-1.14,KXLOWTSEA-26SEP09-B54.5,"Will the minimum temperature be 54-55° on Sep 9, 2026?",54° to 55°,https://kalshi.com/markets/kxlowtsea/low-temperature-seattle/kxlowtsea-26sep09,0.98,0.99,0.985,4893.53,4118.51,0,2026-09-10T08:00:00Z,CLISEA,0x6bf086d36e9283142a98f1ffc7b9bc3edb18ba0e5b35f53a04c54b553245f1a2,Will the lowest temperature in Seattle be between 54-55°F on September 9?,54-55°F,https://polymarket.com/event/lowest-temperature-in-seattle-on-september-9-2026/lowest-temperature-in-seattle-on-september-9-2026-54-55f,0.91,0.99,0.95,256.0489,112.1879,78069554116175458659084090516610700234536126349610380430505796904619959316686,2026-09-09T12:00:00Z,2026-09-09T12:00:00Z,open,2026-09-09T16:54:10+00:00
spread,KXLOWTSFO-26SEP09-B62.5|0xf432eebb9fa24c7038118a1cb40162e4d937a4037da55ff060cff19da79e7a59,"Will the minimum temperature be 62-63° on Sep 9, 2026?",62° to 63°,"Lowest temperature in San Francisco on Sep 9, 2026?",1,auto,-3.5,3.5,-9,,0.07,-9.07,KXLOWTSFO-26SEP09-B62.5,"Will the minimum temperature be 62-63° on Sep 9, 2026?",62° to 63°,https://kalshi.com/markets/kxlowtsfo/lowest-temperature-san-francisco/kxlowtsfo-26sep09,0.01,0.02,0.015,480,491.28,0,2026-09-10T08:00:00Z,CLISFO,0xf432eebb9fa24c7038118a1cb40162e4d937a4037da55ff060cff19da79e7a59,Will the lowest temperature in San Francisco be between 62-63°F on September 9?,62-63°F,https://polymarket.com/event/lowest-temperature-in-san-francisco-on-september-9-2026/lowest-temperature-in-san-francisco-on-september-9-2026-62-63f,,0.1,0.05,15,120.269,57660154514955575295419726534983110468420760183155178532708661900704549137349,2026-09-09T12:00:00Z,2026-09-09T12:00:00Z,open,2026-09-09T16:54:10+00:00
spread,KXRAIN-26SEP09-CHI|0xa800192e8c7d6ce9e011394dbca4b9db6deafda13043b77ce172d7bb7524c826,"Will it rain in Chicago on Sep 9, 2026?",Chicago,"Where will it rain on Sep 9, 2026?",0.5,auto,3.05,3.05,-0.9,,0.07,-0.97,KXRAIN-26SEP09-CHI,"Will it rain in Chicago on Sep 9, 2026?",Chicago,https://kalshi.com/markets/kxrain/where-will-it-rain-daily/kxrain-26sep09,0.99,1,0.995,15298.57,10389.15,0,2026-09-10T06:00:00Z,,0xa800192e8c7d6ce9e011394dbca4b9db6deafda13043b77ce172d7bb7524c826,"Will it rain in Chicago, IL on September 9?","Chicago, IL",https://polymarket.com/event/where-will-it-rain-on-september-9-2026/where-will-it-rain-on-september-9-2026-chicago-il,0.93,0.999,0.9645,340.206329,289.34009,103471607436399388507620204361225887182470301258430776729251893652645418012487,2026-09-10T18:00:00Z,2026-09-10T06:00:00Z,open,2026-09-09T16:54:10+00:00
spread,KXHIGHDEN-26SEP09-B78.5|0x55a4d4454ea38b2325401a77beaef523fe9db1d34e2a6121d56169a340a97e83,"Will the maximum temperature be 78-79° on Sep 9, 2026?",78° to 79°,"Highest temperature in Denver on Sep 9, 2026?",1,auto,3,3,1,yes_polymarket_no_kalshi,0.34,0.66,KXHIGHDEN-26SEP09-B78.5,"Will the maximum temperature be 78-79° on Sep 9, 2026?",78° to 79°,https://kalshi.com/markets/kxhighden/highest-temperature-in-denver/kxhighden-26sep09,0.05,0.06,0.055,1650.16,1601.82,0,2026-09-10T07:00:00Z,CLIDEN,0x55a4d4454ea38b2325401a77beaef523fe9db1d34e2a6121d56169a340a97e83,Will the highest temperature in Denver be between 78-79°F on September 9?,78-79°F,https://polymarket.com/event/highest-temperature-in-denver-on-september-9-2026/highest-temperature-in-denver-on-september-9-2026-78-79f,0.01,0.04,0.025,780.8756609999998,338.2188,13388040024819427487933567855638020337002944197123170093467775712953553901703,2026-09-09T12:00:00Z,2026-09-09T12:00:00Z,open,2026-09-09T16:54:10+00:00
spread,KXLOWTSFO-26SEP09-B60.5|0xf5837bff0e721421ba9adb2144a4aa5c1fecf372a2dc056243fcc491c2dcbff6,"Will the minimum temperature be 60-61° on Sep 9, 2026?",60° to 61°,"Lowest temperature in San Francisco on Sep 9, 2026?",1,auto,-3,3,-8,,0,-8,KXLOWTSFO-26SEP09-B60.5,"Will the minimum temperature be 60-61° on Sep 9, 2026?",60° to 61°,https://kalshi.com/markets/kxlowtsfo/lowest-temperature-san-francisco/kxlowtsfo-26sep09,0,0.02,0.01,157.91,168,0,2026-09-10T08:00:00Z,CLISFO,0xf5837bff0e721421ba9adb2144a4aa5c1fecf372a2dc056243fcc491c2dcbff6,Will the lowest temperature in San Francisco be between 60-61°F on September 9?,60-61°F,https://polymarket.com/event/lowest-temperature-in-san-francisco-on-september-9-2026/lowest-temperature-in-san-francisco-on-september-9-2026-60-61f,,0.08,0.04,15,126.949,64277742954442631224074901171661448789811856634625975903613999703735752939695,2026-09-09T12:00:00Z,2026-09-09T12:00:00Z,open,2026-09-09T16:54:10+00:00
spread,KXLOWTDEN-26SEP09-T54|0xcaecfc68e457687754e909ba2c53f2a843f2de501c07279304bf4ece32133573,"Will the minimum temperature be <54° on Sep 9, 2026?",53° or below,"Lowest temperature in Denver on Sep 9, 2026?",1,auto,2.5,2.5,0,,0.14,-0.14,KXLOWTDEN-26SEP09-T54,"Will the minimum temperature be <54° on Sep 9, 2026?",53° or below,https://kalshi.com/markets/kxlowtden/lowest-temperature-in-denver/kxlowtden-26sep09,0.02,0.06,0.04,208.2,214.55,0,2026-09-10T07:00:00Z,CLIDEN,0xcaecfc68e457687754e909ba2c53f2a843f2de501c07279304bf4ece32133573,Will the lowest temperature in Denver be 53°F or below on September 9?,53°F or below,https://polymarket.com/event/lowest-temperature-in-denver-on-september-9-2026/lowest-temperature-in-denver-on-september-9-2026-53forbelow,0.01,0.02,0.015,383.44955,206.0751,48139721118559293427785084414824397959231750938247631082697143261209909594182,2026-09-09T12:00:00Z,2026-09-09T12:00:00Z,open,2026-09-09T16:54:10+00:00
spread,KXHIGHTSFO-26SEP09-B84.5|0xa88ad5db3985962b2e10d02c01354c0b456fabcc1e0c9738969fc33807531093,"Will the maximum temperature be 84-85° on Sep 9, 2026?",84° to 85°,"Highest temperature in San Francisco on Sep 9, 2026?",1,auto,-2.5,2.5,-2,,0.27,-2.27,KXHIGHTSFO-26SEP09-B84.5,"Will the maximum temperature be 84-85° on Sep 9, 2026?",84° to 85°,https://kalshi.com/markets/kxhightsfo/san-francisco-high-temperature-daily/kxhightsfo-26sep09,0.01,0.04,0.025,1684.19,1402.96,0,2026-09-10T08:00:00Z,CLISFO,0xa88ad5db3985962b2e10d02c01354c0b456fabcc1e0c9738969fc33807531093,Will the highest temperature in San Francisco be between 84-85°F on September 9?,84-85°F,https://polymarket.com/event/highest-temperature-in-san-francisco-on-september-9-2026/highest-temperature-in-san-francisco-on-september-9-2026-84-85f,0.02,0.08,0.05,1811.097833,556.2383,10237708640580657129355809562738575310118818913158724708812951334212725620661,2026-09-09T12:00:00Z,2026-09-09T12:00:00Z,open,2026-09-09T16:54:10+00:00
spread,KXHIGHTSFO-26SEP10-B82.5|0x780da55081dab810e4e5a81cd3aa42f4dc2c2322e1c26b346225568883214d83,"Will the maximum temperature be 82-83° on Sep 10, 2026?",82° to 83°,"Highest temperature in San Francisco on Sep 10, 2026?",1,auto,-2.5,2.5,-1,,1.32,-2.32,KXHIGHTSFO-26SEP10-B82.5,"Will the maximum temperature be 82-83° on Sep 10, 2026?",82° to 83°,https://kalshi.com/markets/kxhightsfo/san-francisco-high-temperature-daily/kxhightsfo-26sep10,0.22,0.25,0.235,121,107,0,2026-09-11T08:00:00Z,CLISFO,0x780da55081dab810e4e5a81cd3aa42f4dc2c2322e1c26b346225568883214d83,Will the highest temperature in San Francisco be between 82-83°F on September 10?,82-83°F,https://polymarket.com/event/highest-temperature-in-san-francisco-on-september-10-2026/highest-temperature-in-san-francisco-on-september-10-2026-82-83f,0.24,0.28,0.26,1321.6762789999996,3981.9948,51894045652043722188892314660105421466936657442945503317790836866559371483662,2026-09-10T12:00:00Z,2026-09-10T12:00:00Z,open,2026-09-09T16:54:10+00:00
spread,KXLOWTLAX-26SEP09-B70.5|0x9729d33955a8cc5339af8af0a954127d87be7245e46c7732466552a58b61de02,"Will the minimum temperature be 70-71° on Sep 9, 2026?",70° to 71°,"Lowest temperature in Los Angeles on Sep 9, 2026?",1,auto,-2.5,2.5,-6,,0,-6,KXLOWTLAX-26SEP09-B70.5,"Will the minimum temperature be 70-71° on Sep 9, 2026?",70° to 71°,https://kalshi.com/markets/kxlowtlax/lowest-temperature-in-la/kxlowtlax-26sep09,0,0.01,0.005,200,202,0,2026-09-10T08:00:00Z,CLILAX,0x9729d33955a8cc5339af8af0a954127d87be7245e46c7732466552a58b61de02,Will the lowest temperature in Los Angeles be between 70-71°F on September 9?,70-71°F,https://polymarket.com/event/lowest-temperature-in-los-angeles-on-september-9-2026/lowest-temperature-in-los-angeles-on-september-9-2026-70-71f,,0.06,0.03,30,195.549,114799230363402338237419802794936627247649797303486268682809274072421767108320,2026-09-09T12:00:00Z,2026-09-09T12:00:00Z,open,2026-09-09T16:54:10+00:00
spread,KXRAIN-26SEP09-DEN|0x04a8db8c9aef82b5dc74a0187b4825a2b0533b07fa303422c55d4095085341c3,"Will it rain in Denver on Sep 9, 2026?",Denver,"Where will it rain on Sep 9, 2026?",0.5,auto,-2,2,-0.9,,0.14,-1.04,KXRAIN-26SEP09-DEN,"Will it rain in Denver on Sep 9, 2026?",Denver,https://kalshi.com/markets/kxrain/where-will-it-rain-daily/kxrain-26sep09,0.01,0.02,0.015,2913.23,2829.74,0,2026-09-10T07:00:00Z,,0x04a8db8c9aef82b5dc74a0187b4825a2b0533b07fa303422c55d4095085341c3,"Will it rain in Denver, CO on September 9?","Denver, CO",https://polymarket.com/event/where-will-it-rain-on-september-9-2026/where-will-it-rain-on-september-9-2026-denver-co,0.011,0.059,0.035,59,29.38301,10442413653290985255398408841098278995878508327947536152506959049445600075756,2026-09-10T18:00:00Z,2026-09-10T07:00:00Z,open,2026-09-09T16:54:10+00:00
spread,KXLOWTLAX-26SEP09-B72.5|0xa99ccbc4880507a1c0a4a4e4cd173b495b56b696911e2f6ec8b4b19941c62343,"Will the minimum temperature be 72-73° on Sep 9, 2026?",72° to 73°,"Lowest temperature in Los Angeles on Sep 9, 2026?",1,auto,-2,2,-4,,0.4,-4.4,KXLOWTLAX-26SEP09-B72.5,"Will the minimum temperature be 72-73° on Sep 9, 2026?",72° to 73°,https://kalshi.com/markets/kxlowtlax/lowest-temperature-in-la/kxlowtlax-26sep09,0.02,0.06,0.04,379.87,369.85,0,2026-09-10T08:00:00Z,CLILAX,0xa99ccbc4880507a1c0a4a4e4cd173b495b56b696911e2f6ec8b4b19941c62343,Will the lowest temperature in Los Angeles be between 72-73°F on September 9?,72-73°F,https://polymarket.com/event/lowest-temperature-in-los-angeles-on-september-9-2026/lowest-temperature-in-los-angeles-on-september-9-2026-72-73f,0.02,0.1,0.06,20,99.949,105304886659685125899305539725270264153192786153550048549616226007438745414707,2026-09-09T12:00:00Z,2026-09-09T12:00:00Z,open,2026-09-09T16:54:10+00:00
spread,KXRONI-27AUG-T15|0x71ccb7c37fc5e6f71ceee0df9593e21c7b60513f986ac7c3d61318f8f3921292,Will the peak RONI value during the 2026-27 El Niño season be below 1.5°C?,Below 1.5°C,What will the peak RONI value be during the 2026-27 El Niño season?,0.667,auto,1.95,1.95,-0.1,,0,-0.1,KXRONI-27AUG-T15,Will the peak RONI value during the 2026-27 El Niño season be below 1.5°C?,Below 1.5°C,https://kalshi.com/markets/kxroni/roni/kxroni-27aug,0,0.04,0.02,,246.01,0,2027-08-15T14:00:00Z,,0x71ccb7c37fc5e6f71ceee0df9593e21c7b60513f986ac7c3d61318f8f3921292,Will the peak RONI for the 2026–27 El Niño be below 1.5?,Under 1.5,https://polymarket.com/event/what-will-the-peak-roni-be-for-the-2026-27-el-nino-1786975502957/will-the-peak-roni-for-the-202627-el-nino-be-below-1pt5,,0.001,0.0005,20,1228.96981,89274580051268000555967992535786782082358264627474153448058200692256355613045,2027-04-01T03:59:00Z,2027-04-01T03:59:00Z,open,2026-09-09T16:54:10+00:00
spread,KXHIGHAUS-26SEP09-B102.5|0xfc208e104f0aff590d389402b003c75cc67404829f4de7efd8577bca2315f907,"Will the maximum temperature be 102-103° on Sep 9, 2026?",102° to 103°,"Highest temperature in Austin on Sep 9, 2026?",1,auto,-1.5,1.5,-6,,0.14,-6.14,KXHIGHAUS-26SEP09-B102.5,"Will the maximum temperature be 102-103° on Sep 9, 2026?",102° to 103°,https://kalshi.com/markets/kxhighaus/highest-temperature-in-austin/kxhighaus-26sep09,0.02,0.03,0.025,2564.4,1918.98,0,2026-09-10T06:00:00Z,CLIAUS,0xfc208e104f0aff590d389402b003c75cc67404829f4de7efd8577bca2315f907,Will the highest temperature in Austin be between 102-103°F on September 9?,102-103°F,https://polymarket.com/event/highest-temperature-in-austin-on-september-9-2026/highest-temperature-in-austin-on-september-9-2026-102-103f,,0.08,0.04,251.1576,297.772,94382320808546459233438800533857589015035688091376149079534330051100988269880,2026-09-09T12:00:00Z,2026-09-09T12:00:00Z,open,2026-09-09T16:54:10+00:00
spread,KXHIGHTATL-26SEP09-B94.5|0x53aabec38451c4c02b1a2f5573a4e833d6854bf5ca96d812dbdae5fad37482c1,"Will the maximum temperature be 94-95° on Sep 9, 2026?",94° to 95°,"Highest temperature in Atlanta on Sep 9, 2026?",1,auto,1,1,0.4,yes_polymarket_no_kalshi,0.07,0.33,KXHIGHTATL-26SEP09-B94.5,"Will the maximum temperature be 94-95° on Sep 9, 2026?",94° to 95°,https://kalshi.com/markets/kxhightatl/atlanta-max-temperature/kxhightatl-26sep09,0.01,0.02,0.015,868.81,673.81,0,2026-09-10T05:00:00Z,CLIATL,0x53aabec38451c4c02b1a2f5573a4e833d6854bf5ca96d812dbdae5fad37482c1,Will the highest temperature in Atlanta be between 94-95°F on September 9?,94-95°F,https://polymarket.com/event/highest-temperature-in-atlanta-on-september-9-2026/highest-temperature-in-atlanta-on-september-9-2026-94-95f,0.004,0.006,0.005,696.7272,646.06395,30155250242780526225635515973441766301866565179354017484245658648696663554475,2026-09-09T12:00:00Z,2026-09-09T12:00:00Z,open,2026-09-09T16:54:10+00:00
spread,KXHIGHTSEA-26SEP09-B74.5|0x20dee15f246709fdf77ef6ae1236eb80ec4084f01cbc4949435afc04f753da49,"Will the maximum temperature be 74-75° on Sep 9, 2026?",74° to 75°,"Highest temperature in Seattle on Sep 9, 2026?",1,auto,-1,1,-1,,0.27,-1.27,KXHIGHTSEA-26SEP09-B74.5,"Will the maximum temperature be 74-75° on Sep 9, 2026?",74° to 75°,https://kalshi.com/markets/kxhightsea/seattle-maximum-temperature-daily/kxhightsea-26sep09,0.02,0.04,0.03,710.25,540.18,0,2026-09-10T08:00:00Z,CLISEA,0x20dee15f246709fdf77ef6ae1236eb80ec4084f01cbc4949435afc04f753da49,Will the highest temperature in Seattle be between 74-75°F on September 9?,74-75°F,https://polymarket.com/event/highest-temperature-in-seattle-on-september-9-2026/highest-temperature-in-seattle-on-september-9-2026-74-75f,0.03,0.05,0.04,1577.7513319999994,699.9583,92841175262665853112702287026615063760356548980157989342255326933114245215147,2026-09-09T12:00:00Z,2026-09-09T12:00:00Z,open,2026-09-09T16:54:10+00:00
spread,KXHIGHDEN-26SEP10-B92.5|0xda6ccfe8b9427796ef3217b0efe394e5060a50ffb64c1197e29da69b8bf0f26c,"Will the maximum temperature be 92-93° on Sep 10, 2026?",92° to 93°,"Highest temperature in Denver on Sep 10, 2026?",1,auto,1,1,-1,,0.27,-1.27,KXHIGHDEN-26SEP10-B92.5,"Will the maximum temperature be 92-93° on Sep 10, 2026?",92° to 93°,https://kalshi.com/markets/kxhighden/highest-temperature-in-denver/kxhighden-26sep10,0.04,0.07,0.055,5.15,5.15,0,2026-09-11T07:00:00Z,CLIDEN,0xda6ccfe8b9427796ef3217b0efe394e5060a50ffb64c1197e29da69b8bf0f26c,Will the highest temperature in Denver be between 92-93°F on September 10?,92-93°F,https://polymarket.com/event/highest-temperature-in-denver-on-september-10-2026/highest-temperature-in-denver-on-september-10-2026-92-93f,0.04,0.05,0.045,494.177763,3544.8975,109454996053797220891590370708103766179060653019512301503440639622704614259933,2026-09-10T12:00:00Z,2026-09-10T12:00:00Z,open,2026-09-09T16:54:10+00:00
spread,KXHIGHTHOU-26SEP09-B88.5|0x75d41f7eaca7cb488e347659a6d32d952b2cbacd987988fe16825ea5bda62dbf,"Will the maximum temperature be 88-89° on Sep 9, 2026?",88° to 89°,"Highest temperature in Houston on Sep 9, 2026?",1,auto,1,1,-6,,1.42,-7.42,KXHIGHTHOU-26SEP09-B88.5,"Will the maximum temperature be 88-89° on Sep 9, 2026?",88° to 89°,https://kalshi.com/markets/kxhighthou/daily-high-temperature-houston/kxhighthou-26sep09,0.28,0.33,0.305,1707.81,1219.31,0,2026-09-10T06:00:00Z,CLIHOU,0x75d41f7eaca7cb488e347659a6d32d952b2cbacd987988fe16825ea5bda62dbf,Will the highest temperature in Houston be between 88-89°F on September 9?,88-89°F,https://polymarket.com/event/highest-temperature-in-houston-on-september-9-2026/highest-temperature-in-houston-on-september-9-2026-88-89f,0.25,0.34,0.295,2467.6158920000003,135.9218,98465132239162975556866346311579066905749728017606799888758777612216764380796,2026-09-09T12:00:00Z,2026-09-09T12:00:00Z,open,2026-09-09T16:54:10+00:00
spread,KXHIGHCHI-26SEP09-B84.5|0x83bf51ef2dc73cf4f9a4b3eb7b2c560f19c748490acc5d880bb14d7840730de8,"Will the maximum temperature be 84-85° on Sep 9, 2026?",84° to 85°,"Highest temperature in Chicago on Sep 9, 2026?",1,auto,0.85,0.85,-0.8,,0.07,-0.87,KXHIGHCHI-26SEP09-B84.5,"Will the maximum temperature be 84-85° on Sep 9, 2026?",84° to 85°,https://kalshi.com/markets/kxhighchi/highest-temperature-in-chicago/kxhighchi-26sep09,0.01,0.03,0.02,3049.8,2416.15,0,2026-09-10T06:00:00Z,CLIMDW,0x83bf51ef2dc73cf4f9a4b3eb7b2c560f19c748490acc5d880bb14d7840730de8,Will the highest temperature in Chicago be between 84-85°F on September 9?,84-85°F,https://polymarket.com/event/highest-temperature-in-chicago-on-september-9-2026/highest-temperature-in-chicago-on-september-9-2026-84-85f,0.005,0.018,0.0115,2060.1653170000004,1129.89517,15387742707777475037356701306331042327477366613292640311219235206899766511914,2026-09-09T12:00:00Z,2026-09-09T12:00:00Z,open,2026-09-09T16:54:10+00:00
spread,KXLOWTNYC-26SEP09-B64.5|0x5e1d118f2855e179ccf63c66984d42cfad0ef7596fdc5968bc98f35421ba37f4,"Will the minimum temperature be 64-65° on Sep 9, 2026?",64° to 65°,"Lowest temperature in New York City on Sep 9, 2026?",1,auto,0.75,0.75,-0.5,,0,-0.5,KXLOWTNYC-26SEP09-B64.5,"Will the minimum temperature be 64-65° on Sep 9, 2026?",64° to 65°,https://kalshi.com/markets/kxlowtnyc/lowest-temperature-in-nyc/kxlowtnyc-26sep09,0,0.02,0.01,634.67,572.77,0,2026-09-10T05:00:00Z,CLINYC,0x5e1d118f2855e179ccf63c66984d42cfad0ef7596fdc5968bc98f35421ba37f4,Will the lowest temperature in New York City be between 64-65°F on September 9?,64-65°F,https://polymarket.com/event/lowest-temperature-in-nyc-on-september-9-2026/lowest-temperature-in-nyc-on-september-9-2026-64-65f,,0.005,0.0025,365.72754,718.76375,91702620729755327029584746915489725122019564664149153138021375192866969193282,2026-09-09T12:00:00Z,2026-09-09T12:00:00Z,open,2026-09-09T16:54:10+00:00
spread,KXRAIN-26SEP09-MIA|0xda939a47f8256a3ee63efe4b0d367e5eff676b0b9a81d9aa9c1de574b0941de8,"Will it rain in Miami on Sep 9, 2026?",Miami,"Where will it rain on Sep 9, 2026?",0.5,auto,0.55,0.55,-0.9,,0.07,-0.97,KXRAIN-26SEP09-MIA,"Will it rain in Miami on Sep 9, 2026?",Miami,https://kalshi.com/markets/kxrain/where-will-it-rain-daily/kxrain-26sep09,0.99,1,0.995,23432.79,14556.89,0,2026-09-10T05:00:00Z,,0xda939a47f8256a3ee63efe4b0d367e5eff676b0b9a81d9aa9c1de574b0941de8,"Will it rain in Miami, FL on September 9?","Miami, FL",https://polymarket.com/event/where-will-it-rain-on-september-9-2026/where-will-it-rain-on-september-9-2026-miami-fl,0.98,0.999,0.9895,189.98000000000002,324.41449,63077805093520873555410436433165519881445710908610191933985775507187900177964,2026-09-10T18:00:00Z,2026-09-10T05:00:00Z,open,2026-09-09T16:54:10+00:00
spread,KXHIGHTHOU-26SEP09-B94.5|0x307e6701e07a298089ae488b925ba6affbd307a70c804a47cfc2cf2ec629e274,"Will the maximum temperature be 94-95° on Sep 9, 2026?",94° to 95°,"Highest temperature in Houston on Sep 9, 2026?",1,auto,0.5,0.5,-1,,0.07,-1.07,KXHIGHTHOU-26SEP09-B94.5,"Will the maximum temperature be 94-95° on Sep 9, 2026?",94° to 95°,https://kalshi.com/markets/kxhighthou/daily-high-temperature-houston/kxhighthou-26sep09,0.01,0.02,0.015,1864.33,1500.88,0,2026-09-10T06:00:00Z,CLIHOU,0x307e6701e07a298089ae488b925ba6affbd307a70c804a47cfc2cf2ec629e274,Will the highest temperature in Houston be between 94-95°F on September 9?,94-95°F,https://polymarket.com/event/highest-temperature-in-houston-on-september-9-2026/highest-temperature-in-houston-on-september-9-2026-94-95f,,0.02,0.01,891.9035,559.4983,87154652918527221681034668342595651596281477761613164874374596173183905328110,2026-09-09T12:00:00Z,2026-09-09T12:00:00Z,open,2026-09-09T16:54:10+00:00
spread,KXHIGHTATL-26SEP10-B96.5|0x43cf2490bca4f37c55bd53dc3fdcc64817d2ef9e8ae5e833262781e99853f529,"Will the maximum temperature be 96-97° on Sep 10, 2026?",96° to 97°,"Highest temperature in Atlanta on Sep 10, 2026?",1,auto,0.5,0.5,-1,,0.07,-1.07,KXHIGHTATL-26SEP10-B96.5,"Will the maximum temperature be 96-97° on Sep 10, 2026?",96° to 97°,https://kalshi.com/markets/kxhightatl/atlanta-max-temperature/kxhightatl-26sep10,0.01,0.02,0.015,155.18,155.18,0,2026-09-11T05:00:00Z,CLIATL,0x43cf2490bca4f37c55bd53dc3fdcc64817d2ef9e8ae5e833262781e99853f529,Will the highest temperature in Atlanta be between 96-97°F on September 10?,96-97°F,https://polymarket.com/event/highest-temperature-in-atlanta-on-september-10-2026/highest-temperature-in-atlanta-on-september-10-2026-96-97f,,0.02,0.01,525,3004.4094,46085355161580906035557081739043563873475715466790964068653222165156454810267,2026-09-10T12:00:00Z,2026-09-10T12:00:00Z,open,2026-09-09T16:54:10+00:00
spread,KXHIGHNY-26SEP09-B88.5|0xfa4222522026ac0d4ef9e9d6d70414ba3a9cd4c4836e6064aefd0c2cf4c29668,"Will the maximum temperature be 88-89° on Sep 9, 2026?",88° to 89°,"Highest temperature in New York City on Sep 9, 2026?",1,auto,-0.5,0.5,-2,,0,-2,KXHIGHNY-26SEP09-B88.5,"Will the maximum temperature be 88-89° on Sep 9, 2026?",88° to 89°,https://kalshi.com/markets/kxhighny/highest-temperature-in-nyc/kxhighny-26sep09,0,0.01,0.005,2333.62,2397.16,0,2026-09-10T05:00:00Z,CLINYC,0xfa4222522026ac0d4ef9e9d6d70414ba3a9cd4c4836e6064aefd0c2cf4c29668,Will the highest temperature in New York City be between 88-89°F on September 9?,88-89°F,https://polymarket.com/event/highest-temperature-in-nyc-on-september-9-2026/highest-temperature-in-nyc-on-september-9-2026-88-89f,,0.02,0.01,1520.5181000000002,487.7776,90406173358863362591927117959114939325646379895229586264484463014435946584750,2026-09-09T12:00:00Z,2026-09-09T12:00:00Z,open,2026-09-09T16:54:10+00:00
spread,KXHIGHTSFO-26SEP10-B76.5|0xd5ca580a16921d67d39a96c1574d6f45bdb49767dda5d7234aac7554dbd58f65,"Will the maximum temperature be 76-77° on Sep 10, 2026?",76° to 77°,"Highest temperature in San Francisco on Sep 10, 2026?",1,auto,0.5,0.5,-2,,0.4,-2.4,KXHIGHTSFO-26SEP10-B76.5,"Will the maximum temperature be 76-77° on Sep 10, 2026?",76° to 77°,https://kalshi.com/markets/kxhightsfo/san-francisco-high-temperature-daily/kxhightsfo-26sep10,0.06,0.07,0.065,79.48,79.48,0,2026-09-11T08:00:00Z,CLISFO,0xd5ca580a16921d67d39a96c1574d6f45bdb49767dda5d7234aac7554dbd58f65,Will the highest temperature in San Francisco be between 76-77°F on September 10?,76-77°F,https://polymarket.com/event/highest-temperature-in-san-francisco-on-september-10-2026/highest-temperature-in-san-francisco-on-september-10-2026-76-77f,0.04,0.08,0.06,809.837368,3397.0466,91056497491419823096636648113938213388616372201254492095329430562852461979022,2026-09-10T12:00:00Z,2026-09-10T12:00:00Z,open,2026-09-09T16:54:10+00:00
spread,KXHIGHTHOU-26SEP09-B92.5|0x0afae26f98016659731e6cd559011a1dbe44472557d7318b3f3a3af8aee0bced,"Will the maximum temperature be 92-93° on Sep 9, 2026?",92° to 93°,"Highest temperature in Houston on Sep 9, 2026?",1,auto,-0.5,0.5,-2,,0.85,-2.85,KXHIGHTHOU-26SEP09-B92.5,"Will the maximum temperature be 92-93° on Sep 9, 2026?",92° to 93°,https://kalshi.com/markets/kxhighthou/daily-high-temperature-houston/kxhighthou-26sep09,0.13,0.14,0.135,3774.36,2786.17,0,2026-09-10T06:00:00Z,CLIHOU,0x0afae26f98016659731e6cd559011a1dbe44472557d7318b3f3a3af8aee0bced,Will the highest temperature in Houston be between 92-93°F on September 9?,92-93°F,https://polymarket.com/event/highest-temperature-in-houston-on-september-9-2026/highest-temperature-in-houston-on-september-9-2026-92-93f,0.12,0.16,0.14,3360.0773890000005,227.4049,28449111946472379985557218190019847869422522120317310827999260214877028014379,2026-09-09T12:00:00Z,2026-09-09T12:00:00Z,open,2026-09-09T16:54:10+00:00
spread,KXLOWTDEN-26SEP09-B58.5|0x5a8734b1d6c37f83568e771992ba1f4223468e313bd3a343c9af65f00cd379a0,"Will the minimum temperature be 58-59° on Sep 9, 2026?",58° to 59°,"Lowest temperature in Denver on Sep 9, 2026?",1,auto,0.45,0.45,-0.1,,0,-0.1,KXLOWTDEN-26SEP09-B58.5,"Will the minimum temperature be 58-59° on Sep 9, 2026?",58° to 59°,https://kalshi.com/markets/kxlowtden/lowest-temperature-in-denver/kxlowtden-26sep09,0,0.01,0.005,732.39,496.02,0,2026-09-10T07:00:00Z,CLIDEN,0x5a8734b1d6c37f83568e771992ba1f4223468e313bd3a343c9af65f00cd379a0,Will the lowest temperature in Denver be between 58-59°F on September 9?,58-59°F,https://polymarket.com/event/lowest-temperature-in-denver-on-september-9-2026/lowest-temperature-in-denver-on-september-9-2026-58-59f,,0.001,0.0005,57.9,6193.51063,98449235025985744099529680387616426736298653628270801077161162498730490878530,2026-09-09T12:00:00Z,2026-09-09T12:00:00Z,open,2026-09-09T16:54:10+00:00
spread,KXLOWTDEN-26SEP09-B60.5|0xb049733d156c127b1c1b305cb167d4975a67879c3aa6d12db99e074f7850e21e,"Will the minimum temperature be 60-61° on Sep 9, 2026?",60° to 61°,"Lowest temperature in Denver on Sep 9, 2026?",1,auto,0.45,0.45,-0.1,,0,-0.1,KXLOWTDEN-26SEP09-B60.5,"Will the minimum temperature be 60-61° on Sep 9, 2026?",60° to 61°,https://kalshi.com/markets/kxlowtden/lowest-temperature-in-denver/kxlowtden-26sep09,0,0.01,0.005,424,416,0,2026-09-10T07:00:00Z,CLIDEN,0xb049733d156c127b1c1b305cb167d4975a67879c3aa6d12db99e074f7850e21e,Will the lowest temperature in Denver be between 60-61°F on September 9?,60-61°F,https://polymarket.com/event/lowest-temperature-in-denver-on-september-9-2026/lowest-temperature-in-denver-on-september-9-2026-60-61f,,0.001,0.0005,50,6192.02938,38758669978407146172875366815262814845442003272729497809266800556846992089025,2026-09-09T12:00:00Z,2026-09-09T12:00:00Z,open,2026-09-09T16:54:10+00:00
spread,KXLOWTCHI-26SEP09-B74.5|0x0c6923f8e9fe419f18a8a36148786497b09b50e9948968b4c899061676aa4813,"Will the minimum temperature be 74-75° on Sep 9, 2026?",74° to 75°,"Lowest temperature in Chicago on Sep 9, 2026?",1,auto,0.45,0.45,-0.1,,0,-0.1,KXLOWTCHI-26SEP09-B74.5,"Will the minimum temperature be 74-75° on Sep 9, 2026?",74° to 75°,https://kalshi.com/markets/kxlowtchi/lowest-temperature-chicago/kxlowtchi-26sep09,0,0.01,0.005,945.89,557.85,0,2026-09-10T06:00:00Z,CLIMDW,0x0c6923f8e9fe419f18a8a36148786497b09b50e9948968b4c899061676aa4813,Will the lowest temperature in Chicago be between 74-75°F on September 9?,74-75°F,https://polymarket.com/event/lowest-temperature-in-chicago-on-september-9-2026/lowest-temperature-in-chicago-on-september-9-2026-74-75f,,0.001,0.0005,35,6172.55194,104652288808835653389054105057648380011282743952800613812143713077280515688035,2026-09-09T12:00:00Z,2026-09-09T12:00:00Z,open,2026-09-09T16:54:10+00:00
spread,KXHIGHTATL-26SEP09-T95|0x21ba02f72463f692c445c82d657a664420eccc7aa36b8aa03bec1cc4254bb4cc,"Will the maximum temperature be >95° on Sep 9, 2026?",96° or above,"Highest temperature in Atlanta on Sep 9, 2026?",1,auto,0.35,0.35,-0.2,,0,-0.2,KXHIGHTATL-26SEP09-T95,"Will the maximum temperature be >95° on Sep 9, 2026?",96° or above,https://kalshi.com/markets/kxhightatl/atlanta-max-temperature/kxhightatl-26sep09,0,0.01,0.005,93.51,281.51,0,2026-09-10T05:00:00Z,CLIATL,0x21ba02f72463f692c445c82d657a664420eccc7aa36b8aa03bec1cc4254bb4cc,Will the highest temperature in Atlanta be 96°F or higher on September 9?,96°F or higher,https://polymarket.com/event/highest-temperature-in-atlanta-on-september-9-2026/highest-temperature-in-atlanta-on-september-9-2026-96forhigher,0.001,0.002,0.0015,174.228,1519.49611,61160766622321154604051710982094964749750015166966276030704861975647282013489,2026-09-09T12:00:00Z,2026-09-09T12:00:00Z,open,2026-09-09T16:54:10+00:00
spread,KXLOWTNYC-26SEP09-T62|0x47f04b78b00014e56e1bf5223fbe0970f9c3eba5884d8ee47040c99afe063e2b,"Will the minimum temperature be <62° on Sep 9, 2026?",61° or below,"Lowest temperature in New York City on Sep 9, 2026?",1,auto,0.35,0.35,-0.3,,0,-0.3,KXLOWTNYC-26SEP09-T62,"Will the minimum temperature be <62° on Sep 9, 2026?",61° or below,https://kalshi.com/markets/kxlowtnyc/lowest-temperature-in-nyc/kxlowtnyc-26sep09,0,0.01,0.005,109.82,175,0,2026-09-10T05:00:00Z,CLINYC,0x47f04b78b00014e56e1bf5223fbe0970f9c3eba5884d8ee47040c99afe063e2b,Will the lowest temperature in New York City be 61°F or below on September 9?,61°F or below,https://polymarket.com/event/lowest-temperature-in-nyc-on-september-9-2026/lowest-temperature-in-nyc-on-september-9-2026-61forbelow,,0.003,0.0015,231.719239,1061.87273,41081328052277188176194355292677480686616522954395949176897542279649359024627,2026-09-09T12:00:00Z,2026-09-09T12:00:00Z,open,2026-09-09T16:54:10+00:00
spread,KXHIGHNY-26SEP09-B90.5|0x5081b8002049052aa020a62289fecaed0c2ba76b539fc958238847fd6be388da,"Will the maximum temperature be 90-91° on Sep 9, 2026?",90° to 91°,"Highest temperature in New York City on Sep 9, 2026?",1,auto,0.35,0.35,-0.3,,0,-0.3,KXHIGHNY-26SEP09-B90.5,"Will the maximum temperature be 90-91° on Sep 9, 2026?",90° to 91°,https://kalshi.com/markets/kxhighny/highest-temperature-in-nyc/kxhighny-26sep09,0,0.01,0.005,1019.54,1180.79,0,2026-09-10T05:00:00Z,CLINYC,0x5081b8002049052aa020a62289fecaed0c2ba76b539fc958238847fd6be388da,Will the highest temperature in New York City be between 90-91°F on September 9?,90-91°F,https://polymarket.com/event/highest-temperature-in-nyc-on-september-9-2026/highest-temperature-in-nyc-on-september-9-2026-90-91f,,0.003,0.0015,1879.9750000000004,1269.04816,17423114140461504627660381253836185633868430118797563745281100399654458587979,2026-09-09T12:00:00Z,2026-09-09T12:00:00Z,open,2026-09-09T16:54:10+00:00
spread,KXLOWTLAX-26SEP09-B68.5|0xe28bfd1a015238e739897f3fc3e9c6c8aef997e88f956d8565612864829635f4,"Will the minimum temperature be 68-69° on Sep 9, 2026?",68° to 69°,"Lowest temperature in Los Angeles on Sep 9, 2026?",1,auto,-0.3,0.3,-1.6,,0,-1.6,KXLOWTLAX-26SEP09-B68.5,"Will the minimum temperature be 68-69° on Sep 9, 2026?",68° to 69°,https://kalshi.com/markets/kxlowtlax/lowest-temperature-in-la/kxlowtlax-26sep09,0,0.01,0.005,297.84,299.84,0,2026-09-10T08:00:00Z,CLILAX,0xe28bfd1a015238e739897f3fc3e9c6c8aef997e88f956d8565612864829635f4,Will the lowest temperature in Los Angeles be between 68-69°F on September 9?,68-69°F,https://polymarket.com/event/lowest-temperature-in-los-angeles-on-september-9-2026/lowest-temperature-in-los-angeles-on-september-9-2026-68-69f,,0.016,0.008,34.997,423.80404,75374711445182135370373266957844555360719219991110587001048018692250372622919,2026-09-09T12:00:00Z,2026-09-09T12:00:00Z,open,2026-09-09T16:54:10+00:00
spread,KXHIGHCHI-26SEP09-B86.5|0x42ab9ed057c08352a42889c6d2504d251716f138e47a1be531d968e79c6703ec,"Will the maximum temperature be 86-87° on Sep 9, 2026?",86° to 87°,"Highest temperature in Chicago on Sep 9, 2026?",1,auto,0.25,0.25,-0.4,,0,-0.4,KXHIGHCHI-26SEP09-B86.5,"Will the maximum temperature be 86-87° on Sep 9, 2026?",86° to 87°,https://kalshi.com/markets/kxhighchi/highest-temperature-in-chicago/kxhighchi-26sep09,0,0.01,0.005,1323.84,1101.56,0,2026-09-10T06:00:00Z,CLIMDW,0x42ab9ed057c08352a42889c6d2504d251716f138e47a1be531d968e79c6703ec,Will the highest temperature in Chicago be between 86-87°F on September 9?,86-87°F,https://polymarket.com/event/highest-temperature-in-chicago-on-september-9-2026/highest-temperature-in-chicago-on-september-9-2026-86-87f,0.001,0.004,0.0025,1946.4023000000002,1708.83785,32323719229871818764706970857804018127787014832822886315782039360374470624310,2026-09-09T12:00:00Z,2026-09-09T12:00:00Z,open,2026-09-09T16:54:10+00:00
spread,KXLOWTNYC-26SEP09-B62.5|0x6546738571817b73e820709c97a44983acc567b55c2b6eb3a693c3173dd9f6da,"Will the minimum temperature be 62-63° on Sep 9, 2026?",62° to 63°,"Lowest temperature in New York City on Sep 9, 2026?",1,auto,0.25,0.25,-0.5,,0,-0.5,KXLOWTNYC-26SEP09-B62.5,"Will the minimum temperature be 62-63° on Sep 9, 2026?",62° to 63°,https://kalshi.com/markets/kxlowtnyc/lowest-temperature-in-nyc/kxlowtnyc-26sep09,0,0.01,0.005,984.49,933.28,0,2026-09-10T05:00:00Z,CLINYC,0x6546738571817b73e820709c97a44983acc567b55c2b6eb3a693c3173dd9f6da,Will the lowest temperature in New York City be between 62-63°F on September 9?,62-63°F,https://polymarket.com/event/lowest-temperature-in-nyc-on-september-9-2026/lowest-temperature-in-nyc-on-september-9-2026-62-63f,,0.005,0.0025,296.738195,430.7111,112001682129059670762623266827506663950210868194992305493908402307967138949514,2026-09-09T12:00:00Z,2026-09-09T12:00:00Z,open,2026-09-09T16:54:10+00:00
spread,KXLOWTNYC-26SEP09-B66.5|0xb146b31a8a4f04502e15aa5bae4f682b1cc226988bcaba34a927c37189fe62a5,"Will the minimum temperature be 66-67° on Sep 9, 2026?",66° to 67°,"Lowest temperature in New York City on Sep 9, 2026?",1,auto,0.2,0.2,-0.5,,0,-0.5,KXLOWTNYC-26SEP09-B66.5,"Will the minimum temperature be 66-67° on Sep 9, 2026?",66° to 67°,https://kalshi.com/markets/kxlowtnyc/lowest-temperature-in-nyc/kxlowtnyc-26sep09,0,0.01,0.005,2961.2,2249.2,0,2026-09-10T05:00:00Z,CLINYC,0xb146b31a8a4f04502e15aa5bae4f682b1cc226988bcaba34a927c37189fe62a5,Will the lowest temperature in New York City be between 66-67°F on September 9?,66-67°F,https://polymarket.com/event/lowest-temperature-in-nyc-on-september-9-2026/lowest-temperature-in-nyc-on-september-9-2026-66-67f,0.001,0.005,0.003,678.637043,604.98111,55472734389461792639419704808414252611292536271822924589150455301264621736061,2026-09-09T12:00:00Z,2026-09-09T12:00:00Z,open,2026-09-09T16:54:10+00:00
spread,KXHIGHTDAL-26SEP09-B104.5|0xf4d5d7bf197bba87e39326fd2f5b2449cbeed38e82a034a03919bf734abddef9,"Will the maximum temperature be 104-105° on Sep 9, 2026?",104° to 105°,"Highest temperature in Dallas on Sep 9, 2026?",1,auto,0.1,0.1,-0.6,,0,-0.6,KXHIGHTDAL-26SEP09-B104.5,"Will the maximum temperature be 104-105° on Sep 9, 2026?",104° to 105°,https://kalshi.com/markets/kxhightdal/dallas-maximum-temperature/kxhightdal-26sep09,0,0.01,0.005,715.01,711.01,0,2026-09-10T06:00:00Z,CLIDFW,0xf4d5d7bf197bba87e39326fd2f5b2449cbeed38e82a034a03919bf734abddef9,Will the highest temperature in Dallas be between 104-105°F on September 9?,104-105°F,https://polymarket.com/event/highest-temperature-in-dallas-on-september-9-2026/highest-temperature-in-dallas-on-september-9-2026-104-105f,0.002,0.006,0.004,844.706667,583.86676,49165900402022227467272858573658562783363185657078381059655515247862122981104,2026-09-09T12:00:00Z,2026-09-09T12:00:00Z,open,2026-09-09T16:54:10+00:00
spread,KXLOWTSEA-26SEP09-B48.5|0xa54cc572044dd36d630e84cd6f7ba994c0d7ca06c46f8c995337a74f1022905b,"Will the minimum temperature be 48-49° on Sep 9, 2026?",48° to 49°,"Lowest temperature in Seattle on Sep 9, 2026?",1,auto,0.1,0.1,-0.8,,0,-0.8,KXLOWTSEA-26SEP09-B48.5,"Will the minimum temperature be 48-49° on Sep 9, 2026?",48° to 49°,https://kalshi.com/markets/kxlowtsea/low-temperature-seattle/kxlowtsea-26sep09,0,0.01,0.005,136.63,136.63,0,2026-09-10T08:00:00Z,CLISEA,0xa54cc572044dd36d630e84cd6f7ba994c0d7ca06c46f8c995337a74f1022905b,Will the lowest temperature in Seattle be between 48-49°F on September 9?,48-49°F,https://polymarket.com/event/lowest-temperature-in-seattle-on-september-9-2026/lowest-temperature-in-seattle-on-september-9-2026-48-49f,,0.008,0.004,19.994,746.40844,9958882550675547939750265782593144314445046147173866390321716354603369190686,2026-09-09T12:00:00Z,2026-09-09T12:00:00Z,open,2026-09-09T16:54:10+00:00
spread,KXLOWTSEA-26SEP09-T48|0x1d259c7cfc95aff27d1e2c4db993877f3d99be568541088ad3138afad466d1ce,"Will the minimum temperature be <48° on Sep 9, 2026?",47° or below,"Lowest temperature in Seattle on Sep 9, 2026?",1,auto,0.05,0.05,-0.9,,0,-0.9,KXLOWTSEA-26SEP09-T48,"Will the minimum temperature be <48° on Sep 9, 2026?",47° or below,https://kalshi.com/markets/kxlowtsea/low-temperature-seattle/kxlowtsea-26sep09,0,0.01,0.005,56.63,86.63,0,2026-09-10T08:00:00Z,CLISEA,0x1d259c7cfc95aff27d1e2c4db993877f3d99be568541088ad3138afad466d1ce,Will the lowest temperature in Seattle be 47°F or below on September 9?,47°F or below,https://polymarket.com/event/lowest-temperature-in-seattle-on-september-9-2026/lowest-temperature-in-seattle-on-september-9-2026-47forbelow,,0.009,0.0045,25.3,676.15608,90946966964760907112819069511089058452647416558920003919964483307560885554691,2026-09-09T12:00:00Z,2026-09-09T12:00:00Z,open,2026-09-09T16:54:10+00:00
spread,KXHIGHTSFO-26SEP09-B86.5|0x42dd84a37f536f8ee22b47e9e98e7faf90f721b73c2ce4b270b4d82962874c53,"Will the maximum temperature be 86-87° on Sep 9, 2026?",86° to 87°,"Highest temperature in San Francisco on Sep 9, 2026?",1,auto,0,0,-5,,0.21,-5.21,KXHIGHTSFO-26SEP09-B86.5,"Will the maximum temperature be 86-87° on Sep 9, 2026?",86° to 87°,https://kalshi.com/markets/kxhightsfo/san-francisco-high-temperature-daily/kxhightsfo-26sep09,0.03,0.08,0.055,2932.25,2342.13,0,2026-09-10T08:00:00Z,CLISFO,0x42dd84a37f536f8ee22b47e9e98e7faf90f721b73c2ce4b270b4d82962874c53,Will the highest temperature in San Francisco be between 86-87°F on September 9?,86-87°F,https://polymarket.com/event/highest-temperature-in-san-francisco-on-september-9-2026/highest-temperature-in-san-francisco-on-september-9-2026-86-87f,0.03,0.08,0.055,3513.588004999999,304.3114,5913347093227368758621703798367619139517904662084883943004808990297208379940,2026-09-09T12:00:00Z,2026-09-09T12:00:00Z,open,2026-09-09T16:54:10+00:00
